timestamp,episode,openness,conscientiousness,extraversion,agreeableness,neuroticism,stress,satisfaction,social_energy,total_reward
2026-04-20 22:16:16.385,0,0.5,0.5,0.5,0.5,0.5,0.0000,0.0000,0.0000,0.000
2026-04-20 22:16:16.516,1,0.5032597067479551,0.5012077653983641,0.499448058650409,0.5022402932520449,0.4926883519024539,0.7000,0.7000,0.2500,7.741
2026-04-20 22:16:16.584,2,0.5033665639986107,0.5003383293616606,0.4997588161285615,0.5076363852358776,0.48899340442648587,0.5000,0.9000,0.0500,2.444
2026-04-20 22:16:16.629,3,0.5031273978701714,0.49932817948081076,0.500191497783692,0.513258185956776,0.48574904843267863,0.4500,1.0000,0.2500,5.208
2026-04-20 22:16:16.678,4,0.5026999915036666,0.5003689400303486,0.49958684384151686,0.516662622360744,0.48056736500405284,0.3000,1.0000,0.1000,4.825
2026-04-20 22:16:16.709,5,0.5023194779635815,0.5038829032663452,0.49754651547326034,0.5170572975838996,0.4728351052824667,0.4500,0.5500,-0.1500,2.651
2026-04-20 22:16:16.739,6,0.5019690238559926,0.5096729951187137,0.49419408331178794,0.5146935052618334,0.4627707259515387,0.1000,0.8000,0.1000,4.802
2026-04-20 22:16:16.767,7,0.5016640608192191,0.5153828052651522,0.4908655223598301,0.5122472231987701,0.45288486572038833,0.2000,1.0000,0.3000,4.722
2026-04-20 22:16:16.798,8,0.501425815354129,0.5209213211071977,0.4875984391160442,0.5097975713568251,0.4432572021757857,0.1000,1.0000,0.3500,7.348
2026-04-20 22:16:16.835,9,0.5012492150945529,0.5262936814739818,0.4843930364751977,0.5073487452813901,0.43388203664314695,0.1500,1.0000,0.1000,7.715
2026-04-20 22:16:16.868,10,0.5011144487188355,0.5315048710297624,0.48125943866286236,0.5049246694867895,0.4247637688257731,0.0500,1.0000,0.1000,3.053
2026-04-20 22:16:16.905,11,0.5010198705630453,0.5365597248988695,0.4781957519657932,0.5025251223278193,0.4158949522238166,0.3000,1.0000,0.1000,8.147
2026-04-20 22:16:16.923,12,0.5009774620843457,0.5414629331519034,0.4751910876480249,0.5001317851403958,0.4072593118983076,0.1500,1.0000,0.2500,4.921
2026-04-20 22:16:16.942,13,0.5009890738422967,0.5462190451573463,0.47224139793826325,0.497739917425542,0.39884757546103744,0.2000,1.0000,0.2000,4.712
2026-04-20 22:16:16.960,14,0.5010445332829315,0.5508324738026259,0.46935073489617957,0.4953608776949042,0.39065872709327054,0.3500,1.0000,0.3000,9.398
2026-04-20 22:16:16.979,15,0.5011337627693273,0.5553074995885471,0.46652316919270503,0.4930059640508788,0.38269192162388327,0.1500,0.9500,0.4000,3.573
2026-04-20 22:16:17.000,16,0.5012222946866038,0.5596482746008906,0.46377911091668633,0.4907190587288774,0.3749628007749292,0.5500,1.0000,0.0000,2.721
2026-04-20 22:16:17.021,17,0.5013386044335512,0.5638588263628639,0.46109708519748877,0.4884601821836171,0.36744526435998437,0.2500,1.0000,0.2500,5.569
2026-04-20 22:16:17.040,18,0.5014687898674368,0.5679430615719779,0.4584839435969693,0.486245918628919,0.3601416773845901,0.3500,0.7000,-0.1000,7.481
2026-04-20 22:16:17.059,19,0.5016088332636701,0.5719047697248186,0.4559400205608893,0.48407973161370954,0.3530480223348814,0.3000,1.0000,0.3000,4.528
2026-04-20 22:16:17.076,20,0.5017544573866444,0.5757476266330741,0.453465893863473,0.48196548750411916,0.3461606555842454,0.5000,1.0000,0.3500,6.417
2026-04-20 22:16:17.093,21,0.5019077106256961,0.5794751978340819,0.45105799240713484,0.4798986735981276,0.33947191127628407,0.6000,1.0000,0.2000,4.105
2026-04-20 22:16:17.113,22,0.5020769081289423,0.5830909418990594,0.44870863342024264,0.4778664749608275,0.3329701347233174,0.1000,0.9500,0.1500,1.727
2026-04-20 22:16:17.149,23,0.5022670725456585,0.5865982136420876,0.44641239331057914,0.4758605184978902,0.3266460495745616,0.5500,1.0000,0.2500,5.594
2026-04-20 22:16:17.171,24,0.5024731914347246,0.5900002672328251,0.4441706008009712,0.47388586152237233,0.3204972473770342,0.5000,1.0000,0.2500,5.421
2026-04-20 22:16:17.195,25,0.5026806961294848,0.5933002592158403,0.4419910158184074,0.4719603517596318,0.3145278629971885,-0.1000,1.0000,0.1500,5.595
2026-04-20 22:16:17.216,26,0.5028848432610953,0.596501251439365,0.43987490666685847,0.47008878385284947,0.3087356484302761,0.5000,0.8000,0.1500,4.593
2026-04-20 22:16:17.235,27,0.5030837619164332,0.5996062138961841,0.4378216834980722,0.4682721683997029,0.30311660300858734,0.0000,1.0000,0.3000,3.757
2026-04-20 22:16:17.249,28,0.5032750138751073,0.6026180274792986,0.435831189782352,0.46651231692615575,0.2976672617075517,0.1000,1.0000,0.2500,4.472
2026-04-20 22:16:17.269,29,0.5034675495172272,0.6055394866549196,0.43389573004996607,0.4647958993405403,0.29237671981740976,0.3500,0.8000,0.2500,4.956
2026-04-20 22:16:17.288,30,0.5036551876011386,0.6083733020552721,0.4320177484355149,0.4631298029344197,0.28724430850993526,0.4500,1.0000,0.2500,4.632
2026-04-20 22:16:17.307,31,0.5038482200067435,0.6111221029936139,0.43018875729335676,0.4614989914682018,0.28225852056554457,-0.1000,1.0000,0.1000,3.140
2026-04-20 22:16:17.321,32,0.5040409074733335,0.6137884399038055,0.4284110051966945,0.4599098429684326,0.27741867557071664,-0.0500,1.0000,0.2000,7.334
2026-04-20 22:16:17.336,33,0.5042337657956397,0.6163747867066913,0.4266826180097895,0.45836043361737133,0.272720058272591,0.0000,1.0000,0.2500,6.729
2026-04-20 22:16:17.351,34,0.5044302488435605,0.6188835431054905,0.4249998087883025,0.45684495924646357,0.26815612584321996,-0.1500,0.8500,0.0000,1.645
2026-04-20 22:16:17.376,35,0.504626686834201,0.6213170368123259,0.4233635842206886,0.45536714986113996,0.2637252117639585,0.1500,1.0000,0.0000,9.168
2026-04-20 22:16:17.387,36,0.5048234521482944,0.6236775257079561,0.421772299414655,0.45392538080647993,0.25942307813162685,0.3500,1.0000,0.1000,9.546
2026-04-20 22:16:17.398,37,0.5050228339890303,0.6259671999367175,0.42022307349542554,0.45251550550870595,0.25524432885088827,0.1500,1.0000,0.3000,8.640
2026-04-20 22:16:17.412,38,0.5052271941299109,0.628188183938616,0.41871301785019505,0.4511333134627093,0.2511836355449939,0.2500,1.0000,0.1000,6.595
2026-04-20 22:16:17.424,39,0.5054373674458874,0.6303425384204575,0.41724030122144,0.4497766618723296,0.2472368003853949,0.2000,0.8000,-0.0500,4.374
2026-04-20 22:16:17.437,40,0.5056539645394824,0.6324322622678438,0.4158032801068158,0.4484437378601976,0.243399884295852,0.4500,0.9000,0.2000,4.260
2026-04-20 22:16:17.451,41,0.5058816890918706,0.6344592943998084,0.4143976193778962,0.4471273010729615,0.23966632544126137,-0.1500,1.0000,0.2500,7.473
2026-04-20 22:16:17.462,42,0.5061179516438191,0.6364255155678141,0.41302388198008955,0.4458298644078331,0.23603452686155374,0.2000,1.0000,0.2000,3.554
2026-04-20 22:16:17.478,43,0.5063636418291655,0.6383327501007797,0.4116803463642463,0.4445493301627169,0.23250067189926651,0.4000,1.0000,0.3000,2.653
2026-04-20 22:16:17.494,44,0.506618054523182,0.6401827675977563,0.4103663880073912,0.44328575432598016,0.22906210377636088,0.4000,1.0000,0.4500,7.879
2026-04-20 22:16:17.511,45,0.5068802725182705,0.6419772845698236,0.4090815566133135,0.4420395021884888,0.22571640090921408,0.2500,0.9000,0.2000,7.305
2026-04-20 22:16:17.522,46,0.5071521721599686,0.6437179660327289,0.4078235713700833,0.44080724003317256,0.22245937033710686,0.5000,0.6500,-0.0500,5.852
2026-04-20 22:16:17.547,47,0.5074325722312197,0.645406427051747,0.40659222073828066,0.43958973585077715,0.21928894573629354,0.0000,1.0000,0.2500,6.208
2026-04-20 22:16:17.558,48,0.5077216336880674,0.6470442342401946,0.4053864283669427,0.43838599227687475,0.2162022516150152,0.1000,1.0000,0.4500,6.158
2026-04-20 22:16:17.569,49,0.508016740245268,0.6486329072129888,0.404206998470706,0.4371987384181117,0.21319834702133633,0.6500,1.0000,0.1500,4.177
2026-04-20 22:16:17.580,50,0.5083176815415799,0.6501739199965991,0.4030531595141382,0.43602751826067515,0.21027476760824965,0.4500,1.0000,0.0500,4.946
2026-04-20 22:16:17.592,51,0.5086256471359909,0.6516687023967012,0.40192323403494185,0.4348700313253104,0.2074281938862299,0.4000,0.8500,0.3000,7.831
2026-04-20 22:16:17.609,52,0.5089406698747814,0.6531186413248001,0.40081634224531343,0.43372554084839077,0.20465615330106285,0.2500,1.0000,0.2000,7.560
2026-04-20 22:16:17.624,53,0.5092589312018637,0.6545250820850561,0.39973419769573687,0.4325984660585047,0.2019588144198138,0.0500,1.0000,0.3000,3.214
2026-04-20 22:16:17.640,54,0.5095794102858262,0.6558893296225045,0.3986766737515191,0.4314895160500583,0.19933455197387376,0.0500,0.6500,-0.0500,4.395
2026-04-20 22:16:17.654,55,0.5099014425748915,0.6572126497338293,0.3976434304738802,0.4303989444383698,0.19678157234956417,-0.0500,1.0000,0.4000,7.474
2026-04-20 22:16:17.669,56,0.5102287843329748,0.6584962702418145,0.39663120420277703,0.4293211293914452,0.19429520182219048,-0.0500,1.0000,0.1500,6.660
2026-04-20 22:16:17.685,57,0.5105605144017954,0.65974138213456,0.3956398723441538,0.428256704044622,0.19187395003498486,0.4000,1.0000,0.3000,5.855
2026-04-20 22:16:17.700,58,0.5108951226550871,0.6609491406705232,0.39466972705026554,0.427207104676156,0.18951678241037165,0.0500,1.0000,0.1500,8.524
2026-04-20 22:16:17.721,59,0.5112318808725154,0.6621206664504076,0.39372056064070365,0.4261727423397635,0.18722220434000658,0.1000,0.8500,0.1500,6.713
2026-04-20 22:16:17.735,60,0.5115734673541557,0.6632570464568953,0.39278991521627205,0.4251495028591496,0.1849865096045959,0.0500,1.0000,0.4000,8.425
2026-04-20 22:16:17.752,61,0.5119185552740511,0.6643593350631884,0.39187802313277054,0.4241386285193484,0.18280871968944465,0.1500,0.6500,0.1500,6.425
2026-04-20 22:16:17.769,62,0.5122661100349125,0.6654285550112928,0.3909849414927321,0.4231409877716574,0.180687717152706,0.3000,1.0000,0.3000,5.939
2026-04-20 22:16:17.788,63,0.5126196290390312,0.666465698360954,0.3901077250445061,0.42215142173161957,0.17861941743468077,-0.0500,1.0000,0.3000,4.732
2026-04-20 22:16:17.804,64,0.512975022202506,0.6674717274101254,0.38924850527007376,0.42117490303347677,0.17660484688854322,0.2500,1.0000,0.2500,8.256
2026-04-20 22:16:17.818,65,0.5133294171334849,0.6684475755878216,0.38840861971393553,0.42021479514640037,0.1746442710838509,0.6000,1.0000,0.3500,6.594
2026-04-20 22:16:17.832,66,0.5136851817578765,0.669394148320187,0.3875859296969201,0.4192674884408136,0.17273451152573796,0.2000,1.0000,0.2000,5.951
2026-04-20 22:16:17.846,67,0.5140403881940288,0.6703123238705814,0.3867811772134201,0.41833511460240436,0.17087530158737343,0.2000,1.0000,0.3000,6.785
2026-04-20 22:16:17.861,68,0.5143947952044671,0.671202954154464,0.3859939961261781,0.41741756962265336,0.1690652967689128,0.3000,0.9500,0.1500,2.932
2026-04-20 22:16:17.876,69,0.5147449611255416,0.6720668655298301,0.3852261697242537,0.41651902949769576,0.16730533134770642,-0.0500,1.0000,0.2500,5.994
2026-04-20 22:16:17.896,70,0.515097372154443,0.6729048595639352,0.38447287805741437,0.4156304454625414,0.1655896648321635,0.4500,1.0000,0.4500,4.415
2026-04-20 22:16:17.911,71,0.5154454346159764,0.6737177137770172,0.3837380359649142,0.41476022059710965,0.16392131913642083,0.1500,1.0000,0.2500,8.119
2026-04-20 22:16:17.926,72,0.515789108590691,0.6745061823637066,0.38302120354383745,0.4139080312949378,0.16229898822019892,0.0000,1.0000,0.3000,8.113
2026-04-20 22:16:17.942,73,0.5161262372389205,0.6752709968927955,0.3823233661668889,0.41307638781482275,0.1607228173029595,0.3000,0.8000,-0.0500,6.767
2026-04-20 22:16:17.954,74,0.5164643388243285,0.6760128669860116,0.38163907271349845,0.4122549112436105,0.15918654031548696,0.2000,0.7000,-0.2500,5.060
2026-04-20 22:16:17.969,75,0.5168030612187554,0.6767324809764312,0.38096813215932235,0.4114437271607599,0.1576891757332512,0.3500,0.9000,-0.1000,5.184
2026-04-20 22:16:17.980,76,0.5171383289166853,0.6774305065471383,0.380312848504881,0.41064793596661375,0.15623226077159197,0.0000,1.0000,0.2000,6.401
2026-04-20 22:16:17.994,77,0.5174704977881314,0.6781075913507242,0.37967258389043684,0.4098667395690199,0.15481441378914648,0.1500,1.0000,0.3500,9.772
2026-04-20 22:16:18.007,78,0.5178021158008824,0.6787643636102024,0.3790452510761271,0.40909642678675606,0.15343282607787545,0.1500,0.8500,-0.1000,9.404
2026-04-20 22:16:18.026,79,0.5181320319054132,0.6794014327018963,0.37843124049147175,0.40833822787841034,0.15208718824316766,0.3000,0.9500,0.0000,5.249
2026-04-20 22:16:18.045,80,0.5184603164499841,0.6800193897208394,0.3778301396089054,0.40759175370641365,0.15077640892805044,-0.1500,0.9000,-0.2000,7.274
2026-04-20 22:16:18.056,81,0.5187855298669916,0.6806188080292143,0.3772425534803003,0.40685863721454535,0.14950043471987098,0.6500,0.5500,-0.0500,4.754
2026-04-20 22:16:18.072,82,0.5191076595980123,0.6812002437883379,0.376668146457871,0.4061386172620684,0.14825829126025455,0.2500,1.0000,0.3500,7.612
2026-04-20 22:16:18.084,83,0.5194214618241347,0.6817642364746878,0.3761100807214263,0.40543841605878933,0.14705252117973838,0.1000,1.0000,0.6000,4.340
2026-04-20 22:16:18.101,84,0.5197342105726334,0.6823113093804472,0.37556318323096843,0.4047480734393955,0.14587735047553116,0.5500,0.9500,0.0500,5.876
2026-04-20 22:16:18.115,85,0.520043348386889,0.6828419700990337,0.3750288449797496,0.404070745727634,0.14473358720697543,0.3000,1.0000,0.5000,9.195
2026-04-20 22:16:18.137,86,0.5203518720405934,0.6833567109960627,0.3745047635601497,0.4034021912153903,0.14361836352055882,0.1000,1.0000,0.1000,5.287
2026-04-20 22:16:18.155,87,0.5206534114452636,0.6838560096661808,0.3739948902760866,0.4027506647244113,0.1425350822376834,0.0000,1.0000,0.4000,5.729
2026-04-20 22:16:18.173,88,0.5209478329960616,0.6843403293761954,0.37349902763836673,0.4021161129238044,0.1414830138411156,0.0500,1.0000,0.4000,8.249
2026-04-20 22:16:18.194,89,0.5212376382306511,0.6848101194949096,0.37301522999290154,0.40149497590346195,0.14045969660956797,0.1000,1.0000,-0.1000,6.096
2026-04-20 22:16:18.210,90,0.5215269011061149,0.6852658159100623,0.3725405117448589,0.40088160392984695,0.13946164436302536,0.1500,0.9500,-0.1500,11.466
2026-04-20 22:16:18.231,91,0.5218152470415328,0.6857078414327604,0.37207486108011223,0.40027628518714975,0.1384883597197337,0.1000,0.6500,-0.1500,9.674
2026-04-20 22:16:18.246,92,0.5220985834546413,0.6861366061897776,0.3716207526981392,0.39968427153239594,0.13754184637857203,0.4000,1.0000,0.2500,7.014
2026-04-20 22:16:18.265,93,0.5223798072350107,0.6865525080040842,0.3711760092611893,0.39910150167441266,0.13661947013120918,0.0500,1.0000,0.1500,5.861
2026-04-20 22:16:18.280,94,0.5226591369549289,0.6869559327639616,0.3707402463587079,0.3985274913748888,0.13572040340262714,-0.0500,0.8500,0.2000,9.406
2026-04-20 22:16:18.297,95,0.5229311674121556,0.6873472547810427,0.37031683592403025,0.3979692605458094,0.13484758825663196,0.1000,0.8000,0.2500,7.241
2026-04-20 22:16:18.317,96,0.523201449230148,0.6877268371376115,0.369901852952738,0.3974192269422923,0.1339966827153616,-0.0500,1.0000,0.5000,11.278
2026-04-20 22:16:18.333,97,0.523470016735988,0.6880950320234832,0.36949505670899285,0.3968771688236975,0.13316704157873774,0.3000,1.0000,0.3500,8.259
2026-04-20 22:16:18.351,98,0.523734918164155,0.6884521810627787,0.3690975370542254,0.39634551785199124,0.13235936237787793,-0.1000,1.0000,0.2000,7.857
2026-04-20 22:16:18.367,99,0.5239891948044259,0.6887986156308954,0.3687137281524683,0.3958333867361708,0.13157769871641123,0.1500,1.0000,0.3000,5.477
2026-04-20 22:16:18.386,100,0.5242374107736264,0.6891346571619685,0.3683403884323387,0.39533452938297464,0.13081843987936337,0.0000,1.0000,0.4500,6.506
2026-04-20 22:16:18.401,101,0.5244816611901916,0.6894606174471095,0.36797592828618586,0.3948459965151201,0.1300796381897998,0.0500,1.0000,0.2500,8.062
2026-04-20 22:16:18.417,102,0.5247235449146326,0.6897767989236963,0.36761909473083576,0.39436550520613745,0.1293596933373413,-0.0500,1.0000,0.2000,7.375
2026-04-20 22:16:18.464,103,0.5249614746557237,0.6900834949559854,0.36727076449655727,0.3938950252652465,0.12865914514486765,0.2000,1.0000,0.1500,6.730
2026-04-20 22:16:18.474,104,0.5251924819971395,0.6903809901073059,0.3669327405076023,0.3934383723991725,0.12797946973646332,0.1500,1.0000,0.4000,7.737
2026-04-20 22:16:18.488,105,0.5254216898673656,0.6906695604040868,0.36660143673894735,0.39298857812034366,0.12731676409094259,0.4000,0.8000,-0.0500,6.326
2026-04-20 22:16:18.501,106,0.5256472865494285,0.6909494735919641,0.36627789538472305,0.39254792427262153,0.1266717629161584,0.2500,1.0000,-0.0500,8.896
2026-04-20 22:16:18.515,107,0.5258681105857679,0.6912209893842052,0.36596273010129987,0.39211782970067993,0.12604478160679217,0.3000,1.0000,0.4500,10.663
2026-04-20 22:16:18.527,108,0.5260846963963303,0.6914843597026791,0.3656554287795039,0.39169745597214556,0.12543501873983143,0.0000,1.0000,0.2500,7.888
2026-04-20 22:16:18.540,109,0.5262994783841921,0.6917398289115987,0.36535421732961765,0.3912834351199789,0.12484041959113533,0.0500,1.0000,0.3000,12.606
2026-04-20 22:16:18.550,110,0.5265112947736055,0.6919876340442507,0.36505972364910305,0.3908771977451274,0.12426133984277522,0.2000,0.9000,-0.0500,9.916
2026-04-20 22:16:18.561,111,0.5267185455237522,0.6922280050229231,0.3647728722107267,0.39048076235496704,0.1236984399185887,0.2500,1.0000,0.4500,8.423
2026-04-20 22:16:18.572,112,0.5269216305925679,0.6924611648722354,0.36449325842138597,0.3900934842382802,0.12315105909801215,-0.1000,1.0000,0.0000,8.744
2026-04-20 22:16:18.581,113,0.5271185870232772,0.6926873299260683,0.36422205710308686,0.38971787257981677,0.12262012375941427,0.4000,1.0000,0.1000,7.292
2026-04-20 22:16:18.589,114,0.5273081742495199,0.6929067100282863,0.3639599654987002,0.38935547661983416,0.1221060901553378,0.4000,1.0000,0.1000,8.634
2026-04-20 22:16:18.597,115,0.5274934680240556,0.6931195087274377,0.3637048071990583,0.3890020936518774,0.1216065481159968,0.3500,1.0000,0.0500,8.265
2026-04-20 22:16:18.609,116,0.527677737855387,0.6933259234656145,0.36345428040171784,0.3886532656795837,0.12111896909114821,0.1000,0.9500,-0.1500,7.154
2026-04-20 22:16:18.620,117,0.5278548468413535,0.6935261457616461,0.3632123579085808,0.3883170795470252,0.12064710593732828,0.1000,1.0000,0.5500,10.156
2026-04-20 22:16:18.630,118,0.5280290177976565,0.6937203613887967,0.36297610959696097,0.38798781201188964,0.12018781518484603,0.3500,1.0000,0.4500,9.726
2026-04-20 22:16:18.640,119,0.5282026539164271,0.6939087505471327,0.3627438218739187,0.387662168781266,0.11973917629416718,0.1000,0.8500,-0.1500,5.392
2026-04-20 22:16:18.650,120,0.5283733792986026,0.6940914880307187,0.3625169705512556,0.38734323038493695,0.11930246433889662,0.0500,1.0000,0.3000,6.272
2026-04-20 22:16:18.661,121,0.5285391297168756,0.6942687433897972,0.3622968269032306,0.3870336644104142,0.1188787558772424,0.0500,1.0000,0.0500,8.209
2026-04-20 22:16:18.672,122,0.5287059266724599,0.6944406810881032,0.36207927486474,0.3867253600153143,0.11846374596953142,0.2500,1.0000,-0.1000,10.454
2026-04-20 22:16:18.682,123,0.5288681173139723,0.6946074606554601,0.36186798432434025,0.3864257746259398,0.11806092129598794,0.1500,1.0000,0.3000,7.788
2026-04-20 22:16:18.690,124,0.5290226456256657,0.6947692368357963,0.3616648969072017,0.38613890561234493,0.11767204576969997,0.5000,1.0000,0.3500,9.845
2026-04-20 22:16:18.706,125,0.5291757169495536,0.6949261597307224,0.36146578287154707,0.3858564041870974,0.11729271726817038,0.0000,0.7500,0.0500,4.957
2026-04-20 22:16:18.720,126,0.5293260588863675,0.6950783749388006,0.36127140042186695,0.38557989413441707,0.11692352678659157,0.2000,1.0000,0.1000,6.808
2026-04-20 22:16:18.734,127,0.5294743768530906,0.6952260236906366,0.3610811919203349,0.3853083643326324,0.11656375449411775,0.5000,0.8500,0.1000,9.523
2026-04-20 22:16:18.748,128,0.5296170484149746,0.6953692429799174,0.36089748758440704,0.3850465762460178,0.11621557328097641,-0.1000,0.9500,0.1500,7.265
2026-04-20 22:16:18.758,129,0.529758904774564,0.6955081656905199,0.36071698441551575,0.38478802187591904,0.11587552754118802,0.2000,1.0000,0.0500,6.333
2026-04-20 22:16:18.771,130,0.5298925023059994,0.6956429207198043,0.36054456509993543,0.3845425616534118,0.11554835193183753,-0.0500,1.0000,0.5000,3.822
2026-04-20 22:16:18.783,131,0.5300245942717698,0.6957736330982102,0.3603756501236371,0.3843011287572089,0.11522932335058214,0.1000,1.0000,0.1000,6.325
2026-04-20 22:16:18.794,132,0.5301520058645124,0.6959004241052639,0.36021228100599756,0.38406789566663174,0.11492034403613423,0.1500,1.0000,0.3000,9.538
2026-04-20 22:16:18.802,133,0.5302790557247428,0.696023411382106,0.3600515058850405,0.3838370454150785,0.11461832702427306,0.3500,0.9500,0.1000,9.038
2026-04-20 22:16:18.818,134,0.5304012359260927,0.6961427090406428,0.3598962594597611,0.3836145315551699,0.11432607596481673,0.0000,1.0000,0.2000,11.315
2026-04-20 22:16:18.833,135,0.530518239565058,0.6962584277694235,0.3597466778648029,0.3834007079861841,0.11404359987470689,0.1500,1.0000,0.3500,9.467
2026-04-20 22:16:18.845,136,0.5306322379832469,0.6963706749363407,0.35960124712543173,0.38319262593974435,0.11376926147503859,-0.1000,0.7000,-0.1000,8.478
2026-04-20 22:16:18.861,137,0.5307393650084132,0.6964795546882505,0.3594624802685596,0.3829953882753336,0.11350545418767823,-0.0500,1.0000,0.2500,8.482
2026-04-20 22:16:18.873,138,0.5308457206559569,0.696585168047603,0.3593262481286387,0.38280081116334547,0.1132479328301838,0.2000,1.0000,0.0500,8.443
2026-04-20 22:16:18.887,139,0.5309475233883532,0.6966876130061749,0.35919501111672963,0.3826138876923452,0.11299904527722834,0.1000,1.0000,0.2000,8.914
2026-04-20 22:16:18.898,140,0.5310459531961568,0.6967869846159896,0.3590679237769249,0.3824329970489692,0.11275783691260867,0.0500,0.9000,0.0500,8.722
2026-04-20 22:16:18.909,141,0.5311427457074793,0.69688337507751,0.35894377199214567,0.38225577899455715,0.11252298773375892,0.3500,1.0000,0.1500,6.422
2026-04-20 22:16:18.925,142,0.5312358813048962,0.6969768738251847,0.3588238468532871,0.38208488166653204,0.11229568612265196,0.4500,1.0000,0.4000,10.366
2026-04-20 22:16:18.937,143,0.5313277420586937,0.6970675676104292,0.35870650665239223,0.38191708562594356,0.11207419074367614,0.3000,1.0000,0.1000,9.652
2026-04-20 22:16:18.953,144,0.5314183575202457,0.6971555405821164,0.35859167963727856,0.38175230942608146,0.11185833320582397,0.1000,1.0000,0.2500,11.739
2026-04-20 22:16:18.965,145,0.5315075611627518,0.6972408743646529,0.35847942633608454,0.38159073431914775,0.11164808029757362,0.2000,1.0000,0.0500,9.641
2026-04-20 22:16:18.980,146,0.5315899225091683,0.6973236481337133,0.3583733180918026,0.3814395613811746,0.11144691243444703,-0.2500,1.0000,0.1000,5.889
2026-04-20 22:16:18.992,147,0.5316686285562334,0.6974039386897019,0.35827118273415504,0.3812945029099523,0.1112525692465201,0.1000,1.0000,0.0500,7.445
2026-04-20 22:16:19.006,148,0.531746833165544,0.6974818205290108,0.358170871608132,0.38115131653465695,0.11106281652512609,-0.0500,1.0000,0.2000,5.754
2026-04-20 22:16:19.017,149,0.5318229483733096,0.6975573659131404,0.3580733986580668,0.3810120834349747,0.11087858522755106,0.1000,1.0000,0.4500,8.255
2026-04-20 22:16:19.033,150,0.5318969344598748,0.6976306449357462,0.35797874700648175,0.3808768215482393,0.11069977797888145,0.2500,1.0000,0.2000,8.386
2026-04-20 22:16:19.047,151,0.5319685418337983,0.6977017255876738,0.3578870409911408,0.3807458296914992,0.11052644103436854,0.2000,0.9000,-0.1000,5.104
2026-04-20 22:16:19.058,152,0.5320394280664259,0.6977706738200437,0.3577971347696456,0.3806168648172322,0.11035735281157645,0.4500,1.0000,0.2500,9.837
2026-04-20 22:16:19.070,153,0.53210802009581,0.6978375536054423,0.3577100374789716,0.38049199237754605,0.11019344897964455,0.2000,1.0000,-0.0500,7.198
2026-04-20 22:16:19.079,154,0.5321709955781597,0.697902426997279,0.3576279256311198,0.38037561115925433,0.11003683478677254,0.0500,1.0000,0.5000,10.667
2026-04-20 22:16:19.091,155,0.532231491489633,0.6979653541873606,0.35754867067630747,0.3802635084527192,0.10988531255729062,0.1000,1.0000,0.4000,9.718
2026-04-20 22:16:19.101,156,0.5322869617164688,0.6980263935617398,0.35747393390833504,0.3801590499037712,0.10974047653288868,0.1000,1.0000,0.2500,6.040
2026-04-20 22:16:19.155,157,0.532341420885834,0.6980856017548875,0.3574010038771788,0.38005685437884573,0.10959955022299586,0.3500,1.0000,0.6000,6.177
2026-04-20 22:16:19.164,158,0.5323923414479543,0.698143033702241,0.3573315316350666,0.37996026449588655,0.10946412159050908,0.1500,1.0000,0.5000,7.356
2026-04-20 22:16:19.173,159,0.5324388532418304,0.6981987426911738,0.3572660643278048,0.37987041384459036,0.10933467658458401,0.0000,0.9500,0.2000,8.391
2026-04-20 22:16:19.182,160,0.5324798418934699,0.6982527804104386,0.35720531289870766,0.37978876243072673,0.10921186678778354,0.0500,1.0000,0.5000,7.189
2026-04-20 22:16:19.190,161,0.5325177832780812,0.6983051969981254,0.35714759575080285,0.3797119840359177,0.10909395302320643,0.3500,1.0000,0.1000,7.529
2026-04-20 22:16:19.198,162,0.5325540365509681,0.6983560410881817,0.35709197669745923,0.3796382421532011,0.10897994325169068,0.4500,1.0000,0.1500,11.990
2026-04-20 22:16:19.206,163,0.5325884313675769,0.6984053598555363,0.35703854012111025,0.3795677403377546,0.10886986767871473,0.4500,1.0000,0.2000,7.349
2026-04-20 22:16:19.214,164,0.5326164794836337,0.6984531990598702,0.35699024987942096,0.37950644005150996,0.1087666376102973,0.1500,1.0000,0.3000,10.347
2026-04-20 22:16:19.222,165,0.5326432594777992,0.6984996030880741,0.3569436927972553,0.3794475476783986,0.10866678889620536,0.1000,1.0000,0.4500,8.324
2026-04-20 22:16:19.231,166,0.5326685855856454,0.6985446149954319,0.35689896608521754,0.3793912893918064,0.10857036930119908,-0.2000,0.8500,-0.0500,5.585
2026-04-20 22:16:19.241,167,0.5326912644843597,0.6985882765455689,0.35685683945847196,0.37933923542167414,0.10847810057797408,0.3500,1.0000,0.4000,6.500
2026-04-20 22:16:19.249,168,0.5327124750132213,0.6986306282492019,0.35681650196578957,0.37928979374116745,0.10838912525170662,-0.2000,1.0000,0.0500,7.495
2026-04-20 22:16:19.257,169,0.5327335426666652,0.6986717094017258,0.3567770456375889,0.3792411773904784,0.10830249022492841,0.2000,1.0000,-0.0500,5.181
2026-04-20 22:16:19.265,170,0.5327518685734647,0.6987115581196741,0.35674017947726155,0.37919683248636477,0.10821986072698091,0.2000,1.0000,0.3500,12.072
2026-04-20 22:16:19.274,171,0.5327685598626457,0.6987502113760838,0.35670514252868707,0.3791552643832606,0.10814043334091486,0.3000,1.0000,0.3000,7.450
2026-04-20 22:16:19.283,172,0.5327804064122208,0.6987877050348014,0.3566740526891901,0.3791207353244901,0.10806628477705107,0.0000,1.0000,0.2500,9.498
2026-04-20 22:16:19.292,173,0.5327804064122208,0.6988240738837573,0.3566453081572391,0.37909006736220474,0.10799577328246424,0.2000,1.0000,0.1000,11.187
2026-04-20 22:16:19.301,174,0.5327804064122208,0.6988593516672447,0.3566195082755107,0.37906448406731613,0.10792945944697907,0.2000,1.0000,0.2000,9.003
2026-04-20 22:16:19.308,175,0.5327804064122208,0.6988935711172273,0.3565951400401785,0.3790409835711629,0.10786579267650283,0.4500,0.9500,-0.1500,7.321
2026-04-20 22:16:19.318,176,0.5327804064122208,0.6989267639837105,0.35657282725207146,0.37902083689022464,0.10780536030930606,0.4000,1.0000,0.2500,5.918
2026-04-20 22:16:19.325,177,0.5327804064122208,0.6989589610641992,0.35655327063930303,0.3790054681931054,0.1077488277048206,0.2500,1.0000,0.2500,6.412
2026-04-20 22:16:19.336,178,0.5327804064122208,0.6989901922322732,0.35653567968642164,0.3789933184799076,0.10769537003997368,0.0500,1.0000,0.4000,6.330
2026-04-20 22:16:19.346,179,0.5327804064122208,0.699020486465305,0.3565193902669681,0.3789830808677886,0.10764428990991357,0.2000,1.0000,0.3500,6.863
2026-04-20 22:16:19.358,180,0.5327804064122208,0.6990498718713458,0.3565055923108464,0.3789830808677886,0.10759674496450346,-0.0500,0.8000,0.2500,7.097
2026-04-20 22:16:19.372,181,0.5327804064122208,0.6990783757152055,0.35649304701687945,0.3789830808677886,0.1075514650909268,0.0500,1.0000,0.0500,10.739
2026-04-20 22:16:19.381,182,0.5327804064122208,0.6991060244437494,0.3564824289574453,0.3789830808677886,0.10750909448927125,0.2000,1.0000,0.0000,7.066
2026-04-20 22:16:19.391,183,0.5327691400092869,0.6991328437104369,0.3564824289574453,0.3789830808677886,0.10746905779497132,0.0000,1.0000,0.3000,10.115
2026-04-20 22:16:19.402,184,0.5327565415991035,0.6991588583991238,0.3564824289574453,0.3789830808677886,0.10743133553439209,0.1500,1.0000,-0.1000,10.218
2026-04-20 22:16:19.410,185,0.5327407267242473,0.6991840926471501,0.3564824289574453,0.3789830808677886,0.10739714121961567,0.1500,1.0000,0.1000,7.008
2026-04-20 22:16:19.417,186,0.5327246465035667,0.6992085698677356,0.3564824289574453,0.3789830808677886,0.10736446592899607,0.2000,1.0000,0.1000,10.591
2026-04-20 22:16:19.429,187,0.5327044502284047,0.6992323127717035,0.3564824289574453,0.37899819761516157,0.1073358365378295,0.0000,1.0000,0.1500,11.101
2026-04-20 22:16:19.438,188,0.5326811836917454,0.6992553433885524,0.3564824289574453,0.3790177623931163,0.1073105167948994,0.3500,1.0000,0.3500,6.426
2026-04-20 22:16:19.449,189,0.5326568002450793,0.6992776830868959,0.3564824289574453,0.3790391601025412,0.1072871665816616,0.1500,1.0000,0.1000,8.494
2026-04-20 22:16:19.460,190,0.5326312730169045,0.699299352594289,0.3564824289574453,0.3790624162605616,0.10726576706476008,0.3500,1.0000,0.2000,7.600
2026-04-20 22:16:19.470,191,0.5326036079318782,0.6993203720164604,0.3564824289574453,0.3790888462987702,0.10724694531583001,0.0500,1.0000,0.4000,4.845
2026-04-20 22:16:19.482,192,0.5325738657613006,0.6993407608559665,0.3564824289574453,0.37911835948663547,0.1072306262447693,0.4500,1.0000,0.3500,8.204
2026-04-20 22:16:19.493,193,0.5325438271001346,0.6993605380302875,0.3564824289574453,0.37914857228647236,0.10721558924964421,0.2500,1.0000,0.1000,7.534
2026-04-20 22:16:19.505,194,0.5325126498757988,0.6993797218893789,0.3564824289574453,0.3791805983329871,0.10720236317970934,0.2500,1.0000,0.3000,4.172
2026-04-20 22:16:19.513,195,0.5324803167312826,0.6993983302326976,0.35649259185421683,0.3792144519139872,0.10719092804981292,-0.2500,1.0000,-0.0500,8.759
2026-04-20 22:16:19.524,196,0.5324485976625299,0.6994163803257166,0.3565026871431331,0.3792477644456531,0.10718007325286129,0.2000,1.0000,0.5000,7.404
2026-04-20 22:16:19.534,197,0.5324149593335882,0.6994338889159452,0.3565143934615497,0.3792839053777046,0.10718007325286129,0.0500,1.0000,0.2500,6.252
2026-04-20 22:16:19.542,198,0.5323802183818496,0.6994508722484668,0.3565271564388572,0.3793217777786814,0.10718007325286129,0.2500,1.0000,0.5000,11.405
2026-04-20 22:16:19.553,199,0.532342595118816,0.6994673460810128,0.3565421528867435,0.37936374672742507,0.10718007325286129,0.0500,1.0000,0.2000,7.154
2026-04-20 22:16:19.561,200,0.5323029003392736,0.6994833256985824,0.35655883291745977,0.37940872356023947,0.10718007325286129,0.0000,1.0000,0.3500,8.766
2026-04-20 22:16:19.571,201,0.5322625933369848,0.6994988259276249,0.3565762145913431,0.37945475517624644,0.10718007325286129,0.3000,0.9500,-0.1000,8.738
2026-04-20 22:16:19.578,202,0.5322191618807686,0.6995138611497962,0.35659596392434056,0.3795051840624346,0.10718007325286129,0.0500,0.9500,0.2000,7.268
2026-04-20 22:16:19.588,203,0.5321735465423744,0.6995284453153023,0.35661744532792444,0.37955874918318977,0.10718007325286129,0.2500,1.0000,0.4000,6.992
2026-04-20 22:16:19.595,204,0.5321266821733872,0.6995425919558432,0.35664002728323063,0.37961419733798196,0.10718007325286129,0.0500,1.0000,0.1500,5.613
2026-04-20 22:16:19.643,205,0.5320793882290735,0.6995563141971679,0.35666315545080846,0.37967042938999196,0.10718007325286129,0.2500,1.0000,0.2000,10.089
2026-04-20 22:16:19.651,206,0.5320300121445001,0.6995696247712528,0.3566879237457517,0.3797296424252272,0.10718007325286129,0.3000,1.0000,0.4000,8.087
2026-04-20 22:16:19.659,207,0.5319794830144117,0.6995825360281153,0.35671370521054807,0.3797905915068082,0.10719109023244436,0.1000,1.0000,0.3000,10.709
2026-04-20 22:16:19.667,208,0.5319277726989676,0.6995950599472718,0.35674051127090606,0.37985330819495283,0.10720357474214547,0.1500,1.0000,0.2500,7.074
2026-04-20 22:16:19.675,209,0.5318757383324859,0.6996072081488536,0.35676776338978733,0.37991664386312113,0.10721693495688955,0.1500,1.0000,0.1000,9.693
2026-04-20 22:16:19.684,210,0.5318219216627804,0.6996189919043879,0.35679642683458096,0.379982537240202,0.10723212325467012,-0.2500,1.0000,0.6000,11.839
2026-04-20 22:16:19.692,211,0.5317666870440472,0.6996304221472562,0.3568262520087767,0.38005049708146227,0.1072488775362632,-0.2000,1.0000,0.2500,9.912
2026-04-20 22:16:19.700,212,0.5317094961607625,0.6996415094828385,0.356857591296489,0.3801212358649695,0.10726753805815087,0.3500,1.0000,0.2000,7.745
2026-04-20 22:16:19.708,213,0.5316515879517862,0.6996522641983534,0.3568896124403632,0.38019309655455824,0.10728726079917525,0.6000,1.0000,0.3000,9.933
2026-04-20 22:16:19.717,214,0.5315911780339273,0.6996626962724027,0.35692349892002256,0.380268453363662,0.10730921782807025,0.1500,1.0000,0.1500,4.974
2026-04-20 22:16:19.726,215,0.5315291014475955,0.6996728153842307,0.35695868811596454,0.38034618808983744,0.10733283545677079,0.4000,1.0000,0.4000,9.266
2026-04-20 22:16:19.734,216,0.5314652796577004,0.6996728153842307,0.35699522663679706,0.3804264007757653,0.10735814955737913,0.1000,1.0000,0.1000,10.753
2026-04-20 22:16:19.743,217,0.5313994081471414,0.6996728153842307,0.35703331191824517,0.3805094929135964,0.1073853471512098,0.1500,0.9000,0.0000,6.547
2026-04-20 22:16:19.751,218,0.5313340868244577,0.6996728153842307,0.35707120527954406,0.380591993563881,0.10741267945551976,0.0500,1.0000,0.2000,10.651
2026-04-20 22:16:19.759,219,0.5312678346568422,0.6996728153842307,0.3571098888297456,0.3806758731741403,0.10744111878044202,0.3500,1.0000,0.3500,10.169
2026-04-20 22:16:19.768,220,0.531201430077901,0.6996728153842307,0.35714883852434387,0.3807600896978974,0.10747013157651938,0.2500,1.0000,0.3000,5.913
2026-04-20 22:16:19.775,221,0.5311323539145812,0.6996728153842307,0.35718972887593536,0.380847998021604,0.1075013831365456,-0.1000,1.0000,0.5500,7.038
2026-04-20 22:16:19.783,222,0.5310619982338498,0.6996728153842307,0.35723162705185335,0.3809377381653479,0.10753393168464526,0.5000,1.0000,0.5000,10.525
2026-04-20 22:16:19.791,223,0.5309902005689997,0.6996728153842307,0.3572746367188542,0.3810295229775003,0.10756787221266231,0.3000,1.0000,0.1500,9.409
2026-04-20 22:16:19.798,224,0.5309173048623299,0.6996728153842307,0.35731852407702175,0.38112289020764173,0.10760296250601564,0.2500,1.0000,0.2000,6.434
2026-04-20 22:16:19.806,225,0.5308449557128159,0.6996728153842307,0.35736218835714056,0.3812156435062714,0.10763809363326463,0.0000,1.0000,0.1500,10.619
2026-04-20 22:16:19.814,226,0.5307718981264017,0.6996728153842307,0.35740646198311277,0.38130945275445616,0.10767409010095312,0.2500,1.0000,0.3000,8.208
2026-04-20 22:16:19.821,227,0.5306980719966939,0.6996728153842307,0.35745138091422984,0.3814043947530434,0.10771098018853498,0.4000,0.9000,-0.1000,7.662
2026-04-20 22:16:19.829,228,0.5306235939392481,0.6996728153842307,0.3574968634184996,0.38150031077384544,0.10774867471457561,0.4500,1.0000,-0.0500,7.832
2026-04-20 22:16:19.838,229,0.5305484417233555,0.6996728153842307,0.3575429204477547,0.3815972273142503,0.10778717740494843,0.0000,1.0000,-0.0500,7.767
2026-04-20 22:16:19.847,230,0.5304737267398267,0.6996728153842307,0.3575888073222075,0.3816936594705936,0.1078257365706854,-0.1500,0.9500,-0.1500,10.942
2026-04-20 22:16:19.855,231,0.5303998056982074,0.6996728153842307,0.35763428259549096,0.38178912867237513,0.10786410396651451,0.1000,1.0000,0.1000,9.288
2026-04-20 22:16:19.864,232,0.5303251406190653,0.6996728153842307,0.3576803680564235,0.3818856826897984,0.10790329478631634,0.1500,1.0000,0.0500,9.457
2026-04-20 22:16:19.873,233,0.5302498528900375,0.6996728153842307,0.3577269793550347,0.3819831568897123,0.10794321828303079,0.3500,1.0000,0.3500,10.537
2026-04-20 22:16:19.881,234,0.53017332765818,0.6996728153842307,0.35777452307115454,0.3820823683765627,0.10798427483131073,0.2500,1.0000,0.4500,7.276
2026-04-20 22:16:19.889,235,0.5300972624352985,0.6996728153842307,0.3578218643077773,0.3821810511827806,0.10802532351512882,0.0000,1.0000,0.1000,10.766
2026-04-20 22:16:19.898,236,0.5300215005126334,0.6996728153842307,0.35786910441161474,0.3822794117134387,0.10806645984274572,0.2500,1.0000,0.0500,11.507
2026-04-20 22:16:19.906,237,0.5299437206844714,0.6996728153842307,0.35791778782112166,0.38238054244574626,0.10810922258931871,-0.0500,1.0000,0.4000,11.181
2026-04-20 22:16:19.915,238,0.5298644862347156,0.6996728153842307,0.35796753607263576,0.38248368994466936,0.10815322779778688,0.5000,0.9500,0.0500,10.358
2026-04-20 22:16:19.922,239,0.5297834106589479,0.6996728153842307,0.3580186039829409,0.38258936723129766,0.10819872495633746,0.1000,1.0000,0.2000,6.824
2026-04-20 22:16:19.931,240,0.5297021725946015,0.6996728153842307,0.3580698696931712,0.3826953338737959,0.10824458703736592,0.3500,1.0000,0.4500,10.546
2026-04-20 22:16:19.938,241,0.5296198636601269,0.6996728153842307,0.3581219361068005,0.38280279886643076,0.10829141193066932,0.4500,1.0000,0.2000,8.384
2026-04-20 22:16:19.947,242,0.5295370571428062,0.6996728153842307,0.35817441842860775,0.38291099571046044,0.10833880997776055,-0.1000,1.0000,0.4500,5.410
2026-04-20 22:16:19.956,243,0.5294543546246251,0.6996728153842307,0.3582269130783474,0.3830191202443425,0.10838637288102564,0.1000,1.0000,0.1000,12.396
2026-04-20 22:16:19.964,244,0.5293723018016612,0.6996728153842307,0.35827905380881375,0.3831264428826457,0.10843372981741162,0.4000,1.0000,0.4000,7.179
2026-04-20 22:16:19.973,245,0.5292886012303378,0.6996728153842307,0.35833236987273165,0.383236024952531,0.1084824056010716,0.1500,1.0000,0.2500,6.507
2026-04-20 22:16:19.981,246,0.5292053079465977,0.6996728153842307,0.35838548894110306,0.3833451245330618,0.10853102359759281,0.1500,1.0000,0.1000,5.493
2026-04-20 22:16:19.990,247,0.5291203839626374,0.6996728153842307,0.35843976743657824,0.38345645712448645,0.10858093605337328,-0.0500,1.0000,0.3000,7.883
2026-04-20 22:16:19.997,248,0.5290350149192068,0.6996728153842307,0.35849441276318184,0.3835684401101538,0.10863134632147305,0.0500,0.9500,-0.1000,8.645
2026-04-20 22:16:20.006,249,0.5289495294297103,0.6996728153842307,0.3585492037415665,0.3836806336294095,0.10868202929310901,0.3000,1.0000,0.2000,11.345
2026-04-20 22:16:20.013,250,0.5288641071034613,0.6996728153842307,0.35860401859155794,0.3837927965450041,0.10873285937655416,0.2000,1.0000,0.3500,10.776
2026-04-20 22:16:20.022,251,0.5287778005492556,0.6996728153842307,0.35865948692787913,0.3839061904367898,0.10878446248932545,0.4000,1.0000,0.3000,6.160
2026-04-20 22:16:20.062,252,0.5286910304043586,0.6996728153842307,0.3587153264056557,0.38402025289491193,0.1088365527002586,-0.1500,1.0000,0.3500,9.014
2026-04-20 22:16:20.070,253,0.5286037159505711,0.6996728153842307,0.35877158897459055,0.38413509003027363,0.10888917848035537,0.2500,1.0000,0.3500,5.565
2026-04-20 22:16:20.078,254,0.5285153915267603,0.6996728153842307,0.35882858326888195,0.3842513212564237,0.10894264508947385,0.1500,0.8500,-0.1000,7.709
2026-04-20 22:16:20.085,255,0.528426744279406,0.6996728153842307,0.3588858494385165,0.384368028954133,0.10899648940449065,0.1000,1.0000,0.2500,9.796
2026-04-20 22:16:20.093,256,0.5283382505558089,0.6996728153842307,0.3589430682188376,0.3844845766124622,0.10905038898583252,0.2500,1.0000,0.1500,10.537
2026-04-20 22:16:20.103,257,0.5282494299886861,0.6996728153842307,0.3590005582059048,0.3846016033813531,0.1091046593498899,0.2000,1.0000,0.4500,11.410
2026-04-20 22:16:20.112,258,0.5281594589053847,0.6996728153842307,0.3590588669154882,0.38472020619143354,0.10915984502515373,0.2500,1.0000,0.4500,11.046
2026-04-20 22:16:20.122,259,0.528068856776805,0.6996728153842307,0.3591176464823023,0.38483969115424804,0.10921559524867787,0.3000,1.0000,0.4500,10.164
2026-04-20 22:16:20.130,260,0.5279773821021055,0.6996728153842307,0.3591770564020968,0.3849603790481477,0.10927206670548109,-0.0500,1.0000,0.1000,9.027
2026-04-20 22:16:20.139,261,0.5278842070539673,0.6996728153842307,0.35923764710008393,0.38508337245680335,0.1093298070943667,-0.2000,1.0000,0.2500,6.162
2026-04-20 22:16:20.147,262,0.5277896778364601,0.6996728153842307,0.3592991863576735,0.38520820862428345,0.10938858155212779,0.2500,1.0000,0.5500,10.251
2026-04-20 22:16:20.155,263,0.527694433079032,0.6996728153842307,0.35936124704849953,0.38533403492866747,0.10944796038712021,-0.1500,1.0000,0.3500,10.785
2026-04-20 22:16:20.163,264,0.5275994527230904,0.6996728153842307,0.35942317454609163,0.38545954369890156,0.10950728648455366,-0.0500,1.0000,0.0000,7.562
2026-04-20 22:16:20.172,265,0.5275039105539479,0.6996728153842307,0.3594855183680088,0.38558583550453435,0.10956710694831696,0.2500,1.0000,0.1000,10.926
2026-04-20 22:16:20.182,266,0.5274083372780991,0.6996728153842307,0.3595479234564554,0.3857122017183721,0.10962706437935436,0.2000,1.0000,0.1500,10.476
2026-04-20 22:16:20.191,267,0.5273130946297606,0.6996728153842307,0.35961014743942543,0.3858381590401483,0.10968691413463738,0.2000,1.0000,0.2500,8.647
2026-04-20 22:16:20.200,268,0.5272172144135719,0.6996728153842307,0.35967283460110655,0.38596499743867163,0.10974729829546216,0.3000,1.0000,0.1000,11.006
2026-04-20 22:16:20.208,269,0.5271206650682565,0.6996728153842307,0.35973600483834556,0.38609275806605586,0.10980823462187049,-0.0500,1.0000,0.0500,9.968
2026-04-20 22:16:20.216,270,0.5270238042460186,0.6996728153842307,0.3597994186066553,0.38622096315099447,0.1098694814966745,0.1500,1.0000,0.2500,8.549
2026-04-20 22:16:20.225,271,0.5269264513202377,0.6996728153842307,0.3598631952473892,0.3863498526543317,0.10993115625070778,-0.3000,1.0000,0.1000,8.417
2026-04-20 22:16:20.234,272,0.5268288117917947,0.6996728153842307,0.3599271967158581,0.38647915172648295,0.10999311888907715,0.3000,1.0000,0.2000,4.631
2026-04-20 22:16:20.244,273,0.526731294644212,0.6996728153842307,0.35999114934360166,0.3866083142331271,0.11005509385162415,0.4000,1.0000,0.1500,8.559
2026-04-20 22:16:20.254,274,0.5266336555754015,0.6996728153842307,0.360055215016283,0.38673766511211205,0.11011724118906481,0.0500,0.9500,0.0500,9.504
2026-04-20 22:16:20.263,275,0.5265354534055491,0.6996728153842307,0.3601196869008548,0.3868677918288692,0.11017985228845312,0.0500,1.0000,0.1500,5.885
2026-04-20 22:16:20.271,276,0.5264368078949304,0.6996728153842307,0.36018448423279725,0.38699853395193934,0.11024284465876762,0.3500,1.0000,0.0500,8.852
2026-04-20 22:16:20.283,277,0.5263380300022829,0.6996728153842307,0.36024939880967977,0.387129476141114,0.110306008422871,-0.0500,1.0000,0.0500,11.479
2026-04-20 22:16:20.292,278,0.52623813450233,0.6996728153842307,0.3603150865786456,0.387261931323393,0.11036999790344107,0.2000,1.0000,0.4000,8.117
2026-04-20 22:16:20.302,279,0.5261377603207209,0.6996728153842307,0.3603811207456457,0.38739504691241017,0.11043438473069732,0.4500,1.0000,0.5500,11.244
2026-04-20 22:16:20.311,280,0.5260366649974426,0.6996728153842307,0.3604476621323808,0.3875291455232467,0.11049932819788082,0.2000,1.0000,0.2500,5.009
2026-04-20 22:16:20.320,281,0.5259352387371192,0.6996728153842307,0.3605144498086761,0.3876637062380827,0.1105645658922111,0.4500,1.0000,0.2500,8.432
2026-04-20 22:16:20.330,282,0.5258331347586431,0.6996728153842307,0.3605817141919908,0.38779919080609027,0.11063032679301979,-0.1500,1.0000,0.2000,7.524
2026-04-20 22:16:20.338,283,0.5257309280075415,0.6996728153842307,0.3606490712384593,0.387934832026364,0.1106962254614574,0.1000,1.0000,0.3000,6.880
2026-04-20 22:16:20.347,284,0.5256286769345431,0.6996728153842307,0.360716481256487,0.38807055137593593,0.1107622208527951,0.1500,1.0000,0.3500,10.403
2026-04-20 22:16:20.356,285,0.5255267423553104,0.6996728153842307,0.36078370299958995,0.38820586719625305,0.11082807040800886,0.1500,1.0000,0.2500,14.584
2026-04-20 22:16:20.367,286,0.5254242801776949,0.6996728153842307,0.3608512985142397,0.38834190438964034,0.11089433490040604,0.3500,0.9500,-0.1500,8.358
2026-04-20 22:16:20.376,287,0.525321397422071,0.6996728153842307,0.3609191957923413,0.3884785197250087,0.11096094108692263,0.1500,1.0000,0.2000,8.736
2026-04-20 22:16:20.386,288,0.5252185850919477,0.6996728153842307,0.3609870668568784,0.3886150580098732,0.11102755979262237,-0.1000,1.0000,0.4000,8.235
2026-04-20 22:16:20.396,289,0.5251152688141273,0.6996728153842307,0.36105529400121344,0.3887522845696597,0.11109457214888505,0.5000,1.0000,0.4000,9.196
2026-04-20 22:16:20.405,290,0.5250114182003449,0.6996728153842307,0.3611238968807494,0.38889023943171475,0.11116199668399089,0.3500,1.0000,0.3500,9.846
2026-04-20 22:16:20.416,291,0.5249072470120029,0.6996728153842307,0.361192732402548,0.3890286371052055,0.11122968921169227,0.2500,1.0000,0.2500,9.114
2026-04-20 22:16:20.425,292,0.5248031640108968,0.6996728153842307,0.3612615274909689,0.38916693211304404,0.11129737559583884,0.0500,1.0000,0.1000,10.389
2026-04-20 22:16:20.435,293,0.5246987802801036,0.6996728153842307,0.3613305408732173,0.38930564256360767,0.11136531353494115,-0.0500,1.0000,0.3500,8.354
2026-04-20 22:16:20.443,294,0.5245942413716406,0.6996728153842307,0.3613996749803941,0.38944457395344606,0.11143340446226623,0.2000,1.0000,0.3500,8.455
2026-04-20 22:16:20.453,295,0.5244896283803262,0.6996728153842307,0.3614688752310924,0.3895836177350629,0.11150159282850834,0.0000,1.0000,0.2000,13.338
2026-04-20 22:16:20.461,296,0.5243845626346436,0.6996728153842307,0.36153839357034145,0.3897232783953747,0.11157012963983493,0.3000,1.0000,0.1500,6.715
2026-04-20 22:16:20.471,297,0.5242794446533919,0.6996728153842307,0.3616079624980395,0.38986302151313,0.11163874648544815,0.2000,1.0000,0.2000,8.294
2026-04-20 22:16:20.481,298,0.5241740471513534,0.6996728153842307,0.36167773306472284,0.39000314975098516,0.11170759353250921,0.0500,1.0000,0.2500,5.891
2026-04-20 22:16:20.491,299,0.5240690297106387,0.6996728153842307,0.3617472650902306,0.39014278329335444,0.11177622974398335,0.1000,1.0000,0.3500,12.156
2026-04-20 22:16:20.502,300,0.5239644109468288,0.6996728153842307,0.3618165457191842,0.3902818969578749,0.1118446414333244,0.0500,1.0000,0.2500,10.962
2026-04-20 22:16:20.511,301,0.5238600248623452,0.6996728153842307,0.3618856851849945,0.39042071172391024,0.11191293802771045,0.3000,1.0000,0.2000,10.244
2026-04-20 22:16:20.523,302,0.5237556937401326,0.6996728153842307,0.36195480154700604,0.39055946420731574,0.11198123680444055,0.4500,1.0000,0.1000,6.245
2026-04-20 22:16:20.531,303,0.5236516221811065,0.6996728153842307,0.36202375799847736,0.3906978812768592,0.1120494001981888,0.1500,1.0000,0.2000,9.156
2026-04-20 22:16:20.543,304,0.5235469381635793,0.6996728153842307,0.3620931354932524,0.3908371253080121,0.11211800842697249,0.2000,1.0000,0.1500,9.112
2026-04-20 22:16:20.554,305,0.5234425692307599,0.6996728153842307,0.36216231528706283,0.39097595926598777,0.11218644203277131,0.6000,1.0000,0.2000,14.068
2026-04-20 22:16:20.561,306,0.5233382838546132,0.6996728153842307,0.3622314513612669,0.39111469155364,0.11225485430460411,0.0500,1.0000,0.5000,8.105
2026-04-20 22:16:20.572,307,0.5232338350488897,0.6996728153842307,0.362300708013819,0.391253651193811,0.11232340886885608,0.4500,1.0000,0.5000,9.351
2026-04-20 22:16:20.579,308,0.5231294543468441,0.6996728153842307,0.362369930540457,0.3913925291921019,0.112391950369843,-0.1000,1.0000,0.0500,9.133
2026-04-20 22:16:20.588,309,0.5230251003285898,0.6996728153842307,0.36243914621614265,0.39153138050013747,0.11246050545064702,0.0500,1.0000,0.2000,12.049
2026-04-20 22:16:20.595,310,0.5229205748416702,0.6996728153842307,0.3625084868143663,0.3916704690545493,0.11252920527183558,0.2000,1.0000,0.3000,4.456
2026-04-20 22:16:20.605,311,0.5228157644739115,0.6996728153842307,0.362578027624941,0.39180994581292417,0.1125981245286862,0.0500,1.0000,0.6000,8.269
2026-04-20 22:16:20.612,312,0.5227109838894998,0.6996728153842307,0.3626475585629891,0.391949390972129,0.11266705255962191,0.2500,1.0000,0.3000,13.317
2026-04-20 22:16:20.623,313,0.5226062002735472,0.6996728153842307,0.3627171012056111,0.3920888480419885,0.11273601038234496,0.2000,1.0000,0.1000,9.698
2026-04-20 22:16:20.634,314,0.5225016402947152,0.6996728153842307,0.36278650414985986,0.392228014561563,0.11280484605129167,0.2500,1.0000,0.0500,7.070
2026-04-20 22:16:20.642,315,0.5223971323844784,0.6996728153842307,0.362855881492961,0.39236711905990995,0.11287367313734983,0.1500,1.0000,0.3500,9.860
2026-04-20 22:16:20.652,316,0.5222925890569782,0.6996728153842307,0.36292529128548273,0.39250627796273374,0.11294254918053989,0.0500,0.9000,-0.1000,7.859
2026-04-20 22:16:20.661,317,0.5221881210024483,0.6996728153842307,0.3629946594687986,0.3926453434676125,0.11301139962700407,0.0500,1.0000,0.2000,9.960
2026-04-20 22:16:20.673,318,0.5220838367520957,0.6996728153842307,0.3630639134315874,0.3927841706572896,0.11308015138504668,-0.1000,1.0000,0.3500,6.457
2026-04-20 22:16:20.681,319,0.5219795083919578,0.6996728153842307,0.3631332048670231,0.39292306321433756,0.11314895568187859,0.5000,1.0000,0.3500,10.843
2026-04-20 22:16:20.693,320,0.5218752612064036,0.6996728153842307,0.36320245001020945,0.39306185389630144,0.11321772830061924,0.1500,1.0000,0.4500,10.381
2026-04-20 22:16:20.704,321,0.5217710550310588,0.6996728153842307,0.3632716754026716,0.3932005960649492,0.11328649534436909,0.4000,0.7000,-0.1500,9.493
2026-04-20 22:16:20.712,322,0.5216670677451926,0.6996728153842307,0.36334076223054773,0.3933390523629134,0.11335513757399432,-0.2000,1.0000,0.3500,10.556
2026-04-20 22:16:20.724,323,0.5215633000256957,0.6996728153842307,0.3634097098217253,0.39347722170821403,0.1134236539048685,0.1500,1.0000,0.5500,9.174
2026-04-20 22:16:20.732,324,0.5214597487179948,0.6996728153842307,0.3634785200650269,0.39361510813287426,0.11349204582567576,0.3500,1.0000,0.3500,7.575
2026-04-20 22:16:20.743,325,0.521356360453932,0.6996728153842307,0.3635472283314248,0.3937527826255854,0.11356034831925417,-0.2000,1.0000,0.5500,9.662
2026-04-20 22:16:20.799,326,0.5212530842549558,0.6996728153842307,0.36361586840505417,0.3938903129939621,0.11362859479324869,0.4000,1.0000,-0.0500,6.654
2026-04-20 22:16:20.806,327,0.5211498281164331,0.6996728153842307,0.3636845014268185,0.3940278217519752,0.11369684602336722,0.2000,1.0000,0.3000,11.123
2026-04-20 22:16:20.814,328,0.5210468043688787,0.6996728153842307,0.36375298565338815,0.39416502563816436,0.1137649599120404,0.3500,1.0000,0.1500,13.214
2026-04-20 22:16:20.823,329,0.5209438761049202,0.6996728153842307,0.3638214121723813,0.39430210704620894,0.11383302720327394,0.2000,1.0000,0.2500,12.906
2026-04-20 22:16:20.831,330,0.5208410852781473,0.6996728153842307,0.3638897528362934,0.3944390098929897,0.11390101941625924,0.0000,1.0000,0.3000,8.215
2026-04-20 22:16:20.840,331,0.5207383248888507,0.6996728153842307,0.36395807880517267,0.3945758767041362,0.11396900738773955,0.0500,1.0000,0.0500,7.059
2026-04-20 22:16:20.847,332,0.5206355671037147,0.6996728153842307,0.3640264084666645,0.39471274445430615,0.11403700919175438,0.5500,1.0000,0.5500,12.947
2026-04-20 22:16:20.856,333,0.5205328138876819,0.6996728153842307,0.3640947403479455,0.3948496103912388,0.11410502305128264,0.1000,1.0000,0.6500,11.896
2026-04-20 22:16:20.865,334,0.5204300542609002,0.6996728153842307,0.3641630816109413,0.39498648902636996,0.11417305583317833,0.2500,1.0000,0.2000,13.147
2026-04-20 22:16:20.873,335,0.520327298359398,0.6996728153842307,0.36423142534506314,0.3951233667204791,0.11424110034063309,0.1000,1.0000,0.1500,9.157
2026-04-20 22:16:20.881,336,0.5202245019538015,0.6996728153842307,0.36429980088792085,0.3952603023252839,0.1143091856336237,0.1500,1.0000,0.3500,5.723
2026-04-20 22:16:20.890,337,0.5201217232824698,0.6996728153842307,0.36436816926976173,0.3953972180724824,0.1143772724730935,0.4000,1.0000,0.4500,10.608
2026-04-20 22:16:20.898,338,0.5200189423575009,0.6996728153842307,0.36443654367599876,0.3955341404989677,0.11444537378323057,0.0500,1.0000,0.6000,9.847
2026-04-20 22:16:20.906,339,0.5199161672756912,0.6996728153842307,0.3645049185731085,0.3956710586987781,0.11451348377712339,0.0000,1.0000,0.3000,9.661
2026-04-20 22:16:20.915,340,0.519813443525783,0.6996728153842307,0.3645732635036736,0.3958079119133315,0.11458157175156804,0.4500,1.0000,0.3500,11.606
2026-04-20 22:16:20.923,341,0.5197107501273167,0.6996728153842307,0.3646415923270252,0.39594472801285513,0.11464965132748281,0.0000,1.0000,0.5000,7.893
2026-04-20 22:16:20.931,342,0.5196081637685924,0.6996728153842307,0.3647098537938176,0.3960814046456758,0.1147176710242615,-0.1000,1.0000,0.1500,6.254
2026-04-20 22:16:20.939,343,0.5195057014035162,0.6996728153842307,0.36477803648134877,0.3962179191089969,0.11478561919487934,0.1500,1.0000,0.1500,8.391
2026-04-20 22:16:20.948,344,0.5194033593649923,0.6996728153842307,0.36484614271785387,0.3963542761976182,0.11485349794997855,0.0500,1.0000,0.2000,8.277
2026-04-20 22:16:20.956,345,0.5193010770053657,0.6996728153842307,0.3649142128221028,0.3964905566832588,0.11492134739726376,0.3500,1.0000,0.2000,12.048
2026-04-20 22:16:20.964,346,0.5191988126340213,0.6996728153842307,0.3649822744782286,0.3966268160643388,0.11498919501613475,0.1500,1.0000,0.1500,11.634
2026-04-20 22:16:20.972,347,0.5190965822345375,0.6996728153842307,0.3650503169241906,0.3967630329430263,0.11505702984595953,0.0500,1.0000,0.0000,9.248
2026-04-20 22:16:20.981,348,0.5189945114891606,0.6996728153842307,0.36511825626869204,0.39689903965918977,0.11512476780280789,0.1500,1.0000,0.1000,9.340
2026-04-20 22:16:20.988,349,0.5188925773710941,0.6996728153842307,0.36518610776289245,0.39703486683393646,0.11519242395098485,0.2500,1.0000,-0.0500,9.571
2026-04-20 22:16:20.996,350,0.5187906940297928,0.6996728153842307,0.3652539285434513,0.3971706288558096,0.11526005524590091,0.0000,1.0000,0.1500,8.855
2026-04-20 22:16:21.005,351,0.5186889461224563,0.6996728153842307,0.36532166207810957,0.39730621277205896,0.1153276049794857,0.3000,1.0000,0.0500,10.123
2026-04-20 22:16:21.012,352,0.5185873185429675,0.6996728153842307,0.3653893183463097,0.3974416386499841,0.1153950829606446,0.3000,1.0000,0.3000,6.249
2026-04-20 22:16:21.022,353,0.5184858069431932,0.6996728153842307,0.3654569001582439,0.3975769122151315,0.11546249183414871,-0.1500,1.0000,0.1500,11.182
2026-04-20 22:16:21.030,354,0.5183844462705538,0.6996728153842307,0.36552438412972565,0.3977119868011357,0.11552980805535333,0.3500,1.0000,0.0500,10.649
2026-04-20 22:16:21.039,355,0.518283145621051,0.6996728153842307,0.3655918307800913,0.39784698354561643,0.11559709198795014,0.2500,1.0000,0.0000,9.587
2026-04-20 22:16:21.046,356,0.5181819843734693,0.6996728153842307,0.36565918710932205,0.39798179654451493,0.11566429048094513,0.5000,1.0000,0.5000,10.983
2026-04-20 22:16:21.054,357,0.5180809541564843,0.6996728153842307,0.36572645861989633,0.39811643689588744,0.11573140889037074,-0.1500,1.0000,0.3500,13.511
2026-04-20 22:16:21.061,358,0.5179801028276684,0.6996728153842307,0.3657936133307137,0.39825084072783934,0.11579841509307388,0.1000,1.0000,0.0000,6.276
2026-04-20 22:16:21.072,359,0.5178793823551375,0.6996728153842307,0.36586068318925946,0.3983850720229385,0.11586534089874882,0.1500,1.0000,0.1000,9.960
2026-04-20 22:16:21.081,360,0.5177788806822322,0.6996728153842307,0.36592760949508246,0.3985190134652519,0.11593212747328716,0.0000,1.0000,0.4500,8.403
2026-04-20 22:16:21.089,361,0.5176784672110035,0.6996728153842307,0.36599447924407114,0.3986528391289767,0.11599886168292971,0.2000,1.0000,0.3500,11.607
2026-04-20 22:16:21.099,362,0.5175780576040183,0.6996728153842307,0.36606134859385236,0.3987866614093142,0.1160655995595452,0.5000,1.0000,0.4000,8.580
2026-04-20 22:16:21.108,363,0.5174775314837392,0.6996728153842307,0.3661282977308092,0.3989206407565795,0.11613242116753122,0.5000,1.0000,0.0500,11.928
2026-04-20 22:16:21.117,364,0.5173769128499872,0.6996728153842307,0.36619531059171145,0.39905474511953526,0.11619931032533186,0.2500,1.0000,0.2000,13.418
2026-04-20 22:16:21.125,365,0.5172764134138612,0.6996728153842307,0.3662622459743777,0.3991886921667844,0.11626612571598949,0.2500,1.0000,0.2500,9.315
2026-04-20 22:16:21.134,366,0.5171763338242299,0.6996728153842307,0.36632890338662333,0.39932208098473476,0.11633266673598677,-0.2000,1.0000,0.5000,8.445
2026-04-20 22:16:21.144,367,0.5170766369533697,0.6996728153842307,0.3663953075224468,0.3994549610300371,0.11639895797132936,0.2000,1.0000,0.0000,6.803
2026-04-20 22:16:21.153,368,0.5169772036028859,0.6996728153842307,0.36646153779136187,0.3995874911883129,0.11646507872677793,0.0500,1.0000,0.1000,9.595
2026-04-20 22:16:21.164,369,0.5168778815086926,0.6996728153842307,0.3665276956483588,0.3997198744341391,0.11653113035571239,0.0500,1.0000,0.6000,11.132
2026-04-20 22:16:21.172,370,0.5167786755855277,0.6996728153842307,0.36659377776417745,0.3998521041716538,0.11659710943031044,-0.1000,1.0000,0.2500,9.823
2026-04-20 22:16:21.181,371,0.5166794537595392,0.6996728153842307,0.3666598721368673,0.3999843564577345,0.1166631038530163,0.2500,1.0000,0.2500,8.306
2026-04-20 22:16:21.189,372,0.5165805535313248,0.6996728153842307,0.36672575371638,0.40011618125123993,0.11672888848104455,-0.3000,1.0000,0.4000,9.868
2026-04-20 22:16:21.198,373,0.5164821922901189,0.6996728153842307,0.36679127752839935,0.40024728866072423,0.11679431825012397,-0.0500,1.0000,0.3000,8.352
2026-04-20 22:16:21.208,374,0.5163843984392001,0.6996728153842307,0.3668564245906908,0.4003776407771894,0.1168593740907637,0.3500,1.0000,0.3500,7.984
2026-04-20 22:16:21.215,375,0.5162867525528289,0.6996728153842307,0.36692147447510026,0.40050779679813414,0.11692433549017102,0.5000,1.0000,0.4000,11.401
2026-04-20 22:16:21.224,376,0.5161891176457211,0.6996728153842307,0.36698651846119584,0.40063793933488734,0.11698929364581451,0.4000,1.0000,0.3500,12.291
2026-04-20 22:16:21.231,377,0.5160916253487532,0.6996728153842307,0.3670514687524241,0.40076789284496905,0.11705416068150423,0.1500,1.0000,0.3000,10.215
2026-04-20 22:16:21.241,378,0.5159944718777689,0.6996728153842307,0.36711619449686583,0.40089739567364885,0.11711880566807352,0.0500,1.0000,0.0500,6.063
2026-04-20 22:16:21.248,379,0.5158977225105493,0.6996728153842307,0.36718065213588424,0.40102636075128817,0.11718318497195569,0.1500,1.0000,0.1000,7.620
2026-04-20 22:16:21.256,380,0.5158011610068388,0.6996728153842307,0.3672449857907371,0.4011550763666083,0.1172474426417264,0.0000,1.0000,0.3500,10.523
2026-04-20 22:16:21.263,381,0.5157047992544264,0.6996728153842307,0.3673091874984865,0.40128352663855305,0.11731157064394612,0.1000,1.0000,0.3500,10.300
2026-04-20 22:16:21.271,382,0.5156088061584427,0.6996728153842307,0.36737314461909915,0.4014114863305309,0.11737545627019498,-0.1000,1.0000,0.2500,5.890
2026-04-20 22:16:21.280,383,0.5155130133338894,0.6996728153842307,0.3674369693737262,0.40153917992701504,0.11743921167528916,-0.2000,1.0000,0.2000,2.440
2026-04-20 22:16:21.286,384,0.5154173971889174,0.6996728153842307,0.367500677455818,0.40166663885581166,0.11750285248833403,0.1500,1.0000,0.2000,10.486
2026-04-20 22:16:21.295,385,0.5153220306840114,0.6996728153842307,0.3675642201916358,0.40179376580912207,0.11756632997317638,0.3500,1.0000,0.2500,9.842
2026-04-20 22:16:21.302,386,0.5152269373645889,0.6996728153842307,0.36762758185182154,0.40192052936671796,0.11762962833991587,0.4000,1.0000,0.6000,9.140
2026-04-20 22:16:21.311,387,0.5151319997003013,0.6996728153842307,0.36769084075850017,0.402047086210183,0.11769282585195168,0.3000,1.0000,0.1500,9.784
2026-04-20 22:16:21.317,388,0.5150378248129013,0.6996728153842307,0.36775359213333914,0.40217262681906546,0.1177555176739871,0.0000,1.0000,0.4500,7.649
2026-04-20 22:16:21.326,389,0.5149443940234881,0.6996728153842307,0.3678158483993563,0.40229717607452825,0.11781771617378488,0.1000,1.0000,0.4500,7.062
2026-04-20 22:16:21.335,390,0.5148508164182766,0.6996728153842307,0.36787820347038025,0.40242192183830167,0.11788001521157597,0.1000,1.0000,0.3000,11.484
2026-04-20 22:16:21.341,391,0.5147570181615799,0.6996728153842307,0.3679407065423677,0.4025469625353504,0.11794246393132757,0.2000,1.0000,0.3500,11.868
2026-04-20 22:16:21.351,392,0.5146633764768065,0.6996728153842307,0.36800310610604736,0.4026717951791912,0.1180048107733384,-0.0500,1.0000,0.6000,6.774
2026-04-20 22:16:21.357,393,0.5145696896608039,0.6996728153842307,0.36806553660399827,0.4027966886860801,0.11806719013127057,-0.1000,1.0000,0.3000,11.703
2026-04-20 22:16:21.366,394,0.5144764865756241,0.6996728153842307,0.3681276454361154,0.4029209378859719,0.11812924935756954,0.2000,1.0000,0.2000,6.312
2026-04-20 22:16:21.372,395,0.514383604053867,0.6996728153842307,0.3681895413560242,0.4030447603153773,0.11819109715983471,0.3000,0.9500,0.0500,8.993
2026-04-20 22:16:21.380,396,0.5142905572177771,0.6996728153842307,0.36825154759165946,0.40316880245854786,0.11825305672135561,0.0500,1.0000,0.2000,6.858
2026-04-20 22:16:21.389,397,0.5141981827395837,0.6996728153842307,0.3683131063383496,0.40329194873367136,0.11831457019415492,0.2500,1.0000,0.6500,11.070
2026-04-20 22:16:21.396,398,0.5141057511382991,0.6996728153842307,0.36837470389426386,0.40341517176379066,0.11837612383439498,0.1500,1.0000,0.3000,9.838
2026-04-20 22:16:21.405,399,0.5140133707056448,0.6996728153842307,0.3684362680431062,0.4035383271422175,0.11843764538503342,0.0500,1.0000,0.0000,7.193
2026-04-20 22:16:21.410,400,0.5139209696065503,0.6996728153842307,0.3684978466537631,0.4036615106318512,0.11849918267543252,0.3500,1.0000,-0.0500,9.287
2026-04-20 22:16:21.455,401,0.5138291256184477,0.6996728153842307,0.3685590545207542,0.40378395184610366,0.11856035046177357,0.0000,1.0000,0.3500,10.038
2026-04-20 22:16:21.461,402,0.5137378361763872,0.6996728153842307,0.36861989333413625,0.4039056541887299,0.11862115039692504,0.4000,1.0000,0.0500,10.102
2026-04-20 22:16:21.468,403,0.5136463486672088,0.6996728153842307,0.36868086481670337,0.4040276211282504,0.11868208416760848,0.4500,1.0000,0.3500,10.733
2026-04-20 22:16:21.474,404,0.5135549525257764,0.6996728153842307,0.3687417759931464,0.4041494667362911,0.11874295876352434,0.4000,1.0000,0.5500,8.072
2026-04-20 22:16:21.480,405,0.5134638345125297,0.6996728153842307,0.3688025023383342,0.40427094198416685,0.11880364962560085,-0.1000,1.0000,0.2000,7.424
2026-04-20 22:16:21.487,406,0.5133728216977508,0.6996728153842307,0.3688631591211196,0.40439227743051265,0.11886427198976822,0.2000,1.0000,0.5500,10.967
2026-04-20 22:16:21.493,407,0.5132815998746504,0.6996728153842307,0.36892395579559795,0.40451389200382115,0.11892503527818711,-0.2500,1.0000,0.4000,8.800
2026-04-20 22:16:21.500,408,0.5131906076047503,0.6996728153842307,0.36898459997083705,0.4046352009419206,0.11898564706894856,0.2500,1.0000,0.1000,9.594
2026-04-20 22:16:21.506,409,0.5130997366755365,0.6996728153842307,0.36904516377242613,0.4047563485150914,0.11904617945759428,0.1500,1.0000,0.4500,11.623
2026-04-20 22:16:21.513,410,0.5130096041444221,0.6996728153842307,0.36910523581315224,0.4048765119674364,0.11910622102776533,0.0000,1.0000,0.1000,6.354
2026-04-20 22:16:21.519,411,0.5129195801795389,0.6996728153842307,0.36916523596579137,0.40499653106248074,0.11916619162396608,0.4500,1.0000,0.4500,7.559
2026-04-20 22:16:21.526,412,0.5128294926932377,0.6996728153842307,0.36922527894076096,0.40511663523849295,0.1192262059291904,0.0000,1.0000,0.3000,12.526
2026-04-20 22:16:21.532,413,0.5127401070350306,0.6996728153842307,0.3692848544908115,0.4052358040178849,0.11928575366958805,0.2000,1.0000,0.4500,10.203
2026-04-20 22:16:21.539,414,0.5126509425177994,0.6996728153842307,0.36934428306020733,0.40535467830558863,0.11934515526362056,0.0000,1.0000,0.2000,11.020
2026-04-20 22:16:21.546,415,0.512561643945319,0.6996728153842307,0.3694038014330321,0.4054737316856829,0.1194046474703429,0.2500,1.0000,0.3500,9.837
2026-04-20 22:16:21.553,416,0.512472856714751,0.6996728153842307,0.36946297933151345,0.40559210361805703,0.11946379998770493,-0.0500,1.0000,0.3000,10.585
2026-04-20 22:16:21.560,417,0.5123839609480003,0.6996728153842307,0.3695222299951068,0.40571062059659285,0.11952302603161254,0.1500,1.0000,0.0500,10.048
2026-04-20 22:16:21.566,418,0.5122950910967137,0.6996728153842307,0.36958146377715134,0.40582910334249056,0.11958223593256191,-0.2000,1.0000,0.0500,12.670
2026-04-20 22:16:21.573,419,0.5122060691259663,0.6996728153842307,0.3696407993557341,0.4059477892260104,0.11964154834648233,0.1500,1.0000,0.2500,9.618
2026-04-20 22:16:21.580,420,0.5121167795999919,0.6996728153842307,0.3697003136765257,0.4060668321521574,0.11970104019755151,0.0500,1.0000,0.3500,10.958
2026-04-20 22:16:21.586,421,0.5120277736389159,0.6996728153842307,0.36975963931494743,0.4061854972850276,0.11976034404034244,0.1000,1.0000,0.0500,7.560
2026-04-20 22:16:21.594,422,0.5119390208248702,0.6996728153842307,0.36981879653875116,0.40630382517298114,0.11981948012238433,0.3000,1.0000,0.3000,12.963
2026-04-20 22:16:21.600,423,0.5118509348310334,0.6996728153842307,0.3698775095553158,0.406421264243246,0.11987817263143995,0.1000,1.0000,0.5000,10.769
2026-04-20 22:16:21.608,424,0.5117630698825693,0.6996728153842307,0.36993607553767843,0.40653840885399284,0.11993671872151887,0.0000,1.0000,0.4000,10.071
2026-04-20 22:16:21.615,425,0.5116757808692023,0.6996728153842307,0.36999425788280804,0.406654785810893,0.11999488177113327,0.3500,1.0000,0.4500,9.474
2026-04-20 22:16:21.623,426,0.5115890199548183,0.6996728153842307,0.3700520884718624,0.40677045888764335,0.12005269364353784,0.2500,1.0000,0.2000,5.765
2026-04-20 22:16:21.630,427,0.5115024960328874,0.6996728153842307,0.3701097613665641,0.40688581621872916,0.12011034838308926,0.5000,1.0000,0.1000,9.636
2026-04-20 22:16:21.636,428,0.51141590379605,0.6996728153842307,0.37016748009613437,0.40700126487330174,0.12016804950216381,0.1500,1.0000,0.3000,10.654
2026-04-20 22:16:21.644,429,0.5113294918895392,0.6996728153842307,0.3702250788883365,0.407116473317275,0.12022563121218507,-0.2000,1.0000,0.0500,6.195
2026-04-20 22:16:21.651,430,0.5112436016239666,0.6996728153842307,0.37028233019427736,0.4072309864629387,0.12028286594841048,0.1500,1.0000,0.0500,7.770
2026-04-20 22:16:21.658,431,0.5111583243023815,0.6996728153842307,0.3703391731370264,0.4073446825662053,0.12033969281853556,0.3500,1.0000,0.4000,8.414
2026-04-20 22:16:21.665,432,0.5110726248183903,0.6996728153842307,0.3703962977795288,0.4074589417624455,0.12039680187059268,0.2000,1.0000,0.1000,7.996
2026-04-20 22:16:21.673,433,0.5109869213215429,0.6996728153842307,0.3704534253476734,0.40757320651263307,0.12045391431600536,0.3000,1.0000,0.2500,7.078
2026-04-20 22:16:21.679,434,0.5109016396312471,0.6996728153842307,0.37051027195434283,0.40768690905145333,0.12051074625362483,0.3000,1.0000,0.3000,8.004
2026-04-20 22:16:21.687,435,0.5108166813126915,0.6996728153842307,0.370566903215458,0.40780018061940065,0.12056736328576155,0.1000,1.0000,0.4000,9.743
2026-04-20 22:16:21.694,436,0.5107324760605908,0.6996728153842307,0.37062303266080754,0.40791244828444523,0.120623478929002,0.3000,1.0000,0.2500,10.167
2026-04-20 22:16:21.701,437,0.510648536324262,0.6996728153842307,0.370678985317324,0.4080243621085933,0.12067941819747263,0.1000,1.0000,0.2500,12.059
2026-04-20 22:16:21.710,438,0.5105643097190169,0.6996728153842307,0.3707351294348158,0.40813665859935844,0.12073554932855994,-0.0000,1.0000,0.3500,11.314
2026-04-20 22:16:21.718,439,0.5104807277854481,0.6996728153842307,0.37079084397977025,0.40824809569737547,0.12079125127670205,0.4500,1.0000,0.2500,10.315
2026-04-20 22:16:21.726,440,0.5103966336040736,0.6996728153842307,0.3708469002255845,0.40836021595686883,0.12084729530360831,0.1500,1.0000,0.1000,12.329
2026-04-20 22:16:21.735,441,0.5103124879980163,0.6996728153842307,0.37090299095077367,0.4084724049420762,0.12090337417645679,0.0500,1.0000,0.4500,10.476
2026-04-20 22:16:21.744,442,0.5102291222287849,0.6996728153842307,0.37095856197511107,0.4085835542995351,0.12095893370402368,0.1000,0.9500,-0.0500,5.917
2026-04-20 22:16:21.754,443,0.5101454658995516,0.6996728153842307,0.3710143268907709,0.4086950912203754,0.12101468746781614,0.0500,1.0000,0.5500,10.365
2026-04-20 22:16:21.760,444,0.5100622684494497,0.6996728153842307,0.3710697860661247,0.4088060164479179,0.12107013582585854,-0.1500,1.0000,0.4000,11.704
2026-04-20 22:16:21.769,445,0.5099788731789923,0.6996728153842307,0.37112537729545686,0.40891720557711225,0.12112571656239872,0.2000,1.0000,0.1000,8.339
2026-04-20 22:16:21.775,446,0.5098955550542349,0.6996728153842307,0.3711809172628516,0.4090282919823157,0.12118124635178518,-0.1000,1.0000,0.1500,4.394
2026-04-20 22:16:21.785,447,0.5098128168632035,0.6996728153842307,0.3712360707712356,0.40913860527538537,0.12123638998750118,-0.1000,1.0000,-0.1000,10.400
2026-04-20 22:16:21.791,448,0.5097294544623427,0.6996728153842307,0.3712916405780749,0.40924975097707655,0.12129195021785251,0.2000,1.0000,0.3500,11.750
2026-04-20 22:16:21.801,449,0.5096459898505387,0.6996728153842307,0.37134727867935524,0.4093610330850094,0.1213475790299395,0.0500,1.0000,0.4500,11.722
2026-04-20 22:16:21.810,450,0.5095629027319826,0.6996728153842307,0.3714026652676679,0.40947181198984567,0.12140295660773462,0.2500,1.0000,0.4000,8.166
2026-04-20 22:16:21.816,451,0.509480528284332,0.6996728153842307,0.3714575768867653,0.4095816407844052,0.12145785948663,-0.0500,1.0000,0.5500,10.685
2026-04-20 22:16:21.826,452,0.5093986155241444,0.6996728153842307,0.3715121808546007,0.4096908541097498,0.12151245497646948,0.0000,1.0000,0.2500,9.803
2026-04-20 22:16:21.834,453,0.5093157905773361,0.6996728153842307,0.37156739308301867,0.40980128379456926,0.12156765898123138,0.5000,1.0000,0.5500,10.596
2026-04-20 22:16:21.843,454,0.509233844140722,0.6996728153842307,0.37162201977005743,0.4099105422397908,0.12162227769132375,0.2000,1.0000,0.2500,8.283
2026-04-20 22:16:21.850,455,0.509152206966766,0.6996728153842307,0.371676440410112,0.4100193884389096,0.12167669059374031,0.1000,1.0000,0.0000,10.029
2026-04-20 22:16:21.861,456,0.509070929790606,0.6996728153842307,0.3717306211759134,0.4101277547419518,0.12173086385403283,0.2000,1.0000,-0.0500,4.341
2026-04-20 22:16:21.868,457,0.5089901700615118,0.6996728153842307,0.3717844570975533,0.41023543121352785,0.12178469249532915,0.3000,1.0000,0.4500,10.672
2026-04-20 22:16:21.879,458,0.508909263958246,0.6996728153842307,0.37183839071890706,0.41034330294568266,0.12183861905474962,0.2500,1.0000,-0.1000,8.440
2026-04-20 22:16:21.893,459,0.5088279677481589,0.6996728153842307,0.3718925845248997,0.4104516949124319,0.12189280601066696,0.3000,1.0000,0.1500,9.977
2026-04-20 22:16:21.901,460,0.5087466025680155,0.6996728153842307,0.3719468244209518,0.41056017892865704,0.121947039262146,0.0500,1.0000,0.4500,9.680
2026-04-20 22:16:21.913,461,0.5086654063968814,0.6996728153842307,0.37200095175105236,0.41066843768625555,0.12200116014701072,0.2500,1.0000,0.3500,9.828
2026-04-20 22:16:21.921,462,0.5085841267029643,0.6996728153842307,0.3720551348665279,0.41077680789168214,0.12205533701060753,0.0500,1.0000,0.2000,6.840
2026-04-20 22:16:21.933,463,0.5085029383389159,0.6996728153842307,0.37210925719583837,0.41088505640554424,0.1221094532755956,0.2500,1.0000,0.4000,9.769
2026-04-20 22:16:21.941,464,0.5084211696274906,0.6996728153842307,0.3721637665208018,0.41099407879505506,0.1221639567181663,0.0500,1.0000,0.2500,12.014
2026-04-20 22:16:21.952,465,0.5083402204698437,0.6996728153842307,0.3722177295710592,0.4111020085229663,0.12221791406250275,0.0500,1.0000,0.1500,8.214
2026-04-20 22:16:21.964,466,0.5082599251034635,0.6996728153842307,0.3722712568521173,0.41120906660365714,0.1222714358088176,0.4000,1.0000,0.3500,4.432
2026-04-20 22:16:21.972,467,0.5081802935714748,0.6996728153842307,0.37232434166581035,0.4113152396440606,0.12232451525380965,0.1500,1.0000,0.1500,8.240
2026-04-20 22:16:21.983,468,0.5081007492951044,0.6996728153842307,0.37237736839532015,0.41142129641370695,0.12237753677567946,0.0000,1.0000,0.2500,9.941
2026-04-20 22:16:21.991,469,0.508021995369342,0.6996728153842307,0.3724298683080667,0.41152629945050806,0.12243003163701524,0.1500,1.0000,0.2000,7.845
2026-04-20 22:16:22.002,470,0.5079426853964611,0.6996728153842307,0.37248273900002504,0.41163204394939357,0.12248289742910516,-0.1000,1.0000,0.5500,12.797
2026-04-20 22:16:22.011,471,0.5078637782809163,0.6996728153842307,0.37253534119912496,0.4117372513691131,0.12253549487533269,0.0000,1.0000,0.2000,9.421
2026-04-20 22:16:22.021,472,0.5077852582736523,0.6996728153842307,0.37258768540237563,0.4118419427064885,0.12258783446829712,0.5000,1.0000,-0.1000,8.364
2026-04-20 22:16:22.032,473,0.5077076501959723,0.6996728153842307,0.372639421726618,0.41194541819792113,0.12263956632056183,0.2500,1.0000,0.4500,11.249
2026-04-20 22:16:22.040,474,0.5076300884163553,0.6996728153842307,0.3726911272573114,0.4120488320169674,0.12269126751343692,-0.1000,1.0000,-0.0500,9.187
2026-04-20 22:16:22.102,475,0.5075525772453615,0.6996728153842307,0.37274279911859415,0.4121521784144625,0.12274293516703588,0.0500,1.0000,0.1500,12.229
2026-04-20 22:16:22.110,476,0.5074754043431168,0.6996728153842307,0.37279424553495893,0.4122550738418738,0.12279437750194741,0.2500,1.0000,0.2000,13.877
2026-04-20 22:16:22.117,477,0.5073985730330878,0.6996728153842307,0.37284546428873383,0.4123575138662649,0.12284559229671263,0.1500,1.0000,0.1000,7.762
2026-04-20 22:16:22.125,478,0.5073219529948361,0.6996728153842307,0.37289654225824453,0.4124596722466224,0.12289666642598397,0.0000,1.0000,0.2500,9.910
2026-04-20 22:16:22.133,479,0.5072446576610617,0.6996728153842307,0.37294807048645,0.41256273107112934,0.12294819092915726,0.4000,1.0000,0.0500,11.151
2026-04-20 22:16:22.140,480,0.5071679868398195,0.6996728153842307,0.37299918243279684,0.4126649572608761,0.12299929926222286,-0.1000,1.0000,0.2500,9.608
2026-04-20 22:16:22.148,481,0.507091458726378,0.6996728153842307,0.3730501992986442,0.4127669932207123,0.12305031262318743,0.1000,1.0000,0.2000,13.380
2026-04-20 22:16:22.156,482,0.50701570438308,0.6996728153842307,0.3731007003740226,0.41286799753276643,0.12310081029882955,0.0500,1.0000,0.3000,13.658
2026-04-20 22:16:22.165,483,0.5069401406923972,0.6996728153842307,0.3731510744022622,0.41296874768570396,0.12315118102932492,0.3000,1.0000,0.3500,9.984
2026-04-20 22:16:22.173,484,0.5068652136435318,0.6996728153842307,0.37320102405559,0.4130686490259243,0.12320112748384088,0.3500,1.0000,0.1500,11.265
2026-04-20 22:16:22.180,485,0.5067911625104635,0.6996728153842307,0.3732503898164305,0.41316738252016294,0.12325049014183384,0.1500,0.8500,-0.0500,9.859
2026-04-20 22:16:22.187,486,0.5067175405581827,0.6996728153842307,0.37329946950658216,0.41326554381384717,0.12329956682222339,-0.0500,1.0000,0.0500,8.332
2026-04-20 22:16:22.194,487,0.5066433125887854,0.6996728153842307,0.373348953256486,0.4133645131696343,0.12334904765265796,0.1500,1.0000,0.3000,14.264
2026-04-20 22:16:22.201,488,0.5065684695367999,0.6996728153842307,0.3733988471083393,0.4134643026736411,0.12339893867262612,0.1000,1.0000,0.3000,13.863
2026-04-20 22:16:22.208,489,0.5064939301946764,0.6996728153842307,0.3734485385324355,0.4135636872681246,0.1234486273497937,0.2500,1.0000,0.2000,8.969
2026-04-20 22:16:22.215,490,0.5064188169443945,0.6996728153842307,0.37349861260609013,0.41366383710933624,0.12349869875892759,-0.1500,1.0000,0.1000,7.309
2026-04-20 22:16:22.222,491,0.506343695501384,0.6996728153842307,0.3735486921843598,0.41376399790896096,0.12354877575261218,0.1000,1.0000,0.0000,9.099
2026-04-20 22:16:22.228,492,0.5062692508307546,0.6996728153842307,0.3735983206225543,0.41386325637914273,0.12359840168375913,0.2500,1.0000,0.2500,8.477
2026-04-20 22:16:22.235,493,0.506195477521168,0.6996728153842307,0.37364750152698695,0.413961619733987,0.12364758015635562,0.1500,1.0000,0.2500,9.239
2026-04-20 22:16:22.241,494,0.5061216528241155,0.6996728153842307,0.373696716728789,0.4140600516371907,0.1236967929992766,0.0500,1.0000,0.4500,9.215
2026-04-20 22:16:22.249,495,0.5060485215009194,0.6996728153842307,0.37374546971924044,0.41415755907270513,0.12374554370161339,0.0500,1.0000,0.1500,8.306
2026-04-20 22:16:22.256,496,0.5059749558580402,0.6996728153842307,0.3737945122928977,0.4142556456309928,0.12379458405579942,0.3500,1.0000,0.1500,9.875
2026-04-20 22:16:22.263,497,0.5059008011570185,0.6996728153842307,0.37384394760763107,0.41435451762910364,0.12384401721764575,-0.0500,1.0000,0.2000,12.200
2026-04-20 22:16:22.270,498,0.5058274940288031,0.6996728153842307,0.3738928179084054,0.414452259558237,0.12389288543011963,0.6500,1.0000,0.4000,11.000
2026-04-20 22:16:22.277,499,0.5057536809983884,0.6996728153842307,0.3739420255108537,0.4145506760508908,0.1239420910069165,-0.0500,1.0000,0.2500,6.458
2026-04-20 22:16:22.285,500,0.5056818660177556,0.6996728153842307,0.3739899011126489,0.41464642850360567,0.1239899646438298,-0.2000,1.0000,0.5000,6.124
2026-04-20 22:16:22.292,501,0.5056094578286042,0.6996728153842307,0.37403817221834856,0.4147429719266557,0.12403823384359403,0.4000,1.0000,0.1000,12.971
2026-04-20 22:16:22.300,502,0.5055383629044381,0.6996728153842307,0.37408556784467006,0.4148377643546,0.12408562762115818,-0.2500,1.0000,0.3000,7.245
2026-04-20 22:16:22.307,503,0.5054671276726356,0.6996728153842307,0.37413305703910954,0.41493274388352114,0.124133115022303,0.0000,1.0000,0.5000,9.359
2026-04-20 22:16:22.315,504,0.5053957870503862,0.6996728153842307,0.3741806165226498,0.4150278639564426,0.12418067276634745,-0.1500,1.0000,0.4500,9.697
2026-04-20 22:16:22.323,505,0.505324790564385,0.6996728153842307,0.3742279466099634,0.41512252520373555,0.12422800116635013,0.0500,1.0000,0.2000,10.547
2026-04-20 22:16:22.330,506,0.5052546140783769,0.6996728153842307,0.3742747300577155,0.41521609313972546,0.12427478297741061,0.1000,1.0000,0.0000,7.747
2026-04-20 22:16:22.340,507,0.5051845614638087,0.6996728153842307,0.37432143095079523,0.41530949593515615,0.1243214822828995,0.3000,1.0000,0.0000,6.789
2026-04-20 22:16:22.347,508,0.5051141863770632,0.6996728153842307,0.3743683468508256,0.41540332871420993,0.12436839664296676,0.1000,1.0000,0.1500,10.630
2026-04-20 22:16:22.356,509,0.5050439848495539,0.6996728153842307,0.37441514706943235,0.4154969301010467,0.1244151953678093,-0.1000,1.0000,0.3500,11.027
2026-04-20 22:16:22.363,510,0.5049736780900225,0.6996728153842307,0.3744620174667126,0.4155906718167417,0.12446206431613822,-0.2000,1.0000,0.0500,6.721
2026-04-20 22:16:22.370,511,0.5049036716251136,0.6996728153842307,0.37450868769085,0.415684013158517,0.12450873313479285,0.4000,0.8000,-0.2500,11.249
2026-04-20 22:16:22.378,512,0.5048332467727402,0.6996728153842307,0.37455563686253784,0.41577791236858813,0.1245556809431624,0.2500,1.0000,0.2000,12.967
2026-04-20 22:16:22.385,513,0.5047627465745058,0.6996728153842307,0.37460263628669654,0.41587191205760016,0.12460267904490235,-0.0500,1.0000,0.3500,11.130
2026-04-20 22:16:22.393,514,0.5046919290140527,0.6996728153842307,0.37464984730690765,0.4159663349134961,0.12464988878236725,0.0500,1.0000,0.0000,11.236
2026-04-20 22:16:22.400,515,0.5046203414397777,0.6996728153842307,0.37469757169026935,0.4160617844712291,0.12469761192146517,0.1500,1.0000,0.1500,11.956
2026-04-20 22:16:22.409,516,0.5045484321753011,0.6996728153842307,0.37474551055375016,0.41615766296547,0.12474554957801012,0.1500,1.0000,0.2000,11.287
2026-04-20 22:16:22.414,517,0.5044771064238591,0.6996728153842307,0.37479306042792626,0.41625276345808315,0.12479309828145844,0.2500,1.0000,0.2000,10.514
2026-04-20 22:16:22.422,518,0.5044058375000181,0.6996728153842307,0.3748405724358387,0.416347788195841,0.12484060915376488,0.7000,1.0000,0.4000,14.493
2026-04-20 22:16:22.432,519,0.504334795040804,0.6996728153842307,0.37488793348557253,0.4164425109955838,0.12488796910196096,0.1500,1.0000,0.0500,6.112
2026-04-20 22:16:22.439,520,0.5042649878377562,0.6996728153842307,0.37493447104888783,0.41653558680148123,0.12493450559678458,0.2000,1.0000,0.4500,12.494
2026-04-20 22:16:22.448,521,0.5041962260381402,0.6996728153842307,0.3749803116937434,0.41662726875008116,0.12498034520520324,0.0000,1.0000,0.3000,6.938
2026-04-20 22:16:22.454,522,0.5041269459372837,0.6996728153842307,0.37502649788940595,0.41671964178052845,0.125026530395522,0.4000,1.0000,0.3000,10.020
2026-04-20 22:16:22.463,523,0.5040584788502765,0.6996728153842307,0.3750721420919829,0.4168109308056308,0.12507217362291545,-0.1000,1.0000,0.2000,9.880
2026-04-20 22:16:22.470,524,0.503989920146088,0.6996728153842307,0.3751178473883436,0.4169023419997022,0.12511787797334814,0.2500,1.0000,0.0500,9.715
2026-04-20 22:16:22.480,525,0.5039219898982995,0.6996728153842307,0.3751631337289638,0.41699291526425225,0.12516316339641825,0.4000,1.0000,0.2500,13.027
2026-04-20 22:16:22.487,526,0.5038546714443664,0.6996728153842307,0.37520801222175104,0.41708267281563693,0.1252080409991818,0.0000,1.0000,0.1500,7.150
2026-04-20 22:16:22.496,527,0.5037876275914938,0.6996728153842307,0.3752527076614596,0.4171720642438899,0.1252527355755674,0.0500,1.0000,0.4500,10.549
2026-04-20 22:16:22.505,528,0.5037206048540724,0.6996728153842307,0.3752973890380668,0.41726142752947526,0.1252974161147514,0.0000,1.0000,0.4000,7.406
2026-04-20 22:16:22.512,529,0.5036543488472156,0.6996728153842307,0.37534155927441454,0.41734976851857053,0.12534158553879862,0.1500,1.0000,0.4500,8.581
2026-04-20 22:16:22.521,530,0.5035872732771524,0.6996728153842307,0.37538627589928,0.41743920226920916,0.12538630137573253,0.3000,1.0000,0.1000,10.044
2026-04-20 22:16:22.529,531,0.503520781045893,0.6996728153842307,0.3754306036442647,0.4175278582450592,0.12543062835642374,0.4000,1.0000,0.4000,11.097
2026-04-20 22:16:22.537,532,0.5034550487797145,0.6996728153842307,0.37547442475813797,0.4176155009441098,0.12547444872893224,0.1500,1.0000,0.1000,9.563
2026-04-20 22:16:22.544,533,0.50338815961877,0.6996728153842307,0.37551901714709585,0.41770468617919054,0.12551904039876627,0.1000,1.0000,0.2000,7.521
2026-04-20 22:16:22.552,534,0.503321678273499,0.6996728153842307,0.3755633376704882,0.41779332766942534,0.12556336022460854,0.1500,1.0000,0.1500,9.106
2026-04-20 22:16:22.563,535,0.5032568410648717,0.6996728153842307,0.37560656211398846,0.4178797769865724,0.1256065839914852,-0.1500,1.0000,0.2500,9.362
2026-04-20 22:16:22.570,536,0.5031909643185022,0.6996728153842307,0.3756504795935177,0.41796761236287305,0.12565050081468954,-0.1000,1.0000,0.3500,9.519
2026-04-20 22:16:22.580,537,0.5031242127899586,0.6996728153842307,0.37569498027170456,0.4180566141239716,0.12569500085624125,0.1500,1.0000,0.3000,10.572
2026-04-20 22:16:22.587,538,0.5030567710204864,0.6996728153842307,0.37573994112073567,0.41814653621461695,0.12573996108773625,0.2500,1.0000,0.1500,12.432
2026-04-20 22:16:22.596,539,0.5029888547103999,0.6996728153842307,0.3757852183400949,0.418237091034141,0.12578523770808542,0.2500,1.0000,0.1500,9.604
2026-04-20 22:16:22.603,540,0.5029217302227394,0.6996728153842307,0.37582996768745763,0.41832659009824796,0.12582998647440846,0.1000,1.0000,0.3000,11.596
2026-04-20 22:16:22.614,541,0.5028566590308283,0.6996728153842307,0.3758733481803198,0.4184133514422724,0.12587336640366215,0.1500,1.0000,0.6000,7.672
2026-04-20 22:16:22.624,542,0.5027921457081573,0.6996728153842307,0.37591635676940766,0.4184993689679991,0.12591637444604975,0.1000,1.0000,0.4500,8.781
2026-04-20 22:16:22.633,543,0.502727094062602,0.6996728153842307,0.37595972424919916,0.4185861042647066,0.125959741395542,0.0500,1.0000,0.3500,10.976
2026-04-20 22:16:22.643,544,0.5026633363006645,0.6996728153842307,0.37600222914842946,0.41867111439017796,0.12600224578038202,0.3000,1.0000,0.3500,6.025
2026-04-20 22:16:22.651,545,0.5025993851631566,0.6996728153842307,0.3760448629729685,0.4187563823564565,0.12604487910596252,-0.0000,1.0000,0.3000,7.453
2026-04-20 22:16:22.661,546,0.5025367021476207,0.6996728153842307,0.3760866513908736,0.41883995949995106,0.12608666703987775,0.1000,1.0000,0.4500,9.340
2026-04-20 22:16:22.669,547,0.5024732744939419,0.6996728153842307,0.3761289362419809,0.4189245295006195,0.1261289514215149,0.4500,1.0000,0.3000,9.227
2026-04-20 22:16:22.736,548,0.5024107344032861,0.6996728153842307,0.3761706293919465,0.41900791609005095,0.12617064411609447,0.1500,1.0000,0.3000,9.450
2026-04-20 22:16:22.744,549,0.5023474061439166,0.6996728153842307,0.3762128479950354,0.41909235357704405,0.12621286227745893,0.3500,1.0000,0.3500,10.423
2026-04-20 22:16:22.754,550,0.502284235172431,0.6996728153842307,0.3762549617466297,0.4191765813526234,0.1262549756005805,-0.1000,1.0000,0.1000,9.698
2026-04-20 22:16:22.763,551,0.5022201407121377,0.6996728153842307,0.37629769116431105,0.41926204045220516,0.1262977046026433,0.0500,1.0000,0.5500,11.119
2026-04-20 22:16:22.771,552,0.5021571555286729,0.6996728153842307,0.37633968107078214,0.4193460205214399,0.12633969410596446,0.2500,1.0000,0.3500,9.724
2026-04-20 22:16:22.780,553,0.5020943447502735,0.6996728153842307,0.37638155471368484,0.41942976805584903,0.1263815673578117,0.2000,1.0000,0.1000,11.201
2026-04-20 22:16:22.788,554,0.5020313608422305,0.6996728153842307,0.37642354378263077,0.41951374643488654,0.12642355604743383,0.3500,1.0000,0.4000,9.781
2026-04-20 22:16:22.798,555,0.5019682155147733,0.6996728153842307,0.37646564047061204,0.41959794004476036,0.12646565236747104,0.2000,1.0000,0.4000,8.354
2026-04-20 22:16:22.807,556,0.501904364725343,0.6996728153842307,0.37650820747248503,0.4196830742754003,0.12650821901243828,0.3500,1.0000,0.5000,10.787
2026-04-20 22:16:22.815,557,0.5018414999084437,0.6996728153842307,0.37655011716506986,0.419766893880657,0.12655012835882448,-0.0000,1.0000,0.4000,7.069
2026-04-20 22:16:22.825,558,0.5017788105289803,0.6996728153842307,0.37659190990492447,0.4198504795738507,0.12659192076286646,0.3500,1.0000,0.0500,11.297
2026-04-20 22:16:22.833,559,0.5017165131896216,0.6996728153842307,0.3766334412901029,0.4199335425512875,0.12663345182230662,-0.1000,1.0000,0.3000,6.536
2026-04-20 22:16:22.842,560,0.5016551575384459,0.6996728153842307,0.3766743448883912,0.4200153499487317,0.12667435510462882,-0.1500,1.0000,0.4000,10.673
2026-04-20 22:16:22.851,561,0.501593775834594,0.6996728153842307,0.3767152658602052,0.42009719208720125,0.1267152757699557,0.3000,1.0000,0.5500,11.533
2026-04-20 22:16:22.860,562,0.5015321991202389,0.6996728153842307,0.37675631684394384,0.4201792942436748,0.1267563264564018,0.1000,1.0000,0.1000,5.119
2026-04-20 22:16:22.869,563,0.5014696903571205,0.6996728153842307,0.37679798919829965,0.4202626391357128,0.12679799852238388,0.2000,1.0000,0.4000,11.602
2026-04-20 22:16:22.879,564,0.5014087388304299,0.6996728153842307,0.37683862339966867,0.4203439077162774,0.12683863244403035,0.3000,1.0000,0.1000,5.410
2026-04-20 22:16:22.888,565,0.5013481640770492,0.6996728153842307,0.37687900642332384,0.42042467393607946,0.12687901519635464,0.2500,1.0000,0.1500,9.724
2026-04-20 22:16:22.897,566,0.5012874554408603,0.6996728153842307,0.3769194787065424,0.42050561866983366,0.1269194872163823,0.2000,1.0000,0.5000,11.304
2026-04-20 22:16:22.907,567,0.5012269785915827,0.6996728153842307,0.37695979646938066,0.4205862543578077,0.12695980472392537,0.1500,1.0000,0.1000,8.265
2026-04-20 22:16:22.917,568,0.5011663745308371,0.6996728153842307,0.37700019904396465,0.42066705966440426,0.127000207050873,0.0500,1.0000,0.1000,8.809
2026-04-20 22:16:22.927,569,0.501104714966648,0.6996728153842307,0.37704130529148844,0.4207492723121576,0.12704131305818953,-0.0500,1.0000,0.0500,8.564
2026-04-20 22:16:22.935,570,0.5010427707883159,0.6996728153842307,0.3770826012856322,0.4208318644485696,0.12708260881933223,0.4500,1.0000,0.3000,7.961
2026-04-20 22:16:22.944,571,0.5009809050398595,0.6996728153842307,0.3771238449969346,0.42091435201485516,0.12712385230462359,0.2500,1.0000,-0.1000,10.316
2026-04-20 22:16:22.953,572,0.500919117040407,0.6996728153842307,0.3771650368791976,0.42099673591875164,0.12716504396765596,0.3000,1.0000,0.2000,7.521
2026-04-20 22:16:22.964,573,0.5008579786603012,0.6996728153842307,0.3772057956854174,0.4210782536663805,0.127205802561222,0.1500,0.9500,0.0000,12.622
2026-04-20 22:16:22.974,574,0.5007971229834537,0.6996728153842307,0.37724636602621386,0.42115939447910705,0.1272463726957443,0.3000,1.0000,0.1000,7.299
2026-04-20 22:16:22.984,575,0.5007367658760444,0.6996728153842307,0.37728660399069786,0.42123987053527473,0.1272866104601424,0.5000,1.0000,0.4000,10.087
2026-04-20 22:16:22.994,576,0.5006778196183838,0.6996728153842307,0.3773259013918965,0.4213184654610556,0.12732590766725768,0.4000,1.0000,0.0000,5.877
2026-04-20 22:16:23.004,577,0.5006193076214805,0.6996728153842307,0.3773649092890407,0.42139648137502617,0.12736491537614106,0.2500,1.0000,0.2000,7.460
2026-04-20 22:16:23.014,578,0.5005613973980074,0.6996728153842307,0.37740351600692196,0.4214736949268803,0.12740352191140927,0.3500,1.0000,0.2500,12.800
2026-04-20 22:16:23.024,579,0.5005033032004358,0.6996728153842307,0.3774422453771352,0.42155115377991575,0.12744225110448792,0.1500,1.0000,0.2500,10.515
2026-04-20 22:16:23.034,580,0.5004463850905352,0.6996728153842307,0.37748019069174615,0.4216270445183683,0.1274801962472783,0.3000,1.0000,0.4500,7.762
2026-04-20 22:16:23.044,581,0.5003896531203756,0.6996728153842307,0.37751801191595613,0.42170268707274194,0.1275180173048223,0.0500,1.0000,0.3000,7.833
2026-04-20 22:16:23.053,582,0.5003317960949086,0.6996728153842307,0.37755658317971463,0.421779829703034,0.1275565884069148,0.2000,1.0000,0.4500,7.772
2026-04-20 22:16:23.063,583,0.500274371846535,0.6996728153842307,0.3775948659280074,0.42185639529931146,0.1275948709983916,0.3000,1.0000,0.4000,8.703
2026-04-20 22:16:23.072,584,0.5002164069708996,0.6996728153842307,0.37763350909699334,0.4219336817339845,0.12763351401526601,0.0500,1.0000,0.3500,10.758
2026-04-20 22:16:23.082,585,0.50015753383524,0.6996728153842307,0.3776727577751053,0.4220121791840085,0.1276727625458298,0.4000,1.0000,0.2000,11.415
2026-04-20 22:16:23.091,586,0.5000975737086738,0.6996728153842307,0.3777127311161914,0.42209212595716683,0.1277127357437942,0.1500,1.0000,0.1500,7.159
2026-04-20 22:16:23.101,587,0.5000369468683232,0.6996728153842307,0.3777531489354326,0.42217296168390567,0.1277531534242073,0.0500,1.0000,0.4000,8.305
2026-04-20 22:16:23.111,588,0.49997625602242146,0.6996728153842307,0.377793609427271,0.42225388275319126,0.12779361378138246,0.6000,1.0000,0.5000,12.687
2026-04-20 22:16:23.121,589,0.49991568553636556,0.6996728153842307,0.37783398968137505,0.4223346433444399,0.12783399390486316,0.4000,1.0000,0.2500,7.824
2026-04-20 22:16:23.133,590,0.4998552347398102,0.6996728153842307,0.37787429014457674,0.4224152443513925,0.12787429424136018,0.2500,1.0000,0.1500,11.568
2026-04-20 22:16:23.143,591,0.49979431780414935,0.6996728153842307,0.3779149013692171,0.4224964668788061,0.12791490534309707,-0.2500,1.0000,0.1500,10.644
2026-04-20 22:16:23.154,592,0.4997337239856295,0.6996728153842307,0.3779552971844042,0.4225772585849691,0.12795530103906774,0.0500,1.0000,0.3000,9.347
2026-04-20 22:16:23.163,593,0.4996730750239164,0.6996728153842307,0.3779957297636349,0.4226581238169457,0.12799573350265853,0.0000,1.0000,0.2000,8.315
2026-04-20 22:16:23.174,594,0.49961216219612953,0.6996728153842307,0.37803633825543875,0.42273934087186316,0.12803634188229168,0.5500,1.0000,0.3000,11.261
2026-04-20 22:16:23.185,595,0.4995517944855873,0.6996728153842307,0.37807658333754784,0.42281983110525173,0.12807658685559517,0.1500,1.0000,0.2000,6.520
2026-04-20 22:16:23.194,596,0.49949195141656483,0.6996728153842307,0.37811647866039133,0.422899621818034,0.12811648207289722,-0.1000,1.0000,0.1000,9.041
2026-04-20 22:16:23.204,597,0.49943361694435384,0.6996728153842307,0.37815536825372226,0.4229774010697783,0.12815537156385298,-0.0500,1.0000,0.2500,5.693
2026-04-20 22:16:23.212,598,0.4993767168512604,0.6996728153842307,0.3781933015959525,0.42305326781736874,0.12819330480677926,0.1500,1.0000,0.1000,8.996
2026-04-20 22:16:23.223,599,0.49931985020217867,0.6996728153842307,0.37823121264376985,0.42312908997423954,0.12823121575827182,0.3500,1.0000,0.3000,10.325
2026-04-20 22:16:23.232,600,0.49926279091624803,0.6996728153842307,0.3782692521177003,0.4232051689814994,0.1282692551387672,0.3000,1.0000,0.4500,14.450
2026-04-20 22:16:23.242,601,0.49920613571840755,0.6996728153842307,0.3783070222010713,0.4232807092058585,0.1283070251315062,0.2500,1.0000,0.2500,11.426
2026-04-20 22:16:23.251,602,0.49914848984232774,0.6996728153842307,0.37834545273805753,0.42335757033571947,0.12834545558057942,-0.1000,1.0000,0.4000,10.451
2026-04-20 22:16:23.264,603,0.49909066151110565,0.6996728153842307,0.37838400491321733,0.4234346747402509,0.12838400767046354,0.0500,1.0000,0.1500,9.169
2026-04-20 22:16:23.275,604,0.4990326604862988,0.6996728153842307,0.37842267221880327,0.42351200940400835,0.12842267489333212,0.1000,1.0000,0.3000,10.614
2026-04-20 22:16:23.284,605,0.498974290113209,0.6996728153842307,0.3784615857579064,0.4235898365332225,0.12846158835219937,0.3500,1.0000,0.2000,9.488
2026-04-20 22:16:23.296,606,0.49891616768530134,0.6996728153842307,0.3785003340015101,0.4236673330699077,0.12850033651797432,0.5000,1.0000,0.3000,10.401
2026-04-20 22:16:23.304,607,0.4988587109071398,0.6996728153842307,0.37853863847986646,0.42374394207461386,0.12853864092083675,0.2500,1.0000,0.3500,8.912
2026-04-20 22:16:23.316,608,0.49880211360604243,0.6996728153842307,0.3785763699747259,0.4238194051108863,0.12857637234246708,0.1500,1.0000,-0.0500,8.215
2026-04-20 22:16:23.324,609,0.49874554858898434,0.6996728153842307,0.37861407994806867,0.4238948251027288,0.1286140822447776,0.3000,1.0000,0.0500,10.998
2026-04-20 22:16:23.336,610,0.49868880743319827,0.6996728153842307,0.37865190734837095,0.42397047994713566,0.12865190957617864,0.5000,1.0000,0.2500,12.262
2026-04-20 22:16:23.346,611,0.49863192593927175,0.6996728153842307,0.3786898283085402,0.42404632190996233,0.12868983046951366,0.3000,1.0000,0.4000,7.037
2026-04-20 22:16:23.354,612,0.4985749373570736,0.6996728153842307,0.37872782066196403,0.42412230665802353,0.12872782275810826,0.5500,1.0000,0.7000,11.573
2026-04-20 22:16:23.365,613,0.49851763614917805,0.6996728153842307,0.37876602143356064,0.42419870824119393,0.12876602346682056,0.4500,1.0000,-0.1000,11.712
2026-04-20 22:16:23.372,614,0.4984592323877251,0.6996728153842307,0.37880495724187224,0.4242765798965949,0.12880495921413435,-0.1500,1.0000,0.2500,10.904
2026-04-20 22:16:23.384,615,0.49840179505504967,0.6996728153842307,0.37884324876531184,0.4243531629810886,0.1288432506784061,0.0000,1.0000,0.1000,7.021
2026-04-20 22:16:23.393,616,0.49834429553528176,0.6996728153842307,0.37888158174776343,0.4244298289824779,0.12888158360346488,0.2000,1.0000,0.4000,8.493
2026-04-20 22:16:23.404,617,0.49828650623381227,0.6996728153842307,0.3789201079189379,0.4245068813602183,0.1289201097189683,0.1000,1.0000,0.2000,12.732
2026-04-20 22:16:23.416,618,0.49822904912354304,0.6996728153842307,0.3789584126302063,0.42458349081708485,0.1289584143762358,0.4000,1.0000,0.1000,8.541
2026-04-20 22:16:23.424,619,0.49817272679053126,0.6996728153842307,0.3789959608241704,0.42465858723831296,0.12899596251781906,0.0000,0.9500,0.0500,11.585
2026-04-20 22:16:23.434,620,0.49811693445986105,0.6996728153842307,0.37903315568408147,0.42473297699043594,0.12903315732692067,0.3000,1.0000,0.2000,10.422
2026-04-20 22:16:23.441,621,0.49806164340832104,0.6996728153842307,0.3790700163587218,0.4248066983710484,0.12907001795227582,0.1000,1.0000,0.0500,8.257
2026-04-20 22:16:23.452,622,0.4980062221361274,0.6996728153842307,0.3791069638479228,0.42488059337984235,0.12910696539367025,0.2000,1.0000,0.1500,13.503
2026-04-20 22:16:23.460,623,0.4979498959461964,0.6996728153842307,0.37914451461638327,0.42495569494624336,0.12914451611575828,-0.1000,1.0000,0.3500,8.764
2026-04-20 22:16:23.471,624,0.49789328128236027,0.6996728153842307,0.37918225770152525,0.425031181145123,0.12918225915591902,0.1500,1.0000,0.1000,9.468
2026-04-20 22:16:23.479,625,0.4978376191695797,0.6996728153842307,0.37921936575335263,0.42510539727651564,0.1292193671641146,0.1000,1.0000,0.3000,13.383
2026-04-20 22:16:23.490,626,0.49778168253164645,0.6996728153842307,0.3792566568226493,0.42517997944201463,0.12925665819108842,0.3500,1.0000,0.3500,11.732
2026-04-20 22:16:23.502,627,0.4977254455828031,0.6996728153842307,0.3792941480998991,0.42525496202261276,0.12929414942728504,-0.0500,1.0000,0.0000,8.982
2026-04-20 22:16:23.510,628,0.49766910472826353,0.6996728153842307,0.3793317086482725,0.4253300831446751,0.12933170993583684,0.4500,1.0000,0.1500,10.442
2026-04-20 22:16:23.521,629,0.4976128599342456,0.6996728153842307,0.37936920515693767,0.4254050761865616,0.1293692064058751,0.5500,0.8500,-0.2000,8.298
2026-04-20 22:16:23.528,630,0.4975571357220485,0.6996728153842307,0.379406354611676,0.4254793751198577,0.1294063558231453,0.0000,1.0000,-0.0500,7.769
2026-04-20 22:16:23.538,631,0.49750257274120574,0.6996728153842307,0.37944272991277994,0.4255521257451704,0.12944273108790516,0.2500,1.0000,0.3000,7.630
2026-04-20 22:16:23.545,632,0.49744788538105833,0.6996728153842307,0.379479188134004,0.4256250422100302,0.1294791892738755,0.2500,1.0000,0.1500,9.652
2026-04-20 22:16:23.555,633,0.49739288904620543,0.6996728153842307,0.3795158523389313,0.4256983706416242,0.12951585344460667,0.0000,1.0000,0.1000,9.148
2026-04-20 22:16:23.565,634,0.4973380151773903,0.6996728153842307,0.3795524349003827,0.4257715357856141,0.1295524359728878,0.0500,1.0000,0.5500,8.889
2026-04-20 22:16:23.572,635,0.49728324656791856,0.6996728153842307,0.37958894728947123,0.4258445605842457,0.12958894832980117,0.2000,1.0000,0.2500,10.188
2026-04-20 22:16:23.583,636,0.4972283630994068,0.6996728153842307,0.3796255362517699,0.4259177385286839,0.12962553726088993,0.1500,1.0000,0.1500,6.777
2026-04-20 22:16:23.590,637,0.4971727746912209,0.6996728153842307,0.37966259517435264,0.42599185639309506,0.12966259615319906,0.6500,1.0000,0.3000,10.325
2026-04-20 22:16:23.601,638,0.4971171272570761,0.6996728153842307,0.37969969344806087,0.4260660529591798,0.1296996943975419,0.3000,1.0000,0.3000,14.026
2026-04-20 22:16:23.610,639,0.49706184183646424,0.6996728153842307,0.3797365503798854,0.4261397668409372,0.12973655130088202,0.4000,1.0000,0.1500,9.110
2026-04-20 22:16:23.622,640,0.49700753584262086,0.6996728153842307,0.3797727543609885,0.42621217482070833,0.1297727552543552,0.4000,1.0000,0.3500,4.982
2026-04-20 22:16:23.633,641,0.49695228095572425,0.6996728153842307,0.3798095909379042,0.4262858479915777,0.12980959180446985,0.1500,1.0000,0.6500,10.399
2026-04-20 22:16:23.640,642,0.4968975695328705,0.6996728153842307,0.3798460652058884,0.42635879654407305,0.1298460660464571,0.2500,1.0000,0.1000,10.556
2026-04-20 22:16:23.652,643,0.4968423314022051,0.6996728153842307,0.37988289061283126,0.42643244737398994,0.1298828914281829,0.1500,1.0000,0.2500,9.951
2026-04-20 22:16:23.660,644,0.4967870145140695,0.6996728153842307,0.3799197685251593,0.42650620321419613,0.12991976931605037,0.0500,1.0000,0.1000,8.598
2026-04-20 22:16:23.672,645,0.49673181784360254,0.6996728153842307,0.37995656629276775,0.4265797987644967,0.12995656705993208,0.2500,1.0000,0.3000,6.414
2026-04-20 22:16:23.679,646,0.49667548832717306,0.6996728153842307,0.379994119291399,0.42665490477639034,0.12999412003554842,0.0000,1.0000,0.3500,12.172
2026-04-20 22:16:23.690,647,0.4966186867389659,0.6996728153842307,0.3800319870049183,0.42673064021762125,0.13003198772674326,0.1500,1.0000,0.2000,11.584
2026-04-20 22:16:23.697,648,0.4965620872927357,0.6996728153842307,0.38006971995747824,0.4268061061365076,0.13006972065764846,0.4000,1.0000,0.1500,10.552
2026-04-20 22:16:23.708,649,0.4965054756749886,0.6996728153842307,0.3801074610247306,0.4268815882843658,0.1301074617038957,0.0500,1.0000,0.2000,12.982
2026-04-20 22:16:23.721,650,0.4964490617692261,0.6996728153842307,0.3801450702843306,0.4269568068165186,0.13014507094312072,0.1500,1.0000,0.3500,8.610
2026-04-20 22:16:23.729,651,0.49639435572346147,0.6996728153842307,0.38018154097092594,0.4270297482022735,0.13018154160995235,0.3500,1.0000,0.4500,8.819
2026-04-20 22:16:23.741,652,0.49634044087176316,0.6996728153842307,0.3802174841951278,0.4271016346628646,0.1302174848149834,0.0500,1.0000,0.3500,10.479
2026-04-20 22:16:23.748,653,0.4962874944730007,0.6996728153842307,0.380252781784347,0.42717222985312475,0.13025278238560695,0.1500,1.0000,0.6000,9.663
2026-04-20 22:16:23.760,654,0.4962344048285075,0.6996728153842307,0.38028817487101874,0.42724301603793524,0.13028817545424085,0.0500,1.0000,0.1500,6.950
2026-04-20 22:16:23.767,655,0.496180757049453,0.6996728153842307,0.3803239400476877,0.42731454640239624,0.13032394061341313,-0.0500,1.0000,0.0500,8.189
2026-04-20 22:16:23.780,656,0.4961276495940687,0.6996728153842307,0.38035934500885754,0.4273853563355253,0.13035934555761122,0.2500,1.0000,0.2500,10.265
2026-04-20 22:16:23.793,657,0.4960735836053876,0.6996728153842307,0.3803953889924978,0.4274574443132716,0.1303953895247889,0.3000,1.0000,0.3500,10.127
2026-04-20 22:16:23.802,658,0.49602030009132564,0.6996728153842307,0.3804309113266564,0.42752848899174056,0.1304309118429788,-0.0500,1.0000,0.0500,9.226
2026-04-20 22:16:23.815,659,0.49596624365305436,0.6996728153842307,0.3804669489438777,0.4276005642360304,0.13046694944471046,0.1500,1.0000,0.0500,9.790
2026-04-20 22:16:23.822,660,0.4959116548730468,0.6996728153842307,0.3805033414558387,0.427673349269504,0.13050334194164642,0.2000,1.0000,0.1500,13.352
2026-04-20 22:16:23.835,661,0.49585807235682827,0.6996728153842307,0.38053906312551494,0.4277447926181217,0.13053906359674844,0.2000,1.0000,0.3000,11.422
2026-04-20 22:16:23.898,662,0.49580393947537715,0.6996728153842307,0.3805751517055804,0.42781696978723976,0.13057515216267684,0.2000,1.0000,0.3500,12.997
2026-04-20 22:16:23.922,663,0.49574882848246904,0.6996728153842307,0.3806118923601775,0.42789045110515167,0.13061189280356109,0.1000,1.0000,0.3500,10.145
2026-04-20 22:16:23.931,664,0.4956942988301083,0.6996728153842307,0.38064824545462994,0.42796315730251266,0.13064824588471202,0.0000,1.0000,0.2500,7.069
2026-04-20 22:16:23.939,665,0.49563989327099883,0.6996728153842307,0.38068451582046187,0.4280356980423789,0.1306845162376415,0.0500,1.0000,0.2500,6.966
2026-04-20 22:16:23.949,666,0.49558823687523285,0.6996728153842307,0.3807189534109387,0.4281045732312889,0.13071895381560295,0.2000,0.8000,0.1500,6.020
2026-04-20 22:16:23.959,667,0.4955375031129334,0.6996728153842307,0.38075277591263884,0.42817221824240687,0.1307527763051632,0.0500,1.0000,0.4500,8.195
2026-04-20 22:16:23.967,668,0.49548743475655493,0.6996728153842307,0.38078615481058664,0.42823897604578853,0.13078615519133524,0.2000,1.0000,0.3000,11.138
2026-04-20 22:16:23.976,669,0.49543758492576445,0.6996728153842307,0.38081938802499826,0.42830544248187336,0.13081938839432442,-0.1000,1.0000,0.1000,7.226
2026-04-20 22:16:23.987,670,0.4953875052042621,0.6996728153842307,0.38085277450006794,0.4283722154390564,0.1308527748583143,0.2000,1.0000,0.1000,10.715
2026-04-20 22:16:23.995,671,0.4953376432142347,0.6996728153842307,0.38088601582099896,0.4284386980877508,0.13088601616849793,0.1000,1.0000,0.1000,7.841
2026-04-20 22:16:24.005,672,0.4952875615237433,0.6996728153842307,0.38091940360907856,0.4285054736705374,0.13091940394615253,0.0500,1.0000,0.5000,12.502
2026-04-20 22:16:24.013,673,0.49523726226980774,0.6996728153842307,0.38095293643962175,0.4285725393380523,0.13095293676658348,-0.1500,1.0000,0.1500,8.813
2026-04-20 22:16:24.021,674,0.49518586580321794,0.6996728153842307,0.38098720074543013,0.4286410679559048,0.13098720106258302,0.1000,1.0000,0.2000,8.905
2026-04-20 22:16:24.030,675,0.49513427947778366,0.6996728153842307,0.38102159162395904,0.42870984971901127,0.13102159193159735,-0.1000,1.0000,0.7000,13.953
2026-04-20 22:16:24.037,676,0.49508140406059536,0.6996728153842307,0.38105684189714345,0.4287803502712473,0.1310568421955526,0.0000,1.0000,0.2500,7.488
2026-04-20 22:16:24.046,677,0.4950303930986606,0.6996728153842307,0.38109084920030706,0.4288483648832657,0.13109084948976396,-0.1000,1.0000,0.2000,7.560
2026-04-20 22:16:24.053,678,0.4949800756553391,0.6996728153842307,0.3811243941578723,0.4289154548039167,0.1311243944386455,0.0000,1.0000,0.2500,7.883
2026-04-20 22:16:24.062,679,0.4949297695970356,0.6996728153842307,0.381157931525565,0.4289825295446569,0.13115793179791496,0.3500,1.0000,0.2000,10.181
2026-04-20 22:16:24.071,680,0.4948792541947682,0.6996728153842307,0.3811916084560356,0.4290498834107923,0.13119160872021507,0.2000,1.0000,0.2500,10.030
2026-04-20 22:16:24.078,681,0.49482943017479075,0.6996728153842307,0.3812248244651108,0.42911631543398104,0.13122482472136487,0.3000,1.0000,0.2500,11.857
2026-04-20 22:16:24.086,682,0.4947785177064687,0.6996728153842307,0.381258766106543,0.42918419872173275,0.1312587663551095,0.1500,1.0000,0.6000,8.048
2026-04-20 22:16:24.093,683,0.4947278934054221,0.6996728153842307,0.38129251563658173,0.42925169778655076,0.13129251587769122,0.4500,1.0000,0.2500,11.051
2026-04-20 22:16:24.100,684,0.49467733143515824,0.6996728153842307,0.3813262236128851,0.42931911374375586,0.1313262238467613,0.4000,1.0000,0.5000,10.154
2026-04-20 22:16:24.108,685,0.49462704876056335,0.6996728153842307,0.381359745392192,0.42938615730683,0.13135974561905187,0.4000,1.0000,0.4000,8.906
2026-04-20 22:16:24.115,686,0.4945763550726628,0.6996728153842307,0.38139354118048197,0.42945374888773663,0.13139354140053608,0.1000,1.0000,0.4000,10.792
2026-04-20 22:16:24.123,687,0.494526608809782,0.6996728153842307,0.38142670535220147,0.42952007723537244,0.13142670556565395,0.2500,1.0000,0.3000,10.549
2026-04-20 22:16:24.130,688,0.4944764359946274,0.6996728153842307,0.3814601538922095,0.42958697431945947,0.13146015409925843,0.3000,1.0000,0.2000,7.078
2026-04-20 22:16:24.139,689,0.4944269725244003,0.6996728153842307,0.381493129535702,0.42965292561039337,0.1314931297365395,0.3500,1.0000,0.3500,13.507
2026-04-20 22:16:24.145,690,0.49437662434273105,0.6996728153842307,0.3815266949869225,0.4297200565166646,0.13152669518173485,-0.1500,1.0000,0.5000,11.936
2026-04-20 22:16:24.153,691,0.4943251663632669,0.6996728153842307,0.3815610003034363,0.42978866715340763,0.1315610004924043,-0.1000,1.0000,0.2000,11.209
2026-04-20 22:16:24.160,692,0.4942748831939232,0.6996728153842307,0.381594522413297,0.42985571137673295,0.13159452259659596,0.1000,1.0000,0.1500,6.991
2026-04-20 22:16:24.168,693,0.4942252804096614,0.6996728153842307,0.3816275909331942,0.4299218484200231,0.13162759111099417,0.1500,1.0000,0.2500,6.419
2026-04-20 22:16:24.177,694,0.4941754576071887,0.6996728153842307,0.38166080613198694,0.4299882788209996,0.13166080630445293,0.4000,1.0000,0.2500,10.514
2026-04-20 22:16:24.184,695,0.49412564716236745,0.6996728153842307,0.381694013092431,0.430054692745177,0.13169401325972302,0.4500,1.0000,0.1500,8.456
2026-04-20 22:16:24.191,696,0.49407585017805594,0.6996728153842307,0.38172721107928503,0.43012108872207566,0.1317272112415583,-0.2000,1.0000,0.0500,5.722
2026-04-20 22:16:24.198,697,0.4940244751498519,0.6996728153842307,0.38176146109548137,0.4301895887575632,0.13176146125288646,-0.0500,1.0000,0.4000,7.999
2026-04-20 22:16:24.206,698,0.4939727011628369,0.6996728153842307,0.3817959770842966,0.4302586207381956,0.1317959772369795,-0.1000,1.0000,0.1000,9.320
2026-04-20 22:16:24.212,699,0.4939205360174732,0.6996728153842307,0.3818307538454201,0.43032817426335457,0.13183075399352254,0.2000,1.0000,0.1000,8.920
2026-04-20 22:16:24.220,700,0.4938684582134912,0.6996728153842307,0.3818654723790294,0.4303976113333977,0.13186547252268876,0.0000,1.0000,0.1000,8.455
2026-04-20 22:16:24.227,701,0.493815288113331,0.6996728153842307,0.38190091911016216,0.4304685047984031,0.13190091924951175,0.4000,1.0000,0.5500,14.373
2026-04-20 22:16:24.234,702,0.4937624595775385,0.6996728153842307,0.3819361381317856,0.4305389428443077,0.13193613826695474,0.1500,1.0000,0.2000,13.374
2026-04-20 22:16:24.243,703,0.49370928199619535,0.6996728153842307,0.38197158985051005,0.4306098462843345,0.13197158998162412,0.4000,1.0000,0.1000,10.034
2026-04-20 22:16:24.250,704,0.4936562230628111,0.6996728153842307,0.38200696247066035,0.43068059152713567,0.132006962597841,0.3000,1.0000,0.3500,13.014
2026-04-20 22:16:24.258,705,0.49360326797241505,0.6996728153842307,0.382042265862215,0.4307511983126705,0.13204226598558025,0.3000,1.0000,0.0500,8.909
2026-04-20 22:16:24.265,706,0.49354996230177395,0.6996728153842307,0.3820778029739943,0.4308222725385819,0.1320778030936586,-0.2500,1.0000,0.2000,10.133
2026-04-20 22:16:24.273,707,0.4934960746728137,0.6996728153842307,0.3821137280580458,0.4308941227089671,0.13211372817412018,-0.1000,1.0000,0.0500,11.905
2026-04-20 22:16:24.280,708,0.49344186821622915,0.6996728153842307,0.38214986569390447,0.43096639798289826,0.13214986580649665,0.3000,1.0000,0.0000,9.942
2026-04-20 22:16:24.289,709,0.4933873866012794,0.6996728153842307,0.38218618676872923,0.4310390401346952,0.13218618687794367,0.2000,1.0000,0.0500,8.713
2026-04-20 22:16:24.299,710,0.4933342351475131,0.6996728153842307,0.382221621069486,0.4311099087382916,0.13222162117542396,0.2000,1.0000,0.6000,8.641
2026-04-20 22:16:24.306,711,0.4932809990666369,0.6996728153842307,0.3822571117883686,0.4311808901780772,0.13225711189112843,-0.1000,1.0000,0.1500,10.812
2026-04-20 22:16:24.315,712,0.49322884039947995,0.6996728153842307,0.3822918842314894,0.4312504350662787,0.13229188433116648,0.2500,1.0000,0.1000,11.501
2026-04-20 22:16:24.322,713,0.4931779714890362,0.6996728153842307,0.382325796836851,0.43131826027890285,0.13232579693353774,0.1000,1.0000,0.2500,8.407
2026-04-20 22:16:24.331,714,0.49312811302976156,0.6996728153842307,0.38235903580814784,0.4313847382233405,0.13235903590193399,0.1000,1.0000,0.2000,8.690
2026-04-20 22:16:24.337,715,0.4930780625919543,0.6996728153842307,0.3823924027651797,0.4314514721391929,0.13239240285615225,0.2000,1.0000,0.0000,9.080
2026-04-20 22:16:24.347,716,0.4930278307025127,0.6996728153842307,0.3824258906900129,0.43151844799059436,0.1324258907782563,0.4000,1.0000,0.3000,10.194
2026-04-20 22:16:24.355,717,0.49297650545169636,0.6996728153842307,0.38246010752247317,0.43158688165719783,0.13246010760806928,0.1500,1.0000,0.3000,9.326
2026-04-20 22:16:24.363,718,0.4929255199336089,0.6996728153842307,0.38249409786649,0.431654862346864,0.13249409794951825,0.0500,1.0000,0.2000,5.974
2026-04-20 22:16:24.373,719,0.49287624590370716,0.6996728153842307,0.3825269472184243,0.43172056105231604,0.1325269472989617,-0.1000,1.0000,0.3500,6.531
2026-04-20 22:16:24.380,720,0.4928270238900186,0.6996728153842307,0.3825597618929231,0.43178619040284966,0.1325597619710444,0.1000,1.0000,0.1500,6.473
2026-04-20 22:16:24.389,721,0.49277737838005115,0.6996728153842307,0.38259285889831335,0.43185238441512,0.132592858974091,0.1500,1.0000,0.3500,8.872
2026-04-20 22:16:24.396,722,0.49272849235374194,0.6996728153842307,0.3826254495813024,0.4319175657825433,0.13262544965480672,0.1500,1.0000,0.3500,11.409
2026-04-20 22:16:24.406,723,0.4926808176466664,0.6996728153842307,0.3826572327181722,0.4319811320576848,0.1326572327894714,0.2000,1.0000,0.2500,7.971
2026-04-20 22:16:24.414,724,0.492632460617032,0.6996728153842307,0.3826894707367833,0.4320456080962668,0.1326894708059435,0.1500,1.0000,0.1500,12.413
2026-04-20 22:16:24.423,725,0.49258416180510406,0.6996728153842307,0.3827216699436244,0.4321100065112681,0.13272167001070984,0.4500,0.9000,-0.1000,7.901
2026-04-20 22:16:24.433,726,0.4925354463043248,0.6996728153842307,0.3827541469430664,0.4321749605114316,0.1327541470081393,0.3000,1.0000,0.5000,10.475
2026-04-20 22:16:24.441,727,0.4924877287075195,0.6996728153842307,0.3827859586732248,0.43223858397298937,0.1327859587363455,-0.1000,1.0000,0.5000,8.963
2026-04-20 22:16:24.452,728,0.49244097890009114,0.6996728153842307,0.38281712521049654,0.4323009170487367,0.13281712527172365,0.1000,1.0000,0.3000,8.396
2026-04-20 22:16:24.460,729,0.4923942477718596,0.6996728153842307,0.38284827929500087,0.432363225218913,0.13284827935439114,-0.1000,1.0000,0.2500,7.690
2026-04-20 22:16:24.470,730,0.49234778655053535,0.6996728153842307,0.3828792534415965,0.4324251735132369,0.13287925349920504,0.2000,1.0000,0.2000,10.021
2026-04-20 22:16:24.478,731,0.49230112839251605,0.6996728153842307,0.38291035887935077,0.4324873843898441,0.13291035893523104,0.0500,1.0000,0.3500,5.673
2026-04-20 22:16:24.489,732,0.49225357504457884,0.6996728153842307,0.3829420611104114,0.43255078885303105,0.13294206116461527,0.0000,1.0000,0.3000,8.963
2026-04-20 22:16:24.498,733,0.4922063502170588,0.6996728153842307,0.3829735443278875,0.432613755289017,0.13297354438046527,0.2000,1.0000,0.0500,9.629
2026-04-20 22:16:24.506,734,0.4921585078524247,0.6996728153842307,0.3830054392367991,0.43267754510784295,0.1330054392877995,-0.1000,1.0000,0.1500,6.876
2026-04-20 22:16:24.515,735,0.49211145927296635,0.6996728153842307,0.38303680495561887,0.43274027654645514,0.13303680500508927,0.1500,1.0000,0.1500,6.505
2026-04-20 22:16:24.523,736,0.4920644990465908,0.6996728153842307,0.383068111772408,0.4328028901809769,0.1330681118203943,0.2000,1.0000,0.1000,12.693
2026-04-20 22:16:24.533,737,0.4920169281596799,0.6996728153842307,0.3830998256962445,0.4328663180295651,0.13309982574279122,0.2000,1.0000,0.2500,11.512
2026-04-20 22:16:24.539,738,0.49196945029223654,0.6996728153842307,0.38313147760712585,0.43292962185221545,0.13313147765227615,0.1000,1.0000,0.6000,13.819
2026-04-20 22:16:24.549,739,0.4919209046366754,0.6996728153842307,0.3831638413767747,0.43299434939237436,0.13316384142057053,0.4500,1.0000,0.5000,9.578
2026-04-20 22:16:24.559,740,0.49187364459250515,0.6996728153842307,0.3831953480721848,0.4330573627840298,0.13319534811466674,-0.0500,0.9500,0.0000,5.200
2026-04-20 22:16:24.567,741,0.49182530806248914,0.6996728153842307,0.3832275724248465,0.4331218114901634,0.133227572466054,0.3500,1.0000,0.0000,10.610
2026-04-20 22:16:24.577,742,0.4917771009921389,0.6996728153842307,0.38325971047108487,0.4331860875834259,0.1332597105110561,0.1000,1.0000,0.0000,10.263
2026-04-20 22:16:24.584,743,0.4917294812156389,0.6996728153842307,0.38329145698810957,0.4332495806182376,0.13329145702688164,0.3000,1.0000,-0.0500,8.268
2026-04-20 22:16:24.595,744,0.49168174759751243,0.6996728153842307,0.38332327939957117,0.43331322544190026,0.1333232794371801,-0.0500,0.8500,-0.1000,8.883
2026-04-20 22:16:24.602,745,0.49163481619490806,0.6996728153842307,0.38335456700070336,0.4333758006448819,0.133354567037184,0.1000,1.0000,0.1500,8.665
2026-04-20 22:16:24.613,746,0.4915888989430545,0.6996728153842307,0.3833851785013531,0.4334370236468772,0.13338517853673937,0.0500,1.0000,0.3000,10.291
2026-04-20 22:16:24.624,747,0.4915434926640082,0.6996728153842307,0.3834154493534823,0.43349756535181044,0.13341544938780697,0.1500,1.0000,0.3000,8.401
2026-04-20 22:16:24.631,748,0.49149882997618655,0.6996728153842307,0.38344522447814544,0.43355711560179133,0.13344522451144036,0.5500,1.0000,0.3500,13.363
2026-04-20 22:16:24.645,749,0.4914537219246221,0.6996728153842307,0.383475296511987,0.4336172596701094,0.13347529654428306,0.0000,1.0000,0.3000,10.591
2026-04-20 22:16:24.653,750,0.49141074918350375,0.6996728153842307,0.38350394500554713,0.43367455665784566,0.13350394503687435,0.0500,1.0000,0.2500,6.802
2026-04-20 22:16:24.664,751,0.4913679904536773,0.6996728153842307,0.38353245082492826,0.4337315682972054,0.13353245085531568,0.2000,1.0000,0.2000,10.353
2026-04-20 22:16:24.673,752,0.4913265988366919,0.6996728153842307,0.3835600452357638,0.433786757119456,0.1335600452652396,0.0500,1.0000,0.0500,8.355
2026-04-20 22:16:24.685,753,0.49128608869348284,0.6996728153842307,0.38358705199742976,0.4338407706433501,0.13358705202602128,0.0500,0.9500,0.3500,9.185
2026-04-20 22:16:24.692,754,0.49124454677179247,0.6996728153842307,0.3836147466114308,0.43389615987189745,0.13361474663916456,0.4000,1.0000,0.4000,12.146
2026-04-20 22:16:24.705,755,0.4912031832512732,0.6996728153842307,0.3836423222913315,0.4339513112322278,0.13364232231823325,0.1500,1.0000,0.1000,7.800
2026-04-20 22:16:24.718,756,0.4911638637364705,0.6996728153842307,0.3836685353007679,0.4340037372516137,0.13366853532686263,-0.1000,0.7500,0.0000,4.428
2026-04-20 22:16:24.726,757,0.4911246785401425,0.6996728153842307,0.38369465876456743,0.43405598417971036,0.1336946587898793,0.1500,1.0000,0.0500,11.025
2026-04-20 22:16:24.742,758,0.4910858314940507,0.6996728153842307,0.38372055679488876,0.43410778024083574,0.13372055681944128,0.0000,1.0000,0.7000,11.303
2026-04-20 22:16:24.751,759,0.4910457106565328,0.6996728153842307,0.38374730401950635,0.4341612746905392,0.13374730404332233,-0.1500,1.0000,0.0000,8.301
2026-04-20 22:16:24.766,760,0.49100481788285055,0.6996728153842307,0.3837745658682453,0.4342157983884714,0.13377456589134684,-0.1000,1.0000,0.1500,7.775
2026-04-20 22:16:24.774,761,0.49096410504195875,0.6996728153842307,0.38380170776180217,0.43427008217602564,0.13380170778421063,0.2000,1.0000,0.4000,10.253
2026-04-20 22:16:24.790,762,0.49092469296032165,0.6996728153842307,0.3838279824825337,0.434322631617916,0.1338279825042699,-0.0000,1.0000,0.7000,10.847
2026-04-20 22:16:24.803,763,0.4908849258801098,0.6996728153842307,0.3838544938689925,0.4343756543912482,0.13385449389007661,0.1500,1.0000,0.6000,6.017
2026-04-20 22:16:24.812,764,0.4908459943759717,0.6996728153842307,0.3838804482047459,0.4344275630631571,0.13388044822519748,0.0500,1.0000,0.3000,8.466
2026-04-20 22:16:24.831,765,0.49080669932839155,0.6996728153842307,0.38390664490280424,0.43447995645966375,0.13390664492264223,0.0000,1.0000,0.5000,7.948
2026-04-20 22:16:24.840,766,0.49076777339276295,0.6996728153842307,0.38393259552623804,0.43453185770690966,0.13393259554548087,0.5500,1.0000,0.2500,9.387
2026-04-20 22:16:24.855,767,0.4907291884825719,0.6996728153842307,0.3839583187993897,0.43458330425357994,0.13395831881805523,0.0500,1.0000,0.5000,7.084
2026-04-20 22:16:24.863,768,0.4906907167438378,0.6996728153842307,0.38398396662491263,0.4346345999049818,0.1339839666430182,0.0500,1.0000,0.0000,11.101
2026-04-20 22:16:24.877,769,0.49065166504219027,0.6996728153842307,0.38401000109238687,0.43468666884027557,0.13401000110994923,0.0500,1.0000,0.4000,9.693
2026-04-20 22:16:24.890,770,0.49061181909466495,0.6996728153842307,0.3840365650571217,0.4347397967700801,0.13403656507415718,-0.0000,1.0000,-0.0500,10.237
2026-04-20 22:16:24.899,771,0.4905714478076764,0.6996728153842307,0.3840634792481738,0.4347936251525092,0.1340634792646982,0.1000,1.0000,0.5000,10.206
2026-04-20 22:16:24.913,772,0.49053009629113636,0.6996728153842307,0.38409104692560175,0.4348487605076803,0.13409104694163043,0.1500,1.0000,0.4000,8.183
2026-04-20 22:16:24.921,773,0.4904878172173817,0.6996728153842307,0.38411923297451406,0.4349051326058106,0.13411923299006187,0.3500,1.0000,0.4500,11.998
2026-04-20 22:16:24.933,774,0.49044512176543253,0.6996728153842307,0.38414769660889714,0.43496205987487324,0.13414769662397852,0.0000,1.0000,-0.0500,9.498
2026-04-20 22:16:24.941,775,0.4904020061591639,0.6996728153842307,0.3841764403461673,0.4350195473497012,0.13417644036079626,0.6000,1.0000,0.5000,12.241
2026-04-20 22:16:25.024,776,0.4903585011909542,0.6996728153842307,0.3842054436580722,0.4350775539737899,0.13420544367226223,-0.0000,0.9500,-0.0500,10.699
2026-04-20 22:16:25.033,777,0.4903143770123969,0.6996728153842307,0.3842348597768825,0.4351363862116811,0.13423485979064684,0.1500,1.0000,0.3500,7.539
2026-04-20 22:16:25.040,778,0.490270596721573,0.6996728153842307,0.38426404663721064,0.43519475993259993,0.13426404665056205,0.4000,1.0000,0.5000,8.426
2026-04-20 22:16:25.048,779,0.49022620954923113,0.6996728153842307,0.3842936380852241,0.4352539428288815,0.13429363809817496,-0.1000,1.0000,0.3500,11.224
2026-04-20 22:16:25.056,780,0.49018169493281943,0.6996728153842307,0.38432331449595725,0.4353132956505948,0.13432331450851956,0.1500,1.0000,0.1000,13.066
2026-04-20 22:16:25.065,781,0.49013659132335546,0.6996728153842307,0.38435338356873144,0.4353734337963828,0.13435338358091692,0.2000,1.0000,0.1500,10.958
2026-04-20 22:16:25.071,782,0.4900911695216146,0.6996728153842307,0.3843836647696963,0.43543399619854495,0.13438366478151623,0.1500,1.0000,0.0500,10.134
2026-04-20 22:16:25.080,783,0.49004591890746396,0.6996728153842307,0.38441383184560685,0.4354943303505915,0.13441383185707217,0.3000,1.0000,-0.1000,9.053
2026-04-20 22:16:25.088,784,0.4900017867460252,0.6996728153842307,0.3844432532863819,0.43555317323236026,0.13444325329750326,0.0500,1.0000,0.5000,10.346
2026-04-20 22:16:25.097,785,0.48995587633560445,0.6996728153842307,0.3844738602264838,0.43561438711277606,0.13447386023727145,0.0500,1.0000,0.4500,12.154
2026-04-20 22:16:25.107,786,0.4899087099952269,0.6996728153842307,0.3845053044532289,0.435677275566472,0.13450530446369294,0.1000,1.0000,0.0500,10.060
2026-04-20 22:16:25.116,787,0.4898631976197409,0.6996728153842307,0.38453564603671814,0.4357379587336501,0.1345356460468683,0.1500,1.0000,0.1500,9.019
2026-04-20 22:16:25.125,788,0.4898195215259851,0.6996728153842307,0.38456476343239226,0.435796193525192,0.13456476344223792,0.0500,0.9500,0.2000,6.010
2026-04-20 22:16:25.135,789,0.4897749835989943,0.6996728153842307,0.38459445538356135,0.4358555774277179,0.13459445539311163,-0.1000,1.0000,0.2000,8.775
2026-04-20 22:16:25.144,790,0.48973008473209284,0.6996728153842307,0.38462438796134224,0.4359154425834619,0.13462438797060602,0.7500,1.0000,0.1000,8.861
2026-04-20 22:16:25.152,791,0.48968554975057316,0.6996728153842307,0.38465407794887324,0.4359748225587005,0.1346540779578591,0.1000,1.0000,0.1000,9.770
2026-04-20 22:16:25.162,792,0.48964113709202073,0.6996728153842307,0.38468368638776385,0.43603403943665314,0.13468368639648015,0.3500,1.0000,0.3500,12.127
2026-04-20 22:16:25.171,793,0.48959877746048047,0.6996728153842307,0.384711926141984,0.43609051894525974,0.13471192615043884,0.0500,1.0000,0.2500,9.914
2026-04-20 22:16:25.179,794,0.4895560180226479,0.6996728153842307,0.38474043243373657,0.4361475315289261,0.13474043244193776,0.4500,1.0000,0.4000,12.740
2026-04-20 22:16:25.188,795,0.4895131120600865,0.6996728153842307,0.3847690364086458,0.4362047394789009,0.13476903641660093,0.1000,1.0000,-0.0500,9.753
2026-04-20 22:16:25.196,796,0.489469106567604,0.6996728153842307,0.38479837340350637,0.4362634134687738,0.13479837341122286,0.0500,1.0000,0.3000,9.374
2026-04-20 22:16:25.205,797,0.48942473956638594,0.6996728153842307,0.3848279514041945,0.4363225694702972,0.1348279514116795,0.1500,1.0000,0.1500,8.967
2026-04-20 22:16:25.213,798,0.4893814831548255,0.6996728153842307,0.3848567890117813,0.4363802446856134,0.1348567890190417,0.1500,1.0000,0.2000,11.037
2026-04-20 22:16:25.222,799,0.48933739138548793,0.6996728153842307,0.3848861835245564,0.4364390337113021,0.13488618353159898,0.1000,1.0000,0.3500,8.157
2026-04-20 22:16:25.230,800,0.4892931921196689,0.6996728153842307,0.384915649701656,0.43649796606563557,0.13491564970848727,0.3000,1.0000,0.4000,11.686
2026-04-20 22:16:25.240,801,0.4892496057079944,0.6996728153842307,0.3849447073093292,0.4365560812811124,0.1349447073159556,0.1000,1.0000,0.4000,11.938
2026-04-20 22:16:25.249,802,0.4892058917274323,0.6996728153842307,0.3849738499629309,0.4366143665884421,0.13497384996935846,0.2500,1.0000,0.0000,8.500
2026-04-20 22:16:25.256,803,0.48916302245329557,0.6996728153842307,0.3850024294789188,0.4366715256205405,0.13500242948515354,0.0000,1.0000,0.0500,8.927
2026-04-20 22:16:25.265,804,0.4891200060531273,0.6996728153842307,0.38503110707893085,0.43672888082068356,0.13503110708497856,0.3000,1.0000,0.5000,11.874
2026-04-20 22:16:25.273,805,0.48907711556374583,0.6996728153842307,0.38505970073842133,0.4367860681397799,0.1350597007442876,0.1500,1.0000,-0.1000,6.009
2026-04-20 22:16:25.282,806,0.4890357822729844,0.6996728153842307,0.3850872562655014,0.4368411791940519,0.1350872562711917,0.1500,1.0000,0.2000,8.684
2026-04-20 22:16:25.290,807,0.48899496456292335,0.6996728153842307,0.38511446807211736,0.43689560280739237,0.13511446807763694,0.0500,1.0000,0.6000,7.630
2026-04-20 22:16:25.300,808,0.4889546440242466,0.6996728153842307,0.38514134843114656,0.436949363525556,0.13514134843650055,0.0000,1.0000,0.3000,8.138
2026-04-20 22:16:25.309,809,0.4889138367149397,0.6996728153842307,0.3851685533039318,0.43700377327122863,0.1351685533091252,0.1000,1.0000,0.5500,11.805
2026-04-20 22:16:25.316,810,0.4888747472292561,0.6996728153842307,0.3851946129609708,0.4370558925854056,0.13519461296600838,0.2500,1.0000,0.3000,7.577
2026-04-20 22:16:25.325,811,0.4888361419286476,0.6996728153842307,0.3852203498279622,0.43710736631948455,0.13522034983284867,0.1500,1.0000,0.1500,10.310
2026-04-20 22:16:25.333,812,0.4887989534813077,0.6996728153842307,0.38524514212611033,0.437156950915874,0.13524514213085018,0.2500,1.0000,0.1500,11.296
2026-04-20 22:16:25.341,813,0.48876149204184144,0.6996728153842307,0.3852701164190117,0.4372068995017671,0.13527011642360937,0.4500,1.0000,0.1500,10.352
2026-04-20 22:16:25.348,814,0.48872424007150694,0.6996728153842307,0.38529495106582756,0.43725656879548647,0.13529495107028727,0.1000,1.0000,0.3000,6.695
2026-04-20 22:16:25.357,815,0.48868718672348604,0.6996728153842307,0.38531965329776985,0.43730597325945614,0.13531965330209578,0.1500,1.0000,0.4000,6.839
2026-04-20 22:16:25.366,816,0.4886498618263122,0.6996728153842307,0.3853445365624829,0.4373557397889648,0.13534453656667908,0.2000,1.0000,0.1500,8.701
2026-04-20 22:16:25.373,817,0.4886136798322318,0.6996728153842307,0.38536865789180247,0.4374039824476839,0.13536865789587274,-0.0000,1.0000,0.3000,10.089
2026-04-20 22:16:25.383,818,0.48857813831094515,0.6996728153842307,0.38539461923077345,0.43745590512570354,0.13539660285229455,0.2000,0.9000,0.0500,7.068
2026-04-20 22:16:25.389,819,0.48854299631109294,0.6996613780465015,0.3854301237215531,0.4375269141073381,0.13544267427252965,0.1500,1.0000,0.1500,10.466
2026-04-20 22:16:25.398,820,0.48850632631117885,0.6996379079274314,0.3854733565280131,0.4376133797203312,0.13550234495129787,0.4000,1.0000,0.0500,10.798
2026-04-20 22:16:25.405,821,0.4884696201285076,0.6995946825420452,0.38552774094062325,0.43772214854562236,0.1355829037849911,0.1500,1.0000,0.1000,8.922
2026-04-20 22:16:25.413,822,0.4884328809261349,0.6995377913572098,0.38558979999250614,0.4378462666494568,0.13567783330582994,0.3000,1.0000,0.3000,11.044
2026-04-20 22:16:25.421,823,0.4883965602352948,0.6994673271261899,0.3856591843530371,0.4379850353705853,0.13578674191211298,0.3500,1.0000,0.3000,10.205
2026-04-20 22:16:25.430,824,0.48836018931027825,0.6993885063340921,0.38573323022202466,0.4381331271086251,0.1359043615434843,0.6000,1.0000,0.3500,9.613
2026-04-20 22:16:25.439,825,0.48832377631500323,0.6992992991449404,0.3858130964778916,0.43829285962042164,0.13603286985927185,0.4500,1.0000,0.1500,10.105
2026-04-20 22:16:25.446,826,0.4882875686110307,0.6991931282727316,0.38590238094439483,0.43847142855348903,0.13617915707326397,0.0500,1.0000,0.0000,11.796
2026-04-20 22:16:25.454,827,0.4882513408832569,0.699073082837179,0.38599947277418906,0.4386656122131365,0.13634007141287746,0.1500,1.0000,0.1000,8.353
2026-04-20 22:16:25.461,828,0.4882151023854549,0.6989319225091205,0.3861085071582766,0.43888368098136876,0.1365233717592759,-0.1000,1.0000,-0.2000,7.192
2026-04-20 22:16:25.469,829,0.4881778946956358,0.6987851614649396,0.38622126170935994,0.43910919008359095,0.1367130820567829,0.5000,1.0000,-0.0500,9.921
2026-04-20 22:16:25.476,830,0.48813996702001244,0.6986206093809173,0.38634453998033863,0.43935574662560223,0.13692210433737598,0.0000,1.0000,0.2500,11.449
2026-04-20 22:16:25.485,831,0.4881010993148221,0.6984459930857022,0.38647407701377184,0.4396148206925209,0.13714231344699185,0.3500,1.0000,0.3000,11.290
2026-04-20 22:16:25.495,832,0.4880613433099384,0.6982601666830651,0.38661049668797487,0.43988766004097757,0.1373749093332313,0.1000,1.0000,0.3500,9.081
2026-04-20 22:16:25.502,833,0.4880204776151963,0.6980653353473526,0.38675268995680523,0.4401720465786874,0.1376176833903142,0.3000,1.0000,0.1000,7.377
2026-04-20 22:16:25.511,834,0.4879792648947412,0.6978618806906227,0.3868999336697059,0.4404665340045364,0.13786972459836425,0.3000,1.0000,0.2000,11.995
2026-04-20 22:16:25.518,835,0.48793771764281646,0.6976477189817121,0.38705341345625555,0.44077349357768203,0.13813326330115014,0.2000,1.0000,0.3000,10.739
2026-04-20 22:16:25.527,836,0.48789706018819784,0.6974260895127321,0.3872104652310927,0.44108759712740114,0.1384040185304047,0.2000,0.9500,0.1000,9.130
2026-04-20 22:16:25.534,837,0.48785724720172996,0.6971966472251953,0.3873713194530821,0.4414093055714235,0.13868239595449222,0.3000,1.0000,0.0500,10.682
2026-04-20 22:16:25.544,838,0.48781705439663464,0.6969616922029878,0.3875354809510148,0.44173762856733106,0.1389667529601084,0.4500,1.0000,0.3000,12.080
2026-04-20 22:16:25.554,839,0.4877774663645309,0.6967152718312956,0.3877056977067747,0.4420780620788918,0.1392628163583968,-0.0000,1.0000,0.0500,8.761
2026-04-20 22:16:25.562,840,0.48773748765608127,0.6964532982151284,0.38788497208890155,0.44243661084318525,0.1395756349115892,-0.2000,1.0000,0.0000,7.345
2026-04-20 22:16:25.571,841,0.4876961544046969,0.6961821121679763,0.388070326064911,0.44280731879524265,0.13989906255326712,0.3000,1.0000,0.4500,10.947
2026-04-20 22:16:25.579,842,0.4876549868766218,0.6959014077235888,0.38826092359226166,0.44318851384998137,0.14023241852564122,-0.1000,1.0000,0.1000,7.220
2026-04-20 22:16:25.589,843,0.48761371275655585,0.6956104194875367,0.3884573861342498,0.4435814389339939,0.14057670922180018,0.1000,1.0000,0.6000,12.845
2026-04-20 22:16:25.597,844,0.4875716263963178,0.6953092905627266,0.38866010482487884,0.4439868763152871,0.1409322563898947,0.1500,1.0000,0.1500,12.672
2026-04-20 22:16:25.606,845,0.4875294484790303,0.6950032942120887,0.38886558831635365,0.4443978432982708,0.1412929341512971,0.2500,1.0000,0.3000,11.714
2026-04-20 22:16:25.617,846,0.4874883893771056,0.6946943065342563,0.3890719599660721,0.44481058659774075,0.14165592985170206,0.4500,1.0000,0.1500,8.633
2026-04-20 22:16:25.623,847,0.487445518443441,0.6943783199393866,0.38928346584894824,0.4452335983635251,0.1420274953374303,0.2000,1.0000,0.2500,9.800
2026-04-20 22:16:25.633,848,0.4874033213279047,0.6940512085442572,0.38950080870370063,0.44566828407306097,0.14241039820600215,0.0000,1.0000,0.4000,9.176
2026-04-20 22:16:25.641,849,0.48736132175866076,0.6937198309128543,0.3897203889908085,0.446107444647307,0.1427976114955786,0.3000,1.0000,0.1000,11.620
2026-04-20 22:16:25.651,850,0.48731971938296736,0.693386697507241,0.3899406411239319,0.4465479489135831,0.1431863161926727,0.3500,1.0000,0.2500,12.542
2026-04-20 22:16:25.659,851,0.48727950207909365,0.6930451560198801,0.39016470983588586,0.44699608633751947,0.14358298493363625,0.1000,1.0000,0.2500,7.723
2026-04-20 22:16:25.670,852,0.4872401229846631,0.6926936549480541,0.39039384821431233,0.4474543630944,0.14398964825474506,-0.0500,1.0000,0.4500,9.991
2026-04-20 22:16:25.677,853,0.487200832101537,0.6923426341228424,0.3906225925217615,0.4479118517093251,0.14439562414936638,0.5500,1.0000,0.4500,12.443
2026-04-20 22:16:25.688,854,0.48716162705731275,0.6919839140509594,0.3908556201611023,0.44837790698803265,0.1448096813639779,0.1000,1.0000,0.3500,5.826
2026-04-20 22:16:25.698,855,0.4871234805274312,0.6916196431475886,0.3910910567865728,0.4488487802389988,0.14522887289428313,0.2500,1.0000,0.2000,5.159
2026-04-20 22:16:25.706,856,0.4870865794851764,0.6912523338224493,0.39132734380386064,0.44932135427359887,0.14565038544369543,0.3000,1.0000,0.3000,8.522
2026-04-20 22:16:25.717,857,0.4870496971628299,0.6908759349002564,0.3915687585382834,0.449804183742468,0.14608152338268282,0.0000,1.0000,-0.1500,9.706
2026-04-20 22:16:25.724,858,0.48701210609116125,0.6904946731193367,0.39181337230603575,0.4502934112779957,0.14651824607205927,0.2500,1.0000,0.1500,10.254
2026-04-20 22:16:25.734,859,0.48697408116602175,0.690107178067418,0.3920617865032227,0.4507902396723919,0.14696184148543484,0.0500,1.0000,0.1000,8.076
2026-04-20 22:16:25.742,860,0.4869356428561133,0.6897137302064189,0.3923138287403502,0.4512943241466685,0.1474119983325842,0.0500,1.0000,0.2000,8.000
2026-04-20 22:16:25.753,861,0.4868977527033505,0.6893161435453257,0.3925678228875644,0.45180231244111785,0.1478661347694817,0.2500,1.0000,0.0000,8.334
2026-04-20 22:16:25.764,862,0.48686040258670304,0.6889154551048441,0.39282318320603843,0.4523130330780862,0.1483231477985591,0.0500,1.0000,0.2000,8.135
2026-04-20 22:16:25.771,863,0.4868243276018877,0.6885095846540676,0.3930806097228369,0.45282788611170294,0.1487847787763976,0.0000,0.9500,-0.0500,11.095
2026-04-20 22:16:25.783,864,0.4867863146660647,0.6881059054063673,0.39333803257427896,0.4533427318146061,0.14924527241027197,0.5500,1.0000,0.4500,9.518
2026-04-20 22:16:25.790,865,0.48674934696818145,0.6876969521270347,0.3935977301216371,0.4538621269093409,0.14971064082112107,0.0500,1.0000,0.1000,11.206
2026-04-20 22:16:25.802,866,0.48671117093549776,0.6872829561225099,0.39386107383796426,0.45438881434201317,0.15018214093682056,0.0500,1.0000,0.3500,10.000
2026-04-20 22:16:25.809,867,0.4866721029516045,0.6868639662822934,0.3941278260923535,0.454922318850809,0.15065951175651465,0.1000,1.0000,0.2500,12.861
2026-04-20 22:16:25.821,868,0.4866324268455463,0.6864402352058734,0.3943976545143712,0.45546197569486147,0.15114229565258314,0.1000,1.0000,0.2000,12.745
2026-04-20 22:16:25.834,869,0.48659308820070596,0.6860155316870116,0.39466777627440974,0.45600221921495493,0.15162582640981812,0.3500,1.0000,0.4500,10.335
2026-04-20 22:16:25.842,870,0.4865528991798212,0.6855844979434751,0.39494204597490146,0.4565507586159543,0.15211663850271068,0.0000,1.0000,0.1500,9.742
2026-04-20 22:16:25.854,871,0.48651452958927843,0.6851494909720762,0.39521733797704534,0.45710134262025753,0.1526104287455676,0.0500,1.0000,0.4500,9.700
2026-04-20 22:16:25.861,872,0.4864774438524294,0.6847088542561824,0.3954949569676943,0.45765658060157055,0.1531093310065267,-0.0500,1.0000,0.5000,10.885
2026-04-20 22:16:25.872,873,0.4864406467310193,0.6842664730228276,0.3957733473324613,0.45821336133111906,0.1536098479529634,0.1500,1.0000,0.5000,11.013
2026-04-20 22:16:25.880,874,0.48640413183999953,0.6838184336305491,0.39605475068707663,0.45877616804036386,0.15411617888976056,0.0500,1.0000,0.2000,12.438
2026-04-20 22:16:25.892,875,0.48636763964393753,0.6833686022529251,0.39633713177582425,0.4593409302178728,0.15462435631678143,0.2500,1.0000,0.1500,9.567
2026-04-20 22:16:25.904,876,0.48632970633954414,0.6829175319330161,0.3966211513767833,0.45990896941980414,0.15513476530767234,0.1000,1.0000,0.3500,13.852
2026-04-20 22:16:25.912,877,0.4862906368920684,0.6824611842524718,0.39690891475322726,0.460484496172705,0.15565153112746655,0.0500,1.0000,0.4000,9.689
2026-04-20 22:16:25.926,878,0.48625120295712354,0.6820089530399331,0.3971945404446368,0.46105574755553663,0.15616407617013123,0.4500,1.0000,0.3000,10.450
2026-04-20 22:16:25.933,879,0.48621188990967174,0.6815568190650579,0.3974800024230339,0.46162667151234293,0.1566763847686021,0.3500,1.0000,0.2500,8.828
2026-04-20 22:16:25.945,880,0.48617291542877594,0.6811049052019861,0.3977650861819581,0.46219683903020314,0.1571881817027193,0.3000,1.0000,0.4500,11.418
2026-04-20 22:16:25.953,881,0.4861335644175926,0.6806532005342127,0.3980502754925491,0.4627672176513966,0.15769995690354435,0.3000,1.0000,0.1000,9.704
2026-04-20 22:16:25.964,882,0.48609337186468243,0.6802035965035867,0.3983348003163702,0.46333626729904986,0.1582099952923354,0.3500,1.0000,0.2500,9.990
2026-04-20 22:16:25.972,883,0.4860543296716376,0.679757586415971,0.39861648015590573,0.4638996269781317,0.1587153703788461,0.5000,1.0000,0.3000,10.856
2026-04-20 22:16:25.985,884,0.48601593075085875,0.6793080480398164,0.39889972364803433,0.4644661139623993,0.1592240525561242,0.1500,1.0000,0.3500,10.167
2026-04-20 22:16:25.997,885,0.4859773967228512,0.6788534616758107,0.3991859188219494,0.46503850431023963,0.1597381903242022,0.0500,1.0000,0.2000,7.312
2026-04-20 22:16:26.004,886,0.48593972542190533,0.6783975968766677,0.39947224711329427,0.4656111608929391,0.1602530809449138,0.2000,1.0000,0.3500,8.264
2026-04-20 22:16:26.017,887,0.48590043266906724,0.677943893285248,0.3997583997991321,0.4661834662646242,0.1607666964583629,0.4000,1.0000,0.3000,8.479
2026-04-20 22:16:26.024,888,0.4858612994069406,0.6774904161452587,0.400044295807346,0.4667552582810613,0.1612799237375158,0.3500,1.0000,0.1500,8.932
2026-04-20 22:16:26.110,889,0.48582308569148125,0.6770357177309637,0.40033025633430486,0.46732717933498785,0.16179380839153817,0.2000,1.0000,0.2000,9.417
2026-04-20 22:16:26.118,890,0.48578647299656136,0.6765800164979318,0.4006157028419754,0.46789807235033753,0.16230766318804324,0.1500,1.0000,0.3500,8.105
2026-04-20 22:16:26.127,891,0.4857502104491468,0.6761213710348123,0.4009025792149745,0.46847182509634416,0.16282440323475106,0.1500,1.0000,0.1000,9.477
2026-04-20 22:16:26.136,892,0.48571356266447896,0.6756617499454726,0.40119025136691827,0.46904716940023977,0.16334241064524918,0.2000,1.0000,0.3000,7.035
2026-04-20 22:16:26.144,893,0.4856772533973535,0.6751996116467739,0.4014791182556578,0.4696249031777267,0.16386285565580602,0.1000,1.0000,0.6500,11.559
2026-04-20 22:16:26.152,894,0.4856403308501283,0.6747366823245657,0.40176882856074636,0.47020432378791144,0.1643845243252926,0.2000,1.0000,0.0000,10.859
2026-04-20 22:16:26.160,895,0.48560328002287395,0.67427759323885,0.4020564130380313,0.4707794927424887,0.16490213223763056,0.5500,1.0000,0.2000,11.823
2026-04-20 22:16:26.169,896,0.4855651183411328,0.6738204807849422,0.40234359216192256,0.4713538509902784,0.16541833211390494,0.5000,1.0000,0.4500,13.472
2026-04-20 22:16:26.178,897,0.48552737192081563,0.6733637333064766,0.4026302699608826,0.4719272065882054,0.16593383424176414,0.4000,1.0000,0.3000,10.153
2026-04-20 22:16:26.186,898,0.48549028154184953,0.6729045602325902,0.40291788100467935,0.4725024286758058,0.16645146889448056,0.1000,1.0000,0.3500,10.468
2026-04-20 22:16:26.194,899,0.485453348213594,0.6724420653337114,0.4032072705483872,0.47308120776322804,0.16697252984744487,-0.1500,1.0000,0.3000,9.586
2026-04-20 22:16:26.201,900,0.485416549216645,0.6719776755291833,0.40349763880535355,0.4736619442771672,0.16749550424769793,0.0500,1.0000,0.5500,8.164
2026-04-20 22:16:26.209,901,0.4853801330245948,0.6715098464176988,0.4037897030776224,0.4742460728217111,0.16802188197950094,0.0000,1.0000,0.2000,11.603
2026-04-20 22:16:26.217,902,0.4853455794709353,0.6710403988893794,0.4040814367238825,0.47482954011423734,0.16854872632659892,0.0500,0.9000,0.1500,8.093
2026-04-20 22:16:26.224,903,0.4853101111363519,0.6705706048157177,0.4043739649836012,0.47541459663368046,0.16907652695172617,0.2500,1.0000,0.2000,8.039
2026-04-20 22:16:26.231,904,0.48527476049362106,0.6700974352257927,0.4046683307801125,0.47600332822670877,0.1696078416119205,0.1000,1.0000,0.3000,13.414
2026-04-20 22:16:26.238,905,0.48524049151793924,0.6696214017094996,0.4049635995122547,0.4765938656909986,0.17014148024886808,0.0000,1.0000,0.1000,7.068
2026-04-20 22:16:26.246,906,0.4852060541568409,0.669144248745738,0.40525960807772327,0.4771858828219411,0.17067640784847654,0.0500,1.0000,0.0500,5.223
2026-04-20 22:16:26.252,907,0.48517120060953595,0.6686659328411104,0.4055565468936516,0.47777976045380294,0.17121283689241,0.1000,1.0000,0.0000,9.714
2026-04-20 22:16:26.260,908,0.48513594194884,0.6681909267130652,0.4058518530919602,0.47837037285042505,0.17174596846216172,0.3500,1.0000,0.2000,10.679
2026-04-20 22:16:26.266,909,0.48509955135621885,0.6677146280726901,0.4061486414394862,0.4789639495454819,0.17228121876807323,0.1500,1.0000,0.5000,10.066
2026-04-20 22:16:26.274,910,0.4850640206057222,0.6672384634845666,0.4064447692386185,0.4795562051437512,0.1728157321203193,0.2500,1.0000,0.0500,7.863
2026-04-20 22:16:26.281,911,0.485028613695,0.6667655147007507,0.40673896647798635,0.48014459962249145,0.17334669791287557,0.3500,1.0000,0.2000,9.911
2026-04-20 22:16:26.288,912,0.48499259429396546,0.6662945749564789,0.40703241393610273,0.48073149453872865,0.17387590057956992,0.1500,1.0000,0.3000,12.850
2026-04-20 22:16:26.296,913,0.4849572082748861,0.6658227380727318,0.4073259420077472,0.48131855068202184,0.17440562386943667,0.0000,1.0000,-0.0500,8.084
2026-04-20 22:16:26.303,914,0.4849212063456567,0.6653511914041834,0.407619705359427,0.4819060773853856,0.174935429028449,0.2000,1.0000,0.2500,7.756
2026-04-20 22:16:26.311,915,0.48488386839424924,0.664883832854335,0.40791195697708243,0.48249058062070055,0.1754616203398952,0.5500,1.0000,0.2500,11.151
2026-04-20 22:16:26.318,916,0.4848484417925989,0.6644179667983576,0.40820207257927893,0.4830708118250975,0.17598492157638101,0.3000,0.9000,0.2000,10.068
2026-04-20 22:16:26.326,917,0.48481337985618905,0.6639512976879638,0.4084923952987655,0.48365145726407444,0.17650882387917607,-0.0500,1.0000,0.8500,9.400
2026-04-20 22:16:26.333,918,0.484777954058794,0.6634888063448817,0.40878056489567155,0.48422779645789027,0.17702847682489137,0.5000,1.0000,0.1000,8.941
2026-04-20 22:16:26.342,919,0.48474460795988433,0.6630239633729563,0.4090686836658961,0.48480403399834293,0.1775492476280288,-0.1000,1.0000,0.4000,4.092
2026-04-20 22:16:26.349,920,0.48471132321436644,0.6625604873336987,0.409355972525011,0.4853786117165762,0.1780684981373142,0.3500,1.0000,0.5500,7.872
2026-04-20 22:16:26.357,921,0.4846776142424488,0.6620970404108704,0.4096435198964331,0.48595370645942376,0.17858798589177585,0.2500,1.0000,0.4000,10.390
2026-04-20 22:16:26.366,922,0.4846444536413386,0.661633928241146,0.409930502962516,0.4865276725915928,0.17910673545669759,0.1500,1.0000,0.3000,8.539
2026-04-20 22:16:26.373,923,0.48461283609979255,0.6611737060773254,0.4102147986760842,0.48709626401873235,0.1796213463537334,0.3500,0.9000,0.2000,10.892
2026-04-20 22:16:26.381,924,0.484582231393641,0.660712334250421,0.4104990691186219,0.4876648049038108,0.18013650068823395,0.1000,0.9000,-0.0500,9.220
2026-04-20 22:16:26.389,925,0.4845511252717525,0.6602488881136394,0.4107848523704126,0.4882363714073953,0.18065419904757085,-0.1000,1.0000,0.2000,7.174
2026-04-20 22:16:26.397,926,0.4845207464002274,0.6597858818190458,0.41106989286603485,0.4888064523986427,0.1811709289684705,0.1500,1.0000,0.2500,9.484
2026-04-20 22:16:26.404,927,0.4844906172483624,0.6593235993122959,0.4113543469021565,0.4893753604708888,0.18168670494760839,0.0500,1.0000,0.2500,7.295
2026-04-20 22:16:26.412,928,0.4844589940311672,0.6588594642429951,0.4116408493939301,0.4899483654544387,0.18220545024298437,-0.1000,1.0000,-0.1500,7.636
2026-04-20 22:16:26.421,929,0.48442614441987925,0.6583949331107456,0.4119283897942292,0.4905234462550396,0.18272542622029167,-0.0500,1.0000,0.3500,11.860
2026-04-20 22:16:26.428,930,0.48439362066058717,0.6579345428723964,0.41221334090583384,0.4910933484782514,0.18324073736162785,0.5000,1.0000,0.3500,8.879
2026-04-20 22:16:26.437,931,0.4843594192068996,0.6574767321085032,0.41249793084088904,0.49166252834836427,0.18375439264186985,0.5000,1.0000,0.4000,6.442
2026-04-20 22:16:26.444,932,0.48432604440492777,0.6570194281822932,0.4127816745688132,0.492230015804215,0.18426694349724201,0.1500,1.0000,0.4500,12.484
2026-04-20 22:16:26.453,933,0.484291488740328,0.6565647467941623,0.4130647016253808,0.49279606991735253,0.1847774617572878,0.4500,1.0000,0.5500,11.785
2026-04-20 22:16:26.460,934,0.48425753950860195,0.6561095511979447,0.4133476130662356,0.49336189279906434,0.18528811699038172,-0.0500,1.0000,0.2500,6.929
2026-04-20 22:16:26.469,935,0.48422290060215056,0.6556548193889336,0.4136307142634666,0.4939280951935286,0.18579872570642475,0.1500,1.0000,0.3000,11.814
2026-04-20 22:16:26.478,936,0.484187102168375,0.6552005331493986,0.41391432901243674,0.49449532469147106,0.18630962094103964,0.1500,1.0000,0.5500,11.079
2026-04-20 22:16:26.486,937,0.4841521667492862,0.6547480818873959,0.4141963151500053,0.49505929696661033,0.18681796595451053,0.1500,1.0000,0.1500,8.325
2026-04-20 22:16:26.495,938,0.48411835776968776,0.6542951216017888,0.414477836630148,0.4956223399268977,0.18732609682501064,-0.0500,0.9500,0.1500,9.944
2026-04-20 22:16:26.503,939,0.4840836458924942,0.6538436348034198,0.4147591136179686,0.49618489390254084,0.18783324258214307,0.3000,1.0000,0.0500,7.833
2026-04-20 22:16:26.512,940,0.4840480598022178,0.6533903752776535,0.4150419821031907,0.49675063087298704,0.18834286243927179,-0.0500,1.0000,0.1500,11.875
2026-04-20 22:16:26.520,941,0.484010854031297,0.6529407988914228,0.4153238215548938,0.49731430977639496,0.18884960804484302,0.5500,1.0000,0.4000,10.162
2026-04-20 22:16:26.529,942,0.48397256339272365,0.6524927774046304,0.41560549169336497,0.4978776500533391,0.1893554033486406,0.2500,1.0000,0.2500,6.391
2026-04-20 22:16:26.537,943,0.48393422362179966,0.6520441094131947,0.4158875600949237,0.4984417868564583,0.18986191673518946,0.0500,1.0000,0.0000,10.522
2026-04-20 22:16:26.547,944,0.4838953527032473,0.6515936987506731,0.41617097460160396,0.4990086158698204,0.1903706442327246,0.0000,1.0000,0.6500,13.709
2026-04-20 22:16:26.556,945,0.48385570584269244,0.6511467951190293,0.4164528986941219,0.49957246405485795,0.1908761245708707,0.6000,1.0000,0.2000,13.206
2026-04-20 22:16:26.566,946,0.4838152991768724,0.6507032470862643,0.4167334082579591,0.500133483182534,0.19137850944800253,0.6000,1.0000,0.5000,13.958
2026-04-20 22:16:26.577,947,0.4837754302532271,0.6502631050049272,0.41701160959601735,0.5006898858586519,0.191876880084734,0.5000,1.0000,0.3000,13.979
2026-04-20 22:16:26.585,948,0.48373379551284906,0.6498230571606235,0.41729093092665154,0.5012485285199217,0.19237632064778468,0.2000,1.0000,0.4500,10.179
2026-04-20 22:16:26.598,949,0.4836912374346112,0.649385325487759,0.4175695410215417,0.5018057487097035,0.19287388903006372,0.3500,1.0000,0.2000,9.189
2026-04-20 22:16:26.611,950,0.4836482786815801,0.6489519368758673,0.41784593331408615,0.5023585332947939,0.19336706530598197,0.5500,1.0000,0.2500,9.289
2026-04-20 22:16:26.627,951,0.48360644640019695,0.6485162615889016,0.4181228782223481,0.5029124231113192,0.19386193484483188,0.1000,1.0000,0.2500,7.683
2026-04-20 22:16:26.643,952,0.4835639335559062,0.6480786416637513,0.4184013850786199,0.5034694368238641,0.19435933604117084,0.0000,1.0000,0.0000,7.911
2026-04-20 22:16:26.657,953,0.4835232925134597,0.6476424376127385,0.41867783210311715,0.5040223308728599,0.19485396693734164,0.2000,1.0000,0.2500,10.240
2026-04-20 22:16:26.673,954,0.48348322064124954,0.6472063219191411,0.4189538463846842,0.5045743594359953,0.1953481184564896,0.2500,1.0000,0.3000,9.010
2026-04-20 22:16:26.684,955,0.4834437381653031,0.6467704113521012,0.4192293477982633,0.5051253622631547,0.1958416521626474,0.2000,1.0000,0.2500,10.913
2026-04-20 22:16:26.697,956,0.4834035278057881,0.6463365938025645,0.4195041358172425,0.5056749383011142,0.1963334236551819,0.4500,1.0000,0.5000,11.104
2026-04-20 22:16:26.706,957,0.48336438649910957,0.6459029268571987,0.419778122513703,0.5062229116940363,0.1968243162821486,0.2000,1.0000,0.2500,10.196
2026-04-20 22:16:26.719,958,0.4833270389084649,0.6454674066445014,0.4200519699251098,0.506770606516851,0.19731599408399272,0.0500,1.0000,0.1500,5.954
2026-04-20 22:16:26.732,959,0.48329042238416875,0.645031412321939,0.42032559846913364,0.5073178636048998,0.19780768796486384,-0.0000,1.0000,0.2000,6.655
2026-04-20 22:16:26.741,960,0.4832547787886005,0.6445967112736797,0.42059783704267,0.5078623407519736,0.19829734319282885,0.3000,1.0000,0.0500,9.299
2026-04-20 22:16:26.753,961,0.48321858251491073,0.6441642343188753,0.4208691708904172,0.5084050084474689,0.1987849796643683,0.4000,1.0000,0.3500,10.184
2026-04-20 22:16:26.762,962,0.483182607621243,0.6437310377274237,0.42114076617311946,0.5089481990128744,0.1992732354647947,0.1500,1.0000,0.3500,7.448
2026-04-20 22:16:26.775,963,0.4831458316876595,0.6432992232924996,0.4214121035453765,0.5094908737573894,0.19976054040985222,0.2500,1.0000,0.3000,11.421
2026-04-20 22:16:26.784,964,0.4831087862005981,0.6428686653263816,0.42168290056845126,0.5100324678035398,0.20024667496066414,0.3000,1.0000,0.3000,8.257
2026-04-20 22:16:26.798,965,0.48307199857275884,0.6424393579376901,0.4219528090624596,0.5105722847915574,0.2007312939373561,0.3000,1.0000,0.2000,10.240
2026-04-20 22:16:26.810,966,0.4830344543395303,0.6420120848579117,0.42222205755079595,0.511110781768231,0.20121423405026942,0.4500,1.0000,0.1500,11.583
2026-04-20 22:16:26.819,967,0.48299743499005393,0.6415885711656129,0.4224888060065961,0.5116442786798321,0.20169279278436614,0.6500,0.9000,-0.1000,7.476
2026-04-20 22:16:26.834,968,0.48296067834593015,0.6411652269297293,0.42275528066129786,0.5121772279892364,0.20217099138619238,0.2000,1.0000,0.2500,9.752
2026-04-20 22:16:26.843,969,0.48292443357815407,0.6407420652629565,0.4230213079628944,0.5127092825924302,0.20264864979548253,0.2000,1.0000,0.0000,9.164
2026-04-20 22:16:26.857,970,0.482888687795213,0.6403191140883554,0.4232868806030028,0.5132404278726477,0.20312574678896947,0.2000,1.0000,0.4000,9.720
2026-04-20 22:16:26.865,971,0.4828529325600179,0.6398955347774979,0.4235528168076377,0.5137723002819182,0.20360351995212875,0.1000,1.0000,0.3500,10.843
2026-04-20 22:16:26.878,972,0.4828166418213683,0.6394714608630695,0.4238193910233671,0.5143054487133777,0.20408217700907513,0.0500,1.0000,0.3000,10.602
2026-04-20 22:16:26.891,973,0.4827808570912393,0.6390485244748192,0.42408497631195796,0.5148366192905601,0.20455927499927387,0.3000,1.0000,0.4000,12.255
2026-04-20 22:16:26.900,974,0.4827458275300213,0.6386267953230931,0.4243493667791949,0.5153654002250347,0.20503457321463212,0.2500,1.0000,0.2500,10.302
2026-04-20 22:16:26.913,975,0.48271053082640414,0.6382078981905333,0.4246123155645065,0.5158912977956587,0.20550701244331415,0.4500,1.0000,0.5000,15.371
2026-04-20 22:16:26.921,976,0.48267521316608314,0.6377900509101819,0.4248746769696203,0.5164160206058868,0.20597833810938132,0.2500,1.0000,0.3000,11.222
2026-04-20 22:16:26.935,977,0.4826386085861367,0.6373715912633675,0.4251382448521318,0.5169431563709105,0.20645117521745454,0.0500,1.0000,0.3000,9.905
2026-04-20 22:16:26.944,978,0.4826042791009008,0.6369540487215396,0.425399770593913,0.5174662078544734,0.20692151045023946,0.3500,0.9500,0.1000,6.624
2026-04-20 22:16:26.957,979,0.4825699165232021,0.6365358430997429,0.42566169598977227,0.5179900586461925,0.20739257573048422,0.1500,1.0000,0.1500,10.908
2026-04-20 22:16:26.965,980,0.4825367712667168,0.636117120216268,0.42592310414516676,0.5185128749569821,0.20786338128889867,0.1000,1.0000,0.4000,11.195
2026-04-20 22:16:26.978,981,0.48250279899336684,0.635698099809577,0.4261852324254457,0.5190371315175405,0.20833505465496707,0.0000,1.0000,0.3000,8.711
2026-04-20 22:16:26.991,982,0.4824677690905776,0.6352801356766989,0.42644746101101205,0.5195615886886737,0.20880629914294319,0.3500,1.0000,0.3500,9.430
2026-04-20 22:16:26.999,983,0.4824329753572496,0.6348639694003823,0.42670850364357393,0.5200836739537981,0.209275457734555,0.4500,1.0000,0.2500,9.296
2026-04-20 22:16:27.011,984,0.4823984291954864,0.6344494910756021,0.4269684155594031,0.5206034977854569,0.2097426406490391,0.5000,1.0000,0.2000,9.507
2026-04-20 22:16:27.018,985,0.4823651145662396,0.6340359916606324,0.42722694598499106,0.5211205586366333,0.2102079516632888,0.3500,1.0000,0.4000,9.168
2026-04-20 22:16:27.031,986,0.48233272526780596,0.6336229477923138,0.42748459815221496,0.5216358629710816,0.21067215571941358,0.1000,1.0000,0.3000,9.378
2026-04-20 22:16:27.038,987,0.4823009974584085,0.6332094286224145,0.4277420799006316,0.5221508264679153,0.21113642610887923,0.1500,1.0000,0.5000,8.151
2026-04-20 22:16:27.050,988,0.48226891248853393,0.6327968944192118,0.4279992359217115,0.5226651385100755,0.21159987741597677,0.3500,1.0000,0.4500,12.146
2026-04-20 22:16:27.062,989,0.48223649452094014,0.6323854522171055,0.4282559889743215,0.5231786446152958,0.21206237890852378,0.2500,1.0000,0.1000,8.932
2026-04-20 22:16:27.069,990,0.48220551012335106,0.6319756494861557,0.42851084853560095,0.5236883637378552,0.2125221663539955,0.4500,0.9500,0.0500,9.606
2026-04-20 22:16:27.081,991,0.4821734151243938,0.6315661770903601,0.4287662588256341,0.5241991843179219,0.21298233856508222,0.1500,1.0000,0.4500,13.281
2026-04-20 22:16:27.088,992,0.4821412542382042,0.6311584207102285,0.4290207315781726,0.5247081298229993,0.2134407144591477,0.3500,1.0000,0.3500,12.208
2026-04-20 22:16:27.099,993,0.48210928474945786,0.6307509027955416,0.4292749396109686,0.5252165458885917,0.2138987056522045,0.2000,1.0000,0.0000,5.978
2026-04-20 22:16:27.107,994,0.482077237555016,0.6303436283223101,0.4295290595083441,0.5257247856833431,0.21435648626302556,0.2000,1.0000,0.4000,10.906
2026-04-20 22:16:27.118,995,0.48204411209328135,0.629937916905726,0.42978300427043453,0.5262326752075244,0.21481330950593297,0.4000,1.0000,0.4500,11.064
2026-04-20 22:16:27.130,996,0.4820089307588467,0.6295329972885824,0.4300378663767295,0.5267423994201147,0.21527065351014893,0.3500,1.0000,0.3000,8.820
2026-04-20 22:16:27.137,997,0.4819742779525305,0.6291276811023322,0.4302926019845145,0.527251870635685,0.2157280686377277,0.0500,1.0000,0.1000,10.632
2026-04-20 22:16:27.149,998,0.48193938386996593,0.6287231809724696,0.4305470313905673,0.527760729447791,0.2161847688925804,0.3500,1.0000,0.1000,10.505
2026-04-20 22:16:27.237,999,0.4819047608527042,0.628319491578718,0.4308008160960507,0.528268298858758,0.2166404184552921,0.3500,1.0000,0.3500,8.839
2026-04-20 22:16:27.246,1000,0.4818701587127131,0.62791663422458,0.4310541107409338,0.5287748881485246,0.21709516133278622,0.3500,1.0000,0.0500,5.525
2026-04-20 22:16:27.256,1001,0.4818348228856904,0.6275123232935358,0.43130872445540386,0.529284115577465,0.2175519494816541,-0.2000,1.0000,0.3500,9.434
2026-04-20 22:16:27.265,1002,0.48179902412110365,0.6271089994289913,0.4315630821065553,0.5297928308797683,0.21800798746488723,0.3000,1.0000,0.3500,11.660
2026-04-20 22:16:27.274,1003,0.48176529120288825,0.6267055174895427,0.43181615222445857,0.530298971115575,0.21846281640032997,0.0500,1.0000,0.1500,8.622
2026-04-20 22:16:27.282,1004,0.4817308062988955,0.6263029900945796,0.4320691776002966,0.5308050218672513,0.21891712278603032,0.3500,1.0000,0.1500,11.723
2026-04-20 22:16:27.290,1005,0.48169558229819437,0.6259021231650873,0.43232174627629427,0.531310159219247,0.21937014171978342,0.3000,1.0000,0.2000,9.768
2026-04-20 22:16:27.298,1006,0.4816606655885689,0.6255022207975519,0.43257355833755345,0.5318137833417655,0.21982192125402933,0.2500,1.0000,0.3000,14.485
2026-04-20 22:16:27.306,1007,0.48162705397316363,0.6251037417457429,0.43282368645423946,0.5323140395751378,0.2202713046971623,0.4500,1.0000,0.3000,10.193
2026-04-20 22:16:27.314,1008,0.4815937020262361,0.6247055408272264,0.4330734819835641,0.5328136306337873,0.22072021601227138,0.2500,1.0000,0.2500,11.096
2026-04-20 22:16:27.323,1009,0.48156185784880096,0.6243071373814012,0.4333223875376369,0.5333114417419331,0.22116833815598716,0.1000,1.0000,0.2000,12.194
2026-04-20 22:16:27.331,1010,0.48153122871978954,0.6239091002418067,0.43357027323186464,0.5338072131303888,0.22161525684074065,0.2000,1.0000,0.1000,7.861
2026-04-20 22:16:27.339,1011,0.4815012739979056,0.6235124634690025,0.43381690861732125,0.5343004839013022,0.22206022460070596,0.4500,1.0000,0.1000,7.892
2026-04-20 22:16:27.348,1012,0.48147147692183373,0.6231157093225789,0.43406350549661726,0.5347936776598944,0.22250521212167718,0.0500,1.0000,0.0500,11.920
2026-04-20 22:16:27.356,1013,0.48144183825857023,0.6227203303192254,0.43430921050612986,0.5352850876789197,0.22294861979427602,0.4500,1.0000,0.4500,13.444
2026-04-20 22:16:27.365,1014,0.4814113498752093,0.6223252354365391,0.43455531918979207,0.5357773050462443,0.22339228868584865,0.2500,1.0000,0.2000,6.944
2026-04-20 22:16:27.373,1015,0.481379278677199,0.6219315447137416,0.4348016802684303,0.536270027203521,0.22383550750945586,0.3500,1.0000,0.7000,14.135
2026-04-20 22:16:27.382,1016,0.48134615543382914,0.6215391422342919,0.43504800614700617,0.536762678960673,0.22427804663981973,0.4000,1.0000,0.4500,12.797
2026-04-20 22:16:27.390,1017,0.48131277684942597,0.6211474689693389,0.4352940851470973,0.5372548369608553,0.22471997392408852,0.3500,1.0000,0.2000,7.560
2026-04-20 22:16:27.400,1018,0.4812796667674091,0.6207561237994568,0.435539797263213,0.5377462611930869,0.2251613699272955,0.1500,1.0000,0.2000,9.612
2026-04-20 22:16:27.409,1019,0.4812455412125263,0.6203656161636919,0.43578570738281286,0.5382380814322868,0.22560254482786346,0.2500,1.0000,0.4500,12.337
2026-04-20 22:16:27.418,1020,0.48121143805538374,0.619975879423216,0.43603116168311495,0.5387289900328912,0.22604287813259663,0.3000,1.0000,0.3000,9.642
2026-04-20 22:16:27.427,1021,0.4811788836802922,0.6195868442642628,0.4362751821937215,0.5392170310541046,0.22648142653784709,0.3500,1.0000,0.2500,10.081
2026-04-20 22:16:27.436,1022,0.48114580172296945,0.6191981084154475,0.4365193830377882,0.539705432742238,0.22692000531203366,0.1500,1.0000,0.0500,8.081
2026-04-20 22:16:27.445,1023,0.4811111886936809,0.6188092243023774,0.43676468897587706,0.5401960446184159,0.2273597630121985,0.1000,1.0000,0.2000,10.688
2026-04-20 22:16:27.454,1024,0.48107737000490836,0.6184211582439583,0.43700899756105993,0.5406846617887818,0.22779811404096567,0.2500,1.0000,0.4000,8.834
2026-04-20 22:16:27.464,1025,0.4810435749471658,0.6180329472389633,0.43725337289605903,0.5411734124587801,0.22823660401040574,0.1500,1.0000,0.4500,10.855
2026-04-20 22:16:27.475,1026,0.48101031023725876,0.6176451594530707,0.43749715251325216,0.5416609716931665,0.2286742863785303,0.1000,1.0000,0.2000,10.990
2026-04-20 22:16:27.483,1027,0.4809773079608586,0.6172569024460656,0.43774102499742173,0.5421487166615058,0.229112295958448,0.0000,1.0000,0.2500,9.154
2026-04-20 22:16:27.493,1028,0.4809435537285626,0.616869485746783,0.437984918315089,0.5426365032968405,0.22954990596023478,0.2500,1.0000,0.1500,11.751
2026-04-20 22:16:27.501,1029,0.4809095748772171,0.6164828081273107,0.4382285387617157,0.543123744190094,0.2299868733010415,0.3500,1.0000,0.2000,10.760
2026-04-20 22:16:27.510,1030,0.4808758837111328,0.6160964927609927,0.4384717601391849,0.5436101869450325,0.2304232602035803,0.2000,1.0000,0.4500,12.631
2026-04-20 22:16:27.518,1031,0.48084399800068145,0.6157109384530546,0.43871334272019713,0.5440933521070571,0.23085762754521486,0.3000,1.0000,0.5500,10.512
2026-04-20 22:16:27.529,1032,0.48081259538060905,0.6153253259594305,0.43895463622912057,0.5445759391249041,0.231291734679404,0.1500,1.0000,0.1000,7.842
2026-04-20 22:16:27.539,1033,0.4807803977604349,0.6149404184196038,0.43919605665439493,0.5450587799754529,0.2317256160316917,0.3500,1.0000,0.2500,8.160
2026-04-20 22:16:27.547,1034,0.4807489531221415,0.6145559328761175,0.43943673370559655,0.5455401340778562,0.23215854279702344,0.1000,1.0000,0.4500,9.293
2026-04-20 22:16:27.558,1035,0.48071773053686245,0.6141718137265897,0.4396770531154543,0.5460207728975718,0.23259092851576055,0.2000,1.0000,0.5500,8.487
2026-04-20 22:16:27.566,1036,0.480685210122102,0.6137891410580926,0.4399174109534934,0.5465014885736501,0.2330226292201402,0.5000,1.0000,0.2500,10.873
2026-04-20 22:16:27.577,1037,0.4806529485727662,0.6134074756697698,0.44015702040195426,0.5469807074705719,0.23345307769889165,0.4500,1.0000,0.3500,9.524
2026-04-20 22:16:27.585,1038,0.4806204312703878,0.6130268248228307,0.4403962203972713,0.5474591074612061,0.23388260926372356,0.4000,1.0000,0.3000,11.320
2026-04-20 22:16:27.596,1039,0.48058892130658115,0.6126471316706318,0.44063420136868164,0.5479350694040268,0.23431044277289734,0.4500,1.0000,0.0500,11.213
2026-04-20 22:16:27.606,1040,0.4805573676514306,0.6122671222765211,0.44087239197291855,0.5484114506125006,0.2347386438570036,-0.0500,1.0000,0.6000,12.208
2026-04-20 22:16:27.615,1041,0.4805265276505104,0.6118880706192006,0.44110955933123486,0.5488857853291333,0.23516534265330985,0.4500,1.0000,0.4000,9.031
2026-04-20 22:16:27.626,1042,0.480496396826235,0.611509366945014,0.44134605486529627,0.5493587763972563,0.23559119546551427,0.2000,1.0000,0.3500,9.819
2026-04-20 22:16:27.634,1043,0.48046745668148766,0.6111316163237299,0.4415812118247968,0.5498290903162575,0.2360152330134751,0.4500,1.0000,0.2000,10.510
2026-04-20 22:16:27.645,1044,0.4804381533481602,0.6107543162014581,0.4418163533010566,0.5502993732687771,0.23643902967035446,0.0500,1.0000,0.3000,9.312
2026-04-20 22:16:27.654,1045,0.48040824132900906,0.6103776928096128,0.44205151368923956,0.5507696940451431,0.23686250672035922,0.3000,1.0000,0.1500,10.739
2026-04-20 22:16:27.666,1046,0.4803782498151555,0.6100014467809579,0.4422865112675226,0.5512396892017092,0.23728563212989193,0.2000,1.0000,0.1500,8.508
2026-04-20 22:16:27.676,1047,0.4803486836954851,0.6096255870317259,0.4425210043534331,0.5517086753735302,0.237708059762833,0.2000,1.0000,0.1000,7.593
2026-04-20 22:16:27.688,1048,0.48031901565110996,0.6092501653433136,0.4427553149084813,0.5521772964836267,0.23813008569432947,0.1000,1.0000,0.5000,9.916
2026-04-20 22:16:27.701,1049,0.48028900774776273,0.6088751690553651,0.44298960879480703,0.5526458842562781,0.23855188212090425,0.1000,1.0000,0.1000,6.990
2026-04-20 22:16:27.711,1050,0.48025817227480666,0.6085010696397777,0.4432239417449839,0.553114550156632,0.23897326904326147,0.4000,1.0000,0.1500,13.304
2026-04-20 22:16:27.724,1051,0.4802288009548324,0.6081278079396746,0.44345681975240286,0.55358030617147,0.23939278203718695,0.4500,1.0000,0.2000,10.329
2026-04-20 22:16:27.733,1052,0.48019959194462264,0.6077548445213153,0.44368941896478004,0.5540455045962245,0.23981186697110513,0.2500,1.0000,0.4500,11.212
2026-04-20 22:16:27.745,1053,0.4801695405125814,0.6073819801103341,0.4439225230785003,0.5545117128236651,0.2402314071823065,0.1500,1.0000,-0.1500,6.602
2026-04-20 22:16:27.755,1054,0.48013789719452993,0.6070092894595133,0.4441565890246008,0.5549798447158663,0.24065182222904827,0.0000,1.0000,0.3000,12.575
2026-04-20 22:16:27.768,1055,0.48010699452145555,0.6066371868598915,0.4443898250486902,0.555446316764045,0.24107111321492236,0.3000,1.0000,0.2000,12.452
2026-04-20 22:16:27.781,1056,0.48007528564424323,0.6062652444922496,0.4446235068555201,0.5559136803777049,0.2414907697576879,0.0500,1.0000,0.3000,10.329
2026-04-20 22:16:27.791,1057,0.48004356791451175,0.6058937123584124,0.44485696002292574,0.5563805867125162,0.24190999243756336,0.1500,1.0000,0.3500,12.133
2026-04-20 22:16:27.804,1058,0.4800120888220273,0.6055229804230186,0.44508979672444676,0.5568462601155584,0.242328198448966,0.4000,1.0000,0.2500,11.718
2026-04-20 22:16:27.813,1059,0.47998110135122307,0.6051531892464741,0.44532176798710643,0.5573102026408777,0.24274506854181704,0.4500,1.0000,0.3000,14.879
2026-04-20 22:16:27.828,1060,0.4799500889580226,0.6047837025837464,0.44555358174565013,0.5577738301579652,0.24316162877638622,0.2500,1.0000,0.2500,14.826
2026-04-20 22:16:27.840,1061,0.47991853830174197,0.6044147143093818,0.44578546944507996,0.558237605556825,0.2435780136633201,0.3500,1.0000,0.2500,6.957
2026-04-20 22:16:27.853,1062,0.47988749172344347,0.6040465253412188,0.44601656424153824,0.5586997951497417,0.24399320590267193,0.5500,1.0000,0.4000,13.368
2026-04-20 22:16:27.867,1063,0.47985644312747905,0.6036787842929255,0.4462474043274509,0.5591614753215671,0.24440791938277895,0.3500,1.0000,0.3000,11.218
2026-04-20 22:16:27.877,1064,0.47982665024581145,0.6033116650838881,0.44647705183537983,0.559620770337425,0.24482112927917282,0.4500,1.0000,0.4000,8.565
2026-04-20 22:16:27.891,1065,0.4797973071881333,0.6029451466495725,0.4467060560653584,0.5600787787973822,0.24523339542673706,0.5000,1.0000,0.4000,11.650
2026-04-20 22:16:27.901,1066,0.4797689025177506,0.6025788297284592,0.4469343194608193,0.560535305588304,0.24564481990216963,0.1000,1.0000,0.2500,10.248
2026-04-20 22:16:27.914,1067,0.47973987931260476,0.6022128724076631,0.44716278963708495,0.5609922459408354,0.24605627127966595,0.2500,1.0000,0.1500,12.684
2026-04-20 22:16:27.924,1068,0.4797102563849031,0.6018476630865056,0.44739123211290854,0.5614491308924827,0.2464673208806759,0.5500,1.0000,0.4500,16.424
2026-04-20 22:16:27.938,1069,0.4796792712720163,0.6014827864486048,0.44762039252297003,0.5619074517126057,0.24687892200035724,0.2000,1.0000,0.6000,9.620
2026-04-20 22:16:27.947,1070,0.47964851338854947,0.6011182402756586,0.4478492125276688,0.5623650917220033,0.2472900174104784,0.2500,1.0000,0.4500,9.430
2026-04-20 22:16:27.961,1071,0.47961950421130867,0.6007544492116608,0.44807643515788237,0.5628195369824306,0.24769913782207173,0.7000,1.0000,0.3500,11.372
2026-04-20 22:16:27.975,1072,0.47959042130538554,0.6003912646856152,0.44830336027031364,0.5632733872072931,0.24810765737942514,0.5500,1.0000,0.2500,9.415
2026-04-20 22:16:27.986,1073,0.47956076365319755,0.6000285849272349,0.4485303800334477,0.5637274267335612,0.24851601913819177,0.3000,0.9500,0.1000,6.024
2026-04-20 22:16:28.001,1074,0.4795310551091294,0.5996662036593442,0.448757263085944,0.5641811928385538,0.24892409487758252,0.2000,1.0000,0.3500,12.636
2026-04-20 22:16:28.011,1075,0.47950154109765275,0.5993042047319151,0.44898379789939535,0.5646342624654566,0.24933163114610907,0.2000,1.0000,0.2500,9.584
2026-04-20 22:16:28.024,1076,0.4794714680778083,0.5989426464072668,0.4492104535437992,0.5650875737542642,0.2497390678844569,0.4000,1.0000,0.2000,9.229
2026-04-20 22:16:28.033,1077,0.47944033014128273,0.5985814687726972,0.4494376015292422,0.5655418697251503,0.25014680656085597,0.2000,1.0000,0.2000,7.560
2026-04-20 22:16:28.047,1078,0.4794106953370635,0.5982206124098032,0.4496635637784263,0.5659937942235185,0.2505531988089482,0.2500,1.0000,0.1000,9.488
2026-04-20 22:16:28.061,1079,0.4793804906051903,0.5978602631382689,0.4498896161505755,0.5664458989678168,0.25095942757980183,0.5500,1.0000,0.4500,7.107
2026-04-20 22:16:28.071,1080,0.47935049373396693,0.5975003758473376,0.4501152658995985,0.5668971984658628,0.2513650226843397,0.4500,1.0000,0.3500,9.243
2026-04-20 22:16:28.085,1081,0.47932017702638624,0.5971408660513433,0.4503409131028369,0.5673484928723397,0.25177042644432296,0.1500,1.0000,0.7500,11.832
2026-04-20 22:16:28.094,1082,0.47928880487083947,0.5967817542140694,0.4505670364761983,0.5678007396190625,0.25217610734530654,0.1000,1.0000,0.1000,7.704
2026-04-20 22:16:28.109,1083,0.4792579382525192,0.5964231608958871,0.450792526472953,0.5682517196125719,0.2525808955618681,0.6500,1.0000,0.2000,12.671
2026-04-20 22:16:28.119,1084,0.4792270366408574,0.5960649497374664,0.45101782136808516,0.5687023094028364,0.25298529755010485,0.2000,1.0000,0.5000,13.924
2026-04-20 22:16:28.134,1085,0.47919506670013107,0.5957071374758576,0.4512436004896534,0.5691538676459729,0.2533899842709549,0.2500,1.0000,0.1500,9.478
2026-04-20 22:16:28.149,1086,0.4791623437828801,0.5953497360557153,0.45146964677867135,0.5696059602240088,0.25379473269446706,0.2500,1.0000,0.0500,7.687
2026-04-20 22:16:28.159,1087,0.479129633756695,0.5949927520667998,0.45169544589267835,0.5700575584520228,0.2541990251846222,0.4000,1.0000,0.4000,14.830
2026-04-20 22:16:28.174,1088,0.47909823771747034,0.594636176428616,0.4519201356247309,0.5705069379161279,0.2546020040760063,0.3000,1.0000,0.2000,5.093
2026-04-20 22:16:28.184,1089,0.47906761069907744,0.5942800105111494,0.4521440785041537,0.5709548236749736,0.2550040312141949,0.3500,1.0000,0.2500,10.290
2026-04-20 22:16:28.198,1090,0.47903693933432934,0.5939242604205531,0.4523678132878864,0.571402293242439,0.2554056423042573,0.2500,1.0000,0.4000,11.988
2026-04-20 22:16:28.208,1091,0.47900519982235246,0.5935689460525407,0.45259201114220254,0.5718506889510713,0.2558074985657802,0.2500,1.0000,0.4500,7.282
2026-04-20 22:16:28.223,1092,0.47897269468338294,0.5932139689408464,0.4528165266546795,0.5722997199760251,0.25620950382060886,0.7000,1.0000,0.6000,9.784
2026-04-20 22:16:28.237,1093,0.47894150943954583,0.592859303251884,0.45303998424054115,0.5727466351477485,0.25661029540186114,0.6500,0.8000,-0.1000,8.433
2026-04-20 22:16:28.245,1094,0.4789100680667885,0.5925050409401492,0.4532633820382836,0.5731934307432335,0.25701082547185317,0.3500,1.0000,0.3000,8.791
2026-04-20 22:16:28.260,1095,0.4788783843694944,0.5921511384665828,0.4534867357256307,0.5736401381179277,0.2574111314788741,0.4000,1.0000,0.4000,9.763
2026-04-20 22:16:28.268,1096,0.4788459651068515,0.5917976844608759,0.4537103234854012,0.5740873136374687,0.25781144729190203,0.2000,1.0000,0.1500,8.420
2026-04-20 22:16:28.284,1097,0.4788128111539449,0.5914445547636903,0.45393421568351183,0.57453509803369,0.25821190535749733,0.3500,1.0000,0.3000,9.744
2026-04-20 22:16:28.293,1098,0.4787789631661738,0.5910917894387325,0.4541583623238971,0.5749833913144605,0.2586124356486865,0.2500,0.9000,-0.1500,9.739
2026-04-20 22:16:28.306,1099,0.47874572077574146,0.5907392339427641,0.4543819852965582,0.5754306372597827,0.2590123373280072,0.5500,0.9000,-0.2000,11.151
2026-04-20 22:16:28.321,1100,0.4787112425928495,0.5903871932968514,0.4546061378979583,0.5758789424625829,0.2594125111822787,0.1500,1.0000,0.5000,11.623
2026-04-20 22:16:28.330,1101,0.4786758459349701,0.5900354950936512,0.4548307071025839,0.5763280808718341,0.25981293039052206,0.3000,1.0000,0.6000,9.574
2026-04-20 22:16:28.345,1102,0.47864030781829703,0.5896840571795268,0.4550552218455308,0.5767771103577279,0.2602131649654883,0.4500,1.0000,0.2500,11.080
2026-04-20 22:16:28.355,1103,0.47860361989326744,0.5893329850816126,0.45528029405954923,0.5772272547857648,0.2606137740771722,0.3000,1.0000,0.1500,7.756
2026-04-20 22:16:28.367,1104,0.47856712346518665,0.5889825110387698,0.4555048968340814,0.5776764603348291,0.26101361469637285,0.1000,1.0000,0.2500,12.056
2026-04-20 22:16:28.375,1105,0.47853081850917006,0.5886322916850867,0.4557292263956825,0.5781251194580312,0.2614130547333652,0.4000,1.0000,0.0500,12.109
2026-04-20 22:16:28.387,1106,0.47849522016266693,0.5882822882521117,0.45595296147363396,0.5785725896139342,0.2618117923023974,0.3500,1.0000,0.3000,9.656
2026-04-20 22:16:28.395,1107,0.47846056337073073,0.5879323914116812,0.4561760079119579,0.5790186824905821,0.262209787912292,0.6000,1.0000,0.2000,9.291
2026-04-20 22:16:28.407,1108,0.47842604505377334,0.5875827100906444,0.45639883885392923,0.5794643443745248,0.2626074602435965,0.4500,1.0000,0.3000,8.720
2026-04-20 22:16:28.422,1109,0.4783932045854749,0.5872332213881616,0.456620441137395,0.5799075489414564,0.26300380758525405,0.4000,1.0000,0.3000,11.035
2026-04-20 22:16:28.433,1110,0.478361482783664,0.5868840548462539,0.45684111352720674,0.5803488937210799,0.26339906393176143,0.3000,1.0000,0.4500,6.215
2026-04-20 22:16:28.446,1111,0.47833033840252576,0.586535219427815,0.45706121173298164,0.5807890901326297,0.26379358051192536,0.4000,1.0000,0.0000,10.961
2026-04-20 22:16:28.456,1112,0.4782992326815077,0.5861868438961526,0.45728102135009346,0.5812287093668533,0.26418757854008285,0.2500,1.0000,0.5000,13.642
2026-04-20 22:16:28.470,1113,0.4782668813509292,0.5858389156727843,0.4575014057467178,0.5816694781601021,0.2645819276742494,0.1000,1.0000,0.0500,11.897
2026-04-20 22:16:28.478,1114,0.4782346174510697,0.5854912970041348,0.45772155494632744,0.5821097765593213,0.264975886815266,0.3000,1.0000,0.2500,9.379
2026-04-20 22:16:28.492,1115,0.4782021794520625,0.5851432753792454,0.4579420504519298,0.582550767570526,0.2653703937221829,0.8000,1.0000,0.3000,9.752
2026-04-20 22:16:28.505,1116,0.47816853518429847,0.5847951669490277,0.45816339971955833,0.5829934661057831,0.26576579777612397,0.5000,1.0000,-0.0500,10.542
2026-04-20 22:16:28.513,1117,0.4781344955661132,0.5844475603892819,0.45838472575142336,0.5834361181695131,0.2661609276419295,0.2500,1.0000,0.1500,6.802
2026-04-20 22:16:28.529,1118,0.47810187980282054,0.5840998475029787,0.45860516328572953,0.5838769932381255,0.2665552221568328,0.6000,1.0000,0.6500,13.014
2026-04-20 22:16:28.539,1119,0.4780696181615898,0.5837528124213626,0.45882497740327033,0.5843166214732071,0.2669485543365039,0.0500,1.0000,0.4500,8.234
2026-04-20 22:16:28.553,1120,0.47803640115754037,0.5834060802390968,0.45904525532614,0.5847571773189464,0.267342198856189,0.3500,1.0000,0.6500,10.282
2026-04-20 22:16:28.561,1121,0.47800303534116156,0.5830598247874089,0.4592653600224184,0.5851973867115032,0.2677354317688234,0.1000,1.0000,0.2500,11.060
2026-04-20 22:16:28.578,1122,0.4779697881030836,0.5827140546517454,0.4594851083262363,0.585636883319139,0.2681280656162698,0.1500,1.0000,0.3000,11.086
2026-04-20 22:16:28.591,1123,0.47793510112085014,0.5823683459937126,0.45970578131310347,0.5860782292928733,0.2685215933936762,0.4500,1.0000,0.5000,8.956
2026-04-20 22:16:28.599,1124,0.4779000542846395,0.5820231483817456,0.45992640216047503,0.5865194709876165,0.26891481349470836,0.1500,1.0000,0.4500,11.685
2026-04-20 22:16:28.613,1125,0.4778664765351448,0.5816779808851253,0.46014602639258423,0.5869587194518349,0.2693070219093745,0.3500,1.0000,0.4000,10.688
2026-04-20 22:16:28.621,1126,0.47783380884977134,0.581333355348787,0.46036473420880103,0.5873961350842685,0.26969804291497984,0.2000,1.0000,0.2500,10.726
2026-04-20 22:16:28.636,1127,0.4778009880778341,0.5809892695540075,0.46058323564453735,0.5878331379557411,0.27008858765668875,0.2000,1.0000,0.2000,11.397
2026-04-20 22:16:28.644,1128,0.4777677584359555,0.5806447045177113,0.4608022834985213,0.588271233663709,0.2704799184251461,0.7000,1.0000,0.1500,9.853
2026-04-20 22:16:28.660,1129,0.47773386450362,0.5803004650658711,0.46102158815096106,0.5887098429685885,0.2708713431879416,0.3500,1.0000,0.3000,9.573
2026-04-20 22:16:28.674,1130,0.47769932592728037,0.5799570970744298,0.4612408245755187,0.5891483158177038,0.27126226398112235,0.1000,1.0000,0.4000,7.560
2026-04-20 22:16:28.683,1131,0.47766520848187244,0.5796137782192506,0.4614597521554726,0.5895861709776116,0.27165285135038125,0.4000,1.0000,-0.0500,7.043
2026-04-20 22:16:28.699,1132,0.4776307072857015,0.5792713797588843,0.46167840961697376,0.5900234859006139,0.2720427083929296,0.1500,1.0000,0.4500,10.454
2026-04-20 22:16:28.708,1133,0.47759555923116614,0.5789290030193398,0.46189748589345675,0.5904616384535799,0.2724329733795229,0.3500,1.0000,0.4000,13.122
2026-04-20 22:16:28.725,1134,0.4775597847874089,0.5785863685321199,0.46211712703547153,0.5909009207376095,0.2728239320952755,0.5000,1.0000,0.3000,12.608
2026-04-20 22:16:28.734,1135,0.4775252385044516,0.578243736282265,0.4623359481138067,0.5913385628942798,0.27321406961876216,0.3500,1.0000,0.2500,11.638
2026-04-20 22:16:28.748,1136,0.47749004280742646,0.5779010793975303,0.46255521620094886,0.5917770990685641,0.27360466645888903,0.3500,1.0000,0.5000,13.850
2026-04-20 22:16:28.756,1137,0.47745368014329814,0.5775577854308034,0.4627756263023628,0.592217919271392,0.27399672384496526,0.6500,1.0000,0.4000,12.530
2026-04-20 22:16:28.770,1138,0.4774169979420475,0.5772148160976094,0.4629960639133187,0.5926587944933038,0.27438864641477806,0.3500,1.0000,0.3500,9.249
2026-04-20 22:16:28.784,1139,0.4773813305618615,0.5768728250922317,0.4632152659224114,0.5930971985114892,0.27477884421005166,0.1500,1.0000,0.3500,11.750
2026-04-20 22:16:28.793,1140,0.47734559003321825,0.5765307558239282,0.4634345614090944,0.5935357894848552,0.2751691746058737,0.4000,1.0000,0.1000,10.430
2026-04-20 22:16:28.810,1141,0.4773097519373464,0.5761886029773753,0.4636539696901679,0.5939746060470023,0.2755596595769614,0.4000,1.0000,0.4500,10.248
2026-04-20 22:16:28.820,1142,0.47727593552731995,0.5758460569679166,0.4638722548360502,0.5944111763387668,0.27594921798630856,0.6000,1.0000,0.2500,8.884
2026-04-20 22:16:28.836,1143,0.4772427793724431,0.575503403456622,0.46409016123258234,0.5948469891318311,0.27633845138946145,0.3500,1.0000,0.2000,8.143
2026-04-20 22:16:28.846,1144,0.47721075870489144,0.5751613389284104,0.46430697406719784,0.5952806148010621,0.276726296731627,0.1000,1.0000,0.4000,10.154
2026-04-20 22:16:28.864,1145,0.477177231762551,0.5748199674842212,0.46452439502864645,0.5957154567239593,0.27711440365131124,0.3000,1.0000,0.2000,10.591
2026-04-20 22:16:28.882,1146,0.47714304951464653,0.5744788857663329,0.4647420872944885,0.5961508412556434,0.27750263700515415,0.3500,1.0000,0.3500,9.770
2026-04-20 22:16:28.891,1147,0.4771082067656255,0.5741373010344085,0.464960507323147,0.5965876813129604,0.27789184962195984,0.5500,1.0000,0.5000,12.926
2026-04-20 22:16:28.908,1148,0.47707405352764215,0.573795572558726,0.4651785498094529,0.5970237662855722,0.2782807565616265,0.4000,1.0000,0.0000,9.034
2026-04-20 22:16:28.918,1149,0.4770400277977845,0.5734528995221219,0.46539704703205054,0.5974607607307675,0.2786705905115801,0.6500,1.0000,0.7000,12.019
2026-04-20 22:16:28.943,1150,0.477004819047564,0.5731105219076849,0.4656161641150556,0.5978989948967776,0.2790608966045859,0.3500,1.0000,0.2500,10.256
2026-04-20 22:16:28.954,1151,0.4769700462068853,0.5727680027808223,0.46583507144899,0.5983368095646464,0.2794510636986504,0.4500,1.0000,0.2500,12.511
2026-04-20 22:16:28.971,1152,0.4769367601127917,0.5724257354809873,0.4660528437106319,0.5987723540879302,0.2798399698010076,0.3000,1.0000,0.2000,7.979
2026-04-20 22:16:28.991,1153,0.4769041259216481,0.5720824335560972,0.4662707725780826,0.5992082118228316,0.2802295498159773,0.6000,1.0000,0.1000,8.466
2026-04-20 22:16:29.001,1154,0.47686973574462377,0.5717394617547719,0.4664896834544047,0.5996460335754759,0.28061994677248386,0.4000,1.0000,0.2500,9.366
2026-04-20 22:16:29.019,1155,0.4768365555259508,0.5713963436307552,0.46670787129863744,0.6000824092639413,0.28100969385286095,0.4500,1.0000,0.3500,11.758
2026-04-20 22:16:29.029,1156,0.4768053353285781,0.5710535357065514,0.466924575198997,0.6005158170646604,0.28139780188423436,0.3500,1.0000,0.2500,10.186
2026-04-20 22:16:29.050,1157,0.47677470621739027,0.5707115084452055,0.467140438943047,0.6009475445527604,0.28178467942280194,0.2500,1.0000,0.5000,8.292
2026-04-20 22:16:29.062,1158,0.47674359369974745,0.5703692322413811,0.4673567672052944,0.6013802010772552,0.28217214594589074,0.3000,1.0000,0.3500,9.252
2026-04-20 22:16:29.079,1159,0.4767112305203595,0.5700258844737466,0.4675745415587667,0.6018157497841998,0.28256159433734174,0.7000,1.0000,0.1500,12.667
2026-04-20 22:16:29.190,1160,0.4766792553487493,0.5696827934705939,0.46779191051254065,0.6022504876917477,0.2829505089422285,0.2500,1.0000,0.2000,10.553
2026-04-20 22:16:29.200,1161,0.47664816228076645,0.5693403746966241,0.46800830726114107,0.6026832811889485,0.2833381152228643,0.0500,1.0000,0.6000,11.561
2026-04-20 22:16:29.208,1162,0.47661767671254185,0.5689977478347332,0.46822441791231295,0.6031155024912923,0.2837255394456806,0.4000,1.0000,0.4000,11.970
2026-04-20 22:16:29.216,1163,0.47658699800454324,0.5686554161767248,0.46844048863057736,0.6035476439278211,0.28411277612942715,0.3000,1.0000,0.4000,13.100
2026-04-20 22:16:29.225,1164,0.4765558670997467,0.5683138245407836,0.46865643793894174,0.60397954254455,0.28449952138814577,0.1000,1.0000,0.5500,8.237
2026-04-20 22:16:29.233,1165,0.4765245492066617,0.5679725750140889,0.46887231641062826,0.604411299487923,0.28488602475159175,0.3500,1.0000,0.5500,11.778
2026-04-20 22:16:29.243,1166,0.47649226972579034,0.5676310239059236,0.4690890082687053,0.6048446832040771,0.2852734922883112,0.3000,1.0000,0.2000,13.247
2026-04-20 22:16:29.251,1167,0.47645958304888575,0.5672892752113352,0.46930608449306127,0.6052788356527891,0.28566144298078433,0.4500,1.0000,0.3500,8.342
2026-04-20 22:16:29.261,1168,0.47642623967091857,0.5669472906885037,0.4695237332729792,0.6057141332126249,0.28605008413931626,0.4000,1.0000,0.4000,10.256
2026-04-20 22:16:29.270,1169,0.4763933215182978,0.5666035314941736,0.4697421126633139,0.6061508919932943,0.28644034324049833,0.8000,1.0000,0.2500,12.433
2026-04-20 22:16:29.278,1170,0.4763610849531354,0.5662601956927494,0.4699597957193086,0.6065862581052838,0.286829694307477,0.3500,1.0000,0.2000,8.184
2026-04-20 22:16:29.287,1171,0.4763287241079823,0.5659183072768106,0.4701767345474294,0.6070201357615255,0.28721757745053095,0.0500,1.0000,0.2000,11.851
2026-04-20 22:16:29.296,1172,0.4762970358920383,0.565577363005062,0.4703926854414444,0.6074520375495555,0.287604000584175,0.2500,1.0000,0.3000,8.719
2026-04-20 22:16:29.304,1173,0.47626546770035866,0.5652373123390515,0.4706080456838755,0.6078827580344176,0.2879893862602535,0.2000,1.0000,0.4000,6.238
2026-04-20 22:16:29.313,1174,0.4762337516442093,0.5648965330265977,0.4708239208685653,0.6083145084037972,0.2883756511987931,0.6000,1.0000,0.6500,11.528
2026-04-20 22:16:29.323,1175,0.47620189402793356,0.5645567074892388,0.4710393454089857,0.608745357484638,0.28876098860258714,0.2000,1.0000,0.5500,8.544
2026-04-20 22:16:29.332,1176,0.47617122624931735,0.5642166931179757,0.4712540846261411,0.6091748359189488,0.28914573509722746,0.4500,1.0000,0.1500,13.449
2026-04-20 22:16:29.342,1177,0.47613934853695755,0.5638769865259378,0.47146945458880013,0.6096055758442669,0.2895309584450032,0.2500,1.0000,0.2500,11.398
2026-04-20 22:16:29.351,1178,0.476109986150186,0.5635382605983887,0.47168258728497087,0.6100318412366084,0.2899134541913733,0.2500,1.0000,0.2500,9.512
2026-04-20 22:16:29.360,1179,0.4760806943870204,0.5632004290091843,0.4718951618452919,0.6104569903572504,0.2902949446301286,0.1500,1.0000,0.1500,11.007
2026-04-20 22:16:29.370,1180,0.476051994272773,0.5628629933086835,0.4721071157480102,0.610880898162687,0.2906756164644145,0.4000,1.0000,0.2000,13.173
2026-04-20 22:16:29.379,1181,0.4760233478012915,0.562525951549957,0.4723188087765112,0.6113042842196891,0.2910558304511564,0.4000,1.0000,0.5500,13.412
2026-04-20 22:16:29.389,1182,0.47599501196572125,0.5621890910418367,0.47253019113992545,0.6117270489465175,0.29143564314514203,0.1500,1.0000,0.5500,11.195
2026-04-20 22:16:29.399,1183,0.4759669799084519,0.56185257540145,0.4727411739145728,0.6121490144958123,0.29181488381419873,0.3500,1.0000,0.1500,9.955
2026-04-20 22:16:29.408,1184,0.4759392494620738,0.5615144684260371,0.47295286494704875,0.6125723965607641,0.29219562840637053,0.6500,1.0000,0.2000,13.199
2026-04-20 22:16:29.418,1185,0.4759131102293468,0.5611761265534438,0.473163629394916,0.6129939254564987,0.29257556386036426,0.5000,1.0000,0.3000,8.349
2026-04-20 22:16:29.426,1186,0.47588668013014696,0.5608387099397733,0.4733740590319866,0.6134147847306398,0.29295470187200506,0.1500,1.0000,0.1000,9.907
2026-04-20 22:16:29.437,1187,0.4758599614034072,0.5605003603335924,0.47358521422367206,0.6138370951140107,0.2933350319324838,0.6000,1.0000,0.3000,11.207
2026-04-20 22:16:29.447,1188,0.47583244261524216,0.5601636580105525,0.47379596148273645,0.6142585896321395,0.2937141304167999,0.1000,1.0000,0.2500,10.863
2026-04-20 22:16:29.458,1189,0.4758044151933251,0.5598285877838478,0.47400611520230646,0.6146788970712795,0.294091819311542,0.1000,1.0000,0.2000,7.772
2026-04-20 22:16:29.469,1190,0.4757761473421634,0.5594930586893713,0.47421669141607536,0.6151000494988175,0.2944701601325144,0.3500,1.0000,0.1000,11.351
2026-04-20 22:16:29.479,1191,0.47574816993546915,0.5591591534160119,0.47442614610036216,0.615518958867391,0.2948465675116472,0.1000,1.0000,0.4500,10.883
2026-04-20 22:16:29.490,1192,0.47571916493137445,0.5588240926372274,0.47463694613640256,0.6159405589394719,0.29522489799350105,0.5000,1.0000,0.1000,11.608
2026-04-20 22:16:29.498,1193,0.4756912614491747,0.5584878429851489,0.4748476911787467,0.6163620490241601,0.29560376791661314,0.4500,1.0000,0.3500,9.823
2026-04-20 22:16:29.509,1194,0.47566206363780494,0.5581511796023184,0.4750595355229002,0.6167857377124671,0.2959839440052686,0.4000,1.0000,0.3500,10.948
2026-04-20 22:16:29.518,1195,0.47563319455490066,0.557815563545491,0.47527056224092157,0.6172077911485099,0.29636277880319783,0.2500,1.0000,0.3500,11.342
2026-04-20 22:16:29.528,1196,0.4756030677853842,0.5574801649229186,0.4754823031667732,0.6176312730002131,0.296742219090285,0.2500,1.0000,0.2500,9.797
2026-04-20 22:16:29.538,1197,0.47557436239584067,0.5571421794628978,0.4756945746970913,0.6180558160608494,0.29712348339906436,0.7500,1.0000,0.2000,12.365
2026-04-20 22:16:29.547,1198,0.475545716404323,0.5568031133378026,0.47590742414996395,0.6184815149665945,0.2975058659614819,0.5500,1.0000,0.4000,9.936
2026-04-20 22:16:29.557,1199,0.47551765144801944,0.5564652139649212,0.47611921952886516,0.6189051057243969,0.29788661107241116,0.2500,1.0000,0.2500,8.808
2026-04-20 22:16:29.566,1200,0.475490416037688,0.5561270040394609,0.4763306393341718,0.6193279453350102,0.29826713588466774,0.4500,1.0000,0.6000,11.097
2026-04-20 22:16:29.576,1201,0.47546267916413154,0.5557898562783748,0.476541786495708,0.6197502396580826,0.29864685696964016,0.1000,1.0000,0.1500,10.417
2026-04-20 22:16:29.585,1202,0.4754349814497043,0.5554538564471506,0.47675225158976636,0.6201711698461994,0.2990253220209171,0.2000,1.0000,0.4000,8.114
2026-04-20 22:16:29.595,1203,0.4754065378137875,0.5551175798131104,0.476963372136429,0.6205934109395246,0.29940458092495803,0.5000,1.0000,0.3500,11.466
2026-04-20 22:16:29.603,1204,0.47537709737812467,0.5547801225415407,0.4771758318648887,0.621018330396444,0.2997857693283501,0.4500,1.0000,0.5000,10.042
2026-04-20 22:16:29.613,1205,0.47534720872275094,0.5544438039378762,0.4773879397377725,0.6214425461422116,0.3001660365410392,0.1500,1.0000,0.3500,5.436
2026-04-20 22:16:29.623,1206,0.4753171446187506,0.5541079751262157,0.47759988469396025,0.6218664360545871,0.30054589593989106,0.4000,1.0000,0.6500,10.111
2026-04-20 22:16:29.632,1207,0.4752885079288103,0.5537701281144485,0.47781203129671557,0.6222907292600979,0.30092696608425884,0.5500,1.0000,0.3000,12.983
2026-04-20 22:16:29.643,1208,0.47525941856820875,0.5534343524745219,0.47802329603763505,0.6227132587419368,0.3013061186797986,0.1500,1.0000,0.1000,7.226
2026-04-20 22:16:29.651,1209,0.4752306800681817,0.5530973929001679,0.4782350034042751,0.623136673475217,0.30168630586723294,0.5500,0.9500,-0.1000,13.212
2026-04-20 22:16:29.662,1210,0.47520227019134115,0.5527623379064415,0.478445403355851,0.6235574733783688,0.3020642333482808,0.0000,1.0000,0.3500,8.858
2026-04-20 22:16:29.671,1211,0.4751739110346243,0.5524291611131497,0.4786546962355019,0.6239760591376705,0.30244011465620807,0.0000,1.0000,0.7000,10.990
2026-04-20 22:16:29.682,1212,0.4751461246145197,0.552096244105118,0.47886345884094,0.6243935843485467,0.30281533579634357,0.2500,1.0000,0.4500,11.312
2026-04-20 22:16:29.693,1213,0.4751183868371836,0.5517661740361073,0.4790705621945163,0.6248077910556994,0.3031874742141864,0.0500,1.0000,0.3500,7.824
2026-04-20 22:16:29.701,1214,0.47509044094971176,0.5514387396052982,0.4792762982081903,0.6252192630830473,0.3035569274721332,-0.1000,1.0000,0.0500,9.908
2026-04-20 22:16:29.713,1215,0.4750641228810861,0.5511082824418441,0.4794826762841075,0.6256320192348818,0.3039285341577797,0.8000,1.0000,0.4500,11.685
2026-04-20 22:16:29.721,1216,0.47503675132510564,0.5507799080762544,0.4796885665137597,0.6260437996941861,0.30429861159738886,0.2000,1.0000,-0.1000,10.200
2026-04-20 22:16:29.734,1217,0.4750083584537428,0.5504501376797856,0.4798959353513331,0.626458537369333,0.30467086565954404,0.5500,1.0000,0.4000,11.343
2026-04-20 22:16:29.743,1218,0.4749805545544251,0.550120702452208,0.4801027200148923,0.6268721066964513,0.3050423679624489,0.3500,1.0000,0.4000,12.615
2026-04-20 22:16:29.754,1219,0.47495305606951327,0.5497915622890354,0.48030913245974,0.6272849315861467,0.30541335051367313,0.3000,1.0000,0.4500,10.690
2026-04-20 22:16:29.765,1220,0.4749255824076457,0.5494636292464276,0.48051483857186167,0.6276963438103901,0.3057830231711452,0.2500,1.0000,0.4000,11.494
2026-04-20 22:16:29.774,1221,0.47489707412205917,0.5491351323922008,0.48072155661037286,0.6281097798874125,0.3061539896600948,0.4500,1.0000,0.1500,12.430
2026-04-20 22:16:29.786,1222,0.47486888985861986,0.5488043015174178,0.48092939235935167,0.6285254513853701,0.3065272408690905,0.6500,1.0000,0.3500,13.607
2026-04-20 22:16:29.795,1223,0.47484181021670163,0.548473610338042,0.48113641186726036,0.6289394904011875,0.30689960598863364,0.1500,1.0000,0.3500,12.455
2026-04-20 22:16:29.807,1224,0.474814738938235,0.5481423285686092,0.48134376327881473,0.6293541932242962,0.3072725983061926,0.4000,1.0000,0.1000,10.329
2026-04-20 22:16:29.816,1225,0.47478742392566603,0.5478123200190086,0.481550549624851,0.6297677659163687,0.30764438894767865,0.2500,1.0000,0.1000,9.000
2026-04-20 22:16:29.828,1226,0.4747593317863885,0.5474818128030736,0.4817581390068427,0.6301829446803522,0.3080172319576679,0.5000,1.0000,0.1000,9.807
2026-04-20 22:16:29.842,1227,0.47472996168620923,0.5471499089914656,0.4819673784167525,0.6306014235001718,0.30839242329281086,0.6000,1.0000,0.2500,9.024
2026-04-20 22:16:29.851,1228,0.47469989010016533,0.546815582234879,0.48217847002322706,0.6310236067131209,0.30877067829642496,0.6000,1.0000,0.1500,10.962
2026-04-20 22:16:29.864,1229,0.4746691182608202,0.5464825999989865,0.4823892601670501,0.6314451870007669,0.3091479595764751,0.2000,1.0000,0.1000,11.075
2026-04-20 22:16:29.874,1230,0.47463953117335783,0.5461498360810595,0.48259913572253466,0.631864938111736,0.30952421710865563,0.1500,1.0000,0.3500,9.917
2026-04-20 22:16:29.887,1231,0.4746092344454898,0.545817573606222,0.4828091978321068,0.6322850623308803,0.309900410472847,0.4000,1.0000,0.2000,11.984
2026-04-20 22:16:29.896,1232,0.474579065291273,0.5454848130248003,0.4830194595243222,0.6327055857153111,0.3102770524724577,0.4500,1.0000,0.2500,11.482
2026-04-20 22:16:29.908,1233,0.47454899739332695,0.5451506215125028,0.48323047138657116,0.6331276094398091,0.31065516010703936,0.5500,1.0000,0.4000,14.244
2026-04-20 22:16:29.916,1234,0.4745179794289901,0.5448169315383726,0.48344183003262065,0.633550326731908,0.31103336375585233,0.3500,1.0000,0.2000,14.596
2026-04-20 22:16:29.929,1235,0.47448710915971715,0.5444827657658767,0.4836533620995364,0.6339733908657396,0.3114119787242435,0.4500,1.0000,0.0500,10.530
2026-04-20 22:16:29.941,1236,0.47445583702785316,0.5441490413167442,0.48386490988954506,0.6343964864457569,0.311790388753589,0.3000,1.0000,0.3500,11.200
2026-04-20 22:16:29.951,1237,0.4744244232405955,0.5438168420851575,0.4840756805630931,0.6348180277928529,0.31216725905725795,0.3000,1.0000,0.2500,11.486
2026-04-20 22:16:29.965,1238,0.474393420567241,0.543483087899636,0.48428706570532004,0.6352407980773068,0.3125455213061433,0.5000,1.0000,0.4500,8.642
2026-04-20 22:16:29.975,1239,0.47436258784654733,0.5431498986346304,0.48449801473357323,0.6356626961338132,0.3129230649803801,0.4000,1.0000,0.1000,9.187
2026-04-20 22:16:29.989,1240,0.4743302740258748,0.5428152570726865,0.48471078104531484,0.6360882287572964,0.31330315208617,0.6000,1.0000,0.5000,9.036
2026-04-20 22:16:29.998,1241,0.4743005465875009,0.5424811490014789,0.4849215182498931,0.636509703166453,0.3136809433390361,0.3500,0.9500,0.1500,9.773
2026-04-20 22:16:30.013,1242,0.47426959022776516,0.5421484656194446,0.4851322606268454,0.6369311879203575,0.31405802741930905,0.1500,1.0000,-0.0500,6.611
2026-04-20 22:16:30.026,1243,0.47423983915749013,0.5418152215004923,0.4853425198981646,0.637351706462996,0.3144349087620389,0.4000,1.0000,0.3500,8.069
2026-04-20 22:16:30.035,1244,0.47420966579177803,0.5414835376315795,0.4855521691279149,0.6377710049224965,0.31481039993782195,0.2500,1.0000,0.4500,14.346
2026-04-20 22:16:30.049,1245,0.47418040845460996,0.5411533893408575,0.4857603301983203,0.6381873270633074,0.31518363516481746,0.2500,1.0000,0.1000,7.319
2026-04-20 22:16:30.058,1246,0.4741507381236786,0.5408227568881311,0.4859690432615189,0.6386047531897046,0.3155576644652715,0.5000,1.0000,0.3000,11.866
2026-04-20 22:16:30.072,1247,0.47412092549858487,0.5404915245609118,0.4861781939725434,0.6390230546117536,0.31593243135047117,0.4000,1.0000,0.3000,14.387
2026-04-20 22:16:30.081,1248,0.4740917739854481,0.540157717192676,0.4863883753939104,0.6394434174544875,0.3163095164662045,0.7000,1.0000,0.3000,10.707
2026-04-20 22:16:30.096,1249,0.4740629921928265,0.5398244954944226,0.4865979756660213,0.6398626179987094,0.31668572759738317,0.3500,1.0000,0.2500,11.704
2026-04-20 22:16:30.111,1250,0.4740340454040465,0.5394928511195137,0.48680678460760485,0.6402802358818764,0.3170603587360639,0.2000,1.0000,0.1000,11.718
2026-04-20 22:16:30.121,1251,0.4740033342427704,0.5391616806740289,0.4870164989803747,0.6406996646274161,0.3174356583409297,0.3000,1.0000,0.5500,10.320
2026-04-20 22:16:30.136,1252,0.47397252700970244,0.5388321009978772,0.48722536838963765,0.641117403445942,0.31780931759734143,0.2500,1.0000,0.3000,8.929
2026-04-20 22:16:30.146,1253,0.47394162589732713,0.5385030120956471,0.4874340199425535,0.6415347065517737,0.318182513610173,0.3500,1.0000,0.2000,13.378
2026-04-20 22:16:30.163,1254,0.4739117007747318,0.538170136627698,0.48764418458715375,0.6419550358409742,0.3185591159972846,0.8000,1.0000,0.2500,10.689
2026-04-20 22:16:30.173,1255,0.4738821807292623,0.5378368328431932,0.48785432393236167,0.6423753145313901,0.3189359072430255,0.5000,1.0000,0.2500,8.239
2026-04-20 22:16:30.187,1256,0.4738535917379542,0.5375041321300066,0.4880634979623295,0.6427936625913258,0.3193114316376188,0.3500,0.9500,-0.0500,8.943
2026-04-20 22:16:30.201,1257,0.47382429150767963,0.5371719691113808,0.4882728388972982,0.6432123444612632,0.31968685408969166,0.3000,1.0000,0.4000,9.775
2026-04-20 22:16:30.210,1258,0.47379512031074267,0.5368393501133428,0.4884823543694388,0.6436313754055444,0.32006267906840874,0.5000,1.0000,0.0500,4.368
2026-04-20 22:16:30.224,1259,0.47376553155936135,0.536508356115853,0.4886912196392081,0.6440491059450829,0.32043704134425366,0.1500,1.0000,0.6500,13.257
2026-04-20 22:16:30.234,1260,0.47373660925104816,0.5361756997398388,0.4889005905439326,0.6444678477545319,0.3208127404440961,0.5500,1.0000,0.1000,10.880
2026-04-20 22:16:30.248,1261,0.47370646329037086,0.5358402621141388,0.48911236650219075,0.6448913996710482,0.3211922352221017,0.6500,1.0000,0.3500,13.366
2026-04-20 22:16:30.256,1262,0.4736756593392144,0.5355055920602778,0.4893241425080525,0.6453149516827718,0.3215713462615846,0.4000,1.0000,0.4000,9.684
2026-04-20 22:16:30.271,1263,0.4736460912467045,0.5351716760346797,0.4895346637346274,0.6457359941359215,0.32194882550744847,0.4000,1.0000,0.3500,9.989
2026-04-20 22:16:30.280,1264,0.47361826230621334,0.5348350488336409,0.48974557476940966,0.6461578162054861,0.32232805014904536,0.7000,1.0000,0.2500,11.398
2026-04-20 22:16:30.295,1265,0.4735894522393815,0.5344980191995502,0.48995736984994703,0.6465814063665608,0.32270836005273434,0.4500,1.0000,0.1000,9.236
2026-04-20 22:16:30.310,1266,0.4735612751551665,0.5341594929342899,0.4901695981596751,0.6470058629860169,0.3230898515010157,0.6000,1.0000,0.5500,9.667
2026-04-20 22:16:30.319,1267,0.4735321334471049,0.5338206232150915,0.49038266581115764,0.647431998288982,0.32347235401784286,0.4500,1.0000,0.2000,8.681
2026-04-20 22:16:30.334,1268,0.4735031153205607,0.5334802183500503,0.4905965283009608,0.6478597232685883,0.32385641894573963,0.5500,1.0000,0.5000,10.630
2026-04-20 22:16:30.346,1269,0.4734763570312406,0.5331382104120984,0.49080980027408677,0.6482862672148403,0.32424069489324747,0.5000,0.8000,-0.1000,12.905
2026-04-20 22:16:30.361,1270,0.47344965674031736,0.5327946713430087,0.49102390851350824,0.6487144836936832,0.32462657267245754,0.5500,1.0000,0.2000,10.313
2026-04-20 22:16:30.370,1271,0.4734232855279328,0.5324495572284731,0.49123869739302656,0.6491440614527199,0.32501391861433004,0.5000,1.0000,0.4500,13.843
2026-04-20 22:16:30.384,1272,0.47339724733435545,0.5321066931171222,0.49145197854372674,0.6495706237541202,0.3253986318256395,0.3000,1.0000,0.1000,12.273
2026-04-20 22:16:30.398,1273,0.47337099140502353,0.5317635815263796,0.4916655462682228,0.6499977592031123,0.32578375535029264,0.5000,1.0000,0.3000,9.271
2026-04-20 22:16:30.407,1274,0.47334345518208876,0.5314202350432118,0.49188010174586627,0.6504268701583993,0.32616998407416226,0.5000,1.0000,0.2500,9.355
2026-04-20 22:16:30.420,1275,0.4733157417450867,0.5310753698219957,0.4920956432163755,0.6508579530994177,0.3265579581597825,0.5500,1.0000,0.3000,9.919
2026-04-20 22:16:30.429,1276,0.47328731170235117,0.5307302586762705,0.4923118029521768,0.6512902725710203,0.3269466734728142,0.4500,1.0000,0.4000,14.653
2026-04-20 22:16:30.444,1277,0.47325925546869735,0.5303872770463944,0.4925264966155745,0.6517196598978158,0.3273328579553868,0.1500,1.0000,0.4500,12.132
2026-04-20 22:16:30.453,1278,0.47323210531822657,0.530044054550896,0.49274072386087003,0.6521481143884068,0.3277186964525413,0.5000,1.0000,0.1500,10.434
2026-04-20 22:16:30.471,1279,0.4732052864821788,0.5297041978149699,0.4929528069385584,0.6525722805437836,0.32810070790217916,0.0500,1.0000,0.5500,13.377
2026-04-20 22:16:30.485,1280,0.4731806380023595,0.5293651539818909,0.49316297859604524,0.6529926238587572,0.32848040148007235,0.3000,1.0000,0.6500,11.012
2026-04-20 22:16:30.494,1281,0.4731565184627209,0.5290293872282978,0.4933709250097632,0.6534085166861932,0.32885623127433766,0.0500,1.0000,0.1000,10.013
2026-04-20 22:16:30.508,1282,0.4731323709462743,0.5286931506901791,0.4935791585228583,0.6538249837123833,0.32923258306013037,0.4500,1.0000,0.1000,9.130
2026-04-20 22:16:30.517,1283,0.4731081968926154,0.5283565326301414,0.4937876277398286,0.6542419221463239,0.3296093613106487,0.5000,1.0000,0.2000,9.611
2026-04-20 22:16:30.533,1284,0.47308428519506485,0.528016912571691,0.49399763748027004,0.6546619416272068,0.32998918108373854,0.6500,1.0000,0.2000,12.541
2026-04-20 22:16:30.541,1285,0.47306115290210354,0.5276769478017711,0.49420732459551725,0.6550813158577012,0.3303688505872663,0.4500,0.9500,-0.0500,9.532
2026-04-20 22:16:30.556,1286,0.47303688972995206,0.5273403543225978,0.4944158391782555,0.6554983450231777,0.33074566191281213,0.0000,1.0000,0.3500,10.422
2026-04-20 22:16:30.571,1287,0.4730123454774157,0.5270020888202624,0.4946254965896135,0.6559176598458938,0.3311244520784622,0.6000,1.0000,0.1000,12.147
2026-04-20 22:16:30.580,1288,0.4729875112051761,0.526664679742566,0.4948348579618252,0.6563363825903171,0.3315025179925527,0.3000,1.0000,0.6500,8.286
2026-04-20 22:16:30.594,1289,0.47296187327252937,0.5263268780410413,0.4950449794640111,0.656756625594689,0.3318815403484407,0.4500,1.0000,0.3000,9.768
2026-04-20 22:16:30.603,1290,0.4729365294572641,0.5259873632012554,0.49525588382399116,0.6571784343146491,0.3322622021311652,0.5500,1.0000,0.0500,11.505
2026-04-20 22:16:30.620,1291,0.47291254271514527,0.5256474270174702,0.49546612423644204,0.6575989151395508,0.3326424106382746,0.4000,1.0000,0.3000,6.556
2026-04-20 22:16:30.629,1292,0.4728901230581021,0.5253056696559427,0.4956763605984099,0.6580193878634866,0.3330235256836892,0.4500,1.0000,0.3000,8.405
2026-04-20 22:16:30.644,1293,0.47286817601129844,0.5249635347539048,0.4958864976242274,0.6584396619151215,0.3334047301631281,0.4000,1.0000,0.5000,11.901
2026-04-20 22:16:30.652,1294,0.47284482802219924,0.524622365398928,0.4960970168703081,0.658860700407283,0.3337858340892216,0.3000,1.0000,0.4500,16.099
2026-04-20 22:16:30.668,1295,0.4728225052805164,0.5242833148752127,0.4963056418573039,0.6592779503812746,0.3341639843405237,0.0500,1.0000,0.3500,8.906
2026-04-20 22:16:30.683,1296,0.4728006710650367,0.5239465754955502,0.4965126205063359,0.6596919076793385,0.33453933268176217,0.2500,1.0000,0.2500,11.937
2026-04-20 22:16:30.692,1297,0.4727779609540233,0.5236093027595591,0.4967204878606871,0.660107642388041,0.3349158364064129,0.4000,1.0000,0.2000,11.352
2026-04-20 22:16:30.706,1298,0.47275521322148295,0.5232715521531696,0.49692865336477643,0.6605239733962196,0.3352928772159318,0.4500,1.0000,0.3500,11.860
2026-04-20 22:16:30.714,1299,0.4727318867030022,0.5229319375160458,0.4971382698865022,0.6609432064396712,0.33567230105838725,0.5500,1.0000,0.4500,10.826
2026-04-20 22:16:30.728,1300,0.4727095831906742,0.5225905354822423,0.49734822577358323,0.6613631182138332,0.3360529579644727,0.6000,1.0000,0.2500,13.635
2026-04-20 22:16:30.737,1301,0.47268775208062197,0.5222515328118018,0.4975564956609627,0.6617796579885922,0.3364307291891121,0.2500,1.0000,0.4000,11.050
2026-04-20 22:16:30.756,1302,0.47266479557543334,0.5219106942866607,0.4977665648715255,0.6621997964097177,0.3368112176642239,0.6000,1.0000,0.1000,10.497
2026-04-20 22:16:30.774,1303,0.4726407287469877,0.5215694313945943,0.49797761679291097,0.6626219002524887,0.33719290103356175,0.4500,1.0000,0.2500,10.501
2026-04-20 22:16:30.783,1304,0.47261664880555476,0.5212277432970354,0.49818892043078933,0.6630445075282454,0.33757504872208116,0.4500,1.0000,0.4000,15.051
2026-04-20 22:16:30.798,1305,0.4725933711580214,0.52088563744937,0.4983999279203507,0.6634665225073682,0.33795710913728094,0.4500,1.0000,0.3500,7.935
2026-04-20 22:16:30.807,1306,0.4725695411946654,0.5205459532185719,0.4986099198393316,0.66388650634533,0.33833694317341245,0.2000,1.0000,0.3500,8.328
2026-04-20 22:16:30.823,1307,0.4725454452198457,0.5202073121229894,0.49881949302196216,0.664305652710591,0.33871583690553325,0.4000,1.0000,0.1000,7.789
2026-04-20 22:16:30.832,1308,0.47252055300194956,0.5198666696409385,0.4990307406826626,0.664728148031992,0.3390974058089072,0.5000,1.0000,0.6000,11.060
2026-04-20 22:16:30.850,1309,0.47249488727014455,0.5195270525216206,0.49924191809768415,0.665150502862035,0.3394783917851863,0.3500,1.0000,0.4000,11.396
2026-04-20 22:16:30.869,1310,0.4724708568058432,0.5191840352356654,0.49945394828667916,0.6655745632400251,0.3398619306187095,0.6500,1.0000,0.3000,8.507
2026-04-20 22:16:30.879,1311,0.4724468394309821,0.5188391401152008,0.49966704279761864,0.666000752261904,0.3402474726913854,0.5500,1.0000,0.6500,12.976
2026-04-20 22:16:30.896,1312,0.4724230848929412,0.5184968113841095,0.4998784955757464,0.6664236578181595,0.34063008983651777,0.2000,1.0000,0.4500,8.942
2026-04-20 22:16:30.905,1313,0.47239907964007405,0.5181539854407299,0.5000903996183492,0.6668474659033653,0.3410134068522257,0.4000,1.0000,-0.0500,8.938
2026-04-20 22:16:30.921,1314,0.47237428958858974,0.5178121742549676,0.500302246998486,0.6672711606636389,0.34139615982661636,0.3000,1.0000,-0.0500,7.955
2026-04-20 22:16:30.931,1315,0.4723489879603334,0.5174669351013484,0.5005163942685326,0.6676994552037319,0.34178292667480403,0.7000,1.0000,0.6500,13.816
2026-04-20 22:16:30.947,1316,0.47232212226418097,0.5171183042294665,0.5007335223751858,0.6681337114170383,0.3421743702186898,0.7000,1.0000,0.5000,12.192
2026-04-20 22:16:30.963,1317,0.4722948106440121,0.5167735674355912,0.5009487225770399,0.6685641118207466,0.3425619388187345,-0.1500,1.0000,0.4500,11.189
2026-04-20 22:16:30.970,1318,0.4722670725424338,0.5164253062361049,0.5011662210458542,0.668999108758375,0.3429535678885071,0.6500,1.0000,0.5500,12.020
2026-04-20 22:16:30.986,1319,0.4722394507596156,0.5160767204410073,0.5013838274519932,0.669434321570653,0.34334546719337383,0.4500,1.0000,0.5000,12.087
2026-04-20 22:16:30.994,1320,0.47221221459309876,0.5157247583053979,0.5016031061179927,0.6698728789026522,0.34374072692832164,0.7000,1.0000,0.3500,10.418
2026-04-20 22:16:31.121,1321,0.47218535397738176,0.5153725081967776,0.5018222989727594,0.6703112646121856,0.3441360448385076,0.4000,1.0000,0.2500,8.865
2026-04-20 22:16:31.130,1322,0.4721583177541403,0.5150231875564836,0.5020399349172704,0.6707465365012074,0.3445283411042414,0.2500,1.0000,0.4500,9.615
2026-04-20 22:16:31.138,1323,0.47213165228613707,0.5146767899573494,0.5022556533823515,0.6711779734313695,0.34491725836993314,0.3000,1.0000,0.2500,7.317
2026-04-20 22:16:31.148,1324,0.472103731965808,0.514329841155591,0.5024725233885421,0.6716117134437508,0.3453076027780153,0.3000,1.0000,0.4000,11.825
2026-04-20 22:16:31.157,1325,0.4720754061439317,0.5139810520222615,0.5026907153471034,0.6720480973608736,0.34570018930422336,0.6000,1.0000,0.3500,10.919
2026-04-20 22:16:31.165,1326,0.4720456149389483,0.5136303265509532,0.5029109907065475,0.6724886480797618,0.34609582740027417,0.5000,1.0000,0.3000,10.103
2026-04-20 22:16:31.173,1327,0.4720168230434415,0.5132777737972974,0.5031316440209826,0.6729299547086321,0.3464927570924611,0.5500,1.0000,0.2500,10.284
2026-04-20 22:16:31.182,1328,0.4719895285889857,0.5129233734607066,0.5033523548030293,0.6733713762727255,0.34689066804369934,0.5000,0.8500,0.0000,7.970
2026-04-20 22:16:31.190,1329,0.4719617922600108,0.5125688552507259,0.5035734275242807,0.6738135217152283,0.34728899987081036,0.4500,1.0000,0.3000,13.419
2026-04-20 22:16:31.199,1330,0.47193392147937624,0.5122126669100328,0.5037955442403492,0.6742577551473654,0.3476892107580687,0.6000,1.0000,0.3000,11.722
2026-04-20 22:16:31.207,1331,0.4719053801317019,0.5118562700542392,0.5040182271525679,0.6747031209718028,0.3480900920990021,0.3500,1.0000,0.4000,12.667
2026-04-20 22:16:31.216,1332,0.47187673438269656,0.5114915824872003,0.5042457172149291,0.675158101096525,0.348499925945676,1.0000,0.9000,-0.1000,12.473
2026-04-20 22:16:31.224,1333,0.4718477170578141,0.5111269362335339,0.504473431386873,0.6756135294404128,0.34890996324522267,0.4000,1.0000,0.1500,10.713
2026-04-20 22:16:31.231,1334,0.47181753693118655,0.5107556760584041,0.5047057001436472,0.6760780669539612,0.3493278620903083,0.8500,1.0000,0.2500,13.018
2026-04-20 22:16:31.239,1335,0.4717873021599404,0.5103862427020648,0.5049369614336899,0.6765405895340465,0.3497438400592447,0.2500,1.0000,0.2000,7.900
2026-04-20 22:16:31.246,1336,0.4717556671598567,0.5100170975266785,0.5051689915347692,0.6770046497362051,0.3501604427487196,0.5000,1.0000,0.5000,13.169
2026-04-20 22:16:31.255,1337,0.4717229464788489,0.5096480793498519,0.5054016728525016,0.6774700123716698,0.3505776331555466,0.4000,1.0000,0.5500,12.964
2026-04-20 22:16:31.262,1338,0.47168998285238073,0.5092773734352426,0.5056354805554409,0.6779376277775486,0.3509967938164515,0.4500,1.0000,0.1500,12.698
2026-04-20 22:16:31.271,1339,0.47165705451459017,0.5089052227516296,0.5058700903148604,0.6784068472963874,0.3514174789183184,0.6000,1.0000,0.0000,11.402
2026-04-20 22:16:31.280,1340,0.47162416328074297,0.50852979494182,0.5061065479818366,0.6788797626303398,0.3518416504908212,0.6500,1.0000,0.2000,11.778
2026-04-20 22:16:31.289,1341,0.47159131109079816,0.5081529851020614,0.5063437693509226,0.6793542053685119,0.3522672767803897,0.6000,1.0000,0.1000,12.194
2026-04-20 22:16:31.297,1342,0.4715598388657212,0.5077712312967385,0.5065828958665889,0.6798324583998445,0.3526972801993025,0.8000,1.0000,0.4500,11.042
2026-04-20 22:16:31.305,1343,0.47152781851952574,0.5073934806237351,0.5068201002921316,0.68030686725093,0.3531233599619145,0.2500,1.0000,0.5000,7.637
2026-04-20 22:16:31.313,1344,0.4714950062799235,0.5070159281604308,0.5070577193839075,0.6807821054344818,0.353549755285893,0.3500,1.0000,0.3000,11.039
2026-04-20 22:16:31.320,1345,0.471463574993182,0.5066405108422787,0.50729319775748,0.6812530621816268,0.3539729423190756,0.3500,1.0000,0.2500,8.704
2026-04-20 22:16:31.329,1346,0.4714318667651733,0.5062688224731198,0.5075267299305495,0.6817201265277658,0.3543923186772425,0.1500,1.0000,0.3500,10.534
2026-04-20 22:16:31.339,1347,0.47140016212943664,0.5058989532343061,0.5077592202056987,0.6821851070780643,0.35480974357230105,0.2500,1.0000,0.3000,11.309
2026-04-20 22:16:31.347,1348,0.47136899592308534,0.5055256432203168,0.5079933176851504,0.6826533020369677,0.35523049605923473,0.7000,1.0000,0.4500,14.021
2026-04-20 22:16:31.357,1349,0.4713375416737444,0.5051525207915203,0.5082275000017065,0.6831216666700798,0.35565123959066175,0.4500,1.0000,0.1500,14.853
2026-04-20 22:16:31.366,1350,0.4713058115984959,0.5047795496919992,0.508461779728313,0.6835902261232929,0.3560720048674874,0.4500,1.0000,0.3500,11.329
2026-04-20 22:16:31.376,1351,0.47127436504342185,0.5044049609660238,0.5086967947994281,0.684060256265523,0.35649431430203493,0.6000,1.0000,0.2500,10.249
2026-04-20 22:16:31.385,1352,0.4712431826957916,0.5040361221787375,0.5089283480529811,0.6845233627726292,0.3569102869496626,0.1500,1.0000,0.4000,11.651
2026-04-20 22:16:31.394,1353,0.47121091043011504,0.5036674128548835,0.509160553939446,0.684987774545559,0.35732684749847304,0.5000,1.0000,0.5500,7.374
2026-04-20 22:16:31.403,1354,0.4711789331389235,0.5032950890909389,0.5093946285705774,0.6854559238078218,0.3577470840119827,0.7000,1.0000,0.4000,10.306
2026-04-20 22:16:31.414,1355,0.4711456198876465,0.502924684902221,0.5096284969416223,0.6859236605499117,0.35816615447778033,0.3000,1.0000,0.2000,11.384
2026-04-20 22:16:31.424,1356,0.47111235782722116,0.5025543450734739,0.5098622944082931,0.6863912554832534,0.3585851218592067,0.4500,1.0000,0.2500,9.044
2026-04-20 22:16:31.433,1357,0.471080233866654,0.5021856267721667,0.5100944065546035,0.6868554797758741,0.3590015931565412,0.1500,1.0000,0.5000,10.746
2026-04-20 22:16:31.444,1358,0.47104705186411316,0.5018187276178262,0.5103261845496645,0.6873190357659963,0.35941682072913184,0.3000,1.0000,0.6500,13.016
2026-04-20 22:16:31.454,1359,0.4710139318130379,0.5014441769474441,0.510562293538617,0.6877912537439015,0.359840205053624,0.9000,1.0000,0.6000,9.681
2026-04-20 22:16:31.465,1360,0.4709811384872518,0.5010658879127324,0.5108003209188866,0.6882673085044407,0.3602673769515876,0.6500,1.0000,0.3000,10.680
2026-04-20 22:16:31.474,1361,0.4709478491825551,0.5006895158470658,0.5110375835408688,0.688741833748405,0.3606928256067311,0.2000,1.0000,0.3000,11.801
2026-04-20 22:16:31.485,1362,0.47091407871636015,0.5003173102390797,0.5112727861042116,0.6892122388750905,0.36111413097438505,0.3000,1.0000,0.3000,9.617
2026-04-20 22:16:31.496,1363,0.4708809355934484,0.49994710424603606,0.511506427801578,0.6896795222698233,0.36153287566858183,0.3500,1.0000,-0.0500,10.176
2026-04-20 22:16:31.505,1364,0.4708470395436482,0.4995826038797896,0.5117373110920229,0.6901412888507132,0.3619460091424494,0.0500,1.0000,0.5000,10.175
2026-04-20 22:16:31.516,1365,0.4708143100352917,0.49921795031619653,0.5119675042295028,0.6906016751256729,0.3623585290620161,0.4500,1.0000,0.4000,11.968
2026-04-20 22:16:31.526,1366,0.47078108269133334,0.4988532423671966,0.5121980603347492,0.6910627873361659,0.36277143914204424,0.5000,1.0000,0.3000,6.437
2026-04-20 22:16:31.537,1367,0.47074736929137506,0.4984904686905761,0.5124278351788167,0.691522337024301,0.3631826008246952,0.4000,1.0000,0.5000,13.580
2026-04-20 22:16:31.547,1368,0.4707137336322001,0.49812557409055375,0.5126587701519157,0.6919842069704989,0.3635959830980704,0.5500,1.0000,0.3000,8.835
2026-04-20 22:16:31.558,1369,0.47067991066232145,0.49776248744380763,0.5128887968826502,0.6924442604319678,0.364007553152435,0.3000,1.0000,0.2000,12.100
2026-04-20 22:16:31.569,1370,0.47064696968805037,0.49739727383725274,0.5131194510219091,0.6929055687104858,0.36442081409522076,0.5500,1.0000,0.8500,12.367
2026-04-20 22:16:31.578,1371,0.4706135428564605,0.4970260208837971,0.5133538801214106,0.6933744269094887,0.3648408696716919,0.8000,1.0000,0.1500,15.948
2026-04-20 22:16:31.590,1372,0.4705793514780368,0.49665866312276685,0.5135865930945499,0.6938398528557672,0.3652572615255809,0.1500,1.0000,0.4500,12.718
2026-04-20 22:16:31.599,1373,0.4705463329505739,0.4962872660015136,0.5138208323728823,0.6943083314124321,0.36567719936476756,0.7000,1.0000,0.3000,11.895
2026-04-20 22:16:31.610,1374,0.47051282966699165,0.49591993149643054,0.5140530733269989,0.6947728133206651,0.36609310757164637,0.2500,1.0000,0.2500,12.628
2026-04-20 22:16:31.619,1375,0.47047967543621944,0.49555249112731503,0.5142851420729673,0.6952369508126018,0.36650889650238666,0.4500,1.0000,0.0500,12.808
2026-04-20 22:16:31.630,1376,0.4704465827112804,0.4951829595815876,0.5145183647731034,0.6957033962128742,0.3669268849755943,0.6000,1.0000,0.3000,11.712
2026-04-20 22:16:31.640,1377,0.47041272991226674,0.49481524403027843,0.5147510564781861,0.6961687796230397,0.36734343445653306,0.2500,1.0000,0.0000,9.551
2026-04-20 22:16:31.649,1378,0.47037895588480877,0.49445150079268196,0.5149814257753412,0.6966295182173501,0.3677556753726819,0.2500,1.0000,0.3000,8.608
2026-04-20 22:16:31.661,1379,0.47034525790460746,0.49408347562063387,0.5152141911940052,0.6970950490546782,0.36817245337755955,0.7000,1.0000,0.1000,11.295
2026-04-20 22:16:31.671,1380,0.47031163594967046,0.4937174679787188,0.5154457530547916,0.6975581727762509,0.36858701905948726,0.4000,1.0000,0.2000,13.908
2026-04-20 22:16:31.683,1381,0.4702769855224285,0.49335127072476354,0.5156781089135121,0.6980228844936919,0.36900247354536375,0.4500,1.0000,0.2500,10.150
2026-04-20 22:16:31.691,1382,0.4702432441921013,0.49298286963130056,0.5159111180444783,0.6984889027556243,0.36941968322323443,0.6000,1.0000,0.2500,11.082
2026-04-20 22:16:31.704,1383,0.470210405362433,0.49261438726775914,0.5161435719483773,0.6989538105634224,0.369836378309072,0.5000,1.0000,0.2000,14.438
2026-04-20 22:16:31.713,1384,0.4701765158596122,0.49224792625643693,0.5163755712426281,0.6994178091519239,0.3702516081091466,0.4000,1.0000,0.6500,12.918
2026-04-20 22:16:31.726,1385,0.4701418665645255,0.4918812647995811,0.5166081916053554,0.6998830498773785,0.37066755920045974,0.4500,1.0000,0.5500,12.973
2026-04-20 22:16:31.738,1386,0.4701086937290222,0.49151651901238125,0.5168387329933136,0.7003441326532948,0.371080473482171,0.3500,1.0000,0.2500,9.298
2026-04-20 22:16:31.748,1387,0.47007530040334083,0.49114932731972205,0.517070819034981,0.7008083047366296,0.37149615537031655,0.5000,1.0000,0.3500,13.330
2026-04-20 22:16:31.760,1388,0.4700414109577581,0.49078186233645393,0.5173033919893064,0.7012734506452805,0.37191246081642015,0.4000,1.0000,0.7000,11.912
2026-04-20 22:16:31.769,1389,0.4700075830392347,0.490414066769058,0.5175361128308033,0.7017388923282741,0.37232907944175475,0.3500,1.0000,0.4500,11.878
2026-04-20 22:16:31.785,1390,0.4699757715985395,0.49004170143919956,0.5177701006465789,0.7022068679598255,0.3727492499225952,0.6000,1.0000,0.3500,13.838
2026-04-20 22:16:31.795,1391,0.4699445254631315,0.48966716699926094,0.5180049510836329,0.7026765688339333,0.37317136757975,0.6000,1.0000,0.1500,10.627
2026-04-20 22:16:31.809,1392,0.4699127426528924,0.48929037155676186,0.5182414513053661,0.7031495692773997,0.37359626552286035,0.5000,1.0000,-0.0500,10.401
2026-04-20 22:16:31.823,1393,0.46988124692155686,0.48891790073517016,0.5184752889292122,0.7036172445250919,0.374016338557626,0.2000,1.0000,0.3000,10.534
2026-04-20 22:16:31.832,1394,0.4698483761380358,0.48854754493619357,0.5187088346701596,0.7040843360069866,0.37443506219818173,0.3500,1.0000,0.4000,10.474
2026-04-20 22:16:31.846,1395,0.46981610315401756,0.488179238943573,0.5189408105601833,0.7045482877870339,0.3748511910846321,0.3500,1.0000,0.3500,15.794
2026-04-20 22:16:31.856,1396,0.4697844136161538,0.487810709947198,0.5191725249168168,0.7050117165003009,0.3752671699395661,0.4500,1.0000,0.1500,10.755
2026-04-20 22:16:31.871,1397,0.4697549467278613,0.48744403168874983,0.5194016999425359,0.7054700665517394,0.37567968409461894,0.2500,1.0000,0.5500,7.911
2026-04-20 22:16:31.881,1398,0.4697254417889389,0.48707044445366987,0.5196348483219847,0.7059363633106369,0.37609962609171393,0.7500,1.0000,0.3000,11.584
2026-04-20 22:16:31.896,1399,0.4696964419777739,0.4866924012598598,0.5198702062117231,0.7064070790901136,0.3765240055784604,0.7000,1.0000,0.3500,12.032
2026-04-20 22:16:31.910,1400,0.4696676514487199,0.4863166465899026,0.5201041168521346,0.7068749003709366,0.37694579355395047,0.3500,1.0000,0.2000,9.499
2026-04-20 22:16:31.919,1401,0.4696379541340543,0.48593191762934057,0.5203437601823437,0.7073541870313548,0.3773778013645375,0.9000,1.0000,0.5500,14.952
2026-04-20 22:16:31.932,1402,0.46960848583266657,0.4855564729513557,0.5205779455327011,0.7078225577320695,0.3777997090539814,0.0500,1.0000,0.4000,10.887
2026-04-20 22:16:31.942,1403,0.4695795406195489,0.4851810679598281,0.5208117594795663,0.7082901856257998,0.3782212254967017,0.5000,1.0000,0.1000,12.362
2026-04-20 22:16:31.956,1404,0.46955054014961817,0.4847988710987099,0.5210494913326412,0.7087656493319496,0.3786500557804242,0.8000,1.0000,0.3000,12.678
2026-04-20 22:16:31.966,1405,0.4695225744738174,0.4844168172377835,0.5212864516085645,0.7092395698837961,0.3790780429868965,0.4500,1.0000,0.5000,8.472
2026-04-20 22:16:31.980,1406,0.46949452488125815,0.48403268394988513,0.5215246560729744,0.709715978812616,0.37950831409533897,0.6000,1.0000,0.1000,8.723
2026-04-20 22:16:31.994,1407,0.46946554920813194,0.4836418827038566,0.5217672881862148,0.7102012430390968,0.37994634683167444,0.8000,1.0000,0.4500,11.256
2026-04-20 22:16:32.003,1408,0.46943678516976306,0.4832537853665353,0.5220082341189243,0.710683134904516,0.380381341433123,0.3500,1.0000,0.3000,12.558
2026-04-20 22:16:32.017,1409,0.469407944234394,0.4828730605985029,0.5222450184195614,0.7111567035057903,0.3808084881178524,0.2000,1.0000,0.4500,8.878
2026-04-20 22:16:32.027,1410,0.469379048612895,0.48248762809494733,0.5224845293122006,0.7116357252910687,0.38124071526234304,0.5500,1.0000,0.2000,10.815
2026-04-20 22:16:32.041,1411,0.46934898474642034,0.48210478177912724,0.5227233412132578,0.7121133490931831,0.3816709503213819,0.3500,1.0000,0.3500,9.189
2026-04-20 22:16:32.051,1412,0.46931944742755316,0.48171502026090474,0.5229657536268043,0.712598173920276,0.38210824349410893,0.7500,1.0000,0.4500,10.284
2026-04-20 22:16:32.065,1413,0.4692887622215756,0.48132773787165495,0.5232075146532947,0.7130816959732568,0.3825436457152915,0.2000,1.0000,0.5500,9.429
2026-04-20 22:16:32.075,1414,0.4692575062637214,0.4809454034030942,0.523446828797783,0.7135603242622334,0.3829741270941254,0.2000,1.0000,0.6000,11.865
2026-04-20 22:16:32.088,1415,0.469226242065464,0.48057009026762987,0.5236821362455305,0.7140309391577282,0.38339709110966835,-0.0000,1.0000,0.1500,8.741
2026-04-20 22:16:32.102,1416,0.46919525305716836,0.4801948207474994,0.5239172353102532,0.7145011372871737,0.3838198249345177,0.5000,1.0000,0.5000,11.586
2026-04-20 22:16:32.111,1417,0.4691631526342486,0.47981463927961776,0.524155882145343,0.7149784309573533,0.3842485625036079,0.6000,1.0000,0.6500,16.435
2026-04-20 22:16:32.125,1418,0.4691302558887717,0.47943435964697845,0.5243951159562829,0.7154568985792328,0.38467793613092516,0.3500,1.0000,0.1000,11.196
2026-04-20 22:16:32.135,1419,0.46909741946440364,0.4790517916491016,0.5246356171904267,0.7159379010475204,0.38510972136406346,0.6000,1.0000,0.3000,10.236
2026-04-20 22:16:32.151,1420,0.46906519114056533,0.47868023789962855,0.5248694191679847,0.7164055050026364,0.38552930021641235,0.8000,1.0000,0.1500,12.041
2026-04-20 22:16:32.160,1421,0.4690324588729922,0.4783198307626397,0.5250971876151826,0.7168610418970323,0.3859372722321574,0.8000,1.0000,0.3500,14.184
2026-04-20 22:16:32.174,1422,0.4690009076320404,0.4779702358397605,0.5253179903032352,0.7173026472731374,0.3863328723817007,0.4000,1.0000,0.2500,12.125
2026-04-20 22:16:32.189,1423,0.46896854833240603,0.4776311287645677,0.5255333386412536,0.7177333439491741,0.3867177742573651,0.2500,1.0000,0.2000,11.036
2026-04-20 22:16:32.200,1424,0.468938459523186,0.47730219490163067,0.525741360054848,0.7181493867763626,0.38709026260247603,0.4500,1.0000,0.4500,10.450
2026-04-20 22:16:32.214,1425,0.4689080705419107,0.47698312905458173,0.5259439427169224,0.7185545521005114,0.38745237818812156,0.6500,1.0000,0.4500,11.030
2026-04-20 22:16:32.223,1426,0.46887767395546415,0.47667363518294426,0.5261410607488742,0.7189487881644151,0.3878042431559374,0.4500,1.0000,0.4000,13.650
2026-04-20 22:16:32.237,1427,0.46884727187586783,0.4763734261274559,0.5263328768336962,0.7193324203340592,0.38814616376854755,0.4500,1.0000,0.3000,12.938
2026-04-20 22:16:32.246,1428,0.46881545388193974,0.47608222334363226,0.5265204904204533,0.7197076475075735,0.3884793787472592,0.6000,1.0000,0.5000,11.242
2026-04-20 22:16:32.259,1429,0.4687836481512554,0.4757997566433233,0.5267031037839905,0.7200728742346479,0.3888032254609922,0.5500,1.0000,0.3500,14.431
2026-04-20 22:16:32.271,1430,0.46875185358229177,0.4755257639440236,0.5268808674200881,0.7204284015068431,0.3891179854467798,0.5000,1.0000,0.6500,12.681
2026-04-20 22:16:32.279,1431,0.4687220309388105,0.47525999102570293,0.5270526194214938,0.7207719055096545,0.38942262390738475,0.2500,1.0000,0.7000,8.869
2026-04-20 22:16:32.293,1432,0.468691353402162,0.4750021912949318,0.5272203852445051,0.7211074371556772,0.3897192895958193,0.4000,1.0000,0.2000,11.069
2026-04-20 22:16:32.301,1433,0.46866123525781783,0.47475212555608387,0.5273833587153561,0.7214333840973792,0.3900072959361309,0.4500,1.0000,0.3500,11.959
2026-04-20 22:16:32.313,1434,0.4686305401125055,0.47450956178940135,0.5275424300122806,0.7217515266912282,0.3902876491164322,0.4500,1.0000,0.5000,9.579
2026-04-20 22:16:32.321,1435,0.46860069412494865,0.47427427493571933,0.5276967769680333,0.7220602206027336,0.39055963949906036,0.3000,1.0000,0.4000,11.492
2026-04-20 22:16:32.335,1436,0.46856914180883075,0.47404604668764777,0.5278482279872386,0.7223631226411441,0.39082520464233483,0.6000,1.0000,0.3500,14.217
2026-04-20 22:16:32.346,1437,0.4685378944439846,0.47382466528701833,0.5279955632213423,0.7226577931093514,0.3910832305767856,0.6000,1.0000,0.2000,11.622
2026-04-20 22:16:32.355,1438,0.46850694390440495,0.4736099253284078,0.5281389054622088,0.7229444775910843,0.3913339427969888,0.4000,1.0000,0.4000,7.178
2026-04-20 22:16:32.369,1439,0.4684771387254091,0.4734016275685555,0.5282778028729184,0.7232222724125034,0.391576989087655,0.1000,1.0000,-0.0500,5.723
2026-04-20 22:16:32.377,1440,0.4684464555581077,0.47319957874149887,0.5284137147904235,0.7234940962475137,0.39181392541871807,0.4000,1.0000,0.6500,10.841
2026-04-20 22:16:32.390,1441,0.46841633408945044,0.4730035913792539,0.5285457885479868,0.7237582437626403,0.3920439928574325,0.6000,1.0000,0.2500,9.553
2026-04-20 22:16:32.398,1442,0.4683859158497005,0.4728134836378763,0.5286747003695915,0.7240160674058497,0.3922679585497538,0.6000,1.0000,0.0500,9.174
2026-04-20 22:16:32.410,1443,0.4683543438332115,0.47262907912873997,0.5288011223858358,0.7242689114383382,0.39248658282059323,0.3500,1.0000,0.6000,10.870
2026-04-20 22:16:32.420,1444,0.46832420282659426,0.47245020675487776,0.5289234291753413,0.7245135250173492,0.39269832579705605,0.3500,1.0000,0.4500,12.118
2026-04-20 22:16:32.433,1445,0.4682946108519556,0.4722767005522314,0.529042303559975,0.7247512737866165,0.3929039532830383,0.5500,1.0000,0.4500,5.639
2026-04-20 22:16:32.446,1446,0.46826499943524835,0.47210839953566447,0.5291582165139415,0.7249830996945495,0.39310401674531287,0.4000,1.0000,-0.2000,10.959
2026-04-20 22:16:32.454,1447,0.46823565641631165,0.47194514754959455,0.5292710653757761,0.7252087974182186,0.3932984916002063,0.5500,1.0000,0.2500,12.663
2026-04-20 22:16:32.469,1448,0.468205418571237,0.47178679312310673,0.529381712182893,0.7254300910324525,0.3934883156205903,0.6000,1.0000,0.2500,9.274
2026-04-20 22:16:32.477,1449,0.46817685664992365,0.4716331893294135,0.5294885270601903,0.7256437207870472,0.39367193239475673,0.4500,0.8500,0.0000,7.363
2026-04-20 22:16:32.490,1450,0.4681476929538205,0.4714841936495311,0.5295931099127882,0.725852886492243,0.3938510130873176,0.0000,1.0000,0.3500,14.076
2026-04-20 22:16:32.498,1451,0.46811931187979117,0.47133966784004516,0.5296946168056811,0.7260559002780287,0.3940247828849746,0.6000,1.0000,0.3500,9.434
2026-04-20 22:16:32.513,1452,0.46809030074922375,0.4711994778048438,0.5297940661509598,0.726254798968586,0.3941943272478745,0.5000,1.0000,0.3000,12.342
2026-04-20 22:16:32.526,1453,0.46806209484865224,0.4710634934706985,0.5298905754184942,0.7264478175036548,0.3943588286825015,0.2500,1.0000,0.4000,8.915
2026-04-20 22:16:32.536,1454,0.468032125330994,0.4709315886665775,0.5299859292707385,0.7266385252081434,0.3945201349368256,0.5000,1.0000,0.3500,11.467
2026-04-20 22:16:32.549,1455,0.46800186092823876,0.4708036410065802,0.5300792184878332,0.726825103642333,0.39467739798393775,0.6000,1.0000,0.2500,10.718
2026-04-20 22:16:32.557,1456,0.4679716036179697,0.4706795317763828,0.5301703095881461,0.7270072858429589,0.39483054369936754,0.1000,1.0000,0.1000,9.165
2026-04-20 22:16:32.571,1457,0.46794219202609194,0.4705591458230913,0.5302587092893942,0.7271840852454551,0.394979136377279,0.4500,1.0000,0.6000,10.473
2026-04-20 22:16:32.580,1458,0.4679135732063024,0.4704423714483985,0.5303445167167169,0.7273557001001005,0.39512333099196517,0.6000,1.0000,0.4500,12.050
2026-04-20 22:16:32.596,1459,0.4678837762473495,0.47032910030494657,0.5304291077237246,0.7275248821141159,0.39526455757071544,0.3500,1.0000,0.3500,13.207
2026-04-20 22:16:32.612,1460,0.4678550970482628,0.4702192272957982,0.5305110117664571,0.7276886901995808,0.39540139811803815,0.3000,1.0000,0.4500,8.944
2026-04-20 22:16:32.621,1461,0.4678277927229733,0.47011265047692424,0.5305901156893578,0.7278468980453822,0.3955337904503914,0.6000,1.0000,0.6000,12.272
2026-04-20 22:16:32.638,1462,0.467800115193276,0.4700092709626165,0.5306676413840158,0.7280019494346982,0.39566300590221837,0.4500,1.0000,0.5500,10.039
2026-04-20 22:16:32.647,1463,0.467773468987124,0.46990899283373805,0.5307427073093978,0.7281520812854623,0.3957882108920543,0.6500,1.0000,0.1000,11.980
2026-04-20 22:16:32.670,1464,0.46774700938755015,0.4698117230487259,0.530815929776756,0.7282985262201787,0.39591006825193276,0.5500,1.0000,0.2500,10.527
2026-04-20 22:16:32.680,1465,0.46771986037688396,0.46971737135726416,0.5308879443694797,0.7284425554056262,0.39602925869040123,0.2500,1.0000,0.6000,8.654
2026-04-20 22:16:32.695,1466,0.4676937516773234,0.46962585021654624,0.530957647963898,0.7285819625944628,0.39614472285519187,0.5500,1.0000,0.2500,10.948
2026-04-20 22:16:32.704,1467,0.4676666591303345,0.46953707471004985,0.5310264385227605,0.7287195437121878,0.3962579011673156,0.6000,1.0000,0.2500,12.195
2026-04-20 22:16:32.725,1468,0.46763805918572676,0.46945096246874835,0.5310947121475429,0.7288560909617525,0.3963692309127612,0.2500,1.0000,0.1000,8.062
2026-04-20 22:16:32.745,1469,0.467608917410155,0.4693674335946859,0.5311618707831166,0.7289904082329,0.3964781539853784,0.5000,1.0000,0.2500,9.909
2026-04-20 22:16:32.754,1470,0.46758216565003735,0.46928641058684534,0.5312260041514985,0.7291186749696636,0.3965827988576924,0.3500,0.9500,0.2000,7.073
2026-04-20 22:16:32.771,1471,0.46755586760277157,0.46920781826923996,0.5312884460787966,0.72924355882426,0.3966845369438047,0.5500,1.0000,0.3500,11.337
2026-04-20 22:16:32.783,1472,0.4675297508888517,0.46913158372116276,0.5313494198203238,0.7293655063073144,0.3967836279593817,0.3000,1.0000,0.3500,9.127
2026-04-20 22:16:32.800,1473,0.467504624158321,0.4690576362095279,0.5314084266949575,0.7294835200565818,0.39687960858984367,0.2000,1.0000,0.4000,9.816
2026-04-20 22:16:32.809,1474,0.46747990676814166,0.46898590712324206,0.5314658930043952,0.7295984526754573,0.39697293944243484,0.4500,1.0000,0.2500,11.763
2026-04-20 22:16:32.826,1475,0.4674555095650974,0.4689163299095448,0.5315219162142634,0.7297104990951936,0.39706375125916177,0.6000,1.0000,0.4500,11.638
2026-04-20 22:16:32.843,1476,0.4674318442781445,0.46884884001225846,0.5315762587278354,0.7298191841223378,0.39715183872138693,0.5000,1.0000,0.2500,12.038
2026-04-20 22:16:32.853,1477,0.46740888894980015,0.4687833748118907,0.5316289709660004,0.7299246085986677,0.3972372835597453,0.5000,1.0000,0.4500,10.619
2026-04-20 22:16:32.872,1478,0.4673866222813061,0.468719873567534,0.5316801018370203,0.7300268703407077,0.3973201650529529,0.7000,1.0000,0.5000,7.923
2026-04-20 22:16:32.882,1479,0.4673650236128669,0.46865827736050797,0.5317296987819097,0.7301260642304864,0.3974005601013643,0.3500,1.0000,0.6000,10.297
2026-04-20 22:16:32.900,1480,0.46734407290448093,0.46859852903969273,0.5317778078184524,0.7302222823035718,0.3974785432983234,0.5000,1.0000,0.2000,9.016
2026-04-20 22:16:33.035,1481,0.4673237507173465,0.46854057316850195,0.5318244735838988,0.7303156138344646,0.39755418699937367,0.5500,1.0000,0.2500,11.896
2026-04-20 22:16:33.047,1482,0.4673040381958261,0.4684843559734469,0.5318697393763818,0.7304061454194307,0.3976275613893925,0.4500,1.0000,0.1500,9.765
2026-04-20 22:16:33.058,1483,0.46728491704995134,0.4684298252942435,0.5319136471950904,0.7304939610568478,0.3976987345477107,0.3000,1.0000,0.5500,12.804
2026-04-20 22:16:33.068,1484,0.4672663695384528,0.4683769305354162,0.5319562377792376,0.7305791422251424,0.39776777251127937,0.4000,1.0000,0.2000,13.249
2026-04-20 22:16:33.078,1485,0.4672483784522992,0.4683256226193537,0.5319975506458605,0.7306617679583881,0.397834739335941,0.5500,1.0000,0.5000,13.063
2026-04-20 22:16:33.089,1486,0.46723092709873026,0.4682758539407731,0.5320376241264847,0.7307419149196365,0.39789969715586276,0.6000,1.0000,0.3500,13.151
2026-04-20 22:16:33.099,1487,0.46721399928576834,0.4682275783225499,0.5320764954026902,0.7308196574720474,0.3979627062411869,0.8000,1.0000,0.1000,12.314
2026-04-20 22:16:33.109,1488,0.4671975793071953,0.4681807509728734,0.5321142005406095,0.7308950677478859,0.3980238250539513,0.2000,1.0000,0.2500,11.079
2026-04-20 22:16:33.121,1489,0.46718165192797945,0.4681353284436872,0.5321507745243913,0.7309682157154493,0.39808311030233273,0.5500,1.0000,0.4500,13.246
2026-04-20 22:16:33.132,1490,0.46716620237014006,0.4680912685903766,0.5321862512886596,0.7310391692439858,0.39814061699326275,0.4500,1.0000,0.4500,11.780
2026-04-20 22:16:33.143,1491,0.46715121629903583,0.46804853053266526,0.5322206637499998,0.7311079941666663,0.3981963984834649,0.4000,1.0000,0.3500,13.078
2026-04-20 22:16:33.153,1492,0.46713667981006474,0.4680070746166853,0.5322540438374997,0.7311747543416662,0.39825050652896093,0.6000,1.0000,0.3500,12.622
2026-04-20 22:16:33.163,1493,0.4671225794157628,0.46796686237818474,0.5322864225223748,0.7312395117114162,0.3983029913330921,0.7000,1.0000,0.5000,13.737
2026-04-20 22:16:33.174,1494,0.4671089020332899,0.4679278565068392,0.5323178298467035,0.7313023263600738,0.39835390159309936,0.2000,1.0000,0.3500,10.926
2026-04-20 22:16:33.184,1495,0.46709563497229123,0.46789002081163406,0.5323482949513024,0.7313632565692716,0.3984032845453064,0.5000,1.0000,0.5000,12.697
2026-04-20 22:16:33.195,1496,0.4670827659231225,0.46785332018728504,0.5323778461027634,0.7314223588721934,0.3984511860089472,0.5500,1.0000,0.9000,12.090
2026-04-20 22:16:33.204,1497,0.4670702829454288,0.4678177205816665,0.5324065107196805,0.7314796881060276,0.3984976504286788,0.3000,1.0000,0.2500,11.321
2026-04-20 22:16:33.215,1498,0.46705817445706593,0.4677831889642165,0.53243431539809,0.7315352974628467,0.39854272091581844,0.2000,1.0000,0.3000,10.223
2026-04-20 22:16:33.225,1499,0.46704642922335393,0.46774969329529,0.5324612859361474,0.7315892385389613,0.39858643928834386,0.6000,1.0000,0.2500,9.404
2026-04-20 22:16:33.235,1500,0.46703503634665333,0.4677172024964313,0.532487447358063,0.7316415613827925,0.39862884610969357,0.7000,1.0000,0.1500,9.804
2026-04-20 22:16:33.245,1501,0.4670239852562537,0.46768568642153835,0.5325128239373211,0.7316923145413087,0.39866998072640275,0.5000,1.0000,0.2000,11.857
2026-04-20 22:16:33.254,1502,0.4670132656985661,0.4676551158288922,0.5325374392192015,0.7317415451050694,0.39870988130461066,0.5000,1.0000,0.4000,13.744
2026-04-20 22:16:33.265,1503,0.46700286772760913,0.4676254623540254,0.5325613160426255,0.7317892987519173,0.3987485848654723,0.7000,1.0000,0.1000,12.084
2026-04-20 22:16:33.274,1504,0.46699278169578085,0.4675966984834046,0.5325844765613467,0.7318356197893598,0.39878612731950813,0.7500,1.0000,0.3000,12.394
2026-04-20 22:16:33.284,1505,0.46699278169578085,0.4675687975289025,0.5326069422645062,0.7318805511956791,0.3988225434999229,0.4500,1.0000,0.4500,10.898
2026-04-20 22:16:33.294,1506,0.46699278169578085,0.4675417336030354,0.5326287339965711,0.7319241346598087,0.3988578671949252,0.5000,1.0000,0.5500,9.150
2026-04-20 22:16:33.303,1507,0.46699278169578085,0.4675154815949443,0.5326498719766739,0.7319664106200144,0.39889213117907746,0.3000,1.0000,0.5500,10.800
2026-04-20 22:16:33.313,1508,0.46699278169578085,0.467490017147096,0.5326703758173736,0.732007418301414,0.39892536724370514,0.7000,1.0000,0.3000,12.671
2026-04-20 22:16:33.323,1509,0.46699278169578085,0.4674653166326831,0.5326902645428524,0.7320471957523716,0.398957606226394,0.5000,1.0000,0.5500,11.675
2026-04-20 22:16:33.333,1510,0.46699278169578085,0.4674413571337026,0.5327095566065668,0.7320857798798005,0.39898887803960215,0.5000,1.0000,0.2000,9.448
2026-04-20 22:16:33.343,1511,0.46699278169578085,0.46741811641969155,0.5327282699083699,0.7321232064834065,0.3990192116984141,0.5000,1.0000,0.4000,11.481
2026-04-20 22:16:33.353,1512,0.46699278169578085,0.4673955729271008,0.5327464218111188,0.7321595102889042,0.39904863534746166,0.7500,1.0000,0.3500,12.707
2026-04-20 22:16:33.363,1513,0.46699278169578085,0.46737370573928777,0.5327640291567852,0.7321947249802371,0.3990771762870378,0.6000,1.0000,0.2500,10.876
2026-04-20 22:16:33.373,1514,0.46699278169578085,0.46735249456710914,0.5327811082820817,0.73222888323083,0.3991048609984267,0.7000,1.0000,0.6500,11.828
2026-04-20 22:16:33.383,1515,0.46699278169578085,0.46733191973009586,0.5327976750336192,0.7322620167339051,0.3991317151684739,0.5000,1.0000,0.6500,12.328
2026-04-20 22:16:33.392,1516,0.46699278169578085,0.467311962138193,0.5328137447826106,0.732294156231888,0.39915776371341966,0.4000,1.0000,0.3000,11.361
2026-04-20 22:16:33.404,1517,0.46699278169578085,0.4672926032740472,0.5328293324391322,0.7323253315449313,0.39918303080201706,0.5500,1.0000,0.3000,8.101
2026-04-20 22:16:33.413,1518,0.46699278169578085,0.4672738251758258,0.5328444524659582,0.7323555715985833,0.39920753987795654,0.5500,1.0000,0.2500,10.071
2026-04-20 22:16:33.423,1519,0.46699278169578085,0.467255610420551,0.5328591188919795,0.7323849044506259,0.39923131368161785,0.4000,1.0000,0.4500,12.339
2026-04-20 22:16:33.431,1520,0.46699278169578085,0.4672379421079345,0.5328733453252201,0.7324133573171071,0.39925437427116933,0.4500,1.0000,0.2000,9.082
2026-04-20 22:16:33.443,1521,0.46699278169578085,0.4672208038446965,0.5328871449654635,0.7324409565975939,0.39927674304303423,0.6000,1.0000,0.6000,9.953
2026-04-20 22:16:33.455,1522,0.46699278169578085,0.46720417972935563,0.5329005306164997,0.7324677278996661,0.3992984407517432,0.2000,1.0000,0.2500,10.014
2026-04-20 22:16:33.464,1523,0.46699278169578085,0.46718805433747496,0.5329135146980046,0.7324936960626761,0.3993194875291909,0.3500,1.0000,0.4000,10.578
2026-04-20 22:16:33.475,1524,0.46699278169578085,0.4671724127073507,0.5329261092570645,0.7325188851807958,0.39933990290331517,0.5000,1.0000,0.3500,11.238
2026-04-20 22:16:33.485,1525,0.46699278169578085,0.4671572403261302,0.5329383259793525,0.7325433186253719,0.3993597058162157,0.6000,1.0000,0.2500,13.535
2026-04-20 22:16:33.497,1526,0.46699278169578085,0.4671425231163463,0.532950176199972,0.7325670190666108,0.39937891464172925,0.5000,1.0000,0.2500,12.485
2026-04-20 22:16:33.506,1527,0.46699278169578085,0.4671282474228559,0.5329616709139728,0.7325900084946125,0.3993975472024774,0.2000,1.0000,0.4000,11.555
2026-04-20 22:16:33.518,1528,0.46699278169578085,0.46711440000017024,0.5329728207865536,0.7326123082397742,0.3994156207864031,0.3000,1.0000,0.6000,13.713
2026-04-20 22:16:33.530,1529,0.46699278169578085,0.46710096800016515,0.532983636162957,0.732633938992581,0.399433152162811,0.5000,1.0000,0.2000,13.618
2026-04-20 22:16:33.540,1530,0.46699278169578085,0.4670879389601602,0.5329941270780683,0.7326549208228036,0.3994501575979267,0.1000,1.0000,0.7000,13.034
2026-04-20 22:16:33.552,1531,0.46699278169578085,0.4670753007913554,0.5330043032657262,0.7326752731981195,0.3994666528699889,0.5500,1.0000,0.2000,11.437
2026-04-20 22:16:33.562,1532,0.46699278169578085,0.46706304176761476,0.5330043032657262,0.7326950150021759,0.3994826532838892,0.7000,1.0000,0.3000,13.822
2026-04-20 22:16:33.575,1533,0.46699278169578085,0.46705115051458634,0.5330043032657262,0.7327141645521107,0.39949817368537255,0.5500,1.0000,0.1500,8.233
2026-04-20 22:16:33.585,1534,0.46699278169578085,0.4670396159991487,0.5330043032657262,0.7327327396155474,0.39951322847481135,0.6000,1.0000,0.2500,11.011
2026-04-20 22:16:33.598,1535,0.46699278169578085,0.4670284275191743,0.5330043032657262,0.732750757427081,0.39952783162056704,0.3000,1.0000,0.2500,10.680
2026-04-20 22:16:33.611,1536,0.46699278169578085,0.46701757469359906,0.5330043032657262,0.7327682347042686,0.39954199667195,0.6500,1.0000,0.3500,7.314
2026-04-20 22:16:33.621,1537,0.46699278169578085,0.4670070474527911,0.5330043032657262,0.7327851876631405,0.3995557367717915,0.5500,1.0000,0.3000,11.145
2026-04-20 22:16:33.633,1538,0.46699278169578085,0.4669968360292074,0.5330043032657262,0.7328016320332463,0.3995690646686378,0.5500,1.0000,0.4000,12.911
2026-04-20 22:16:33.641,1539,0.46699278169578085,0.4669968360292074,0.5330043032657262,0.732817583072249,0.39958199272857864,0.2000,1.0000,0.3500,12.216
2026-04-20 22:16:33.656,1540,0.46699278169578085,0.4669968360292074,0.5330043032657262,0.7328330555800815,0.39959453294672126,0.3500,1.0000,0.3000,12.126
2026-04-20 22:16:33.666,1541,0.46699278169578085,0.4669968360292074,0.5330043032657262,0.7328480639126791,0.39960669695831963,0.4000,1.0000,0.1000,12.678
2026-04-20 22:16:33.679,1542,0.46699278169578085,0.4669968360292074,0.5330043032657262,0.7328626219952987,0.39961849604957006,0.1500,1.0000,0.2500,11.406
2026-04-20 22:16:33.689,1543,0.46699278169578085,0.4669968360292074,0.5330043032657262,0.7328767433354397,0.399629941168083,0.5000,1.0000,0.3500,11.480
2026-04-20 22:16:33.702,1544,0.46699278169578085,0.4669968360292074,0.5330043032657262,0.7328904410353765,0.3996410429330405,0.2000,1.0000,0.5500,13.242
2026-04-20 22:16:33.715,1545,0.46699278169578085,0.4669968360292074,0.5330043032657262,0.7329037278043152,0.39965181164504926,0.5000,1.0000,0.6000,14.822
2026-04-20 22:16:33.724,1546,0.46699278169578085,0.4669968360292074,0.5330043032657262,0.7329166159701858,0.39966225729569776,0.9000,1.0000,0.3500,14.355
2026-04-20 22:16:33.737,1547,0.46699278169578085,0.4669968360292074,0.5330043032657262,0.7329291174910801,0.3996723895768268,0.7500,1.0000,0.3500,10.460
2026-04-20 22:16:33.746,1548,0.46699278169578085,0.4669968360292074,0.5330043032657262,0.7329412439663477,0.3996723895768268,0.3000,1.0000,0.4000,12.027
2026-04-20 22:16:33.759,1549,0.46699278169578085,0.4669968360292074,0.5330043032657262,0.7329530066473573,0.3996723895768268,0.3000,1.0000,0.4500,12.765
2026-04-20 22:16:33.769,1550,0.46699278169578085,0.4669968360292074,0.5330043032657262,0.7329644164479365,0.3996723895768268,0.4500,1.0000,0.3500,11.035
2026-04-20 22:16:33.783,1551,0.46699278169578085,0.4669968360292074,0.5330043032657262,0.7329754839544984,0.3996723895768268,0.5500,1.0000,0.0000,10.072
2026-04-20 22:16:33.796,1552,0.46699278169578085,0.4669968360292074,0.5330043032657262,0.7329862194358635,0.3996723895768268,0.0500,1.0000,0.4500,13.949
2026-04-20 22:16:33.806,1553,0.46699278169578085,0.4669968360292074,0.5330043032657262,0.7329966328527876,0.3996723895768268,0.8500,1.0000,0.2000,8.604
2026-04-20 22:16:33.820,1554,0.46699278169578085,0.4669968360292074,0.5330043032657262,0.7330067338672039,0.3996723895768268,0.5000,1.0000,0.4500,11.251
2026-04-20 22:16:33.831,1555,0.46699278169578085,0.4669968360292074,0.5330043032657262,0.7330067338672039,0.3996723895768268,0.4500,1.0000,0.7500,6.591
2026-04-20 22:16:33.846,1556,0.46699278169578085,0.4669968360292074,0.5330043032657262,0.7330067338672039,0.3996723895768268,0.5500,1.0000,0.4500,10.034
2026-04-20 22:16:33.859,1557,0.46699278169578085,0.4669968360292074,0.5330043032657262,0.7330067338672039,0.3996723895768268,0.7000,1.0000,0.3500,10.811
2026-04-20 22:16:33.877,1558,0.46699278169578085,0.4669968360292074,0.5330043032657262,0.7330067338672039,0.3996723895768268,0.4000,1.0000,0.4000,8.985
2026-04-20 22:16:33.889,1559,0.46699278169578085,0.4669968360292074,0.5330043032657262,0.7330067338672039,0.3996723895768268,0.5000,1.0000,0.2000,10.539
2026-04-20 22:16:33.908,1560,0.46699278169578085,0.4669968360292074,0.5330043032657262,0.7330067338672039,0.3996723895768268,0.6000,1.0000,0.4500,10.706
2026-04-20 22:16:33.923,1561,0.46699278169578085,0.4669968360292074,0.5330043032657262,0.7330067338672039,0.3996723895768268,0.4000,1.0000,0.2000,6.564
2026-04-20 22:16:33.939,1562,0.46699278169578085,0.4669968360292074,0.5330043032657262,0.7330067338672039,0.3996723895768268,0.5500,1.0000,0.5000,14.365
2026-04-20 22:16:33.956,1563,0.46699278169578085,0.4669968360292074,0.5330043032657262,0.7330067338672039,0.3996723895768268,0.5000,1.0000,0.3500,10.034
2026-04-20 22:16:33.971,1564,0.46699278169578085,0.4669968360292074,0.5330043032657262,0.7330067338672039,0.3996723895768268,0.2500,1.0000,0.2000,7.526
2026-04-20 22:16:33.988,1565,0.46699278169578085,0.4669968360292074,0.5330043032657262,0.7330067338672039,0.3996723895768268,0.5500,1.0000,0.3500,8.597
2026-04-20 22:16:34.003,1566,0.46699278169578085,0.4669968360292074,0.5330043032657262,0.7330067338672039,0.3996723895768268,0.2000,1.0000,0.3000,9.494
2026-04-20 22:16:34.024,1567,0.46699278169578085,0.4669968360292074,0.5330043032657262,0.7330067338672039,0.3996723895768268,0.2000,1.0000,0.1500,7.733
2026-04-20 22:16:34.041,1568,0.46699278169578085,0.4669968360292074,0.5330043032657262,0.7330067338672039,0.3996723895768268,0.7000,1.0000,0.5000,15.409
2026-04-20 22:16:34.055,1569,0.46699278169578085,0.4669968360292074,0.5330043032657262,0.7330067338672039,0.3996723895768268,0.6000,1.0000,0.3500,10.532
2026-04-20 22:16:34.075,1570,0.46699278169578085,0.4669968360292074,0.5330043032657262,0.7330067338672039,0.3996723895768268,0.3500,1.0000,0.2000,8.581
2026-04-20 22:16:34.088,1571,0.46699278169578085,0.4669968360292074,0.5330043032657262,0.7330067338672039,0.3996723895768268,0.6000,1.0000,0.3500,11.036
2026-04-20 22:16:34.104,1572,0.46699278169578085,0.4669968360292074,0.5330043032657262,0.7330067338672039,0.3996723895768268,0.4000,1.0000,0.3000,13.056
2026-04-20 22:16:34.115,1573,0.46699278169578085,0.4669968360292074,0.5330043032657262,0.7330067338672039,0.3996723895768268,0.5500,1.0000,0.3500,12.511
2026-04-20 22:16:34.131,1574,0.46699278169578085,0.4669968360292074,0.5330043032657262,0.7330067338672039,0.3996723895768268,0.3500,1.0000,0.1500,10.483
2026-04-20 22:16:34.142,1575,0.46699278169578085,0.4669968360292074,0.5330043032657262,0.7330067338672039,0.3996723895768268,0.6000,1.0000,0.4500,12.253
2026-04-20 22:16:34.157,1576,0.46699278169578085,0.4669968360292074,0.5330043032657262,0.7330067338672039,0.3996723895768268,0.6000,1.0000,0.4500,11.016
2026-04-20 22:16:34.173,1577,0.46699278169578085,0.4669968360292074,0.5330043032657262,0.7330067338672039,0.3996723895768268,0.3500,1.0000,0.3500,14.481
2026-04-20 22:16:34.183,1578,0.46699278169578085,0.4669968360292074,0.5330043032657262,0.7330067338672039,0.3996723895768268,0.7000,1.0000,0.5500,16.516
2026-04-20 22:16:34.198,1579,0.46699278169578085,0.4669968360292074,0.5330043032657262,0.7330067338672039,0.3996723895768268,0.5500,1.0000,0.4500,14.191
2026-04-20 22:16:34.207,1580,0.46699278169578085,0.4669968360292074,0.5330043032657262,0.7330067338672039,0.3996723895768268,0.6000,1.0000,0.0500,8.829
2026-04-20 22:16:34.223,1581,0.46699278169578085,0.4669968360292074,0.5330043032657262,0.7330067338672039,0.3996723895768268,0.6000,1.0000,0.3500,8.337
2026-04-20 22:16:34.234,1582,0.46699278169578085,0.4669968360292074,0.5330043032657262,0.7330067338672039,0.3996723895768268,0.2000,1.0000,0.2000,10.596
2026-04-20 22:16:34.249,1583,0.46699278169578085,0.4669968360292074,0.5330043032657262,0.7330067338672039,0.3996723895768268,0.6000,1.0000,0.4500,13.630
2026-04-20 22:16:34.266,1584,0.46699278169578085,0.4669968360292074,0.5330043032657262,0.7330067338672039,0.3996723895768268,0.6000,1.0000,0.3000,10.722
2026-04-20 22:16:34.277,1585,0.46699278169578085,0.4669968360292074,0.5330043032657262,0.7330067338672039,0.3996723895768268,0.4000,1.0000,0.5000,12.580
2026-04-20 22:16:34.293,1586,0.46699278169578085,0.4669968360292074,0.5330043032657262,0.7330067338672039,0.3996723895768268,0.2000,1.0000,0.3000,10.025
2026-04-20 22:16:34.303,1587,0.46699278169578085,0.4669968360292074,0.5330043032657262,0.7330067338672039,0.3996723895768268,0.6500,1.0000,0.2000,11.990
2026-04-20 22:16:34.317,1588,0.46699278169578085,0.4669968360292074,0.5330043032657262,0.7330067338672039,0.3996723895768268,0.5500,1.0000,0.2000,15.199
2026-04-20 22:16:34.328,1589,0.46699278169578085,0.4669968360292074,0.5330043032657262,0.7330067338672039,0.3996723895768268,0.7000,0.9500,0.0500,9.993
2026-04-20 22:16:34.344,1590,0.46699278169578085,0.4669968360292074,0.5330043032657262,0.7330067338672039,0.3996723895768268,0.9000,1.0000,0.0500,10.823
2026-04-20 22:16:34.354,1591,0.46699278169578085,0.4669968360292074,0.5330043032657262,0.7330067338672039,0.3996723895768268,0.8000,1.0000,0.4500,10.572
2026-04-20 22:16:34.374,1592,0.46699278169578085,0.4669968360292074,0.5330043032657262,0.7330067338672039,0.3996723895768268,0.5000,1.0000,0.5000,6.566
2026-04-20 22:16:34.393,1593,0.46699278169578085,0.4669968360292074,0.5330043032657262,0.7330067338672039,0.3996723895768268,0.3000,1.0000,0.6000,12.016
2026-04-20 22:16:34.407,1594,0.46699278169578085,0.4669968360292074,0.5330043032657262,0.7330067338672039,0.3996723895768268,0.5000,1.0000,0.4500,11.275
2026-04-20 22:16:34.424,1595,0.46699278169578085,0.4669968360292074,0.5330043032657262,0.7330067338672039,0.3996723895768268,0.5000,1.0000,0.4500,15.938
2026-04-20 22:16:34.439,1596,0.46699278169578085,0.4669968360292074,0.5330043032657262,0.7330067338672039,0.3996723895768268,0.5500,1.0000,0.2500,12.792
2026-04-20 22:16:34.458,1597,0.46699278169578085,0.4669968360292074,0.5330043032657262,0.7330067338672039,0.3996723895768268,0.6500,1.0000,0.4000,10.608
2026-04-20 22:16:34.470,1598,0.46699278169578085,0.4669968360292074,0.5330043032657262,0.7330067338672039,0.3996723895768268,0.4000,1.0000,0.7000,9.622
2026-04-20 22:16:34.487,1599,0.46699278169578085,0.4669968360292074,0.5330043032657262,0.7330067338672039,0.3996723895768268,0.4000,1.0000,0.5000,11.779
2026-04-20 22:16:34.504,1600,0.46699278169578085,0.4669968360292074,0.5330043032657262,0.7330067338672039,0.3996723895768268,0.4500,1.0000,0.5000,9.567
2026-04-20 22:16:34.518,1601,0.46699278169578085,0.4669968360292074,0.5330043032657262,0.7330067338672039,0.3996723895768268,0.5000,1.0000,0.5500,8.888
2026-04-20 22:16:34.539,1602,0.46699278169578085,0.4669968360292074,0.5330043032657262,0.7330067338672039,0.3996723895768268,0.5000,1.0000,0.1500,10.428
2026-04-20 22:16:34.550,1603,0.46699278169578085,0.4669968360292074,0.5330043032657262,0.7330067338672039,0.3996723895768268,0.4500,1.0000,0.3000,7.749
2026-04-20 22:16:34.568,1604,0.46699278169578085,0.4669968360292074,0.5330043032657262,0.7330067338672039,0.3996723895768268,0.8000,1.0000,0.4000,16.445
2026-04-20 22:16:34.580,1605,0.46699278169578085,0.4669968360292074,0.5330043032657262,0.7330067338672039,0.3996723895768268,0.7000,1.0000,0.7000,12.105
2026-04-20 22:16:34.596,1606,0.46699278169578085,0.4669968360292074,0.5330043032657262,0.7330067338672039,0.3996723895768268,0.5000,1.0000,0.4500,13.367
2026-04-20 22:16:34.606,1607,0.46699278169578085,0.4669968360292074,0.5330043032657262,0.7330067338672039,0.3996723895768268,0.4500,1.0000,0.6500,12.682
2026-04-20 22:16:34.622,1608,0.46699278169578085,0.4669968360292074,0.5330043032657262,0.7330067338672039,0.3996723895768268,0.4500,1.0000,0.1500,9.231
2026-04-20 22:16:34.638,1609,0.46699278169578085,0.4669968360292074,0.5330043032657262,0.7330067338672039,0.3996723895768268,0.6500,1.0000,0.1000,10.386
2026-04-20 22:16:34.648,1610,0.46699278169578085,0.4669968360292074,0.5330043032657262,0.7330067338672039,0.3996723895768268,0.5000,1.0000,0.3500,11.962
2026-04-20 22:16:34.664,1611,0.46699278169578085,0.4669968360292074,0.5330043032657262,0.7330067338672039,0.3996723895768268,0.5500,1.0000,0.5000,12.057
2026-04-20 22:16:34.673,1612,0.46699278169578085,0.4669968360292074,0.5330043032657262,0.7330067338672039,0.3996723895768268,0.5500,1.0000,0.4000,11.141
2026-04-20 22:16:34.688,1613,0.46699278169578085,0.4669968360292074,0.5330043032657262,0.7330067338672039,0.3996723895768268,0.3500,1.0000,0.3000,14.278
2026-04-20 22:16:34.697,1614,0.46699278169578085,0.4669968360292074,0.5330043032657262,0.7330067338672039,0.3996723895768268,0.4500,1.0000,0.3500,11.980
2026-04-20 22:16:34.713,1615,0.46699278169578085,0.4669968360292074,0.5330043032657262,0.7330067338672039,0.3996723895768268,0.4000,1.0000,0.3500,9.981
2026-04-20 22:16:34.729,1616,0.46699278169578085,0.4669968360292074,0.5330043032657262,0.7330067338672039,0.3996723895768268,0.4500,1.0000,0.4500,10.526
2026-04-20 22:16:34.741,1617,0.46699278169578085,0.4669968360292074,0.5330043032657262,0.7330067338672039,0.3996723895768268,0.5500,1.0000,0.5000,8.143
2026-04-20 22:16:34.756,1618,0.46699278169578085,0.4669968360292074,0.5330043032657262,0.7330067338672039,0.3996723895768268,0.5000,1.0000,0.5000,10.778
2026-04-20 22:16:34.764,1619,0.46699278169578085,0.4669968360292074,0.5330043032657262,0.7330067338672039,0.3996723895768268,0.2500,1.0000,0.2500,11.587
2026-04-20 22:16:34.779,1620,0.46699278169578085,0.4669968360292074,0.5330043032657262,0.7330067338672039,0.3996723895768268,0.5000,1.0000,0.2500,13.736
2026-04-20 22:16:34.787,1621,0.46699278169578085,0.4669968360292074,0.5330043032657262,0.7330067338672039,0.3996723895768268,0.3500,1.0000,0.4500,12.216
2026-04-20 22:16:34.801,1622,0.46699278169578085,0.4669968360292074,0.5330043032657262,0.7330067338672039,0.3996723895768268,0.6500,1.0000,0.4500,10.821
2026-04-20 22:16:34.810,1623,0.46699278169578085,0.4669968360292074,0.5330043032657262,0.7330067338672039,0.3996723895768268,0.7500,1.0000,0.4000,16.266
2026-04-20 22:16:34.826,1624,0.46699278169578085,0.4669968360292074,0.5330043032657262,0.7330067338672039,0.3996723895768268,0.5500,1.0000,0.4000,10.514
2026-04-20 22:16:34.842,1625,0.46699278169578085,0.4669968360292074,0.5330043032657262,0.7330067338672039,0.3996723895768268,0.5500,1.0000,0.1000,10.292
2026-04-20 22:16:34.852,1626,0.46699278169578085,0.4669968360292074,0.5330043032657262,0.7330067338672039,0.3996723895768268,0.7500,1.0000,0.6000,12.707
2026-04-20 22:16:34.871,1627,0.46699278169578085,0.4669968360292074,0.5330043032657262,0.7330067338672039,0.3996723895768268,0.2500,1.0000,0.2000,11.201
2026-04-20 22:16:34.881,1628,0.46699278169578085,0.4669968360292074,0.5330043032657262,0.7330067338672039,0.3996723895768268,0.3500,1.0000,0.2500,11.815
2026-04-20 22:16:34.901,1629,0.46699278169578085,0.4669968360292074,0.5330043032657262,0.7330067338672039,0.3996723895768268,0.7000,1.0000,0.4000,13.217
2026-04-20 22:16:34.910,1630,0.46699278169578085,0.4669968360292074,0.5330043032657262,0.7330067338672039,0.3996723895768268,0.2500,1.0000,0.2000,5.367
2026-04-20 22:16:34.927,1631,0.46699278169578085,0.4669968360292074,0.5330043032657262,0.7330067338672039,0.3996723895768268,0.5500,1.0000,0.3500,10.129
2026-04-20 22:16:34.943,1632,0.46699278169578085,0.4669968360292074,0.5330043032657262,0.7330067338672039,0.3996723895768268,0.7000,1.0000,0.2500,14.988
2026-04-20 22:16:34.953,1633,0.46699278169578085,0.4669968360292074,0.5330043032657262,0.7330067338672039,0.3996723895768268,0.1500,1.0000,0.5500,14.035
2026-04-20 22:16:34.971,1634,0.46699278169578085,0.4669968360292074,0.5330043032657262,0.7330067338672039,0.3996723895768268,0.1000,1.0000,0.2000,10.640
2026-04-20 22:16:34.981,1635,0.46699278169578085,0.4669968360292074,0.5330043032657262,0.7330067338672039,0.3996723895768268,0.5500,1.0000,0.5000,9.143
2026-04-20 22:16:34.998,1636,0.46699278169578085,0.4669968360292074,0.5330043032657262,0.7330067338672039,0.3996723895768268,0.6000,1.0000,0.2000,12.231
2026-04-20 22:16:35.008,1637,0.46699278169578085,0.4669968360292074,0.5330043032657262,0.7330067338672039,0.3996723895768268,0.4500,1.0000,0.7500,10.103
2026-04-20 22:16:35.026,1638,0.46699278169578085,0.4669968360292074,0.5330043032657262,0.7330067338672039,0.3996723895768268,0.4000,1.0000,0.2000,10.751
2026-04-20 22:16:35.168,1639,0.46699278169578085,0.4669968360292074,0.5330043032657262,0.7330067338672039,0.3996723895768268,0.7500,1.0000,0.2000,7.732
2026-04-20 22:16:35.179,1640,0.46699278169578085,0.4669968360292074,0.5330043032657262,0.7330067338672039,0.3996723895768268,0.4000,1.0000,0.4000,14.424
2026-04-20 22:16:35.189,1641,0.46699278169578085,0.4669968360292074,0.5330043032657262,0.7330067338672039,0.3996723895768268,0.2000,1.0000,0.3000,8.586
2026-04-20 22:16:35.199,1642,0.46699278169578085,0.4669968360292074,0.5330043032657262,0.7330067338672039,0.3996723895768268,0.4000,1.0000,0.4500,8.476
2026-04-20 22:16:35.210,1643,0.46699278169578085,0.4669968360292074,0.5330043032657262,0.7330067338672039,0.3996723895768268,0.2000,1.0000,0.1000,11.727
2026-04-20 22:16:35.220,1644,0.46699278169578085,0.4669968360292074,0.5330043032657262,0.7330067338672039,0.3996723895768268,0.3000,1.0000,0.2500,11.098
2026-04-20 22:16:35.231,1645,0.46699278169578085,0.4669968360292074,0.5330043032657262,0.7330067338672039,0.3996723895768268,0.6000,1.0000,0.8500,14.081
2026-04-20 22:16:35.241,1646,0.46699278169578085,0.4669968360292074,0.5330043032657262,0.7330067338672039,0.3996723895768268,0.0500,1.0000,0.4500,11.360
2026-04-20 22:16:35.251,1647,0.46699278169578085,0.4669968360292074,0.5330043032657262,0.7330067338672039,0.3996723895768268,0.2000,1.0000,0.5500,14.986
2026-04-20 22:16:35.261,1648,0.46699278169578085,0.4669968360292074,0.5330043032657262,0.7330067338672039,0.3996723895768268,0.7500,1.0000,0.2500,12.187
2026-04-20 22:16:35.270,1649,0.46699278169578085,0.4669968360292074,0.5330043032657262,0.7330067338672039,0.3996723895768268,0.6500,1.0000,0.8000,16.016
2026-04-20 22:16:35.280,1650,0.46699278169578085,0.4669968360292074,0.5330043032657262,0.7330067338672039,0.3996723895768268,0.5500,1.0000,0.2000,9.240
2026-04-20 22:16:35.289,1651,0.46699278169578085,0.4669968360292074,0.5330043032657262,0.7330067338672039,0.3996723895768268,0.5500,1.0000,0.5000,7.651
2026-04-20 22:16:35.299,1652,0.46699278169578085,0.4669968360292074,0.5330043032657262,0.7330067338672039,0.3996723895768268,0.5000,1.0000,0.4500,14.146
2026-04-20 22:16:35.308,1653,0.46699278169578085,0.4669968360292074,0.5330043032657262,0.7330067338672039,0.3996723895768268,0.2500,1.0000,0.3000,11.726
2026-04-20 22:16:35.318,1654,0.46699278169578085,0.4669968360292074,0.5330043032657262,0.7330067338672039,0.3996723895768268,0.4000,1.0000,0.6000,12.027
2026-04-20 22:16:35.328,1655,0.46699278169578085,0.4669968360292074,0.5330043032657262,0.7330067338672039,0.3996723895768268,0.5500,1.0000,0.6000,17.573
2026-04-20 22:16:35.337,1656,0.46699278169578085,0.4669968360292074,0.5330043032657262,0.7330067338672039,0.3996723895768268,0.3500,1.0000,0.6000,9.302
2026-04-20 22:16:35.348,1657,0.46699278169578085,0.4669968360292074,0.5330043032657262,0.7330067338672039,0.3996723895768268,0.5000,1.0000,0.5000,11.963
2026-04-20 22:16:35.357,1658,0.46699278169578085,0.4669968360292074,0.5330043032657262,0.7330067338672039,0.3996723895768268,0.3500,1.0000,0.2500,7.276
2026-04-20 22:16:35.367,1659,0.46699278169578085,0.4669968360292074,0.5330043032657262,0.7330067338672039,0.3996723895768268,0.3500,1.0000,0.3500,6.413
2026-04-20 22:16:35.376,1660,0.46699278169578085,0.4669968360292074,0.5330043032657262,0.7330067338672039,0.3996723895768268,0.5000,1.0000,0.7500,8.572
2026-04-20 22:16:35.386,1661,0.46699278169578085,0.4669968360292074,0.5330043032657262,0.7330067338672039,0.3996723895768268,0.6500,1.0000,0.3500,13.413
2026-04-20 22:16:35.395,1662,0.46699278169578085,0.4669968360292074,0.5330043032657262,0.7330067338672039,0.3996723895768268,0.4500,1.0000,0.3500,9.365
2026-04-20 22:16:35.406,1663,0.46699278169578085,0.4669968360292074,0.5330043032657262,0.7330067338672039,0.3996723895768268,0.3500,1.0000,0.4000,8.216
2026-04-20 22:16:35.416,1664,0.46699278169578085,0.4669968360292074,0.5330043032657262,0.7330067338672039,0.3996723895768268,0.7000,1.0000,0.4000,10.690
2026-04-20 22:16:35.425,1665,0.46699278169578085,0.4669968360292074,0.5330043032657262,0.7330067338672039,0.3996723895768268,0.5500,1.0000,0.3000,6.717
2026-04-20 22:16:35.436,1666,0.46699278169578085,0.4669968360292074,0.5330043032657262,0.7330067338672039,0.3996723895768268,0.4000,1.0000,0.7000,12.696
2026-04-20 22:16:35.446,1667,0.46699278169578085,0.4669968360292074,0.5330043032657262,0.7330067338672039,0.3996723895768268,0.5500,1.0000,0.3500,8.518
2026-04-20 22:16:35.457,1668,0.46699278169578085,0.4669968360292074,0.5330043032657262,0.7330067338672039,0.3996723895768268,0.7500,1.0000,0.3500,10.206
2026-04-20 22:16:35.466,1669,0.46699278169578085,0.4669968360292074,0.5330043032657262,0.7330067338672039,0.3996723895768268,0.1000,1.0000,0.1000,7.278
2026-04-20 22:16:35.477,1670,0.46699278169578085,0.4669968360292074,0.5330043032657262,0.7330067338672039,0.3996723895768268,0.6000,1.0000,0.4000,9.906
2026-04-20 22:16:35.487,1671,0.46699278169578085,0.4669968360292074,0.5330043032657262,0.7330067338672039,0.3996723895768268,0.2500,0.9500,-0.2500,9.801
2026-04-20 22:16:35.498,1672,0.46699278169578085,0.4669968360292074,0.5330043032657262,0.7330067338672039,0.3996723895768268,0.5500,1.0000,0.4000,10.532
2026-04-20 22:16:35.509,1673,0.46699278169578085,0.4669968360292074,0.5330043032657262,0.7330067338672039,0.3996723895768268,0.3000,1.0000,0.2500,9.681
2026-04-20 22:16:35.518,1674,0.46699278169578085,0.4669968360292074,0.5330043032657262,0.7330067338672039,0.3996723895768268,0.3000,1.0000,0.4000,13.482
2026-04-20 22:16:35.529,1675,0.46699278169578085,0.4669968360292074,0.5330043032657262,0.7330067338672039,0.3996723895768268,0.1500,1.0000,0.2000,10.795
2026-04-20 22:16:35.538,1676,0.46699278169578085,0.4669968360292074,0.5330043032657262,0.7330067338672039,0.3996723895768268,0.4500,1.0000,0.7000,16.403
2026-04-20 22:16:35.549,1677,0.46699278169578085,0.4669968360292074,0.5330043032657262,0.7330067338672039,0.3996723895768268,0.2500,1.0000,0.6500,9.075
2026-04-20 22:16:35.559,1678,0.46699278169578085,0.4669968360292074,0.5330043032657262,0.7330067338672039,0.3996723895768268,0.4000,1.0000,0.3000,8.982
2026-04-20 22:16:35.569,1679,0.46699278169578085,0.4669968360292074,0.5330043032657262,0.7330067338672039,0.3996723895768268,0.8000,1.0000,0.2500,13.344
2026-04-20 22:16:35.580,1680,0.46699278169578085,0.4669968360292074,0.5330043032657262,0.7330067338672039,0.3996723895768268,0.6000,1.0000,0.3500,9.425
2026-04-20 22:16:35.598,1681,0.46699278169578085,0.4669968360292074,0.5330043032657262,0.7330067338672039,0.3996723895768268,0.2000,1.0000,0.3000,10.826
2026-04-20 22:16:35.609,1682,0.46699278169578085,0.4669968360292074,0.5330043032657262,0.7330067338672039,0.3996723895768268,0.9000,1.0000,0.5000,8.928
2026-04-20 22:16:35.621,1683,0.46699278169578085,0.4669968360292074,0.5330043032657262,0.7330067338672039,0.3996723895768268,0.7000,1.0000,0.2500,11.958
2026-04-20 22:16:35.634,1684,0.46699278169578085,0.4669968360292074,0.5330043032657262,0.7330067338672039,0.3996723895768268,0.6000,1.0000,0.5000,6.022
2026-04-20 22:16:35.644,1685,0.46699278169578085,0.4669968360292074,0.5330043032657262,0.7330067338672039,0.3996723895768268,0.4500,1.0000,0.1000,7.115
2026-04-20 22:16:35.658,1686,0.46699278169578085,0.4669968360292074,0.5330043032657262,0.7330067338672039,0.3996723895768268,0.8000,1.0000,0.4000,12.314
2026-04-20 22:16:35.675,1687,0.46699278169578085,0.4669968360292074,0.5330043032657262,0.7330067338672039,0.3996723895768268,0.5500,1.0000,0.2000,10.214
2026-04-20 22:16:35.687,1688,0.46699278169578085,0.4669968360292074,0.5330043032657262,0.7330067338672039,0.3996723895768268,0.8000,1.0000,0.1500,11.452
2026-04-20 22:16:35.701,1689,0.46699278169578085,0.4669968360292074,0.5330043032657262,0.7330067338672039,0.3996723895768268,0.5500,1.0000,0.4000,14.836
2026-04-20 22:16:35.713,1690,0.46699278169578085,0.4669968360292074,0.5330043032657262,0.7330067338672039,0.3996723895768268,0.4500,1.0000,0.3500,10.328
2026-04-20 22:16:35.728,1691,0.46699278169578085,0.4669968360292074,0.5330043032657262,0.7330067338672039,0.3996723895768268,0.7500,1.0000,0.3500,14.463
2026-04-20 22:16:35.740,1692,0.46699278169578085,0.4669968360292074,0.5330043032657262,0.7330067338672039,0.3996723895768268,0.6000,1.0000,0.0500,14.015
2026-04-20 22:16:35.754,1693,0.46699278169578085,0.4669968360292074,0.5330043032657262,0.7330067338672039,0.3996723895768268,0.3500,1.0000,0.4000,13.402
2026-04-20 22:16:35.765,1694,0.46699278169578085,0.4669968360292074,0.5330043032657262,0.7330067338672039,0.3996723895768268,0.6500,1.0000,0.1000,7.274
2026-04-20 22:16:35.779,1695,0.46699278169578085,0.4669968360292074,0.5330043032657262,0.7330067338672039,0.3996723895768268,0.5000,1.0000,0.6500,11.614
2026-04-20 22:16:35.794,1696,0.46699278169578085,0.4669968360292074,0.5330043032657262,0.7330067338672039,0.3996723895768268,0.3500,1.0000,0.4000,5.910
2026-04-20 22:16:35.805,1697,0.46699278169578085,0.4669968360292074,0.5330043032657262,0.7330067338672039,0.3996723895768268,0.4500,1.0000,0.0500,8.335
2026-04-20 22:16:35.819,1698,0.46699278169578085,0.4669968360292074,0.5330043032657262,0.7330067338672039,0.3996723895768268,0.7000,1.0000,0.3000,9.494
2026-04-20 22:16:35.830,1699,0.46699278169578085,0.4669968360292074,0.5330043032657262,0.7330067338672039,0.3996723895768268,0.5000,1.0000,-0.1000,8.332
2026-04-20 22:16:35.845,1700,0.46699278169578085,0.4669968360292074,0.5330043032657262,0.7330067338672039,0.3996723895768268,0.7000,1.0000,0.4500,9.517
2026-04-20 22:16:35.856,1701,0.46699278169578085,0.4669968360292074,0.5330043032657262,0.7330067338672039,0.3996723895768268,0.6000,1.0000,0.3000,8.844
2026-04-20 22:16:35.872,1702,0.46699278169578085,0.4669968360292074,0.5330043032657262,0.7330067338672039,0.3996723895768268,0.2000,1.0000,0.2000,9.802
2026-04-20 22:16:35.887,1703,0.46699278169578085,0.4669968360292074,0.5330043032657262,0.7330067338672039,0.3996723895768268,0.5000,1.0000,0.1500,11.955
2026-04-20 22:16:35.898,1704,0.46699278169578085,0.4669968360292074,0.5330043032657262,0.7330067338672039,0.3996723895768268,0.2500,1.0000,0.2500,11.079
2026-04-20 22:16:35.914,1705,0.46699278169578085,0.4669968360292074,0.5330043032657262,0.7330067338672039,0.3996723895768268,0.8500,1.0000,0.5000,9.545
2026-04-20 22:16:35.925,1706,0.46699278169578085,0.4669968360292074,0.5330043032657262,0.7330067338672039,0.3996723895768268,0.5500,1.0000,0.4000,11.242
2026-04-20 22:16:35.939,1707,0.46699278169578085,0.4669968360292074,0.5330043032657262,0.7330067338672039,0.3996723895768268,0.5000,1.0000,0.6000,11.025
2026-04-20 22:16:35.949,1708,0.46699278169578085,0.4669968360292074,0.5330043032657262,0.7330067338672039,0.3996723895768268,0.4500,1.0000,0.3500,11.103
2026-04-20 22:16:35.965,1709,0.46699278169578085,0.4669968360292074,0.5330043032657262,0.7330067338672039,0.3996723895768268,0.7000,1.0000,0.4000,11.954
2026-04-20 22:16:35.976,1710,0.46699278169578085,0.4669968360292074,0.5330043032657262,0.7330067338672039,0.3996723895768268,0.4000,1.0000,0.4500,11.854
2026-04-20 22:16:35.991,1711,0.46699278169578085,0.4669968360292074,0.5330043032657262,0.7330067338672039,0.3996723895768268,0.5000,1.0000,0.0500,7.729
2026-04-20 22:16:36.006,1712,0.46699278169578085,0.4669968360292074,0.5330043032657262,0.7330067338672039,0.3996723895768268,0.5000,1.0000,0.5000,8.944
2026-04-20 22:16:36.017,1713,0.46699278169578085,0.4669968360292074,0.5330043032657262,0.7330067338672039,0.3996723895768268,0.6500,1.0000,0.4000,11.658
2026-04-20 22:16:36.033,1714,0.46699278169578085,0.4669968360292074,0.5330043032657262,0.7330067338672039,0.3996723895768268,0.4500,1.0000,0.1500,9.708
2026-04-20 22:16:36.043,1715,0.46699278169578085,0.4669968360292074,0.5330043032657262,0.7330067338672039,0.3996723895768268,0.5500,1.0000,0.4000,14.308
2026-04-20 22:16:36.058,1716,0.46699278169578085,0.4669968360292074,0.5330043032657262,0.7330067338672039,0.3996723895768268,0.1500,1.0000,0.3500,11.726
2026-04-20 22:16:36.067,1717,0.46699278169578085,0.4669968360292074,0.5330043032657262,0.7330067338672039,0.3996723895768268,0.5000,1.0000,0.7000,13.157
2026-04-20 22:16:36.080,1718,0.46699278169578085,0.4669968360292074,0.5330043032657262,0.7330067338672039,0.3996723895768268,0.5000,1.0000,0.4500,10.941
2026-04-20 22:16:36.094,1719,0.46699278169578085,0.4669968360292074,0.5330043032657262,0.7330067338672039,0.3996723895768268,0.3500,1.0000,0.2000,9.874
2026-04-20 22:16:36.104,1720,0.46699278169578085,0.4669968360292074,0.5330043032657262,0.7330067338672039,0.3996723895768268,0.5500,1.0000,0.3500,6.638
2026-04-20 22:16:36.117,1721,0.46699278169578085,0.4669968360292074,0.5330043032657262,0.7330067338672039,0.3996723895768268,0.4000,1.0000,0.4500,11.643
2026-04-20 22:16:36.127,1722,0.46699278169578085,0.4669968360292074,0.5330043032657262,0.7330067338672039,0.3996723895768268,-0.0500,1.0000,0.6000,11.649
2026-04-20 22:16:36.140,1723,0.46699278169578085,0.4669968360292074,0.5330043032657262,0.7330067338672039,0.3996723895768268,0.5000,1.0000,0.4500,14.852
2026-04-20 22:16:36.150,1724,0.46699278169578085,0.4669968360292074,0.5330043032657262,0.7330067338672039,0.3996723895768268,0.1500,0.9000,0.0000,10.193
2026-04-20 22:16:36.164,1725,0.46699278169578085,0.4669968360292074,0.5330043032657262,0.7330067338672039,0.3996723895768268,0.7000,1.0000,-0.1000,10.863
2026-04-20 22:16:36.174,1726,0.46699278169578085,0.4669968360292074,0.5330043032657262,0.7330067338672039,0.3996723895768268,0.3000,1.0000,0.3500,13.292
2026-04-20 22:16:36.187,1727,0.46699278169578085,0.4669968360292074,0.5330043032657262,0.7330067338672039,0.3996723895768268,0.3000,1.0000,0.4500,10.789
2026-04-20 22:16:36.201,1728,0.46699278169578085,0.4669968360292074,0.5330043032657262,0.7330067338672039,0.3996723895768268,0.3500,1.0000,0.5000,10.177
2026-04-20 22:16:36.212,1729,0.46699278169578085,0.4669968360292074,0.5330043032657262,0.7330067338672039,0.3996723895768268,0.6000,1.0000,0.4000,14.648
2026-04-20 22:16:36.225,1730,0.46699278169578085,0.4669968360292074,0.5330043032657262,0.7330067338672039,0.3996723895768268,0.4500,1.0000,0.2000,11.542
2026-04-20 22:16:36.233,1731,0.46699278169578085,0.4669968360292074,0.5330043032657262,0.7330067338672039,0.3996723895768268,0.5500,1.0000,0.4500,14.565
2026-04-20 22:16:36.247,1732,0.46699278169578085,0.4669968360292074,0.5330043032657262,0.7330067338672039,0.3996723895768268,0.6000,1.0000,0.2000,6.221
2026-04-20 22:16:36.257,1733,0.46699278169578085,0.4669968360292074,0.5330043032657262,0.7330067338672039,0.3996723895768268,0.1500,1.0000,0.5000,12.080
2026-04-20 22:16:36.270,1734,0.46699278169578085,0.4669968360292074,0.5330043032657262,0.7330067338672039,0.3996723895768268,0.2000,1.0000,0.4500,11.585
2026-04-20 22:16:36.284,1735,0.46699278169578085,0.4669968360292074,0.5330043032657262,0.7330067338672039,0.3996723895768268,0.3000,1.0000,0.3000,12.708
2026-04-20 22:16:36.293,1736,0.46699278169578085,0.4669968360292074,0.5330043032657262,0.7330067338672039,0.3996723895768268,0.6000,1.0000,0.0000,9.669
2026-04-20 22:16:36.306,1737,0.46699278169578085,0.4669968360292074,0.5330043032657262,0.7330067338672039,0.3996723895768268,0.4000,1.0000,0.3500,10.484
2026-04-20 22:16:36.317,1738,0.46699278169578085,0.4669968360292074,0.5330043032657262,0.7330067338672039,0.3996723895768268,0.4000,1.0000,0.5000,12.398
2026-04-20 22:16:36.331,1739,0.46699278169578085,0.4669968360292074,0.5330043032657262,0.7330067338672039,0.3996723895768268,0.4500,1.0000,0.4500,14.667
2026-04-20 22:16:36.340,1740,0.46699278169578085,0.4669968360292074,0.5330043032657262,0.7330067338672039,0.3996723895768268,0.0500,1.0000,-0.0500,10.663
2026-04-20 22:16:36.354,1741,0.46699278169578085,0.4669968360292074,0.5330043032657262,0.7330067338672039,0.3996723895768268,0.4000,1.0000,0.3000,6.079
2026-04-20 22:16:36.364,1742,0.46699278169578085,0.4669968360292074,0.5330043032657262,0.7330067338672039,0.3996723895768268,0.5500,1.0000,0.1500,9.096
2026-04-20 22:16:36.378,1743,0.46699278169578085,0.4669968360292074,0.5330043032657262,0.7330067338672039,0.3996723895768268,0.2500,1.0000,0.2000,10.238
2026-04-20 22:16:36.393,1744,0.46699278169578085,0.4669968360292074,0.5330043032657262,0.7330067338672039,0.3996723895768268,0.6000,1.0000,0.5500,16.073
2026-04-20 22:16:36.402,1745,0.46699278169578085,0.4669968360292074,0.5330043032657262,0.7330067338672039,0.3996723895768268,0.4000,1.0000,0.2500,9.064
2026-04-20 22:16:36.416,1746,0.46699278169578085,0.4669968360292074,0.5330043032657262,0.7330067338672039,0.3996723895768268,0.6000,1.0000,0.2000,12.514
2026-04-20 22:16:36.426,1747,0.46699278169578085,0.4669968360292074,0.5330043032657262,0.7330067338672039,0.3996723895768268,0.5500,1.0000,0.3000,7.209
2026-04-20 22:16:36.440,1748,0.46699278169578085,0.4669968360292074,0.5330043032657262,0.7330067338672039,0.3996723895768268,0.7500,1.0000,0.5500,14.104
2026-04-20 22:16:36.448,1749,0.46699278169578085,0.4669968360292074,0.5330043032657262,0.7330067338672039,0.3996723895768268,0.5000,1.0000,0.3500,11.064
2026-04-20 22:16:36.462,1750,0.46699278169578085,0.4669968360292074,0.5330043032657262,0.7330067338672039,0.3996723895768268,0.7000,1.0000,0.3000,13.713
2026-04-20 22:16:36.475,1751,0.46699278169578085,0.4669968360292074,0.5330043032657262,0.7330067338672039,0.3996723895768268,0.5000,1.0000,0.2000,8.448
2026-04-20 22:16:36.484,1752,0.46699278169578085,0.4669968360292074,0.5330043032657262,0.7330067338672039,0.3996723895768268,0.5500,1.0000,0.6000,12.163
2026-04-20 22:16:36.498,1753,0.46699278169578085,0.4669968360292074,0.5330043032657262,0.7330067338672039,0.3996723895768268,0.7000,1.0000,0.5000,12.414
2026-04-20 22:16:36.506,1754,0.46699278169578085,0.4669968360292074,0.5330043032657262,0.7330067338672039,0.3996723895768268,0.5500,1.0000,0.4000,10.742
2026-04-20 22:16:36.519,1755,0.46699278169578085,0.4669968360292074,0.5330043032657262,0.7330067338672039,0.3996723895768268,0.4000,1.0000,0.6000,11.930
2026-04-20 22:16:36.528,1756,0.46699278169578085,0.4669968360292074,0.5330043032657262,0.7330067338672039,0.3996723895768268,0.5500,1.0000,0.1500,6.715
2026-04-20 22:16:36.540,1757,0.46699278169578085,0.4669968360292074,0.5330043032657262,0.7330067338672039,0.3996723895768268,0.5000,1.0000,0.3000,15.879
2026-04-20 22:16:36.549,1758,0.46699278169578085,0.4669968360292074,0.5330043032657262,0.7330067338672039,0.3996723895768268,0.4500,1.0000,0.0000,12.427
2026-04-20 22:16:36.563,1759,0.46699278169578085,0.4669968360292074,0.5330043032657262,0.7330067338672039,0.3996723895768268,0.3500,1.0000,0.3500,11.101
2026-04-20 22:16:36.576,1760,0.46699278169578085,0.4669968360292074,0.5330043032657262,0.7330067338672039,0.3996723895768268,0.5000,1.0000,0.2500,11.598
2026-04-20 22:16:36.584,1761,0.46699278169578085,0.4669968360292074,0.5330043032657262,0.7330067338672039,0.3996723895768268,0.3000,1.0000,0.7500,14.126
2026-04-20 22:16:36.599,1762,0.46699278169578085,0.4669968360292074,0.5330043032657262,0.7330067338672039,0.3996723895768268,0.2500,1.0000,0.3500,10.893
2026-04-20 22:16:36.607,1763,0.46699278169578085,0.4669968360292074,0.5330043032657262,0.7330067338672039,0.3996723895768268,0.7000,1.0000,0.3500,10.605
2026-04-20 22:16:36.621,1764,0.46699278169578085,0.4669968360292074,0.5330043032657262,0.7330067338672039,0.3996723895768268,0.3500,1.0000,0.4000,12.353
2026-04-20 22:16:36.629,1765,0.46699278169578085,0.4669968360292074,0.5330043032657262,0.7330067338672039,0.3996723895768268,0.7000,1.0000,0.6000,13.647
2026-04-20 22:16:36.642,1766,0.46699278169578085,0.4669968360292074,0.5330043032657262,0.7330067338672039,0.3996723895768268,0.5500,1.0000,0.5500,13.480
2026-04-20 22:16:36.656,1767,0.46699278169578085,0.4669968360292074,0.5330043032657262,0.7330067338672039,0.3996723895768268,0.7000,1.0000,0.1500,7.311
2026-04-20 22:16:36.664,1768,0.46699278169578085,0.4669968360292074,0.5330043032657262,0.7330067338672039,0.3996723895768268,0.4000,0.7500,-0.2000,9.058
2026-04-20 22:16:36.679,1769,0.46699278169578085,0.4669968360292074,0.5330043032657262,0.7330067338672039,0.3996723895768268,0.8000,1.0000,0.3000,12.346
2026-04-20 22:16:36.687,1770,0.46699278169578085,0.4669968360292074,0.5330043032657262,0.7330067338672039,0.3996723895768268,0.1000,1.0000,0.2000,11.693
2026-04-20 22:16:36.701,1771,0.46699278169578085,0.4669968360292074,0.5330043032657262,0.7330067338672039,0.3996723895768268,0.5000,1.0000,0.2000,9.043
2026-04-20 22:16:36.710,1772,0.46699278169578085,0.4669968360292074,0.5330043032657262,0.7330067338672039,0.3996723895768268,0.2500,1.0000,0.3000,9.351
2026-04-20 22:16:36.724,1773,0.46699278169578085,0.4669968360292074,0.5330043032657262,0.7330067338672039,0.3996723895768268,0.4500,1.0000,0.4500,9.187
2026-04-20 22:16:36.732,1774,0.46699278169578085,0.4669968360292074,0.5330043032657262,0.7330067338672039,0.3996723895768268,0.2000,1.0000,0.1000,9.592
2026-04-20 22:16:36.748,1775,0.46699278169578085,0.4669968360292074,0.5330043032657262,0.7330067338672039,0.3996723895768268,0.5000,1.0000,0.0500,14.434
2026-04-20 22:16:36.763,1776,0.46699278169578085,0.4669968360292074,0.5330043032657262,0.7330067338672039,0.3996723895768268,0.3000,1.0000,0.7500,13.322
2026-04-20 22:16:36.771,1777,0.46699278169578085,0.4669968360292074,0.5330043032657262,0.7330067338672039,0.3996723895768268,0.3500,1.0000,0.5500,13.269
2026-04-20 22:16:36.785,1778,0.46699278169578085,0.4669968360292074,0.5330043032657262,0.7330067338672039,0.3996723895768268,0.8000,1.0000,0.2000,10.988
2026-04-20 22:16:36.794,1779,0.46699278169578085,0.4669968360292074,0.5330043032657262,0.7330067338672039,0.3996723895768268,0.5000,1.0000,0.3500,11.873
2026-04-20 22:16:36.809,1780,0.46699278169578085,0.4669968360292074,0.5330043032657262,0.7330067338672039,0.3996723895768268,0.6000,1.0000,0.3000,11.737
2026-04-20 22:16:36.818,1781,0.46699278169578085,0.4669968360292074,0.5330043032657262,0.7330067338672039,0.3996723895768268,0.7000,1.0000,0.3000,7.387
2026-04-20 22:16:36.833,1782,0.46699278169578085,0.4669968360292074,0.5330043032657262,0.7330067338672039,0.3996723895768268,0.2000,1.0000,0.5000,14.345
2026-04-20 22:16:36.850,1783,0.46699278169578085,0.4669968360292074,0.5330043032657262,0.7330067338672039,0.3996723895768268,0.5500,1.0000,0.5000,7.338
2026-04-20 22:16:36.858,1784,0.46699278169578085,0.4669968360292074,0.5330043032657262,0.7330067338672039,0.3996723895768268,0.6000,1.0000,0.4000,15.623
2026-04-20 22:16:36.877,1785,0.46699278169578085,0.4669968360292074,0.5330043032657262,0.7330067338672039,0.3996723895768268,0.7000,1.0000,0.4000,11.417
2026-04-20 22:16:36.886,1786,0.46699278169578085,0.4669968360292074,0.5330043032657262,0.7330067338672039,0.3996723895768268,0.1500,0.9000,0.0000,8.644
2026-04-20 22:16:36.903,1787,0.46699278169578085,0.4669968360292074,0.5330043032657262,0.7330067338672039,0.3996723895768268,0.5500,1.0000,0.0500,9.290
2026-04-20 22:16:36.912,1788,0.46699278169578085,0.4669968360292074,0.5330043032657262,0.7330067338672039,0.3996723895768268,0.3000,1.0000,0.5000,11.424
2026-04-20 22:16:36.928,1789,0.46699278169578085,0.4669968360292074,0.5330043032657262,0.7330067338672039,0.3996723895768268,0.7000,1.0000,0.3500,13.791
2026-04-20 22:16:36.945,1790,0.46699278169578085,0.4669968360292074,0.5330043032657262,0.7330067338672039,0.3996723895768268,0.7000,1.0000,0.4000,12.306
2026-04-20 22:16:36.955,1791,0.46699278169578085,0.4669968360292074,0.5330043032657262,0.7330067338672039,0.3996723895768268,0.4500,1.0000,0.3500,6.262
2026-04-20 22:16:36.972,1792,0.46699278169578085,0.4669968360292074,0.5330043032657262,0.7330067338672039,0.3996723895768268,0.6500,1.0000,0.4500,10.909
2026-04-20 22:16:36.983,1793,0.46699278169578085,0.4669968360292074,0.5330043032657262,0.7330067338672039,0.3996723895768268,0.3000,1.0000,0.3000,12.313
2026-04-20 22:16:37.001,1794,0.46699278169578085,0.4669968360292074,0.5330043032657262,0.7330067338672039,0.3996723895768268,0.6500,1.0000,0.4500,12.792
2026-04-20 22:16:37.011,1795,0.46699278169578085,0.4669968360292074,0.5330043032657262,0.7330067338672039,0.3996723895768268,0.5000,1.0000,0.3500,9.318
2026-04-20 22:16:37.029,1796,0.46699278169578085,0.4669968360292074,0.5330043032657262,0.7330067338672039,0.3996723895768268,0.8000,1.0000,0.3500,12.895
2026-04-20 22:16:37.038,1797,0.46699278169578085,0.4669968360292074,0.5330043032657262,0.7330067338672039,0.3996723895768268,0.7000,1.0000,0.5500,11.551
2026-04-20 22:16:37.057,1798,0.46699278169578085,0.4669968360292074,0.5330043032657262,0.7330067338672039,0.3996723895768268,0.5000,1.0000,0.3000,10.350
2026-04-20 22:16:37.078,1799,0.46699278169578085,0.4669968360292074,0.5330043032657262,0.7330067338672039,0.3996723895768268,0.5000,1.0000,0.3500,9.857
2026-04-20 22:16:37.088,1800,0.46699278169578085,0.4669968360292074,0.5330043032657262,0.7330067338672039,0.3996723895768268,0.6500,1.0000,0.3500,10.491
2026-04-20 22:16:37.106,1801,0.46699278169578085,0.4669968360292074,0.5330043032657262,0.7330067338672039,0.3996723895768268,0.2500,1.0000,0.6000,9.723
2026-04-20 22:16:37.117,1802,0.46699278169578085,0.4669968360292074,0.5330043032657262,0.7330067338672039,0.3996723895768268,0.3000,1.0000,0.5000,11.225
2026-04-20 22:16:37.135,1803,0.46699278169578085,0.4669968360292074,0.5330043032657262,0.7330067338672039,0.3996723895768268,0.3500,1.0000,0.4500,11.311
2026-04-20 22:16:37.145,1804,0.46699278169578085,0.4669968360292074,0.5330043032657262,0.7330067338672039,0.3996723895768268,0.5000,1.0000,0.3500,11.319
2026-04-20 22:16:37.164,1805,0.46699278169578085,0.4669968360292074,0.5330043032657262,0.7330067338672039,0.3996723895768268,0.8000,1.0000,0.4500,15.155
2026-04-20 22:16:37.182,1806,0.46699278169578085,0.4669968360292074,0.5330043032657262,0.7330067338672039,0.3996723895768268,0.4500,1.0000,0.1500,12.348
2026-04-20 22:16:37.192,1807,0.46699278169578085,0.4669968360292074,0.5330043032657262,0.7330067338672039,0.3996723895768268,0.7000,0.9500,0.1000,7.784
2026-04-20 22:16:37.208,1808,0.46699278169578085,0.4669968360292074,0.5330043032657262,0.7330067338672039,0.3996723895768268,0.6000,1.0000,0.1500,11.124
2026-04-20 22:16:37.217,1809,0.46699278169578085,0.4669968360292074,0.5330043032657262,0.7330067338672039,0.3996723895768268,0.6000,1.0000,0.5500,9.231
2026-04-20 22:16:37.232,1810,0.46699278169578085,0.4669968360292074,0.5330043032657262,0.7330067338672039,0.3996723895768268,0.5500,1.0000,0.4000,12.859
2026-04-20 22:16:37.242,1811,0.46699278169578085,0.4669968360292074,0.5330043032657262,0.7330067338672039,0.3996723895768268,0.4500,1.0000,0.2500,11.374
2026-04-20 22:16:37.258,1812,0.46699278169578085,0.4669968360292074,0.5330043032657262,0.7330067338672039,0.3996723895768268,0.6000,1.0000,0.3000,8.503
2026-04-20 22:16:37.267,1813,0.46699278169578085,0.4669968360292074,0.5330043032657262,0.7330067338672039,0.3996723895768268,0.6000,1.0000,0.3500,9.900
2026-04-20 22:16:37.283,1814,0.46699278169578085,0.4669968360292074,0.5330043032657262,0.7330067338672039,0.3996723895768268,0.0000,1.0000,0.3000,13.071
2026-04-20 22:16:37.298,1815,0.46699278169578085,0.4669968360292074,0.5330043032657262,0.7330067338672039,0.3996723895768268,0.5500,1.0000,0.3000,13.723
2026-04-20 22:16:37.306,1816,0.46699278169578085,0.4669968360292074,0.5330043032657262,0.7330067338672039,0.3996723895768268,0.4500,1.0000,0.2000,11.438
2026-04-20 22:16:37.322,1817,0.46699278169578085,0.4669968360292074,0.5330043032657262,0.7330067338672039,0.3996723895768268,0.2000,1.0000,0.3500,9.990
2026-04-20 22:16:37.331,1818,0.46699278169578085,0.4669968360292074,0.5330043032657262,0.7330067338672039,0.3996723895768268,0.3500,1.0000,0.2500,10.747
2026-04-20 22:16:37.347,1819,0.46699278169578085,0.4669968360292074,0.5330043032657262,0.7330067338672039,0.3996723895768268,0.2500,1.0000,0.4000,13.738
2026-04-20 22:16:37.355,1820,0.46699278169578085,0.4669968360292074,0.5330043032657262,0.7330067338672039,0.3996723895768268,0.7000,1.0000,0.3000,9.414
2026-04-20 22:16:37.369,1821,0.46699278169578085,0.4669968360292074,0.5330043032657262,0.7330067338672039,0.3996723895768268,0.8000,1.0000,0.3000,10.570
2026-04-20 22:16:37.386,1822,0.46699278169578085,0.4669968360292074,0.5330043032657262,0.7330067338672039,0.3996723895768268,0.5500,1.0000,0.3000,12.339
2026-04-20 22:16:37.397,1823,0.46699278169578085,0.4669968360292074,0.5330043032657262,0.7330067338672039,0.3996723895768268,0.6000,1.0000,0.4500,12.307
2026-04-20 22:16:37.413,1824,0.46699278169578085,0.4669968360292074,0.5330043032657262,0.7330067338672039,0.3996723895768268,0.5500,1.0000,0.1500,11.334
2026-04-20 22:16:37.422,1825,0.46699278169578085,0.4669968360292074,0.5330043032657262,0.7330067338672039,0.3996723895768268,0.6000,1.0000,0.2500,14.417
2026-04-20 22:16:37.439,1826,0.46699278169578085,0.4669968360292074,0.5330043032657262,0.7330067338672039,0.3996723895768268,0.5500,1.0000,0.2500,13.141
2026-04-20 22:16:37.448,1827,0.46699278169578085,0.4669968360292074,0.5330043032657262,0.7330067338672039,0.3996723895768268,0.3000,1.0000,0.3500,12.466
2026-04-20 22:16:37.466,1828,0.46699278169578085,0.4669968360292074,0.5330043032657262,0.7330067338672039,0.3996723895768268,0.5000,1.0000,0.2000,13.666
2026-04-20 22:16:37.475,1829,0.46699278169578085,0.4669968360292074,0.5330043032657262,0.7330067338672039,0.3996723895768268,0.5500,1.0000,0.3000,7.848
2026-04-20 22:16:37.492,1830,0.46699278169578085,0.4669968360292074,0.5330043032657262,0.7330067338672039,0.3996723895768268,0.5500,1.0000,0.3500,8.831
2026-04-20 22:16:37.509,1831,0.46699278169578085,0.4669968360292074,0.5330043032657262,0.7330067338672039,0.3996723895768268,0.7000,1.0000,0.2000,9.699
2026-04-20 22:16:37.518,1832,0.46699278169578085,0.4669968360292074,0.5330043032657262,0.7330067338672039,0.3996723895768268,0.0500,1.0000,0.7000,12.706
2026-04-20 22:16:37.535,1833,0.46699278169578085,0.4669968360292074,0.5330043032657262,0.7330067338672039,0.3996723895768268,0.4000,1.0000,0.4000,12.170
2026-04-20 22:16:37.543,1834,0.46699278169578085,0.4669968360292074,0.5330043032657262,0.7330067338672039,0.3996723895768268,0.6000,1.0000,0.4000,14.526
2026-04-20 22:16:37.561,1835,0.46699278169578085,0.4669968360292074,0.5330043032657262,0.7330067338672039,0.3996723895768268,0.7500,1.0000,0.1000,13.228
2026-04-20 22:16:37.570,1836,0.46699278169578085,0.4669968360292074,0.5330043032657262,0.7330067338672039,0.3996723895768268,0.2000,1.0000,0.2500,12.434
2026-04-20 22:16:37.587,1837,0.46699278169578085,0.4669968360292074,0.5330043032657262,0.7330067338672039,0.3996723895768268,0.3500,1.0000,0.1500,9.576
2026-04-20 22:16:37.604,1838,0.46699278169578085,0.4669968360292074,0.5330043032657262,0.7330067338672039,0.3996723895768268,0.2500,1.0000,0.6000,14.662
2026-04-20 22:16:37.613,1839,0.46699278169578085,0.4669968360292074,0.5330043032657262,0.7330067338672039,0.3996723895768268,0.5000,1.0000,0.4000,12.964
2026-04-20 22:16:37.631,1840,0.46699278169578085,0.4669968360292074,0.5330043032657262,0.7330067338672039,0.3996723895768268,0.5000,1.0000,0.4000,9.165
2026-04-20 22:16:37.641,1841,0.46699278169578085,0.4669968360292074,0.5330043032657262,0.7330067338672039,0.3996723895768268,0.4500,1.0000,0.4000,14.706
2026-04-20 22:16:37.660,1842,0.46699278169578085,0.4669968360292074,0.5330043032657262,0.7330067338672039,0.3996723895768268,0.7500,1.0000,0.4500,14.071
2026-04-20 22:16:37.669,1843,0.46699278169578085,0.4669968360292074,0.5330043032657262,0.7330067338672039,0.3996723895768268,0.7000,1.0000,0.3500,10.418
2026-04-20 22:16:37.685,1844,0.46699278169578085,0.4669968360292074,0.5330043032657262,0.7330067338672039,0.3996723895768268,0.9000,1.0000,0.5000,9.235
2026-04-20 22:16:37.694,1845,0.46699278169578085,0.4669968360292074,0.5330043032657262,0.7330067338672039,0.3996723895768268,0.0500,1.0000,0.5500,8.733
2026-04-20 22:16:37.853,1846,0.46699278169578085,0.4669968360292074,0.5330043032657262,0.7330067338672039,0.3996723895768268,0.5000,0.9500,0.0500,10.803
2026-04-20 22:16:37.863,1847,0.46699278169578085,0.4669968360292074,0.5330043032657262,0.7330067338672039,0.3996723895768268,0.5000,1.0000,0.3000,8.734
2026-04-20 22:16:37.873,1848,0.46699278169578085,0.4669968360292074,0.5330043032657262,0.7330067338672039,0.3996723895768268,0.4000,1.0000,0.3000,16.137
2026-04-20 22:16:37.884,1849,0.46699278169578085,0.4669968360292074,0.5330043032657262,0.7330067338672039,0.3996723895768268,0.8000,1.0000,0.6000,12.299
2026-04-20 22:16:37.894,1850,0.46699278169578085,0.4669968360292074,0.5330043032657262,0.7330067338672039,0.3996723895768268,0.4000,1.0000,0.1000,8.705
2026-04-20 22:16:37.904,1851,0.46699278169578085,0.4669968360292074,0.5330043032657262,0.7330067338672039,0.3996723895768268,0.5500,1.0000,0.6000,12.457
2026-04-20 22:16:37.914,1852,0.46699278169578085,0.4669968360292074,0.5330043032657262,0.7330067338672039,0.3996723895768268,0.5000,1.0000,0.3500,14.369
2026-04-20 22:16:37.923,1853,0.46699278169578085,0.4669968360292074,0.5330043032657262,0.7330067338672039,0.3996723895768268,0.3000,1.0000,0.3000,7.883
2026-04-20 22:16:37.932,1854,0.46699278169578085,0.4669968360292074,0.5330043032657262,0.7330067338672039,0.3996723895768268,0.4500,1.0000,0.3500,15.067
2026-04-20 22:16:37.943,1855,0.46699278169578085,0.4669968360292074,0.5330043032657262,0.7330067338672039,0.3996723895768268,0.2500,1.0000,0.3500,11.970
2026-04-20 22:16:37.953,1856,0.46699278169578085,0.4669968360292074,0.5330043032657262,0.7330067338672039,0.3996723895768268,0.6000,1.0000,0.4500,15.652
2026-04-20 22:16:37.963,1857,0.46699278169578085,0.4669968360292074,0.5330043032657262,0.7330067338672039,0.3996723895768268,0.2500,1.0000,-0.0500,9.160
2026-04-20 22:16:37.974,1858,0.46699278169578085,0.4669968360292074,0.5330043032657262,0.7330067338672039,0.3996723895768268,0.7000,1.0000,0.4500,10.912
2026-04-20 22:16:37.984,1859,0.46699278169578085,0.4669968360292074,0.5330043032657262,0.7330067338672039,0.3996723895768268,0.5500,1.0000,0.3500,13.128
2026-04-20 22:16:37.995,1860,0.46699278169578085,0.4669968360292074,0.5330043032657262,0.7330067338672039,0.3996723895768268,0.8000,1.0000,0.4000,11.184
2026-04-20 22:16:38.005,1861,0.46699278169578085,0.4669968360292074,0.5330043032657262,0.7330067338672039,0.3996723895768268,0.4000,1.0000,0.2000,15.161
2026-04-20 22:16:38.015,1862,0.46699278169578085,0.4669968360292074,0.5330043032657262,0.7330067338672039,0.3996723895768268,0.3000,1.0000,0.1500,11.574
2026-04-20 22:16:38.026,1863,0.46699278169578085,0.4669968360292074,0.5330043032657262,0.7330067338672039,0.3996723895768268,0.2500,1.0000,0.2500,9.707
2026-04-20 22:16:38.036,1864,0.46699278169578085,0.4669968360292074,0.5330043032657262,0.7330067338672039,0.3996723895768268,0.5000,1.0000,0.1500,9.555
2026-04-20 22:16:38.047,1865,0.46699278169578085,0.4669968360292074,0.5330043032657262,0.7330067338672039,0.3996723895768268,0.3500,1.0000,0.3500,12.083
2026-04-20 22:16:38.057,1866,0.46699278169578085,0.4669968360292074,0.5330043032657262,0.7330067338672039,0.3996723895768268,0.3000,1.0000,0.2000,7.404
2026-04-20 22:16:38.067,1867,0.46699278169578085,0.4669968360292074,0.5330043032657262,0.7330067338672039,0.3996723895768268,0.7500,0.9500,0.2000,8.111
2026-04-20 22:16:38.076,1868,0.46699278169578085,0.4669968360292074,0.5330043032657262,0.7330067338672039,0.3996723895768268,0.3500,1.0000,0.3500,6.911
2026-04-20 22:16:38.086,1869,0.46699278169578085,0.4669968360292074,0.5330043032657262,0.7330067338672039,0.3996723895768268,0.6000,1.0000,0.4500,12.438
2026-04-20 22:16:38.095,1870,0.46699278169578085,0.4669968360292074,0.5330043032657262,0.7330067338672039,0.3996723895768268,0.7500,1.0000,0.3000,11.737
2026-04-20 22:16:38.104,1871,0.46699278169578085,0.4669968360292074,0.5330043032657262,0.7330067338672039,0.3996723895768268,0.2500,1.0000,0.6000,9.394
2026-04-20 22:16:38.116,1872,0.46699278169578085,0.4669968360292074,0.5330043032657262,0.7330067338672039,0.3996723895768268,0.5500,1.0000,0.1500,10.927
2026-04-20 22:16:38.125,1873,0.46699278169578085,0.4669968360292074,0.5330043032657262,0.7330067338672039,0.3996723895768268,0.7000,1.0000,0.3500,13.091
2026-04-20 22:16:38.135,1874,0.46699278169578085,0.4669968360292074,0.5330043032657262,0.7330067338672039,0.3996723895768268,0.2000,1.0000,0.6500,15.090
2026-04-20 22:16:38.146,1875,0.46699278169578085,0.4669968360292074,0.5330043032657262,0.7330067338672039,0.3996723895768268,0.3500,1.0000,0.3000,12.195
2026-04-20 22:16:38.157,1876,0.46699278169578085,0.4669968360292074,0.5330043032657262,0.7330067338672039,0.3996723895768268,0.7500,1.0000,0.5000,11.532
2026-04-20 22:16:38.166,1877,0.46699278169578085,0.4669968360292074,0.5330043032657262,0.7330067338672039,0.3996723895768268,0.7500,1.0000,0.6000,12.888
2026-04-20 22:16:38.179,1878,0.46699278169578085,0.4669968360292074,0.5330043032657262,0.7330067338672039,0.3996723895768268,0.4000,1.0000,0.2000,11.222
2026-04-20 22:16:38.189,1879,0.46699278169578085,0.4669968360292074,0.5330043032657262,0.7330067338672039,0.3996723895768268,0.2500,1.0000,0.1000,9.114
2026-04-20 22:16:38.198,1880,0.46699278169578085,0.4669968360292074,0.5330043032657262,0.7330067338672039,0.3996723895768268,0.7000,1.0000,0.4500,11.516
2026-04-20 22:16:38.209,1881,0.46699278169578085,0.4669968360292074,0.5330043032657262,0.7330067338672039,0.3996723895768268,0.6500,1.0000,0.2500,4.388
2026-04-20 22:16:38.217,1882,0.46699278169578085,0.4669968360292074,0.5330043032657262,0.7330067338672039,0.3996723895768268,0.4500,1.0000,0.2000,9.847
2026-04-20 22:16:38.228,1883,0.46699278169578085,0.4669968360292074,0.5330043032657262,0.7330067338672039,0.3996723895768268,0.2500,1.0000,0.5000,14.530
2026-04-20 22:16:38.237,1884,0.46699278169578085,0.4669968360292074,0.5330043032657262,0.7330067338672039,0.3996723895768268,0.4000,1.0000,0.4500,7.673
2026-04-20 22:16:38.247,1885,0.46699278169578085,0.4669968360292074,0.5330043032657262,0.7330067338672039,0.3996723895768268,0.2000,1.0000,0.4000,9.838
2026-04-20 22:16:38.257,1886,0.46699278169578085,0.4669968360292074,0.5330043032657262,0.7330067338672039,0.3996723895768268,0.6000,1.0000,0.3500,9.792
2026-04-20 22:16:38.266,1887,0.46699278169578085,0.4669968360292074,0.5330043032657262,0.7330067338672039,0.3996723895768268,0.4000,1.0000,0.5000,12.781
2026-04-20 22:16:38.275,1888,0.46699278169578085,0.4669968360292074,0.5330043032657262,0.7330067338672039,0.3996723895768268,0.4500,1.0000,0.1000,8.323
2026-04-20 22:16:38.283,1889,0.46699278169578085,0.4669968360292074,0.5330043032657262,0.7330067338672039,0.3996723895768268,0.6000,1.0000,0.5000,12.970
2026-04-20 22:16:38.292,1890,0.46699278169578085,0.4669968360292074,0.5330043032657262,0.7330067338672039,0.3996723895768268,0.2500,1.0000,0.2000,10.943
2026-04-20 22:16:38.301,1891,0.46699278169578085,0.4669968360292074,0.5330043032657262,0.7330067338672039,0.3996723895768268,0.5000,1.0000,0.4500,8.856
2026-04-20 22:16:38.311,1892,0.46699278169578085,0.4669968360292074,0.5330043032657262,0.7330067338672039,0.3996723895768268,0.2500,1.0000,0.3500,8.127
2026-04-20 22:16:38.319,1893,0.46699278169578085,0.4669968360292074,0.5330043032657262,0.7330067338672039,0.3996723895768268,0.8000,1.0000,0.0500,10.122
2026-04-20 22:16:38.328,1894,0.46699278169578085,0.4669968360292074,0.5330043032657262,0.7330067338672039,0.3996723895768268,0.5000,1.0000,0.3500,12.840
2026-04-20 22:16:38.338,1895,0.46699278169578085,0.4669968360292074,0.5330043032657262,0.7330067338672039,0.3996723895768268,0.6000,1.0000,-0.0500,11.500
2026-04-20 22:16:38.347,1896,0.46699278169578085,0.4669968360292074,0.5330043032657262,0.7330067338672039,0.3996723895768268,0.4000,1.0000,0.5000,5.778
2026-04-20 22:16:38.357,1897,0.46699278169578085,0.4669968360292074,0.5330043032657262,0.7330067338672039,0.3996723895768268,0.7500,1.0000,0.5500,10.761
2026-04-20 22:16:38.365,1898,0.46699278169578085,0.4669968360292074,0.5330043032657262,0.7330067338672039,0.3996723895768268,0.4500,1.0000,0.5000,11.780
2026-04-20 22:16:38.374,1899,0.46699278169578085,0.4669968360292074,0.5330043032657262,0.7330067338672039,0.3996723895768268,0.5500,1.0000,0.7000,14.227
2026-04-20 22:16:38.383,1900,0.46699278169578085,0.4669968360292074,0.5330043032657262,0.7330067338672039,0.3996723895768268,0.5000,1.0000,0.7000,12.327
2026-04-20 22:16:38.394,1901,0.46699278169578085,0.4669968360292074,0.5330043032657262,0.7330067338672039,0.3996723895768268,0.6000,1.0000,0.2500,10.313
2026-04-20 22:16:38.404,1902,0.46699278169578085,0.4669968360292074,0.5330043032657262,0.7330067338672039,0.3996723895768268,0.6000,1.0000,0.4000,10.903
2026-04-20 22:16:38.412,1903,0.46699278169578085,0.4669968360292074,0.5330043032657262,0.7330067338672039,0.3996723895768268,0.4000,1.0000,0.0500,10.122
2026-04-20 22:16:38.422,1904,0.46699278169578085,0.4669968360292074,0.5330043032657262,0.7330067338672039,0.3996723895768268,0.3500,1.0000,0.2000,12.580
2026-04-20 22:16:38.430,1905,0.46699278169578085,0.4669968360292074,0.5330043032657262,0.7330067338672039,0.3996723895768268,0.1000,1.0000,0.2000,6.447
2026-04-20 22:16:38.441,1906,0.46699278169578085,0.4669968360292074,0.5330043032657262,0.7330067338672039,0.3996723895768268,0.4500,1.0000,0.3500,9.952
2026-04-20 22:16:38.450,1907,0.46699278169578085,0.4669968360292074,0.5330043032657262,0.7330067338672039,0.3996723895768268,0.6500,1.0000,0.2500,8.375
2026-04-20 22:16:38.461,1908,0.46699278169578085,0.4669968360292074,0.5330043032657262,0.7330067338672039,0.3996723895768268,0.6000,1.0000,0.5000,10.389
2026-04-20 22:16:38.469,1909,0.46699278169578085,0.4669968360292074,0.5330043032657262,0.7330067338672039,0.3996723895768268,0.5500,1.0000,0.2500,10.800
2026-04-20 22:16:38.480,1910,0.46699278169578085,0.4669968360292074,0.5330043032657262,0.7330067338672039,0.3996723895768268,0.7000,1.0000,0.0500,8.247
2026-04-20 22:16:38.491,1911,0.46699278169578085,0.4669968360292074,0.5330043032657262,0.7330067338672039,0.3996723895768268,0.7000,1.0000,0.5500,15.305
2026-04-20 22:16:38.499,1912,0.46699278169578085,0.4669968360292074,0.5330043032657262,0.7330067338672039,0.3996723895768268,0.4500,1.0000,0.5000,10.469
2026-04-20 22:16:38.510,1913,0.46699278169578085,0.4669968360292074,0.5330043032657262,0.7330067338672039,0.3996723895768268,0.6000,1.0000,-0.1000,11.154
2026-04-20 22:16:38.519,1914,0.46699278169578085,0.4669968360292074,0.5330043032657262,0.7330067338672039,0.3996723895768268,0.4500,1.0000,0.5000,13.973
2026-04-20 22:16:38.530,1915,0.46699278169578085,0.4669968360292074,0.5330043032657262,0.7330067338672039,0.3996723895768268,0.7000,1.0000,0.5500,12.990
2026-04-20 22:16:38.539,1916,0.46699278169578085,0.4669968360292074,0.5330043032657262,0.7330067338672039,0.3996723895768268,0.7000,1.0000,0.5000,11.477
2026-04-20 22:16:38.549,1917,0.46699278169578085,0.4669968360292074,0.5330043032657262,0.7330067338672039,0.3996723895768268,0.5000,1.0000,0.2000,11.067
2026-04-20 22:16:38.560,1918,0.46699278169578085,0.4669968360292074,0.5330043032657262,0.7330067338672039,0.3996723895768268,0.4000,1.0000,0.7500,9.084
2026-04-20 22:16:38.568,1919,0.46699278169578085,0.4669968360292074,0.5330043032657262,0.7330067338672039,0.3996723895768268,0.5000,1.0000,0.1500,11.585
2026-04-20 22:16:38.580,1920,0.46699278169578085,0.4669968360292074,0.5330043032657262,0.7330067338672039,0.3996723895768268,0.4500,1.0000,0.4500,11.246
2026-04-20 22:16:38.589,1921,0.46699278169578085,0.4669968360292074,0.5330043032657262,0.7330067338672039,0.3996723895768268,0.9000,1.0000,0.2000,11.402
2026-04-20 22:16:38.600,1922,0.46699278169578085,0.4669968360292074,0.5330043032657262,0.7330067338672039,0.3996723895768268,0.6500,1.0000,0.3000,8.128
2026-04-20 22:16:38.609,1923,0.46699278169578085,0.4669968360292074,0.5330043032657262,0.7330067338672039,0.3996723895768268,0.4500,1.0000,0.5000,9.538
2026-04-20 22:16:38.621,1924,0.46699278169578085,0.4669968360292074,0.5330043032657262,0.7330067338672039,0.3996723895768268,0.4000,1.0000,0.6000,11.065
2026-04-20 22:16:38.630,1925,0.46699278169578085,0.4669968360292074,0.5330043032657262,0.7330067338672039,0.3996723895768268,0.5000,1.0000,0.5500,12.676
2026-04-20 22:16:38.643,1926,0.46699278169578085,0.4669968360292074,0.5330043032657262,0.7330067338672039,0.3996723895768268,0.0500,1.0000,0.5000,11.541
2026-04-20 22:16:38.655,1927,0.46699278169578085,0.4669968360292074,0.5330043032657262,0.7330067338672039,0.3996723895768268,0.3500,1.0000,0.2500,12.545
2026-04-20 22:16:38.664,1928,0.46699278169578085,0.4669968360292074,0.5330043032657262,0.7330067338672039,0.3996723895768268,0.2500,1.0000,0.6500,13.419
2026-04-20 22:16:38.675,1929,0.46699278169578085,0.4669968360292074,0.5330043032657262,0.7330067338672039,0.3996723895768268,0.5500,1.0000,0.6000,13.024
2026-04-20 22:16:38.684,1930,0.46699278169578085,0.4669968360292074,0.5330043032657262,0.7330067338672039,0.3996723895768268,0.1500,1.0000,0.3500,10.270
2026-04-20 22:16:38.695,1931,0.46699278169578085,0.4669968360292074,0.5330043032657262,0.7330067338672039,0.3996723895768268,0.3000,1.0000,0.1000,11.144
2026-04-20 22:16:38.705,1932,0.46699278169578085,0.4669968360292074,0.5330043032657262,0.7330067338672039,0.3996723895768268,0.7000,1.0000,0.0500,9.590
2026-04-20 22:16:38.717,1933,0.46699278169578085,0.4669968360292074,0.5330043032657262,0.7330067338672039,0.3996723895768268,0.3500,1.0000,0.3500,13.103
2026-04-20 22:16:38.729,1934,0.46699278169578085,0.4669968360292074,0.5330043032657262,0.7330067338672039,0.3996723895768268,0.1000,1.0000,0.5000,8.664
2026-04-20 22:16:38.738,1935,0.46699278169578085,0.4669968360292074,0.5330043032657262,0.7330067338672039,0.3996723895768268,0.5000,1.0000,0.8500,13.787
2026-04-20 22:16:38.751,1936,0.46699278169578085,0.4669968360292074,0.5330043032657262,0.7330067338672039,0.3996723895768268,0.5000,1.0000,0.3000,10.730
2026-04-20 22:16:38.760,1937,0.46699278169578085,0.4669968360292074,0.5330043032657262,0.7330067338672039,0.3996723895768268,0.4000,1.0000,0.6000,15.715
2026-04-20 22:16:38.773,1938,0.46699278169578085,0.4669968360292074,0.5330043032657262,0.7330067338672039,0.3996723895768268,0.7500,1.0000,0.1500,11.609
2026-04-20 22:16:38.782,1939,0.46699278169578085,0.4669968360292074,0.5330043032657262,0.7330067338672039,0.3996723895768268,0.4500,1.0000,0.3500,8.244
2026-04-20 22:16:38.795,1940,0.46699278169578085,0.4669968360292074,0.5330043032657262,0.7330067338672039,0.3996723895768268,0.7000,1.0000,0.5000,9.778
2026-04-20 22:16:38.808,1941,0.46699278169578085,0.4669968360292074,0.5330043032657262,0.7330067338672039,0.3996723895768268,0.5500,1.0000,0.5500,12.879
2026-04-20 22:16:38.817,1942,0.46699278169578085,0.4669968360292074,0.5330043032657262,0.7330067338672039,0.3996723895768268,0.3000,1.0000,0.5000,13.036
2026-04-20 22:16:38.830,1943,0.46699278169578085,0.4669968360292074,0.5330043032657262,0.7330067338672039,0.3996723895768268,0.2000,1.0000,0.2500,12.086
2026-04-20 22:16:38.840,1944,0.46699278169578085,0.4669968360292074,0.5330043032657262,0.7330067338672039,0.3996723895768268,0.6000,1.0000,0.5000,6.214
2026-04-20 22:16:38.854,1945,0.46699278169578085,0.4669968360292074,0.5330043032657262,0.7330067338672039,0.3996723895768268,0.6000,1.0000,0.3500,9.524
2026-04-20 22:16:38.863,1946,0.46699278169578085,0.4669968360292074,0.5330043032657262,0.7330067338672039,0.3996723895768268,0.6000,1.0000,0.2500,13.487
2026-04-20 22:16:38.877,1947,0.46699278169578085,0.4669968360292074,0.5330043032657262,0.7330067338672039,0.3996723895768268,0.7000,1.0000,0.4000,10.454
2026-04-20 22:16:38.887,1948,0.46699278169578085,0.4669968360292074,0.5330043032657262,0.7330067338672039,0.3996723895768268,0.7000,1.0000,0.1000,10.926
2026-04-20 22:16:38.902,1949,0.46699278169578085,0.4669968360292074,0.5330043032657262,0.7330067338672039,0.3996723895768268,0.5000,1.0000,0.0500,8.975
2026-04-20 22:16:38.918,1950,0.46699278169578085,0.4669968360292074,0.5330043032657262,0.7330067338672039,0.3996723895768268,0.4500,1.0000,0.4500,11.958
2026-04-20 22:16:38.931,1951,0.46699278169578085,0.4669968360292074,0.5330043032657262,0.7330067338672039,0.3996723895768268,0.2000,1.0000,0.4500,13.192
2026-04-20 22:16:38.946,1952,0.46699278169578085,0.4669968360292074,0.5330043032657262,0.7330067338672039,0.3996723895768268,0.2500,1.0000,0.4000,8.278
2026-04-20 22:16:38.956,1953,0.46699278169578085,0.4669968360292074,0.5330043032657262,0.7330067338672039,0.3996723895768268,0.0000,1.0000,0.5500,9.549
2026-04-20 22:16:38.974,1954,0.46699278169578085,0.4669968360292074,0.5330043032657262,0.7330067338672039,0.3996723895768268,0.4000,1.0000,0.1500,11.713
2026-04-20 22:16:38.984,1955,0.46699278169578085,0.4669968360292074,0.5330043032657262,0.7330067338672039,0.3996723895768268,0.8000,1.0000,0.6500,11.267
2026-04-20 22:16:39.001,1956,0.46699278169578085,0.4669968360292074,0.5330043032657262,0.7330067338672039,0.3996723895768268,0.7000,1.0000,0.0500,12.136
2026-04-20 22:16:39.018,1957,0.46699278169578085,0.4669968360292074,0.5330043032657262,0.7330067338672039,0.3996723895768268,0.4000,1.0000,0.2500,12.250
2026-04-20 22:16:39.028,1958,0.46699278169578085,0.4669968360292074,0.5330043032657262,0.7330067338672039,0.3996723895768268,0.4500,1.0000,0.5500,7.027
2026-04-20 22:16:39.043,1959,0.46699278169578085,0.4669968360292074,0.5330043032657262,0.7330067338672039,0.3996723895768268,0.6500,1.0000,-0.0500,10.009
2026-04-20 22:16:39.053,1960,0.46699278169578085,0.4669968360292074,0.5330043032657262,0.7330067338672039,0.3996723895768268,0.2000,1.0000,0.4000,12.153
2026-04-20 22:16:39.068,1961,0.46699278169578085,0.4669968360292074,0.5330043032657262,0.7330067338672039,0.3996723895768268,0.4500,1.0000,0.1500,7.891
2026-04-20 22:16:39.078,1962,0.46699278169578085,0.4669968360292074,0.5330043032657262,0.7330067338672039,0.3996723895768268,0.4000,1.0000,0.2000,11.571
2026-04-20 22:16:39.092,1963,0.46699278169578085,0.4669968360292074,0.5330043032657262,0.7330067338672039,0.3996723895768268,0.6500,1.0000,0.5500,11.860
2026-04-20 22:16:39.101,1964,0.46699278169578085,0.4669968360292074,0.5330043032657262,0.7330067338672039,0.3996723895768268,0.5500,1.0000,0.3500,15.100
2026-04-20 22:16:39.116,1965,0.46699278169578085,0.4669968360292074,0.5330043032657262,0.7330067338672039,0.3996723895768268,0.4500,1.0000,0.4500,11.991
2026-04-20 22:16:39.130,1966,0.46699278169578085,0.4669968360292074,0.5330043032657262,0.7330067338672039,0.3996723895768268,0.4500,1.0000,0.6500,16.638
2026-04-20 22:16:39.140,1967,0.46699278169578085,0.4669968360292074,0.5330043032657262,0.7330067338672039,0.3996723895768268,0.4500,1.0000,0.2000,11.230
2026-04-20 22:16:39.155,1968,0.46699278169578085,0.4669968360292074,0.5330043032657262,0.7330067338672039,0.3996723895768268,0.5500,1.0000,0.3000,10.147
2026-04-20 22:16:39.164,1969,0.46699278169578085,0.4669968360292074,0.5330043032657262,0.7330067338672039,0.3996723895768268,0.4000,1.0000,0.5000,8.043
2026-04-20 22:16:39.182,1970,0.46699278169578085,0.4669968360292074,0.5330043032657262,0.7330067338672039,0.3996723895768268,0.6000,1.0000,0.4500,14.305
2026-04-20 22:16:39.192,1971,0.46699278169578085,0.4669968360292074,0.5330043032657262,0.7330067338672039,0.3996723895768268,0.6000,1.0000,0.4500,10.392
2026-04-20 22:16:39.208,1972,0.46699278169578085,0.4669968360292074,0.5330043032657262,0.7330067338672039,0.3996723895768268,0.6000,1.0000,0.3000,12.639
2026-04-20 22:16:39.224,1973,0.46699278169578085,0.4669968360292074,0.5330043032657262,0.7330067338672039,0.3996723895768268,0.6000,1.0000,0.0500,8.728
2026-04-20 22:16:39.235,1974,0.46699278169578085,0.4669968360292074,0.5330043032657262,0.7330067338672039,0.3996723895768268,0.2500,1.0000,0.6000,12.030
2026-04-20 22:16:39.250,1975,0.46699278169578085,0.4669968360292074,0.5330043032657262,0.7330067338672039,0.3996723895768268,0.5500,1.0000,0.4500,5.800
2026-04-20 22:16:39.260,1976,0.46699278169578085,0.4669968360292074,0.5330043032657262,0.7330067338672039,0.3996723895768268,0.4000,1.0000,0.3500,11.009
2026-04-20 22:16:39.276,1977,0.46699278169578085,0.4669968360292074,0.5330043032657262,0.7330067338672039,0.3996723895768268,0.2500,1.0000,0.2000,13.406
2026-04-20 22:16:39.284,1978,0.46699278169578085,0.4669968360292074,0.5330043032657262,0.7330067338672039,0.3996723895768268,0.3000,1.0000,0.1500,12.013
2026-04-20 22:16:39.298,1979,0.46699278169578085,0.4669968360292074,0.5330043032657262,0.7330067338672039,0.3996723895768268,0.4000,1.0000,0.1500,11.433
2026-04-20 22:16:39.308,1980,0.46699278169578085,0.4669968360292074,0.5330043032657262,0.7330067338672039,0.3996723895768268,0.2000,1.0000,0.2000,10.100
2026-04-20 22:16:39.322,1981,0.46699278169578085,0.4669968360292074,0.5330043032657262,0.7330067338672039,0.3996723895768268,0.3000,1.0000,0.3000,7.844
2026-04-20 22:16:39.337,1982,0.46699278169578085,0.4669968360292074,0.5330043032657262,0.7330067338672039,0.3996723895768268,0.6000,1.0000,0.4000,10.284
2026-04-20 22:16:39.346,1983,0.46699278169578085,0.4669968360292074,0.5330043032657262,0.7330067338672039,0.3996723895768268,0.6000,1.0000,0.2500,13.741
2026-04-20 22:16:39.360,1984,0.46699278169578085,0.4669968360292074,0.5330043032657262,0.7330067338672039,0.3996723895768268,0.5500,1.0000,0.3500,12.765
2026-04-20 22:16:39.368,1985,0.46699278169578085,0.4669968360292074,0.5330043032657262,0.7330067338672039,0.3996723895768268,0.4500,1.0000,0.1000,6.990
2026-04-20 22:16:39.383,1986,0.46699278169578085,0.4669968360292074,0.5330043032657262,0.7330067338672039,0.3996723895768268,0.7000,1.0000,0.3000,10.849
2026-04-20 22:16:39.392,1987,0.46699278169578085,0.4669968360292074,0.5330043032657262,0.7330067338672039,0.3996723895768268,0.6000,1.0000,0.4000,14.093
2026-04-20 22:16:39.407,1988,0.46699278169578085,0.4669968360292074,0.5330043032657262,0.7330067338672039,0.3996723895768268,0.3000,1.0000,0.4000,15.386
2026-04-20 22:16:39.423,1989,0.46699278169578085,0.4669968360292074,0.5330043032657262,0.7330067338672039,0.3996723895768268,0.7000,1.0000,0.4500,14.172
2026-04-20 22:16:39.433,1990,0.46699278169578085,0.4669968360292074,0.5330043032657262,0.7330067338672039,0.3996723895768268,0.3500,1.0000,0.1500,11.079
2026-04-20 22:16:39.448,1991,0.46699278169578085,0.4669968360292074,0.5330043032657262,0.7330067338672039,0.3996723895768268,0.5000,1.0000,0.6500,10.477
2026-04-20 22:16:39.460,1992,0.46699278169578085,0.4669968360292074,0.5330043032657262,0.7330067338672039,0.3996723895768268,0.5500,1.0000,0.3000,7.076
2026-04-20 22:16:39.477,1993,0.46699278169578085,0.4669968360292074,0.5330043032657262,0.7330067338672039,0.3996723895768268,0.5500,1.0000,0.5000,13.016
2026-04-20 22:16:39.487,1994,0.46699278169578085,0.4669968360292074,0.5330043032657262,0.7330067338672039,0.3996723895768268,0.2000,1.0000,0.2000,12.527
2026-04-20 22:16:39.513,1995,0.46699278169578085,0.4669968360292074,0.5330043032657262,0.7330067338672039,0.3996723895768268,0.3000,1.0000,0.1000,10.960
2026-04-20 22:16:39.530,1996,0.46699278169578085,0.4669968360292074,0.5330043032657262,0.7330067338672039,0.3996723895768268,0.6000,1.0000,0.2000,10.874
2026-04-20 22:16:39.538,1997,0.46699278169578085,0.4669968360292074,0.5330043032657262,0.7330067338672039,0.3996723895768268,0.4000,1.0000,0.5500,13.012
2026-04-20 22:16:39.553,1998,0.46699278169578085,0.4669968360292074,0.5330043032657262,0.7330067338672039,0.3996723895768268,0.4000,1.0000,0.3000,11.159
2026-04-20 22:16:39.562,1999,0.46699278169578085,0.4669968360292074,0.5330043032657262,0.7330067338672039,0.3996723895768268,0.5000,1.0000,0.4000,7.948
2026-04-20 22:16:39.577,2000,0.46699278169578085,0.4669968360292074,0.5330043032657262,0.7330067338672039,0.3996723895768268,0.3500,1.0000,0.4000,7.729
