timestamp,episode,help_bob,decline_bob,delay_bob,help_alice,decline_alice,teach_alice,help_dave,decline_dave,suggest_dave
2026-04-27 00:44:20.726,1,-1.4210666666666667,-2.0044,1.2126666666666668,-0.4129999999999999,0.014333333333333281,-0.7483333333333333,-0.4149999999999999,-3.0083333333333333,0.9566666666666667
2026-04-27 00:44:20.835,2,-1.8879095238095234,-1.9205333333333332,2.480657142857143,-0.7666047619047616,1.2357999999999998,-0.7022285714285715,3.2477301587301586,-4.7485,2.4147301587301584
2026-04-27 00:44:20.918,3,-4.403286835386834,-2.739267055167055,3.882687912087912,-1.4669434565434563,3.6384461538461537,-0.6167026973026973,6.243136585636585,-7.239107725607726,3.6206603951603946
2026-04-27 00:44:20.990,4,-6.653698368934126,-3.969407550636497,5.775226012240254,-3.514565434565434,6.205999084249084,-1.388118265068265,8.525532206041822,-11.292745469235506,3.5503837626437273
2026-04-27 00:44:21.051,5,-9.983942764336,-6.754452662114276,6.409725272814049,-5.712493725211836,9.265056875786753,-1.5355339138158022,10.434095511011346,-15.13212398973824,3.7060015411636043
2026-04-27 00:44:21.115,6,-9.96987808866326,-7.543537617388489,8.596777723657743,-8.068453950112792,12.418803610592754,-1.7938889359866137,13.239544591995276,-17.962724793219937,3.6711528163789966
2026-04-27 00:44:21.169,7,-10.765456648396963,-9.599583054123535,9.439260522242048,-9.916383281924297,16.001521045782365,-1.7314843660798698,15.150014394264897,-21.304195691255885,2.792114539751642
2026-04-27 00:44:21.228,8,-11.438204113448336,-11.40302976664701,10.806742567189094,-12.576446832984814,18.375837365147376,-2.560221867710892,18.76750988476974,-22.852624056576428,3.8457224806120034
2026-04-27 00:44:21.282,9,-11.634382209632856,-12.684690137624987,12.674608421884349,-14.839916404378094,20.805736183741402,-2.735447347231737,21.31933050751521,-25.63179797175341,3.438586431095916
2026-04-27 00:44:21.361,10,-12.549718691963468,-14.382585313765036,14.074681514877085,-16.07222892156966,24.543643660341974,-1.6614074313057867,22.725582201470097,-29.708011490250392,1.8720652011687187
2026-04-27 00:44:21.426,11,-12.985638698089181,-15.496959162575143,16.047189997094584,-18.708019311727718,27.009856266018378,-2.1054258763925517,25.526229055434232,-32.6996873371721,1.3506279235363172
2026-04-27 00:44:21.503,12,-13.745053402851818,-16.93405142595602,17.712742127117885,-21.4016474987002,29.357813072621504,-2.6396061604352177,28.895309667023966,-35.21974379167822,1.3320828707152805
2026-04-27 00:44:21.589,13,-14.353450947137143,-18.533138999626246,19.18017701820261,-23.535265885909133,32.187970693175394,-2.677474581615849,32.40460149781507,-37.678676421695755,1.396449950255846
2026-04-27 00:44:21.656,14,-14.354414255880583,-19.675932730855106,21.062535490272904,-26.358531617034284,34.3481844023296,-3.29360100029464,35.10016653962568,-40.80418655674092,0.9371878822273074
2026-04-27 00:44:21.722,15,-13.747311188962744,-20.250791102581765,23.590668204344556,-28.543548446880685,37.206404381791536,-3.2284653325711754,38.59710440058388,-43.01828456977681,1.2971800959592694
2026-04-27 00:44:21.799,16,-14.366616850306118,-22.187589507115305,24.772818159131322,-31.919838849651303,38.77574728561426,-4.353224156575064,41.34417773707912,-45.91514359297307,0.8658628898237384
2026-04-27 00:44:21.854,17,-14.266173021330992,-23.38846073454033,26.53448502509439,-34.17373199366348,41.2780217211429,-4.522819624798812,44.553677347114416,-48.28337805667313,1.020469522916481
2026-04-27 00:44:21.916,18,-14.299051629761953,-24.460691813128477,28.33703498252857,-35.74900559008142,44.27820297934308,-4.180230655825816,46.85468669692263,-51.53056622077101,0.19148638301314003
2026-04-27 00:44:21.965,19,-13.696755706680653,-24.838139669516536,30.7659638961458,-37.9505411956355,46.55667560025754,-4.531791732258564,49.001373200455916,-54.95086511872486,-0.8376500391603796
2026-04-27 00:44:22.029,20,-14.275539555938014,-26.243607659312392,32.05170687984915,-39.40154209422017,49.54828219033746,-4.108155167537453,51.90203662741035,-57.5842385204622,-1.0340837271993406
2026-04-27 00:44:22.088,21,-14.356006644238159,-27.269506839411182,33.79151060105716,-41.837642664642985,51.346091092620256,-4.713414648573129,54.68039886034583,-60.272198059948195,-1.2045978302249452
2026-04-27 00:44:22.162,22,-14.899764792346884,-28.835711786902518,34.95757220205619,-43.933197818608306,53.44435432655059,-5.0104222541646,57.21325112265814,-63.261016678197734,-1.6171121610875185
2026-04-27 00:44:22.269,23,-14.714775554761271,-29.787941951283784,36.79566122759945,-47.16570004958026,54.425076163292616,-6.510716125745201,59.805953240726176,-66.23899430908533,-2.085837646230041
2026-04-27 00:44:22.322,24,-14.795915699658504,-31.120238762040465,38.25529709357276,-50.04495372332773,55.910807333970794,-7.645424719494433,61.55158261495845,-70.14097584832662,-3.4553304573263945
2026-04-27 00:44:22.372,25,-15.202284888302021,-32.883172321164594,39.195619510067935,-51.760614295655856,58.66387970177621,-7.516479041735062,62.99234207314614,-74.3534840558185,-5.136871999085346
2026-04-27 00:44:22.436,26,-14.704495194949597,-33.83083622605691,40.83998656107914,-54.08789692903594,60.73403783911342,-7.945139307363096,66.53285567284722,-76.49136707840583,-4.751037159155753
2026-04-27 00:44:22.499,27,-15.048397031591517,-35.52800583586648,41.75812393188216,-56.817400693347714,62.30875155384761,-8.78747827537096,70.2362976394938,-78.35199259257443,-4.12471100469967
2026-04-27 00:44:22.544,28,-14.937883587548535,-36.70983729918851,43.22504763966419,-59.45630058033404,63.912678026915344,-9.548184913453635,73.11280985793537,-81.00419305607527,-4.30034873058784
2026-04-27 00:44:22.602,29,-15.009393773621614,-38.00833503862297,44.56752584057075,-61.906883767432774,65.70651812959709,-10.09800280931303,76.1662720181675,-83.44649504879476,-4.255186149198528
2026-04-27 00:44:22.650,30,-15.077873293803895,-39.259091675062336,45.90619664773414,-63.31761816240107,68.50757890088127,-9.628886290262583,79.24695844023235,-85.85628968603864,-4.121506619790934
2026-04-27 00:44:22.692,31,-15.259694697335677,-40.60563901630916,47.04369694861844,-65.72371803594989,70.19849641327092,-10.108705933380538,83.1103414548324,-87.46608515150524,-3.1786284993769733
2026-04-27 00:44:22.732,32,-15.205650459817937,-41.69414033278344,48.429195339318056,-68.10869801359014,71.83175166092515,-10.557877527766667,85.8696394554459,-90.093659645485,-3.271658652933751
2026-04-27 00:44:22.798,33,-15.670098064194512,-43.252339348210505,49.34304172052994,-70.29903380713569,73.65343503564318,-10.794473475302647,88.06239044055187,-93.2885945997677,-3.9567223410389585
2026-04-27 00:44:22.852,34,-15.326478290863635,-44.068654310615614,50.891431050495925,-71.87784447034389,76.0730518597003,-10.492064367317106,90.0810324026869,-96.6331077264508,-4.82015625691803
2026-04-27 00:44:22.903,35,-15.210638723015723,-45.12137158657362,52.17080257748048,-73.0307681250907,78.91088731751977,-9.759909542155489,92.03498615871644,-99.9733833197903,-5.841338681522115
2026-04-27 00:44:22.947,36,-15.512407917102724,-46.65419273002191,52.94584609808222,-74.92305899338392,80.97476956733814,-9.822384441450298,94.81990978279184,-102.47559097243601,-6.057180948372659
2026-04-27 00:44:22.990,37,-15.198929365172287,-47.610761456782676,54.24849384758451,-77.42622796977307,82.39270960352518,-10.521600951442602,98.1882521200084,-104.37885004595223,-5.666014868765826
2026-04-27 00:44:23.038,38,-15.344614642545524,-49.10272688277898,55.02812657880712,-78.35012877939553,85.39010672207398,-9.678448718497366,101.25880684942331,-106.59904912898003,-5.572540915082777
2026-04-27 00:44:23.098,39,-15.11226587933484,-50.24484527253436,56.168288764403286,-79.65574090371237,87.95865431269873,-9.223315620431631,104.94485579604903,-108.21974014660532,-4.881357959421006
2026-04-27 00:44:23.145,40,-15.220281944464507,-51.82692933423711,56.85799532119337,-81.2885102193285,90.20636428205223,-9.14212354805116,108.4691363088065,-109.99188085714513,-4.249930203922831
2026-04-27 00:44:23.176,41,-14.691386549509092,-52.8199100744841,58.14961390336935,-83.09772947308554,92.23405806381516,-9.30206534497804,111.95987889776367,-111.76231059120396,-3.604991340670943
2026-04-27 00:44:23.218,42,-14.040697622045785,-53.65918607583811,59.60499707612906,-85.3941032557101,93.73246044078046,-10.031722320622308,114.91377630548111,-114.05550361919383,-3.488679700101918
2026-04-27 00:44:23.254,43,-14.062274079544146,-55.202972806808376,60.380012333324544,-87.44085354241211,95.47540305474935,-10.557055954117978,117.34904662815661,-116.87267917573647,-3.9313596994338447
2026-04-27 00:44:23.287,44,-13.90791038535306,-56.61725615754105,61.31657402099568,-89.96404636759489,96.75069596324194,-11.527245795699303,119.61153029786314,-119.86878680679186,-4.500615421567556
2026-04-27 00:44:23.326,45,-13.904202804829092,-58.20421049068479,62.107910629527055,-92.10075411220704,98.41968895320636,-12.124542526086971,121.50325171851794,-123.25638137709554,-5.394871034933198
2026-04-27 00:44:23.369,46,-14.139990996881835,-60.036165191121675,62.668449661419984,-93.9141876907489,100.35888663911446,-12.373179428188418,125.02703309318477,-125.00809369334846,-4.650437461735217
2026-04-27 00:44:23.410,47,-13.964854895980208,-61.49726463336033,63.59583962036118,-96.63168989541181,101.394688447589,-13.537063193246482,127.4310504453847,-127.83538559188212,-5.0251593128286025
2026-04-27 00:44:23.449,48,-13.249368154776642,-62.36741959206964,65.09934842414155,-98.98584934713821,102.83100816960592,-14.364201141723061,130.36795459247486,-130.13109041501886,-4.914695622880809
2026-04-27 00:44:23.486,49,-12.930100170709254,-63.630351453268254,66.20176421139836,-101.10161424870722,104.50286138384344,-14.972524382456566,132.5583597039413,-133.18168677995735,-5.568382617554758
2026-04-27 00:44:23.521,50,-12.609368199377766,-64.89723063778757,67.30528721465231,-102.74219107353356,106.59918975548781,-15.135897192473157,135.4626067656178,-135.45016245942838,-5.445342818476018
2026-04-27 00:44:23.554,51,-11.969521974002841,-65.85413986511179,68.72748220014476,-104.8361868768912,108.2366673810571,-15.744667908909623,137.8637782284678,-138.2462558778058,-5.855592907105881
2026-04-27 00:44:23.607,52,-11.819383890645266,-67.30438197203573,69.6922375845207,-107.13927050794182,109.64733719316888,-16.549958354295466,141.57064271224803,-139.7660405496058,-5.013951811559926
2026-04-27 00:44:23.645,53,-11.465361781021153,-68.5963559438468,70.80853921220024,-109.11090974853823,111.34532189679004,-17.069473283331494,143.76885990103375,-142.80630287321964,-5.697968910029928
2026-04-27 00:44:23.680,54,-11.038105914785708,-69.81054741215827,72.00001757429253,-111.02851459626048,113.10369715563193,-17.506450765497878,145.68099566811267,-146.16359062550907,-6.66030140942522
2026-04-27 00:44:23.713,55,-10.438229884238796,-70.88511274359084,73.29931899440307,-112.37602100370411,115.46885582272051,-17.338067036460274,147.83027617689947,-149.28303953269466,-7.356651442984753
2026-04-27 00:44:23.740,56,-10.329529489110971,-72.3835531548088,74.130500915323,-114.14765239518167,117.42047063733794,-17.636484739300368,149.55709363594647,-152.85231043917864,-8.512106599566781
2026-04-27 00:44:23.776,57,-10.225139346078246,-73.86820637362841,74.97961225953095,-115.92324916319616,119.36929266549232,-17.972726704092988,152.6244614814367,-155.0959607187783,-8.381114119593231
2026-04-27 00:44:23.816,58,-10.34888103787697,-75.5958472710212,75.59100785619471,-117.08547255146357,121.90608009923557,-17.712633692838583,155.63154065332935,-157.38637080266005,-8.330313868879191
2026-04-27 00:44:23.846,59,-10.287706049573409,-77.15620476155003,76.31367958534192,-118.68912284844424,124.00889024633891,-17.880306311032243,158.35417451909154,-159.9740209944167,-8.586440837153988
2026-04-27 00:44:23.879,60,-9.96772376910318,-78.4652008786656,77.29755688148751,-120.85511324219881,125.58250070861979,-18.57132306471147,161.06926832651058,-162.5675337670063,-8.84121037867324
2026-04-27 00:44:23.913,61,-9.318738373435895,-79.39038764011265,78.66863721348746,-122.55272662856765,127.61489906696372,-18.837651729447064,163.84455378351956,-165.09254537526638,-9.027888213622894
2026-04-27 00:44:23.958,62,-8.47908915714177,-80.06714909953162,80.24308572648418,-124.10305957537817,129.78743744608144,-18.960871604947712,166.6241432095811,-167.62013148253084,-9.224695358981569
2026-04-27 00:44:23.997,63,-8.098391132207691,-81.19085891683639,81.3597159985013,-126.08258143700478,131.5546424415658,-19.51689594087664,169.70518496378494,-169.86658686919188,-9.112187171315698
2026-04-27 00:44:24.043,64,-7.730188521428146,-82.30418912686095,82.48839792303414,-127.1578158686147,134.22142186066276,-19.184801252793925,172.80797018228614,-172.08306652843845,-8.919820214952365
2026-04-27 00:44:24.083,65,-6.920373050033567,-82.9655211578674,84.02151422756093,-129.0106056924768,136.10564198857494,-19.6545722157491,174.48875432712708,-175.70865820890015,-10.11230904197294
2026-04-27 00:44:24.117,66,-6.816447450045527,-84.34164115908922,84.80193205629382,-131.30077985077745,137.58317552729173,-20.588887415243498,177.26630704868288,-178.2222012875452,-10.202189920987433
2026-04-27 00:44:24.153,67,-6.059645284740778,-85.07448659271837,86.23287097024198,-133.6882268543946,138.93902932968462,-21.629522855009878,181.0799384483167,-179.7209872287828,-9.273176929346873
2026-04-27 00:44:24.191,68,-5.17949069207038,-85.65298169807525,87.81852390457504,-136.30947575850686,140.03762818782732,-22.943398529367403,183.61759244278923,-182.52071078495555,-9.673547171885994
2026-04-27 00:44:24.228,69,-5.035195526169484,-86.95188720809236,88.68119391913646,-138.92425115889293,141.1295685150899,-24.26117025239505,185.81757574006883,-185.68222391793563,-10.447124921060379
2026-04-27 00:44:24.268,70,-5.018122072934913,-88.42882529543353,89.3987236200271,-141.52516059557138,142.22164774651685,-25.577026925594176,188.57497836006752,-188.23814400301356,-10.59479544017707
2026-04-27 00:44:24.305,71,-4.604723781122647,-89.55392591807195,90.48494246652653,-143.60079193754186,143.79328048359847,-26.398519747644343,191.10866709158822,-191.0362987039171,-10.98784773411874
2026-04-27 00:44:24.338,72,-4.094735944664942,-90.62479003191159,91.59707337565057,-144.9713531975156,146.0629723102007,-26.493413416719253,194.70593417454322,-192.78610404421732,-10.309637717635148
2026-04-27 00:44:24.374,73,-4.123076627919542,-92.2447520594963,92.14830036658151,-146.5822404614649,148.07928979744273,-26.79905830804675,197.70339939051644,-195.12897331396533,-10.191161208423233
2026-04-27 00:44:24.408,74,-4.104992616277916,-93.79394229373085,92.76607682875868,-149.13359682003815,149.12300912359586,-28.02705001759776,200.44381300920577,-197.72052934215935,-10.305611155998264
2026-04-27 00:44:24.445,75,-3.568105288684319,-94.8032133214815,93.88676295128562,-151.4541906135304,150.37997008101078,-29.022286626883155,203.42418549534813,-200.06942657864656,-10.151528776403529
2026-04-27 00:44:24.482,76,-3.3733715262239783,-96.16013405556544,94.65105626761284,-153.55685168947417,151.86987503201814,-29.79695039769264,206.64906144532816,-202.17360657009243,-9.734364423819008
2026-04-27 00:44:24.544,77,-3.162372466468825,-97.47581471236302,95.47004293430993,-154.6898552888568,154.30708683103438,-29.637539466430464,210.1442896356949,-204.0034021254321,-9.021403388662128
2026-04-27 00:44:24.576,78,-2.7344631372822747,-98.59645394899574,96.53042359335745,-156.9597006973546,155.60460591432192,-30.61800547297518,213.675064756661,-205.80821261147747,-8.285611037115665
2026-04-27 00:44:24.607,79,-2.2012997473162343,-99.6196156486649,97.68064935217149,-158.44458540606402,157.6796434428213,-30.81580461090669,216.6374482253024,-208.2082245770494,-8.138225173125354
2026-04-27 00:44:24.631,80,-1.3298487646203445,-100.30415827461184,99.17717790241193,-159.53373132852352,160.10906974204087,-30.618593341430888,220.97139913594296,-209.25331303554444,-6.646048931232682
2026-04-27 00:44:24.659,81,-0.8476044572337391,-101.34040100067028,100.2930231096513,-161.17583969371003,161.94873281919547,-31.016561028476062,223.15108177439464,-212.39031350046056,-7.261345993175762
2026-04-27 00:44:24.688,82,-0.5261180701361259,-102.52830263613747,101.2566211563616,-163.49870154727722,163.0979403084635,-32.146225772826426,226.3951687618771,-214.44314029605107,-6.778338654799678
2026-04-27 00:44:24.717,83,-0.4068103832809598,-103.9402060844301,102.00299305781367,-164.5353287564163,165.52027038760954,-32.030074273508106,229.3970433527109,-216.75093068993172,-6.5877612961563425
2026-04-27 00:44:24.747,84,-0.3545223018829406,-105.40065701231796,102.69625759581054,-167.54195399649765,165.98097879990456,-33.872755320500985,232.62600414819383,-218.84741624624942,-6.194326088505363
2026-04-27 00:44:24.777,85,0.4079993356537151,-106.11965587166294,104.09203650981749,-169.28679246164583,167.71703128779322,-34.442988297593246,236.2381351904648,-220.5714812170421,-5.459883141580519
2026-04-27 00:44:24.802,86,0.795199760522059,-107.19073126501526,105.14313915407996,-171.49208719441975,168.99094901228656,-35.4862881860868,239.74993450757043,-222.38160280408275,-4.7837389787958475
2026-04-27 00:44:24.830,87,1.465180762685693,-107.96321744061976,106.46777149496474,-173.35654318625376,170.63092816338744,-36.19191052856904,242.74188429958508,-224.72869787592938,-4.640259560443023
2026-04-27 00:44:24.857,88,2.1189602639932157,-108.72314289479185,107.77566888779604,-175.00348720378497,172.50454884958097,-36.65881011190726,244.9728771929701,-227.85763552101074,-5.316160968110668
2026-04-27 00:44:24.888,89,2.4144178251190422,-109.85154528782338,108.71860156346928,-177.4714793412921,173.5656357197471,-37.95517554994667,247.5299453015298,-230.68806549742013,-5.725034950508359
2026-04-27 00:44:24.915,90,3.097714773868946,-110.61551882233485,110.02797717356322,-179.82095005178627,174.73762198148802,-39.12602441762595,250.05615211113317,-233.577187377845,-6.209032996342054
2026-04-27 00:44:24.945,91,3.656121119622278,-111.52348713432387,111.16510061673641,-181.70999039509053,176.36427714004097,-39.80733354595364,254.26977183511602,-234.79007685249584,-4.996132492046072
2026-04-27 00:44:24.972,92,3.6845852983884746,-112.96451536839376,111.78017401181759,-183.48248505397734,178.1059102015395,-40.38318233381626,258.9710210826789,-235.51460036798355,-3.300227474923645
2026-04-27 00:44:25.000,93,4.378833008781342,-113.73989466299709,113.09336442534808,-185.0150834250702,180.1020559390056,-40.71422861484891,261.2342730178849,-238.63610390138612,-3.998509423595745
2026-04-27 00:44:25.026,94,4.784982647933797,-114.80956355756973,114.12195387548881,-187.04904317475274,181.61060557876007,-41.50982285131166,263.97383158003777,-241.2692909047678,-4.202344760544011
2026-04-27 00:44:25.057,95,4.642809622974419,-116.4713255354895,114.56762526764295,-189.5678493308758,182.65914813167177,-42.77008738669284,267.2874973764529,-243.30638954950356,-3.8170940957886494
2026-04-27 00:44:25.087,96,5.169424668709766,-117.4844225672725,115.6989667866302,-191.38111094081293,184.42232207246494,-43.30512895486486,271.39205683782484,-244.56118286092277,-2.6719686891411514
2026-04-27 00:44:25.117,97,5.32263446132395,-118.88717267010308,116.47916371108639,-193.41349703959295,185.94161325473615,-44.05858242323923,273.9501012621668,-247.36418425121298,-3.0856403132158827
2026-04-27 00:44:25.149,98,5.605452659193619,-120.16696508882288,117.38688068236915,-195.56348864839322,187.32964778050913,-44.93922276538643,277.1028921667744,-249.56679703104322,-2.906810937676301
2026-04-27 00:44:25.174,99,5.458432053767392,-121.85934568721088,117.89345845754615,-197.01190431601233,189.44211636352327,-45.11710554807661,279.6772893739423,-252.36744649730002,-3.333126905310596
2026-04-27 00:44:25.202,100,5.657729126814103,-123.20564416867533,118.74699636792883,-198.32693052649927,191.67567372544903,-45.190770336617526,282.2019508629549,-255.23500236808695,-3.8361366146159006
2026-04-27 00:44:25.230,101,6.077600413547217,-124.32332820261371,119.82395017018422,-200.34489814637325,193.1769156763904,-45.984847906855464,285.8214442311522,-257.02511442235146,-3.269172868617334
2026-04-27 00:44:25.260,102,6.27414458941594,-125.66125071757716,120.6878901141921,-201.88076965275823,195.13600498325937,-46.29834500713894,289.29484057990794,-258.97317495712053,-2.8702914390798444
2026-04-27 00:44:25.286,103,6.010667213308356,-127.45194679868987,121.11784878081636,-203.16045132074973,197.30989716032525,-46.382770202603375,291.30979760778405,-262.3952856472393,-3.953867445330167
2026-04-27 00:44:25.315,104,6.419639049223798,-128.58572332326312,122.20880662558714,-204.6561727618767,199.22640605486637,-46.71586420373202,294.7541990990746,-264.41700525264775,-3.649411132332513
2026-04-27 00:44:25.356,105,6.914199350787975,-129.638028348853,123.39991594189789,-206.2451553628731,201.01426691773668,-47.15194508557532,298.72697232932416,-265.8953931247041,-2.794066745916194
2026-04-27 00:44:25.396,106,6.947631635191172,-131.15554353079136,124.12635141166264,-207.70522096767553,202.90049717607468,-47.47553068294799,301.2988192814418,-268.7788997447009,-3.3479320821997214
2026-04-27 00:44:25.435,107,7.560547782393751,-132.06633051022527,125.47923987866403,-209.69427067981843,204.2099278270048,-48.34031757988883,303.4147167663694,-272.1229986792361,-4.365809085832377
2026-04-27 00:44:25.482,108,7.472383735967365,-133.65984257504732,126.17219967283746,-210.9007550575358,206.27611347490395,-48.42875221459953,307.31247543262856,-273.6780853397168,-3.597248912164752
2026-04-27 00:44:25.517,109,7.5939429932571425,-135.03317751231435,127.08688273992955,-213.0578254440217,207.34438774050517,-49.481134124572556,310.9814184872134,-275.46105660868454,-3.0701346772015503
2026-04-27 00:44:25.559,110,7.710642636948084,-136.40256978570605,128.01830262986073,-215.1075276885498,208.51338406205755,-50.429746004135254,313.77942742892895,-278.0988750308099,-3.385472451674402
2026-04-27 00:44:25.601,111,7.583735976394731,-138.028421665165,128.71229281658944,-216.64378532884072,210.19224329744537,-50.84694979935598,317.5217469825743,-279.80185612057437,-2.7691982783244633
2026-04-27 00:44:25.637,112,7.9311711689329245,-139.17779781797182,129.86738452456524,-218.47384253011526,211.56568296063872,-51.53213990597471,319.5422769564858,-283.21777542754353,-3.8591789441551794
2026-04-27 00:44:25.731,113,8.762884777751692,-139.86142485817481,131.47746935737197,-219.99995181040921,213.2195617082425,-51.91354423866214,322.640008383173,-285.5431399477859,-3.8571408772489195
2026-04-27 00:44:25.771,114,9.010014133644576,-141.14601704375102,132.45593128996052,-222.1703981975382,214.21232423816713,-52.90572943232177,325.51404814038375,-288.10229187156506,-4.0930962603633185
2026-04-27 00:44:25.815,115,9.539773449213149,-142.13063934230524,133.742807285006,-224.10194912016317,215.42828542676313,-53.65115679519873,328.9917116683464,-290.04350385531484,-3.7046862298515006
2026-04-27 00:44:25.860,116,9.914301733190998,-143.27553764228827,134.88399782322972,-226.01773079452616,216.62103837563686,-54.36350020189426,332.3145697379737,-292.1330828252772,-3.452198234911156
2026-04-27 00:44:25.899,117,10.527823847668015,-144.19527127904922,136.26686789587603,-228.22061458290875,217.48547258090326,-55.350961125163664,335.45174879209645,-294.39054710944725,-3.3516958373858916
2026-04-27 00:44:25.939,118,10.763191884810754,-145.49908235656503,137.24597192537513,-230.42007935666967,218.34427796338002,-56.33667823229873,338.2884163201209,-296.95885480005506,-3.553807536281222
2026-04-27 00:44:25.970,119,10.702332667177823,-147.10814119310433,137.92353676544658,-232.12595225147652,219.67952716622256,-56.823217016435336,340.88181450835526,-299.76645949119177,-3.983345898789248
2026-04-27 00:44:26.005,120,11.413205847392929,-147.95620380108747,139.3813328058126,-234.13616888517961,220.70202131906498,-57.60038790111325,342.86347935982144,-303.17193106186505,-5.0134994410789995
2026-04-27 00:44:26.037,121,11.583236801640465,-149.34278528617116,140.29124169354918,-236.50361088527652,221.36509109011104,-58.72920283338841,346.2221956045104,-305.19624853217766,-4.663382876277958
2026-04-27 00:44:26.077,122,11.976158757855773,-150.49532166417447,141.43513221255824,-238.32930706049655,222.54724453851514,-59.310185208850484,348.74292638926903,-308.0623545850584,-5.154816208994387
2026-04-27 00:44:26.116,123,11.912467366036186,-152.10376834523575,142.11597953832364,-240.28921987777676,223.59732547212909,-60.01132749247215,351.55993935043216,-310.6337785241478,-5.339596994044479
2026-04-27 00:44:26.147,124,12.230930365814753,-153.32509913672078,143.17891250166517,-242.14991395099253,224.71327815332785,-60.62542268406313,353.8360369073542,-313.7489157219063,-6.0580985937157275
2026-04-27 00:44:26.182,125,12.931930556316113,-154.1605889803958,144.61390336594627,-243.696887885431,226.1124409024263,-60.942201439520986,356.4166425507064,-316.5741894896649,-6.473403070908703
2026-04-27 00:44:26.222,126,13.637926719303076,-154.99456008719937,146.0456930762932,-245.64643834442285,227.0763744540574,-61.66659714425435,359.7287487666008,-318.6760269226139,-6.184104884466287
2026-04-27 00:44:26.252,127,14.192953400051127,-155.99067012839984,147.32693226721275,-247.478106422408,228.16020449128874,-62.253627846942706,363.6358799661885,-320.17592620384414,-5.28783041458078
2026-04-27 00:44:26.283,128,14.665780979993048,-157.0666318936196,148.55037189261208,-249.32901462141933,229.18808136253767,-62.872197890450884,366.9441658795777,-322.2809025443299,-4.99273724979654
2026-04-27 00:44:26.319,129,15.28905908478152,-157.99020936689666,149.9312088930558,-250.9621379140407,230.41028348104425,-63.27843254691874,370.07956585857136,-324.5633052225136,-4.87225286093645
2026-04-27 00:44:26.355,130,15.058821786413873,-159.76177778685252,150.46614881257645,-252.64069868960277,231.5906617060134,-63.705167024947166,373.15607236149145,-326.90556660152345,-4.830295785910429
2026-04-27 00:44:26.392,131,14.841242001059186,-161.52680520081756,150.9991644130447,-254.60196331693388,232.4758348729769,-64.40257159812839,376.5429473465868,-328.9518032100391,-4.483891134474579
2026-04-27 00:44:26.432,132,15.162575887107153,-162.7676930068501,152.0772556771716,-256.27547315737485,233.6408333231526,-64.81341740877014,380.23379093319414,-330.6951691766933,-3.8215917219878492
2026-04-27 00:44:26.474,133,16.110516718678785,-163.3877253649737,153.77560998874003,-258.0597338092248,234.67754319235158,-65.35182272654396,384.69468280632185,-331.65553757152486,-2.382361424288935
2026-04-27 00:44:26.509,134,17.273537381317983,-163.77489808997288,155.7145466822598,-260.2721722472946,235.2655780298279,-66.31329471590634,388.31780078823726,-333.45934053276665,-1.795153803808553
2026-04-27 00:44:26.542,135,17.719250522670958,-164.8621409893176,156.96094385592926,-262.3281786758752,236.00533022051442,-67.10769702171662,392.7119718180713,-334.4800614196358,-0.420433101689116
2026-04-27 00:44:26.578,136,18.09170979246105,-166.02917501322466,158.13890409470488,-263.9969772503266,237.11529133620525,-67.53045539149703,394.3840660257359,-338.1959370424955,-1.732245150450911
2026-04-27 00:44:26.609,137,18.949597110796272,-166.73041631714483,159.78711908812483,-265.4641107066761,238.400844767059,-67.77530076934022,398.2085547670936,-339.7571921126958,-0.8814426582409978
2026-04-27 00:44:26.643,138,19.2605769163958,-167.9826063987528,160.88427707081055,-267.2238140441888,239.37262663411627,-68.32456582231917,400.78329221715023,-342.582316420679,-1.2987738163731284
2026-04-27 00:44:26.687,139,19.250664179035436,-169.56083154759557,161.67872511937742,-268.7764156586784,240.51260158702573,-68.69134269500591,404.08416186629574,-344.6838005048733,-0.9888513421443479
2026-04-27 00:44:26.716,140,20.03572422267122,-170.3474740212913,163.2703833434894,-270.34022981179464,241.61246145951765,-69.08913011904063,406.9557136851301,-347.209095089923,-1.1084619826693853
2026-04-27 00:44:26.754,141,20.08473436786163,-171.84924150183903,164.14856433955276,-272.70232921625825,241.91296697253296,-70.29063408162902,408.92105515000037,-350.6298871700847,-2.104161947243339
2026-04-27 00:44:26.795,142,20.442167371874252,-173.0306325418056,165.36462377676241,-274.48916311902593,242.77613925087766,-70.92462292503694,410.6498684112094,-354.30598543829,-3.3486646965211397
2026-04-27 00:44:26.836,143,21.349412560335068,-173.66247965127005,167.12052800920105,-276.4124136844938,243.4777705305904,-71.6890452414216,414.42377809726133,-355.9227759546963,-2.5245272934724006
2026-04-27 00:44:26.875,144,21.460884827916676,-175.09152520198455,168.07314368051232,-278.3524352656062,244.14062879776372,-72.47869082356134,416.97280516073266,-358.7597723682337,-2.9183254743986096
2026-04-27 00:44:26.912,145,22.042573796659536,-176.04925029604078,169.50807816790277,-279.81132927949363,245.26610360998333,-72.79803700098421,421.13816984974454,-359.9830934488506,-1.6981554469494085
2026-04-27 00:44:26.954,146,22.372452389765115,-177.2575956192958,170.71431705058495,-281.4368627234755,246.21137866181172,-73.29485294827332,423.9422309386469,-362.57440857638875,-1.8616957544200972
2026-04-27 00:44:26.993,147,22.542540335397984,-178.62830795296517,171.77378808864705,-282.68625324586264,247.5196359603553,-73.41315992807664,427.29783687137535,-364.6254634228265,-1.4885559552368095
2026-04-27 00:44:27.032,148,23.05233605309215,-179.65695614309723,173.15793447591057,-284.4451723972159,248.31231442359183,-74.03909887961534,430.6106385166559,-366.7345883029452,-1.182880562361143
2026-04-27 00:44:27.072,149,23.303214952948522,-180.91974389297414,174.2994212564714,-286.3097421512447,248.98483492177363,-74.76379908963949,434.52520739983333,-368.24480193731284,-0.275034383099027
2026-04-27 00:44:27.107,150,23.621542277951196,-182.09370961452296,175.54473737920574,-288.0854519737428,249.74403661597898,-75.40422638269311,437.6542772634518,-370.54974452775616,-0.14426041566958486
2026-04-27 00:44:27.209,151,23.649064972870892,-183.5474869938448,176.51337319301135,-289.79497898997806,250.5530706262306,-75.99045470469258,440.78542684086875,-372.8622106020253,-0.008819355690741937
2026-04-27 00:44:27.248,152,24.05311147148313,-184.63038043197082,177.85753905203148,-291.76382041342697,251.07941676207457,-76.85237924191163,443.8616169298746,-375.22670518596806,0.06664748484034674
2026-04-27 00:44:27.284,153,24.61473640195499,-185.5612738028149,179.3517422206871,-293.3465436825766,251.9941127543097,-77.32675299131633,446.9431574804506,-377.5916354043022,0.13911314240044442
2026-04-27 00:44:27.323,154,25.333094439932893,-186.34762544893104,180.9848408380124,-294.4195005405865,253.39528494241512,-77.31133677208327,450.52050455575835,-379.4731788363986,0.6850135081109526
2026-04-27 00:44:27.356,155,25.729259436799158,-187.46973140450214,182.2857596258232,-295.58410125418743,254.6766577529298,-77.39928273723861,453.86368881365803,-381.59624977728436,0.9833077842995888
2026-04-27 00:44:27.399,156,25.88728138456762,-188.8328634885625,183.34515930078072,-296.2569290297987,256.4430792615983,-76.9961788558421,456.9459398099267,-383.9596822972812,1.0519960465475804
2026-04-27 00:44:27.431,157,26.431692928554124,-189.8005567154266,184.79625368565593,-297.5773356739265,257.5511649799116,-77.24533665675457,458.93388671631357,-387.408691656298,0.04440132489524465
2026-04-27 00:44:27.472,158,26.130139659513134,-191.61198540449504,185.40162593242482,-298.61182784373335,258.91034864204687,-77.23404970179683,462.07327169905443,-389.71336007130964,0.16978717244972552
2026-04-27 00:44:27.509,159,26.755602670547145,-192.48641824394525,186.9423773057401,-300.4965136282347,259.381868641574,-78.10633996017899,465.4048152122996,-391.8384394928957,0.48282538830272986
2026-04-27 00:44:27.537,160,26.88985539102958,-193.85156032301782,188.00378171084984,-302.3256152860502,259.87923892384333,-78.93516726720814,469.83200967122866,-392.8742693460827,1.8910281479501272
2026-04-27 00:44:27.577,161,27.223597517404716,-195.03749547518214,189.25054302025396,-303.6639145565419,260.82921998877015,-79.2932565393604,472.14119136158706,-396.0404205368836,1.1633006640037724
2026-04-27 00:44:27.609,162,27.461468793840933,-196.31995269687843,190.41157943378803,-305.4255034132668,261.34578183276795,-80.07353573883157,476.4148958265434,-397.2497647430946,2.373057474235798
2026-04-27 00:44:27.648,163,27.219584375578492,-198.08537172881444,191.0780183167504,-307.0535738659502,261.9847485767786,-80.71327966079932,480.0799911597485,-399.0732636510289,2.9689586215052537
2026-04-27 00:44:27.687,164,27.865052335997213,-198.9694575358129,192.62650021650862,-308.25263709710185,263.0384130648053,-80.91717022627715,483.0206685469571,-401.626304316909,2.8387071065775378
2026-04-27 00:44:27.722,165,27.868903064150395,-200.49768872583792,193.5405221504993,-309.51813772582216,264.01374621180304,-81.19514596933047,486.45470191797546,-403.6948144741123,3.1883139283833537
2026-04-27 00:44:27.762,166,27.7792569404614,-202.12215100236725,194.3654334794386,-311.25572679284653,264.5107341542899,-81.94077385742985,490.68566243250865,-404.9710258236759,4.329676177163643
2026-04-27 00:44:27.806,167,28.170764095261262,-203.25829405303136,195.68844602892818,-313.0162427625694,264.9826123855502,-82.71072067592385,495.398747212554,-405.760699771801,5.944461278321363
2026-04-27 00:44:27.849,168,27.9605449719953,-204.99118936883835,196.431604105774,-314.5321728015081,265.7048051810899,-83.23756014902426,498.52997687591875,-408.12635680658514,5.9720320722043505
2026-04-27 00:44:27.886,169,28.086511441854846,-206.3806450671515,197.51679720442053,-316.2876007464387,266.17605048905665,-84.00946788563498,500.79849459994523,-411.34096032639906,5.139451612703081
2026-04-27 00:44:27.925,170,28.3060495087056,-207.67003101779392,198.6994318094193,-317.7889242013201,266.89639306491557,-84.53611371808563,502.5710573404861,-415.0265091981756,3.841794859777137
2026-04-27 00:44:27.964,171,28.036837472879114,-209.44793349730332,199.3842019845011,-319.2129487873693,267.6832356721071,-84.98919953159158,506.22481610408494,-416.8427913184226,4.432827211408549
2026-04-27 00:44:28.006,172,28.2008950373947,-210.7882230441896,200.5012634844903,-320.83225898953896,268.2732906556987,-85.63204316119096,508.54405238462846,-419.9873759989162,3.689597978055316
2026-04-27 00:44:28.048,173,28.81315696648211,-211.67891790708313,202.07707331605653,-321.5596797544862,269.73409968652754,-85.3954356892282,512.0142398877367,-421.97416793767763,4.104065128780284
2026-04-27 00:44:28.084,174,28.78189016499933,-213.2107512626937,203.00958023438187,-323.2736220894697,270.1614993675139,-86.16913762424169,514.8861424905783,-424.56905921594415,3.8959651983519503
2026-04-27 00:44:28.124,175,29.062404041635762,-214.4370126999217,204.2358848353909,-324.7419610345339,270.790036633067,-86.71811615966813,517.5319689428137,-427.4026875256494,3.4429463776315066
2026-04-27 00:44:28.161,176,29.205260828812385,-215.8073837149511,205.3052952331845,-326.1276058891616,271.4945235388494,-87.1890659776281,521.2074870569916,-429.2129961532586,4.010015768813376
2026-04-27 00:44:28.196,177,29.439895929166433,-217.08330645185004,206.46184136088115,-327.63692854218533,272.0768696934874,-87.77125672222186,524.6415714470953,-431.258174019578,4.338646569606636
2026-04-27 00:44:28.238,178,29.80259195116945,-218.23760101852486,207.75306321949162,-329.37028280167556,272.4243247192774,-88.57864270729624,527.5939582726437,-433.78625830843805,4.196807941585051
2026-04-27 00:44:28.279,179,30.17943622437234,-219.36742139142274,209.06975296783196,-330.5713296501294,273.29475682512714,-88.85056747005495,530.392690941453,-436.4499554104341,3.9239808544891415
2026-04-27 00:44:28.313,180,30.07502288083643,-220.98619768454864,209.89489797065528,-331.66408895024034,274.24124147707624,-89.02233439222118,533.3293805106432,-438.96900584284276,3.7831489768006805
2026-04-27 00:44:28.349,181,30.47255322747798,-222.1138432505731,211.2010134184481,-332.76859901185674,275.1602681007196,-89.2105935148835,536.110116152323,-441.62009235785416,3.521717061037452
2026-04-27 00:44:28.382,182,30.725777260053782,-223.39310368380026,212.35236585495227,-334.35700942356505,275.5836532937973,-89.89803166049569,539.4365051737617,-443.7298906570325,3.801662416418746
2026-04-27 00:44:28.410,183,30.908212153654738,-224.75881877320955,213.40842555222537,-335.4279015398455,276.51901353831784,-90.07484927708111,541.9939127340622,-446.627146416944,3.288739119084311
2026-04-27 00:44:28.441,184,31.098339907017483,-226.12198191627047,214.45882208889594,-336.68877632002346,277.2411336575733,-90.44448390584135,545.0906554891129,-448.97667972529587,3.3244720847467857
2026-04-27 00:44:28.474,185,31.85893010765771,-226.9156826575103,216.07910700956901,-338.0246907514986,277.8732904734039,-90.9000712703527,546.6264705872285,-452.8942920563306,1.7878246566403129
2026-04-27 00:44:28.518,186,31.743079515061407,-228.59659125297185,216.8193147182846,-338.98934416177667,278.8766981529732,-90.97671591034363,549.4140105844107,-455.54363762760016,1.517084863121349
2026-04-27 00:44:28.559,187,32.90016993183182,-228.99350812356633,218.83997637469656,-340.1270038361715,279.70065785068624,-91.23447742025478,553.1737833397608,-457.212261721756,2.231050748021077
2026-04-27 00:44:28.651,188,32.762376967798055,-230.6829980697838,219.56555912021003,-341.3653161556104,280.4087163096744,-91.599938310433,556.1514178978691,-459.66333817950755,2.1641267797433246
2026-04-27 00:44:28.681,189,32.88576501639717,-232.11028717097267,220.54377424188417,-342.17337810807084,281.51145589314166,-91.56009211043511,559.7891388509137,-461.46461738426825,2.74287202764666
2026-04-27 00:44:28.716,190,32.9341897443992,-233.6201559946857,221.42815903986983,-343.7489469878916,281.8256503518224,-92.29071773490699,562.649737782007,-464.0517150279241,2.537827071331386
2026-04-27 00:44:28.756,191,34.33052154039699,-233.77450920039539,223.65787150165403,-344.8577993035841,282.5931994548358,-92.5540514367347,566.295002376462,-465.8598501945853,3.1171436682318743
2026-04-27 00:44:28.800,192,35.00995390296628,-234.64341251723275,225.1694990976673,-345.9593043827624,283.36055343530734,-92.81907533529193,569.8818910547672,-467.7377959849894,3.6321120933547615
2026-04-27 00:44:28.843,193,34.816931258791925,-236.3935195123715,225.81489321646367,-347.3277483533379,283.8586221621432,-93.36102653043746,572.2141335209029,-470.87806575477634,2.873157316790356
2026-04-27 00:44:28.877,194,34.71181397503155,-238.07380160843903,226.54574329531476,-348.30785915306103,284.74787973679,-93.50334713345946,575.9476105950725,-472.6152773729446,3.515532932178507
2026-04-27 00:44:28.913,195,35.50399356704813,-238.8762361204573,228.15462072584089,-349.6798976208523,285.240315335854,-94.03373346839375,578.7480720823088,-475.2718367998568,3.2382520924749887
2026-04-27 00:44:28.948,196,35.74041677951389,-240.24582639177063,229.2004736752141,-350.92840584945753,285.84610908572836,-94.43706886129269,581.3087422987654,-478.16048332281497,2.7109034532208134
2026-04-27 00:44:28.996,197,35.89964578734508,-241.69612471109875,230.16839407998978,-352.4822953453547,286.1491996954641,-95.14385327166315,583.9402031551107,-480.96565858502476,2.253618242077512
2026-04-27 00:44:29.025,198,36.62644092944201,-242.58445828752807,231.70362246846383,-353.8398781838737,286.6527156108754,-95.64700505856514,587.9710214250074,-482.3721049322855,3.191267300614376
2026-04-27 00:44:29.068,199,36.388286772419505,-244.43666929785587,232.26913932645436,-354.91747784614336,287.42322552148465,-95.8811768943555,591.6203413202201,-484.1648804345648,3.74503034522553
2026-04-27 00:44:29.102,200,36.62387958397322,-245.80410720724902,233.31735355277002,-356.37530497831654,287.80910986684324,-96.5060419954859,595.3495062913549,-485.88165136623684,4.373720768586444
2026-04-27 00:44:29.135,201,36.61493748174232,-247.4111352389891,234.12712844298218,-357.4278633827425,288.5979795142177,-96.72435649972755,598.8473659379422,-487.83206747736983,4.76405216627209
2026-04-27 00:44:29.174,202,37.16892230568473,-248.45889284785935,235.5015631919496,-358.33115680540294,289.53552670869,-96.79203036244142,601.9647102238495,-490.1704392880606,4.7631975054984865
2026-04-27 00:44:29.216,203,38.049461015907546,-249.18296330853133,237.20711795835572,-359.29759475619034,290.400187129523,-96.9261387560546,605.9487800014199,-491.64910127194304,5.617027387134642
2026-04-27 00:44:29.248,204,38.911361081089865,-249.91393108371443,238.90933132589532,-360.53835533530923,290.98621380244913,-97.31418258981645,609.385497931157,-493.6681580027091,5.919155757530478
2026-04-27 00:44:29.286,205,39.43615003140118,-250.96353906802665,240.3024051699566,-361.78313307350595,291.549246701122,-97.70849141404366,613.8216288809407,-494.675854846481,7.226858558540854
2026-04-27 00:44:29.324,206,39.6278314347327,-252.34838292663247,241.3697846502454,-363.2142847343427,291.9051119256572,-98.29280835772815,618.3394101052211,-495.6041472205677,8.61821917977315
2026-04-27 00:44:29.360,207,40.796980590246726,-252.7513822817088,243.4248591528213,-364.4476812474281,292.4478455193928,-98.68634108254611,621.7712750102619,-497.621982412869,8.920484231567414
2026-04-27 00:44:29.400,208,41.48258623626025,-253.6195387993651,245.0164059487255,-365.851327874233,292.8085103681366,-99.24841548513446,625.5155958584503,-499.3312927977866,9.537539867545032
2026-04-27 00:44:29.432,209,41.831517155670674,-254.82735542549764,246.27349361758138,-367.1668374899294,293.25666216576036,-99.70983585577075,628.4835611961373,-501.8223120620174,9.379272352690899
2026-04-27 00:44:29.465,210,42.646066107033356,-255.56640709255493,248.0005157661082,-368.57215521759696,293.61464159692724,-100.24730004669696,631.9137369248751,-503.84695385944025,9.690434324479028
2026-04-27 00:44:29.498,211,42.811916635743245,-256.9542612776276,249.07419485226328,-369.79600465818436,294.1496761975954,-100.61042204300401,635.2595049785455,-505.94940972747185,9.925460915202011
2026-04-27 00:44:29.535,212,43.410639646362384,-257.91171904479205,250.57128348727298,-371.1929558532258,294.50343056663075,-101.15315207874816,638.6811564963646,-507.9687558453447,10.232280333885148
2026-04-27 00:44:29.569,213,43.420946557939374,-259.4518391072231,251.4898056060636,-372.3236748927245,295.11978335480194,-101.42634443144702,642.104972946315,-509.9894104866882,10.541528569317572
2026-04-27 00:44:29.606,214,44.22917931077565,-260.19013255852366,253.21215947075615,-373.3546741718295,295.81409169075806,-101.61302622918964,645.5278619444077,-512.0073283645435,10.848496194194837
2026-04-27 00:44:29.635,215,44.54957959407773,-261.4154179673229,254.44223879687348,-374.54322199358734,296.3385091948214,-101.96342946694924,648.646235422529,-514.3382901032339,10.840408528513478
2026-04-27 00:44:29.671,216,44.16851666405796,-263.3438632365225,254.95438758932133,-375.64742779308995,296.9345601421479,-102.23319942649495,653.5550297785198,-514.8839630527758,12.610829706036677
2026-04-27 00:44:29.706,217,44.19685741090451,-264.8770940580035,255.86049138083644,-376.7406687583018,297.5300313247861,-102.50096792086298,656.524215339179,-517.3652670940896,12.448673665883335
2026-04-27 00:44:29.735,218,44.69848003853466,-265.92266553395785,257.2661123432861,-377.66546976585175,298.2893447505546,-102.58838316177842,660.1875169963489,-519.1457440888444,12.977123169147212
2026-04-27 00:44:29.776,219,44.896955943355344,-267.2844873780698,258.3576252781887,-379.255389677383,298.3728919540888,-103.3350887116554,663.296330206019,-521.4647417273645,12.960863551341648
2026-04-27 00:44:29.810,220,45.354057548603585,-268.4068756801615,259.68850534783013,-380.34179282418614,298.94815928697074,-103.58103399129362,665.4024305308224,-524.7915790764307,11.94052626857755
2026-04-27 00:44:29.849,221,45.719998163781334,-269.6266007122958,260.9098881440531,-381.48887835323336,299.4371637655229,-103.90300585234897,669.0610843800256,-526.5709849508115,12.467776320678077
2026-04-27 00:44:29.881,222,45.68875196906795,-271.2487291775583,261.72588558714824,-382.5487044278759,300.0025171574955,-104.13978560691693,672.255604846893,-528.8088398636736,12.533472436509314
2026-04-27 00:44:29.914,223,46.303651171988676,-272.22566521076357,263.1896979783793,-383.8421677465661,300.32315329646315,-104.61208946314544,676.1390096851156,-530.3530233900003,13.280648780796195
2026-04-27 00:44:29.940,224,46.85141441961118,-273.2775967259561,264.5779568747056,-385.1413231724481,300.6378853063084,-105.08460374510886,678.9411101107156,-532.9792782824605,12.932874210633972
2026-04-27 00:44:29.984,225,47.08007959204514,-274.65460262246717,265.63433817457184,-386.35910041536266,301.04045904247187,-105.46475180957815,682.1533841343427,-535.2020520927776,12.981130503029673
2026-04-27 00:44:30.020,226,47.56117835046884,-275.78636124973497,266.93544609988163,-387.4960456440675,301.5214314340816,-105.77242965115285,685.8262467562747,-536.9692739807759,13.478424071470014
2026-04-27 00:44:30.054,227,47.56119016454214,-277.4081587457531,267.74791029166624,-388.71055199075545,301.9158611092006,-106.16074110667856,690.0475384799091,-538.1946756713163,14.519283337432396
2026-04-27 00:44:30.090,228,47.87581003861867,-278.7035052223258,268.88725562618004,-390.00906581163383,302.2268045473114,-106.62794326736865,693.4954518071926,-540.197172314351,14.795071483038981
2026-04-27 00:44:30.130,229,47.38847802412909,-280.80937870711585,269.213727597155,-390.9854169493603,302.85500064046016,-106.76950462999307,696.390978713668,-542.7434500136048,14.532404792104245
2026-04-27 00:44:30.160,230,47.7944303326962,-282.0257510813976,270.43103408588536,-392.0376783516377,303.40956474814834,-106.99484744691183,698.6512176620573,-545.9203254352395,13.649149094437725
2026-04-27 00:44:30.196,231,48.60295956365207,-282.83498227534284,272.0539973910889,-392.7621546748137,304.27503316289494,-106.90794343934151,701.9379158871528,-548.0743796836232,13.79401593337417
2026-04-27 00:44:30.234,232,48.83183794158166,-284.2139528221137,273.11130286848555,-394.11647275801954,304.5072779293837,-107.45082646824493,704.5028425724277,-550.937341725122,13.235160132980317
2026-04-27 00:44:30.272,233,49.29981588765027,-285.35296627719254,274.4170365404868,-395.1518892379222,305.056900517123,-107.67950245907514,708.2420452523787,-552.6299831341584,13.843898567955025
2026-04-27 00:44:30.308,234,49.76876221435101,-286.4943720812871,275.72487442287996,-395.9415927935324,305.83447343713084,-107.67381583767984,711.8954078360496,-554.4043711321785,14.372576253960025
2026-04-27 00:44:30.341,235,50.645249528170964,-287.231648488487,277.4425607846371,-397.0376394025609,306.30110963353195,-107.98646810475417,714.0719384490301,-557.6410554670624,13.43976027169613
2026-04-27 00:44:30.425,236,51.03775259437053,-288.45379331875245,278.6787122933557,-397.9642716355455,306.92452839798545,-108.14668982042392,716.4858089852098,-560.6432088009633,12.731801939826731
2026-04-27 00:44:30.457,237,51.43345744209915,-289.6757449399844,279.9127384890273,-399.19936385949416,307.234209943862,-108.61699314118664,720.1299159619693,-562.4138410976226,13.254044382037602
2026-04-27 00:44:30.488,238,51.65680143750481,-291.0577685904007,280.99527092060663,-400.04382425253084,307.9279695463967,-108.70217603515398,723.8666258649347,-564.0945873572075,13.851882165294501
2026-04-27 00:44:30.524,239,51.79458091028349,-292.53011152428,281.9940010625447,-400.95928700329097,308.5375865765189,-108.85473928325337,727.059731202517,-566.3136142559781,13.903893827994125
2026-04-27 00:44:30.561,240,52.1702224587657,-293.76436776365495,283.22816150631957,-402.32618468851695,308.691102427709,-109.46714452622267,731.558275154721,-567.226192302628,15.271419009979487
2026-04-27 00:44:30.600,241,52.06809798254439,-295.4755123196898,283.9767046674494,-403.3804527938055,309.1470236002119,-109.77320466901905,734.7522201107323,-569.4463707097772,15.326451074849114
2026-04-27 00:44:30.636,242,52.705877245494634,-296.4510964445295,285.4603113176871,-404.34759353875893,309.6710297309637,-110.00189273115105,737.3258338809195,-572.2958036356775,14.74374120563174
2026-04-27 00:44:30.671,243,52.832818771892704,-297.92865617142235,286.4464368210514,-405.60551160535516,309.8939868916687,-110.51637762314482,740.5336092209615,-574.5115706459787,14.791063896297919
2026-04-27 00:44:30.706,244,53.216414848234265,-299.1480442489973,287.6889484347177,-406.7747490342796,310.18564977102506,-110.9500792865532,743.111173631874,-577.3626569648444,14.203157938794345
2026-04-27 00:44:30.737,245,54.169651020818335,-299.79899922506337,289.49204699320677,-407.8745442666893,310.54058431855475,-111.30621611646667,746.0008527450921,-579.9006368381932,13.937938952477364
2026-04-27 00:44:30.766,246,54.38556689626377,-301.180531296679,290.5529022086319,-408.9658148454699,310.8983308696109,-111.64757760339477,749.8063319208331,-581.5320653194672,14.583980390989925
2026-04-27 00:44:30.805,247,55.09057659228623,-302.0723938398461,292.10082618626313,-409.91338502889465,311.3869492540225,-111.8502694619966,753.567928711663,-583.214400484436,15.177793630823526
2026-04-27 00:44:30.842,248,55.54850742111975,-303.2112100852009,293.41248561009274,-411.0680310540377,311.66645040852967,-112.25391872371995,756.9242507887247,-585.3051732982424,15.365067081880904
2026-04-27 00:44:30.877,249,56.24534683987302,-304.1076855778233,294.9699205360648,-412.0753219001297,312.0878354996476,-112.50900005184904,760.8259925143631,-586.8503420367067,16.10062061399983
2026-04-27 00:44:30.909,250,56.05471808030939,-305.90035323140836,295.6303145149314,-413.0711572966686,312.51285689779974,-112.76328229531876,764.2720516255625,-588.8545932758826,16.37830668811971
2026-04-27 00:44:30.944,251,56.92890943413868,-306.63508778444674,297.34560422913086,-414.06989467269716,312.9223636713674,-113.02726623609274,767.0368227225642,-591.5456750301313,15.97301130400133
2026-04-27 00:44:30.977,252,57.152265841101936,-308.0149144171947,298.4072923373575,-414.9952670851056,313.40716505151386,-113.2174761065657,771.1251271953392,-592.9155256269239,16.88594202965764
2026-04-27 00:44:31.013,253,57.45458492992911,-309.3055204608315,299.54876792627385,-415.9161468277513,313.89232165421913,-113.4143996497922,775.1187378770886,-594.3746345057118,17.7135636006302
2026-04-27 00:44:31.046,254,57.76079002379186,-310.59401291657423,300.68581188916585,-417.04584660609146,314.1655480386573,-113.82515869444106,777.7026497395827,-597.2391374210562,17.131692385087458
2026-04-27 00:44:31.084,255,58.158770606593215,-311.8046535749288,301.89863603161774,-418.09825594956294,314.509233311589,-114.1626527145396,781.9193640111655,-598.4686656318203,18.186391112592254
2026-04-27 00:44:31.118,256,58.493960785403154,-313.0978486038526,303.0264028357281,-419.0894587066452,314.9105856035123,-114.43123814103039,786.1243901845032,-599.6956639572519,19.238980267314798
2026-04-27 00:44:31.160,257,59.399383410122404,-313.8217057886315,304.71634160754206,-419.99791913635545,315.3862169075512,-114.61902578736931,790.0999965074458,-601.1537481369044,20.0667427064695
2026-04-27 00:44:31.197,258,59.98324124794364,-314.87317908892305,306.0774360202498,-420.9105658450891,315.85191710956514,-114.81105260904165,793.7563925278432,-602.9292151836358,20.58756346100738
2026-04-27 00:44:31.230,259,61.45573994487179,-315.0365580381008,308.3261388189534,-421.87814670337497,316.25458673714604,-115.05410154630627,797.6310676952639,-604.472889242719,21.34488245465949
2026-04-27 00:44:31.271,260,61.47807717595451,-316.65233473558806,309.128188615686,-422.65300924667196,316.84376095754493,-115.11191808319275,800.2658151421219,-607.2544045740949,20.876079749310232
2026-04-27 00:44:31.311,261,61.65989100057547,-318.1097595344557,310.10058746665914,-423.337192643293,317.5132698456078,-115.09031090893971,803.3628397475337,-609.5715989066232,20.868981925578083
2026-04-27 00:44:31.345,262,62.40830795435735,-319.00654094395753,311.64271938337674,-424.4073404647164,317.7759463015468,-115.47073597103385,806.5388571864695,-611.8123866769735,20.943574867062033
2026-04-27 00:44:31.382,263,62.915503522391944,-320.149095710503,312.9439733037563,-425.47449262402876,318.03689205924206,-115.85065808507403,809.4055060789465,-614.3607862930287,20.70552255255006
2026-04-27 00:44:31.418,264,63.58854605686357,-321.12665902648814,314.4102549865032,-426.46562504574536,318.35935360464924,-116.15998979646656,813.3596793568572,-615.8276271417457,21.549878101946348
2026-04-27 00:44:31.443,265,63.686175718312555,-322.6854901044904,315.3042048124303,-427.3228137104638,318.8001545260081,-116.34054175407465,817.0782284642994,-617.527457264494,22.16651099482093
2026-04-27 00:44:31.486,266,64.4413884916912,-323.58747513111035,316.8570156691119,-428.0393165166383,319.3801421138412,-116.37442164275413,820.4845524451682,-619.5337352836882,22.470848636944762
2026-04-27 00:44:31.522,267,64.86953013990345,-324.8141778466534,318.0840063693255,-428.8376155399155,319.8743226508629,-116.49188861639614,822.8860145063866,-622.5357943281639,21.771002297988005
2026-04-27 00:44:31.538,268,64.65282359764319,-326.6911574834936,318.6538934083702,-430.0716442563656,319.93436237714616,-117.03415651404484,826.3783968145154,-624.4506490924265,22.146863338531524
2026-04-27 00:44:31.569,269,65.24960222693028,-327.7572895614654,320.0325329773843,-431.1667608827263,320.1213148147217,-117.44048212744049,830.4757806932861,-625.7623163758068,23.128241368399443
2026-04-27 00:44:31.601,270,65.76068779174956,-328.89791950497386,321.3303725221678,-432.1476114810187,320.41524569181587,-117.73494885793703,832.8062770372215,-628.8495529049962,22.34083525224825
2026-04-27 00:44:31.645,271,66.5168798463714,-329.79614132683224,322.8746111544223,-432.9499681019587,320.8913014141665,-117.83999567752024,836.4539941683236,-630.6194466601512,22.859547274111495
2026-04-27 00:44:31.676,272,66.4734649549002,-331.49669646829375,323.60321182843325,-434.0590368743254,321.06434484992417,-118.244521354165,840.1063073011042,-632.3896798516488,23.375365394139436
2026-04-27 00:44:31.723,273,67.47181723910226,-332.14848695447074,325.3862561194162,-434.9822504744405,321.4222904337112,-118.46273036206667,844.3854923884255,-633.5346470901457,24.521399375447864
2026-04-27 00:44:31.755,274,68.22980077799025,-333.0444965165828,326.9247144834866,-436.03620882700517,321.6538667225675,-118.80950812062538,847.3470189421296,-635.9997000517917,24.354807722926974
2026-04-27 00:44:31.787,275,68.90619074443575,-334.02809550676625,328.3723335727893,-437.26329751657397,321.71116938569713,-119.3270671868601,851.3117153433703,-637.4662337635456,25.194159675211857
2026-04-27 00:44:31.833,276,69.34983847956057,-335.2439459455139,329.5891432774859,-438.01035692685366,322.2457061118078,-119.35136413309783,855.195416704173,-639.0167284159469,25.960503148425847
2026-04-27 00:44:31.865,277,69.8622385828475,-336.385460832859,330.88806858036406,-439.01018361217103,322.51643176543644,-119.6226608436735,858.9333471692025,-640.7186990754346,26.574635291054797
2026-04-27 00:44:31.896,278,70.37231972465824,-337.5291249831695,332.1879402568162,-440.10260889000926,322.698360936249,-119.9831553928039,863.3678510445668,-641.7267399901351,27.88241171794053
2026-04-27 00:44:31.943,279,71.0490686694264,-338.509457853354,333.6580979801994,-441.1645468006569,322.9137846132761,-120.30690046586834,865.0846577748747,-645.4630407580748,26.46913800193564
2026-04-27 00:44:31.977,280,71.96904355978424,-339.24607002612646,335.37723899094294,-442.2080645245369,323.1483340944184,-120.60898807342576,870.078129436471,-645.9288260850927,28.33275565623457
2026-04-27 00:44:32.011,281,72.23180636983099,-340.63650745535415,336.4386807750229,-443.29425001715026,323.328217517822,-120.95943876713139,872.653316143963,-648.8113759861271,27.78645628372861
2026-04-27 00:44:32.049,282,72.81463062256498,-341.70576751696143,337.82789462930447,-444.32262273006774,323.5592129271128,-121.25267891966479,876.379533532638,-650.5257672381697,28.412881745899682
2026-04-27 00:44:32.081,283,73.57493029740333,-342.6100345487503,339.3837891225833,-445.40063892003366,323.73723571980514,-121.60322862110539,879.7994076015851,-652.5488727301636,28.726015198792776
2026-04-27 00:44:32.158,284,74.8223083244617,-343.0222910793429,341.43358707625254,-446.3730810129261,324.0235703014973,-121.85376948758612,883.2222267386998,-654.5732793967477,29.036808978841044
2026-04-27 00:44:32.187,285,75.32801949251142,-344.1757069614581,342.74618623104504,-447.21601913004463,324.4359671756404,-121.98005437199302,887.5032667910399,-655.7426432205779,30.207169727927074
2026-04-27 00:44:32.227,286,75.09649628335043,-346.075259506905,343.3204179180982,-448.3111078511233,324.59459520893824,-122.35015025551805,889.8407868186783,-658.8527209604823,29.42555279871762
2026-04-27 00:44:32.258,287,75.36359825024581,-347.4838137606009,344.39431850876935,-449.4339413855755,324.7198281237335,-122.74613283421881,892.9512593408052,-661.1826325496414,29.42137401396482
2026-04-27 00:44:32.299,288,75.88225530582754,-348.6459801325536,345.7182126544695,-450.325255516995,325.07196135728105,-122.91218808868567,895.8258253137271,-663.7397803244824,29.18702314190415
2026-04-27 00:44:32.336,289,76.2321944171593,-349.98533838657943,346.852794871699,-451.28334606673707,325.34596796246916,-123.14506204319251,899.7789463719463,-665.2100010786627,30.035417673670377
2026-04-27 00:44:32.369,290,77.00474050820387,-350.8934923832078,348.41439099512866,-452.23517373242197,325.6185149560498,-123.3724758447,902.7291898927596,-667.688948185054,29.87837848473752
2026-04-27 00:44:32.404,291,77.77899699807874,-351.80211304495975,349.97475052486334,-453.00564852091316,326.06202462297995,-123.430357627155,905.9175013662674,-669.9367208387131,29.952857426025485
2026-04-27 00:44:32.436,292,78.55217421844657,-352.71124579937305,351.53766120294335,-454.0826037302737,326.1815843936826,-123.80784143053864,909.1154684975002,-672.1784616154572,30.01923420216912
2026-04-27 00:44:32.467,293,78.32524077049192,-354.6123557731822,352.1136649934431,-455.12566819438473,326.3290601382432,-124.15262477489368,912.0844302429149,-674.6533930639741,29.85426462512338
2026-04-27 00:44:32.499,294,78.41951567246801,-356.18917664467995,353.02171356149097,-455.9789999100635,326.663301404174,-124.30452523856978,915.2060570874622,-676.9808347272854,29.832082157911664
2026-04-27 00:44:32.527,295,79.16866811568227,-357.1013957810226,354.5977582075868,-457.1177007258063,326.7111792547032,-124.73391819114849,920.1989899368748,-677.442326907947,31.677546983254008
2026-04-27 00:44:32.564,296,79.58453956203424,-358.3452494341568,355.8408719360823,-458.2087492698054,326.80540563045844,-125.11307074292769,924.41710900507,-678.6806187289967,32.74885720241162
2026-04-27 00:44:32.599,297,79.16462105158213,-360.4217890888951,356.2584221580852,-459.10920093035304,327.089911059442,-125.30163715967406,926.9950612060769,-681.5536314385887,32.182126474796824
2026-04-27 00:44:32.639,298,79.57400677960557,-361.6705926869411,357.5062952813227,-460.17722216156125,327.2087849237693,-125.65677541453024,929.3362716263889,-684.6531232866905,31.391411094101123
2026-04-27 00:44:32.671,299,79.81176694137034,-363.085858354951,358.59227293557257,-461.0904181598276,327.4903013056732,-125.84632731957875,933.0798351247107,-686.3468462984072,31.999748596763553
2026-04-27 00:44:32.703,300,79.96418403537537,-364.58405725098504,359.5910863555644,-462.07661277204596,327.7032115793869,-126.09711726917142,937.0554563213341,-687.8104545843049,32.836027037489046
2026-04-27 00:44:32.740,301,80.28599104534113,-365.9157549254878,360.7612165317502,-463.0923773378446,327.88798441654217,-126.37495722045638,940.7220042696975,-689.5879691148352,33.35536549733683
2026-04-27 00:44:32.784,302,80.51468086278874,-367.33126306735954,361.8469397000951,-464.1108033689659,328.0725384000327,-126.65261175313479,944.7106571422772,-691.0471313667872,34.18142600321255
2026-04-27 00:44:32.825,303,81.40542998328361,-368.0822524614974,363.5995408813292,-465.15299289145537,328.23967287800434,-126.95256871240858,948.7921010749624,-692.4144379386321,35.0940864310451
2026-04-27 00:44:32.862,304,82.05610068979891,-369.0764081997675,365.1068782084813,-466.09669490305686,328.49781593997545,-127.15492608751067,951.6053266956657,-695.0474130029438,34.73753584267201
2026-04-27 00:44:32.905,305,82.69917234047408,-370.0792656911104,366.6109576061874,-467.0398176020836,328.75344389430774,-127.35211604704155,955.1441798691917,-696.9579546302122,35.10205712688545
2026-04-27 00:44:32.938,306,83.09086550591394,-371.3331068076118,367.8651985345211,-467.87052375310685,329.1086848945439,-127.44431915254417,959.142372445822,-698.4116116802404,35.91910313487388
2026-04-27 00:44:32.975,307,83.57196487854426,-372.5024979300656,369.20692106052235,-468.79987202495073,329.36062576705183,-127.64033983141849,961.7342245479833,-701.2765332486553,35.325738848573
2026-04-27 00:44:33.007,308,83.54038046833557,-374.17873491833853,370.0486552622328,-469.5639674316893,329.7736124615641,-127.67494374057978,966.0616462402154,-702.4123004629291,36.461955850680184
2026-04-27 00:44:33.035,309,84.17189596443137,-375.1909059113404,371.5662390149693,-470.55046091977937,329.9526269769379,-127.94387245318893,969.7443602687279,-704.186241654081,36.961047764016364
2026-04-27 00:44:33.082,310,84.13104301351167,-376.8763566637581,372.4147287586863,-471.4579512668351,330.20265408629854,-128.13978956686896,973.4328070065467,-705.9598444474984,37.458887930873175
2026-04-27 00:44:33.113,311,84.6957557701526,-377.9682963460366,373.8572437392382,-472.24381453844796,330.5662243550479,-128.22431318905396,976.3462990754288,-708.5065244630471,37.18704206243006
2026-04-27 00:44:33.145,312,84.66775732373695,-379.6585864387229,374.7061851381048,-473.18346782575907,330.76947742371664,-128.4687583678225,979.47779944938,-710.8247374659612,37.14402272595082
2026-04-27 00:44:33.176,313,84.38868109410873,-381.60671676520246,375.30243155008986,-474.02806141416795,331.0601033465026,-128.61942201604836,983.4686107094197,-712.2814912267827,37.96793943197609
2026-04-27 00:44:33.207,314,85.2957706332777,-382.3716044932284,377.0878317322086,-475.0352403555948,331.1923515004794,-128.92746224360008,987.5448786878777,-713.6547386782854,38.88435894981545
2026-04-27 00:44:33.248,315,85.68899177120437,-383.6505692542489,378.3657906640191,-476.0042584762551,331.3697582204546,-129.19544666334505,991.3885099242622,-715.260714076669,39.57272881823865
2026-04-27 00:44:33.295,316,85.82122122310112,-385.1906715977464,379.3918147373943,-476.8612189950433,331.6595663409063,-129.34344712430033,995.1472702139552,-716.9528138836694,40.174202045901225
2026-04-27 00:44:33.326,317,86.03816195046622,-386.6419770269056,380.51027124928237,-477.78281907502156,331.87789505698817,-129.56042560782336,998.5960844051266,-718.9596730969719,40.457063570824495
2026-04-27 00:44:33.373,318,86.16064204755102,-388.18481488815513,381.5392707728818,-478.63410013821283,332.1662997919946,-129.70813291132163,1001.9065981222415,-721.1081690186053,40.598557905859614
2026-04-27 00:44:33.405,319,87.0561956908485,-388.9543191050429,383.3361403523945,-479.6025419516728,332.34165439634376,-129.9704070052715,1004.5719255664067,-723.88837320644,40.11232514697464
2026-04-27 00:44:33.436,320,87.18187731525519,-390.4934329354338,384.36168208752554,-480.5878515303771,332.5000511673154,-130.2508513003901,1008.5528136990082,-725.345830852929,40.940883796634736
2026-04-27 00:44:33.479,321,87.90415471131335,-391.4288621536073,385.9908911297476,-481.5563382679918,332.67245316757294,-130.50970195182157,1011.7641869009731,-727.5768570171912,40.99560316517561
2026-04-27 00:44:33.516,322,87.60086425660123,-393.3889116035866,386.59520270703854,-482.4564394806088,332.9174464175287,-130.70021048938932,1014.5717642517874,-730.2117028088317,40.65015836761395
2026-04-27 00:44:33.556,323,87.97052366222263,-394.6696545466152,387.87577422590454,-483.473169233097,333.050319778471,-131.010174412276,1018.549119972931,-731.6720681031383,41.48151128627678
2026-04-27 00:44:33.594,324,88.43007455090779,-395.8594951569416,389.249634470659,-484.14033099439615,333.52621162540635,-130.97644791134707,1022.6043186482796,-733.0522721674563,42.402077043482194
2026-04-27 00:44:33.636,325,89.48880080339777,-396.44473276379966,391.22529378686454,-485.140132827913,333.6541470368306,-131.27731236023428,1026.409959405236,-734.682318708792,43.072392898900716
2026-04-27 00:44:33.673,326,90.71444863125778,-396.8658605645994,393.3670160473885,-485.91241105287963,334.00592370470304,-131.34967310341324,1030.0612697293798,-736.4560387781343,43.59663197639383
2026-04-27 00:44:33.706,327,91.68824687153229,-397.54318121426803,395.2499279156027,-486.9028652712752,334.1300489088162,-131.6421974713298,1032.9306447121671,-739.0030684366693,43.35344034507149
2026-04-27 00:44:33.744,328,92.41065086911846,-398.4784439524108,396.8771058796709,-487.8205182830787,334.3223778185133,-131.85905168719833,1035.7208356280278,-741.6338006334587,43.034107361964914
2026-04-27 00:44:33.788,329,92.97175437387179,-399.5816774409689,398.3409639657073,-488.74345692751996,334.5163022181222,-132.07786180876894,1037.427046276485,-745.3468450120572,41.63054837048428
2026-04-27 00:44:33.826,330,94.3128132137458,-399.9172360079356,400.57146969318325,-489.7749145944281,334.59680530682476,-132.40024582570365,1040.8427698125017,-747.35410496272,41.92942189062551
2026-04-27 00:44:33.853,331,95.48054849206287,-400.4297128696395,402.62282190473223,-490.5840839508796,334.8975497917946,-132.49950781237789,1044.2588493483247,-749.3644439595522,42.230185622749794
2026-04-27 00:44:33.932,332,96.7409463927446,-400.8547583407798,404.7612608898168,-491.60701939424945,334.97675866863136,-132.81468571652206,1047.3619123718054,-751.6892419410179,42.22313805820542
2026-04-27 00:44:33.962,333,96.72225011815442,-402.55794919111037,405.6168952438719,-492.4774984851934,335.2041131269512,-132.9808011220339,1051.0811604951189,-753.3962213879989,42.84309771700434
2026-04-27 00:44:33.994,334,96.95535934541677,-404.0016596699379,406.7285388896752,-493.31512215581,335.4624840984881,-133.11953711613978,1054.1840640045143,-755.7250546218513,42.844198889905954
2026-04-27 00:44:34.030,335,96.4269102031974,-406.203133375167,407.0693661364594,-494.25062266480575,335.61834509871653,-133.3525636411787,1057.595736108702,-757.7456075799366,43.15887149371365
2026-04-27 00:44:34.069,336,96.66811245598666,-407.63935957426673,408.16868173281193,-494.8209625605109,336.1250688510472,-133.2277045147358,1060.4647733997394,-760.3099617146102,42.9299403203303
2026-04-27 00:44:34.105,337,97.08980124549569,-408.9093293473628,409.4399094469446,-495.67035081969226,336.3456020395245,-133.38666044522864,1064.1108353785576,-762.0970708585043,43.48055022278627
2026-04-27 00:44:34.139,338,97.51740158841123,-410.18095075350203,410.709038322435,-496.5864906606622,336.4959020110878,-133.6099921975689,1068.1431973310875,-763.496060184435,44.41404147256647
2026-04-27 00:44:34.175,339,98.02886845134807,-411.36891472871656,412.06733126537245,-497.534872830893,336.60159510817533,-133.87089282539722,1072.3342832603732,-764.7367202109922,45.49794874182496
2026-04-27 00:44:34.207,340,98.44820177540969,-412.64130026316053,413.3445587758805,-498.5883924847482,336.60159510817533,-134.23759218487143,1075.7521931418341,-766.7524966848596,45.80612869946095
2026-04-27 00:44:34.243,341,98.8616532328672,-413.91573095915896,414.6186816199271,-499.565396519948,336.6740316433539,-134.52806959627912,1078.93276355312,-768.9959031082518,45.883589356614614
2026-04-27 00:44:34.277,342,99.52928369461888,-414.9357063849958,416.14791879566496,-500.39890890679794,336.8842076721498,-134.67500868710678,1082.8885468633978,-770.4653924347037,46.731325632767074
2026-04-27 00:44:34.323,343,99.51679807806292,-416.64004176745897,417.0011888667186,-501.2994379642783,337.0230262415774,-134.88973849593097,1084.9075574940855,-773.8790876441412,45.64147800812252
2026-04-27 00:44:34.362,344,99.68948203400191,-418.1750960247953,418.02514014013025,-502.0887387858804,337.2690939557813,-134.99922086843296,1088.8715963086431,-775.3544726623664,46.49509596827485
2026-04-27 00:44:34.393,345,100.20660554658377,-419.37097744958953,419.3900953394716,-502.87621337104764,337.515283635113,-135.11204638681275,1092.5257485818734,-777.14283138013,47.0394271152317
2026-04-27 00:44:34.429,346,100.12291245140254,-421.16516909134685,420.16032065279995,-503.79717014755704,337.62446547756394,-135.36657475218524,1094.7812688658028,-780.3331718600688,46.1840072328166
2026-04-27 00:44:34.459,347,100.63916355173016,-422.3583910023817,421.52160235146965,-504.6891584662944,337.76372663763146,-135.58851339621344,1098.4397525583718,-782.1227644708483,46.726663107921866
2026-04-27 00:44:34.491,348,101.66344620597782,-423.0395113821037,423.39320660391,-505.6139963741472,337.873649130042,-135.8447881369378,1101.5559131742775,-784.4594951569671,46.72459258905202
2026-04-27 00:44:34.523,349,101.6729619448087,-424.74005921951556,424.2430537492832,-506.3695971953822,338.15465465622646,-135.93229454648466,1104.3609318731287,-787.1071432494364,46.41014804457906
2026-04-27 00:44:34.569,350,102.62041790138032,-425.503084912676,426.0235133101019,-507.18934710977135,338.36674557654993,-136.0866027017083,1108.099073236583,-788.8167298773311,47.029720378868916
2026-04-27 00:44:34.601,351,102.89419367846924,-426.9412667118182,427.11979417525333,-508.11135400832944,338.4687459677147,-136.34746768789535,1111.448135521335,-790.9154083812332,47.25271638746533
2026-04-27 00:44:34.634,352,103.58917210650714,-427.9618421902773,428.62945406851827,-509.0984753130757,338.50517446856463,-136.67555961750642,1115.343364905668,-792.4700384605204,48.021160274938055
2026-04-27 00:44:34.681,353,103.9567268595346,-429.32033488311265,429.80434567603004,-509.8445537939605,338.7823089176653,-136.76350995896422,1118.857601690082,-794.4082230896319,48.40506784015033
2026-04-27 00:44:34.713,354,104.92742004285174,-430.0797442705735,431.575714603211,-510.71833651110467,338.9270890154406,-136.97783013503016,1123.535360066867,-795.1845657149454,49.93997884269923
2026-04-27 00:44:34.756,355,105.29786983349987,-431.43941788162596,432.7498643829315,-511.6988301338941,338.96248436243,-137.29623136458437,1126.9764260830864,-797.1967683483618,50.23502607278237
2026-04-27 00:44:34.790,356,106.17714922736678,-432.2929737221794,434.4271966332416,-512.6057313413191,339.06840671631886,-137.542514340556,1130.4094094271854,-799.2088569229786,50.5302643069351
2026-04-27 00:44:34.834,357,106.80556048842901,-433.39895218414097,435.8500617438123,-513.4479925048735,339.2422241949487,-137.7261746111463,1133.843118445141,-801.2157315842985,50.82441692859336
2026-04-27 00:44:34.865,358,107.52879544922617,-434.4134025517421,437.3720600867305,-514.3614424877272,339.35053547509,-137.9806276847556,1137.5779357260103,-802.9077917035515,51.431683888012174
2026-04-27 00:44:34.897,359,107.99413143489194,-435.68546781617925,438.64338179006126,-515.2400926068051,339.49816034492466,-138.20157929171512,1141.8522894541136,-804.0582388273494,52.58193374151306
2026-04-27 00:44:34.948,360,108.4547537858627,-436.96205711346045,439.9208416210465,-516.0538999456436,339.7114205779478,-138.3579978281995,1145.8092157043236,-805.5192443200028,53.41971707605712
2026-04-27 00:44:34.981,361,108.31057702290656,-438.8406933509351,440.59779583925126,-516.6590851426005,340.12688829697066,-138.30651996308347,1149.9957991127349,-806.7509752026364,54.48705900105394
2026-04-27 00:44:35.018,362,109.26678774431393,-439.6084949218307,442.38825381844106,-517.5710688536885,340.22856546890887,-138.56081503870126,1152.641208398513,-809.5288561457558,54.01051600125626
2026-04-27 00:44:35.055,363,109.79687726285597,-440.8063863419905,443.75243920667566,-518.3114703927797,340.5045847472231,-138.6466354758141,1155.2058747454462,-812.3899062176596,53.45283234309019
2026-04-27 00:44:35.087,364,110.24839381361862,-442.08380489027996,445.03171552941234,-519.1528307793917,340.6774649005417,-138.83532514076288,1157.6876897944828,-815.3301357667899,52.813857292828004
2026-04-27 00:44:35.118,365,111.29574173354024,-442.7679293955025,446.9006730432955,-520.1257037284862,340.7131326718864,-139.15605284784348,1161.6438574791032,-816.7897510084038,53.651409309572344
2026-04-27 00:44:35.159,366,111.58187015126977,-444.21675991973916,448.00161325935477,-520.8235202845623,341.01913909863595,-139.2043291834797,1164.7450113281855,-819.1040001491559,53.63404263806455
2026-04-27 00:44:35.196,367,112.13048591681513,-445.4124680195254,449.3588640659696,-521.7208894711267,341.1188797485246,-139.45336801729692,1168.9331836033155,-820.3365087822764,54.701938980977474
2026-04-27 00:44:35.231,368,112.16306990123263,-447.1245337708792,450.20902135800645,-522.5777097659789,341.2588667504811,-139.663144135822,1172.1152652499293,-822.5759147926975,54.771724503082005
2026-04-27 00:44:35.265,369,112.53740056915672,-448.50419059276805,451.39904879845784,-523.5030220903341,341.3291473396412,-139.94420747904718,1175.6099432860383,-824.5065412038791,55.153896559455774
2026-04-27 00:44:35.307,370,112.835841388385,-449.9659039685181,452.5073894734564,-524.2593885603285,341.5617347614677,-140.06409125740407,1179.652606424068,-825.8910560850243,56.078613830693584
2026-04-27 00:44:35.344,371,113.13246020951208,-451.42955737774906,453.6174516280134,-525.138651485643,341.66758598340164,-140.31088197165815,1182.6140726452268,-828.3588640943401,55.91483525253525
2026-04-27 00:44:35.382,372,113.51056993939224,-452.8139071729822,454.8115754124253,-525.9559301679037,341.83523613738663,-140.49432857167275,1185.4136235266901,-830.9916063108681,55.58280484519034
2026-04-27 00:44:35.423,373,113.80455458299743,-454.28283627798754,455.9264834641346,-526.5995378165671,342.1687621644316,-140.5058024770513,1188.832128473261,-832.9981228846042,55.878619398797404
2026-04-27 00:44:35.458,374,114.2713931320597,-455.5781088044965,457.22100985460105,-527.1697108809741,342.5501847780282,-140.46393368425487,1192.6451092706004,-834.6116030185696,56.57024125903804
2026-04-27 00:44:35.487,375,114.90334933299606,-456.7083078980419,458.682747859989,-527.828251146893,342.8428388942667,-140.51231458013774,1194.975939354119,-837.7052792210402,55.78574279876325
2026-04-27 00:44:35.522,376,115.3687657027423,-458.0035658120918,459.9782560644843,-528.5124777325078,343.1097471423334,-140.5898114831804,1199.155538135714,-838.9404958723525,56.864092122240066
2026-04-27 00:44:35.563,377,116.0900180162781,-459.04276089717587,461.5363603620007,-528.8789380011344,343.6817182581861,-140.36092960766192,1203.640849750775,-839.8660143587107,58.25198974284315
2026-04-27 00:44:35.603,378,117.33071337723355,-459.56222108155237,463.61405524349976,-529.6182252464248,343.87885440156344,-140.5090809777082,1208.1281492131461,-840.7894882902333,59.63840512835076
2026-04-27 00:44:35.640,379,118.05139049656513,-460.60140178548113,465.17318878475527,-530.2956225569154,344.13503688108597,-140.5998980524759,1211.6045283132555,-842.719916519772,60.023717570398304
2026-04-27 00:44:35.723,380,119.2917864074317,-461.1206013633037,467.24990536818285,-530.9691553732953,344.38906114563036,-140.68869000286276,1214.53328992572,-845.1961538796115,59.87353249746465
2026-04-27 00:44:35.758,381,120.09840096872595,-462.075354036231,468.88993402383994,-531.6705137387538,344.61637079356217,-140.7990157850739,1218.6957090387473,-846.4338884152279,60.96188325594949
2026-04-27 00:44:35.796,382,120.29857382746826,-463.6428077054382,469.9157202963085,-532.3407219853556,344.8741477695809,-140.8712452326223,1223.1665208523225,-847.3648768931027,62.35881983005536
2026-04-27 00:44:35.837,383,121.54795647899023,-464.1616043098212,471.9899110490488,-532.9501329552982,345.1929533490724,-140.88435659863916,1227.0991706398636,-848.8358788016657,63.21535716579259
2026-04-27 00:44:35.873,384,121.92513726122206,-465.554072530485,473.1928429219155,-533.8139411641953,345.25982258890014,-141.15272332944932,1231.8043363877136,-849.534528630842,64.84479929465955
2026-04-27 00:44:35.911,385,122.47435772016975,-466.767914070926,474.57375369567734,-534.6447370835124,345.3594737817765,-141.3852608046893,1236.2740095860106,-850.4686186694519,66.24556404722335
2026-04-27 00:44:35.943,386,122.9398152266386,-468.062869845748,475.8692808138548,-535.2246612419844,345.7076602033316,-141.3638834893869,1238.5830313919246,-853.5692292772627,65.48693657148877
2026-04-27 00:44:35.983,387,124.00941130207545,-468.75655745736697,477.7632781017547,-536.0237853124199,345.83691810824996,-141.55790034835417,1241.5044358102855,-856.0626894792675,65.34378252325062
2026-04-27 00:44:36.015,388,124.22190998340929,-470.30923254986703,478.79839701041544,-536.7590775425094,346.02474457247575,-141.68998028684024,1245.1324725117252,-857.8498137499826,65.90401278708441
2026-04-27 00:44:36.046,389,125.46925265214804,-470.826816657669,480.8679021275718,-537.5214445454109,346.18020565181894,-141.8547290436086,1248.2887306167129,-860.1064734690854,65.99394758727983
2026-04-27 00:44:36.077,390,126.10688409176433,-471.95504406946225,482.32406822256456,-538.3095829649932,346.30300865584,-142.0475574716174,1251.7533679251603,-862.0580602490874,66.39198974483331
2026-04-27 00:44:36.125,391,126.66197040724919,-473.16660677125725,483.698739193325,-538.9998864678498,346.51783005153993,-142.14408953998534,1255.1489110064435,-864.0805565746477,66.71817795832246
2026-04-27 00:44:36.164,392,127.2226802126384,-474.3791114691995,485.0732192143333,-539.6882838297003,346.7293817042288,-142.2381307230062,1259.0832682695736,-865.5619473042204,67.58507162308489
2026-04-27 00:44:36.195,393,127.5240150702731,-475.8507311584155,486.1919902743534,-540.4017475470363,346.90872651861343,-142.360862075809,1263.2536157141192,-866.8093794407325,68.68980819343575
2026-04-27 00:44:36.243,394,127.90422878099213,-477.2445216459169,487.39416856051025,-541.2264678368446,346.9672693064978,-142.5954409487912,1266.33546462677,-869.1401069405143,68.71511337109695
2026-04-27 00:44:36.274,395,128.46366394664807,-478.46304187328747,488.77613904690327,-541.8139713494514,347.25557125116654,-142.59119229143016,1269.1098314445783,-871.7747535569063,68.43786984519006
2026-04-27 00:44:36.314,396,129.29138724683685,-479.4228565038308,490.4187339050898,-542.5456283342506,347.3977562416106,-142.73358055512543,1272.4190163027963,-873.8649382674944,68.70326201965125
2026-04-27 00:44:36.361,397,129.85903828741928,-480.641442072912,491.8022627368186,-543.3659691069716,347.45492941004005,-142.9639818697158,1276.8070782340626,-874.8744395559289,70.04466336262779
2026-04-27 00:44:36.393,398,130.42484644279034,-481.8620045280839,493.1848995891641,-543.9796932747,347.71494161427364,-142.98943532373292,1280.1861208188936,-876.8907569342135,70.37299469441149
2026-04-27 00:44:36.424,399,130.6460557664419,-483.42701949759623,494.22788236728934,-544.759234903725,347.80146922714306,-143.19026397247032,1283.3280718324495,-879.1432411457822,70.4661866683494
2026-04-27 00:44:36.471,400,131.21099412122362,-484.65015801929826,495.6147406358469,-545.5085860605009,347.9168092728374,-143.3647873525937,1286.1653677012112,-881.7017297147345,70.25952122358062
2026-04-27 00:44:36.503,401,132.0433489505802,-485.61284000329243,497.2608829003441,-546.0505316963229,348.2314191783379,-143.33825191929273,1289.8371023703412,-883.4200690876862,70.89839639906018
2026-04-27 00:44:36.543,402,132.61174425794692,-486.83548676475465,498.64809319656473,-546.5602230296007,348.56742825995536,-143.28260199310742,1293.1354718141297,-885.5061138500354,71.17633217467811
2026-04-27 00:44:36.580,403,133.17597036043924,-488.05792724897987,500.0355570369067,-547.1989846812787,348.7614004057181,-143.36535413068404,1295.5429522291809,-888.4699434906161,70.57483353313766
2026-04-27 00:44:36.611,404,134.69836780048334,-488.31893609307,502.38422409578214,-547.8069734757662,348.9818734038766,-143.42320883468716,1298.413644597566,-890.9649568791413,70.4483094311015
2026-04-27 00:44:36.643,405,135.59511392256655,-489.1951659005453,504.1161249639322,-548.5459570803996,349.0658420387202,-143.62031055282176,1299.9083326062316,-894.8315916499984,68.95414536401054
2026-04-27 00:44:36.677,406,135.88397393172076,-490.67681564092015,505.2447436182987,-549.1987333141423,349.2299642872085,-143.73282329735787,1303.2519203629793,-896.8535989504503,69.30294005647484
2026-04-27 00:44:36.713,407,135.9072138868727,-492.41805554738755,506.112503235532,-549.9030898617891,349.3396688028129,-143.8976343837535,1304.987055984002,-900.4854294421374,68.04406074732498
2026-04-27 00:44:36.747,408,136.0994218891424,-493.9848712705566,507.15701955141446,-550.5540831876863,349.503541007265,-144.00832245415492,1307.9727245536078,-902.8728252849077,68.02832419780522
2026-04-27 00:44:36.784,409,136.37692771642526,-495.46825485361177,508.2873585667897,-551.0952513982562,349.7728638816516,-144.0079277820117,1310.488853493235,-905.7335456216847,67.53628565882494
2026-04-27 00:44:36.827,410,136.56799167646193,-497.0410473601747,509.3348218465973,-551.6702928913344,350.01128754777295,-144.03154359695,1314.6778637420587,-906.9148533162229,68.71859945230824
2026-04-27 00:44:36.862,411,137.19515280413214,-498.18275244029826,510.8178458535727,-552.3235484756522,350.1694943543756,-144.1317720143082,1318.739424022147,-908.2261706208524,69.77237382236413
2026-04-27 00:44:36.895,412,138.2677626083789,-498.8833837560214,512.7374836380103,-552.8877026903135,350.4069954889103,-144.15232174784805,1322.631189739009,-909.7090457184177,70.65348452246472
2026-04-27 00:44:36.929,413,138.54831217823386,-500.37115859670905,513.8704242825361,-553.5552974923793,350.5364093990024,-144.27622587306374,1326.7615736000537,-910.9552634835155,71.7669093267251
2026-04-27 00:44:36.965,414,139.35788784359985,-501.3336944365327,515.5269363722974,-554.2434316428162,350.6381433897802,-144.42889465278654,1329.5781965721374,-913.515185274739,71.57268274754477
2026-04-27 00:44:37.009,415,140.07730197927305,-502.3808980327832,517.0972717132121,-554.9592134933692,350.7133858290267,-144.60483967684334,1332.6307574236139,-915.8385151320686,71.6190403867176
2026-04-27 00:44:37.041,416,140.44794661754636,-503.78278214321244,518.3142560018437,-555.5723511399723,350.8898536001712,-144.67250909410066,1335.6192396668223,-918.2248533385394,71.60385067540408
2026-04-27 00:44:37.074,417,140.90924823562926,-505.1039938843352,519.6095409932276,-556.0940853499702,351.14638062802226,-144.65906020812213,1337.5924524112768,-921.6214115621702,70.57838584410656
2026-04-27 00:44:37.110,418,142.43892459370778,-505.3657022764678,521.9645223089515,-556.5827787192228,351.42535852279275,-144.62324918019942,1340.937266256525,-923.6457558623788,70.92861262950481
2026-04-27 00:44:37.140,419,142.92090392982416,-506.6748511993821,523.2731619822955,-557.1519281220917,351.6249566060931,-144.66872792751727,1344.0414042767159,-925.9095494103195,71.0453063119256
2026-04-27 00:44:37.184,420,142.526495234641,-508.86734255185223,523.6991868253671,-557.872039803131,351.6739517190423,-144.8644599735273,1347.0886876150573,-928.233899917107,71.09780033463842
2026-04-27 00:44:37.221,421,143.80401998387927,-509.39078321405225,525.7928844340288,-558.4087415178177,351.8989424941385,-144.88302476312015,1350.9102080777268,-929.7833373874986,71.92644406185212
2026-04-27 00:44:37.261,422,144.11657411986175,-510.88049692754737,526.9214356294447,-559.0191868958988,352.0463588053875,-144.9768841856493,1354.2589200627706,-931.8066747037548,72.27741060439574
2026-04-27 00:44:37.306,423,143.65100208675355,-513.15527850558,527.2637897533738,-559.5981334547682,352.22096612145884,-145.04086154018322,1356.833878108285,-934.6046883540449,71.8514157497518
2026-04-27 00:44:37.339,424,143.5251135366732,-515.0848358704098,527.9494520802203,-560.222888848156,352.34317468076176,-145.1553020448577,1360.6581715862078,-936.1548661718796,72.67600992674939
2026-04-27 00:44:37.384,425,144.1784398135283,-516.230893184446,529.422425588513,-560.8017791870151,352.5120430508227,-145.22174190604198,1362.6915681119103,-939.4956935879708,71.71780899624379
2026-04-27 00:44:37.426,426,144.75127693699525,-517.456626087133,530.8116754753427,-561.4259877852621,352.6314174796353,-145.32929806392448,1366.0325227023234,-941.5255693714927,72.07593179964775
2026-04-27 00:44:37.467,427,144.98391188306124,-519.0269598156544,531.8581161332457,-561.9727157307184,352.8223660208882,-145.35564370890145,1369.374860742247,-943.5573133576893,72.43551016312112
2026-04-27 00:44:37.500,428,145.29433854678132,-520.518789780315,532.9902388555688,-562.5874448764539,352.9381070114335,-145.4544338114146,1372.9585358596737,-945.3519196913364,73.03703746836335
2026-04-27 00:44:37.541,429,145.60002268504905,-522.0083471837116,534.1215436103,-563.2150451835265,353.03105215292925,-145.57219867581546,1376.8345091212668,-946.8491418909441,73.93944111291104
2026-04-27 00:44:37.576,430,145.98311947058087,-523.4167550492745,535.3378684662714,-563.6774109338271,353.2891336720583,-145.52599680434844,1380.4710633542177,-948.585945006539,74.60122657131548
2026-04-27 00:44:37.613,431,146.1020371283707,-525.0862472564883,536.2925305346021,-564.2311989060468,353.45403192406445,-145.57258633805867,1383.5148224652687,-950.9199250043038,74.66765132735281
2026-04-27 00:44:37.652,432,146.3138791659637,-526.6637591049254,537.3437741905001,-564.8861547680184,353.51737391817096,-145.72017465837234,1387.1537700938597,-952.6577062691551,75.33058948786612
2026-04-27 00:44:37.692,433,146.6036556203576,-528.1586691838203,538.4820671510707,-565.4925140346757,353.632029319578,-145.8189386758729,1389.775647379461,-955.4119381614747,74.97506442442166
2026-04-27 00:44:37.727,434,146.8902539545691,-529.6571244294927,539.6219654551965,-566.099828950636,353.74788578104597,-145.92222312048744,1392.693631118346,-957.8734738326298,74.91786406170053
2026-04-27 00:44:37.763,435,147.3588854796311,-530.9769328767447,540.942199652301,-566.7011620554077,353.8642204261243,-146.02822976718303,1396.8703910201195,-959.0773551344485,76.12260766114255
2026-04-27 00:44:37.800,436,147.83048389944344,-532.2936570883787,542.2581912739454,-567.2573080959462,354.02347462638863,-146.08820192287843,1400.6954787469601,-960.6361171477441,76.97311523809115
2026-04-27 00:44:37.837,437,148.12017492874142,-533.7864426452858,543.3945254553292,-567.9044816008388,354.089140674909,-146.24125241949952,1403.2029768896778,-963.5153237422438,76.50713368912271
2026-04-27 00:44:37.938,438,148.50519476157325,-535.1925829481982,544.6100448061908,-568.3822124443795,354.31718917322803,-146.2321920111209,1406.84186179355,-965.2622988102992,77.17653177563582
2026-04-27 00:44:37.979,439,149.3273316093284,-536.1584632215087,546.2671889335295,-568.9883962258145,354.4084981732623,-146.3590080534394,1409.5904534591564,-967.9011747054395,76.9537194552689
2026-04-27 00:44:38.022,440,149.79957132387383,-537.4723780811047,547.5803920552207,-569.4994714203133,354.5898079825964,-146.3889744863842,1412.1515443201795,-970.7263276785229,76.54535995481963
2026-04-27 00:44:38.069,441,150.53352869374967,-538.5244245509837,549.1586722740298,-570.076146222282,354.69942830481517,-146.48557588338383,1415.7342084926206,-972.5292146872426,77.16116268458907
2026-04-27 00:44:38.103,442,151.35529051394846,-539.4929338430372,550.8216877414899,-570.6295000046341,354.82899671541185,-146.56104664962885,1419.615650342268,-974.0372022317672,78.07568022824154
2026-04-27 00:44:38.135,443,151.28633326890312,-541.3451565865853,551.606056055952,-571.2196989778803,354.9175185787553,-146.67177764480468,1422.1802520315596,-976.8638609967356,77.66619041573568
2026-04-27 00:44:38.181,444,151.47328997404236,-542.9318062880761,552.662737308003,-571.7724003894298,355.0445098627305,-146.74282515976128,1425.5292874573545,-978.9118095299217,78.03964532734918
2026-04-27 00:44:38.213,445,152.18646671962588,-543.9922844565073,554.2533272598996,-572.2377894672785,355.258635137206,-146.7228802145687,1428.6358860107312,-981.2017201608729,78.16950529595294
2026-04-27 00:44:38.245,446,153.25225194566255,-544.7012053321275,556.199970490824,-572.7749994136733,355.401731423731,-146.76702106414456,1432.280406866346,-982.9527243120544,78.8419344158267
2026-04-27 00:44:38.276,447,153.7012481727422,-546.0307631568529,557.5295681889489,-573.1633646797966,355.69152742615313,-146.65911276943328,1434.494229440649,-986.1320784470383,78.07860337114361
2026-04-27 00:44:38.323,448,154.50598324980626,-547.0068543805922,559.2125436019733,-573.7678513179368,355.7650459348947,-146.76888427534502,1437.5376760192405,-988.4723261525503,78.15707956366633
2026-04-27 00:44:38.355,449,154.96063975102751,-548.3353500029947,560.5409700513344,-574.3941075374285,355.82078620976483,-146.89825542393618,1440.871453804999,-990.5149294015273,78.53339807210293
2026-04-27 00:44:38.394,450,155.41545125589278,-549.6635451239546,561.8690963351021,-575.0205852554925,355.8774811815583,-147.03014543851367,1443.6731816400677,-993.0943415588177,78.36660240727541
2026-04-27 00:44:38.431,451,155.8699602132661,-550.9918749368732,563.1981095492451,-575.6179142203965,355.96539691709694,-147.13383477165317,1447.3095191138402,-994.8418690519352,79.038003060911
2026-04-27 00:44:38.469,452,155.88350202517117,-552.7650010987884,564.0820566984419,-576.068337919294,356.1848073289833,-147.10104808398322,1450.1641699264765,-997.3695548364225,78.92993447272627
2026-04-27 00:44:38.506,453,156.69779543360661,-553.7416313779348,565.7633991541917,-576.6054605924237,356.3061842920729,-147.16611891577278,1454.0401936657074,-998.8758182656422,79.84473576069915
2026-04-27 00:44:38.544,454,157.50933062407844,-554.7184064385968,567.446990545209,-577.190401698587,356.38053050741064,-147.27844871899018,1457.4305117991173,-1000.8688555568258,80.27651877406915
2026-04-27 00:44:38.581,455,157.34492163233693,-556.6746550779745,568.1531787101658,-577.6926935169738,356.53725799547465,-147.30330476331767,1461.4927238316766,-1002.1884515000836,81.38390963249446
2026-04-27 00:44:38.618,456,158.1595843450011,-557.6522193604034,569.838320057734,-578.0955292332128,356.786839607436,-147.23358819689292,1464.8233207243036,-1004.2350086694254,81.7650912721873
2026-04-27 00:44:38.654,457,158.26384698082774,-559.3437180257513,570.8107282890231,-578.5792770168657,356.9535056648933,-147.24832015016125,1467.4179071758106,-1007.0101747745666,81.41993093933847
2026-04-27 00:44:38.696,458,158.90695264905855,-560.505904451527,572.3171500530407,-579.1443833815654,357.0364485250762,-147.34979111767316,1470.9285734031025,-1008.8609896642512,81.9957063653367
2026-04-27 00:44:38.729,459,160.1820154421402,-561.0403761943435,574.4541253520749,-579.7503086168781,357.0735107217083,-147.4978525273106,1475.0727751916836,-1010.0740397656435,83.20890014452446
2026-04-27 00:44:38.760,460,161.63434276505484,-561.4037065558343,576.7636915445346,-580.1807781210538,357.28546422449415,-147.47627776993716,1478.678198294992,-1011.8236539531067,83.8889100959148
2026-04-27 00:44:38.803,461,162.1980041388617,-562.6550258175105,578.1872219740999,-580.6154705380234,357.4891165742304,-147.46277551794185,1483.3005966169508,-1012.5529716055231,85.58904435179733
2026-04-27 00:44:38.837,462,163.03085470677718,-563.6396596284368,579.8784088310356,-581.135208390831,357.60668802074343,-147.5250986548602,1486.3186919814978,-1014.8901878028283,85.6860728975172
2026-04-27 00:44:38.869,463,163.33081020714215,-565.1594061230707,581.0343283193305,-581.669204877579,357.70492439832447,-147.6009493484584,1487.9773378051432,-1018.5960547693098,84.41808595332976
2026-04-27 00:44:38.900,464,163.63164388858323,-566.6782711219511,582.1896918495277,-582.1196805543058,357.87922474143926,-147.59245947312382,1491.2483853388717,-1020.6954333961879,84.75858090330804
2026-04-27 00:44:38.938,465,164.46488985458248,-567.6642727768783,583.8830739912702,-582.706995174368,357.91168506865455,-147.72166345945135,1494.2805231802286,-1023.03779060277,84.84997553050567
2026-04-27 00:44:38.973,466,164.14398621702898,-569.8068406285732,584.4183592480105,-583.2459003583402,357.9902836171988,-147.80048325697987,1497.4114357942283,-1025.27506058766,85.04216324151099
2026-04-27 00:44:39.011,467,165.065797401516,-570.7038165352479,586.1872035222075,-583.7392939976559,358.11558549327157,-147.8345594587049,1500.4846201242938,-1027.563196550556,85.18571195691301
2026-04-27 00:44:39.049,468,165.82029711186317,-571.7701442955416,587.7870567699641,-584.2432117517784,358.22537413994223,-147.8876928685867,1503.5587557244703,-1029.8525053349285,85.33001529270966
2026-04-27 00:44:39.081,469,166.03810191027722,-573.3729969637556,588.8546188772164,-584.6836229263447,358.39792342559895,-147.88333358978184,1506.5846379668396,-1032.1948509173728,85.42615971883072
2026-04-27 00:44:39.121,470,166.791587297431,-574.4400349293218,590.4560767788103,-585.1935888834442,358.49118036581723,-147.9531336031935,1509.3707186812196,-1034.7819399359146,85.27631335003176
2026-04-27 00:44:39.159,471,166.91778969794484,-576.1385057875406,591.4236847767074,-585.6226536358794,358.65998257147425,-147.94824100150615,1513.4780925758216,-1036.0515873097602,86.44507425144499
2026-04-27 00:44:39.205,472,167.84946373210033,-577.0359053590729,593.1861322794813,-586.1209742749583,358.7512585974288,-148.01858663116144,1516.8559716530376,-1038.0535237000504,86.8824489788116
2026-04-27 00:44:39.246,473,168.61443347890932,-578.0998058525411,594.7821307607894,-586.6043655638682,358.8565577349385,-148.06738207175476,1519.7002486046363,-1040.5919895970633,86.78030101632609
2026-04-27 00:44:39.282,474,169.7251681036505,-578.8139727815195,596.7283524355097,-587.1031959739993,358.94645255464405,-148.13182438947373,1523.0843634908297,-1042.59182350517,87.21567331944173
2026-04-27 00:44:39.318,475,170.91728397993677,-579.4434186622054,598.7554827896454,-587.572717889984,359.0669443871241,-148.16437388258936,1527.01058954215,-1044.0507428264168,88.18889772016179
2026-04-27 00:44:39.358,476,171.2335040790751,-580.950910833653,599.8974867382672,-588.151449948423,359.0823209212429,-148.30531624434335,1529.8062715489255,-1046.638697641524,88.03312243443258
2026-04-27 00:44:39.397,477,172.26530732403387,-581.7459940548699,601.7512890407335,-588.7007816335529,359.13077477582925,-148.41787214268788,1533.871394908426,-1047.958776107042,89.14438052605398
2026-04-27 00:44:39.437,478,172.93828962126045,-582.9068327798657,603.2382748066466,-589.2795505040895,359.14696949621407,-148.561981993942,1537.1551721941137,-1050.059933090635,89.47357589109963
2026-04-27 00:44:39.472,479,173.0045288691909,-584.6794623868279,604.1130804318992,-589.8093050231175,359.20850871838934,-148.6543171189675,1540.5344144887051,-1052.0574372851693,89.90971282347071
2026-04-27 00:44:39.507,480,173.86405706606885,-585.6578972989387,605.7848958587787,-590.3063582315884,359.2973672241636,-148.71750753646631,1543.8603223763369,-1054.1039841219308,90.29420462045171
2026-04-27 00:44:39.555,481,174.1904413342286,-587.1685544180634,606.927827499092,-590.7554251186687,359.4339792868941,-148.73650065243234,1548.256111056334,-1055.0771568627758,91.75436065551115
2026-04-27 00:44:39.590,482,175.3155701025792,-587.8845319228758,608.8695213158535,-591.1861684604535,359.5813525074822,-148.74766280494785,1551.5807629054398,-1057.1234018473674,92.1386114794231
2026-04-27 00:44:39.626,483,176.443336517459,-588.6003931077013,610.8124032037725,-591.7155595941716,359.62903445506737,-148.8591145128351,1553.7841224422614,-1060.296630499647,91.38716740439787
2026-04-27 00:44:39.666,484,177.65081148937116,-589.2352727560747,612.8359736960194,-592.1258722470778,359.78957907179205,-148.85229190034195,1557.9540725562815,-1061.5077233843613,92.59802109087063
2026-04-27 00:44:39.700,485,178.2527301937377,-590.4834943889057,614.2452105419666,-592.6440517128123,359.8334366002544,-148.95406699937323,1560.4572024460356,-1064.3883538708096,92.13896865935598
2026-04-27 00:44:39.741,486,178.50751544456864,-592.0810488333066,615.3098625059184,-593.0433150348541,359.99079651989746,-148.94237860183608,1563.7931593896576,-1066.434983663774,92.51837378078854
2026-04-27 00:44:39.774,487,179.5601177300731,-592.8806552786165,617.1761674117928,-593.4872214127881,360.10621993756655,-148.97611628020275,1567.9570776232556,-1067.6483814775122,93.7325198069058
2026-04-27 00:44:39.816,488,179.28363967166442,-595.0092214789638,617.7084167043408,-593.9580759156881,360.19093993124204,-149.03767809202063,1570.754002382389,-1070.229325746268,93.57055976791958
2026-04-27 00:44:39.848,489,180.33614986009107,-595.8086892380385,619.5732124956705,-594.3962046410538,360.29927307820054,-149.06520129106516,1574.567520236771,-1071.7878532657035,94.43342173983675
2026-04-27 00:44:39.880,490,181.01630043250228,-596.9789994240833,621.070922261096,-594.832384303834,360.4069044783571,-149.0917511275363,1577.412851479406,-1074.316061067519,94.32770163016762
2026-04-27 00:44:39.919,491,180.55339147387528,-599.2938732823154,621.4175949677145,-595.3464466069188,360.4334653066382,-149.19795174929646,1581.8178486971158,-1075.2862758325966,95.78329237097662
2026-04-27 00:44:39.949,492,180.6235833301001,-601.0797694063492,622.2983815861945,-595.7620222838858,360.55299236238614,-149.2073686172979,1585.7336127648157,-1076.745691292655,96.75541399919393
2026-04-27 00:44:39.983,493,180.7857186460685,-602.7851283434818,623.2572582944633,-596.2309915069862,360.6190613950935,-149.26741951708075,1589.3043930985016,-1078.5519294097385,97.38442141986211
2026-04-27 00:44:40.023,494,181.9375347892662,-603.5048013925873,625.1995011794279,-596.6864794242929,360.69710599456954,-149.31252267278956,1593.7073093548947,-1079.5275237155272,98.84767361638606
2026-04-27 00:44:40.065,495,182.10365230621662,-605.2105150053683,626.1575950327572,-597.1556083967597,360.7635013031833,-149.370028967381,1596.4414123627164,-1082.1657680549645,98.65166215353537
2026-04-27 00:44:40.156,496,182.382566500871,-606.8044361609476,627.2206312745342,-597.6017680890178,360.8549173361476,-149.40515098286357,1598.9313409357342,-1085.0492518524031,98.21364099188325
2026-04-27 00:44:40.190,497,182.74092275224376,-608.3197236460643,628.3594706635466,-598.0527169880979,360.93159293978704,-149.45025380529358,1602.004632251865,-1087.3482143553051,98.36255997797473
2026-04-27 00:44:40.231,498,182.91912035244115,-610.0246400525766,629.3102780100289,-598.4578648798845,361.0482715757487,-149.45397798587106,1604.00153162706,-1090.724824595519,97.44051229885063
2026-04-27 00:44:40.277,499,183.63053786239104,-611.1983442228055,630.7943273329581,-598.8855482592651,361.1362748162539,-149.487822967723,1607.8106969345931,-1092.2915765220273,98.33149752251235
2026-04-27 00:44:40.317,500,183.7329064167444,-612.9822681268114,631.6692213688015,-599.3393037287817,361.1964817284423,-149.54875358834065,1611.91403283313,-1093.5669216138808,99.51288194346083
2026-04-27 00:44:40.346,501,183.54072710039952,-615.0751582443205,632.2410585796058,-599.7870039573651,361.25879108510276,-149.6020272801038,1615.1863650862779,-1095.672631601597,99.8672031691958
2026-04-27 00:44:40.387,502,184.3832960709044,-616.1403993036457,633.8398042635815,-600.2253342029111,361.32016754187777,-149.65387193073303,1620.0714596943715,-1096.1650157401255,101.83586919957364
2026-04-27 00:44:40.423,503,185.22424379378347,-617.2071257788862,635.4399944873309,-600.597750811919,361.4407921542108,-149.64389305897595,1622.6021192736873,-1099.009675214896,101.45453021749319
2026-04-27 00:44:40.443,504,186.0660122701374,-618.2728847003546,637.0398019768671,-601.0159986383829,361.51228231049527,-149.6846678062776,1625.9190401738783,-1101.0700977595725,101.85661742702484
2026-04-27 00:44:40.482,505,186.52669886832456,-619.721985055281,638.2586938974746,-601.4533202173884,361.56056909795626,-149.74769096802132,1630.0209408597416,-1102.3481383945502,103.04444162622652
2026-04-27 00:44:40.522,506,187.44438917796214,-620.7139448508343,639.9367394589508,-601.9149507838026,361.5833936347272,-149.8383598509238,1632.7544687525844,-1104.9939006594925,102.86754968410786
2026-04-27 00:44:40.554,507,188.63396639281635,-621.4396965483412,641.8817140096269,-602.3056176188987,361.675470148255,-149.85638006442196,1634.9928342586104,-1108.1340393451671,102.19953721290752
2026-04-27 00:44:40.596,508,189.21167283363127,-622.7772858039502,643.2191837954564,-602.7407447722742,361.7240531253234,-149.91645476850204,1638.758563084028,-1109.7483214970325,103.05691430949744
2026-04-27 00:44:40.632,509,190.48175555407397,-623.4295341218697,645.24489123766,-603.1935751787286,361.7567948263309,-149.99320705565967,1641.5726729175415,-1112.308367953392,102.97180122034419
2026-04-27 00:44:40.664,510,191.87093521755136,-623.9644008091683,647.3866434533185,-603.5695731171861,361.8643251290701,-149.99681898531497,1644.8815812919927,-1114.3716341428685,103.38191965207847
2026-04-27 00:44:40.696,511,192.45795077651414,-625.3014005702577,648.7236918106638,-603.8966360260415,362.0209721666805,-149.9532482970785,1647.6557542557102,-1116.9716799291402,103.25152109232528
2026-04-27 00:44:40.732,512,192.9211346848077,-626.7536359924406,649.9438275672037,-604.2422637384882,362.1495661276996,-149.9376751996239,1651.216855120339,-1118.787663480935,103.90326971391556
2026-04-27 00:44:40.758,513,192.9613476254947,-628.6267757010712,650.7470642457937,-604.6554185833644,362.2058283219901,-149.99381520278882,1654.196095209677,-1121.1846333742399,103.97646479769067
2026-04-27 00:44:40.806,514,193.2664086205255,-630.2351827139956,651.8188143178394,-604.9732202789882,362.3565452404221,-149.95182740556953,1656.9255451514364,-1123.8272117524173,103.80411846354778
2026-04-27 00:44:40.837,515,193.9135008142142,-631.4984376933168,653.2364559153593,-605.3280196389148,362.4578836873871,-149.95843689048687,1660.7255380860704,-1125.3949365512492,104.70648459326772
2026-04-27 00:44:40.870,516,194.36632996684264,-632.9534315744551,654.4638970859377,-605.6660999304995,362.56635046398503,-149.9564009701557,1664.859013554874,-1126.630109673259,105.94182650231451
2026-04-27 00:44:40.901,517,194.7385576096024,-634.4859005119721,655.615312624542,-606.0273226450719,362.6521034995147,-149.97462552768118,1667.6299767049022,-1129.2308130243248,105.813363916489
2026-04-27 00:44:40.952,518,194.7599015685398,-636.3666626038132,656.421417790187,-606.4349565069967,362.6927198743216,-150.03566085729406,1671.2268648342138,-1131.0076513699282,106.51648223547593
2026-04-27 00:44:40.983,519,196.12524501341161,-636.903653723015,658.5710717748891,-606.7647683534628,362.8144335910036,-150.01784524967078,1674.0374190784287,-1133.5726766649516,106.43489977365685
2026-04-27 00:44:41.020,520,196.4956752138201,-638.4370571885609,659.7228113088611,-607.1607067426843,362.87004384748775,-150.0644289568067,1677.3423624558584,-1135.637333925927,106.84899195366971
2026-04-27 00:44:41.056,521,197.59667047777572,-639.2429190837487,661.6029951032945,-607.5092228005952,362.96934580942474,-150.0679850973013,1680.401762344019,-1137.947432876189,107.01099291404785
2026-04-27 00:44:41.089,522,197.6948543697406,-641.0463303181588,662.4880959070465,-607.9276411277433,362.98954058664515,-150.1483633915284,1684.2912511360526,-1139.4293383023225,107.9986462273765
2026-04-27 00:44:41.120,523,198.78934680111342,-641.8533148789464,664.3707530836506,-608.3541071677465,362.99953644187366,-150.238392844776,1687.6495867263163,-1141.4434900318245,108.44660568399101
2026-04-27 00:44:41.155,524,199.07760781711727,-643.4664244766778,665.446654842952,-608.7426021466885,363.04234391356084,-150.29191917863898,1691.2563328830995,-1143.2104801842577,109.1376704180893
2026-04-27 00:44:41.186,525,200.44048597702678,-644.0047593502742,667.5998435482703,-609.0624146500807,363.1446169233637,-150.28313720999293,1695.064351545339,-1144.7777571473573,110.0305646744066
2026-04-27 00:44:41.222,526,201.80276238924355,-644.5435036057705,669.7540361887599,-609.3997939128649,363.22448342536325,-150.29925612323484,1696.766349733957,-1148.4509967605768,108.82087063638403
2026-04-27 00:44:41.256,527,202.62521206119447,-645.6219301394875,671.37201930062,-609.7546809701871,363.2851228068492,-150.33316272632644,1699.3425455668323,-1151.2543940713451,108.48415221902874
2026-04-27 00:44:41.291,528,203.34221532180453,-646.8109710185634,672.8753637382058,-610.1596216374588,363.2944949844537,-150.41761562782273,1702.903451678835,-1153.0687023278335,109.1357889234882
2026-04-27 00:44:41.322,529,203.90671795364852,-648.1558874884965,674.2204720293923,-610.4604124438978,363.4034077240576,-150.40030498739083,1705.9254822630157,-1155.4199687877558,109.24812660658506
2026-04-27 00:44:41.360,530,205.1650977266956,-648.8066400970713,676.257600953117,-610.8440093809614,363.4216793790049,-150.4733028665696,1708.1639989310604,-1158.5556025931107,108.57787504053589
2026-04-27 00:44:41.396,531,205.54254179097006,-650.3419012280991,677.4101279503476,-611.1861140450383,363.47969970248255,-150.5064332474213,1712.5112035150196,-1159.585149975066,110.00672167068622
2026-04-27 00:44:41.430,532,205.9170682778726,-651.8763477186267,678.5630888406603,-611.4724485574695,363.58544333878405,-150.49275576726075,1715.5848094288633,-1161.889945606386,110.16050055437981
2026-04-27 00:44:41.468,533,206.3654812859173,-653.332738817621,679.7958714774007,-611.8482746675746,363.59430398781797,-150.57142652179013,1720.2209444524065,-1162.628578631253,111.88273046038275
2026-04-27 00:44:41.501,534,207.00886245754376,-654.5984287514725,681.2169586970629,-612.0985826142247,363.7244213746787,-150.52588822690075,1723.8253703407631,-1164.3993612852107,112.5782537893441
2026-04-27 00:44:41.538,535,207.39020332521002,-656.1312865272585,682.3665023816071,-612.3698085490227,363.82152732027174,-150.51045829757737,1726.6454989386327,-1166.9518921530794,112.48923759119236
2026-04-27 00:44:41.575,536,208.04320557341322,-657.3976119663926,683.7856615235014,-612.648904360028,363.9012530233225,-150.50736913252712,1730.2059353304983,-1168.7661008921486,113.13877563359007
2026-04-27 00:44:41.610,537,208.3530488207128,-659.0069917772014,684.8586520627844,-612.9761088866121,363.93078847643983,-150.55196901848612,1733.5240592087082,-1170.825524790315,113.53910632570458
2026-04-27 00:44:41.647,538,209.01035814908178,-660.270538517053,686.2739243276213,-613.2492963082638,364.0083322696313,-150.5469953319899,1736.8428956134173,-1172.8863690385892,113.94005917643102
2026-04-27 00:44:41.680,539,209.86378274269094,-661.3404783728255,687.8790079783845,-613.5852754782228,364.0225791330226,-150.6038871877287,1740.2105146807776,-1174.9010226443654,114.38546833411968
2026-04-27 00:44:41.713,540,210.4042835546135,-662.7178561279155,689.1747181567763,-613.9048885124299,364.050263763976,-150.64506925532154,1743.7794288718305,-1176.716651445061,115.03145478184291
2026-04-27 00:44:41.744,541,212.05391049992375,-662.9852762195102,691.5811244680135,-614.2424643633522,364.0569038756216,-150.70608411864237,1747.1051805745922,-1178.7803478599646,115.43190697370386
2026-04-27 00:44:41.779,542,212.97429943429842,-663.9782073709365,693.2613195170818,-614.5366203476905,364.10403575708597,-150.72503572998508,1749.8945186902447,-1181.3833135360871,115.29268795232929
2026-04-27 00:44:41.814,543,213.43726756721978,-665.4312143611586,694.4821789079215,-614.8592264290667,364.117434590404,-150.7790007041261,1753.520420514125,-1183.1528676705816,115.98353860753755
2026-04-27 00:44:41.852,544,213.5568980563284,-667.2276061337853,695.3600512948776,-615.1799862806578,364.1307445560709,-150.8308654061797,1756.8537384174313,-1185.2152307812855,116.37975348791383
2026-04-27 00:44:41.889,545,214.67053666160524,-668.029098871823,697.2320729147492,-615.4563141839906,364.18707983221367,-150.8332103722872,1760.1861271940704,-1187.277979811635,116.77587150782729
2026-04-27 00:44:41.923,546,215.78560755005097,-668.8293713577759,699.1001939726546,-615.7368157265282,364.2366992468867,-150.838033690906,1764.0082533355658,-1188.8488730787803,117.66821453735125
2026-04-27 00:44:41.961,547,216.24958994754604,-670.2813329709129,700.3199803955282,-616.0187379971277,364.28035838019514,-150.85119165596592,1766.501917654995,-1191.7445310510896,117.23869491632055
2026-04-27 00:44:41.992,548,217.1701070170031,-671.2757267425949,702.0009579666532,-616.3300156252276,364.29863208723225,-150.89311462561713,1769.2795686290613,-1194.3449865297644,117.10557630015873
2026-04-27 00:44:42.034,549,217.63300552984987,-672.7313400925311,703.2242796635466,-616.6368424780785,364.32409788439077,-150.93181848662263,1773.4258502213092,-1195.5760966609014,118.33722333245728
2026-04-27 00:44:42.065,550,219.0142960761842,-673.2677421602835,705.3695406186846,-616.8960391723894,364.3971031707285,-150.92462892893855,1777.820189239673,-1196.5591240307863,119.81274898611721
2026-04-27 00:44:42.102,551,220.12719811288244,-674.0723835568277,707.2471559709386,-617.1527246658937,364.4622857231845,-150.924756773989,1780.5973712352627,-1199.1527947928844,119.67521149658357
2026-04-27 00:44:42.135,552,220.97410620724617,-675.1428888326554,708.8523418565125,-617.4414209919373,364.4929676723369,-150.95572759571968,1784.4919502740606,-1200.6275876807495,120.65819867760615
2026-04-27 00:44:42.173,553,221.3656813012963,-676.6716190316744,709.9970049331664,-617.7189433847874,364.5302200647704,-150.97627044654783,1788.0520919929602,-1202.439032817508,121.30402982750975
2026-04-27 00:44:42.262,554,222.48717767923674,-677.471593004292,711.8638702511989,-618.0160026847979,364.5466889983298,-151.0152644979373,1792.1497935733362,-1203.7142421640335,122.48800523429463
2026-04-27 00:44:42.296,555,223.94771639427742,-677.9298379998495,714.0717994283276,-618.2836327098197,364.5884962798753,-151.0288866956293,1795.7570354181075,-1205.4819919680683,123.1804721506653
2026-04-27 00:44:42.325,556,225.06340884096016,-678.7303206150709,715.9380872193128,-618.5330660100061,364.6466484969772,-151.02592671076064,1799.0275046803602,-1207.5870123026127,123.5353442392552
2026-04-27 00:44:42.353,557,226.25194947922964,-679.4548804100313,717.8821802294724,-618.8023842984261,364.68952311293714,-151.04283920493117,1802.5890483063047,-1209.3981915577233,124.18211212538944
2026-04-27 00:44:42.389,558,226.1049579459964,-681.5154223266269,718.4917112899681,-619.0622409111178,364.7463984447602,-151.04853646657656,1805.3672778204868,-1211.9932442083914,124.0453396720057
2026-04-27 00:44:42.422,559,226.30927249606108,-683.2335248960828,719.4411922256688,-619.3731438435984,364.75295604706594,-151.10749961528623,1808.7306158017375,-1214.0051124377167,124.49008313179651
2026-04-27 00:44:42.443,560,227.50867212415983,-683.9598509585461,721.3829481079088,-619.6304803011958,364.81062228355125,-151.1158870591765,1812.0941375242392,-1216.0191721081749,124.9366175587401
2026-04-27 00:44:42.491,561,228.17530011891995,-685.2213580460145,722.7922199746444,-619.8783682548192,364.88065168087513,-151.11280436286145,1815.4146598089003,-1218.078729004273,125.33579335121605
2026-04-27 00:44:42.522,562,229.30624755132965,-686.022239899887,724.6614614225552,-620.1588643779738,364.91353936804916,-151.14527293612764,1818.7825309793795,-1220.0928604763424,125.78140811899452
2026-04-27 00:44:42.569,563,230.50702963721886,-686.7481287271272,726.6022577851198,-620.3861330569684,364.99439285073254,-151.1280292179212,1823.672607998114,-1220.5849080477587,127.74961143111992
2026-04-27 00:44:42.601,564,231.51756540358372,-687.6683301280017,728.3506710217139,-620.650216890524,365.0305237275797,-151.15131205323544,1826.9466589101064,-1222.6903545592315,128.1033158487378
2026-04-27 00:44:42.632,565,232.19121587919435,-688.9304178139581,729.7589859842714,-620.8499943068156,365.12448896249583,-151.11507935975237,1831.2977735787588,-1223.7207780860022,129.53349945041097
2026-04-27 00:44:42.663,566,233.1368618782443,-689.9251001926004,731.4330269245204,-621.082352058137,365.18219127240826,-151.1140165955361,1835.6936999455825,-1224.7066609114418,131.01302128537154
2026-04-27 00:44:42.697,567,234.6863524888459,-690.3122230582563,733.7112501422647,-621.2912737512033,365.25421501351263,-151.0934700393156,1839.2584919857825,-1226.5240931103797,131.66483475352058
2026-04-27 00:44:42.742,568,235.28657617398966,-691.6450295475238,735.0437286610239,-621.5320194131248,365.2924676938006,-151.10720027430062,1842.9153975158745,-1228.2519009491557,132.40500761521216
2026-04-27 00:44:42.774,569,235.15706566985665,-693.7079213389003,735.6511447060839,-621.7450176157051,365.3575111080924,-151.0892227462282,1846.1926190628847,-1230.361600071923,132.76407658821333
2026-04-27 00:44:42.821,570,235.56704778756185,-695.2383646270055,736.7933515936794,-622.0152639124881,365.3667961622623,-151.12705952048213,1850.1035053151022,-1231.8398485961573,133.74968450101449
2026-04-27 00:44:42.853,571,235.63778136489006,-697.108863593489,737.5951967663955,-622.284925166265,365.37506691186763,-151.1621980484042,1853.1859010254855,-1234.1481794032397,133.9013734321813
2026-04-27 00:44:42.887,572,236.50958279897773,-698.1782764080517,739.199509678419,-622.5248594613716,365.41066987587385,-151.1692695668183,1855.6817470029553,-1237.0427864783533,133.46807203706476
2026-04-27 00:44:42.916,573,237.11256368929278,-699.516493392291,740.5383492452315,-622.7357296483426,365.47383187433707,-151.1482115149226,1858.131176968045,-1239.9839080022361,132.9884406995401
2026-04-27 00:44:42.970,574,237.78773763645424,-700.778986384307,741.9510692796642,-623.0023464791167,365.482181223904,-151.18133898536064,1862.4935679582466,-1241.0155752916623,134.41883799517487
2026-04-27 00:44:43.009,575,237.92781874297654,-702.576257086124,742.8252385165877,-623.1877139560688,365.56681316333936,-151.13407699180627,1866.3646604965688,-1242.537511756323,135.3545063474787
2026-04-27 00:44:43.052,576,239.0653293089084,-703.3789219639556,744.6975110684127,-623.4443106494784,365.58112624272945,-151.1559521121588,1868.8659371929361,-1245.4309463931836,134.9165038091395
2026-04-27 00:44:43.095,577,240.27623283635964,-704.10846915329,746.6428042298211,-623.6480059936023,365.64512951908193,-151.128458120387,1873.2789381872365,-1246.4135013211435,136.39033275918212
2026-04-27 00:44:43.132,578,240.5697568849634,-705.7657038200883,747.6640232458726,-623.8739694969664,365.68294876322705,-151.13070029957518,1876.661107676177,-1248.4275860081434,136.83382781858845
2026-04-27 00:44:43.168,579,240.86890658288803,-707.4275709752702,748.6832398142694,-624.105400575497,365.7085125882229,-151.14611683874136,1879.5056936050496,-1250.9812377016883,136.7363379001608
2026-04-27 00:44:43.208,580,241.76534816958028,-708.4998902436497,750.2917253355066,-624.3244695496705,365.7458679004675,-151.1473701196721,1882.8930012902483,-1252.9950052348154,137.17890626055052
2026-04-27 00:44:43.245,581,242.00523652497148,-710.2335959878419,751.2355420294429,-624.573110740487,365.7534013595989,-151.1768300635753,1885.151152695365,-1256.1409123541316,136.49253767630447
2026-04-27 00:44:43.280,582,242.51885386106065,-711.7012336645203,752.4454612723076,-624.7650647989668,365.814553873167,-151.15175084394488,1888.5425930514061,-1258.1572191981813,136.93624029133179
2026-04-27 00:44:43.319,583,243.30124254235463,-712.9011772299416,753.9238816218217,-624.9441874251298,365.8894915806566,-151.11634529763765,1892.6246185359396,-1259.4851954838753,138.06709383965406
2026-04-27 00:44:43.353,584,244.0141933736756,-714.1728082484289,755.334365993453,-625.1825560251768,365.904077870442,-151.1388398977474,1895.0844345853247,-1262.4361429132039,137.5731830825601
2026-04-27 00:44:43.390,585,244.73135843095034,-715.4454145691886,756.7455913499913,-625.3751547738862,365.96128779925704,-151.11886474222464,1897.5930592368327,-1265.3376934432865,137.13045702004408
2026-04-27 00:44:43.428,586,244.91611939609376,-717.255205928537,757.6193080752727,-625.5454465584129,366.03914087517904,-151.0799260637213,1901.432252312851,-1266.9117391398127,138.01464791179123
2026-04-27 00:44:43.467,587,245.10341526394384,-719.065245572119,758.4930113609826,-625.7525578412757,366.073269023212,-151.08120261919788,1904.2916859703623,-1269.46742368759,137.9138911617499
2026-04-27 00:44:43.511,588,246.02803411108718,-720.140286965818,760.1052815363432,-625.9868930145188,366.07662687221216,-151.11178430032749,1907.8847460474078,-1271.2872464180105,138.55086062702247
2026-04-27 00:44:43.549,589,246.483144933029,-721.6827800831927,761.24868045065,-626.1815868425276,366.1162184555077,-151.10495252465657,1910.3945829378117,-1274.1890380785405,138.105819586443
2026-04-27 00:44:43.587,590,247.20375685171405,-722.9571553940923,762.6599379336255,-626.3337972781749,366.19581833225374,-151.0590303456193,1914.3373798477653,-1275.6601700394417,139.08622372055495
2026-04-27 00:44:43.622,591,248.19334279268514,-723.9616191187038,764.3389373033981,-626.5612329060259,366.1991896100339,-151.08972107805374,1917.490624473495,-1277.9216780501379,139.28182888385246
2026-04-27 00:44:43.660,592,248.71687623780736,-725.4363795227483,765.5508125974271,-626.7100630581426,366.27838807993516,-151.04628112269572,1921.3289459172477,-1279.4953006488856,140.16414641542397
2026-04-27 00:44:43.698,593,249.24704303592523,-726.9106759498654,766.7616362601899,-626.8986758475423,366.31361652783517,-151.04465539851452,1924.971675708303,-1281.2651589092843,140.85143485429816
2026-04-27 00:44:43.733,594,250.5102270347605,-727.6469892198443,768.7089846580376,-627.0650916784509,366.36262788953746,-151.02624643351746,1928.0254286696315,-1283.627443391814,140.9455456214507
2026-04-27 00:44:43.770,595,251.840090602875,-728.3157988538028,770.724827707331,-627.2537028018684,366.38347483010205,-151.0382534872423,1931.8682532057564,-1285.203543196598,141.829079248464
2026-04-27 00:44:43.805,596,252.36644987267536,-729.7895777948969,771.9353001213035,-627.4522944874652,366.39376631169256,-151.06156396542684,1934.9717621431616,-1287.5187243015384,141.97656922872332
2026-04-27 00:44:43.841,597,252.8246013120352,-731.3319554474548,773.0780906574696,-627.6292082674123,366.42097690149376,-151.06896923763696,1938.5677914563553,-1289.341219117282,142.6166200207998
2026-04-27 00:44:43.877,598,253.75002956486443,-732.4040588837661,774.6876711669563,-627.7998404000019,366.4506458360421,-151.07214944969903,1942.905311264741,-1290.4256349820391,143.99540991526072
2026-04-27 00:44:43.914,599,254.4785491762092,-733.6761876305234,776.0949889412586,-627.9529774413135,366.4971881477626,-151.0590431119686,1946.0149646071336,-1292.7403572843327,144.14178997944214
2026-04-27 00:44:43.943,600,255.40872973612824,-734.7473499096443,777.7024688291598,-628.0796788123916,366.5561877710194,-151.0294176485541,1949.6188997837546,-1294.5636560209196,144.77790947656965
2026-04-27 00:44:43.986,601,256.0705884096393,-736.0867422892456,779.0415981700393,-628.2229279837608,366.5915069179346,-151.02236609964345,1952.189364780897,-1297.4210760225715,144.3789956391125
2026-04-27 00:44:44.023,602,256.13529425896564,-738.0300279933027,779.7789256046412,-628.3945832483912,366.6009220416536,-151.0444531360352,1956.035307198537,-1298.9967101723942,145.26318008225456
2026-04-27 00:44:44.054,603,257.88044438203286,-738.2979555857992,782.1904514064795,-628.5604307945486,366.61682118174116,-151.06054626314798,1959.3870363597302,-1301.063913225083,145.65422495157236
2026-04-27 00:44:44.098,604,258.82380537560675,-739.3675420906285,783.7947920352451,-628.6988891576922,366.65879781765267,-151.04906978017397,1962.6883171612528,-1303.1813756026443,145.9982661205171
2026-04-27 00:44:44.117,605,259.3623573764326,-740.8393227642863,784.996953984932,-628.8520693907147,366.682514317379,-151.0563574447425,1964.9021004921196,-1306.3802363391055,145.26278739646867
2026-04-27 00:44:44.164,606,260.6384839453894,-741.5758826353967,786.9356505993244,-628.9650190032015,366.7349590194703,-151.03344324090116,1968.5424261521132,-1308.1541570890731,145.95381221757307
2026-04-27 00:44:44.198,607,261.9154276393692,-742.3113252066304,788.872876250275,-629.0900367737892,366.770018869479,-151.02765137145985,1972.4259138787481,-1309.6814783612685,146.8920870144492
2026-04-27 00:44:44.241,608,262.5877680027395,-743.6504814356339,790.2051461190765,-629.2163846788417,366.8051399335943,-151.02242775751833,1976.0142622487426,-1311.5019960057114,147.53532611869443
2026-04-27 00:44:44.272,609,263.13715925241684,-745.1230939981244,791.4024421649107,-629.3480088602631,366.8253902144199,-151.0284776561796,1979.5964980446236,-1313.3209341106187,148.17934147450643
2026-04-27 00:44:44.304,610,263.357467556342,-746.9298467429452,792.2690022402782,-629.4700553707066,366.85098468888117,-151.02922064361906,1983.5182098146418,-1314.7981881223027,149.1640063559697
2026-04-27 00:44:44.351,611,264.1144924474908,-748.2033384831569,793.6708495711939,-629.591974278224,366.8725741660352,-151.03309820423624,1986.0694902893656,-1317.647878062164,148.7742058038804
2026-04-27 00:44:44.429,612,264.13901923021086,-750.2136106460246,794.3331884233447,-629.7213506943797,366.8855010134444,-151.0456647206588,1989.6487111678111,-1319.4668992488967,149.41893838941033
2026-04-27 00:44:44.478,613,264.8348752134717,-751.5500308185462,795.6697953526849,-629.8264237458877,366.9255095220568,-151.03307752315575,1993.523732550666,-1320.9930664715262,150.35760919705248
2026-04-27 00:44:44.509,614,265.7977104176288,-752.6193736771457,797.2737709075126,-629.9480828771681,366.9485427270662,-151.03949380820464,1996.6587780357784,-1323.2604176742495,150.55780666445995
2026-04-27 00:44:44.548,615,267.0930558431366,-753.3580447915995,799.2099771730992,-630.0721441829462,366.965008635689,-151.05091224267704,1999.4549369573504,-1325.8697505831556,150.4174728400632
2026-04-27 00:44:44.580,616,267.5257238552027,-754.9612684888156,800.2784015919623,-630.1759094163044,366.9985095377669,-151.0402975941846,2002.8414392875477,-1327.891302464616,150.8635240480994
2026-04-27 00:44:44.620,617,268.0898387441155,-756.4372617701795,801.4706503138012,-630.2908170735435,367.01374567374495,-151.04509990134952,2006.6685661420865,-1329.4657086308955,151.75908641087787
2026-04-27 00:44:44.663,618,268.86137466893507,-757.7073624600336,802.8661232807807,-630.3911760056226,367.0444424327789,-151.0351489079263,2009.1691579318233,-1332.3676015486212,151.326203759296
2026-04-27 00:44:44.705,619,269.30298072333926,-759.3044514672599,803.9321016516237,-630.4806496191427,367.0849090293142,-151.01447534428098,2011.9657326120114,-1334.9766673875915,151.1860233238479
2026-04-27 00:44:44.746,620,270.8095562278546,-759.836486501918,806.0598408902144,-630.5947214689753,367.0956955151956,-151.0255067791885,2015.841945547065,-1336.5048732004777,152.12692195077767
2026-04-27 00:44:44.784,621,272.3806998404061,-760.3065494114937,808.2489224148566,-630.6735552874377,367.13925779791174,-151.00777654680084,2020.505166439271,-1337.2461528834558,153.8569344321882
2026-04-27 00:44:44.821,622,273.35939059601935,-761.3701143090609,809.8444372227632,-630.757313976059,367.163868795929,-151.00920829092365,2024.040537065872,-1339.1143973549792,154.4600596359963
2026-04-27 00:44:44.866,623,274.07438097061925,-762.6972994401684,811.1719434220159,-630.8450827429413,367.17764664085604,-151.0136926116309,2027.9134238280162,-1340.644686159022,155.4046439072722
2026-04-27 00:44:44.905,624,274.051923804458,-764.7590249285678,811.7641627002774,-630.9306256226171,367.1925039757009,-151.015958693919,2030.414111140917,-1343.5501876019348,154.97404185348094
2026-04-27 00:44:44.945,625,275.0859722921818,-765.7580589067845,813.4175300025214,-631.0097292410159,367.21088010091654,-151.01280879525333,2034.339138152407,-1345.0346594230236,155.96373431920526
2026-04-27 00:44:44.980,626,275.5279680897044,-767.3486088827437,814.4784481255037,-631.0882044126467,367.2265051505857,-151.0126751051686,2038.4670204755892,-1346.317389246047,157.15384556752443
2026-04-27 00:44:45.020,627,276.0287442132096,-768.8788949493792,815.602908646425,-631.1649880643098,367.2391672223829,-151.0127142567015,2042.1020191855985,-1348.094564406166,157.8486169876536
2026-04-27 00:44:45.062,628,276.994724663629,-769.9405888042396,817.1957230246657,-631.2313929364636,367.26067267288596,-151.00630593138416,2045.1930772357714,-1350.41341618763,158.00275259501973
2026-04-27 00:44:45.097,629,278.0251143308386,-770.9401054665927,818.8515335561021,-631.2919555432518,367.2768260992329,-151.00517685432592,2048.57575492507,-1352.438655999178,158.452466438939
2026-04-27 00:44:45.130,630,277.93183727070345,-773.0648129358649,819.3823430846187,-631.3338215818517,367.2990158649148,-150.99704286871435,2051.1682546021084,-1355.2525115228893,158.11369598297864
2026-04-27 00:44:45.164,631,278.4328527472044,-774.5947429443953,820.5073079804666,-631.3952098360368,367.2990158649148,-151.0077531815938,2053.7185227599766,-1358.1097073810695,157.72560170227842
2026-04-27 00:44:45.209,632,279.7243872809547,-775.3279915307645,822.4296988584825,-631.4536685360448,367.30109048165326,-151.0164726150841,2057.546742808632,-1359.6834489129496,158.6182503212476
2026-04-27 00:44:45.244,633,280.2171535155205,-776.8598681905137,823.5565957307564,-631.5067398408102,367.3083806233639,-151.01933818820396,2059.801009171043,-1362.8326341340542,157.9396158578518
2026-04-27 00:44:45.281,634,280.71142425895187,-778.3928471634227,824.683821225252,-631.5640284119943,367.310046609631,-151.02677098050646,2063.381306048833,-1364.6554979854832,158.58989844622775
2026-04-27 00:44:45.322,635,280.9463633863716,-780.1905236994957,825.5437265573711,-631.6203144816958,367.31250005129937,-151.03169784469878,2067.503095292092,-1365.939043429205,159.7827112766813
2026-04-27 00:44:45.356,636,282.24780705583527,-780.9254904453094,827.4653210299649,-631.6747214527264,367.31289828790347,-151.03401684837107,2069.7964698725564,-1369.048099777059,159.15391478897197
2026-04-27 00:44:45.390,637,283.2869021080648,-781.9261746005606,829.1187773441521,-631.7186148762275,367.32147288191175,-151.02152073758938,2073.662581692916,-1370.5807290245261,160.1037304214447
2026-04-27 00:44:45.419,638,283.8601308876649,-783.3976280504442,830.3029372881156,-631.7633110801918,367.32547232601223,-151.01436736853677,2076.695116987394,-1372.9449350148093,160.22352049902707
2026-04-27 00:44:45.456,639,284.43199665549025,-784.8703993939129,831.4889526785245,-631.8069243001974,367.3295456339111,-151.0042784763012,2078.650044969919,-1376.390406947895,159.26237823942245
2026-04-27 00:44:45.490,640,285.4153750565126,-785.9345750247165,833.0853236103168,-631.8391060433598,367.34144787663365,-150.98334798947113,2082.2674029639525,-1378.1730839324139,159.96496172896246
2026-04-27 00:44:45.525,641,285.9293141723598,-787.4700188123612,834.2102207709382,-631.8802450914807,367.3435373071304,-150.97170874571097,2085.8434081613455,-1380.000065430634,160.62521689767215
2026-04-27 00:44:45.566,642,285.9723840614384,-789.4790618703609,834.8649185002009,-631.9166523647547,367.34706420905087,-150.954079833868,2088.383936469197,-1382.8646815016787,160.24648145706269
2026-04-27 00:44:45.603,643,286.95611973842307,-790.5456526663536,836.4645015736954,-631.9501690668991,367.35111277233693,-150.93303821755373,2090.968888585858,-1385.6884323492452,159.91073026741094
2026-04-27 00:44:45.643,644,287.80069412633134,-791.7570369395575,837.9199416578272,-631.9965195842307,367.344432459472,-150.92634333025478,2093.7615685128576,-1388.307508096077,159.78044222533492
2026-04-27 00:44:45.683,645,289.11915372768124,-792.4970904685324,839.8483904544354,-632.0374470764426,367.342350352824,-150.91394907226095,2096.8071029162525,-1390.6777799607974,159.89508459923948
2026-04-27 00:44:45.718,646,289.5789207311301,-794.0988120357913,840.9157228797586,-632.0742078662598,367.3405905912179,-150.90119705054906,2099.2686089109006,-1393.6371113526482,159.42144729356326
2026-04-27 00:44:45.752,647,290.09684215682114,-795.6395442354086,842.0448477178776,-632.1109963533273,367.33501527774513,-150.89274234999291,2101.8232050547294,-1396.5082314617198,159.03702023891776
2026-04-27 00:44:45.785,648,290.87871303646307,-796.9139423514014,843.4428638679094,-632.1392949453849,367.33971162805483,-150.87681540182712,2105.713559471658,-1398.045582131443,159.98605928881375
2026-04-27 00:44:45.821,649,291.4536231210596,-798.3948894978681,844.6358299747561,-632.1695127332925,367.3471887917793,-150.86046663141946,2109.0646635863654,-1400.1249072373685,160.3899911266589
2026-04-27 00:44:45.855,650,291.4958777333825,-800.4112442024422,845.2946253351801,-632.201045613285,367.3548352893339,-150.84454300386085,2112.961220790194,-1401.6604107475405,161.33509842586508
2026-04-27 00:44:45.884,651,292.8753423295958,-801.0916024292316,847.2907977051832,-632.2348472446826,367.35608510793134,-150.83178894349098,2116.6071217147983,-1403.444153583845,162.03317722663715
2026-04-27 00:44:45.920,652,293.2503712539418,-802.7817885688365,848.2768984411584,-632.2660023854377,367.35703704764273,-150.819046075715,2119.9092392527295,-1405.5680963539933,162.39082303143772
2026-04-27 00:44:45.956,653,294.042074739268,-804.0577778049577,849.6751314844672,-632.3019122058129,367.3496462180569,-150.80876862885393,2123.8456002270214,-1407.0584375835126,163.38361254487816
2026-04-27 00:44:45.992,654,294.08989674155396,-806.0721392216012,850.3323667818486,-632.3415405796745,367.339256284478,-150.79827927846156,2127.4392491559634,-1408.889118863139,164.040059542636
2026-04-27 00:44:46.031,655,295.34300229116155,-806.874318965773,852.2041024248391,-632.380753287077,367.32828615418947,-150.78587226584847,2128.863910073814,-1412.8929247817312,162.52547965698423
2026-04-27 00:44:46.066,656,297.1899265872512,-807.0793798837657,854.673786255407,-632.4188337716209,367.3200433283359,-150.77152117717793,2132.4630348340265,-1414.727057441533,163.18268408677653
2026-04-27 00:44:46.105,657,297.7028309532536,-808.6204325259224,855.8044392168631,-632.4508307706102,367.31787949702857,-150.74782378374826,2135.8145003090567,-1416.8111203188807,163.5907895794364
2026-04-27 00:44:46.144,658,297.88776232206993,-810.4897837137105,856.6054952120148,-632.4905305187962,367.3076148703311,-150.73242821942875,2137.7861369170732,-1420.2785329612263,162.6155742905654
2026-04-27 00:44:46.181,659,298.60772318019315,-811.8240447604846,857.9397872000858,-632.5208928450031,367.304502076997,-150.70778692353264,2140.547278786451,-1422.9498765307894,162.43838675258945
2026-04-27 00:44:46.218,660,298.91980244714637,-813.5691290045569,858.8613595037996,-632.5374620952232,367.3065460110272,-150.67677392088112,2144.1007273210907,-1424.8293713932005,163.05322273267333
2026-04-27 00:44:46.252,661,300.1820590831999,-814.3684891019645,860.726454650427,-632.5575465852546,367.2975341963486,-150.65549025229635,2147.74653784054,-1426.6194086900393,163.75653539451451
2026-04-27 00:44:46.295,662,300.5003853150084,-816.1105455477295,861.6451559002522,-632.5747538812706,367.2908661770145,-150.62959896040556,2151.138628782488,-1428.6591971524047,164.210875057399
2026-04-27 00:44:46.332,663,301.08980357740256,-817.5878630547807,862.8282900519991,-632.5875974986167,367.2900989257126,-150.59925368314964,2155.029092226997,-1430.1993701246795,165.16562229667815
2026-04-27 00:44:46.367,664,301.94574197601446,-818.7992564072231,864.2777506616193,-632.6043758564127,367.28324451925073,-150.5721121707508,2157.8322971947036,-1432.8255171597423,165.03189416187925
2026-04-27 00:44:46.407,665,302.5368888301354,-820.2783340863626,865.4613030615915,-632.6141565399921,367.28324451925073,-150.53702157302135,2160.929826737199,-1435.160190128797,165.19415333620606
2026-04-27 00:44:46.442,666,304.1905152089183,-820.6919278734699,867.7100147692807,-632.6368819153514,367.26532042090577,-150.51775011099423,2163.4316618229677,-1438.0794277820303,164.77566462604165
2026-04-27 00:44:46.474,667,304.98762776956323,-821.9634592784514,869.0998631551905,-632.6538804018962,367.2486230153676,-150.49275992642734,2166.2209058241406,-1440.705286644178,164.65330229738495
2026-04-27 00:44:46.506,668,306.0513696813296,-822.9701316989199,870.7574888062595,-632.6662950429154,367.2358244132676,-150.46385087168943,2170.344896026145,-1441.9978054625813,165.86324907150896
2026-04-27 00:44:46.553,669,306.79146298019754,-824.302966060724,872.0903384420229,-632.6762420077474,367.22294829819384,-150.43357906487338,2173.968478204324,-1443.7914912894419,166.57328559252167
2026-04-27 00:44:46.585,670,307.5882476556519,-825.575909954346,873.4824540436528,-632.6798729335585,367.2135339491316,-150.3954313083776,2176.004490441297,-1447.1703984233736,165.70018439515397
2026-04-27 00:44:46.616,671,307.85249788794675,-827.381139166721,874.3405526911732,-632.6932171393769,367.1938853940618,-150.36603853896597,2179.086181624599,-1449.5065002598237,165.8691131920554
2026-04-27 00:44:46.647,672,308.9721056524551,-828.3268894062151,876.0587654155037,-632.6911705229521,367.1888830381252,-150.31971930621958,2184.0042581878947,-1450.0075170680254,167.8731730718737
2026-04-27 00:44:46.679,673,310.0278863061324,-829.3310516908631,877.7157329015694,-632.6895679832106,367.1811254083231,-150.2777861247154,2187.37661237197,-1452.0545933667279,168.3344283461335
2026-04-27 00:44:46.726,674,310.01772973812353,-831.4012477654793,878.3079670989399,-632.6950420257863,367.1693351490285,-150.2412495007335,2190.7119095847943,-1454.1411016382672,168.75408283822304
2026-04-27 00:44:46.758,675,310.6648401016552,-832.821845503705,879.552456931358,-632.7033960963615,367.1542353085154,-150.20865848199875,2194.8814093417045,-1455.3942735045594,170.00726058869665
2026-04-27 00:44:46.800,676,311.46546443163004,-834.0939301926286,880.9440903221805,-632.7012691050869,367.1447061805331,-150.16849099493646,2198.719367577735,-1456.980685980395,170.92907161771058
2026-04-27 00:44:46.836,677,312.58934924910585,-835.040336113399,882.659892814834,-632.725390859428,367.10758457917524,-150.15208727570908,2202.890665264651,-1458.2344553116266,172.18270314215988
2026-04-27 00:44:46.868,678,314.18565873249923,-835.5133540907306,884.8461456081467,-632.7266685368559,367.0891977906546,-150.11535477413764,2206.478494995719,-1460.072858600046,172.85385054281917
2026-04-27 00:44:46.900,679,315.2485060128415,-836.5175666346468,886.500200702636,-632.7224608647708,367.0722432142624,-150.07579930483942,2210.610278791474,-1461.3693052710444,174.06931418446274
2026-04-27 00:44:46.950,680,316.31079850279457,-837.522602944095,888.1548242110116,-632.7009036047365,367.0695666051957,-150.01999009528268,2213.4057530671635,-1464.0024438050782,173.94701385000965
2026-04-27 00:44:47.041,681,316.90235143724897,-839.001083617897,889.3381825044672,-632.6789513671227,367.0601871589921,-149.96890382117064,2217.033143423661,-1465.8021805118187,174.66077502200272
2026-04-27 00:44:47.077,682,318.4395292524321,-839.533606666144,891.4682475945632,-632.6592820840975,367.0479279026724,-149.9192650156219,2220.118921874805,-1468.1462148807514,174.8318613943283
2026-04-27 00:44:47.113,683,319.4445627920233,-840.5981609906885,893.0657971002446,-632.639253589476,367.03126383768983,-149.87126078389232,2222.4094943509212,-1471.2846827464705,174.20930138806813
2026-04-27 00:44:47.155,684,320.0364445697958,-842.076527152364,894.2479515563314,-632.6336994803186,367.0004494804192,-149.83458930859126,2225.4943350964477,-1473.6289067367886,174.38211295588187
2026-04-27 00:44:47.193,685,320.88696625341873,-843.2868875299205,895.698057365665,-632.6223385742295,366.9721107961907,-149.79363651479866,2228.82767068503,-1475.722441976922,174.80839704961764
2026-04-27 00:44:47.234,686,321.6751252794024,-844.5560824795638,897.0884333548338,-632.6119219794542,366.93986606847056,-149.75682878720454,2231.078093042848,-1478.903786713666,174.14840325318534
2026-04-27 00:44:47.265,687,322.2579962273406,-846.0324218839211,898.2726793540311,-632.5903713893296,366.9174515270917,-149.71140060329756,2233.0761841367043,-1482.3398963815132,173.2368938088376
2026-04-27 00:44:47.294,688,322.57860179338695,-847.7778977804946,899.1901434254361,-632.5912929742676,366.86741481431426,-149.69487310917586,2236.4104686570436,-1484.4352466110831,173.6655198727329
2026-04-27 00:44:47.326,689,323.5849344451405,-848.8415893315481,900.7873071848096,-632.5558333679961,366.8500247762176,-149.64575189540403,2238.1538434615195,-1488.121473826456,172.5026332632296
2026-04-27 00:44:47.358,690,324.11599887369874,-850.3761907444962,901.9091489603933,-632.5312353501101,366.8195656096922,-149.6108489073489,2240.9437654197186,-1490.7588204107358,172.39064502851573
2026-04-27 00:44:47.394,691,325.11949891858046,-851.4382868693906,903.5025421524338,-632.5001223842114,366.795747556831,-149.57206078583664,2243.765991256945,-1493.3599117907124,172.31631471927182
2026-04-27 00:44:47.430,692,325.9764777679747,-852.649336834302,904.9477973157726,-632.4787741530273,366.75915410864445,-149.5459992498545,2246.585634002286,-1495.9622962328538,172.24424189184802
2026-04-27 00:44:47.463,693,326.98732729436483,-853.711174218017,906.5405362677742,-632.4432348378289,366.73463011658504,-149.50920460187808,2250.453660591084,-1497.5172372502514,173.22078007732057
2026-04-27 00:44:47.497,694,328.52909565779873,-854.2421756785128,908.6643862107447,-632.4077873892429,366.7098685875158,-149.4720150531356,2254.5366771313015,-1498.8541767216766,174.4133559536053
2026-04-27 00:44:47.542,695,328.74540639829013,-856.0986973269081,909.4594095097908,-632.3609142001828,366.6973359484692,-149.4234293625139,2258.111810513674,-1500.6965438861546,175.10083945257315
2026-04-27 00:44:47.583,696,329.7599031024287,-857.1570906558306,911.0475432135494,-632.3155109870619,366.6845725186678,-149.3729291894912,2261.9731338938077,-1502.249876243259,176.0774198726826
2026-04-27 00:44:47.629,697,330.627573565098,-858.3662843447627,912.4835764787299,-632.2815865081732,366.6606566704569,-149.33460070034383,2266.338914938596,-1503.297246052047,177.56141953917117
2026-04-27 00:44:47.660,698,331.64915631118004,-859.4247403694092,914.0707354790801,-632.2492753481753,366.6286094068942,-149.3056983512277,2269.687595847176,-1505.3591561284848,178.0339524188364
2026-04-27 00:44:47.698,699,332.78166258157114,-860.3691783630311,915.7749087209402,-632.201413827899,366.61000611378785,-149.26195124973844,2274.0165858597697,-1506.441663223593,179.4864527545553
2026-04-27 00:44:47.740,700,333.7930376745907,-861.429098414286,917.3645653434822,-632.1669396814463,366.57794265458847,-149.23021582893614,2277.2989450693353,-1508.5735615520032,179.89056723813857
2026-04-27 00:44:47.778,701,334.8590641807017,-862.4309115408323,919.0129214975212,-632.1222906794865,366.55083948648394,-149.19378059901837,2280.652430682876,-1510.6369897517893,180.36374083139063
2026-04-27 00:44:47.812,702,335.0722880537706,-864.2846076621815,919.8069847479153,-632.0623600357765,366.5284922584629,-149.1517101503638,2284.4807839428036,-1512.227836146949,181.3068726230332
2026-04-27 00:44:47.855,703,335.34260140411095,-866.0794604527608,920.6598054215181,-632.0266533195152,366.4758879638552,-149.1347327418466,2287.8042919258874,-1514.3251197302409,181.74181654657863
2026-04-27 00:44:47.898,704,336.0794416808776,-867.405164012773,921.9849893649344,-631.976996186653,366.43796079653976,-149.09977258101324,2289.7920079308556,-1517.761855897807,180.83846208890554
2026-04-27 00:44:47.936,705,336.875667346865,-868.673555554987,923.3702840267897,-631.9182234247729,366.4074070189734,-149.05866431714722,2292.867590497383,-1520.1135778895894,181.01826189283668
2026-04-27 00:44:47.984,706,337.79271983605724,-869.8264934458145,924.8715083381168,-631.8442046430896,366.3911591046086,-149.00201033675964,2297.2474604825106,-1521.1629338682058,182.50010863181734
2026-04-27 00:44:48.023,707,338.5431898408055,-871.1527990930344,926.1983687309985,-631.8020237673737,366.34320850473256,-148.97652443855762,2299.820354666372,-1524.021970093718,182.1731273184578
2026-04-27 00:44:48.067,708,339.61718099325145,-872.1565882293814,927.8472039729851,-631.730724896552,366.3159659327848,-148.93142727354518,2302.8974278336686,-1526.373985213036,182.35332180651378
2026-04-27 00:44:48.109,709,339.8970497126217,-873.9548224230912,928.7003264622743,-631.666562102784,366.2736222062237,-148.90305537317093,2306.2276941556975,-1528.474846644084,182.78825448246795
2026-04-27 00:44:48.151,710,340.973359820281,-874.9576474177512,930.3478228188825,-631.5843559404267,366.24358340471525,-148.86034736471942,2310.1013085717527,-1530.0341787999537,183.76904578777453
2026-04-27 00:44:48.190,711,341.9944533922423,-876.0159791687898,931.9349888621438,-631.5038113438667,366.2051678802421,-148.82415093644937,2313.175367327506,-1532.3926859735914,183.95424912748706
2026-04-27 00:44:48.230,712,342.5998477642634,-877.4890173512244,933.1061620624342,-631.4133192574396,366.1705319721447,-148.78465829485435,2315.9555456804533,-1535.0396615668292,183.85380874921896
2026-04-27 00:44:48.270,713,343.1501337331335,-879.0205743180135,934.220538526554,-631.3345655821781,366.1218574333772,-148.7574918468012,2317.682225466051,-1538.7406393523888,182.70168875663578
2026-04-27 00:44:48.302,714,344.2320209626197,-880.0226198214823,935.8633931475509,-631.2425852926771,366.0852555192506,-148.71499352283314,2321.8031132115702,-1540.0488229469822,183.9441836222405
2026-04-27 00:44:48.337,715,345.63872252590846,-880.7054637444638,937.826301303942,-631.1569860707857,366.0442476717134,-148.676935980446,2325.9247334187,-1541.3570418562097,185.18659622328977
2026-04-27 00:44:48.378,716,346.673963313188,-881.7629086654047,939.4126515916404,-631.0639976956147,366.01074732315726,-148.63092662865853,2329.501160571762,-1543.2084686805754,185.88852374537373
2026-04-27 00:44:48.410,717,347.4458121163478,-883.0836630260619,940.7341521192682,-630.9653336299532,365.9772666910197,-148.58032364992897,2332.56794305996,-1545.570719058753,186.07886927777653
2026-04-27 00:44:48.443,718,348.00809306381683,-884.6150038738749,941.8462679541142,-630.8505621419508,365.96054906910257,-148.51337338387037,2336.17884408959,-1547.390077700258,186.81259684985633
2026-04-27 00:44:48.475,719,348.8383654345645,-885.8825516153241,943.222753882243,-630.7496115505493,365.9312678911507,-148.46121878862613,2340.556848391518,-1548.4444239564084,188.31353287359016
2026-04-27 00:44:48.513,720,349.61725468888625,-887.2032303548946,944.5433814365502,-630.6564535428421,365.88789137871004,-148.4218412155214,2343.622863999746,-1550.809549715002,188.5070299177295
2026-04-27 00:44:48.560,721,349.9236126726051,-888.997146179272,945.3890679967024,-630.5454469943552,365.8549894498881,-148.3653206383274,2347.0068256418426,-1552.855231295348,189.0184517357789
2026-04-27 00:44:48.596,722,351.23458725173344,-889.7892175859253,947.2374699630302,-630.4181581274871,365.8303733041748,-148.29742098729272,2350.6184346757655,-1554.6743887838786,189.75187478931824
2026-04-27 00:44:48.637,723,351.8607591889463,-891.2660304660322,948.4004941835432,-630.3291576680211,365.76339228924854,-148.27464207487998,2354.4540261832763,-1556.2708894280165,190.70581664158664
2026-04-27 00:44:48.667,724,352.37799891564634,-892.8510402357375,949.4568915186311,-630.2124759511707,365.720084113138,-148.2287066563526,2356.181141415874,-1559.9745177025773,189.55398069870373
2026-04-27 00:44:48.703,725,353.5313915263169,-893.7987551811076,951.1478883476871,-630.0772386905421,365.6945260277381,-148.1624169581709,2359.2525818957615,-1562.336268737589,189.74148296818439
2026-04-27 00:44:48.737,726,354.57795576583237,-894.8536385026262,952.730284171295,-629.9678035248527,365.6423284195266,-148.12482116272685,2362.294788727312,-1564.7313596716838,189.89377009161095
2026-04-27 00:44:48.774,727,354.88545539362934,-896.6459030663736,953.5755822601882,-629.8366975674885,365.6076894878504,-148.0701726480376,2367.22373831972,-1565.240462554449,191.930795738027
2026-04-27 00:44:48.810,728,355.9287580429597,-897.6998995482468,955.1574974407946,-629.7088428285174,365.56365768691,-148.02522656074305,2370.8471653410247,-1567.0559561530392,192.65870021007194
2026-04-27 00:44:48.841,729,356.2353520815219,-899.4902475384173,956.0021795439396,-629.5703502818166,365.5277934572956,-147.9718492356546,2373.6363583272014,-1569.7060240863402,192.5545417828357
2026-04-27 00:44:48.880,730,357.2737765079137,-900.5449598090893,957.5846921664217,-629.4640932712662,365.4545277892324,-147.952837714312,2376.460812001449,-1572.3200212118475,192.48403502549272
2026-04-27 00:44:48.914,731,358.839300521123,-901.0728415443716,959.6961045233334,-629.3014985170634,365.4353378685985,-147.8763997092771,2379.506540064444,-1574.7121417049816,192.62875640911
2026-04-27 00:44:48.953,732,359.4042212905821,-902.6029158987639,960.8063275764285,-629.1620895686569,365.38836564894564,-147.82867254388154,2382.293305748967,-1577.3561001013563,192.52159551906988
2026-04-27 00:44:48.997,733,359.65183205066717,-904.4524225873267,961.5987590093982,-629.0116187764512,365.35039146460156,-147.77181926873996,2385.876742565049,-1579.204760222947,193.2127712627639
2026-04-27 00:44:49.037,734,360.42647946229783,-905.7749125124354,962.9211209981888,-628.8766015501293,365.2920381821015,-147.7341676451486,2388.1563948640423,-1582.3604959030188,192.59834938435208
2026-04-27 00:44:49.080,735,360.9913393928603,-907.3067825946864,964.0348588608095,-628.7189802640032,365.2535570833657,-147.67680574728865,2391.2004899236026,-1584.7549470496745,192.74573297026126
2026-04-27 00:44:49.116,736,360.7026715878885,-909.68833673622,964.2996195786144,-628.5628115114297,365.21475735895723,-147.61722378820127,2395.3687652761614,-1586.0271597527037,194.0177714618323
2026-04-27 00:44:49.156,737,362.0591956816696,-910.4268019802793,966.2046797794596,-628.4073703804551,365.1745387713642,-147.55703716974855,2399.210934526157,-1587.6242485134005,194.96599895084935
2026-04-27 00:44:49.193,738,362.79136342623474,-911.7980153197627,967.4792145780091,-628.2533858405542,365.1341910715822,-147.49478631236286,2403.0888754789185,-1589.184662982925,195.94825348960913
2026-04-27 00:44:49.234,739,363.8964134693999,-912.8024309804258,969.1205572846551,-628.118623303068,365.0731232155714,-147.45231129837157,2407.4755606955673,-1590.2361146442631,197.43613819770448
2026-04-27 00:44:49.266,740,364.20232885764295,-914.6004900637403,969.968526428542,-627.98606828453,365.01340926586573,-147.41121752490545,2411.0584756612448,-1592.0850569642912,198.12893520468356
2026-04-27 00:44:49.303,741,364.55556089403007,-916.3455698328569,970.8736266139591,-627.8450914116136,364.9637130807303,-147.35798658094302,2413.5890609333537,-1594.9864956230717,197.77067096158112
2026-04-27 00:44:49.335,742,365.3293980813478,-917.672795978814,972.2001210796199,-627.7056445603229,364.91127796416356,-147.30553303004353,2417.965609955864,-1596.0383155714567,199.26422939153923
2026-04-27 00:44:49.372,743,366.63309693968,-918.470087832219,974.0597458546233,-627.5142367386138,364.91127796416356,-147.20048761575777,2421.5772829360167,-1597.8545352262715,199.99450528211855
2026-04-27 00:44:49.412,744,367.40441956198043,-919.7996931800926,975.3889918105959,-627.3703833841449,364.8619642158091,-147.14483338534657,2424.1067916950574,-1600.7553202079134,199.6368967386112
2026-04-27 00:44:49.446,745,367.86896697333293,-921.4390703433561,976.409158548103,-627.2183054832784,364.82030903632955,-147.08188357227678,2427.4370953665293,-1602.8579184756873,200.07458361838533
2026-04-27 00:44:49.483,746,368.755255256716,-922.6574648466437,977.8494528497084,-627.0737971531928,364.7698507593322,-147.0299565759463,2431.601769831015,-1604.1270045794004,201.34386019855464
2026-04-27 00:44:49.519,747,368.7941884839193,-924.7279403448638,978.4356598494048,-626.8882350903987,364.75965634232125,-146.93921288346965,2435.187173684535,-1605.973937379878,202.03258410481033
2026-04-27 00:44:49.564,748,369.89719358594004,-925.7353276085568,980.0817520423477,-626.7429031821498,364.7102050023855,-146.88858442419047,2438.771583225785,-1607.820206088204,202.7200280802844
2026-04-27 00:44:49.605,749,371.53063485774754,-926.2116414651946,982.2590719765118,-626.5594011169369,364.7003297298094,-146.79996418660988,2441.592456670059,-1610.4252838378598,202.64920179538944
2026-04-27 00:44:49.638,750,372.8987550884717,-926.9533931192935,984.1700428389585,-626.3763195723805,364.69062126030747,-146.71258272213677,2444.3392952146064,-1613.1013234656605,202.50776534650475
2026-04-27 00:44:49.721,751,373.418855936704,-928.5455139085818,985.2315431747614,-626.2463848958843,364.62137199769546,-146.6828675115228,2447.95082231391,-1614.9110038080614,203.23281724383787
2026-04-27 00:44:49.750,752,373.5733397311279,-930.5064771367357,985.9230481738944,-626.1070394472383,364.5618112754426,-146.64243567305863,2451.5288086292812,-1616.7563902757922,203.9234046805153
2026-04-27 00:44:49.782,753,374.3625074316917,-931.832071920821,987.2487960281579,-625.9883569160966,364.48306322851965,-146.62283267632,2455.9040148864515,-1617.8061768098355,205.40954750233624
2026-04-27 00:44:49.812,754,375.41578913871973,-932.8934751692608,988.8403182486182,-625.8107460202298,364.46328593589504,-146.54432981251836,2458.4366010906633,-1620.699762969334,205.04620962318725
2026-04-27 00:44:49.853,755,376.7856875899365,-933.6344850022339,990.7506164112061,-625.6725951594069,364.4035453998122,-146.50414014039907,2461.9844539798532,-1622.581860629216,205.69337885048313
2026-04-27 00:44:49.889,756,377.311319235514,-935.2195778801562,991.8154481223542,-625.4768568659059,364.4035453998122,-146.40411081084375,2465.6077932840262,-1624.391163353239,206.41615036090542
2026-04-27 00:44:49.927,757,377.88127950440315,-936.7549262343624,992.9291665707161,-625.3128926448672,364.37374523769915,-146.33504405938214,2469.9905797535316,-1625.4415397496664,207.9009669452634
2026-04-27 00:44:49.962,758,379.24792475589936,-937.4953716295169,994.8380535027786,-625.1461518239167,364.3444163613224,-146.26605168816153,2473.070273744557,-1627.7975662601696,208.0826305419056
2026-04-27 00:44:49.995,759,380.34605156285,-938.5001963348274,996.4829390434444,-625.0066851044326,364.28465883363293,-146.22522131748764,2476.400830504954,-1629.9012708025875,208.52046814738566
2026-04-27 00:44:50.034,760,381.177118842657,-939.7695143484251,997.8613019981227,-624.8767204813666,364.21423544553437,-146.19393258718088,2479.728979459134,-1632.0047841561,208.96035924772454
2026-04-27 00:44:50.090,761,381.8569755965952,-941.193840985182,999.0821421211231,-624.6953134074854,364.19427762246215,-146.1141816024444,2483.6352989406964,-1633.5291565752873,209.97691344650218
2026-04-27 00:44:50.129,762,382.1669277686605,-942.9912928570449,999.9283928233269,-624.5237250790999,364.1641456137314,-146.04381327654303,2486.4218207425797,-1636.1739198628934,209.8706115477251
2026-04-27 00:44:50.167,763,382.69150816071294,-944.576115056766,1000.9853025225898,-624.3938981204265,364.09164365942627,-146.01017183360534,2490.5478788742494,-1637.4781466017744,211.10432905451864
2026-04-27 00:44:50.207,764,383.53334677542506,-945.8428133436356,1002.3587858861794,-624.2744531415111,364.00791010716074,-145.98648543444227,2494.166722726971,-1639.2902727558837,211.8298419717908
2026-04-27 00:44:50.249,765,384.47558256058585,-947.0020127042925,1003.8422713784377,-624.1515216068383,363.9236043077811,-145.96234435835055,2496.9538439420135,-1641.9349275534346,211.72291735389038
2026-04-27 00:44:50.283,766,385.3083715560631,-948.2704393347785,1005.2184550474847,-623.9617418866119,363.9021192505267,-145.87536802040322,2499.9940345950454,-1644.325492683944,211.8692083868125
2026-04-27 00:44:50.322,767,386.41122544385394,-949.2741926786666,1006.8582761042052,-623.8127357370471,363.8384592542028,-145.83202456787538,2504.3741059577546,-1645.3756229029646,213.35546145091578
2026-04-27 00:44:50.358,768,386.83269847664536,-950.9656925835868,1007.810721808835,-623.6535197789883,363.7846551503808,-145.77846429052886,2508.78928902427,-1646.3898973451023,214.8771208111106
2026-04-27 00:44:50.389,769,388.2103464583823,-951.705680594224,1009.7105411732193,-623.5150654743693,363.7079516866706,-145.74418421787982,2512.371074927274,-1648.2356713163865,215.56647307389665
2026-04-27 00:44:50.425,770,388.7474348605122,-953.2891945908759,1010.7664007833448,-623.3750500445416,363.63079775719433,-145.71067292251897,2515.6597690791955,-1650.3695638575641,215.96760140525228
2026-04-27 00:44:50.457,771,389.2854138274664,-954.8718175786154,1011.8219051178887,-623.2102944491345,363.5737815411024,-145.65223013409698,2519.7779663053443,-1651.672942924397,217.2011383748721
2026-04-27 00:44:50.489,772,390.402982967778,-955.875522141763,1013.4556583611173,-623.0703730030901,363.49039407809323,-145.61665107302744,2523.3539741971695,-1653.5195610685541,217.89490918692292
2026-04-27 00:44:50.518,773,391.0407346197846,-957.3552738391825,1014.6160149466203,-622.9075737273878,363.42994817925074,-145.55634372588298,2528.01517350891,-1654.2822448558077,219.67458339833445
2026-04-27 00:44:50.557,774,390.51200716544633,-959.9998775593061,1014.6160149466203,-622.7326561091113,363.3804020895474,-145.4824143710788,2532.1694728394414,-1655.5518093184962,220.94462145080766
2026-04-27 00:44:50.592,775,391.2014647171677,-961.4304127674625,1015.8336088230748,-622.5454110747056,363.34275921807176,-145.3952089034134,2536.0347139415016,-1657.1100594487662,221.92669274364408
2026-04-27 00:44:50.633,776,391.7831664082941,-962.9668018535953,1016.9472500839319,-622.3656584727521,363.2945109552888,-145.31671380291914,2539.644376549259,-1658.921714594458,222.65383509092734
2026-04-27 00:44:50.677,777,392.2021140871227,-964.6610986934719,1017.9031694888952,-622.244272183551,363.18877908518033,-145.29710074428345,2542.9648829764046,-1661.0205413317206,223.092696919823
2026-04-27 00:44:50.708,778,392.72923434044696,-966.2511472023002,1018.9629179461025,-622.0849110593771,363.1179007238481,-145.24495379750428,2547.334234359062,-1662.0706039191493,224.58277756875265
2026-04-27 00:44:50.743,779,394.3670102929611,-966.7273078686477,1021.1351482603814,-621.9114524802719,363.05876721046815,-145.18385215850202,2549.279927721316,-1665.540338855046,223.65352486846663
2026-04-27 00:44:50.773,780,395.7406513088255,-967.4680557426077,1023.0414167538187,-621.7375315336584,363.00023947701595,-145.12175666057664,2552.596532769154,-1667.640887852696,224.0955278685436
2026-04-27 00:44:50.803,781,396.2686065084199,-969.0564454939845,1024.1001085489388,-621.601440394812,362.9066951712209,-145.09618807488465,2555.9155385434688,-1669.74156856051,224.53696925350684
2026-04-27 00:44:50.840,782,397.11704626459664,-970.3273135102128,1025.477069162921,-621.4211629494732,362.8589453141527,-145.02460174431246,2557.575509808983,-1673.503552518232,223.3177848467768
2026-04-27 00:44:50.874,783,398.4420382620667,-971.121887377661,1027.3301614633865,-621.2419217435574,362.81010551028425,-144.951804589061,2560.098442152777,-1676.403425838129,222.9634629420363
2026-04-27 00:44:50.908,784,398.28041726444025,-973.4010146077412,1027.701868146416,-621.063442805177,362.7627357715611,-144.87637024904637,2563.487265988445,-1678.4396146599959,223.47247927568756
2026-04-27 00:44:50.945,785,399.3888135409302,-974.4075762185394,1029.3453566599765,-620.9317620786878,362.6671212025154,-144.8510779136168,2567.384490341611,-1679.9673945389918,224.49118102060055
2026-04-27 00:44:50.977,786,400.8141568313828,-975.0950948567483,1031.3072616446382,-620.781117888383,362.58458073189547,-144.80982441129348,2570.3857966894993,-1682.392370035876,224.61005899308006
2026-04-27 00:44:51.013,787,401.39138446585724,-976.6324528019088,1032.4207905887865,-620.614523879066,362.5118543372549,-144.75964158191763,2574.181431639928,-1684.0185482434908,225.52777803048866
2026-04-27 00:44:51.052,788,402.44898070824974,-977.6923878961735,1034.01150566374,-620.420266603085,362.4625210592664,-144.6861254960377,2579.091571169044,-1684.527057265372,227.56233553753074
2026-04-27 00:44:51.088,789,403.5602572308071,-978.6996416509531,1035.6545046456577,-620.2127616961805,362.42534818923195,-144.59872607420618,2581.5812220384837,-1687.4581328225809,227.17329935720457
2026-04-27 00:44:51.122,790,404.7764983183758,-979.598745141994,1037.4070590531,-620.0058089124392,362.38792150555895,-144.51122555615245,2583.275215697928,-1691.185152407305,225.98708644179527
2026-04-27 00:44:51.161,791,406.1407625733073,-980.3396297666159,1039.3184304199315,-619.8112357679081,362.3374728846254,-144.43570892245012,2586.3098511804883,-1693.575058441517,226.13860894204552
2026-04-27 00:44:51.195,792,407.56002383397407,-981.0258254318097,1041.2827409312588,-619.6257106264635,362.2751125503736,-144.37233670254074,2590.680949830521,-1694.6262374379576,227.6317750155972
2026-04-27 00:44:51.230,793,408.1311307874847,-982.5602082108214,1042.3957391954373,-619.4026198394174,362.2502784523036,-144.27288882415615,2593.7838852207615,-1696.9472531918937,227.85149736323328
2026-04-27 00:44:51.264,794,409.07456979194916,-983.7201890164303,1043.8815343561123,-619.2176314124059,362.18727421503695,-144.2098186290802,2597.3266182480716,-1698.828290173224,228.5105952173303
2026-04-27 00:44:51.301,795,409.96599252529836,-984.9340203585392,1045.3113980824164,-619.0288750780085,362.1249137158333,-144.14740076977017,2600.106857229644,-1701.4715770794005,228.4071834192814
2026-04-27 00:44:51.335,796,410.3314289505215,-986.6749970027125,1046.2089638142927,-618.8410895753075,362.0628332731552,-144.0865658672901,2602.852233603599,-1704.1477543953963,228.2709966289427
2026-04-27 00:44:51.369,797,411.4366600044759,-987.676413307795,1047.8442872080109,-618.6159659066718,362.0376781816622,-143.99005086548726,2606.712042765456,-1705.705373078621,229.2532607163435
2026-04-27 00:44:51.408,798,412.8011165404778,-988.4139360302873,1049.7433560529398,-618.4636545813353,361.93893038486493,-143.9661943787256,2611.3667765639016,-1706.4681303346167,231.03303911239965
2026-04-27 00:44:51.448,799,413.7481368406195,-989.5725808088664,1051.2194062113856,-618.2517820628196,361.9020767882465,-143.8827789401012,2615.2257322178243,-1708.026833752354,232.01615808986568
2026-04-27 00:44:51.485,800,414.64076528122195,-990.7836580576914,1052.64338439632,-618.0509754308499,361.85327828151884,-143.81333347401352,2619.339993251572,-1709.3316832880419,233.2539435104112
2026-04-27 00:44:51.521,801,415.95390014608944,-991.5742185826552,1054.4883533249588,-617.9097362754416,361.7456949467328,-143.80262927527926,2623.422561532388,-1710.6703689174951,234.45939892719431
2026-04-27 00:44:51.559,802,416.52892510411124,-993.1031635998783,1055.596363653043,-617.7463265010801,361.6622434584973,-143.7684094717695,2626.230992749377,-1713.280948610219,234.3933301077583
2026-04-27 00:44:51.598,803,417.3159332872905,-994.4230528903192,1056.9163410248768,-617.5358785036154,361.62560001055095,-143.68593886850124,2629.257541714983,-1715.6690555658674,234.5514030144692
2026-04-27 00:44:51.641,804,418.73782716399523,-995.1084401893421,1058.8685387978583,-617.3626232609408,361.553090158051,-143.63860611612952,2631.775313870061,-1718.5663156626001,234.1998570660281
2026-04-27 00:44:51.671,805,419.6867336938871,-996.2697278341951,1060.3447664617233,-617.1511073689337,361.5159296517459,-143.55451655985271,2634.0394783961046,-1721.7180081185272,233.5931537520026
2026-04-27 00:44:51.710,806,421.011449531885,-997.0610725999734,1062.191446765602,-616.9746726293549,361.441677916337,-143.50665380111082,2637.031450697457,-1724.1373448769612,233.71951663727793
2026-04-27 00:44:51.744,807,421.28166585854166,-998.9068522471449,1062.9831483740734,-616.749315790165,361.41737091423147,-143.4091544214094,2638.9738872669855,-1727.6078318122454,232.79541045841137
2026-04-27 00:44:51.782,808,422.18410952787815,-1000.12087799364,1064.4044504768412,-616.524197850592,361.3927868341064,-143.3116623657218,2643.339415679843,-1728.65826544588,234.28981735333298
2026-04-27 00:44:51.821,809,423.346381634813,-1001.0709316401433,1066.0909529495766,-616.3237815522191,361.34323532995654,-143.23791379944777,2646.9101425863587,-1730.5056176162714,234.98772810018286
2026-04-27 00:44:51.861,810,424.24800981172234,-1002.2857777299087,1067.5119123027691,-616.1340943917146,361.2798723130765,-143.17568919097252,2651.277492996787,-1731.5571400712572,236.48390947085358
2026-04-27 00:44:51.897,811,425.0509262352035,-1003.6041814725327,1068.8300869175137,-615.9063644491379,361.2541836124337,-143.07345485159405,2654.883457198907,-1733.3709447975352,237.2143912352547
2026-04-27 00:44:51.934,812,425.1658623952948,-1005.6090260757165,1069.4610920032371,-615.7524074490227,361.1497890302211,-143.04496806317573,2657.9498199712757,-1735.7259616342599,237.40065454355084
2026-04-27 00:44:51.966,813,426.75984925710276,-1006.1357877964383,1071.567618310327,-615.527176259105,361.1096543742321,-142.95059646054972,2661.016498369501,-1738.0806038149753,237.5871164820235
2026-04-27 00:44:52.006,814,427.88040477262723,-1007.1388898702069,1073.20039750232,-615.3274784283318,361.0427657515951,-142.88389844401803,2664.402432485693,-1740.1144407725171,238.09559027909106
2026-04-27 00:44:52.041,815,429.0530145350658,-1008.0912003845855,1074.883808448267,-615.0749557103834,361.0293869500253,-142.7625319453607,2667.722007095363,-1742.215841368612,238.53732564486737
2026-04-27 00:44:52.083,816,429.64623901370925,-1009.6226334953247,1075.9896936167945,-614.8756473882205,360.96244402689877,-142.6958353153039,2672.125379184599,-1743.2342413736212,240.0656260990422
2026-04-27 00:44:52.114,817,430.24369313266783,-1011.1549899357623,1077.0963660000207,-614.6723422580088,360.89575231208147,-142.63049530105675,2675.732089071504,-1745.0494885031699,240.79647617230071
2026-04-27 00:44:52.143,818,431.1041518824867,-1012.4231785022404,1078.467189698181,-614.4674172180436,360.827852278387,-142.56612765560868,2680.390832300869,-1745.8134940438636,242.57959048589697
2026-04-27 00:44:52.181,819,432.17510891110356,-1013.4781900109571,1080.0497584658963,-614.2422584029623,360.77284511785786,-142.48691740125707,2683.7453414425627,-1747.882424195276,243.0554017748643
2026-04-27 00:44:52.271,820,432.98184853178805,-1014.7973652647918,1081.3693077875128,-614.030033879864,360.7017978829368,-142.4212815985601,2687.3572048329743,-1749.695201686628,243.7836772948952
2026-04-27 00:44:52.304,821,433.8415031954015,-1016.0652012723933,1082.7392526588405,-613.8922176451879,360.5414725605941,-142.44284387936716,2691.2234333838105,-1751.2542002491875,244.76551506686474
2026-04-27 00:44:52.345,822,434.44335955639986,-1017.5937137242312,1083.840526886947,-613.6941707414185,360.4397352224366,-142.40555859273448,2693.751841889717,-1754.1530247627718,244.40742507984675
2026-04-27 00:44:52.382,823,435.09775995183816,-1019.0718072841337,1084.9909943686641,-613.4496059446166,360.3832830551843,-142.32092893549319,2696.7524317018688,-1756.5759288139068,244.52485744150403
2026-04-27 00:44:52.414,824,436.489444091696,-1019.810728431788,1086.8825973658995,-613.2220219923884,360.3102213269492,-142.2519035834535,2700.06734533372,-1758.6748112395646,244.9660193245885
2026-04-27 00:44:52.449,825,436.82849292100394,-1021.6012315843881,1087.7211829832106,-612.9918403624571,360.23732465219257,-142.1825325561412,2703.062344531427,-1761.094984819606,245.0859550090626
2026-04-27 00:44:52.482,826,438.1713187142469,-1022.3895553119947,1089.560898299594,-612.7177579429489,360.20917011636243,-142.0690863922518,2705.8702432827986,-1763.6998156984464,245.01835896985094
2026-04-27 00:44:52.515,827,439.30359839988756,-1023.3909841849324,1091.1861683511613,-612.4717767297966,360.1517007501514,-141.98316084892326,2709.469851299208,-1765.510940702892,245.74696726614545
2026-04-27 00:44:52.548,828,439.6033587290198,-1025.2255273797098,1091.9728108732957,-612.2409209166227,360.07607995019,-141.90856226452448,2712.56236233871,-1767.8296574675708,245.96772199044392
2026-04-27 00:44:52.581,829,440.47637633793886,-1026.487097768026,1093.3312410264107,-611.9629740739571,360.0453695226658,-141.78569450943968,2715.8778207701653,-1769.927419655065,246.40804638622944
2026-04-27 00:44:52.617,830,441.30460083188495,-1027.7963029329624,1094.6399017037304,-611.7474701999711,359.95332818143197,-141.72423445549248,2719.1930449661986,-1772.02512526387,246.8477362970905
2026-04-27 00:44:52.655,831,442.969381994829,-1028.2721335128895,1096.7815544573377,-611.5188824218583,359.87600249629224,-141.64675909437008,2723.0139911399706,-1773.613797776148,247.79577880740743
2026-04-27 00:44:52.690,832,443.58768813754926,-1029.7932678078532,1097.8742868010881,-611.2729502453523,359.81306521954616,-141.55004188396276,2726.0710226362753,-1775.963561159351,247.98319226922223
2026-04-27 00:44:52.728,833,444.25318853975017,-1031.2652358859807,1099.0132726842269,-611.0117756127788,359.7648290972309,-141.438101335982,2730.2075013868616,-1777.2339649465084,249.2533648850558
2026-04-27 00:44:52.767,834,445.084587160674,-1032.5700916901196,1100.3187865264363,-610.7168283956022,359.748428851071,-141.29013922803628,2734.0585740276674,-1778.7904597602599,250.23726930488218
2026-04-27 00:44:52.801,835,446.4378801809543,-1033.3529955736876,1102.1447588409933,-610.5006050275896,359.6521758428534,-141.2188903182473,2736.860741895985,-1781.395580295503,250.1720141555626
2026-04-27 00:44:52.836,836,447.31779193470317,-1034.6098773085914,1103.4950415870142,-610.2332014313564,359.603793452906,-141.09746375889003,2740.6782131871028,-1782.9847249479162,251.12218374998565
2026-04-27 00:44:52.870,837,448.1530032310218,-1035.9139807859633,1104.799140256061,-609.9685123762019,359.55289855403515,-140.97861992044778,2743.7003500291935,-1785.368479938707,251.27854471935984
2026-04-27 00:44:52.911,838,449.07873961283354,-1037.1238218958879,1106.1993454311914,-609.7192661933854,359.48733005203064,-140.87467157148478,2747.8044662206908,-1786.6708350699575,252.51595117762832
2026-04-27 00:44:52.945,839,450.47817806430214,-1037.859422810463,1108.0739401374778,-609.4863391409588,359.4030984870073,-140.7902735899518,2751.113956271446,-1788.7664680695482,252.95786596128337
2026-04-27 00:44:52.992,840,451.1922391129258,-1039.2827141094813,1109.2579268153777,-609.2363499608949,359.33588604691727,-140.68926392663968,2754.1715199330806,-1791.115309835731,253.14446783281286
2026-04-27 00:44:53.035,841,450.9853758468774,-1041.627306603254,1109.5182871662005,-608.9704934621685,359.2849197009725,-140.57045896771075,2757.2283622688224,-1793.465957016153,253.33187723161151
2026-04-27 00:44:53.082,842,451.60785308044257,-1043.1428519986484,1110.6058705551159,-608.6721396981355,359.2680997660827,-140.41940576678695,2760.540596061138,-1795.5630841629163,253.7726542756251
2026-04-27 00:44:53.122,843,453.01215124498003,-1043.8768357385532,1112.4738781585486,-608.3917405192744,359.2346432890816,-140.28562090062047,2763.3482825171614,-1798.1672165748964,253.7054399447996
2026-04-27 00:44:53.157,844,453.8950153911148,-1045.130354874498,1113.820775968571,-608.1587189335346,359.15195022364514,-140.19944309014215,2766.0870911147554,-1800.8373928474143,253.5685690335586
2026-04-27 00:44:53.194,845,455.5558742259489,-1045.6041798701624,1115.9480114948212,-607.9397880511483,359.05201176544796,-140.129278362784,2769.6182982711243,-1802.7125723161328,254.2273215994374
2026-04-27 00:44:53.228,846,456.1323409694626,-1047.164280882434,1116.988478202954,-607.703723402167,358.969607215823,-140.043630952847,2772.896673780236,-1804.842073646904,254.63244520266764
2026-04-27 00:44:53.267,847,457.27713653357216,-1048.158555883518,1118.5954157546464,-607.4471472749907,358.9031584078693,-139.9401771611976,2774.8413748225294,-1808.3064720249881,253.70076944592967
2026-04-27 00:44:53.303,848,457.89993271015237,-1049.6732300852993,1119.6828255667785,-607.189157366727,358.8367025434108,-139.83506738082176,2777.6153846319853,-1810.9437841892013,253.59783166116372
2026-04-27 00:44:53.339,849,458.3087960861977,-1051.4019069033982,1120.5565106162692,-606.9004945559705,358.8023372804458,-139.69832946966795,2780.3925530876827,-1813.581718602723,253.49325282916996
2026-04-27 00:44:53.379,850,458.92638660940975,-1052.9169128812405,1121.6452556855766,-606.6130428392805,358.7680683691114,-139.56182114574904,2783.1691937668247,-1816.2201475014278,253.3895789888603
2026-04-27 00:44:53.419,851,459.5438088375723,-1054.4316335143758,1122.7332601291046,-606.376651049269,358.68167299333936,-139.47606777376885,2785.657921816615,-1819.1464283457424,252.99732973470338
2026-04-27 00:44:53.454,852,460.42773917532463,-1055.6858578882934,1124.079903390564,-606.1179437703507,358.6140539889408,-139.36945706008228,2789.553325845633,-1820.66535191236,254.00977618495835
2026-04-27 00:44:53.486,853,461.3600482658388,-1056.8948359986232,1125.4718457138508,-605.8577920295705,358.5463264964964,-139.26285396184448,2792.585225244458,-1823.049607930518,254.15633405609682
2026-04-27 00:44:53.526,854,462.4641982795855,-1057.9351013347307,1127.0327364154425,-605.6301584544716,358.44411761838035,-139.19260384484565,2795.617891980355,-1825.435401110033,254.30345338848838
2026-04-27 00:44:53.567,855,463.5692999782915,-1058.97435624719,1128.5914680655906,-605.397645979083,358.34311866884167,-139.1223861454794,2799.1942828918127,-1827.280436995507,254.99321251779602
2026-04-27 00:44:53.603,856,464.463849088391,-1060.2266396329705,1129.9325067980155,-605.1146506352255,358.2922282728875,-139.00095951200467,2802.515697170404,-1829.3777530799114,255.4315161893587
2026-04-27 00:44:53.641,857,464.7976817606957,-1062.0402695762966,1130.7099256213796,-604.8100715461143,358.25828975218747,-138.86237143097426,2806.0878952111843,-1831.2219908710233,256.1226314094683
2026-04-27 00:44:53.682,858,465.4810523273911,-1063.5059018986606,1131.8326240511071,-604.4894522984856,358.24109993443756,-138.70738712943236,2808.0705922081384,-1834.6578619424797,255.22330230647646
2026-04-27 00:44:53.716,859,467.1167135558839,-1064.0239405500583,1133.9049744142721,-604.2364429428739,358.1541825050571,-138.6200653915054,2811.1346840671063,-1837.0078722802725,255.40865228810907
2026-04-27 00:44:53.754,860,468.752230381471,-1064.5423065707362,1135.9779392841044,-604.0500391507992,357.9971918737641,-138.60015546425691,2812.791463649195,-1840.7595416741153,254.1911776758766
2026-04-27 00:44:53.791,861,469.3501305781622,-1066.0984039451894,1137.0153706978074,-603.7410851664187,357.96138832260556,-138.45760287007937,2816.099973708621,-1842.8527919325388,254.63071504368605
2026-04-27 00:44:53.829,862,469.51390749009585,-1068.0862661514602,1137.6230132057321,-603.4685194941244,357.8909291125878,-138.35275924378425,2819.156177315669,-1845.1990141974711,254.81593996487024
2026-04-27 00:44:53.869,863,470.4160855427279,-1069.3400978663717,1138.9647805464579,-603.2331064104816,357.78433501258286,-138.28174005139013,2822.9740255883353,-1846.7858878297127,255.75921085257087
2026-04-27 00:44:53.906,864,471.362658890818,-1070.549185014331,1140.3501471584545,-602.9616606016965,357.7119082867623,-138.17375324156356,2825.4593774730497,-1849.7065191976103,255.3651723800291
2026-04-27 00:44:53.941,865,472.26412390516595,-1071.801973347242,1141.6910719275043,-602.7389359698548,357.5868355278949,-138.1139707445758,2827.979559945603,-1852.5917396656687,255.00696966387716
2026-04-27 00:44:53.980,866,473.11853691305794,-1073.0999678415283,1142.9890391346132,-602.462388179071,357.5141390674132,-137.9986991600485,2830.717027627352,-1855.2596867521504,254.8684916862995
2026-04-27 00:44:54.014,867,473.8490046456922,-1074.5259263483674,1144.157965387952,-602.2321765220172,357.3856178930344,-137.93742696414628,2833.5212593725937,-1857.8563236377543,254.80026181125598
2026-04-27 00:44:54.061,868,474.28401897457917,-1076.2579256269128,1145.0233308329944,-601.9103767524572,357.3474255040494,-137.78458072025543,2837.153694909968,-1859.6249408312553,255.55829658310748
2026-04-27 00:44:54.093,869,474.8930049638794,-1077.8168490113312,1146.062780923446,-601.6069623876546,357.2927421300606,-137.6493685725698,2841.2576685937875,-1860.9229662528103,256.7862276201097
2026-04-27 00:44:54.127,870,476.0656199746334,-1078.812724187764,1147.66286204497,-601.3245839083335,357.2195935010929,-137.53521475352147,2845.1089129040784,-1862.4740892049676,257.762249469506
2026-04-27 00:44:54.161,871,475.90530515171827,-1081.1439863953642,1147.9217023083588,-601.0631372306178,357.12609097040985,-137.44142849063238,2847.627914641204,-1865.3595403592296,257.4049100497412
2026-04-27 00:44:54.199,872,478.076197605539,-1081.1439863953642,1150.5098644344398,-600.8353463722294,356.99580922587506,-137.38317725666224,2851.699415630893,-1866.6933582287402,258.5986442620875
2026-04-27 00:44:54.238,873,479.25455726675744,-1082.1379944132996,1152.1042061686298,-600.6267842940655,356.84559187001696,-137.342954044628,2853.930870584145,-1869.8651756388338,257.9534734087462
2026-04-27 00:44:54.275,874,480.43659313128006,-1083.1310695809382,1153.6975149508125,-600.379112894421,356.7355823324306,-137.2598865617027,2857.7832300779746,-1871.4165016083655,258.92970400099364
2026-04-27 00:44:54.315,875,481.14101386964177,-1084.59928168319,1154.8141891750306,-600.0599064755972,356.69663287793037,-137.10415698030502,2860.3030160291023,-1874.3011152981462,258.5718000905844
2026-04-27 00:44:54.348,876,482.5345662655529,-1085.3754292640751,1156.6242904300232,-599.794492727833,356.60150830695375,-137.00345859586434,2864.1906920810166,-1875.816310649515,259.5817034977244
2026-04-27 00:44:54.384,877,482.93608401883677,-1087.1457582638418,1157.4425752521242,-599.5590817572415,356.47264740656715,-136.93722858529597,2868.044353323069,-1877.36607122454,260.55639972955635
2026-04-27 00:44:54.427,878,483.9455690775421,-1088.3173782457225,1158.8605925476693,-599.2617495851282,356.3983231576464,-136.81835004423954,2872.1504223157986,-1878.6628780480164,261.78178261217386
2026-04-27 00:44:54.467,879,484.6555393770446,-1089.7909402507148,1159.9778350510574,-599.0422439113964,356.247033508327,-136.7765806062051,2874.921995220664,-1881.2932547312546,261.6763870475718
2026-04-27 00:44:54.502,880,485.54679378731976,-1091.0878024994827,1161.2739245220819,-598.8226178862819,356.0943804878488,-136.73500988791832,2877.6905599241013,-1883.9248255582204,261.57279201594025
2026-04-27 00:44:54.541,881,486.478703701157,-1092.3451948909994,1162.611941851641,-598.52386191784,356.0169204232884,-136.61909675782044,2880.9666353578036,-1886.0520837837723,261.97554769637
2026-04-27 00:44:54.581,882,487.63180895678056,-1093.3831986687414,1164.1690115809417,-598.2981753172106,355.8647047148736,-136.57988072079564,2883.739376669759,-1888.6861475020896,261.8710302182379
2026-04-27 00:44:54.620,883,487.6071424867724,-1095.5969734711828,1164.550534584499,-598.0127115034469,355.7697180532255,-136.48480752107022,2888.134047227,-1889.699302766024,263.39032619561124
2026-04-27 00:44:54.657,884,488.7556623704527,-1096.6354707577593,1166.1084118284602,-597.7627450531392,355.63589782702644,-136.42922374323985,2891.9883619826896,-1891.2530830110293,264.3687899420489
2026-04-27 00:44:54.698,885,489.2096686860115,-1098.3714928928575,1166.9678900417878,-597.4331653548031,355.5778221855796,-136.2982397915187,2895.808306915891,-1892.8407094860265,265.3132002688562
2026-04-27 00:44:54.730,886,489.6293382942199,-1100.1469919360538,1167.7858398976182,-597.1020038184757,355.5197097605396,-136.16568459151347,2898.8690100784047,-1895.188310379307,265.49744397129626
2026-04-27 00:44:54.771,887,490.529396032535,-1101.4429811162288,1169.0817081051853,-596.7889669725262,355.4420006816715,-136.05145007542635,2902.438148252926,-1897.028588349388,266.1857189405455
2026-04-27 00:44:54.809,888,491.50596996359377,-1102.6588510560755,1170.45857366973,-596.4553875117153,355.3841850356537,-135.91672899947017,2906.5837061328534,-1898.293277619599,267.4504068634614
2026-04-27 00:44:54.900,889,491.74295324582414,-1104.6129175272958,1171.098344645826,-596.123153401524,355.32582706842686,-135.78225635386258,2909.7174363666454,-1900.5697857061557,267.7033015852444
2026-04-27 00:44:54.946,890,492.4606183631575,-1106.0904946309793,1172.216439267628,-595.8840946972126,355.16912140697053,-135.74457024894335,2913.035618338196,-1902.662583467677,268.13669557078464
2026-04-27 00:44:54.990,891,493.3584083099557,-1107.3900464319377,1173.5160598135838,-595.6192801401811,355.03078414039254,-135.6900494051059,2915.2351815180796,-1905.872087680325,267.4535534873383
2026-04-27 00:44:55.024,892,494.03657679503596,-1108.9104331538508,1174.5963455322524,-595.3941407240267,354.8509462222152,-135.67689222940993,2917.758074416613,-1908.758100284722,267.09424898821504
2026-04-27 00:44:55.066,893,494.9359984359613,-1110.2113472688256,1175.8971633739764,-595.1248103078423,354.71076169335095,-135.6240344994455,2920.274529718153,-1911.643445391807,266.7376326943539
2026-04-27 00:44:55.104,894,495.6592299890481,-1111.691142173595,1177.0151106348862,-594.8168600381089,354.6094382161282,-135.53459233995287,2923.009897102547,-1914.3107073708422,266.60204797127204
2026-04-27 00:44:55.142,895,496.90368411128554,-1112.6514683794853,1178.6517560457928,-594.4423907915775,354.57137451691875,-135.3831796729704,2925.5247925810277,-1917.1964605937671,266.24741590905074
2026-04-27 00:44:55.181,896,497.6312895850947,-1114.1326110755735,1179.7685531978132,-594.186177953637,354.41596342896474,-135.348135785435,2928.259711895976,-1919.8639688034946,266.1118213154686
2026-04-27 00:44:55.223,897,498.8041802130582,-1115.1714256059843,1181.3265659774092,-593.8912612292148,354.2982256452699,-135.2753851561688,2931.569547372037,-1921.958768326175,266.55100189457966
2026-04-27 00:44:55.261,898,500.2367473498226,-1115.950508196149,1183.1441808936136,-593.5952684510358,354.1815005354858,-135.20382317529547,2935.1338075812178,-1923.8008492362087,267.24538823655325
2026-04-27 00:44:55.301,899,500.92924587338473,-1117.4699151521927,1184.2207540912952,-593.3008334795894,354.06095807134056,-135.13705867823458,2937.3613404777284,-1926.9777026130007,266.6062366690608
2026-04-27 00:44:55.343,900,502.3649102185748,-1118.2488221617139,1186.0381937554819,-592.9823902887731,353.9630759970893,-135.04748454880232,2940.097026353244,-1929.6477885535583,266.47549790263156
2026-04-27 00:44:55.379,901,503.09912028115724,-1119.7307823294761,1187.153988678006,-592.6601023275192,353.86992440330545,-134.95434603448467,2943.4076039142633,-1931.7452524866958,266.9171606050196
2026-04-27 00:44:55.415,902,503.7565577907251,-1121.2873115939904,1188.1919388269164,-592.3031702454716,353.8097540287875,-134.82952425565838,2947.513897964628,-1933.0481744754616,268.15454701327394
2026-04-27 00:44:55.453,903,503.9746516689723,-1123.2855113873231,1188.7858573554906,-592.030359287343,353.6661172506944,-134.78660015450794,2949.999000485229,-1935.9746473054838,267.7671045818959
2026-04-27 00:44:55.495,904,505.1869068569864,-1124.2845458228264,1190.3796963716957,-591.7472437963394,353.5318915733181,-134.7359838550408,2954.1087636734983,-1937.2783811523782,269.00423723343033
2026-04-27 00:44:55.532,905,506.6183173069558,-1125.0629756977194,1192.1960063960923,-591.3839396005259,353.4761293585843,-134.60628963412663,2957.9645837939324,-1938.837072711735,269.98815417735904
2026-04-27 00:44:55.575,906,507.60808041583334,-1126.28308329364,1193.5687586301824,-591.0462868156563,353.3913192817015,-134.50268762174176,2960.483433762286,-1941.7337381269651,269.63548397003984
2026-04-27 00:44:55.618,907,508.780483164659,-1127.3198837171578,1195.1241323492861,-590.7084319358928,353.3071749965798,-134.39882032471502,2963.7970440354384,-1943.834898770248,270.0792920108419
2026-04-27 00:44:55.651,908,510.0294099348575,-1128.2805249942762,1196.75596457826,-590.4251889717726,353.16582125544414,-134.35245147321925,2967.3661072244045,-1945.6824142078658,270.77838384328123
2026-04-27 00:44:55.688,909,511.02065999875066,-1129.5008382683227,1198.1279610629317,-590.0737080174202,353.0900081096743,-134.2386959749459,2970.6835863916626,-1947.7837562594264,271.2213003336769
2026-04-27 00:44:55.729,910,512.4573129342634,-1130.2786893018338,1199.9430272662858,-589.7478724244542,352.98465968343413,-134.15426102719013,2974.510747394686,-1949.3767517597294,272.17269224483323
2026-04-27 00:44:55.763,911,513.6353313057455,-1131.3151236075469,1201.498253462499,-589.433790408656,352.86408130155945,-134.08233687044762,2977.864069994014,-1951.4449146434783,272.64781466132393
2026-04-27 00:44:55.798,912,514.1461013961309,-1133.0157111035082,1202.3899933051055,-589.0552046092263,352.8057301149267,-133.94587142021874,2980.356046383618,-1954.376178626026,272.25615822520905
2026-04-27 00:44:55.837,913,515.3592879972416,-1134.015545930272,1203.9845674177604,-588.638298160572,352.78612446110384,-133.77054543666955,2983.388222922544,-1956.7632353405186,272.4071086130969
2026-04-27 00:44:55.872,914,516.3493636850228,-1135.2364573453865,1205.3592524405026,-588.2626210904498,352.72283018810447,-133.63962610857348,2986.707140299901,-1958.8618087537507,272.8462924355346
2026-04-27 00:44:55.906,915,517.7830761437183,-1136.0154904069873,1207.1767964580283,-587.9490537480256,352.5953227664849,-133.57075863651056,2989.9896267556996,-1960.9935199634192,273.2536338078667
2026-04-27 00:44:55.950,916,518.6972146364791,-1137.3141036802087,1208.4755656271557,-587.6296212902488,352.47145465261514,-133.49592616269322,2992.761318759222,-1963.6304095637354,273.15273781962406
2026-04-27 00:44:55.983,917,519.612799796695,-1138.6112756573618,1209.7728934003462,-587.2706196171896,352.3874086642371,-133.38006150859906,2996.360634454333,-1965.4379013639054,273.8791518125074
2026-04-27 00:44:56.016,918,520.6432235782977,-1139.7946185775158,1211.1844719830533,-586.9997729973246,352.2145092099263,-133.3527259713926,2999.4186310870427,-1967.7858381479423,274.06478139570396
2026-04-27 00:44:56.051,919,521.6398994810793,-1141.0172403147853,1212.557514567412,-586.6354595838143,352.134486097672,-133.23225903017598,3004.5716218188372,-1968.0393037306726,276.3459607522191
2026-04-27 00:44:56.090,920,522.3414354402286,-1142.5370312407858,1213.6324871231677,-586.2971840600277,352.0291846075355,-133.13526956280114,3008.424943532316,-1969.592777307608,277.324979935284
2026-04-27 00:44:56.123,921,524.3057776735154,-1142.7966194017454,1215.9685636515858,-585.9397888449449,351.94431369994436,-133.0177201524566,3012.24328990189,-1971.1802292915713,278.2678841950236
2026-04-27 00:44:56.158,922,525.7905446303657,-1143.5386666625398,1217.823016179328,-585.6052945291107,351.8355002116427,-132.92537187616432,3015.0486972336744,-1973.7791141656667,278.1985360545946
2026-04-27 00:44:56.196,923,526.758812682268,-1144.7998465730145,1219.1576505775388,-585.2429973153671,351.7502774076156,-132.8084429598841,3017.8508381334063,-1976.3798634048792,278.13153596301356
2026-04-27 00:44:56.230,924,527.4312016861172,-1146.3571610752892,1220.1957908186025,-584.8536933497921,351.6888711008592,-132.66443956204714,3020.3650161360874,-1979.2674088846654,277.77738814798596
2026-04-27 00:44:56.262,925,528.8813084312566,-1147.1367127662365,1222.014604867408,-584.5107101126616,351.58145866757974,-132.5650337657765,3023.165438302801,-1981.8697023330676,277.7109416992255
2026-04-27 00:44:56.302,926,529.8103514412823,-1148.437277620664,1223.314835043231,-584.2050147456824,351.4330443241725,-132.50767389631872,3028.3131610805704,-1982.1234483111857,279.9944431996427
2026-04-27 00:44:56.340,927,531.2592238162867,-1149.2179578942148,1225.1365291110787,-583.8598339666138,351.3212471106256,-132.41456643303368,3032.1604124963546,-1983.6780076412276,280.97469434554336
2026-04-27 00:44:56.378,928,531.9619312773234,-1150.7419954724362,1226.2150627692777,-583.42415333322,351.30100081001325,-132.23127950671133,3035.7561220932243,-1985.4854354705865,281.70126791912486
2026-04-27 00:44:56.413,929,532.7031181986482,-1152.2300651393264,1227.3314854233568,-583.0755583153252,351.19461734896566,-132.13488180822816,3039.571350334132,-1987.072876922901,282.6490487547714
2026-04-27 00:44:56.455,930,533.1483836517478,-1154.0163364114917,1228.1507261640645,-582.6818899814389,351.13309200917405,-131.99137861732677,3042.339501027223,-1989.7070653897197,282.54845740551355
2026-04-27 00:44:56.497,931,533.8547148850806,-1155.5410344475101,1229.2297740611177,-582.4265676256151,350.93576142085703,-131.98285841623243,3046.9499076584952,-1990.5010335486863,284.2890459390302
2026-04-27 00:44:56.532,932,535.3450090347268,-1156.284667252068,1231.0867558770985,-582.0818804909277,350.82799013447413,-131.88188767097037,3050.8003954495302,-1992.055614985947,285.2698387590008
2026-04-27 00:44:56.572,933,535.7924953715024,-1158.0686694132462,1231.9037606398472,-581.6723568550558,350.7860477604274,-131.71464882905147,3054.110646107625,-1994.151664365304,285.7103494946438
2026-04-27 00:44:56.604,934,537.0197149359011,-1159.073387729676,1233.5035329570915,-581.288727943018,350.7205850083247,-131.5732859415777,3057.9966118975517,-1995.6729669058345,286.7243854523962
2026-04-27 00:44:56.647,935,537.7615222384668,-1160.5624327679006,1234.6213884855513,-581.035929858776,350.52379270882363,-131.56311263078837,3061.0554318304953,-1998.0224707294965,286.91093263570764
2026-04-27 00:44:56.682,936,538.7297491439697,-1161.8293521501987,1235.962755120763,-580.6716983045251,350.43719095844665,-131.44156784831125,3064.116249752907,-2000.3718085754065,287.09634008655803
2026-04-27 00:44:56.714,937,539.9224593475346,-1162.8726198208346,1237.5276067796217,-580.4147444254183,350.2418424787742,-131.42828562524798,3068.4768998009754,-2001.419526527707,288.58304867890706
2026-04-27 00:44:56.755,938,541.4498266045903,-1163.5803277312875,1239.428913940029,-580.0906026403479,350.1081036834806,-131.35316483716815,3071.248379674863,-2004.0568534298739,288.4818029395445
2026-04-27 00:44:56.789,939,542.4157456302992,-1164.8463371186992,1240.770284062655,-579.6934632124621,350.04529866088404,-131.20658712347551,3075.101930596458,-2005.612500116878,289.4630117081128
2026-04-27 00:44:56.829,940,542.8625234109722,-1166.6343662688078,1241.589439490071,-579.2955407664826,349.98168009777976,-131.05796623415608,3078.126587098007,-2007.9964756911727,289.61685255266053
2026-04-27 00:44:56.870,941,544.3532333811194,-1167.380166420947,1243.4534096608857,-578.8982304949238,349.9185200998884,-130.91072462571236,3080.646349322349,-2010.888759767084,289.26153624722065
2026-04-27 00:44:56.910,942,545.0629210241708,-1168.9095709838793,1244.5348751132508,-578.4578068841752,349.8971159638747,-130.71870192253442,3083.4203509431454,-2013.5279367027138,289.158762699268
2026-04-27 00:44:56.949,943,547.0805193572721,-1169.1339098157737,1246.9220479973167,-578.1953575554161,349.69757044707586,-130.7045166541348,3086.4845445287547,-2015.8799727410035,289.3438263325644
2026-04-27 00:44:56.991,944,548.5402342987119,-1169.9175259385938,1248.7508281398366,-577.8403108657164,349.5863186717248,-130.60087486243162,3089.766708540775,-2018.011257576768,289.75187631913565
2026-04-27 00:44:57.042,945,549.2542630718631,-1171.447653191248,1249.8319321368572,-577.4851675674729,349.4755297625979,-130.49746957998263,3094.920949688876,-2018.265119855835,292.0367807519896
2026-04-27 00:44:57.084,946,550.008859965173,-1172.941808645011,1250.9483342774886,-577.1513875305793,349.3439448859758,-130.41718170210825,3098.738484594768,-2019.8541559546206,292.986961595435
2026-04-27 00:44:57.121,947,550.7291997612562,-1174.470968255442,1252.027382702376,-576.7290828856015,349.2971721127884,-130.24998635349905,3101.219618946683,-2022.7790592114768,292.60304120613836
2026-04-27 00:44:57.172,948,551.451405031184,-1176.0000722438847,1253.106334524616,-576.4376702216196,349.1172824969451,-130.21536618749218,3105.5762818302173,-2023.8283141537493,294.0969277075636
2026-04-27 00:44:57.212,949,553.1812844032366,-1176.5215094013886,1255.1922147810124,-576.072879218629,349.00717524547275,-130.10602643167556,3108.375436960757,-2026.4366240367685,294.0333116647787
2026-04-27 00:44:57.246,950,554.9113448440876,-1177.0427767378505,1257.2778434677418,-575.6641363129053,348.9400436453025,-129.94964471134998,3111.683128827813,-2028.535845691235,294.479504031146
2026-04-27 00:44:57.287,951,556.1562364726119,-1178.0495093993143,1258.8757098784972,-575.281116492295,348.84852987809484,-129.8197026000434,3116.070359423924,-2029.5547778007865,296.00823549274907
2026-04-27 00:44:57.326,952,557.1443728059093,-1179.316726078784,1260.2126679781627,-574.9256690109097,348.7323001929917,-129.71622836629848,3119.6005911357324,-2031.4318246675768,296.6784492851108
2026-04-27 00:44:57.371,953,557.6419238982221,-1181.0704422165786,1261.064761698673,-574.454418765284,348.7323001929917,-129.49642452151687,3122.8783256211277,-2033.5643103957568,297.0928744896083
2026-04-27 00:44:57.422,954,559.1097987814677,-1181.8527762141641,1262.8904781808653,-574.0952870917477,348.61851764105626,-129.38869158971514,3125.1049270975677,-2036.747245137626,296.4572304922041
2026-04-27 00:44:57.460,955,559.5709143236044,-1183.6429878945112,1263.7085133282194,-573.8006579326648,348.4342053973586,-129.35226622369828,3127.3622513037367,-2039.9006689091636,295.8540243054941
2026-04-27 00:44:57.499,956,560.1080446177065,-1185.3637388596244,1264.5957546918062,-573.4598048528818,348.2941020566442,-129.27339069108945,3130.129603501493,-2042.5447562095937,295.7609680106401
2026-04-27 00:44:57.538,957,560.3168341115993,-1187.4173785040327,1265.1523357327394,-573.1098275831131,348.1589477898352,-129.19205627880075,3132.9296537573396,-2045.1583676775508,295.69886272004874
2026-04-27 00:44:57.579,958,561.0804600594157,-1188.9147564247244,1266.268932731275,-572.6732372578591,348.11039881420675,-129.0253807876094,3136.81197790202,-2046.6901245333868,296.7203523184024
2026-04-27 00:44:57.619,959,562.0671891820307,-1190.187327829744,1267.612483508873,-572.3266151443472,347.969962975796,-128.95090223153508,3140.123381848617,-2048.793743827802,297.1683135831053
2026-04-27 00:44:57.657,960,563.3518146285353,-1191.1626487143226,1269.2551636313628,-571.9795290125543,347.82880823527603,-128.87665861002915,3142.8623712333233,-2051.470885701652,297.0426355626542
2026-04-27 00:44:57.700,961,564.8256877788577,-1191.9485768596298,1271.0889872654532,-571.5973109692584,347.7202247546752,-128.768216859694,3145.631284205856,-2054.116167084808,296.9505042910467
2026-04-27 00:44:57.740,962,564.7955784826522,-1194.2340514731259,1271.4242378154713,-571.1988633165374,347.6280539873785,-128.64571842254873,3148.654159895165,-2056.5059225116834,297.11328771282155
2026-04-27 00:44:57.775,963,565.585532726587,-1195.6965490818206,1272.584164626778,-570.7995125884763,347.53645639101836,-128.52452285655858,3152.7609679296415,-2057.8129829603977,298.3585172195171
2026-04-27 00:44:57.815,964,566.3039842259421,-1197.234522257664,1273.670258847033,-570.3957208061282,347.45039613723463,-128.3967330548762,3154.9874142063463,-2060.998983177385,297.72542450945156
2026-04-27 00:44:57.856,965,567.2504638117542,-1198.5461468031613,1274.9819022135528,-570.013864116175,347.34135315112707,-128.28762993450337,3158.0121741100734,-2063.3895334639797,297.8880689732149
2026-04-27 00:44:57.899,966,568.0063493818587,-1200.046122631897,1276.103934598576,-569.781642669221,347.0778770320168,-128.33534488241085,3161.8970841092364,-2064.9206906566455,298.90869604002637
2026-04-27 00:44:57.939,967,568.9910599251065,-1201.3214854377163,1277.4520230932021,-569.4255963641531,346.9349485920273,-128.26212548592704,3164.9237843308506,-2067.3110357310106,299.07005361266613
2026-04-27 00:44:57.988,968,571.2514234624256,-1201.3214854377163,1280.0752350112912,-569.0400331711332,346.82001009015966,-128.16071471473882,3168.7461487135174,-2068.904635928549,300.0280629802907
2026-04-27 00:44:58.038,969,571.675689063515,-1203.1575923054913,1280.8620297851053,-568.680680507084,346.67547681281366,-128.08754703254436,3171.550667112674,-2071.517692045706,299.9645208027247
2026-04-27 00:44:58.086,970,572.7334755357404,-1204.360392494643,1282.2836004480419,-568.3164771505508,346.5297490590507,-128.0152348064444,3173.7811723578743,-2074.7041871664933,299.3267629392112
2026-04-27 00:44:58.132,971,574.5083918225386,-1204.8494549594707,1284.4197435838796,-567.8684267875794,346.464714468883,-127.86257402495653,3177.636085404344,-2076.264277659417,300.313508236485
2026-04-27 00:44:58.165,972,576.0221802507613,-1205.6012717898911,1286.2927990263584,-567.3557429500976,346.464714468883,-127.64640539056269,3179.6435668594977,-2079.6730633131647,299.45288602255107
2026-04-27 00:44:58.250,973,576.7863674861279,-1207.1052470683587,1287.4145179887544,-566.9650764253612,346.3396275737175,-127.55534007919938,3181.651993392116,-2083.0836892885077,298.5918334397475
2026-04-27 00:44:58.284,974,577.4788343245841,-1208.6803295613136,1288.4650563002606,-566.4986651560666,346.28784386888344,-127.39166985871456,3185.2542098958334,-2084.901879020223,299.32538494911597
2026-04-27 00:44:58.322,975,577.9413639317115,-1210.4819660243056,1289.2887714506164,-566.19933826616,346.0669230776612,-127.39657181275969,3189.046717381329,-2086.5268010787954,300.253955773954
2026-04-27 00:44:58.356,976,578.8920893814827,-1211.795412263161,1290.6021794573253,-565.7415317113579,346.0018254513505,-127.24469857146985,3192.899666286502,-2088.090105113605,301.2445699665695
2026-04-27 00:44:58.392,977,580.4059604998815,-1212.547669512791,1292.4773447777984,-565.4262562985404,345.7907266528648,-127.23982649626159,3195.383374391773,-2091.0232991627367,300.8660005994464
2026-04-27 00:44:58.425,978,581.621657318419,-1213.5988977677653,1294.0538926867534,-565.0139099304935,345.6723872658701,-127.14155183765037,3199.7787421716303,-2092.044397553974,302.3983146296634
2026-04-27 00:44:58.459,979,583.1372285882659,-1214.351327893363,1295.9289689877817,-564.6095478094944,345.54434636421917,-127.05287916880053,3202.262056323782,-2094.9763175569274,302.0184193882712
2026-04-27 00:44:58.501,980,583.8664317413396,-1215.8914349701404,1297.0158116897298,-564.2177033320316,345.40536523625167,-126.97729920021271,3205.8602455128266,-2096.7939564765984,302.7533613737279
2026-04-27 00:44:58.542,981,584.8900077307194,-1217.1324263992276,1298.4021691766375,-563.9408884632933,345.1487758820803,-127.01918590060268,3208.375330434994,-2099.694037535816,302.4045129054568
2026-04-27 00:44:58.580,982,586.6302821606089,-1217.6578679601432,1300.503622954,-563.5241551615397,345.03141723117625,-126.9229126598816,3211.1155126485055,-2102.3713549072386,302.27793012582396
2026-04-27 00:44:58.620,983,587.130460422357,-1219.424037949983,1301.3626135613456,-563.126704955736,344.8924722357515,-126.84862112447276,3214.208059520124,-2104.6987057850483,302.50140900057824
2026-04-27 00:44:58.656,984,587.668523711727,-1221.1541509828496,1302.2547922587241,-562.6530762776779,344.8292281042712,-126.70119485355552,3217.5232862606454,-2106.801145249334,302.9467973900742
2026-04-27 00:44:58.685,985,588.4416010382092,-1222.6572906718006,1303.370778993771,-562.2869119433469,344.65903988787926,-126.66075834091684,3221.9222312196453,-2107.8200689061555,304.475655047334
2026-04-27 00:44:58.719,986,588.6581024368585,-1224.7177894281047,1303.9287907078847,-561.8865384170144,344.51987589111894,-126.58685983692835,3224.9818923919297,-2110.1765807410015,304.6660233315963
2026-04-27 00:44:58.758,987,589.6925897919601,-1225.9580407550332,1305.3072970849955,-561.4438422016607,344.42267761054785,-126.46806271071792,3229.3475869268705,-2111.2274815050096,306.16128033149215
2026-04-27 00:44:58.788,988,590.9557150457894,-1226.9716651071963,1306.9134965334833,-560.9247513582266,344.4009148323473,-126.27170686854595,3232.659984693904,-2113.329197635032,306.6069371921791
2026-04-27 00:44:58.827,989,592.7428588414515,-1227.4610537391495,1309.043243713265,-560.4808298292091,344.30226553908017,-126.15161906700816,3236.510700214914,-2114.8897999352025,307.59487846884804
2026-04-27 00:44:58.867,990,593.744911023389,-1228.7362927280556,1310.3865082365558,-560.0098901724808,344.2252995371222,-126.00777711763405,3239.279108906948,-2117.5333500615843,307.502242809451
2026-04-27 00:44:58.901,991,595.2360933550551,-1229.5223609973575,1312.2203405458006,-559.5151943918457,344.17018628949734,-125.84109604961377,3241.5049912729337,-2120.7169332434514,306.86790265898645
2026-04-27 00:44:58.938,992,595.9419863327112,-1231.0936802759904,1313.2680354320767,-559.1842248210315,343.947505458445,-125.84008856348447,3244.526679313144,-2123.1030702075223,307.0269391506164
2026-04-27 00:44:58.979,993,596.6464582937531,-1232.6663978902022,1314.3168801884278,-558.7840512506787,343.7918802563091,-125.77314724734813,3248.4105819405336,-2124.6283152335036,308.0441389100511
2026-04-27 00:44:59.024,994,597.6800127894322,-1233.9080196859545,1315.6987563996524,-558.4068498498964,343.6144982343602,-125.72851958682219,3251.434948023298,-2127.014418229593,308.2005243243983
2026-04-27 00:44:59.066,995,598.4793439635043,-1235.3749287920095,1316.8560614597138,-558.0408119608425,343.42556297540716,-125.69647779992108,3254.746863115514,-2129.1150402281437,308.64482938056256
2026-04-27 00:44:59.104,996,599.4336341534236,-1236.687379658439,1318.168353188882,-557.5509006395675,343.3592413684941,-125.54191677207443,3258.0602820595336,-2131.2159734631045,309.08937877216545
2026-04-27 00:44:59.144,997,600.1592012634336,-1238.2262641403054,1319.2544176216634,-557.1919636082072,343.15826122704993,-125.52075267861262,3261.62932642118,-2133.062513631083,309.7873346996468
2026-04-27 00:44:59.183,998,601.6708532577394,-1238.977719620333,1321.130208380268,-556.7272500698026,343.057472114812,-125.40014163950924,3265.4858771628074,-2134.62261267999,310.7734536501475
2026-04-27 00:44:59.225,999,602.12946079477,-1240.7795283657404,1321.9543307926106,-556.2854071871969,342.9341323315171,-125.30106462345827,3269.0892175975346,-2136.4363756574367,311.50407583800546
2026-04-27 00:44:59.262,1000,603.6752418366202,-1241.493684592132,1323.8655963344086,-555.8447457301186,342.8104107815218,-125.20022338489434,3272.1168051004693,-2138.8243524104532,311.6595186134865
2026-04-27 00:44:59.302,1001,604.6521832508985,-1242.769844706307,1325.2161898360748,-555.3815652577621,342.70917041120987,-125.07855786227333,3274.6047565583635,-2141.754846625717,311.27192820805135
2026-04-27 00:44:59.336,1002,605.6283310338762,-1244.0470366559057,1326.5675935321437,-554.9519110431546,342.5738044630327,-124.99038186788655,3277.9570799405315,-2143.8233516839196,311.74741006885597
2026-04-27 00:44:59.369,1003,606.8700288752807,-1245.0601504165434,1328.1809252970284,-554.531333617485,342.42791575854676,-124.91285117170212,3280.7324367287238,-2146.4669932945635,311.6485797432999
2026-04-27 00:44:59.404,1004,607.8869247244614,-1246.299073336341,1329.566983133272,-554.1108707045643,342.2810939812037,-124.83444743993942,3284.5588837198584,-2148.0597848956263,312.6008534491159
2026-04-27 00:44:59.436,1005,608.3804760329494,-1248.0625520482465,1330.4296239596595,-553.7028913395877,342.1219157098607,-124.76878149403737,3288.9266632802596,-2149.1108411214423,314.09514949355344
2026-04-27 00:44:59.474,1006,609.9152818050114,-1248.7744387616292,1332.3439069253636,-553.3012014407471,341.95026217234425,-124.71184611032773,3293.0718618726346,-2150.3844669023924,315.36869436344244
2026-04-27 00:44:59.515,1007,610.401524302942,-1250.5362850874756,1333.2060737025079,-552.9470854441113,341.73225748104403,-124.69816860804549,3295.3055507217764,-2153.570388322507,314.7289892051141
2026-04-27 00:44:59.563,1008,611.90358927276,-1251.2866697686168,1335.080623691101,-552.4786082035486,341.6282574656751,-124.56819587723376,3298.6234860248032,-2155.67198929468,315.17177787493716
2026-04-27 00:44:59.603,1009,612.6571244903745,-1252.7885600308473,1336.204658690939,-551.9867637695202,341.54751981990165,-124.41592186576139,3302.4853317417087,-2157.2304872339128,316.15447777546444
2026-04-27 00:44:59.647,1010,612.8157386955223,-1254.8885880505609,1336.729885418976,-551.4912224229902,341.4663746368226,-124.26437927294394,3305.551957740517,-2159.586073414737,316.340703777025
2026-04-27 00:44:59.686,1011,613.2770915503211,-1256.6880743069198,1337.5529577895832,-551.1081697535647,341.2700850739095,-124.22977240639648,3308.0417221302278,-2162.517715033382,315.9530880174486
2026-04-27 00:44:59.731,1012,614.752287966268,-1257.4742453795172,1339.387645332198,-550.710585115802,341.08385604229,-124.18484809988459,3310.819820868212,-2165.159941762169,315.85163054105817
2026-04-27 00:44:59.763,1013,615.9651110378595,-1258.522771121962,1340.9600132407345,-550.2774650948777,340.93300451065653,-124.10502634513166,3314.9375922183804,-2166.4640320036506,317.08719750697776
2026-04-27 00:44:59.798,1014,616.6859362887548,-1260.060390783871,1342.0456637583895,-549.8290340182235,340.7921879094357,-124.01495637719184,3319.8517366964747,-2166.9717348101885,319.118164909369
2026-04-27 00:44:59.832,1015,618.2277830233755,-1260.7740199920324,1343.9555366857496,-549.3316993254931,340.69934910914833,-123.87565443947115,3322.3778503195017,-2169.8681021328066,318.76066785084487
2026-04-27 00:44:59.870,1016,618.9874778923509,-1262.2754730705822,1345.076968860643,-548.8224681020707,340.61668401612434,-123.72473154200561,3325.1259317576164,-2172.5463742809466,318.62045300237327
2026-04-27 00:44:59.904,1017,620.4638918237506,-1263.0620851646918,1346.912239320638,-548.4540705840167,340.38950654374946,-123.71611197830828,3329.0302462396994,-2174.0695387177307,319.63604207286284
2026-04-27 00:44:59.940,1018,621.1905858280985,-1264.5989172260015,1347.9961712641616,-547.9829355750367,340.25800618183945,-123.60989539649071,3331.345222341049,-2177.1830824841945,319.0574275009804
2026-04-27 00:44:59.976,1019,622.9318938725254,-1265.1232798679525,1350.0935505878983,-547.5114253866208,340.126551358801,-123.50515500348708,3332.4661216206573,-2181.4885101974405,317.2871961759846
2026-04-27 00:45:00.018,1020,624.1857855978078,-1266.1360812844273,1351.701737702879,-546.9299629838785,340.10289130515594,-123.29141106108166,3336.8428331083346,-2182.5379491488293,318.77217579449507
2026-04-27 00:45:00.058,1021,624.4322604466059,-1268.1625196800808,1352.2950558345233,-546.4331101888746,339.9951541327898,-123.16349375333071,3340.1337796748253,-2184.6723331272797,319.1722369976473
2026-04-27 00:45:00.096,1022,625.132846028862,-1269.7356487071324,1353.3435725348356,-546.004201461742,339.8177493675236,-123.10739836508034,3344.50864485551,-2185.7214391427055,320.6559461298536
2026-04-27 00:45:00.132,1023,626.3905663050916,-1270.7493606630794,1354.951782145676,-545.6641018418729,339.55234727245596,-123.14056836388644,3348.088246285289,-2187.5665148904836,321.34378648066223
2026-04-27 00:45:00.168,1024,627.1919992194233,-1272.2167420402204,1356.10598932402,-545.165493830617,339.44555450547597,-123.01570554720445,3351.7402227183597,-2189.3405693251098,322.1038925746615
2026-04-27 00:45:00.208,1025,629.1965803773725,-1272.4788614433796,1358.4649257303445,-544.7265190474307,339.27783928204457,-122.95257311151896,3355.3548921227975,-2191.150828787788,322.8297598200824
2026-04-27 00:45:00.254,1026,630.1894098900423,-1273.7548484710592,1359.811146149012,-544.2398641862779,339.15604765214573,-122.84563043091325,3358.679661207235,-2193.249883458773,323.2660926553266
2026-04-27 00:45:00.292,1027,630.653910293773,-1275.5568269232854,1360.634827984904,-543.7452503166671,339.04275828908067,-122.73232581672056,3362.2594155263446,-2195.0961663222747,323.95652928981355
2026-04-27 00:45:00.330,1028,631.6783358568928,-1276.7993362423724,1362.020633523103,-543.3422635075244,338.8373606147942,-122.71174781522406,3364.7536366551276,-2198.0269454249974,323.56233928465207
2026-04-27 00:45:00.371,1029,632.5165358230327,-1278.2346092871862,1363.2139902804038,-542.8145850094093,338.75356116761924,-122.5687883274837,3368.8390041381176,-2199.3651560057874,324.7594540845877
2026-04-27 00:45:00.405,1030,632.9879951897478,-1280.039777463352,1364.0375282007153,-542.3082939815437,338.64644184566583,-122.44800428835228,3372.454622489287,-2201.173116318176,325.4830722780895
2026-04-27 00:45:00.437,1031,633.9880181134142,-1281.3195856154987,1365.3871621766336,-541.8020257589214,338.53905645954404,-122.32611036487314,3375.5262889477153,-2203.523045761084,325.6644071951416
2026-04-27 00:45:00.482,1032,634.725903291765,-1282.8621151848836,1366.4737877523628,-541.4411965390057,338.28471171874224,-122.34913876667173,3379.1022138864014,-2205.365064237865,326.350705951958
2026-04-27 00:45:00.519,1033,636.5126372363145,-1283.3526015493185,1368.612814341218,-540.9165086511259,338.1917165255165,-122.2104819866161,3382.462361247779,-2207.423150004964,326.81965262636936
2026-04-27 00:45:00.565,1034,637.5108797493176,-1284.6317945375747,1369.9626199208321,-540.3939054045065,338.09710883581363,-122.06823256636628,3385.7500406945105,-2209.5549652955838,327.2169549815266
2026-04-27 00:45:00.609,1035,639.0375407780833,-1285.3852079387766,1371.8367610344121,-539.9199680681269,337.95383984325457,-121.97284334754184,3389.033805510019,-2211.6856410208165,327.6161533054252
2026-04-27 00:45:00.648,1036,639.5488749947706,-1287.1535976846694,1372.69377393159,-539.4736046906596,337.78241178328517,-121.90542021230615,3392.0637054766503,-2214.067986580779,327.76320432319613
2026-04-27 00:45:00.689,1037,639.5336344931815,-1289.4458103598351,1373.025974962528,-539.063553908695,337.57245532468653,-121.87634235040392,3395.380041614658,-2216.162237673165,328.1991499682004
2026-04-27 00:45:00.721,1038,641.091729040603,-1290.163657522142,1374.9318314847917,-538.4896003772591,337.52448831075503,-121.68405268711773,3398.6609133548773,-2218.291971949531,328.60153130369315
2026-04-27 00:45:00.755,1039,642.3224868068565,-1291.21201365545,1376.5044591994829,-538.0245900328983,337.36650027174437,-121.6026983239995,3401.686298592577,-2220.6743429973912,328.752395753296
2026-04-27 00:45:00.790,1040,643.6200136717794,-1292.1915089797383,1378.1451332921254,-537.4480419175296,337.31863134010865,-121.41129519375967,3404.7115119606033,-2223.0574441549334,328.9037065067619
2026-04-27 00:45:00.824,1041,644.8841057237405,-1293.2047566170872,1379.7505910848154,-536.9195439720372,337.22280750650543,-121.26746297351829,3407.5188214275845,-2225.6588692381974,328.8355374731808
2026-04-27 00:45:00.863,1042,646.2120485334674,-1294.147985516597,1381.4260145009753,-536.5310921396492,336.98791604013104,-121.26220059852477,3411.3724146398,-2227.2132599749693,329.8149651434533
2026-04-27 00:45:00.897,1043,647.4727122524089,-1295.1610383871512,1383.0318338512786,-536.0412019138062,336.854032067844,-121.1573152889299,3414.1457319586793,-2229.8498182288263,329.7122167229155
2026-04-27 00:45:00.935,1044,648.9618516677806,-1295.946368181493,1384.8644125866379,-535.5256978928908,336.7438660597998,-121.0296500813349,3418.796434987931,-2230.6100057160797,331.4852502379339
2026-04-27 00:45:00.971,1045,650.1883607765168,-1296.9942941218935,1386.4363547175785,-535.0302640071905,336.6097836650472,-120.92640430984666,3422.9058849179924,-2231.9115128033873,332.7181752744261
2026-04-27 00:45:01.008,1046,651.1888610578509,-1298.2708516006683,1387.781288472853,-534.6202410239622,336.3871224514938,-120.9098181935196,3425.106531584508,-2235.125180079436,332.0381270698637
2026-04-27 00:45:01.052,1047,651.6299599657774,-1300.1068160661218,1388.568044855977,-534.0812725287565,336.28989052416,-120.76563189510871,3427.631107530411,-2238.0172714575237,331.67975493742193
2026-04-27 00:45:01.089,1048,651.6884509315349,-1302.330014109306,1388.9657642859506,-533.533538895324,336.2019650399008,-120.6096554586904,3430.6279877615516,-2240.4373747771283,331.7945273176144
2026-04-27 00:45:01.127,1049,652.39856409554,-1303.9017710332048,1390.0136703605974,-533.0852939625712,336.01434528511925,-120.54965702389755,3433.7280386413813,-2242.755686637342,332.01397566990175
2026-04-27 00:45:01.164,1050,653.1749997187434,-1305.4062705827305,1391.1303504530679,-532.5634036944246,335.9002045324034,-120.41241866455442,3437.2677930489376,-2244.6356859608163,332.6742448772582
2026-04-27 00:45:01.199,1051,654.1818027019715,-1306.6833014777121,1392.4748492770718,-532.1132505682251,335.71050828586027,-120.3509203652636,3440.8420200307055,-2246.4821637241275,333.36908652814117
2026-04-27 00:45:01.241,1052,655.4497820767609,-1307.6969190038003,1394.0797496652358,-531.5458258827784,335.6349839225977,-120.1748528527406,3444.414677672089,-2248.3291544496774,334.0651197887414
2026-04-27 00:45:01.278,1053,655.4756746939827,-1309.9515272881126,1394.4422891754368,-531.103639813539,335.42942202878737,-120.12665654332672,3447.7680726701806,-2250.396708555942,334.5405058621259
2026-04-27 00:45:01.323,1054,656.5181258927568,-1311.193492319061,1395.8154598995084,-530.6583635475264,335.22267890792216,-120.07955629430592,3450.8012078245547,-2252.7861522772596,334.6931771906048
2026-04-27 00:45:01.365,1055,656.743160490826,-1313.2537236300877,1396.3719171009557,-530.1579607329528,335.0712436740715,-119.97854498321131,3454.632564032237,-2254.379144493159,335.6407594487188
2026-04-27 00:45:01.401,1056,657.2331167784787,-1315.0513870351838,1397.1891133875429,-529.7479892894663,334.8232501030719,-119.97356812991406,3457.3772081374887,-2257.0561502628225,335.5047857397208
2026-04-27 00:45:01.466,1057,658.7371010358818,-1315.8352495701251,1399.018663296618,-529.1632757310571,334.7468835929229,-119.79580709822459,3460.410057161697,-2259.445688728473,335.6578200907964
2026-04-27 00:45:01.498,1058,660.2411080213816,-1316.6190462047102,1400.8474008987619,-528.6202110029288,334.63023623228315,-119.65896237013258,3462.9369621197434,-2262.343772593573,335.3009421933551
2026-04-27 00:45:01.533,1059,661.7797676127709,-1317.3705157311651,1402.708280349808,-528.0787597593757,334.5136115300211,-119.52126620347332,3467.058625115672,-2263.6482438018506,336.5359170138165
2026-04-27 00:45:01.574,1060,663.05950313378,-1318.3835012804016,1404.3075450998906,-527.5772866708695,334.3560542469159,-119.42473325916022,3470.9610424788457,-2265.172333882586,337.55184525514414
2026-04-27 00:45:01.613,1061,664.3718561718761,-1319.3649188577645,1405.9389398384426,-527.3619550374409,333.90644486457626,-119.62126894470086,3474.540174614001,-2267.019057578186,338.2450463746764
2026-04-27 00:45:01.646,1062,664.9664582353266,-1321.066024637599,1406.8507641600793,-526.9177701642255,333.68030820952805,-119.59268696786654,3478.116857530092,-2268.865357713484,338.93851611238136
2026-04-27 00:45:01.689,1063,665.9888081942723,-1322.3414516256837,1408.1885304990642,-526.3724293556191,333.5513393847122,-119.46400671094163,3481.149932266545,-2271.253638976513,339.0914800342769
2026-04-27 00:45:01.723,1064,667.2430576619445,-1323.3870374251514,1409.7567902318742,-525.9367276657498,333.31341901593174,-119.44337010660892,3484.7556629446785,-2273.0667739235355,339.82105168870015
2026-04-27 00:45:01.756,1065,667.9741061507474,-1324.9557867078297,1410.802441819932,-525.4067442900608,333.16775691102686,-119.32912650771412,3486.991146656339,-2276.2493113199907,339.177616704415
2026-04-27 00:45:01.794,1066,667.9543136941235,-1327.2756303074468,1411.094689796562,-524.7827146365624,333.116077107941,-119.1220957879187,3490.308784792404,-2278.3481775989235,339.617506716471
2026-04-27 00:45:01.833,1067,668.9510009956683,-1328.58132943177,1412.4006343588705,-524.2772675284546,332.94473760041393,-119.03410342669117,3493.592633415983,-2280.4812955790417,340.0239183690621
2026-04-27 00:45:01.872,1068,669.7485358651311,-1330.0877028483749,1413.506960156797,-523.6780040402988,332.8668025353751,-118.85205733277016,3497.451618459726,-2282.038422518933,341.0054130091595
2026-04-27 00:45:01.905,1069,671.5333393621003,-1330.6104120035918,1415.5980809828616,-523.238551549767,332.6268058827287,-118.83220594353088,3501.3114107173333,-2283.595807005743,341.98744845547554
2026-04-27 00:45:01.943,1070,672.8285144495642,-1331.6250476842224,1417.1956781608233,-522.5814995112974,332.60058026531834,-118.5965447209633,3504.5921395916944,-2285.7269877279414,342.3952529117264
2026-04-27 00:45:01.973,1071,674.1570916201547,-1332.6101600693357,1418.8217710195875,-521.9929769568896,332.5058204448946,-118.42811046529222,3508.1595806163937,-2287.5696668704104,343.0883748248717
2026-04-27 00:45:02.010,1072,675.4584315607744,-1333.6258468609635,1420.4189838699554,-521.4290838507185,332.38444033377027,-118.28509925149864,3511.1860043787365,-2289.9532364246907,343.2401260731157
2026-04-27 00:45:02.044,1073,676.4977707583259,-1334.902747772366,1421.755602082976,-520.9169012237345,332.20991528063934,-118.19569535497699,3514.246291895279,-2292.302748886236,343.4262395209077
2026-04-27 00:45:02.085,1074,677.0414339234461,-1336.6722182913186,1422.5998348011647,-520.485967894412,331.949599736511,-118.19256430043274,3517.3035826002597,-2294.651302921612,343.612615974983
2026-04-27 00:45:02.123,1075,677.3178219514818,-1338.7042978698962,1423.1841436111683,-519.8181648907193,331.92309896149794,-117.95512185242356,3520.868690016089,-2296.49236635776,344.3047651198449
2026-04-27 00:45:02.155,1076,678.8401201012188,-1339.4901369767472,1425.0178168306481,-519.2197019915363,331.82731714236263,-117.78624562813678,3524.7530332705505,-2298.0121769645048,345.3180696614258
2026-04-27 00:45:02.189,1077,679.8686852905086,-1340.768446699682,1426.3591189485753,-518.6456658148343,331.70416612488356,-117.64276508558635,3528.6035886763934,-2299.5655079532935,346.2969131711284
2026-04-27 00:45:02.222,1078,680.8638390095593,-1342.0783313614181,1427.6689121642448,-518.0010741478679,331.6505985297793,-117.42920541844921,3531.9457163161624,-2301.6250685841965,346.7692976854303
2026-04-27 00:45:02.261,1079,681.5992915546639,-1343.6479244321165,1428.7157700668329,-517.4264369170987,331.52701910231406,-117.28482853775661,3536.048465717884,-2302.92507234904,348.0016770321647
2026-04-27 00:45:02.293,1080,682.1046781953645,-1345.4478484601284,1429.5312453978722,-516.9023823012253,331.3488224213249,-117.19359360714742,3539.3905534157284,-2304.9862612050347,348.47529929109623
2026-04-27 00:45:02.325,1081,682.8416819664209,-1347.0184749713208,1430.5781955395364,-516.3347850376653,331.21404320395254,-117.05862628402805,3542.9537692062618,-2306.827402486221,349.1678483498698
2026-04-27 00:45:02.358,1082,684.4281269843995,-1347.7424484277708,1432.4709450732942,-515.7569927966724,331.08994314349695,-116.91267805033169,3546.23202431826,-2308.955558474582,349.5705739191584
2026-04-27 00:45:02.394,1083,685.4323203652037,-1349.0509441547474,1433.7793083951074,-515.0828449232617,331.06295546886975,-116.67001678338183,3550.0863667359304,-2310.5078236689446,350.54794330811995
2026-04-27 00:45:02.429,1084,686.4648808622933,-1350.3286293674846,1435.1182697739425,-514.4626957311274,330.98256350608045,-116.4821942686849,3551.7420173161313,-2314.2558037282733,349.33031818665114
2026-04-27 00:45:02.473,1085,687.2365680743166,-1351.8686193815531,1436.195817338559,-513.9389978601689,330.80623064268184,-116.39243425891422,3555.0187752129345,-2316.3832117894494,349.7327653193886
2026-04-27 00:45:02.506,1086,688.5302930754058,-1352.8846359956772,1437.7968789050913,-513.3611018984165,330.6834703172878,-116.25181322183644,3558.8368653782304,-2317.9707938507804,350.67663721356956
2026-04-27 00:45:02.539,1087,690.0539790782225,-1353.6700554001134,1439.629682703412,-512.8526637426169,330.49090600981987,-116.18335219021277,3563.230148595982,-2318.984156334283,352.19638361654523
2026-04-27 00:45:02.580,1088,691.3465974980587,-1354.686194746899,1441.2320270384114,-512.2043031202413,330.43910106379707,-115.97542208872652,3566.5070055152323,-2321.112778638161,352.6017892687387
2026-04-27 00:45:02.621,1089,692.0817209513405,-1356.2570934161172,1442.279284489233,-511.69714362048137,330.2471425876723,-115.90704479235096,3569.5274448005716,-2323.4927458304405,352.75499704704
2026-04-27 00:45:02.655,1090,693.0789968921637,-1357.565809022739,1443.5880921075347,-511.12111128829093,330.12500737654506,-115.76821953881559,3572.294074823108,-2326.1251667584447,352.65442814712986
2026-04-27 00:45:02.688,1091,693.381016523136,-1359.5640359184001,1444.2062371706327,-510.5956301805776,329.95147365256065,-115.68222609163531,3575.854411680163,-2327.9651589159553,353.3468551165814
2026-04-27 00:45:02.726,1092,694.4324115575075,-1360.8065630049944,1445.577709599449,-510.1828847728635,329.6637043409417,-115.7101113883588,3579.4495382143978,-2329.7717959125875,354.0730189000487
2026-04-27 00:45:02.763,1093,694.9603700285581,-1362.5713227561876,1446.4244256534885,-509.5325610629251,329.61194380995346,-115.50291493139392,3581.9645741296595,-2332.6602668269115,353.7192223427458
2026-04-27 00:45:02.799,1094,695.4620739593955,-1364.3679679145225,1447.2389782814366,-508.9597363563119,329.4822656292075,-115.37351385411407,3585.814862166192,-2334.215136497505,354.70018652823103
2026-04-27 00:45:02.836,1095,697.303260289823,-1364.8284584776673,1449.389310912454,-508.40728001436514,329.33330766447966,-115.25988211835515,3589.920679225246,-2335.5154445908315,355.9327318784718
2026-04-27 00:45:02.863,1096,698.3622194431047,-1366.0718729330265,1450.7560209090238,-507.9240897075148,329.1141466913033,-115.21746023322785,3594.313298499909,-2336.528938642359,357.4527368179679
2026-04-27 00:45:02.903,1097,698.9015188235041,-1367.8375763950726,1451.5999930984967,-507.36866495337125,328.9652602102091,-115.10529131947503,3598.671749659824,-2337.575817370745,358.93980563950737
2026-04-27 00:45:02.947,1098,699.4067764691097,-1369.633056130238,1452.4136378026967,-506.8116645413405,328.8157918440479,-114.99231841060885,3602.5563811517486,-2339.094709916918,359.9526957034686
2026-04-27 00:45:02.988,1099,700.6959434642512,-1370.6454917843676,1454.0086769498396,-506.40045817497423,328.51768230774775,-115.03023111711066,3606.9118733186447,-2340.1409390352405,361.43713149886196
2026-04-27 00:45:03.030,1100,701.4972706142663,-1372.1490875704449,1455.1109678068963,-505.90156011885574,328.3035637840942,-114.98515885665212,3609.9658127450375,-2342.4859081740933,361.62275510186913
2026-04-27 00:45:03.078,1101,702.530213632655,-1373.4209281098701,1456.4428229663677,-505.3788527392839,328.10756448815624,-114.9219841972403,3613.0531152622348,-2344.798412217186,361.8419103441602
2026-04-27 00:45:03.122,1102,703.2996846623356,-1374.9529606121778,1457.5143094340015,-504.7556990289283,328.0095395947964,-114.76210945161807,3615.7868573744904,-2347.4657501625934,361.7077482918095
2026-04-27 00:45:03.162,1103,704.5908389108848,-1375.963784220198,1459.1056610561254,-504.1825580277753,327.8598791623475,-114.65426711498702,3618.266635486823,-2350.3867139627205,361.32083360322355
2026-04-27 00:45:03.202,1104,706.1440674488907,-1376.713949059157,1460.9560085335008,-503.63593474194596,327.6833933764186,-114.57068965161166,3621.8272655372357,-2352.2267582468467,362.01449225632587
2026-04-27 00:45:03.238,1105,707.4046467551119,-1377.754367532957,1462.5164834675388,-502.9643813173115,327.6315412315944,-114.3637671507087,3625.1004977527673,-2354.3528745389226,362.4204784923676
2026-04-27 00:45:03.272,1106,708.9255445026097,-1378.5344272079656,1464.3366159479785,-502.3187671596867,327.55385300521806,-114.18204238788681,3628.6925984481036,-2356.158931204318,363.1471483291446
2026-04-27 00:45:03.319,1107,709.7556980283512,-1380.005139171366,1465.467574933804,-501.796241260685,327.35120452094463,-114.12469132133822,3632.5019301362786,-2357.744416447121,364.0944529293864
2026-04-27 00:45:03.355,1108,710.4932391479246,-1381.5651591705282,1466.5079223952966,-501.2716701687385,327.14806097884235,-114.06713075740468,3635.5180889413728,-2360.1220869830645,364.24874428699053
2026-04-27 00:45:03.385,1109,711.2304149531558,-1383.1255218048416,1467.5480016867255,-500.62211629866874,327.06960351470696,-113.88422616943731,3637.5232598578586,-2363.511557798173,363.3894677860682
2026-04-27 00:45:03.423,1110,711.9985527292056,-1384.6559084193784,1468.6183430419392,-499.9918864115271,326.97048134893834,-113.7212242653304,3641.1118705631297,-2365.3157006789083,364.11545068830543
2026-04-27 00:45:03.458,1111,713.0295252305822,-1385.9257410569412,1469.9478109902384,-499.5297230040848,326.6974829100554,-113.7327022852566,3644.697974433604,-2367.1206170175737,364.84230918504795
2026-04-27 00:45:03.495,1112,713.5431752429697,-1387.7164484836849,1470.7573164386113,-498.8448943004074,326.6449529507128,-113.52277479391418,3646.666500598593,-2370.544096598117,363.95130375394297
2026-04-27 00:45:03.530,1113,714.1173272685803,-1389.448178349711,1471.6250987318358,-498.209844223693,326.54526897460045,-113.36167499641222,3650.252901205315,-2372.3493296388606,364.6783845747682
2026-04-27 00:45:03.562,1114,715.4426958086478,-1390.429313169989,1473.243669890083,-497.77219195096677,326.24570625671834,-113.40176566517069,3653.2670434562992,-2374.726258686111,364.833335942424
2026-04-27 00:45:03.603,1115,716.1898910484904,-1391.9888940223557,1474.2834348049767,-497.2778914781416,325.996880084437,-113.39153658279422,3657.392382876699,-2375.9917893083743,366.09915469510855
2026-04-27 00:45:03.643,1116,717.2272052002661,-1393.259854704763,1475.6125311788937,-496.63619275198755,325.8963930112652,-113.23240844001236,3660.4070586001,-2378.368943437088,366.2532063941641
2026-04-27 00:45:03.680,1117,718.2634965271333,-1394.5304784834743,1476.94213428198,-496.06608601975574,325.7212196187313,-113.14661033691436,3662.881939432846,-2381.283955611525,365.87170985947273
2026-04-27 00:45:03.717,1118,719.5599018376364,-1395.5413738246534,1478.5313484851895,-495.473367716036,325.5680228446781,-113.03830072357962,3666.7487712092925,-2382.803392736784,366.8846280773696
2026-04-27 00:45:03.751,1119,720.8874966619604,-1396.5236274545443,1480.1503366834722,-495.049066697587,325.24160762341177,-113.10411523868498,3669.7582530781615,-2385.1782606194893,367.0425132453117
2026-04-27 00:45:03.786,1120,721.8949243434854,-1397.8245524831434,1481.4513495001877,-494.4468695229686,325.0908593335,-112.99373239100036,3672.4499644990547,-2387.869397652193,366.8847555205564
2026-04-27 00:45:03.822,1121,722.9330826986267,-1399.096486277506,1482.7812788463657,-493.84649423609875,324.93693092527593,-112.88649763093423,3676.025679577375,-2389.673267493498,367.6130495340956
2026-04-27 00:45:03.862,1122,724.2023650591117,-1400.1380312348465,1484.3432630719778,-493.2652532568817,324.75882723757803,-112.80300110387067,3679.85419995516,-2391.2249204997847,368.59523944016274
2026-04-27 00:45:03.898,1123,725.2699350160361,-1401.3817101358886,1485.7035152366273,-492.68892082863937,324.57531488463076,-112.72441864194688,3682.3534029141656,-2394.106080858484,368.24834312152285
2026-04-27 00:45:03.932,1124,725.7846294099933,-1403.17565070082,1486.5150102888322,-492.2842452581278,324.2178705481852,-112.81872606682441,3684.5991953405037,-2397.2410926659118,367.6477803048616
2026-04-27 00:45:03.974,1125,726.5894892417535,-1404.680987986434,1487.6176990387653,-491.67418947380827,324.0655197412706,-112.70844644201456,3688.682727956268,-2398.539625024032,368.8835588182993
2026-04-27 00:45:04.012,1126,727.6264455329054,-1405.955916912704,1488.9526480214001,-491.1161921399763,323.8603967174267,-112.65041207167847,3691.942763608364,-2400.6605925906756,369.2960926770986
2026-04-27 00:45:04.044,1127,728.9218605049463,-1406.9703117874117,1490.5488371530012,-490.45899270228483,323.7540766670981,-112.49054041413474,3695.5212598086237,-2402.4642597071947,370.02406381459815
2026-04-27 00:45:04.091,1128,730.2202121088577,-1407.9852592222671,1492.1455238095346,-489.87327801898664,323.5736940661281,-112.40237407436037,3698.531355129829,-2404.8378812444844,370.1791107012257
2026-04-27 00:45:04.124,1129,731.7507582702908,-1408.7692286575423,1493.9745131513034,-489.33895800048174,323.33823250616535,-112.3674482471673,3702.0808362053212,-2406.673809969532,370.87225067447685
2026-04-27 00:45:04.165,1130,732.8163622760059,-1410.0162438914854,1495.342059670263,-488.67670557877847,323.2290292224024,-112.20331763387911,3705.3785882870734,-2408.7630275888787,371.3127980102919
2026-04-27 00:45:04.205,1131,734.1151984991994,-1411.0324724809834,1496.940866603177,-488.13325116491563,322.99623219360376,-112.1612133512973,3708.392287630712,-2411.1384361597975,371.46620110205004
2026-04-27 00:45:04.248,1132,734.630646505611,-1412.832998259855,1497.755409082803,-487.4396083576993,322.91363303958263,-111.96871312846939,3710.5792225208725,-2414.337686226887,370.7957344340703
2026-04-27 00:45:04.286,1133,736.4211497228126,-1413.3561203496477,1499.847730022423,-486.8019143581772,322.7759670173345,-111.83107216258112,3714.1630492688787,-2416.141311842946,371.5217541777113
2026-04-27 00:45:04.319,1134,737.7210927382412,-1414.3722689341225,1501.446922053356,-486.2346680746064,322.5656986882466,-111.76712948464026,3717.9680803433853,-2417.7249771993406,372.4674546909376
2026-04-27 00:45:04.357,1135,738.9914308193578,-1415.4179873263704,1503.015641086755,-485.874320565954,322.1502217600678,-111.90897737287138,3720.982207828795,-2420.1010786584206,372.62110094871184
2026-04-27 00:45:04.392,1136,740.2926663792751,-1416.4335172467675,1504.612391204693,-485.25531508953924,321.9898595832758,-111.79434516714252,3723.744466345907,-2422.730803260511,372.5211199588001
2026-04-27 00:45:04.433,1137,741.3345638037504,-1417.7092295491277,1505.9471646794605,-484.6855359569785,321.7784078320715,-111.7303497629372,3727.872357194044,-2423.996499616824,373.78647481397167
2026-04-27 00:45:04.476,1138,742.1451028615094,-1419.217183067285,1507.0494859643582,-484.03426812570706,321.6451383552504,-111.58980816589273,3730.921107331336,-2426.3414964661947,373.9743523749119
2026-04-27 00:45:04.510,1139,743.973864890662,-1419.710641264754,1509.1676173064736,-483.38343802239746,321.5118185177406,-111.44846017992775,3734.507764752533,-2428.1468991211623,374.7015368365556
2026-04-27 00:45:04.562,1140,744.0641954488498,-1421.9476395478541,1509.5431069052104,-482.6832023509444,321.4293282951174,-111.25637483055382,3736.7278399862116,-2431.316209070892,374.0661288935593
2026-04-27 00:45:04.610,1141,745.376583297601,-1422.9646971222812,1511.1394276590345,-482.1128340112501,321.2173675602709,-111.19144559237657,3738.6618179216534,-2434.772769092206,373.14578923432276
2026-04-27 00:45:04.669,1142,746.7204998732507,-1423.9543926952224,1512.7645435792945,-481.4142370238549,321.1335714459363,-110.99580552010465,3741.6759914283857,-2437.152462432147,373.303970174811
2026-04-27 00:45:04.707,1143,748.3003176287398,-1424.711132790258,1514.622718943187,-480.68714955427873,321.0768942921085,-110.76945648675195,3745.769647557674,-2438.453977760503,374.54202185250233
2026-04-27 00:45:04.739,1144,749.3295811476178,-1426.0191312547395,1515.930394697168,-480.09492097712814,320.88521590827327,-110.67805664202393,3749.3541480239946,-2440.264340425902,375.2738111563678
2026-04-27 00:45:04.779,1145,750.9673588655544,-1426.7217703859646,1517.8447964896575,-479.59919650293125,320.59158491402843,-110.68774381009216,3753.476113030467,-2441.535512319635,376.54526367797484
2026-04-27 00:45:04.812,1146,751.8254828173134,-1428.2111445797364,1518.9702314732108,-478.8942151781043,320.5065780247361,-110.48941941283417,3756.4874674286516,-2443.9161097178508,376.70767299834364
2026-04-27 00:45:04.850,1147,752.6633083306642,-1429.7286325987764,1520.06868070561,-478.23986085589894,320.370944415105,-110.34201437883529,3759.46854026755,-2446.326997624279,376.839334748655
2026-04-27 00:45:04.889,1148,753.7380081784925,-1431.0098210960227,1521.401892261525,-477.56258808376856,320.25804591575934,-110.17268841031344,3762.735243376478,-2448.4533312171343,377.2552916121726
2026-04-27 00:45:04.923,1149,754.5503812518965,-1432.55252721255,1522.4732486376483,-477.0142553313447,320.01451905406907,-110.13212574247349,3766.034411482606,-2450.548999590361,377.7014342904464
2026-04-27 00:45:04.961,1150,755.8878958310845,-1433.572995871996,1524.0680904347107,-476.46592374451694,319.7712832715998,-110.09155287736326,3768.256022973164,-2453.724526507226,377.0676182557805
2026-04-27 00:45:04.995,1151,757.2290042223403,-1434.5927601843425,1525.6603816335546,-475.77945121613357,319.6637295213476,-109.91599244946353,3772.1284853499615,-2455.250349333032,378.08466524847324
2026-04-27 00:45:05.030,1152,758.3365762058437,-1435.8489517869148,1527.0150620063434,-475.2563411278134,319.3896162558401,-109.90481678107629,3775.1744749738964,-2457.6017362675425,378.2777943211953
2026-04-27 00:45:05.068,1153,759.446983195774,-1437.1063991142123,1528.3690417283797,-474.69691249773456,319.1496364707475,-109.85919651118475,3777.3943869770665,-2460.7782631679083,377.6461717691654
2026-04-27 00:45:05.108,1154,760.5381755978452,-1438.388114483157,1529.6985884448354,-474.13990902088835,318.90291107808036,-109.81912278508963,3779.359377300379,-2464.2097067379136,376.7600203888544
2026-04-27 00:45:05.147,1155,761.3710219627985,-1439.9303263171232,1530.7658124496897,-473.64620945445023,318.5906670006667,-109.84179449329278,3782.656427875515,-2466.3075419831666,377.20885380291077
2026-04-27 00:45:05.183,1156,762.4665321863215,-1441.2117722541323,1532.0934528706314,-472.9477279440621,318.48051237643494,-109.66115091897025,3786.463012196157,-2467.895678417967,378.1665404054762
2026-04-27 00:45:05.225,1157,763.5869116369403,-1442.4697470686638,1533.442875100715,-472.4906746985256,318.1271026401192,-109.72276476684672,3788.426555061266,-2471.325273565903,377.28240952263513
2026-04-27 00:45:05.269,1158,764.4241302040542,-1444.0111504194808,1534.5081696287834,-471.8776960585693,317.9285375240246,-109.6274731915082,3791.408289323427,-2473.7375057496433,377.41612663137045
2026-04-27 00:45:05.306,1159,765.2382906646727,-1445.576793335877,1535.5516116504587,-471.20533444225646,317.7882021235469,-109.47314901223395,3795.2756093085177,-2475.2652876501393,378.4348830492502
2026-04-27 00:45:05.344,1160,766.8833887141192,-1446.3145976475207,1537.4250540867424,-470.50335335772894,317.67777191634076,-109.29090955708716,3799.8772081992743,-2476.059510166511,380.1872402638678
2026-04-27 00:45:05.381,1161,767.4626469454344,-1448.1206102290705,1538.231271044926,-469.89199003425705,317.47959432784404,-109.1965866733067,3803.2346331761573,-2478.097943560204,380.69690405820194
2026-04-27 00:45:05.420,1162,768.8052249261932,-1449.1649631713292,1539.7977608433068,-469.14170103692,317.42110735667706,-108.96300893540274,3806.247196410681,-2480.482181340351,380.86271931394
2026-04-27 00:45:05.456,1163,770.6905379049408,-1449.6645383358498,1541.9094861279868,-468.7208900308769,317.0326355896302,-109.06029960092616,3808.463129232935,-2483.660748476609,380.23614308984804
2026-04-27 00:45:05.491,1164,772.3350814632435,-1450.4022221818507,1543.7836455708264,-467.9957857117508,316.9455557557743,-108.85714287574268,3811.728624065092,-2485.7895015180093,380.66061464130354
2026-04-27 00:45:05.527,1165,772.6757737344793,-1452.4463188481225,1544.3516011356558,-467.4669424510633,316.6617546885625,-108.85142794830855,3813.6869705435865,-2489.2231691571697,379.7805052198339
2026-04-27 00:45:05.570,1166,773.7978331138105,-1453.7064630386706,1545.7040578889191,-466.96074457620716,316.35417909610004,-108.86965117791273,3816.7238461366014,-2491.578298502448,379.9793179862226
2026-04-27 00:45:05.605,1167,774.8733654217453,-1455.0134483907493,1547.0108996174486,-466.41598202391015,316.0793292828002,-108.85547472270189,3820.8113968767243,-2492.883018524872,381.227085338199
2026-04-27 00:45:05.646,1168,776.2318597095955,-1456.0360154268578,1548.6033081217095,-465.87644306627686,315.7989341884808,-108.84519462314164,3824.1063833360754,-2494.9815013284497,381.6781173110631
2026-04-27 00:45:05.686,1169,776.5200447909594,-1458.1274560525808,1549.126046392567,-465.33051642136184,315.523052162847,-108.82760640038101,3828.2255279622595,-2496.256100757187,382.9528832032027
2026-04-27 00:45:05.723,1170,776.8783786882134,-1460.146611037215,1549.7191842576603,-464.76232456194185,315.26981333849506,-108.7855790635623,3832.0316811490425,-2497.8446773400606,383.9122056888157
2026-04-27 00:45:05.760,1171,778.5185735785734,-1460.8831647990485,1551.5933537237347,-464.05909064534086,315.1516791150747,-108.60855423955083,3835.6118622160343,-2499.657965379445,384.6470806486226
2026-04-27 00:45:05.791,1172,778.8758281274811,-1462.902562152229,1552.1860666449713,-463.298157458855,315.09271847057494,-108.37322829406114,3838.9074649342892,-2501.755743612985,385.0970856129662
2026-04-27 00:45:05.830,1173,779.759286767481,-1464.401340583153,1553.3011151395976,-462.7618590895089,314.8111560439793,-108.35970541856584,3842.234653462265,-2503.8233472014554,385.57651810319993
2026-04-27 00:45:05.872,1174,780.5749760504044,-1465.9704744045073,1554.3475156681445,-462.0338024467,314.7227881294379,-108.15349142995487,3844.4534426618166,-2506.998758053188,384.9460084718364
2026-04-27 00:45:05.905,1175,781.4143823842242,-1467.5182229392146,1555.4180414077737,-461.4924372598695,314.44906092636705,-108.13302893503803,3848.5429013318994,-2508.3008508459043,386.18706564833934
2026-04-27 00:45:05.944,1176,782.5175868763558,-1468.8035971588383,1556.7492067054459,-460.7949660794469,314.33134981564854,-107.9562162155896,3851.6145290334175,-2510.6215409854717,386.41121642590707
2026-04-27 00:45:05.981,1177,783.4062350301523,-1470.3054098973746,1557.862705491392,-460.00908649128894,314.3020707664886,-107.6920109502616,3855.7039727679016,-2511.9240281226384,387.6538983226562
2026-04-27 00:45:06.023,1178,784.5118324461022,-1471.5914357794215,1559.1931864757262,-459.6885899068101,313.80631537781255,-107.89601711742756,3858.7438413076006,-2514.275284855668,387.84852439612433
2026-04-27 00:45:06.062,1179,785.3804074185216,-1473.1155902075454,1560.283561019948,-458.98296486414324,313.69533148421976,-107.71524495840167,3860.9301288545444,-2517.480479215675,387.19014766968877
2026-04-27 00:45:06.099,1180,786.7738794107687,-1474.1171623053883,1561.8955130360775,-458.41525659712914,313.4442331119288,-107.67603053087852,3864.256221895797,-2519.5472188959775,387.6690101707442
2026-04-27 00:45:06.138,1181,787.6442740094232,-1475.6418426958305,1562.9846831058094,-457.7721668566628,313.2696927785438,-107.55996328032593,3868.346916590118,-2520.8499821158025,388.9108218327091
2026-04-27 00:45:06.173,1182,788.7788066831195,-1476.9061265501634,1564.3342655102012,-457.09313605413723,313.12954335216494,-107.40944328599711,3872.150444092316,-2522.43685831643,389.86794065861534
2026-04-27 00:45:06.221,1183,789.8936460099146,-1478.192236859651,1565.6635599100603,-456.2742901603448,313.12954335216494,-107.12003008229044,3874.0811114423695,-2525.894218133295,388.95581530683575
2026-04-27 00:45:06.254,1184,791.7698264344095,-1478.715288982329,1567.7559033583666,-455.53799562849747,313.04781754209387,-106.9129963094063,3877.057882264908,-2528.303187678444,389.09332014544066
2026-04-27 00:45:06.292,1185,792.1430656871142,-1480.7442746583029,1568.3424581189327,-454.9709800156151,312.7975755160549,-106.87409543881037,3881.6801711004982,-2529.066981170745,390.8755309570748
2026-04-27 00:45:06.332,1186,793.0205383607724,-1482.2708557488058,1569.4304441410188,-454.2612722078401,312.6866489513682,-106.69672705505492,3885.5385142036394,-2530.5947847210555,391.8940192851411
2026-04-27 00:45:06.370,1187,794.1186351535783,-1483.5784195619667,1570.7381596987482,-453.66192696771867,312.46475911587373,-106.63034040539634,3888.5744992507302,-2532.944148683649,392.08964372727314
2026-04-27 00:45:06.407,1188,794.9554244757921,-1485.1472675853881,1571.7841540363754,-452.9270860316492,312.3781576505576,-106.42914187073578,3891.6368292105926,-2535.264262052589,392.315077244687
2026-04-27 00:45:06.447,1189,796.0754023804195,-1486.4347486120714,1573.1129886523365,-452.38268898299935,312.09746408314544,-106.42038856945354,3894.9540679620854,-2537.3293118650113,392.79487151092565
2026-04-27 00:45:06.482,1190,797.4593863869993,-1487.460293437648,1574.703013238966,-451.9188142441126,311.73201597101155,-106.49556246292443,3898.8086529992374,-2538.857657368255,393.81382184064927
2026-04-27 00:45:06.518,1191,799.085177044308,-1488.2447769428256,1576.5329111725216,-451.198214407531,311.61978386357106,-106.31718528376169,3902.1248690564817,-2540.9238929520807,394.2944976944294
2026-04-27 00:45:06.556,1192,799.6639448830198,-1490.0763162392052,1577.3179103225127,-450.4527018434309,311.53280342806426,-106.11434340908666,3905.4397787888133,-2542.9900328378167,394.77461729921515
2026-04-27 00:45:06.604,1193,801.551038521694,-1490.5995857669711,1579.4106850464384,-449.73614798043536,311.41630528643645,-105.93944461563558,3908.186371085795,-2545.623789023172,394.689573473486
2026-04-27 00:45:06.646,1194,802.1739139941191,-1492.3912713573268,1580.2366324449256,-449.0141963633517,311.3034144272239,-105.75898536606873,3911.7542293334623,-2547.436718217122,395.4264770862697
2026-04-27 00:45:06.683,1195,803.8035343280175,-1493.1766514727387,1582.0690964121477,-448.29626750260906,311.1859895093321,-105.58282537218665,3915.2927777384048,-2549.2768062142422,396.13491027322516
2026-04-27 00:45:06.719,1196,804.4076494510012,-1494.9898265779418,1582.87489302134,-447.49050233780287,311.15685410236165,-105.31974992440806,3919.6215677398295,-2550.3245009528127,397.6371464408993
2026-04-27 00:45:06.757,1197,805.5559781135804,-1496.2603845222477,1584.225752396161,-446.966079734728,310.84276732674925,-105.34150624258432,3922.3380484447466,-2552.9852400016944,397.5254972186239
2026-04-27 00:45:06.794,1198,807.1909763531356,-1497.0472451663586,1586.061353549381,-446.3803212007975,310.5862002961481,-105.30458113077998,3925.391944785232,-2555.307827982537,397.75353021945625
2026-04-27 00:45:06.835,1199,807.82161270691,-1498.8423695114266,1586.887378632959,-445.7935291370436,310.32992247992297,-105.26859722972083,3929.463502615629,-2556.6107752367448,399.00183398351436
2026-04-27 00:45:06.875,1200,808.6761960541147,-1500.4142222250994,1587.9351710805502,-445.181561031705,310.0988063806655,-105.20499194000584,3933.2805129680337,-2558.169103741356,399.9953185058713
2026-04-27 00:45:06.912,1201,809.3476310662306,-1502.171499918301,1588.7977186114579,-444.51136657035363,309.9262580286317,-105.08325756418357,3934.9480377906616,-2561.8785858995657,398.83750162640473
2026-04-27 00:45:06.946,1202,810.2064480286516,-1503.743205588366,1589.8455889013208,-443.7279070990341,309.86776375894647,-104.84902594422164,3937.6658190047833,-2564.541574261688,398.7273403945685
2026-04-27 00:45:06.982,1203,810.5627311693113,-1505.818806265898,1590.3882172181438,-443.002914767363,309.7509535093053,-104.67413449871712,3940.384099847905,-2567.205287955222,398.61710775042
2026-04-27 00:45:07.024,1204,811.2044695470913,-1507.6133135449957,1591.2083757680753,-442.2493839006349,309.66309595593543,-104.46937596835205,3943.6958850520436,-2569.2755054630684,399.10027122295094
2026-04-27 00:45:07.066,1205,812.857788015282,-1508.3973560943784,1593.0378414999473,-441.5549143294979,309.5170299854833,-104.32349730707772,3946.1883127440346,-2572.1660533359786,398.7605323661597
2026-04-27 00:45:07.107,1206,814.2503771718926,-1509.4420990158992,1594.6048836143523,-440.8027548154181,309.4296070144619,-104.1193929828376,3949.729564367715,-2574.008289110638,399.4700547612157
2026-04-27 00:45:07.149,1207,815.1383018566625,-1510.9909237105862,1595.6669036566059,-440.2236321244377,309.1699197662213,-104.08614790511223,3954.3469346109828,-2574.7738355064294,401.256212581988
2026-04-27 00:45:07.195,1208,815.8114648375952,-1512.7461228428397,1596.5237242220173,-439.5026412821059,309.05191251213427,-103.90904881675621,3958.3973471233544,-2576.1053214055587,402.47579320069866
2026-04-27 00:45:07.229,1209,816.4683252274159,-1514.5191453792363,1597.3613153627175,-438.80638419132066,308.90904976160573,-103.7573350069625,3962.221133344725,-2577.663349588126,403.4672398322626
2026-04-27 00:45:07.268,1210,817.613654140412,-1515.8063165637786,1598.6837546830843,-437.9955906168862,308.8796475672055,-103.49290357684629,3965.536725711415,-2579.7301846992063,403.94817116205815
2026-04-27 00:45:07.307,1211,818.257969283898,-1517.597675449826,1599.5007826149722,-437.2145591642884,308.82120870418004,-103.25816853937884,3968.8238624409705,-2581.824813298132,404.39973825751844
2026-04-27 00:45:07.350,1212,818.9053801987859,-1519.3900330627002,1600.3169063671287,-436.46417395350073,308.7335023375118,-103.05383313796325,3971.6312487110326,-2584.3970549341625,404.37037521892586
2026-04-27 00:45:07.392,1213,819.5353268324661,-1521.1994609998055,1601.1168419741048,-435.742850025877,308.61575694581194,-102.87742436519177,3975.2299691114304,-2586.177030032806,405.1330044801541
2026-04-27 00:45:07.431,1214,821.4858984913005,-1521.6868986983861,1603.2396062732796,-435.18782018309656,308.3294135049652,-102.86932483643508,3978.545774137628,-2588.240116738118,405.61175249983756
2026-04-27 00:45:07.473,1215,822.6535310846198,-1522.9575842747486,1604.578441505258,-434.4041959418172,308.270584840123,-102.63401072785408,3982.1185231653944,-2590.047156802977,406.34320107879256
2026-04-27 00:45:07.510,1216,823.5260901371506,-1524.5227966500097,1605.62190272719,-433.70365024205967,308.12762919442565,-102.4839302669171,3986.230114559711,-2591.315625239024,407.6117603961244
2026-04-27 00:45:07.552,1217,824.6961419777255,-1525.7932235389906,1606.9587220921344,-433.14258897122886,307.84524764520927,-102.47257168698647,3989.551168376795,-2593.3748319477663,408.0876812354591
2026-04-27 00:45:07.597,1218,825.313043745231,-1527.618601338512,1607.7411692991984,-432.4183406666314,307.72711596175884,-102.29552928334978,3993.633152654298,-2594.673652915852,409.3244766752089
2026-04-27 00:45:07.638,1219,826.4522226643076,-1528.9216835598133,1609.0443994765756,-431.6884799506103,307.61301937246697,-102.11298110558505,3996.638518265966,-2597.047455902239,409.4858932294505
2026-04-27 00:45:07.681,1220,828.3728684079279,-1529.4432591952602,1611.1301089252559,-430.96195121101835,307.49360032936596,-101.93399669770739,4000.7171148373095,-2598.345399099753,410.7221852491902
2026-04-27 00:45:07.723,1221,829.5598712564486,-1530.6970372435937,1612.4852147804752,-430.32009492023195,307.2887583169096,-101.83794267441748,4004.25562295618,-2600.180252207771,411.4220638832411
2026-04-27 00:45:07.763,1222,830.9718653574106,-1531.723701776446,1614.0686985069271,-429.7032633622481,307.0586314435533,-101.76518801286163,4007.286630954458,-2602.5219066852724,411.6153069614342
2026-04-27 00:45:07.798,1223,832.4174480980369,-1532.7163552284737,1615.6864493381133,-428.9152397504144,306.9972757301831,-101.52153576248067,4010.571105322,-2604.610088156696,412.0612294975761
2026-04-27 00:45:07.836,1224,833.568695388903,-1534.0034916657546,1617.0072052386524,-428.29454194710564,306.76512708748095,-101.44584840455511,4014.676714266678,-2605.877750141593,413.3287860118721
2026-04-27 00:45:07.872,1225,834.9809750871111,-1535.0294703964025,1618.5886555962186,-427.5017223567,306.70316850304147,-101.19927656291698,4019.005901599784,-2606.9221002769123,414.81961353348555
2026-04-27 00:45:07.937,1226,836.9147026583229,-1535.5342783674057,1620.6919166506545,-426.70962405545396,306.6411157547138,-100.95098134987626,4022.828731790809,-2608.4734204207616,415.80320871248904
2026-04-27 00:45:07.972,1227,838.065486745278,-1536.8215043480839,1622.0134696701357,-426.0637591467808,306.4312261894382,-100.85059604399578,4025.0397670566413,-2611.6379697194357,415.1739573545649
2026-04-27 00:45:08.013,1228,839.5132591219276,-1537.8146804293056,1623.6281993754008,-425.44634131936607,306.1901681906393,-100.78134343948118,4027.7885123541146,-2614.265507106057,415.0824781485504
2026-04-27 00:45:08.061,1229,840.6861289871152,-1539.0849904704548,1624.964394020769,-424.7599649696191,306.01852157015975,-100.64331811843665,4031.6131479874384,-2615.817719352691,416.06654701514515
2026-04-27 00:45:08.101,1230,841.8424066362387,-1540.3713156114222,1626.2839453029296,-424.02458988644025,305.8947263920116,-100.45724346535074,4035.9456859801326,-2616.862637424683,417.5574620447971
2026-04-27 00:45:08.152,1231,842.7365681696313,-1541.9170229335834,1627.342145822898,-423.28991204634775,305.7698918212543,-100.27011900583321,4039.7396534566437,-2618.4448512307945,418.5118172506412
2026-04-27 00:45:08.186,1232,844.4113105129127,-1542.681543232581,1629.1801976968447,-422.5558296499183,305.6447261714889,-100.08241314650715,4043.021917964028,-2620.5344086843993,418.9599686177329
2026-04-27 00:45:08.223,1233,845.3064347835269,-1544.2267679578122,1630.2370956990867,-421.88438024488187,305.4575123092735,-99.9576465319511,4046.5861496532693,-2622.3419458406806,419.6935742757041
2026-04-27 00:45:08.263,1234,846.2012200630317,-1545.7724570841635,1631.2947653471156,-421.429983155139,305.05017550857264,-100.05299303901788,4049.583615840106,-2624.715270262211,419.86130228608783
2026-04-27 00:45:08.300,1235,846.8542968061348,-1547.5623361124815,1632.107518248103,-420.88699183970675,304.7284518166355,-100.0640501328004,4052.2974161658535,-2627.370651324921,419.7454322372175
2026-04-27 00:45:08.333,1236,848.5177490603635,-1548.342739082932,1633.9287737768702,-420.1702849885096,304.57993338622265,-99.90316867577151,4054.503165980059,-2630.5344416667303,419.1210694644075
2026-04-27 00:45:08.375,1237,849.1729405011757,-1550.1338377568973,1634.7410055466287,-419.6805015708134,304.20134611805634,-99.97169583309673,4058.829386030977,-2631.579329443651,420.61510477466265
2026-04-27 00:45:08.410,1238,850.3516443743126,-1551.404602950618,1636.0736231355554,-419.13380013343107,303.878006809312,-99.98399595270006,4061.7984301439838,-2633.9819856481095,420.75194266071054
2026-04-27 00:45:08.450,1239,851.7760303976892,-1552.4299903706844,1637.6501312012767,-418.4417220206738,303.6974472676906,-99.85368281572528,4064.571907824607,-2636.5805673446557,420.6934064849313
2026-04-27 00:45:08.489,1240,852.6820859605912,-1553.974806989085,1638.7043500319564,-417.56747538570664,303.6974472676906,-99.54227288133107,4068.391093844558,-2638.1338217660464,421.68084513900277
2026-04-27 00:45:08.524,1241,852.8103943754934,-1556.2984151595601,1638.978944324905,-416.9548438552932,303.43418827415024,-99.49256013006503,4071.923604554514,-2639.970213530653,422.3864320393077
2026-04-27 00:45:08.562,1242,853.7312638175443,-1557.8252029653431,1640.0456523403989,-416.0747086226882,303.43418827415024,-99.17876326328754,4076.2748957363983,-2640.987702628469,423.9128131953224
2026-04-27 00:45:08.608,1243,855.6618472415142,-1558.3435352332156,1642.1193004454763,-415.25633201600857,303.3711167030366,-98.9268965378899,4079.046092793604,-2643.586508256852,423.8557345020563
2026-04-27 00:45:08.647,1244,857.1048050933708,-1559.3523350177184,1643.7021519919954,-414.52569973555495,303.2193929815927,-98.76111295642117,4082.0435310724347,-2645.9601512697877,424.0228266727665
2026-04-27 00:45:08.687,1245,857.4841650021675,-1561.4262715929024,1644.220677309766,-413.8274267575967,303.0360837946766,-98.627655880423,4085.8614947064275,-2647.514417263796,425.0108096487231
2026-04-27 00:45:08.723,1246,858.3946895577717,-1562.9676808892648,1645.2721573069614,-413.10256491300663,302.8776828194766,-98.4692937249887,4089.4259744602837,-2649.323316230777,425.7446451871767
2026-04-27 00:45:08.761,1247,859.5490189189233,-1564.2639523047817,1646.5681875703733,-412.37027320306754,302.7261317575398,-98.30573366503819,4092.7080343297566,-2651.4157150844717,426.19651901842576
2026-04-27 00:45:08.796,1248,860.2129208796719,-1566.049945267102,1647.3749825405405,-411.57878577140133,302.63044002788536,-98.08300812351489,4095.992092238009,-2653.50752817985,426.6467977331215
2026-04-27 00:45:08.830,1249,861.6554262464308,-1567.0588291495887,1648.959392688913,-410.93406322349267,302.38962201920054,-98.00568038473092,4098.994055998493,-2655.8830686975975,426.8118444950618
2026-04-27 00:45:08.869,1250,862.8363453190285,-1568.3253576474585,1650.2844811062334,-410.43283444800466,302.00261332629924,-98.07400658602178,4102.0268161787535,-2658.2292262691462,427.00626083877506
2026-04-27 00:45:08.909,1251,863.986146358288,-1569.619749180091,1651.5786577621973,-409.6054108725748,301.93914972616307,-97.81969429501979,4105.031508470839,-2660.605673376493,427.1704632024238
2026-04-27 00:45:08.947,1252,864.6292182263546,-1571.4184216434,1652.3704802391228,-408.9245854075866,301.7291075968795,-97.71251014865074,4108.858808134655,-2662.1604503170006,428.15702548422746
2026-04-27 00:45:08.985,1253,865.7762228699535,-1572.7128977255582,1653.6650221092132,-408.15816467505414,301.6021699172015,-97.52212289422685,4112.117580902449,-2664.282946244115,428.5752345605496
2026-04-27 00:45:09.020,1254,866.6947473842811,-1574.2371812856807,1654.7293293197522,-407.5374579023922,301.3277910543846,-97.47884619160618,4115.946084419588,-2665.836261953221,429.56030857598563
2026-04-27 00:45:09.055,1255,868.1063044876756,-1575.2715049392732,1656.280895785553,-406.7047380166296,301.26412243092557,-97.2239137960355,4119.236949338915,-2667.9265520480913,430.0060601297077
2026-04-27 00:45:09.098,1256,869.53181159436,-1576.2913532743783,1657.845910409441,-405.9625122549959,301.1109926018129,-97.05899920122388,4122.019830474481,-2670.5247021261616,429.94413547914917
2026-04-27 00:45:09.135,1257,870.4396573460466,-1577.827148690165,1658.892438516508,-405.3101527646543,300.86794597260604,-96.98255605878664,4126.102776529716,-2671.8236557471446,431.1808764225571
2026-04-27 00:45:09.174,1258,872.382944863374,-1578.3301058748375,1660.9714852816996,-404.59948513121026,300.6821405088883,-96.8479311289016,4130.724202260118,-2672.5846576417866,432.95654561254213
2026-04-27 00:45:09.214,1259,873.0494134259894,-1580.1110786380661,1661.773020935216,-403.9453352740765,300.4386698531065,-96.77166111519594,4134.555028129403,-2674.1368528134617,433.9394484956809
2026-04-27 00:45:09.250,1260,873.9628346886952,-1581.6468983325917,1662.818942009746,-403.32032017243904,300.16216569983044,-96.72830111229631,4138.163908940804,-2675.91109067693,434.6996627403422
2026-04-27 00:45:09.290,1261,875.1519191414756,-1582.911197861227,1664.1343320083804,-402.50621324836385,300.0718158629626,-96.49703850372121,4141.456248278209,-2678.0025504631435,435.14469887602894
2026-04-27 00:45:09.324,1262,876.316205021719,-1584.2004877307618,1665.4234378679196,-401.7230979646002,299.9491109063515,-96.29836357375459,4145.826275525357,-2679.0170050504294,436.66609528870356
2026-04-27 00:45:09.359,1263,877.5226422795375,-1585.4532798238963,1666.7478347792855,-401.0351320738959,299.72909084977175,-96.1959252470832,4149.342006614568,-2680.886046651159,437.3326975040347
2026-04-27 00:45:09.405,1264,878.9629573128002,-1586.47249998823,1668.3066849636716,-400.22384993196493,299.63222906955815,-95.97019120613011,4153.204863321042,-2682.4067833510135,438.34662717130885
2026-04-27 00:45:09.439,1265,879.3698394148821,-1588.5249480204177,1668.8347479988845,-399.5365452394713,299.41295598837155,-95.8675802934444,4156.497769265886,-2684.4982660289866,438.79165029378385
2026-04-27 00:45:09.472,1266,880.5516397291233,-1589.8033386841846,1670.1372056042392,-398.87565670523895,299.16769989538983,-95.792097939343,4160.868131930262,-2685.5128167760176,440.31336170119033
2026-04-27 00:45:09.515,1267,881.7225031334848,-1591.094181599472,1671.4280838599552,-398.3038655358126,298.830830222639,-95.80771538675579,4164.193538286757,-2687.572578545147,440.78913043207774
2026-04-27 00:45:09.554,1268,882.6358302345087,-1592.6425956340615,1672.460373514882,-397.5535635036517,298.67058409656204,-95.6475738070693,4167.4892393525815,-2689.663505353617,441.232451750171
2026-04-27 00:45:09.604,1269,884.3356627429451,-1593.4047754936646,1674.2775629395262,-396.70749652876265,298.6066852125626,-95.39204483392788,4170.531031234953,-2692.0078379059855,441.42314786709454
2026-04-27 00:45:09.640,1270,885.0077869091151,-1595.1981482859683,1675.0618508868083,-396.041418386734,298.3600338599954,-95.31909227365848,4172.20764617229,-2695.7136053823397,440.2534446257794
2026-04-27 00:45:09.671,1271,885.6795938288874,-1596.991411123419,1675.8467523411243,-395.37502180604207,298.10923318391474,-95.25165295329332,4175.242947989027,-2698.05733887074,440.4458334184461
2026-04-27 00:45:09.708,1272,886.1154694656765,-1599.0206253642284,1676.3972405422505,-394.5212392684144,298.04556817546006,-94.99731190225516,4178.531564382094,-2700.147052438627,440.89112780839264
2026-04-27 00:45:09.750,1273,886.79893991496,-1600.8038848830413,1677.1930782865288,-393.6987880310687,297.9494450124348,-94.77285171681993,4182.104312993419,-2701.951438811157,441.62004519269937
2026-04-27 00:45:09.795,1274,888.5154044523626,-1601.5553328320677,1679.0206336169008,-392.99573986660465,297.7336154174011,-94.66735845424505,4185.424194970004,-2704.0091525138696,442.0954175994864
2026-04-27 00:45:09.835,1275,889.703277603099,-1602.8335616203726,1680.3215629114343,-392.26410667194693,297.545072178943,-94.53391410206594,4188.460493755639,-2706.351441278056,442.2858859793367
2026-04-27 00:45:09.870,1276,890.1213495293925,-1604.8833125839285,1680.8476565666451,-391.59206380650414,297.29660670789946,-94.4599072018897,4191.2125259629065,-2708.9789511994873,442.1919844831944
2026-04-27 00:45:09.906,1277,891.5718504983917,-1605.9021206973794,1682.4013133179662,-390.768611201859,297.1998819509838,-94.23429390689161,4193.772172208804,-2711.796180866673,441.9077877738744
2026-04-27 00:45:09.946,1278,893.2701623016035,-1606.674159638648,1684.2027212802777,-390.2217295023086,296.82707299129595,-94.2841034912202,4197.059368418935,-2713.8847844499605,442.3528167396058
2026-04-27 00:45:09.991,1279,893.7236931786482,-1608.6921534316098,1684.7578321161611,-389.5162464362499,296.6101561900419,-94.17731146010783,4200.092016992449,-2716.227364733125,442.54501970909155
2026-04-27 00:45:10.039,1280,895.1749251321385,-1609.711077432664,1686.3114606832498,-388.90880465923385,296.2960983827373,-94.16743441265832,4203.662937855027,-2718.032596632645,443.27490213596394
2026-04-27 00:45:10.070,1281,896.6476965243467,-1610.709714884506,1687.8862399735945,-388.1098929327702,296.1711195979194,-93.96788540272645,4206.9816842314685,-2720.09001678175,443.7505937469618
2026-04-27 00:45:10.112,1282,897.8552732604172,-1611.977318963265,1689.1930501550344,-387.4079521917669,295.9499182246271,-93.86677029869172,4210.582788013209,-2721.8633024883816,444.51051865062266
2026-04-27 00:45:10.151,1283,899.0443467457033,-1613.2655414051178,1690.481414988942,-386.792003662869,295.6397591479887,-93.85559635720544,4214.405522159976,-2723.4151205065878,445.49407639629527
2026-04-27 00:45:10.192,1284,900.4904898418743,-1614.296666167474,1692.0280027297986,-385.9915540316198,295.51142012227194,-93.66299158891727,4218.512732211139,-2724.682997585377,446.7620643433549
2026-04-27 00:45:10.234,1285,901.9566056330775,-1615.3079716647683,1693.5953422186292,-385.25232849055095,295.3217252591573,-93.52990765125521,4222.081002411492,-2726.4889181820545,447.49346278678956
2026-04-27 00:45:10.272,1286,902.1535387933707,-1617.5875214970752,1693.8933484076667,-384.3881173120865,295.2569864488976,-93.26984660894405,4225.870591873749,-2728.0709108498445,448.4506212469947
2026-04-27 00:45:10.311,1287,903.0889155222778,-1619.1325992357845,1694.9235133408824,-383.55680773679154,295.15931930987733,-93.04226714011679,4229.689316246335,-2729.6241352308107,449.4372490715085
2026-04-27 00:45:10.353,1288,904.0348789619578,-1620.6683458099076,1695.9627248635531,-382.7578974292366,295.0291401734165,-92.84658411147103,4233.225268934383,-2731.4607461885685,450.14043601183636
2026-04-27 00:45:10.391,1289,905.2303075416702,-1621.9554584105856,1697.2500072942105,-382.1708967300103,294.68446814972367,-92.86582154004849,4236.256197598708,-2733.804178369069,450.33465566449894
2026-04-27 00:45:10.435,1290,906.4394693636847,-1623.2238273750518,1698.557098710648,-381.5821516336616,294.33878898699436,-92.88455493999552,4240.586393007471,-2734.8491270487166,451.8267991646822
2026-04-27 00:45:10.473,1291,908.1444535683223,-1623.99612179227,1700.3588489339702,-380.71335149312563,294.2730675557018,-92.62239496945715,4244.125968485966,-2736.6854782144283,452.52730250015475
2026-04-27 00:45:10.516,1292,909.602554093985,-1625.0161621896914,1701.9123525718699,-379.8109927808447,294.24021747370205,-92.32668981351001,4247.950628180479,-2738.237462492705,453.51116071797543
2026-04-27 00:45:10.553,1293,910.2885216590524,-1626.8098135306275,1702.6945797361486,-379.16056069218575,293.95444865698664,-92.28438882305538,4251.206880774889,-2740.357349628825,453.9269034266354
2026-04-27 00:45:10.591,1294,910.9758663933189,-1628.6046121134489,1703.4770864747545,-378.3234642546191,293.8562704470732,-92.05512308904015,4254.746990691746,-2742.1939600694573,454.62769833720546
2026-04-27 00:45:10.640,1295,912.6932004814715,-1629.3685202425966,1705.2921675698335,-377.6062482229622,293.63561391491817,-91.94797417183597,4259.079576989755,-2743.239465657624,456.1201811296151
2026-04-27 00:45:10.681,1296,913.8940850313478,-1630.6480623386442,1706.5917216969794,-376.89068934203567,293.40974855512366,-91.84508608753599,4261.8296910427225,-2745.868484668793,456.0291615982088
2026-04-27 00:45:10.725,1297,915.1041046317202,-1631.9180472419064,1707.9012717000378,-376.14589026715373,293.2120813082801,-91.71324672968429,4265.911074693225,-2747.1679279902096,457.26736012359885
2026-04-27 00:45:10.773,1298,916.0471164046505,-1633.4552224611004,1708.9424583283676,-375.4882321098427,292.92434645206185,-91.67211481301176,4270.276594328686,-2748.1833351682853,458.7908216465997
2026-04-27 00:45:10.813,1299,916.7210756597532,-1635.2611706691891,1709.7162274928346,-374.7332989592654,292.7301955521831,-91.53536312250871,4272.995791005006,-2750.8423768020607,458.6714155882229
2026-04-27 00:45:10.856,1300,917.6713420366718,-1636.7879337619931,1710.7682489238143,-374.069295677388,292.44579138378754,-91.48820102549033,4274.638754402619,-2754.57674486264,457.4758835289499
2026-04-27 00:45:10.894,1301,919.3807884057496,-1637.5508127718874,1712.5832540514677,-373.3422270388223,292.2225772815427,-91.38020672776992,4277.671451617134,-2756.9207951758704,457.6693626279159
2026-04-27 00:45:10.936,1302,920.0477351472382,-1639.3559117154828,1713.3569339640549,-372.55777955737875,292.05699367197263,-91.21503219357884,4281.495006528404,-2758.4732505452657,458.65440277239736
2026-04-27 00:45:10.977,1303,921.7458338339447,-1640.1298345274834,1715.1626081910813,-371.77476326604136,291.89021303425267,-91.04849101844107,4285.8259885508405,-2759.5177158709553,460.1450380114498
2026-04-27 00:45:11.014,1304,923.4522663982076,-1640.8927999829073,1716.9799002112093,-370.8918465124168,291.8231943473226,-90.78144337159341,4289.3973594164845,-2761.322241582988,460.87432886848205
2026-04-27 00:45:11.059,1305,925.4055763915206,-1641.4088539268519,1719.0440149624321,-370.142863583373,291.6218028270441,-90.64722021904429,4293.253800422607,-2762.84221352172,461.8876429557168
2026-04-27 00:45:11.094,1306,926.0912961508884,-1643.193061195742,1719.840312579902,-369.4213081655564,291.39336835659725,-90.54199876995418,4296.002985184686,-2765.4683323813933,461.79537786457064
2026-04-27 00:45:11.139,1307,927.2897900257442,-1644.4597926428241,1721.1526129898932,-368.76212654854834,291.1034738369607,-90.498706715204,4299.258719865534,-2767.58764642729,462.2117764348738
2026-04-27 00:45:11.179,1308,928.992918685035,-1645.222428048,1722.9703743058633,-368.0736064034326,290.841621513878,-90.42656907118497,4303.112540462309,-2769.1084442159317,463.2255235624877
2026-04-27 00:45:11.213,1309,929.9449153212261,-1646.7361563458835,1724.0371078896774,-367.1906369662902,290.7743324015907,-90.15819962020667,4306.083370329376,-2771.5112554556254,463.35679031190034
2026-04-27 00:45:11.268,1310,930.9111397113347,-1648.240187396733,1725.1128553106428,-366.4017541545287,290.6118426746234,-89.98486957573778,4308.576901504567,-2774.3907840538877,463.0125530421551
2026-04-27 00:45:11.305,1311,932.3498604915943,-1649.2725703863746,1726.6615725372471,-365.82735252822295,290.22956558025044,-90.03098298083367,4312.369511199439,-2775.9728989329215,463.9661543491283
2026-04-27 00:45:11.341,1312,933.5391758364423,-1650.5525599990306,1727.9643730967778,-365.0307760182157,290.0663476407319,-89.857539937416,4315.938132586498,-2777.779189636205,464.6973462470924
2026-04-27 00:45:11.378,1313,934.729931586134,-1651.832420193831,1729.2670768049297,-364.23270469031456,289.902858584092,-89.6840604721873,4318.939158391933,-2780.1521651812855,464.86047682472287
2026-04-27 00:45:11.416,1314,935.6758470430016,-1653.3602538289513,1730.3219294815867,-363.37179530035337,289.8018683156126,-89.44825890533714,4321.149839912228,-2783.3150652427653,464.23148272435543
2026-04-27 00:45:11.452,1315,936.6012985591879,-1654.909586399936,1731.3548072767144,-362.5738548967395,289.63832566364283,-89.27501060583886,4323.931490274783,-2785.908858880272,464.16910858464223
2026-04-27 00:45:11.492,1316,937.547034640803,-1656.4374940873267,1732.4097783330021,-361.7140039857153,289.5371077666095,-89.03886449884598,4326.933195597259,-2788.280465408345,464.32870933678237
2026-04-27 00:45:11.535,1317,938.4914865564403,-1657.964972318303,1733.4645894315681,-360.85460856302615,289.43622011965084,-88.80380203960969,4330.532936625376,-2790.0525703732524,465.08825379283246
2026-04-27 00:45:11.574,1318,939.9426744882155,-1658.9868175836657,1735.025500182144,-360.05593711921364,289.27243937945997,-88.63063758505896,4334.60768140165,-2791.349727911328,466.3240939696323
2026-04-27 00:45:11.611,1319,941.1564550067185,-1660.2444497742144,1736.3498296115933,-359.3547653220298,289.0126610762475,-88.5525432094635,4338.146233296563,-2793.183975587591,467.02205387498
2026-04-27 00:45:11.649,1320,943.3663732450826,-1660.5027192940456,1738.6741054977072,-358.428559872178,288.9789309944762,-88.24856286025113,4341.402153831552,-2795.3031098171436,467.43581190734506
2026-04-27 00:45:11.688,1321,945.060218568341,-1661.27702706749,1740.480720711306,-357.6313923136476,288.81529506294004,-88.07491941118343,4344.405836848994,-2797.6760210552993,467.59547802294435
2026-04-27 00:45:11.733,1322,946.4961068972025,-1662.3092639008607,1742.0288104336412,-356.76567121585634,288.7189920779133,-87.83520118446378,4347.694486508032,-2799.7652246820185,468.0408867762489
2026-04-27 00:45:11.763,1323,948.1904639124249,-1663.0830001942818,1743.8343757975806,-356.09648757995245,288.42619695893427,-87.79361189228536,4351.263803768409,-2801.57091461344,468.7717912584227
2026-04-27 00:45:11.801,1324,949.8846828360549,-1663.8568423559952,1745.6399980785761,-355.1681745583073,288.3928312560904,-87.49331070567777,4354.295423005931,-2803.913981883828,468.9653539016121
2026-04-27 00:45:11.840,1325,950.8290182321508,-1665.3828521847827,1746.6932893242624,-354.3693453329863,288.2296316920841,-87.3223175004616,4357.833469322056,-2805.7502635704923,469.6671879496571
2026-04-27 00:45:11.878,1326,951.7870840818515,-1666.899517551145,1747.7557208662308,-353.50611555537716,288.129013996405,-87.0872836992298,4361.146441907881,-2807.811186795294,470.1452782654779
2026-04-27 00:45:11.916,1327,952.7273733992615,-1668.436697026138,1748.7977430665642,-352.76808359465673,287.9021515733234,-86.97688390662275,4364.40095676292,-2809.931477983366,470.5644324444731
2026-04-27 00:45:11.951,1328,954.4298146368997,-1669.2101745961816,1750.602426804505,-352.02502445482025,287.67441020193013,-86.86723580848091,4367.431041388024,-2812.275622101539,470.75900105191414
2026-04-27 00:45:11.984,1329,955.100990787037,-1671.014895788411,1751.3759405785222,-351.318652190465,287.4093007523057,-86.7966061774006,4371.252462540321,-2813.8289361475,471.7450478723506
2026-04-27 00:45:12.029,1330,956.3003590625332,-1672.2934984638866,1752.6740674929129,-350.5722014296309,287.18088295624455,-86.69014684927754,4374.534647993927,-2815.9199002359787,472.1950257661055
2026-04-27 00:45:12.071,1331,956.9948115961025,-1674.0780463386543,1753.4663401434725,-349.8591181094039,286.9185171511707,-86.61690453547408,4376.995500147307,-2818.831106419319,471.82547002114006
2026-04-27 00:45:12.118,1332,958.188657033636,-1675.3663173132459,1754.7543216815006,-349.1435322623314,286.6559804832114,-86.54349071279933,4379.484773311819,-2821.7137980171196,471.4847999579894
2026-04-27 00:45:12.161,1333,959.3828497157882,-1676.6542153339467,1756.04212457847,-348.2662210777509,286.55503781872085,-86.30809568917262,4383.020313487478,-2823.551495739955,472.19008868354257
2026-04-27 00:45:12.190,1334,960.8353235837718,-1677.683810419701,1757.5864232935387,-347.45300558837926,286.39005247008555,-86.13723775123557,4387.123588289707,-2824.8221564015803,473.4610839198728
2026-04-27 00:45:12.230,1335,962.2943158338383,-1678.7043261954352,1759.1408394915006,-346.69977524032157,286.1598763166485,-86.03165803871136,4390.661737206015,-2826.6587663612427,474.1639616928637
2026-04-27 00:45:12.271,1336,963.7622074491587,-1679.7148934139188,1760.7053744406142,-345.97837873439323,285.8953854571265,-85.96084382399312,4394.229332872331,-2828.466433704848,474.89665508833855
2026-04-27 00:45:12.308,1337,964.4499535358142,-1681.5082392888974,1761.487212410345,-345.0908063717668,285.79492282785634,-85.72676299717732,4398.050911149382,-2830.0210031313654,475.8845356005372
2026-04-27 00:45:12.343,1338,965.9211778310372,-1682.5201678512967,1763.050611394873,-344.26688097387563,285.62866679461274,-85.55656577573383,4402.127116172863,-2831.3219067905493,477.1272826244495
2026-04-27 00:45:12.382,1339,966.8820144066876,-1684.0482722893948,1764.0985241779756,-343.6049816590847,285.29675790870454,-85.55134581767487,4405.693970876605,-2833.1323185693095,477.8619846258416
2026-04-27 00:45:12.420,1340,967.3300262591589,-1686.0922742573284,1764.6304193622443,-342.8102761247433,285.09592405103285,-85.41451619786783,4408.694120040296,-2835.5089189669197,478.0310089108984
2026-04-27 00:45:12.460,1341,969.0513816480434,-1686.8643641728875,1766.4321704638132,-342.14791701018345,284.76366474043704,-85.40879580907125,4412.485490314681,-2837.0925237591773,478.99195099083755
2026-04-27 00:45:12.497,1342,970.0191970608822,-1688.3928479839594,1767.4764431589265,-341.35121954615647,284.56178989378867,-85.27055924472825,4417.095219611118,-2837.855406108122,480.77188373851817
2026-04-27 00:45:12.537,1343,970.7148555775776,-1690.1947090017068,1768.2487708993174,-340.6180503346093,284.2931359359929,-85.19791368083737,4420.913402319542,-2839.410207878706,481.76074564085206
2026-04-27 00:45:12.584,1344,971.9415817432858,-1691.4673328661013,1769.5512211864816,-339.8535804679029,284.056574003045,-85.09365353882347,4424.193615265462,-2841.502541353511,482.21308141390193
2026-04-27 00:45:12.621,1345,972.8979976738441,-1693.0125232443677,1770.581288835374,-338.8865969388024,284.02259427508744,-84.78747973327036,4428.010200726943,-2843.0579977741977,483.2032121341134
2026-04-27 00:45:12.657,1346,973.8617282708483,-1694.5514349904831,1771.619143087574,-338.05482096458337,283.85234283733666,-84.61728232588176,4429.676809230861,-2846.7604147288157,482.0458820510002
2026-04-27 00:45:12.699,1347,975.0920020918909,-1695.8264578216904,1772.9225814323263,-337.1868188964236,283.71784283085015,-84.4105741924214,4432.162333998691,-2849.641735679896,481.7073834757961
2026-04-27 00:45:12.733,1348,976.5679871773772,-1696.8582129364645,1774.4701182485358,-336.25133696050676,283.64954062979814,-84.13803440648077,4435.184577290577,-2851.986631602718,481.905488557909
2026-04-27 00:45:12.765,1349,978.5664088828137,-1697.3667465331546,1776.5416778790259,-335.55049792950723,283.3459533652405,-84.10030523821077,4438.968278787468,-2853.568243535686,482.86728978927533
2026-04-27 00:45:12.810,1350,980.3062131005197,-1698.1333241372715,1778.3544985804135,-334.9115977715159,282.9744223788377,-84.1314117056374,4441.986992148906,-2855.9131356232733,483.066327438952
2026-04-27 00:45:12.846,1351,981.5316970893309,-1699.4160641442938,1779.6512473501414,-334.4378671102298,282.43175932036024,-84.33406667584438,4445.542082258117,-2857.721668758618,483.80251304785423
2026-04-27 00:45:12.888,1352,982.2495890010496,-1701.2076200902845,1780.4386017961415,-333.6238076331551,282.22822038951006,-84.19786564085986,4448.022288162583,-2860.6008925136603,483.46614244079905
2026-04-27 00:45:12.938,1353,983.4837441966068,-1702.4826285801448,1781.741443544372,-332.7756138709048,282.0578563751531,-84.02643347380749,4450.219853164822,-2863.7605763213564,482.8486828721613
2026-04-27 00:45:12.985,1354,984.7090206737887,-1703.7635936760755,1783.0362261440496,-331.8920693888935,281.92153983977425,-83.82119614468787,4454.532177227257,-2864.804482200382,484.34582201955214
2026-04-27 00:45:13.038,1355,986.1907054162554,-1704.786615372085,1784.5884197861953,-331.03949797431517,281.75045049257403,-83.64969040689685,4458.336456737633,-2866.3572696185124,485.3357818376757
2026-04-27 00:45:13.085,1356,986.6530844522507,-1706.8257244812503,1785.126043385682,-330.2535588448639,281.5096983574508,-83.54575397264168,4462.140607159851,-2867.9095245858953,486.325514655646
2026-04-27 00:45:13.134,1357,987.8819191486034,-1708.099123950769,1786.4282235208702,-329.397784617575,281.33788183037495,-83.37292896627345,4465.943917525213,-2869.461982963668,487.31539358342087
2026-04-27 00:45:13.176,1358,988.6008529287018,-1709.8877148273443,1787.2142350773495,-328.4728116109338,281.23456790920625,-83.13181028551813,4469.211964936053,-2871.5506514021154,487.7697028680734
2026-04-27 00:45:13.207,1359,989.0691166052445,-1711.927291511029,1787.7492059935846,-327.5134536189887,281.16551599514145,-82.855086751277,4472.7069023301565,-2873.4114981851817,488.45067277744084
2026-04-27 00:45:13.251,1360,990.8148544945548,-1712.6932403734058,1789.5568486802072,-326.72424032800257,280.92477013611693,-82.74757113960858,4475.948412176448,-2875.526933656567,488.876445513356
2026-04-27 00:45:13.292,1361,992.0397061586808,-1713.9802519443613,1790.8440080757032,-325.83434782646805,280.7853488817009,-82.53814853955956,4480.544147614297,-2876.289278599695,490.65519782068037
2026-04-27 00:45:13.330,1362,993.5275310536348,-1715.003516141785,1792.395298167486,-324.8408949760707,280.750643783431,-82.22654093254125,4484.630963398156,-2877.560534715956,491.9265468363259
2026-04-27 00:45:13.372,1363,995.2648612721431,-1715.7755031071245,1794.196820672397,-323.95005986343705,280.61329150523267,-82.01881567748542,4488.18124046236,-2879.3688311360684,492.66324253039636
2026-04-27 00:45:13.411,1364,996.4879495782395,-1717.0617085016436,1795.4828288749557,-322.9891085154047,280.54414480999526,-81.74208994329024,4491.167547201391,-2881.739283249572,492.8379633603488
2026-04-27 00:45:13.453,1365,998.2254895314796,-1717.833436299749,1797.2833874518135,-322.36939603276977,280.13033265269553,-81.81045919836357,4494.687283912212,-2883.574202281396,493.54973320557934
2026-04-27 00:45:13.493,1366,999.962895172565,-1718.6052708396896,1799.0841754704932,-321.540991547197,279.9236080209178,-81.6731464858228,4497.135732169199,-2886.4805399287206,493.1910364186798
2026-04-27 00:45:13.534,1367,1001.1850663747733,-1719.8923114690228,1800.3708964297332,-320.644658356688,279.78542667819846,-81.46609820862665,4498.822663206006,-2890.15111048297,492.06609997126594
2026-04-27 00:45:13.573,1368,1002.1489089207473,-1721.437666601961,1801.4012637690576,-319.91924510338725,279.47458750067455,-81.43243437109746,4502.627838635836,-2891.7048178226983,493.0568706239399
2026-04-27 00:45:13.613,1369,1003.6402276559675,-1722.4541410609102,1802.959348229029,-318.9844401286439,279.3711101804665,-81.19155453552327,4506.40660634195,-2893.2858088316543,494.0203386866556
2026-04-27 00:45:13.646,1370,1004.3550230907337,-1724.2494502787947,1803.7376850996136,-318.220690596111,279.0944582978531,-81.12501328913132,4510.722577180793,-2894.330597380554,495.51941783707923
2026-04-27 00:45:13.683,1371,1005.5859648960812,-1725.52982743498,1805.0298138423034,-317.4189856795199,278.85123637012964,-81.02565257550361,4514.502954748888,-2895.9117274514215,496.4819851072917
2026-04-27 00:45:13.720,1372,1006.8116637172778,-1726.8168535223647,1806.3167022088217,-316.51087181235397,278.7141457701784,-80.81973544180842,4517.238953605502,-2898.5380742705192,496.3995627961772
2026-04-27 00:45:13.762,1373,1008.3129228857057,-1727.8285153672111,1807.880389232501,-315.5678146627686,278.61047330818826,-80.57779584952131,4520.256824476712,-2900.8825709381813,496.5991292981045
2026-04-27 00:45:13.801,1374,1008.7726090364494,-1729.8838868745634,1808.4019099674758,-314.7288303712995,278.40346344990627,-80.439737202386,4523.78439970688,-2902.718930356895,497.30835256944454
2026-04-27 00:45:13.835,1375,1010.0178584825229,-1731.1541712565452,1809.7090999909578,-313.7512796942644,278.3343483302949,-80.16263663882548,4526.239909923858,-2905.628906266795,496.94374652787826
2026-04-27 00:45:13.876,1376,1011.2525366165052,-1732.4292906051437,1811.011743614669,-312.98047235443926,278.0549806327515,-80.09544415875023,4528.723002874573,-2908.511011981773,496.6067817759982
2026-04-27 00:45:13.914,1377,1012.7370071490309,-1733.4539368446144,1812.565718423269,-312.173850903931,277.8102827636064,-79.99189509347114,4532.788582337323,-2909.8115627616553,497.85223596077816
2026-04-27 00:45:13.961,1378,1013.1998285503612,-1735.5044566650524,1813.094925652124,-311.2255760228567,277.70624816802183,-79.74878775996133,4537.391078360203,-2910.57543794104,499.6353427475519
2026-04-27 00:45:13.998,1379,1014.7041679363193,-1736.5180359358865,1814.6617838603624,-310.41601160830606,277.46237517692856,-79.646217091953,4540.921132040154,-2912.412434236534,500.3437076924601
2026-04-27 00:45:14.033,1380,1015.9402422453591,-1737.8024634049777,1815.9578929583367,-309.57434614179465,277.25208263565816,-79.51191762070282,4543.971957137052,-2914.729832659001,500.570206193027
2026-04-27 00:45:14.074,1381,1016.660363127508,-1739.602904551591,1816.7381873360407,-308.8365253419964,276.9379109811722,-79.48067017266197,4546.174348414755,-2917.894091290739,499.95081174452366
2026-04-27 00:45:14.113,1382,1017.8960187691007,-1740.8865621383914,1818.034234093732,-308.09658318998623,276.6232333916216,-79.45029837740529,4549.953787799269,-2919.4755187707146,500.9156778681815
2026-04-27 00:45:14.150,1383,1018.6078925174679,-1742.6920155749365,1818.8080018185826,-307.285344416312,276.3770989097876,-79.35152083688614,4553.759774109701,-2921.0294517426823,501.90704127148126
2026-04-27 00:45:14.188,1384,1019.8358906030619,-1743.9813283181534,1820.0973571973009,-306.40213287578325,276.2027288040015,-79.18237690270396,4557.538754434544,-2922.6103701710817,502.87085068167085
2026-04-27 00:45:14.223,1385,1021.3412275922251,-1744.9956801905682,1821.6624344840673,-305.4476729954213,276.10013658952494,-78.94301382468028,4560.782410760157,-2924.7275169687,503.2986424156559
2026-04-27 00:45:14.259,1386,1021.559209243558,-1747.3017028720287,1821.9374043706641,-304.66986894908075,275.8204068006776,-78.88191943694675,4564.024751596434,-2926.844031421965,503.72586246503903
2026-04-27 00:45:14.295,1387,1022.8066814102102,-1748.5822330178096,1823.2397889334388,-303.9264326878874,275.5069081061706,-78.85508328929589,4566.784668514448,-2929.4418071497953,503.6720920493939
2026-04-27 00:45:14.342,1388,1023.5330422055195,-1750.3864517545167,1824.0207138811145,-303.0443985634725,275.33323142188027,-78.68783058114077,4570.58895663925,-2930.9951103269564,504.66268924450014
2026-04-27 00:45:14.381,1389,1025.042571490924,-1751.4104520483343,1825.5830710373966,-302.1253756967808,275.1969684959231,-78.48369738494262,4574.111747047904,-2932.8285259621907,505.37031255633224
2026-04-27 00:45:14.418,1390,1026.0304551576103,-1752.9576649018022,1826.62281279598,-301.5590649312302,274.70584417567005,-78.6339161452783,4577.943541129153,-2934.3531178393528,506.38658393080203
2026-04-27 00:45:14.458,1391,1027.5362573626721,-1753.987304821926,1828.1807243538908,-300.7444623832823,274.46302434566513,-78.53445617145134,4581.465890181414,-2936.1871538831556,507.0949844632542
2026-04-27 00:45:14.499,1392,1029.2939824578189,-1754.7637716290278,1829.992773654211,-299.72168671672244,274.42858930491496,-78.22522373236211,4583.636026708866,-2939.3741987887556,506.4511315478624
2026-04-27 00:45:14.541,1393,1030.540991183328,-1756.0523097447572,1831.2913270973722,-298.73304871014,274.3595146724656,-77.94866474346433,4585.552343255551,-2942.8169630184843,505.55196741871066
2026-04-27 00:45:14.614,1394,1031.5284016619928,-1757.5985535063833,1832.3309779294395,-297.84942822221507,274.1845096615626,-77.77827122702371,4587.495443985303,-2946.231838641017,504.68049243793155
2026-04-27 00:45:14.648,1395,1032.2521495861067,-1759.4085028516533,1833.1066115287263,-296.9990543737091,273.9745927074026,-77.64224841097182,4590.7929654810105,-2948.2927732079706,505.1613537253499
2026-04-27 00:45:14.686,1396,1032.7341144431439,-1761.46222842055,1833.6389287572058,-296.1473028976596,273.76472551428816,-77.50679556700453,4594.090624328263,-2950.352768832785,505.6422250768702
2026-04-27 00:45:14.717,1397,1034.2403744453616,-1762.4917579377154,1835.1953058012812,-295.1549957317442,273.695829544228,-77.2310788745899,4597.0498223574195,-2952.7488204545944,505.78651386273515
2026-04-27 00:45:14.753,1398,1035.240234049102,-1764.0294115507254,1836.244962296547,-294.12769715476946,273.6614357821026,-76.92106861677796,4600.062879713787,-2955.08907162961,505.98575409012886
2026-04-27 00:45:14.795,1399,1037.0022818766317,-1764.8060116027748,1838.0568548151214,-293.16945341899026,273.55763436564615,-76.67939893741334,4602.232469861371,-2958.2740407632646,505.33913759757064
2026-04-27 00:45:14.834,1400,1037.9865553905654,-1766.3603961656702,1839.0930681221892,-292.421894629787,273.2407355707741,-76.64998483578397,4605.247876413495,-2960.615151047294,505.5377237197154
2026-04-27 00:45:14.877,1401,1038.7144072176536,-1768.169252723526,1839.8762580694822,-291.39041689037185,273.2061878215438,-76.33846195375281,4607.9820097114525,-2963.237542317068,505.453111359744
2026-04-27 00:45:14.915,1402,1039.7054826033493,-1769.712938367723,1840.9242566747562,-290.6395437574413,272.88815587558685,-76.30980731367673,4612.322049771545,-2964.2535126266625,506.9770657771335
2026-04-27 00:45:14.949,1403,1040.9574120705183,-1770.9980224416513,1842.2316255537687,-289.8175211582355,272.63921172925177,-76.21108204367201,4615.617723902008,-2966.3139040367073,507.45797742861083
2026-04-27 00:45:14.986,1404,1042.4550002410235,-1772.035686078135,1843.7880350166695,-288.92297205097174,272.4625161832171,-76.04022527967629,4619.420549477014,-2967.8662649888106,508.44773764298316
2026-04-27 00:45:15.026,1405,1043.9523364988947,-1773.0736129801305,1845.3449993289719,-288.06119858980793,272.25042261014744,-75.90283564911665,4622.379202129327,-2970.2625591573724,508.59313167143904
2026-04-27 00:45:15.065,1406,1044.4196272607464,-1775.1429455180375,1845.869698274924,-287.3047730205178,271.92959252641015,-75.87270420024252,4626.944191299957,-2971.0522310694896,510.3448116361707
2026-04-27 00:45:15.105,1407,1045.4015629299286,-1776.6982288635104,1846.9065514499687,-286.5125670728315,271.6440764268734,-75.80773783184443,4631.001363037922,-2972.350275451313,511.58812314057826
2026-04-27 00:45:15.146,1408,1046.914587800297,-1777.7247982945535,1848.472511540941,-285.6820314437617,271.39541201456075,-75.70484051927102,4634.833328891491,-2973.873949896602,512.6037466282477
2026-04-27 00:45:15.187,1409,1048.4188708105933,-1778.7616570415264,1850.0278109426895,-284.7091984230132,271.29012102137403,-75.45931230321656,4637.565796728617,-2976.497139253436,512.5214550647091
2026-04-27 00:45:15.227,1410,1049.4095032258479,-1780.3111687265582,1851.0698468221835,-283.7362222362167,271.18516381629235,-75.21419014348344,4640.806735669977,-2978.6121306171367,512.9473380485098
2026-04-27 00:45:15.263,1411,1050.653328602024,-1781.6060217520046,1852.364527075506,-282.8355424458017,271.00737329339364,-75.04256065610254,4644.3559634063095,-2980.417939257691,513.6820723260656
2026-04-27 00:45:15.300,1412,1052.1748301884516,-1782.6278621775866,1853.933015541219,-281.96737975962856,270.79452750134504,-74.9067118878098,4646.580604392135,-2983.547337062135,513.0917908776922
2026-04-27 00:45:15.341,1413,1053.42345999752,-1783.9237254660518,1855.2286296165105,-281.1033724701845,270.5784340540076,-74.77442221473133,4649.819429307881,-2985.6607901492675,513.5171371441629
2026-04-27 00:45:15.386,1414,1054.6719919846234,-1785.2196702725983,1856.524716377858,-280.3429959705528,270.25786463433127,-74.74764289431788,4652.831374778082,-2988.0010690686354,513.7161899653556
2026-04-27 00:45:15.423,1415,1056.4481567359405,-1785.9878291764505,1858.347678250281,-279.5120741312454,270.00692927349434,-74.65149439476794,4655.306787272042,-2990.8768360775375,513.381238089203
2026-04-27 00:45:15.465,1416,1057.1895723877913,-1787.786900847135,1859.1406689676005,-278.466542199609,269.9723268630001,-74.33983387644724,4658.796157558704,-2992.73502949142,514.0646596757047
2026-04-27 00:45:15.505,1417,1058.1837387094333,-1789.3324193443525,1860.1890373174028,-277.7780960803338,269.5774057856682,-74.38721088109646,4662.5884956452455,-2994.286414936661,515.0561030881403
2026-04-27 00:45:15.547,1418,1059.9456885871168,-1790.1110619057622,1862.0055233315,-276.7620321897852,269.50760161632854,-74.10842816781235,4665.565865441664,-2996.652601537967,515.233275837286
2026-04-27 00:45:15.589,1419,1061.7072264228289,-1790.8900892823672,1863.8229503324728,-275.7859436579031,269.3991208380014,-73.86800097857234,4669.078267449883,-2998.484700594187,515.9452766734064
2026-04-27 00:45:15.625,1420,1063.2273582503815,-1791.912743527127,1865.3975130673577,-275.16867752921434,268.9296161320683,-73.9894436683065,4672.869253241878,-3000.0374004786095,516.9382085685659
2026-04-27 00:45:15.662,1421,1063.9668162958749,-1793.7132399082004,1866.1937263428438,-274.3302587711712,268.6822422980465,-73.89002962272053,4675.2871642400005,-3002.9648788154404,516.557532154098
2026-04-27 00:45:15.699,1422,1064.4542330198508,-1795.7684195621919,1866.7337643500002,-273.4600092148893,268.46461721067715,-73.75979347156238,4678.266305062968,-3005.3331889370756,516.7358723303048
2026-04-27 00:45:15.737,1423,1065.1861621791434,-1797.579249832579,1867.516928406704,-272.65702642337027,268.1765471923892,-73.69934741370643,4680.712762744031,-3008.2366770201716,516.3773535382222
2026-04-27 00:45:15.774,1424,1066.4383397212487,-1798.8713323543093,1868.819439308343,-271.71019086128894,268.0327137796483,-73.49458894434052,4683.950145529859,-3010.35124204988,516.8073033542117
2026-04-27 00:45:15.808,1425,1067.6824031400308,-1800.1693546830363,1870.1173443218443,-270.83614000518355,267.8138253240811,-73.3634887666918,4687.495069697298,-3012.159597278038,517.545055186404
2026-04-27 00:45:15.849,1426,1068.9445641693915,-1801.4517620964953,1871.4304225651185,-269.9890919133915,267.5640807871915,-73.26330990381616,4690.505237358712,-3014.5034320691498,517.7470867822849
2026-04-27 00:45:15.887,1427,1069.6745655546686,-1803.2636262291053,1872.2147096762822,-269.0347807403493,267.41916813433323,-73.05928122441385,4693.261429805229,-3017.101947296033,517.694770705072
2026-04-27 00:45:15.922,1428,1070.9169133089845,-1804.5624248301635,1873.5134379565188,-268.43851526430547,266.91332669038434,-73.21510408280747,4696.5518923853915,-3019.1652958066093,518.1778752074691
2026-04-27 00:45:15.957,1429,1072.419002619525,-1805.6014946113978,1875.0721148608868,-267.8764997761135,266.37256159734005,-73.40627112604164,4700.861481803326,-3020.210179202591,519.6800220444707
2026-04-27 00:45:15.994,1430,1072.8816913777052,-1807.679972576056,1875.5917066821612,-267.24483690198025,265.9004574668379,-73.52610797188254,4703.87179482465,-3022.553571336303,519.8822874746625
2026-04-27 00:45:16.029,1431,1073.877060540063,-1809.2284818109338,1876.6423024182732,-266.5395038588684,265.49665937049116,-73.57611114988475,4708.180360932963,-3023.5982771228596,521.3841276077897
2026-04-27 00:45:16.071,1432,1074.8618300308563,-1810.7887365605063,1877.682450796889,-265.7862656554549,265.1380015078832,-73.58094266634903,4711.954348387296,-3025.178712776784,522.3513513326398
2026-04-27 00:45:16.110,1433,1076.1178556614827,-1812.0784460459233,1878.9944836053655,-264.93266867809496,264.8801212684097,-73.48367398528364,4714.963886680693,-3027.5233359109716,522.5547369794368
2026-04-27 00:45:16.143,1434,1077.6217606686405,-1813.1190781654238,1880.5554334169192,-264.073899364894,264.6265899132668,-73.38153459607113,4718.762603365568,-3029.078182318215,523.5485403528061
2026-04-27 00:45:16.184,1435,1078.6116815792582,-1814.6740912151126,1881.600978819324,-263.18411750912,264.4040724287005,-73.24761829095156,4722.562670416535,-3030.6326384785543,524.5416433231869
2026-04-27 00:45:16.225,1436,1079.8739070780514,-1815.958113158071,1882.9179873523574,-262.40088821074386,264.07532491291903,-73.22153075725876,4726.3360588956,-3032.2128976163626,525.5084572470709
2026-04-27 00:45:16.262,1437,1081.1218431767627,-1817.258119678425,1884.2177512850444,-261.39601712780586,263.9693624505607,-72.97430055506317,4729.091018623935,-3034.8122588408364,525.4565160177897
2026-04-27 00:45:16.298,1438,1082.8899006403915,-1818.037981607607,1886.0372307910197,-260.65435471877544,263.60110629992204,-72.99021339253157,4732.634773608323,-3036.62121216936,526.1947215886087
2026-04-27 00:45:16.344,1439,1084.1438784098364,-1819.3322822793598,1887.341564110899,-259.79030895813236,263.35525647992466,-72.88484322713894,4737.223418329024,-3037.385068621456,527.9770477025702
2026-04-27 00:45:16.379,1440,1086.174120644436,-1819.8518412807437,1889.4201509620436,-259.1162692940361,262.9154185773492,-72.97237261996669,4740.792801647442,-3039.1681798769755,528.741223510346
2026-04-27 00:45:16.417,1441,1087.6852619971094,-1820.8904796028637,1890.9778508811544,-258.147770917234,262.7687415103688,-72.76724024849032,4744.055267629129,-3041.2568950061136,529.1992454263601
2026-04-27 00:45:16.461,1442,1089.196550443437,-1821.9289408586899,1892.535794341975,-257.1381261294415,262.66291939237794,-72.52068353315266,4747.597980887062,-3043.0656410291767,529.9377292273102
2026-04-27 00:45:16.498,1443,1090.4577241882332,-1823.2173734880016,1893.8416839901379,-256.2043615864753,262.48104779795904,-72.35048687913321,4750.352827692547,-3045.662973793541,529.8854384996242
2026-04-27 00:45:16.540,1444,1091.4550884275582,-1824.7698688243702,1894.8841050099218,-255.38297676536274,262.1874914918766,-72.29127539377215,4754.15374683229,-3047.215504305109,530.8761564747832
2026-04-27 00:45:16.580,1445,1092.453488070945,-1826.3230423593027,1895.926784617658,-254.44930289411653,262.00491242313325,-72.11900625914271,4757.421023685432,-3049.3024061028905,531.3299076641855
2026-04-27 00:45:16.624,1446,1093.7125276000284,-1827.6174857267101,1897.2296091193105,-253.54975595888558,261.78591621922646,-71.98103050343153,4760.716452198395,-3051.3603034029093,531.8098344787378
2026-04-27 00:45:16.661,1447,1094.7139422422654,-1829.1728097739729,1898.2733803591766,-252.57384273018,261.6427577047179,-71.76631823705463,4763.729688581096,-3053.7002141491134,532.008205105145
2026-04-27 00:45:16.694,1448,1095.4570218956374,-1830.988387760419,1899.057328703235,-251.52634735413278,261.57094459107043,-71.47931675451181,4767.560223143001,-3055.2236051769364,533.0236958167009
2026-04-27 00:45:16.738,1449,1096.4660177926523,-1832.5410832080981,1900.1053141779553,-250.59145757535347,261.3876243798506,-71.3049297628429,4771.052891249615,-3057.0833692393453,533.7037576386413
2026-04-27 00:45:16.772,1450,1097.4769909553631,-1834.0946517245486,1901.1528878477304,-249.65549073184258,261.20449749165243,-71.13163934233624,4774.292419037681,-3059.197811266897,534.1296329622998
2026-04-27 00:45:16.812,1451,1098.4814602427173,-1835.6566209936207,1902.1940727511353,-248.75418661348195,260.9853844507529,-70.9938437274989,4777.279458406179,-3061.566218966668,534.300740961647
2026-04-27 00:45:16.852,1452,1099.4850965472235,-1837.219406491326,1903.2359601813848,-247.81542741326305,260.801947485012,-70.82142003948469,4780.829025555905,-3063.371337123704,535.0349311196139
2026-04-27 00:45:16.887,1453,1101.2779128265176,-1837.9932791933256,1905.0665727047844,-247.06553841492695,260.4297673590795,-70.8383136486062,4784.35092186824,-3065.2047792416515,535.742668072357
2026-04-27 00:45:16.945,1454,1102.2917823116322,-1839.5439388505113,1906.119859461758,-246.012906795813,260.35861734859594,-70.55368019983096,4786.294892408457,-3068.618295167984,534.8702637963033
2026-04-27 00:45:16.986,1455,1103.044240012539,-1841.3580857011261,1906.9084578566642,-244.99590704367225,260.25201665839336,-70.30459532362156,4789.256651612795,-3071.0163467205393,535.0134776065939
2026-04-27 00:45:17.031,1456,1104.8258883048118,-1842.1390064879222,1908.7305190441334,-244.05433045027635,260.0687183706609,-70.13390752260045,4793.037063605412,-3072.597047288155,535.9743411200636
2026-04-27 00:45:17.076,1457,1107.12803787061,-1842.3993934814139,1911.073673856703,-242.96543973842006,260.0333462373931,-69.81588368499311,4795.517617568568,-3075.475950921172,535.6374475285884
2026-04-27 00:45:17.117,1458,1108.6485834636894,-1843.4413561490492,1912.6362814790846,-241.9831881773992,259.89192198553667,-69.60355042626664,4798.786858923306,-3077.5651763971678,536.0921630588421
2026-04-27 00:45:17.155,1459,1109.9121922875615,-1844.740428374163,1913.9439573812147,-241.11267229204134,259.6380590127614,-69.50417644023997,4801.5478901557035,-3080.1622155383757,536.0374949673419
2026-04-27 00:45:17.195,1460,1110.665003270167,-1846.5536162585204,1914.738582403107,-240.12932867065246,259.4958382691619,-69.29071374186049,4804.535651097833,-3082.5317629462847,536.2094080077092
2026-04-27 00:45:17.232,1461,1112.4536494232807,-1847.3317270631078,1916.5676339043512,-239.30013808797247,259.19970914587327,-69.23082523895137,4807.804982926008,-3084.6195353193866,536.6631721422833
2026-04-27 00:45:17.266,1462,1113.726756508503,-1848.628017610789,1917.8783860267233,-238.5060785656199,258.86795316877925,-69.20797397107826,4811.354594711277,-3086.4261969954678,537.3983311073547
2026-04-27 00:45:17.302,1463,1114.7419478336692,-1850.1859982681294,1918.92778359722,-237.55622690907913,258.69130359919853,-69.03137898300471,4814.342309494715,-3088.7952337538904,537.5691822792282
2026-04-27 00:45:17.346,1464,1116.2736811444797,-1851.2295054790677,1920.492792783634,-236.723616098785,258.3948817762706,-68.97463765577088,4817.330858028789,-3091.163976308035,537.7391489642073
2026-04-27 00:45:17.381,1465,1118.587984444186,-1851.4904135895322,1922.8406011421837,-235.81143492159467,258.1761727193874,-68.8410985471875,4821.391916774208,-3092.46121501015,538.9797134100122
2026-04-27 00:45:17.421,1466,1119.5968487374032,-1853.0567390966091,1923.8847335551457,-234.89889851656858,257.95783284732295,-68.70806401409315,4824.974827298658,-3094.2367473137347,539.7406485442793
2026-04-27 00:45:17.461,1467,1120.874096069417,-1854.3552309489376,1925.1958750636504,-233.87406594518498,257.85251487970146,-68.46273428180089,4827.17578290497,-3097.3940627594266,539.11870953546
2026-04-27 00:45:17.500,1468,1122.6748834591647,-1855.1316444789607,1927.0283568654559,-232.9279609228251,257.6690247957132,-68.29376568521276,4830.700658850662,-3099.225727310514,539.8216466363223
2026-04-27 00:45:17.543,1469,1123.4339548224248,-1856.952909013142,1927.8171261047391,-232.12973750636547,257.33674175049964,-68.27257487056077,4833.973217962154,-3101.310634532415,540.2701887006368
2026-04-27 00:45:17.591,1470,1125.2361872609397,-1857.7332505000838,1929.6462116481177,-231.40911946828604,256.92675783436846,-68.32950180502934,4837.529448455751,-3103.112803975053,541.0005005214027
2026-04-27 00:45:17.634,1471,1126.5164260550036,-1859.0370699900443,1930.950292937523,-230.46242086955695,256.7432145039045,-68.15996890447147,4841.0870802383015,-3104.9138585936034,541.7295608284668
2026-04-27 00:45:17.675,1472,1127.2750359929514,-1860.8625057829556,1931.7325998283486,-229.36864831604387,256.70789941372806,-67.84228931180752,4844.615172395259,-3106.745206105655,542.429267880126
2026-04-27 00:45:17.713,1473,1128.0374990507453,-1862.6852092778236,1932.5167386977223,-228.56273924397942,256.38287897369855,-67.81389753897555,4847.60865756179,-3109.1133847516153,542.5934118123241
2026-04-27 00:45:17.761,1474,1129.324205920765,-1863.9841833587398,1933.823267308232,-227.7971406156902,256.0150801148363,-67.82928663952437,4851.421479943427,-3110.662687051299,543.576901264278
2026-04-27 00:45:17.801,1475,1130.6097906512255,-1865.2843992217163,1935.1268603232663,-226.8475712834206,255.83100444207284,-67.6597089726804,4855.204788729057,-3112.2417668129888,544.5311324080203
2026-04-27 00:45:17.839,1476,1130.8585868721702,-1867.6249678797913,1935.3899472065682,-225.82045157115897,255.72485095032152,-67.41238072334448,4859.523718857443,-3113.2843372645298,546.0206562797772
2026-04-27 00:45:17.883,1477,1131.6276685977043,-1869.4469364849974,1936.1707617784346,-224.98566704939674,255.4278392046277,-67.35678342504093,4862.235067966647,-3115.9360580042844,545.9013940728577
2026-04-27 00:45:17.945,1478,1132.6579360570342,-1871.0077039389978,1937.2113268579253,-224.00135133117962,255.2792156631675,-67.15337543881003,4864.411175264947,-3119.125192033441,545.2441872050276
2026-04-27 00:45:17.980,1479,1134.4678473114918,-1871.7864714090274,1939.0323358364624,-223.11970079179184,255.02531111366585,-67.05610056324524,4867.435108439123,-3121.463421577748,545.4377410640082
2026-04-27 00:45:18.021,1480,1136.278647548704,-1872.565445690009,1940.852704742833,-222.34888879547236,254.65744060380698,-67.07317102007195,4871.217802298979,-3123.04179470874,546.3898656708948
2026-04-27 00:45:18.068,1481,1137.5695356102617,-1873.865087538126,1942.152292859955,-221.46340867084913,254.40355458514088,-66.97702577843945,4874.7474632678095,-3124.872204880468,547.0875118952473
2026-04-27 00:45:18.148,1482,1138.3421510361266,-1875.6841313743541,1942.932778562052,-220.32459213119884,254.40355458514088,-66.62638070422923,4877.2365770035285,-3127.744530447272,546.7426885624902
2026-04-27 00:45:18.182,1483,1139.3781979193373,-1877.2427229148648,1943.972751456388,-219.6313654614777,253.95544526534755,-66.72279216802512,4881.840129189352,-3128.503111832006,548.5129260654768
2026-04-27 00:45:18.224,1484,1140.9368670593394,-1878.2820378371791,1945.5317574531725,-218.7512958138765,253.69126667044094,-66.63444382608765,4884.864838378811,-3130.8408775357193,548.7055790645002
2026-04-27 00:45:18.264,1485,1141.974302236981,-1879.8406980075843,1946.5711244988552,-217.90397811070545,253.390975769421,-66.58131955199758,4887.859925049573,-3133.209829472889,548.8683855189032
2026-04-27 00:45:18.303,1486,1143.27054925674,-1881.138946361351,1947.870989669922,-216.97597492677608,253.1702801976157,-66.44919837794191,4891.958190538048,-3134.476584058982,550.134977177408
2026-04-27 00:45:18.342,1487,1145.3460516015436,-1881.6585721654196,1949.9496057940464,-216.24162619040044,252.75481527861808,-66.51195304860391,4894.699875422433,-3137.099527266175,550.0462271500803
2026-04-27 00:45:18.381,1488,1147.1604540967303,-1882.4376306481536,1951.769054100025,-215.24014959726887,252.6044754474445,-66.31100051690817,4898.0075811307115,-3139.1566373551914,550.523394981206
2026-04-27 00:45:18.417,1489,1148.7155199459603,-1883.4768013532662,1953.3289749830544,-214.2390444092769,252.45451611321465,-66.11125482994005,4900.720338051856,-3141.8095568530935,550.4039753153526
2026-04-27 00:45:18.452,1490,1150.5321943714719,-1884.2562345694967,1955.1482685406359,-213.23773199184282,252.30438111322545,-65.91246116011537,4904.564366614493,-3143.3301592429616,551.4176235879877
2026-04-27 00:45:18.489,1491,1152.0888683591386,-1885.2960142356453,1956.7076491137652,-212.22522658341165,252.16513216011126,-65.70348321848894,4908.094025724423,-3145.1633868274434,552.1207111945602
2026-04-27 00:45:18.526,1492,1153.3853246887481,-1886.594879648005,1958.0083431245512,-211.1782626181117,252.06047076919975,-65.45927190767928,4911.904339093004,-3146.714350793712,553.1067038688501
2026-04-27 00:45:18.568,1493,1154.4212822508362,-1888.1548802323543,1959.048465672607,-210.24643385146115,251.84018388165694,-65.32905794517553,4915.460553371322,-3148.519694456745,553.8397121336596
2026-04-27 00:45:18.606,1494,1156.2410021362844,-1888.9346360100906,1960.868964244772,-209.5813901918488,251.3548769296978,-65.46407744691071,4919.494528248285,-3149.8453141896766,555.0525212364921
2026-04-27 00:45:18.648,1495,1157.799016858868,-1889.9746277450163,1962.4300100163741,-208.71981787750613,251.0641514031295,-65.40412803727929,4923.047938116824,-3151.65039921574,555.7858753924655
2026-04-27 00:45:18.690,1496,1158.5740529996465,-1891.7948107407046,1963.2109720717983,-207.83102421486117,250.79807867083227,-65.31988016713727,4927.390722020011,-3152.6662941295895,557.3095640373581
2026-04-27 00:45:18.738,1497,1159.3505362345838,-1893.6151511231142,1963.991702780113,-206.77969883234772,250.69296115025992,-65.07464201441006,4930.351033476057,-3155.062572807884,557.4528440891021
2026-04-27 00:45:18.778,1498,1159.869394769424,-1895.6953465920517,1964.5125006246515,-205.80808910631796,250.5070072652294,-64.9099265272171,4933.647681153194,-3157.1224363462034,557.9332780604775
2026-04-27 00:45:18.812,1499,1161.6873283540867,-1896.4756165588237,1966.3328037689362,-204.8357169260116,250.32124279883556,-64.7464685086353,4937.142942784861,-3158.983387894739,558.6134030221023
2026-04-27 00:45:18.853,1500,1162.9864276726003,-1897.776547746307,1967.6338699315527,-203.74709502320704,250.2515289422271,-64.46729330124624,4940.384360429568,-3161.0987322704395,559.0395909325933
2026-04-27 00:45:18.890,1501,1164.5454004332116,-1898.8167080843893,1969.1962521967416,-202.8103402449667,250.03073216315462,-64.33817550028043,4943.147241715749,-3163.694281229977,558.9836647494716
2026-04-27 00:45:18.932,1502,1166.1041408735111,-1899.857352306666,1970.7585218332001,-201.72382807692392,249.96056735308883,-64.05813229148244,4946.9533549111675,-3165.246881132919,559.9727990924561
2026-04-27 00:45:18.974,1503,1167.403613728812,-1901.158582104967,1972.0599376590944,-200.85741425619685,249.6697027332596,-63.99894253772227,4949.406485002868,-3168.1529353331657,559.6084655389562
2026-04-27 00:45:19.013,1504,1168.4443696801752,-1902.7210928943566,1973.1011252703659,-199.84010376022962,249.52973731604243,-63.788839897324145,4952.392098926534,-3170.521774587795,559.7823821834941
2026-04-27 00:45:19.050,1505,1169.2255877741518,-1904.5439435127287,1973.88272703967,-198.7882337680185,249.4250215732973,-63.544495491814395,4955.93903847118,-3172.3284406368584,560.5180995956889
2026-04-27 00:45:19.088,1506,1170.5230071323085,-1905.8464367648608,1975.186721577936,-197.851150125678,249.20410711322634,-63.41482771879613,4959.457632162656,-3174.16199480593,561.2280842850713
2026-04-27 00:45:19.127,1507,1171.8189761057397,-1907.1492057361547,1976.4914755077036,-196.72660552376712,249.16880812511894,-63.09743880337532,4963.511548343176,-3175.4607933734114,562.4738371400177
2026-04-27 00:45:19.163,1508,1173.6357096652637,-1907.9289768179774,1978.3181969681416,-196.01944805327048,248.7139774862897,-63.198309648228694,4967.030117556291,-3177.29519953249,563.1858891837596
2026-04-27 00:45:19.201,1509,1174.6749205508559,-1909.4907951298921,1979.362301807812,-194.8926080088894,248.67850556729658,-62.87882995383462,4970.036977303829,-3179.6384957057967,563.3890147993511
2026-04-27 00:45:19.244,1510,1175.7144423511807,-1911.053933114754,1980.4046538260636,-193.88189108735378,248.52679710956474,-62.67493631691104,4973.043507332859,-3181.982140591108,563.5921572930683
2026-04-27 00:45:19.282,1511,1176.758107266027,-1912.6158417044705,1981.4457584421443,-192.9048116442583,248.3391534157979,-62.50651087133733,4975.48888268717,-3184.8868841695294,563.2357967795537
2026-04-27 00:45:19.324,1512,1177.5433406898417,-1914.437999429478,1982.2244290773494,-192.14806448455994,247.92866961431483,-62.562535360278275,4978.774933313518,-3186.9513942639146,563.7202360625862
2026-04-27 00:45:19.363,1513,1179.1106089786124,-1915.4801570957925,1983.783210358673,-191.48102320124895,247.42479459343048,-62.71168919278486,4982.035157025283,-3189.040474645549,564.1793586575574
2026-04-27 00:45:19.404,1514,1180.6768589775882,-1916.521828442939,1985.342640263093,-190.6131007281105,247.1190344746581,-62.66160425057819,4985.854440336846,-3190.5692735399057,565.1985865761008
2026-04-27 00:45:19.443,1515,1181.4650788592176,-1918.3420143105386,1986.1226593044546,-189.62734515706833,246.93056073780792,-62.494439178559496,4989.649134605299,-3192.123173190603,566.1924003529907
2026-04-27 00:45:19.481,1516,1182.7738704903313,-1919.6427091889802,1987.420943457146,-188.63016158206642,246.75326265819805,-62.31735800637078,4992.652235485408,-3194.466250389129,566.3971156234478
2026-04-27 00:45:19.516,1517,1184.0844093117096,-1920.9423644773863,1988.7201527791967,-187.5268600878729,246.68256738977766,-62.034384155665016,4995.348267537551,-3197.112920704918,566.2984930602672
2026-04-27 00:45:19.560,1518,1185.3952636415165,-1922.241688074342,1990.0197289136715,-186.54033519732417,246.4939636730414,-61.868475626140956,4999.672052752067,-3198.1313458690956,567.8264191251606
2026-04-27 00:45:19.600,1519,1187.2251137685182,-1923.0223592430875,1991.8368001287033,-185.97573334924925,245.88158342875204,-62.127100795718334,5002.087998532467,-3201.056345403623,567.4464063475197
2026-04-27 00:45:19.644,1520,1188.537359605097,-1924.3231629036732,1993.1341160289896,-184.83422386552314,245.84639067560832,-61.80993674738228,5005.621313548129,-3202.863571436021,568.1849932843718
2026-04-27 00:45:19.682,1521,1190.3711272528303,-1925.1031555885756,1994.9540949070936,-184.11593299826754,245.3876011874726,-61.91715261069168,5008.876026375423,-3204.9502053182387,568.6441403957259
2026-04-27 00:45:19.723,1522,1191.9400954132375,-1926.1458165098597,1996.5119886173527,-183.16154112688565,245.16439219719197,-61.78890324454829,5012.131902614063,-3207.0366458886388,569.1025414076652
2026-04-27 00:45:19.765,1523,1193.2507712824479,-1927.4472397404395,1997.8115295638604,-182.2431499328418,244.90654994010654,-61.69634630030059,5016.201757130777,-3208.3097882202064,570.3753058634434
2026-04-27 00:45:19.810,1524,1194.300268858833,-1929.0101401736974,1998.8487634998367,-181.44210821389026,244.530459520156,-61.720775535835315,5020.246060662935,-3209.6085320849716,571.6244786485831
2026-04-27 00:45:19.850,1525,1195.6151230939076,-1930.3098475870895,2000.1486560093756,-180.33536907837365,244.4597938954667,-61.43825080914478,5023.526697453852,-3211.672025376456,572.1095024882865
2026-04-27 00:45:19.888,1526,1197.189193389847,-1931.3512253509903,2001.7060969049728,-179.22817887384525,244.3889774276564,-61.15515723270895,5027.851447685592,-3212.6914281415106,573.6384947974609
2026-04-27 00:45:19.926,1527,1198.7629127333316,-1932.3949307872995,2003.2616333616568,-178.2390443414218,244.1999299166969,-60.989274427021584,5030.063289791433,-3215.8248362455065,573.0546088019408
2026-04-27 00:45:19.965,1528,1200.0827071882095,-1933.6966995022194,2004.5585329188214,-177.2008973023073,244.05780448835952,-60.77589373469281,5034.364642366066,-3216.8695239452686,574.5598962361295
2026-04-27 00:45:20.005,1529,1200.8773777500078,-1935.521299925224,2005.3319230891277,-176.32808457207815,243.75082665579646,-60.7280447890085,5037.391832381688,-3219.1893347013315,574.7902510778493
2026-04-27 00:45:20.045,1530,1201.6771965140313,-1937.3420714842343,2006.1088482344194,-175.25556630410253,243.6444256698768,-60.47989276188443,5040.113835458656,-3221.813029255567,574.7165061894078
2026-04-27 00:45:20.089,1531,1203.2564483743645,-1938.383145261457,2007.6655686870247,-174.33565530007166,243.3848780571768,-60.38541627077978,5043.092059053126,-3224.1819613418756,574.896713117209
2026-04-27 00:45:20.140,1532,1205.094084169202,-1939.1670770059309,2009.4784735617218,-173.4605777546397,243.0780322336625,-60.339271744574944,5046.046405324498,-3226.5766977751996,575.0514973825244
2026-04-27 00:45:20.187,1533,1206.417136350737,-1940.466111556977,2010.7776264459144,-172.78530050224663,242.56858437965514,-60.49595013335273,5049.000771420348,-3228.9714028263093,575.2067297661746
2026-04-27 00:45:20.230,1534,1208.5195731780798,-1940.985738002828,2012.8563912225968,-171.75150353799893,242.41443174037428,-60.29758950406529,5051.470088078988,-3231.850577085686,574.8767671525587
2026-04-27 00:45:20.268,1535,1210.3589436999678,-1941.7674954597142,2014.673376610365,-170.6694392532475,242.3087012550151,-60.05079550752608,5053.40459160429,-3235.2646653794104,574.012417736394
2026-04-27 00:45:20.305,1536,1211.157288487516,-1943.591603403428,2015.448406409911,-169.73925887437193,242.0487503039535,-59.95820917279815,5056.383927876674,-3237.635099188017,574.1931744801078
2026-04-27 00:45:20.346,1537,1212.2198577943202,-1945.1532740080195,2016.485258673164,-168.96320828948421,241.63450020597253,-60.01956612812237,5059.642684364869,-3239.7254676643297,574.6541877657486
2026-04-27 00:45:20.386,1538,1213.8054687320935,-1946.1927864704405,2018.0442865259013,-167.99818694208093,241.40927930972006,-59.89098638704602,5063.157674647362,-3241.560546894497,575.3691177164359
2026-04-27 00:45:20.425,1539,1215.3904242987385,-1947.2329364983277,2019.6045883281834,-166.99664936381893,241.21913713229588,-59.72664895807503,5066.926928163128,-3243.140562523232,576.340252992199
2026-04-27 00:45:20.470,1540,1216.4529069800888,-1948.7964385096611,2020.6425656558504,-165.91008756726268,241.11246477051628,-59.47779715661386,5070.976594745873,-3244.440644623042,577.5907514524021
2026-04-27 00:45:20.504,1541,1217.7788937653165,-1950.0973210085604,2021.9436446541463,-164.8228810118362,241.00598601634718,-59.2289745398838,5073.702068184056,-3247.065870942524,577.5153183252432
2026-04-27 00:45:20.542,1542,1218.841546642193,-1951.6599405356897,2022.9814232085291,-163.93831242893864,240.69600057383107,-59.18504422544093,5077.498207281638,-3248.621548806112,578.510286827944
2026-04-27 00:45:20.587,1543,1220.4248531805986,-1952.70264586097,2024.539148565032,-163.0877170357433,240.35054937670185,-59.17598739288159,5080.224430941563,-3251.248092841995,578.4354605849477
2026-04-27 00:45:20.630,1544,1220.9632732312684,-1954.7905771719547,2025.0513025554783,-162.35627594462414,239.88468563387042,-59.287105314050244,5083.741443597606,-3253.0842381464367,579.1510880866218
2026-04-27 00:45:20.671,1545,1222.2807250951414,-1956.0947222174502,2026.3472384215122,-161.33539363282776,239.70808194836778,-59.11005652913941,5087.307372464632,-3254.8707144800323,579.9168715862062
2026-04-27 00:45:20.712,1546,1224.1156316475096,-1956.8766674990386,2028.166193991838,-160.2928339810303,239.5530116463773,-58.91160742370853,5091.334956133048,-3256.196489178306,581.1420771233691
2026-04-27 00:45:20.750,1547,1225.430999771433,-1958.1793923737962,2029.4654224845913,-159.52495162036803,239.12312032865208,-58.98877544588888,5095.4127930037575,-3257.4722056842115,582.4177851395099
2026-04-27 00:45:20.794,1548,1226.2287261722377,-1960.0002820146303,2030.2460139429559,-158.39743950289636,239.0525560622378,-58.70666152201218,5099.185303799476,-3259.053618156089,583.3886722000177
2026-04-27 00:45:20.839,1549,1227.2841640076263,-1961.5672249169947,2031.2798415598634,-157.74807536003553,238.50201178656985,-58.903764697182474,5101.631024274871,-3261.9611901954395,583.0347608317071
2026-04-27 00:45:20.879,1550,1228.6085067609597,-1962.866860048067,2032.5798033072238,-156.89182893552015,238.15569219901224,-58.89702645833079,5103.82104412879,-3265.124110175902,582.4260321576596
2026-04-27 00:45:20.923,1551,1229.4114075668613,-1964.689361035621,2033.357175876307,-155.79394487781406,238.04976837111857,-58.64963337736755,5107.360049985825,-3266.9371576920616,583.1686725992282
2026-04-27 00:45:20.965,1552,1230.9918912892088,-1965.7349300157252,2034.9126933457053,-154.69669346189423,237.94406132044912,-58.40350398922676,5110.386765125925,-3269.263102549399,583.4008763153892
2026-04-27 00:45:21.010,1553,1232.055355110009,-1967.2967454968893,2035.9540605773216,-153.59961948792437,237.83885023022447,-58.15771516710114,5114.204411351486,-3270.7984595989597,584.4244652527802
2026-04-27 00:45:21.053,1554,1233.1146010867144,-1968.8616449536403,2036.994392886869,-153.01758634411323,237.2153746678214,-58.42964962329254,5116.950039470658,-3273.4044806592547,584.377924996038
2026-04-27 00:45:21.091,1555,1233.910561703807,-1970.6873431368294,2037.7748379658483,-151.99919040653768,237.02402063662947,-58.269658265111296,5120.204688201264,-3275.498713086286,584.8448836481197
2026-04-27 00:45:21.129,1556,1234.9614869216625,-1972.2533631699905,2038.815250401143,-150.8579003775605,236.95322091320097,-57.987050476556355,5123.480817168581,-3277.5709621107017,585.3348552777379
2026-04-27 00:45:21.173,1557,1235.752051284378,-1974.0777155555327,2039.5958097479215,-149.7880677112961,236.81084491414623,-57.77367639692886,5126.9912161498205,-3279.409551269343,586.0585107140184
2026-04-27 00:45:21.228,1558,1237.5844212401842,-1974.8593941711783,2041.41992383902,-148.76869198759326,236.61831381612876,-57.61029693430603,5130.012502888986,-3281.7381897359164,586.2921479363889
2026-04-27 00:45:21.268,1559,1239.1539139847948,-1975.9019549450682,2042.9819822346128,-147.62680802521984,236.54725545399538,-57.32598967690087,5133.2679171853515,-3283.833583855728,586.7597897362598
2026-04-27 00:45:21.308,1560,1240.457786493664,-1977.2047729152846,2044.2825392500654,-146.60457669100902,236.3545673691226,-57.16264010011453,5137.058984428381,-3285.3942059709,587.7626593738075
2026-04-27 00:45:21.374,1561,1241.497628519304,-1978.766476219656,2045.3242208873075,-145.7742122659287,235.96780515808072,-57.19198905383298,5140.593729000045,-3287.211422359667,588.5094059933919
2026-04-27 00:45:21.413,1562,1242.5379932929059,-1980.3290300496471,2046.365861655102,-144.99080378795756,235.52977824439756,-57.27273409869223,5145.155054884637,-3288.0030478700432,590.280756945936
2026-04-27 00:45:21.448,1563,1243.5782212150466,-1981.8926066337028,2047.4084021476276,-144.15594869875997,235.14097795052723,-57.301740537345694,5148.970232402273,-3289.540814354726,591.3059784964407
2026-04-27 00:45:21.483,1564,1244.618712620914,-1983.4562061003,2048.4519799954,-143.19846836263474,234.87437576348512,-57.208005262519315,5152.227839259252,-3291.6371985302258,591.7734320157945
2026-04-27 00:45:21.523,1565,1245.1380677784355,-1985.5420119086816,2048.9734042091195,-142.32893142080013,234.521842300453,-57.20037868979367,5156.300156236112,-3292.918950491266,593.0553596616039
2026-04-27 00:45:21.561,1566,1246.1792998817402,-1987.105931089695,2050.0159853037194,-141.54481688134226,234.08273459768787,-57.27844519470872,5159.579129439463,-3294.9923895101756,593.5458536872147
2026-04-27 00:45:21.604,1567,1247.2214507863875,-1988.6689207949112,2051.0579994915615,-140.39127603361493,234.0102278868465,-56.98831902077252,5162.30002720759,-3297.62431601948,593.4786759111222
2026-04-27 00:45:21.645,1568,1248.003218918466,-1990.4933487635833,2051.8381988832966,-139.5688116893084,233.60596819497826,-57.030262902515645,5165.322939181848,-3299.955766158681,593.7126691291388
2026-04-27 00:45:21.684,1569,1249.0483060706354,-1992.0569612435538,2052.879887114078,-138.3768861598104,233.56973083741863,-56.704557334877876,5167.508133814885,-3303.1239291951865,593.1122265898628
2026-04-27 00:45:21.719,1570,1250.0929603948243,-1993.620975488878,2053.9214588233476,-137.34357650180917,233.37428737778995,-56.53764701322828,5170.506362390833,-3305.478014702535,593.3251617941207
2026-04-27 00:45:21.758,1571,1251.1366692364882,-1995.184610103267,2054.9639042633166,-136.1860521786769,233.30208523737315,-56.24870098743513,5172.96999984136,-3308.3681217376875,593.0025748457815
2026-04-27 00:45:21.801,1572,1252.6997012732165,-1996.227236457801,2056.527815416002,-135.3115356867738,232.94802071130627,-56.24170129077606,5175.3902923913665,-3311.301803283639,592.6370382978849
2026-04-27 00:45:21.836,1573,1254.2627532895356,-1997.2694899714872,2058.091285890181,-134.4359476108987,232.59361605152202,-56.234904695329135,5177.853004315695,-3314.1923383703056,592.315514179254
2026-04-27 00:45:21.875,1574,1255.8287042837787,-1998.3124715910544,2059.6542290972197,-133.48711726138686,232.31112307660524,-56.15717412767966,5181.108344779183,-3316.2916174988013,592.7870501477589
2026-04-27 00:45:21.912,1575,1256.8760662726233,-1999.8765132659034,2060.695929694877,-132.60766717107128,231.95558786334948,-56.15185708013654,5184.878569323954,-3317.8772150947693,593.7731031845458
2026-04-27 00:45:21.949,1576,1257.922949987875,-2001.441166216774,2061.7350060106014,-131.55186697290378,231.7738214164196,-55.97023907201263,5187.857689580215,-3320.255661649963,593.9659635242631
2026-04-27 00:45:21.984,1577,1258.971147199103,-2003.004090975186,2062.775735068321,-130.38748777462496,231.70081006955996,-55.67837201162792,5191.628751515716,-3321.841201852242,594.9516817032024
2026-04-27 00:45:22.020,1578,1260.0194658556675,-2004.567898570708,2063.8166992246865,-129.38395945771765,231.46771053651045,-55.547271280446544,5194.37145511344,-3324.4553656764992,594.9083772518674
2026-04-27 00:45:22.058,1579,1261.588739773204,-2005.6115934284617,2065.3782007536083,-128.34270685032004,231.27125813370347,-55.37993817781177,5198.187768273209,-3325.9968372298767,595.9361635776922
2026-04-27 00:45:22.098,1580,1263.4197857701336,-2006.394173861842,2067.201485257389,-127.30024660866191,231.07433330736512,-55.21225786502009,5201.725359439041,-3327.8171892855476,596.684952940792
2026-04-27 00:45:22.137,1581,1264.9911100405418,-2007.4371568060856,2068.763515003476,-126.34375195768322,230.7894794294949,-55.13160872724494,5204.706433003925,-3330.1953126795293,596.8743558102217
2026-04-27 00:45:22.171,1582,1266.5654680197563,-2008.4785057765757,2070.325462704823,-125.21219218697426,230.67901651465885,-54.87363932306375,5208.270034182029,-3331.9916679703715,597.6444480645918
2026-04-27 00:45:22.216,1583,1267.356302975974,-2010.3020759572103,2071.1056250426464,-124.0432517615475,230.6047656613676,-54.57715753731466,5211.532466536334,-3334.08989778487,598.1114145977357
2026-04-27 00:45:22.252,1584,1269.1889622178812,-2011.082933306265,2072.927712128477,-122.91139483746247,230.4932224841656,-54.317113283217765,5214.259561092071,-3336.724989366132,598.0424890408351
2026-04-27 00:45:22.286,1585,1270.241121319249,-2012.644271850249,2073.9684915003195,-122.06499967287947,230.09537891102474,-54.34274611356271,5216.450848284644,-3339.8972985151568,597.4370823189215
2026-04-27 00:45:22.327,1586,1271.813012826526,-2013.6869226802114,2075.5295134401968,-121.04433044363479,229.87106180579846,-54.19315088263391,5220.532206419907,-3341.1807806175743,598.7205240280996
2026-04-27 00:45:22.360,1587,1273.3869987953535,-2014.7295762332776,2077.0905566079023,-120.21034710579639,229.46060899921534,-54.230773511726404,5223.540979970203,-3343.5376025250202,598.9309375084554
2026-04-27 00:45:22.404,1588,1275.2231859935705,-2015.5103598559303,2078.9123425607495,-119.21507288937836,229.21171075587833,-54.107657454973186,5226.549853876556,-3345.895242273353,599.1420059969945
2026-04-27 00:45:22.443,1589,1276.7987264950445,-2016.551771349433,2080.474342434982,-118.20659880556947,228.97574891839886,-53.97163937440513,5229.5358659497015,-3348.2767238180413,599.3307857095529
2026-04-27 00:45:22.485,1590,1277.8510184679562,-2018.116941181965,2081.5123513938534,-117.0742125874597,228.86355747210706,-53.710335391577516,5231.471429475119,-3351.710596192848,598.4689233567774
2026-04-27 00:45:22.527,1591,1279.4296023013383,-2019.1596732264336,2083.0712165058385,-116.43825881665948,228.2516661351993,-53.9474103441159,5235.018553093306,-3353.534340328889,599.218209750866
2026-04-27 00:45:22.567,1592,1281.0088361970938,-2020.202393879273,2084.630676508705,-115.55129686502944,227.8891947207255,-53.93475107587716,5238.00554589322,-3355.9171598169123,599.4083100056505
2026-04-27 00:45:22.613,1593,1283.368206168956,-2020.464566922181,2086.971287865285,-114.61469643902434,227.57535273700188,-53.871223220335885,5241.552980243724,-3357.740381011511,600.1574206576603
2026-04-27 00:45:22.651,1594,1283.905186016406,-2022.551397630576,2087.4878015590575,-113.52554608882937,227.41227828880912,-53.655417253768945,5245.077842840038,-3359.5861168121746,600.8834683454743
2026-04-27 00:45:22.689,1595,1284.9616522454444,-2024.1193012378762,2088.5218459560415,-112.5112434924429,227.1730625238454,-53.514804988129185,5249.116556819226,-3360.9175115733983,602.1246796164282
2026-04-27 00:45:22.723,1596,1286.0208399657881,-2025.684892330066,2089.557623956174,-111.33363039526404,227.0973339364089,-53.21189073900074,5252.338919620849,-3363.065681567259,602.5492686330617
2026-04-27 00:45:22.759,1597,1287.0807976015608,-2027.250497410125,2090.5938310545857,-110.2058895691446,226.97195833398203,-52.9598993773878,5256.400636264997,-3364.374239176084,603.8129357182873
2026-04-27 00:45:22.802,1598,1288.1399999385303,-2028.8191391504852,2091.6263279715376,-109.02669063725911,226.89635505926717,-52.657260099549916,5259.902328724028,-3366.2423789299055,604.5171663734891
2026-04-27 00:45:22.841,1599,1289.2069323621993,-2030.379039707704,2092.6662000383553,-107.8467306844326,226.8202869977813,-52.35277391114767,5264.221657701433,-3367.2936786078362,606.0372633937394
2026-04-27 00:45:22.888,1600,1290.7875488470659,-2031.4242475692101,2094.2213907419523,-106.70435054454511,226.70630320781623,-52.08671209741545,5266.694636332303,-3370.1910063147766,605.7124070912442
2026-04-27 00:45:22.930,1601,1292.1121885978935,-2032.7277191360752,2095.5193436759873,-105.57370033447874,226.58077221751486,-51.83277480609391,5268.6070791719885,-3373.6471785731765,604.8295731018536
2026-04-27 00:45:22.969,1602,1293.95954250277,-2033.5084887286896,2097.341107417063,-104.7708275436953,226.12809696212727,-51.90545506468717,5272.409280930231,-3375.2132735416308,605.8367181611166
2026-04-27 00:45:23.015,1603,1295.2830990370223,-2034.811551118572,2098.6395856690847,-103.79146921490889,225.85060299271606,-51.80376265756503,5276.72640047285,-3376.264976547568,607.3586966390592
2026-04-27 00:45:23.069,1604,1296.3442900621149,-2036.3770619395095,2099.674706138241,-102.77223458235606,225.6110971329293,-51.66421106314385,5280.01350948314,-3378.3459727725153,607.8515346208383
2026-04-27 00:45:23.116,1605,1298.1898100147555,-2037.1570626499772,2101.494407692496,-101.67518075601305,225.4470918830652,-51.449386452696196,5283.278302649615,-3380.4488016054115,608.322157091012
2026-04-27 00:45:23.164,1606,1299.5100431304315,-2038.4617393744184,2102.7893230265745,-100.70368235104769,225.1568336609632,-51.35972408587288,5287.078280914745,-3382.015131586502,609.3299020769737
2026-04-27 00:45:23.208,1607,1301.0902711173303,-2039.506318567928,2104.3440129560327,-99.80757944749077,224.78998390008323,-51.34634120778373,5290.5978028527825,-3383.8607117910196,610.0591816802511
2026-04-27 00:45:23.246,1608,1302.153143584841,-2041.0676489452896,2105.3808343082574,-98.85995331510689,224.47295791274686,-51.28269941453313,5293.580514255727,-3386.2433175996116,610.2526476976793
2026-04-27 00:45:23.283,1609,1303.47294048872,-2042.3690179566786,2106.6778146363577,-97.79613404134021,224.2698837062656,-51.10366524090182,5296.840480542408,-3388.347031950751,610.7264513372206
2026-04-27 00:45:23.320,1610,1304.7941041990073,-2043.6681591861175,2107.9770075502597,-96.90943362577168,223.8896382915735,-51.10189590310446,5300.1209950668635,-3390.429954361679,611.2209950611121
2026-04-27 00:45:23.356,1611,1305.3333166642885,-2045.751481877967,2108.491563658279,-95.95770040470109,223.57129913291655,-51.03781503043422,5303.6606120755005,-3392.2543585869385,611.9725589259012
2026-04-27 00:45:23.394,1612,1307.436396204487,-2046.2738689684768,2110.567447939394,-95.0934878319612,223.1640635625382,-51.062933441529594,5306.6220687404275,-3394.658306614239,612.144879369968
2026-04-27 00:45:23.434,1613,1309.0217424978935,-2047.315693500884,2112.123013484773,-93.98812371375693,222.99871503083074,-50.84594073426924,5310.163223340722,-3396.483888187944,612.8972832269087
2026-04-27 00:45:23.479,1614,1310.6082550219917,-2048.357907896423,2113.6781643198165,-93.17423930461169,222.53994746544075,-50.92210272399928,5312.609115127755,-3399.4041016030246,612.556104960981
2026-04-27 00:45:23.526,1615,1311.6761736927615,-2049.920603745299,2114.7145825201997,-92.10343915648001,222.33531172692358,-50.74230439196874,5315.054707242053,-3402.324197051715,612.2153892609309
2026-04-27 00:45:23.564,1616,1313.0048972620054,-2051.2233401509566,2116.0110081333155,-90.9419156975236,222.21984023437125,-50.47272258843877,5319.111106736579,-3403.6347627904215,613.4843355828195
2026-04-27 00:45:23.610,1617,1313.8102771407623,-2053.049371495655,2116.784601807465,-89.8199252355082,222.06550569107654,-50.24142946100326,5321.300606223615,-3406.813813102873,612.8845271862629
2026-04-27 00:45:23.661,1618,1315.1398427067388,-2054.352724318738,2118.080999698456,-88.65940733293891,221.94940563568971,-49.9709623729722,5324.865442487161,-3408.6182617554105,613.6578299602522
2026-04-27 00:45:23.696,1619,1316.987373524927,-2055.139600651784,2119.8944024223692,-87.5496474101882,221.78309999628755,-49.75013890292453,5328.408826580532,-3410.4444766915663,614.410120910097
2026-04-27 00:45:23.736,1620,1318.3159981529893,-2056.447054822852,2121.187589968474,-86.35139353780293,221.70597581297514,-49.44132160319267,5331.373485295814,-3412.8506576223613,614.5832610328061
2026-04-27 00:45:23.783,1621,1319.1268930259655,-2058.2718836507383,2121.965014289225,-85.31807818030451,221.46270366704172,-49.299146305372346,5333.822444861637,-3415.7725042048287,614.2399249506174
2026-04-27 00:45:23.817,1622,1320.973617419572,-2059.058786516537,2123.7806446145,-84.54101921207373,220.96438867474168,-49.41184474565865,5336.7878237735395,-3418.1793425448823,614.4116337931259
2026-04-27 00:45:23.856,1623,1321.7830105770145,-2060.883690581774,2124.5580302875833,-83.45845736400634,220.7708289043206,-49.21832162788472,5340.870569113313,-3419.4680827935026,615.7006527859932
2026-04-27 00:45:23.895,1624,1322.855438324969,-2062.448643274924,2125.59535324671,-82.46593154582494,220.48804620022312,-49.112836290262386,5343.858637717202,-3421.8527082444043,615.8925051154305
2026-04-27 00:45:23.931,1625,1323.4039100223872,-2064.5390849454343,2126.109091341648,-81.31878016063415,220.36057060598202,-48.85208783450571,5347.899384380114,-3423.184713082898,617.1374082899554
2026-04-27 00:45:23.978,1626,1324.4751668736342,-2066.109808126772,2127.14343142715,-80.2386886459162,220.167157711925,-48.65887593016374,5352.755788467192,-3423.7000969602723,619.1989285114421
2026-04-27 00:45:24.020,1627,1326.0778162049708,-2067.1513355064026,2128.7061472722066,-79.08220059281595,220.05111116222227,-48.388142513077455,5355.763457226519,-3426.062583299441,619.4133214446252
2026-04-27 00:45:24.061,1628,1327.6771518236148,-2068.1971762150074,2130.2641928639946,-77.92561925974182,219.9354232287584,-48.11790989509304,5359.802586499487,-3427.3941095642704,620.6573776469946
2026-04-27 00:45:24.106,1629,1330.0626474439157,-2068.457546254293,2132.60830761506,-77.0742061075915,219.51536108805854,-48.15249887746875,5363.302157336782,-3429.261452275817,621.364366775855
2026-04-27 00:45:24.146,1630,1331.661162433058,-2069.502753208332,2134.1662986202373,-76.17046702086209,219.14479143919064,-48.137727794493614,5366.007265479448,-3431.9230247965143,621.2766273479881
2026-04-27 00:45:24.185,1631,1333.0009995305877,-2070.8078601595357,2135.462581320073,-75.30341523772097,218.7360734066455,-48.16271976519752,5368.475975173139,-3434.820032943648,620.9547214970851
2026-04-27 00:45:24.229,1632,1334.3421737299768,-2072.113485493986,2136.7591990735646,-74.57609493476163,218.18753761570002,-48.32898485021223,5371.759225128912,-3436.902200408308,621.4484545145802
2026-04-27 00:45:24.274,1633,1335.422623162362,-2073.68035277199,2137.7962966473924,-73.5787030038467,217.90586829098342,-48.226094415821265,5374.484125028056,-3439.5424012610797,621.3848489805683
2026-04-27 00:45:24.313,1634,1337.0260434953343,-2074.726794336319,2139.3547478729975,-72.68222661930929,217.52109615139827,-48.22527258158163,5377.723780919492,-3441.6671193519287,621.8369727886735
2026-04-27 00:45:24.352,1635,1338.6309379989784,-2075.7736151690838,2140.913250348417,-71.55433093949819,217.367060447133,-47.994068249790125,5379.633283191789,-3445.1221189707185,620.9578676426402
2026-04-27 00:45:24.394,1636,1339.713685896071,-2077.3411581659184,2141.9508376533736,-70.38755630434444,217.25162559091316,-47.72468130932677,5383.152888818852,-3446.9677816983444,621.6877825339345
2026-04-27 00:45:24.432,1637,1340.800295468839,-2078.9046148738585,2142.9932160355065,-69.4006311163704,216.95663559810748,-47.6343442249413,5386.673407853608,-3448.8133628141068,622.4167709847248
2026-04-27 00:45:24.473,1638,1342.1396434535777,-2080.2171780561193,2144.2873602893546,-68.31075109237584,216.7625975385397,-47.44021672073724,5390.473510957134,-3450.3790977569797,623.4241573207207
2026-04-27 00:45:24.516,1639,1343.22921322486,-2081.781037248275,2145.3298409486015,-67.27244007952805,216.51747278110392,-47.2967531660263,5394.530115187658,-3451.6875974357454,624.688717131832
2026-04-27 00:45:24.549,1640,1344.3048418237133,-2083.359878858152,2146.3583413418123,-66.39953654725359,216.10520746634703,-47.3212266394494,5398.050703688541,-3453.532891847719,625.4169117049096
2026-04-27 00:45:24.594,1641,1345.6555358137134,-2084.663848247442,2147.662197490706,-65.48679302091887,215.73176437498526,-47.30772523726582,5400.796865400696,-3456.150405212852,625.3738258754865
2026-04-27 00:45:24.634,1642,1346.998062317371,-2085.977491364644,2148.955943296913,-64.58296030351285,215.3445143284302,-47.30909139407877,5403.779476752127,-3458.531191229527,625.5653896833496
2026-04-27 00:45:24.673,1643,1348.8737886547697,-2086.7597846191625,2150.7813126724755,-63.49611858055622,215.1383431968026,-47.13024268073758,5407.040367415418,-3460.6329081375206,626.0364132400291
2026-04-27 00:45:24.715,1644,1350.7494411001455,-2087.5421654135935,2152.6067582125906,-62.46094088791321,214.87955062167043,-47.00504025513427,5410.58096251998,-3462.4559098727823,626.7864610808956
2026-04-27 00:45:24.752,1645,1352.3589663340115,-2088.5904743412502,2154.1674311387296,-61.32083466833955,214.72544740835195,-46.773946423972724,5413.842945070759,-3464.558558246133,627.2581565174763
2026-04-27 00:45:24.810,1646,1353.9653334521593,-2089.6385298529835,2155.72817864192,-60.10301960400102,214.6479314626837,-46.464640725200326,5418.156795636301,-3465.6100642886086,628.781574236026
2026-04-27 00:45:24.843,1647,1354.7928181101788,-2091.4648337517833,2156.5109294237686,-59.01460127360289,214.44074276565735,-46.284266976843085,5421.43966131244,-3467.691491348548,629.2751838351859
2026-04-27 00:45:24.877,1648,1355.6162233134244,-2093.295560578926,2157.288741823066,-57.96278233133951,214.19425316762735,-46.14169897246183,5424.937298165143,-3469.558042918255,629.9827347626684
2026-04-27 00:45:24.913,1649,1356.6949458417491,-2094.8695507347816,2158.323769445852,-57.07919198499436,213.77868632485547,-46.16761132887916,5428.155423635675,-3471.7037027993406,630.4109937881424
2026-04-27 00:45:24.948,1650,1357.5100276184344,-2096.709067966705,2159.091908185038,-55.934686555289915,213.62307656631236,-45.93406663858428,5430.902524757657,-3474.321015871301,630.3674920170223
2026-04-27 00:45:24.985,1651,1358.594032644219,-2098.2836824876877,2160.1251842574834,-55.08734613444765,213.16860649730495,-46.00038139099506,5434.1866918362175,-3476.4006880756633,630.860071775113
2026-04-27 00:45:25.026,1652,1359.9496578623018,-2099.5876809133088,2161.4290987390505,-54.08324080978254,212.8689114110292,-45.91234908891419,5437.449738903428,-3478.5025673730515,631.330486627151
2026-04-27 00:45:25.065,1653,1361.300967463621,-2100.897008090945,2162.7277118342527,-52.818349918189774,212.83012563690772,-45.56320217083898,5442.043127569316,-3479.2744099700517,633.1313908638252
2026-04-27 00:45:25.104,1654,1362.654964036226,-2102.2059799828944,2164.025394163739,-51.74734738242571,212.5974856346638,-45.40809457063767,5447.151076803841,-3479.5316828744894,635.4467299173721
2026-04-27 00:45:25.147,1655,1364.529013940147,-2102.9936221997555,2165.845221290637,-50.444032249532626,212.5974856346638,-45.019759989834746,5448.80387415516,-3483.243273606935,634.3084408789042
2026-04-27 00:45:25.188,1656,1366.4076364051696,-2103.7758722394633,2167.6704898785456,-49.38804583995525,212.35074508502274,-44.878745097993445,5452.60127521912,-3484.809227779248,635.316436105079
2026-04-27 00:45:25.229,1657,1367.497975506502,-2105.3445201482446,2168.707294382746,-48.331057006936625,212.1038481811952,-44.737874178184335,5456.377858055331,-3486.3970308243283,636.3029789017331
2026-04-27 00:45:25.272,1658,1368.588318716272,-2106.913271781181,2169.7438516989127,-47.49558255665619,211.63498998693666,-44.81852944007363,5459.382244776407,-3488.7566270938905,636.5167615640324
2026-04-27 00:45:25.315,1659,1370.4624610175922,-2107.700553456289,2171.5620271465036,-46.40025499494305,211.42704120497254,-44.63874471843729,5461.850715456698,-3491.652534264135,636.1938975935518
2026-04-27 00:45:25.352,1660,1371.2900154774266,-2109.5356185652217,2172.332134406341,-45.342807196039814,211.18058884192803,-44.49892076227775,5464.597835412783,-3494.2699762170373,636.1503459759705
2026-04-27 00:45:25.391,1661,1372.9039669642407,-2110.5834618867284,2173.8892251019606,-44.076185113322765,211.14208855209964,-44.15165321104569,5467.580840310312,-3496.6516987211976,636.3430885166753
2026-04-27 00:45:25.434,1662,1374.2529099159176,-2111.897839076976,2175.180227859891,-43.01794432780031,210.89619806501207,-44.012886509671,5471.637282285641,-3497.9597852489,637.6073423305988
2026-04-27 00:45:25.473,1663,1375.8733852738167,-2112.9401978910396,2176.7436036925055,-41.714546638825496,210.89619806501207,-43.62832135084951,5475.715184889556,-3499.2455368925257,638.8932677335137
2026-04-27 00:45:25.513,1664,1376.961597845599,-2114.5154572088522,2177.7745589342812,-40.52732289993464,210.78070421794547,-43.3591125932182,5479.257953161028,-3501.066778557002,639.6418119003437
2026-04-27 00:45:25.552,1665,1378.3141165765776,-2115.824024681343,2179.07257938527,-39.56271613259642,210.44327245606468,-43.31121977072153,5482.521613354543,-3503.1662821699156,640.1094459303629
2026-04-27 00:45:25.594,1666,1379.9266232918571,-2116.872115001898,2180.630621082447,-38.468485149000024,210.23583109044412,-43.133009104401545,5485.528524691145,-3505.522807237777,640.3205335481177
2026-04-27 00:45:25.639,1667,1381.2746443517992,-2118.1866041675194,2181.922547357816,-37.594300734258496,209.80610289761248,-43.177532642089304,5487.9771852188,-3508.439625189012,639.9722792754667
2026-04-27 00:45:25.671,1668,1382.3499380649996,-2119.7723624677187,2182.94361599434,-36.53586961899173,209.5606325480383,-43.03933172773493,5490.985054755841,-3510.7975553746323,640.1838967438663
2026-04-27 00:45:25.714,1669,1383.9638578944985,-2120.8203829382614,2184.501508244297,-35.30903524199662,209.48402396281836,-42.732775850038536,5494.808185907453,-3512.3391767906373,641.2117271035023
2026-04-27 00:45:25.749,1670,1385.5760061093042,-2121.8683956123555,2186.059993936335,-34.24976499090843,209.23839803719454,-42.59491902019368,5497.5368624599105,-3514.9763733482887,641.1434046875253
2026-04-27 00:45:25.791,1671,1386.9167576642617,-2123.1880313031975,2187.34706873378,-33.18955245680923,208.99301609379145,-42.457362308272124,5500.0093420443345,-3517.8705901855096,640.816738344074
2026-04-27 00:45:25.828,1672,1388.264204607812,-2124.5030957368376,2188.639735641936,-32.18279122972832,208.69338848791602,-42.37481084866247,5502.179768485807,-3521.068116634922,640.1866437063624
2026-04-27 00:45:25.864,1673,1390.4073892352546,-2125.024565760144,2190.7259597830916,-31.2122338598966,208.3552895660517,-42.33073838635097,5505.704399380203,-3522.912214115217,640.9103896222904
2026-04-27 00:45:25.903,1674,1392.028920762713,-2126.0677009219867,2192.290688117784,-30.186567324488294,208.070887877914,-42.23238318546939,5509.509777892881,-3524.4760158645663,641.9137932233402
2026-04-27 00:45:25.939,1675,1393.3787706276626,-2127.383683619616,2193.5832496069806,-28.95268098158635,207.99431347742672,-41.92647684437277,5512.498731036084,-3526.8574522537533,642.0997239467619
2026-04-27 00:45:25.982,1676,1395.524859741083,-2127.905567426184,2195.670640801678,-28.18815739987218,207.44665183705314,-42.090217286558335,5515.207568760843,-3529.519429534354,642.0060915420869
2026-04-27 00:45:26.022,1677,1397.1491263125997,-2128.94928750762,2197.236283792092,-27.026374456615024,207.2929726973129,-41.85976423768927,5518.476491723175,-3531.6215878365047,642.4734837554915
2026-04-27 00:45:26.051,1678,1398.5116547994091,-2130.254756487849,2198.5415358337355,-25.97313992917454,207.02948348265417,-41.739318927168085,5521.231931525101,-3534.2384919496067,642.4273957281554
2026-04-27 00:45:26.100,1679,1400.918462122689,-2130.5159589712944,2200.892366857873,-24.86419028593752,206.82118069362213,-41.56436443076049,5525.039947588032,-3535.803676407986,643.4318458380432
2026-04-27 00:45:26.142,1680,1402.007312703761,-2132.0944977410218,2201.9264254190007,-23.886831457285997,206.48089274422077,-41.519728449265415,5528.335049423928,-3537.8822264297887,643.9217552840565
2026-04-27 00:45:26.182,1681,1403.8795196429974,-2132.8890280067726,2203.744801911547,-22.853134850611493,206.19513580749876,-41.420899680582565,5531.302937906943,-3540.2890946715675,644.0827324294968
2026-04-27 00:45:26.221,1682,1405.75787038658,-2133.6782976437776,2205.5676393411604,-21.647764547836594,206.08003928785124,-41.15169457021229,5534.833627498488,-3542.134769487576,644.8049998185581
2026-04-27 00:45:26.260,1683,1406.8537594775548,-2135.251831953661,2206.60702918806,-20.782208080912536,205.62392590691545,-41.22425135446218,5538.108401650215,-3544.2376623255846,645.2705143934282
2026-04-27 00:45:26.298,1684,1407.6838269944315,-2137.0933249627774,2207.3794816872314,-19.53685518981647,205.54702576590145,-40.91741868055112,5541.3835966634415,-3546.3407622417335,645.7361741536434
2026-04-27 00:45:26.335,1685,1408.5092950416959,-2138.940137035645,2208.1461800928455,-18.781738065799107,204.97961537484994,-41.10108745934562,5544.400481255555,-3548.7000220081763,645.9453196694624
2026-04-27 00:45:26.382,1686,1409.6123757200285,-2140.508197530856,2209.1914395859935,-17.628637675981558,204.80888402624623,-40.889609533880254,5547.648900765224,-3550.82607988397,646.3884690399778
2026-04-27 00:45:26.422,1687,1410.7039129094105,-2142.088610332848,2210.2250794756715,-16.550199722474755,204.56191145068297,-40.75491888513295,5550.406910864556,-3553.4425672918637,646.3413219918672
2026-04-27 00:45:26.459,1688,1411.8042111522768,-2143.663545776564,2211.2649112408803,-15.339548067565454,204.4473457030965,-40.48745934523279,5553.934432527112,-3555.2879003526577,647.0652184786139
2026-04-27 00:45:26.505,1689,1412.910506098933,-2145.2332942471294,2212.3113647955925,-14.715294324913245,203.74666108941386,-40.806391886154714,5557.181334120125,-3557.4138827226757,647.5089990444277
2026-04-27 00:45:26.543,1690,1414.7904782786957,-2146.0306612011377,2214.130511091954,-13.50632519688005,203.6327116389862,-40.540401872900006,5560.708755036794,-3559.2598314772163,648.2339723876433
2026-04-27 00:45:26.586,1691,1415.637683705697,-2147.862751557023,2214.9156127309116,-12.430084175275944,203.38719907244436,-40.40772264459805,5563.6987883056045,-3561.6429132936914,648.4214657925309
2026-04-27 00:45:26.640,1692,1417.525491352747,-2148.6545524120006,2216.742176916161,-11.296558332935946,203.19856455619006,-40.21910174790131,5566.968474264467,-3563.745765497316,648.8890500950552
2026-04-27 00:45:26.684,1693,1418.3614439909793,-2150.4999104520393,2217.5147164726222,-10.219944828962552,202.95356723492313,-40.08784063310443,5568.883560643101,-3567.203930302787,648.0031181750703
2026-04-27 00:45:26.727,1694,1418.9467300824967,-2152.595079060008,2218.038409635821,-8.93653069340062,202.91599752933485,-39.74936809053241,5572.1539421317275,-3569.3074716471865,648.4713952023258
2026-04-27 00:45:26.765,1695,1420.306289873648,-2153.916960342702,2219.3339744780433,-7.8591860089206085,202.67101690384206,-39.61827022560313,5575.425501921659,-3571.410576640009,648.9387925587544
2026-04-27 00:45:26.806,1696,1421.4115949371892,-2155.4933111350056,2220.373858973009,-6.74441162891473,202.46356033129513,-39.449375089951715,5578.698447537024,-3573.513249854133,649.4050270890598
2026-04-27 00:45:26.845,1697,1422.772562589754,-2156.8149633425337,2221.66821152395,-5.705082489819731,202.180697074602,-39.35582857728343,5582.766564000419,-3574.8216492686474,650.6655496423058
2026-04-27 00:45:26.883,1698,1424.9340539795635,-2157.3383642327394,2223.7617390981795,-4.457294520052753,202.10514419719166,-39.05395980335337,5586.55425156702,-3576.4107699484402,651.6447108936276
2026-04-27 00:45:26.921,1699,1425.7781426538468,-2159.1777044758865,2224.540722118505,-3.303758474227308,201.93509221924845,-38.84626709080728,5589.0348076685395,-3579.307411763237,651.31538122267
2026-04-27 00:45:26.964,1700,1427.9310137714485,-2159.7081152888777,2226.6299184339723,-2.1317425523730797,201.78354452865332,-38.61877699490542,5592.564045402285,-3581.1526664586418,652.0376145145354
2026-04-27 00:45:27.007,1701,1429.2911682171523,-2161.03061596759,2227.9269606428325,-0.9589585862084556,201.6320868828161,-38.39148111246017,5595.042099378082,-3584.0488795319898,651.7090216733869
2026-04-27 00:45:27.048,1702,1431.18304373296,-2161.8231969741532,2229.7543036028724,0.2900251933366429,201.55619005312835,-38.088205341124905,5599.389892241549,-3585.076097876742,653.2497150777697
2026-04-27 00:45:27.088,1703,1433.3373967456907,-2162.3536132383238,2231.844239865382,1.3683246260503386,201.3102083492555,-37.9553469636655,5603.481322355926,-3586.3596716370093,654.5335542794332
2026-04-27 00:45:27.132,1704,1435.4904565013578,-2162.8842253392745,2233.934607357917,2.48478023856891,201.1018820735931,-37.78473013248175,5607.572795113394,-3587.6431966919035,655.8172330289362
2026-04-27 00:45:27.171,1705,1436.8591342109894,-2164.2016467347444,2235.239085217637,3.6964745190311428,200.98787699158473,-37.51891852844171,5611.897212301567,-3588.6942207446195,657.3335063650966
2026-04-27 00:45:27.224,1706,1439.0212792549094,-2164.726230060015,2237.337099188556,4.566677657151665,200.53295993647825,-37.593972703804084,5613.557616495262,-3592.408017756124,656.1860137495918
2026-04-27 00:45:27.268,1707,1440.9145919654245,-2165.5197891195594,2239.1673057161397,5.77608232876506,200.41901183215495,-37.32822034970589,5616.830284504801,-3594.509393956256,656.6506734021834
2026-04-27 00:45:27.308,1708,1442.5530364154756,-2166.569662837117,2240.7421495551143,6.626271687493192,199.94581748849794,-37.4221624895587,5620.3590250575035,-3596.354042464837,657.372787282657
2026-04-27 00:45:27.346,1709,1443.4030494536935,-2168.407955950608,2241.529962406551,7.687362759906199,199.68035257420672,-37.307271502003005,5623.093902362455,-3598.9930620711866,657.3012643936894
2026-04-27 00:45:27.387,1710,1444.7589790855202,-2169.7389957875785,2242.824175186165,8.768454904813025,199.43311028890372,-37.17339258095587,5626.363626722654,-3601.094341959674,657.7673261608525
2026-04-27 00:45:27.423,1711,1446.1284422778715,-2171.0569509477045,2244.1292965265047,9.850297809772872,199.18537505740542,-37.03894517890878,5628.584248378126,-3604.2458621070973,657.1822448951732
2026-04-27 00:45:27.467,1712,1447.767139062019,-2172.1056549913333,2245.7020981662704,10.932978542829353,198.93688774138408,-36.9027389963612,5631.085639189476,-3607.116429576907,656.8777471886879
2026-04-27 00:45:27.514,1713,1449.1240082484105,-2173.435946623079,2246.9926142274635,11.826438507172567,198.49899633817247,-36.955133847629256,5633.283096908493,-3610.2918851616646,656.268111480312
2026-04-27 00:45:27.563,1714,1450.7639781255702,-2174.4845401616803,2248.565612604332,12.509522254992559,197.85059501168413,-37.21886846009216,5637.092164300304,-3611.8551117485094,657.269858910807
2026-04-27 00:45:27.610,1715,1452.3893152800235,-2175.5459058846873,2250.1255144410184,13.709902774395282,197.7172394423747,-36.96764611870207,5640.10607000618,-3614.212188299606,657.4786605331261
2026-04-27 00:45:27.648,1716,1453.7422023019644,-2176.8746652659147,2251.417777770834,14.928063610729511,197.60135837364115,-36.697422154383695,5643.376474598356,-3616.3128775561736,657.9438778218229
2026-04-27 00:45:27.688,1717,1455.3684238737417,-2177.928762601701,2252.9837620697667,15.822489301476967,197.162719367844,-36.74966636927777,5647.44165737055,-3617.619826564315,659.2026614216306
2026-04-27 00:45:27.727,1718,1455.9477690494612,-2180.0304679178334,2253.5015944113034,17.11702898506426,197.12401697075703,-36.401972168318714,5650.432911727991,-3620.0017245752615,659.3872831882629
2026-04-27 00:45:27.772,1719,1456.5034800414974,-2182.1589197442927,2253.99309498981,18.143902650029094,196.81895566874135,-36.32038818861492,5653.96193271173,-3621.846420715981,660.1093212318067
2026-04-27 00:45:27.819,1720,1458.3879229957847,-2182.957560270528,2255.8151110749445,19.26640960022531,196.60802801102872,-36.143474096321974,5658.284091965274,-3622.896894855994,661.6253186239749
2026-04-27 00:45:27.858,1721,1460.009157218727,-2184.01864428849,2257.3750573221764,20.35234543577416,196.35819120317345,-36.00564922640725,5661.019472994886,-3625.534690886188,661.5521734669935
2026-04-27 00:45:27.898,1722,1461.6457924879132,-2185.0670609109634,2258.947779997172,21.572042313678136,196.24167806227854,-35.733718674948314,5664.291919930446,-3627.6353451303767,662.0165285937784
2026-04-27 00:45:27.944,1723,1463.0066238621287,-2186.3895620414514,2260.245131591566,22.601391039449606,195.93570308257293,-35.650703947661704,5667.284323989292,-3630.0172675556755,662.1997135796553
2026-04-27 00:45:27.994,1724,1464.3814114622662,-2187.699399742758,2261.5549095044453,23.648573666373828,195.64659103498724,-35.55119213299929,5669.737987099269,-3632.935668986033,661.8480011536813
2026-04-27 00:45:28.042,1725,1465.7503408959126,-2189.0158880097965,2262.858477215194,24.81303355870455,195.47404425644044,-35.335366469566374,5672.726748054796,-3635.316662490086,662.0347988030377
2026-04-27 00:45:28.091,1726,1467.6432679164348,-2189.808152156984,2264.6852674927336,25.956434174283583,195.27996315016497,-35.14134511622877,5677.066989499488,-3636.3436627841515,663.5752229318196
2026-04-27 00:45:28.153,1727,1469.2795484447493,-2190.856029448317,2266.257248168548,27.254503376224918,195.24106683320048,-34.79206224714896,5679.819722221912,-3638.9579787142247,663.52929122067
2026-04-27 00:45:28.187,1728,1470.9154855165632,-2191.9042315015295,2267.8293025870853,27.980853618049256,194.62748475596553,-35.017380080944086,5683.086098438864,-3641.05823664233,663.99650114916
2026-04-27 00:45:28.250,1729,1472.5513165962036,-2192.952525761303,2269.4019177157543,28.84179487504099,194.14756762457313,-35.10985555577583,5686.889728376497,-3642.620451782694,664.9991814331169
2026-04-27 00:45:28.285,1730,1473.9190704768328,-2194.2693611033283,2270.7054940642347,29.97209902558191,193.93602570883402,-34.93474249756416,5689.338913604749,-3645.535464835776,664.648186937505
2026-04-27 00:45:28.324,1731,1474.4829153322526,-2196.3909582586075,2271.202890248421,31.19876858798614,193.82040107727647,-34.664923932468234,5692.349420305162,-3647.8905806970993,664.8568816821604
2026-04-27 00:45:28.364,1732,1476.108025539448,-2197.451786267732,2272.7606439422516,32.02334402438111,193.3021080407619,-34.79908386592286,5694.848027382903,-3650.7584791112113,664.5526741077502
2026-04-27 00:45:28.397,1733,1477.4776619677987,-2198.76769121024,2274.0630597711342,33.193144974302555,193.12954777998002,-34.58853545493309,5698.372368515173,-3652.6011699712653,665.2743413260704
2026-04-27 00:45:28.442,1734,1478.5873564813135,-2200.345459912293,2275.103088317308,34.248198140330366,192.84198764175528,-34.49323075986891,5703.225632027644,-3653.1138064155975,667.3249686508315
2026-04-27 00:45:28.478,1735,1479.6885874913348,-2201.92940614179,2276.1367606419417,35.32483812722317,192.57249311907816,-34.3788963513862,5706.4922897252045,-3655.211809350614,667.7898201218047
2026-04-27 00:45:28.521,1736,1481.3247855448528,-2202.976763653065,2277.7077631299944,36.34711800529662,192.2458748515335,-34.322012848963496,5708.966377463361,-3658.101944347059,667.4613906993466
2026-04-27 00:45:28.557,1737,1482.9604322482464,-2204.024684241494,2279.2795751139006,37.27382499731757,191.8224890826183,-34.36219600853993,5712.513438793391,-3659.9190923562264,668.205747067551
2026-04-27 00:45:28.597,1738,1484.5909304355775,-2205.0790422025857,2280.84494643812,38.41364964454257,191.610665341964,-34.19106849542976,5716.5969264769965,-3661.200103469012,669.4867678692669
2026-04-27 00:45:28.632,1739,1485.9667583637938,-2206.388374832051,2282.154432811989,39.47802452626759,191.32115907636927,-34.0950369546983,5719.583591362278,-3663.5787179627782,669.671394171088
2026-04-27 00:45:28.668,1740,1487.0801112850963,-2207.9601727923296,2283.2023676059634,40.46560839771476,190.95285260167213,-34.07553402633059,5723.131164990234,-3665.3973550290443,670.4167606308015
2026-04-27 00:45:28.708,1741,1488.4469569941432,-2209.2770537746205,2284.5070111961686,41.705074985779845,190.83624764642485,-33.80391321334762,5726.116695572085,-3667.7756362428436,670.6022212667124
2026-04-27 00:45:28.750,1742,1489.819036384723,-2210.5880787865576,2285.818094897318,42.59669994112503,190.37113663999182,-33.88180273142062,5729.102508038895,-3670.154108399079,670.7872304432383
2026-04-27 00:45:28.788,1743,1491.9776335529195,-2211.1125673061824,2287.9159559377645,43.47093116294805,189.88574851090473,-33.97926610350974,5732.368189654464,-3672.2525737134224,671.2530452706204
2026-04-27 00:45:28.829,1744,1493.8740006827459,-2211.899264632465,2289.7516462090985,44.54135803383537,189.59445344184977,-33.88277399771385,5735.072585343597,-3674.9105120919985,671.1598120076492
2026-04-27 00:45:28.868,1745,1495.7702715653886,-2212.6860384230226,2291.587240781566,45.82558685790087,189.51669736148835,-33.57217077376842,5738.078925238877,-3677.265912544586,671.3701352614944
2026-04-27 00:45:28.900,1746,1497.6594998160288,-2213.4788285717655,2293.417822554755,46.97524538733197,189.3023931035803,-33.39726137845944,5742.392145986634,-3678.315453791299,672.8865791322629
2026-04-27 00:45:28.937,1747,1499.5492451391553,-2214.271679999394,2295.247983624683,47.9487824623515,188.91279196344394,-33.39658498598556,5745.120394151601,-3680.9510862613447,672.8169913888818
2026-04-27 00:45:28.975,1748,1500.9145890514537,-2215.5885111992434,2296.553324833187,48.9614311651287,188.56184122267487,-33.356709419487984,5747.312291552976,-3684.1234881630126,672.2114857471119
2026-04-27 00:45:29.010,1749,1502.5459242553604,-2216.6377250499154,2298.1267957441823,49.935007206007086,188.17187560617094,-33.35558956241704,5750.834183538658,-3685.96665090771,672.9353928247139
2026-04-27 00:45:29.056,1750,1503.903557563983,-2217.9615877563688,2299.426938928718,50.890463984344045,187.76230126045832,-33.37265477269477,5754.076213827725,-3688.0895420000925,673.3798498371411
2026-04-27 00:45:29.094,1751,1504.482730708967,-2220.067258480911,2299.9457141679104,52.08152604898756,187.58629140472263,-33.154793607661134,5758.133365165849,-3689.3960632514045,674.6409929730929
2026-04-27 00:45:29.135,1752,1506.3676687315453,-2220.866465211144,2301.771022645903,53.232970776073934,187.37059351427965,-32.97618123535468,5761.65243585644,-3691.2384300681433,675.3657919545411
2026-04-27 00:45:29.178,1753,1506.9428807833742,-2222.9783835946328,2302.28327887439,54.20999567811535,186.9783679973664,-32.97391508305135,5764.634934781607,-3693.6174182206223,675.5546690911685
2026-04-27 00:45:29.214,1754,1508.3125205549968,-2224.297143880485,2303.5889991147724,55.36371407162354,186.76257697530747,-32.79561833158742,5768.94644971336,-3694.6673522720635,677.073390389619
2026-04-27 00:45:29.258,1755,1509.6753380146586,-2225.6221837220837,2304.889867437717,56.49769911805458,186.52573327518004,-32.637979910541226,5771.692475541425,-3697.2807837885102,677.0293971062877
2026-04-27 00:45:29.296,1756,1510.5158751865386,-2227.4660919579346,2305.671687017211,57.61335843806578,186.26950049371615,-32.49822640609294,5774.394245437761,-3699.938651413802,676.9419566990471
2026-04-27 00:45:29.337,1757,1510.819454342055,-2229.8465863967176,2305.916398822587,58.8665704407328,186.1503202231729,-32.220441420674995,5777.39668995554,-3702.2967626549894,677.1556040144644
2026-04-27 00:45:29.371,1758,1512.184832349021,-2231.1646246707783,2307.2231017821146,59.84617065827476,185.75668054373415,-32.216568040435455,5780.935579995986,-3704.119055707087,677.905556301658
2026-04-27 00:45:29.407,1759,1514.0806233793915,-2231.9516344786357,2309.0593473139006,61.06137445695059,185.59815622366708,-31.978626949776444,5784.968107229612,-3705.4486275880117,679.1473748842989
2026-04-27 00:45:29.445,1760,1514.9203110356066,-2233.7937351400396,2309.840592576474,62.140397764106275,185.30181295018008,-31.87840952389376,5786.341526707282,-3709.437863944574,677.7301892929775
2026-04-27 00:45:29.485,1761,1516.8140747536438,-2234.5807480724893,2311.677005185094,63.26050358665419,185.04510743146113,-31.73817132130131,5788.787955993239,-3712.3547643805164,677.385123382493
2026-04-27 00:45:29.528,1762,1518.701267745033,-2235.373314219406,2313.5076463017017,64.34022286622097,184.74743904670993,-31.636478122154486,5792.307315693412,-3714.198911870175,678.1120931691918
2026-04-27 00:45:29.567,1763,1520.8554164324412,-2235.8979071950735,2315.6060425451155,65.04730478331639,184.07627305059611,-31.907809950509876,5795.870668465908,-3715.999543379203,678.8836123580406
2026-04-27 00:45:29.603,1764,1522.480746321924,-2236.9527381749226,2317.173835384995,66.0892650769816,183.73861736424445,-31.846026102092047,5798.8747105735065,-3718.357884656336,679.0970766767573
2026-04-27 00:45:29.646,1765,1523.0458547601017,-2239.0689752073,2317.6813145477545,66.79849045308855,183.06559850065418,-32.11887734193906,5802.158185138927,-3720.437610119038,679.5898055068875
2026-04-27 00:45:29.688,1766,1524.403674205158,-2240.3912609962654,2318.980888635349,67.98031604060304,182.8651525999639,-31.918621104316237,5805.978088922387,-3721.980999196476,680.6186063661382
2026-04-27 00:45:29.726,1767,1525.493690789576,-2241.9814054317917,2320.011480701664,68.96603653656007,182.4685773121245,-31.915168194507842,5809.239798799476,-3724.083009462488,681.0899030300295
2026-04-27 00:45:29.767,1768,1526.324516913647,-2243.833375406666,2320.7781101793325,70.13078386404945,182.25041794091598,-31.734044782892983,5813.318829059818,-3725.3682300428645,682.37520785461
2026-04-27 00:45:29.808,1769,1527.420119692915,-2245.4169605785496,2321.8138701917433,71.43488534334661,182.17057095680548,-31.41437498034183,5816.5827485118725,-3727.4690155641656,682.8438635333993
2026-04-27 00:45:29.855,1770,1528.5082413688735,-2247.005602378896,2322.8441018061794,72.56087189233916,181.91252366991384,-31.273305007763234,5819.613319315794,-3729.8040649036743,683.0781093369461
2026-04-27 00:45:29.900,1771,1530.116281566079,-2248.077945928883,2324.390664808263,73.62951250054707,181.59511430968806,-31.190374479401747,5823.670705246775,-3731.111732714933,684.341061880637
2026-04-27 00:45:29.937,1772,1531.2212070713704,-2249.6563957776275,2325.4320861431447,74.61893967426826,181.19702811171274,-31.185914896308798,5827.749675759978,-3732.396823446047,685.626816331739
2026-04-27 00:45:29.975,1773,1532.0580814971806,-2251.504306094304,2326.2057417723468,75.37040083798587,180.56179723582275,-31.41759581372492,5831.784416979948,-3733.7267637641507,686.866717522368
2026-04-27 00:45:30.018,1774,1533.43087651811,-2252.81588875636,2327.517138537484,76.39996112798126,180.20331712189213,-31.372166637626353,5834.5576283147,-3736.31870992434,686.8439879773315
2026-04-27 00:45:30.058,1775,1535.0601075570607,-2253.871333937506,2329.0845523980743,77.62733215463007,180.04221128844028,-31.130398559770725,5836.491859926527,-3739.7509790968224,685.9828684057088
2026-04-27 00:45:30.100,1776,1536.6977233450257,-2254.9196406199776,2330.6571728102713,78.65865384510127,179.68391204039105,-31.087110737369134,5839.500738721118,-3742.109585741299,686.1947293125135
2026-04-27 00:45:30.142,1777,1537.5499069325947,-2256.753366924042,2331.443000658284,79.79099865267438,179.42350985187832,-30.94410722790583,5842.78660469662,-3744.1883289039333,686.6865017750748
2026-04-27 00:45:30.190,1778,1538.6562317692214,-2258.3317614190564,2332.484664572994,80.92519725735796,179.1627319279929,-30.80082580340124,5846.072905368543,-3746.267113169435,687.1780124579781
2026-04-27 00:45:30.229,1779,1539.7553634836397,-2259.9170944114285,2333.52038059944,81.9790634931836,178.82195632428963,-30.738875127299746,5850.10552828084,-3747.5967874438793,688.4197064375124
2026-04-27 00:45:30.266,1780,1541.1150402417645,-2261.239542232006,2334.8188156690794,83.11473167095345,178.56209433409308,-30.597618541687662,5853.108767799749,-3749.954344409593,688.6330022354329
2026-04-27 00:45:30.305,1781,1541.691918484109,-2263.342382864082,2335.336888405177,84.43064907600517,178.4820167320821,-30.277203194222626,5856.646813428961,-3751.7761370608673,689.3828588955454
2026-04-27 00:45:30.341,1782,1542.7829917763781,-2264.9330594990406,2336.366670154439,85.2901271023226,177.94203002757803,-30.416395300297328,5859.391994821898,-3754.3905985431024,689.3392600290599
2026-04-27 00:45:30.379,1783,1543.0759005069585,-2267.322214202746,2336.5976270709943,86.46890100829235,177.7217164803618,-30.23472578802347,5860.765381300139,-3758.3782978913346,687.9215366499599
2026-04-27 00:45:30.417,1784,1544.444016245818,-2268.63843169182,2337.900905130419,87.52581690058689,177.38040043257084,-30.172990702281215,5864.027034303255,-3760.4780457663746,688.3904684737834
2026-04-27 00:45:30.460,1785,1545.5458687627959,-2270.223097024053,2338.9344755735224,88.56338065045166,177.01963328215209,-30.129878026709523,5867.333034556407,-3762.533729390219,688.9043284483389
2026-04-27 00:45:30.490,1786,1547.4480456952315,-2271.0086727348103,2340.7674968227075,89.38373743148384,176.4369374020295,-30.308095152487255,5869.242253481195,-3765.9849196445566,688.0232745210661
2026-04-27 00:45:30.525,1787,1548.8207906182065,-2272.324438891336,2342.0694034758767,90.205675217616,175.85393849423065,-30.487756005105535,5871.43037873691,-3769.1574181335086,687.4214209440057
2026-04-27 00:45:30.572,1788,1550.1954123985465,-2273.639413968847,2343.369461208509,91.16868105572084,175.41108351356087,-30.526192642861588,5874.969095044877,-3770.9785241371765,688.1704843874594
2026-04-27 00:45:30.613,1789,1551.0404355289986,-2275.4854082768857,2344.1388901047426,91.90957065325352,174.74565099420005,-30.785716173926062,5878.485674568878,-3772.8213968702435,688.898780390032
2026-04-27 00:45:30.662,1790,1553.1987953717867,-2276.0158989223582,2346.2246673474674,92.97262298806426,174.40106804133012,-30.722817091859053,5881.206807696228,-3775.457681899657,688.8349671042273
2026-04-27 00:45:30.703,1791,1554.8403227754754,-2277.062811818708,2347.794898570835,94.03463413030268,174.0563456083565,-30.659515549313817,5884.485998641587,-3777.536431223936,689.3278752619618
2026-04-27 00:45:30.744,1792,1555.9512265453748,-2278.6406491038288,2348.8344847974727,95.3177336051266,173.93355471503313,-30.37316007098034,5887.485860606288,-3779.893732177856,689.5422093299359
2026-04-27 00:45:30.789,1793,1556.2728750219476,-2281.011324674127,2349.0811497388504,95.98062291889147,173.1883141848843,-30.709578402678694,5890.743693981324,-3781.9942514728577,690.0138820658865
2026-04-27 00:45:30.826,1794,1557.9182389915188,-2282.059051528517,2350.652330844387,97.16863140797786,172.96544664194116,-30.524236106359503,5892.66934602419,-3785.4228583608024,689.158207801721
2026-04-27 00:45:30.865,1795,1559.0273753144834,-2283.645948107881,2351.685142675703,98.23571821518051,172.62058946857096,-30.461635761521798,5896.737173417217,-3786.709182562113,690.4445418063266
2026-04-27 00:45:30.909,1796,1560.6602002964669,-2284.7092970585277,2353.241962316349,99.24181375668934,172.21679157256773,-30.459005391009146,5899.9912284993325,-3788.8092660115617,690.9175133936051
2026-04-27 00:45:30.946,1797,1561.7845555310066,-2286.2807327974456,2354.289544204269,100.37021081211682,171.93459970834442,-30.33599885310905,5903.522450310811,-3790.6314751442815,691.668986973384
2026-04-27 00:45:30.992,1798,1562.9080434155903,-2287.8530418484,2355.337784685568,101.3792675582748,171.53000929174698,-30.33475779504486,5907.290688321314,-3792.2171856614514,692.6577821890082
2026-04-27 00:45:31.025,1799,1564.2796225646116,-2289.179280932823,2356.6334513972465,102.36798456230675,171.1037685026342,-30.354410597752004,5910.286913539775,-3794.575731081814,692.8739858617305
2026-04-27 00:45:31.063,1800,1565.9221731418454,-2290.236241925441,2358.1995776386893,103.56141345486152,170.8806640785247,-30.1709445275903,5913.025846400483,-3797.1926649787665,692.8330864172923
2026-04-27 00:45:31.108,1801,1566.7642255897686,-2292.095722521351,2358.9628755823364,104.89855611046835,170.79934285033568,-29.84526354743162,5914.395993070067,-3801.1798964318514,691.4218457798776
2026-04-27 00:45:31.150,1802,1567.6232639889463,-2293.938863563947,2359.741083689968,106.09398415439479,170.5759958855679,-29.661374774411723,5917.116158243903,-3803.817831975509,691.3602082422451
2026-04-27 00:45:31.194,1803,1569.277697212767,-2294.987524485709,2361.313906377176,107.10742584149546,170.17017378712413,-29.66112470868286,5920.927857232163,-3805.36465704349,692.3915291508142
2026-04-27 00:45:31.240,1804,1570.661763511763,-2296.3068494524673,2362.61680341081,108.0215511036264,169.66173015749658,-29.763173707462915,5923.66523596686,-3807.983381282142,692.3518725102563
2026-04-27 00:45:31.278,1805,1571.5219365445687,-2298.150516750227,2363.395472667548,109.32462451556182,169.53924320448823,-29.47741522790947,5926.898060365657,-3810.1056831165893,692.8089103180494
2026-04-27 00:45:31.322,1806,1572.6270228648266,-2299.7481279897543,2364.420926846527,110.48628637433272,169.27419175225612,-29.334491037886146,5929.635593893204,-3812.72339963921,692.7691444032558
2026-04-27 00:45:31.362,1807,1573.9953929128176,-2301.084518062304,2365.7080409276327,111.52581385077151,168.88709551382757,-29.31403089764877,5932.9080129712365,-3814.8054355781987,693.2648426153187
2026-04-27 00:45:31.409,1808,1574.84848184513,-2302.936475282592,2366.4777934147423,112.54650169937149,168.47869108490892,-29.3139570202534,5935.386312068668,-3817.681486880747,692.9675245106145
2026-04-27 00:45:31.448,1809,1576.496900001553,-2303.9936577270064,2368.042433945249,113.56833381784247,168.06920560080587,-29.31335356974674,5937.567314446509,-3820.855715241603,692.3734258911534
2026-04-27 00:45:31.488,1810,1577.891559131808,-2305.3050678924023,2369.353655915206,114.63238143864629,167.70033174684875,-29.27119072740633,5940.023493710627,-3823.7513745112406,692.0582191320195
2026-04-27 00:45:31.527,1811,1579.7938902193266,-2306.108249457192,2371.1728930117106,115.573442237176,167.20773533437207,-29.35165909842577,5943.290160117398,-3825.8350006630976,692.5556235927047
2026-04-27 00:45:31.584,1812,1581.4425301103831,-2307.1654435640485,2372.7372633256246,116.59795268442141,166.79576204327745,-29.348420434513567,5946.003858728271,-3828.4720964621483,692.4983768023237
2026-04-27 00:45:31.628,1813,1582.5688567852794,-2308.747100934339,2373.7772265715257,117.7262804876952,166.48569813946605,-29.24291000003397,5949.786767976479,-3830.0393443322437,693.5115807860764
2026-04-27 00:45:31.665,1814,1582.6479326126102,-2311.3773882942414,2373.7684220331807,118.85492784719868,166.17649520606284,-29.1383041995959,5953.57039417695,-3831.6063922645353,694.5246181269639
2026-04-27 00:45:31.702,1815,1584.038205566915,-2312.6966211880062,2375.0702276507677,119.6963998111046,165.57988075589907,-29.321727598817592,5954.9565810235335,-3835.5710827541347,693.1383444400533
2026-04-27 00:45:31.738,1816,1585.4356524125085,-2314.0075055787497,2376.3811682867836,120.68230052375716,165.12631707396756,-29.361094979376126,5958.72138127865,-3837.156404944103,694.1298975195228
2026-04-27 00:45:31.780,1817,1586.8164126796594,-2315.3358949069625,2377.6745741947802,121.60811020258886,164.61109076100163,-29.462395245505864,5961.415852143125,-3839.810875694431,694.0521014629444
2026-04-27 00:45:31.820,1818,1588.458766098223,-2316.402361879639,2379.2303725042916,122.63649560846919,164.19836056394857,-29.461340571295462,5965.198289984292,-3841.3761480033736,695.0629356188797
2026-04-27 00:45:31.857,1819,1589.8501253874804,-2317.7224089512342,2380.532372133327,123.66649059013518,163.78483088115135,-29.458803351426265,5968.407449612652,-3843.515840109984,695.4990950163466
2026-04-27 00:45:31.901,1820,1590.9712754671325,-2319.313792598647,2381.5626828658083,124.84141594569145,163.5155442260092,-29.311826422407655,5971.102609902482,-3846.1715597441607,695.4195684281746
2026-04-27 00:45:31.936,1821,1592.3643754718269,-2320.634128353188,2382.864752944884,126.24374068424116,163.47398563410877,-28.9373174477664,5974.630461984092,-3847.995574330053,696.1729177148228
2026-04-27 00:45:31.971,1822,1593.7676635922583,-2321.9444133642737,2384.1755102194265,127.47950348676368,163.26580629541164,-28.728952635171147,5976.810738755866,-3851.1671043223014,695.578602899011
2026-04-27 00:45:32.008,1823,1595.1513781239405,-2323.2726764894273,2385.4664456015066,128.51160422608353,162.85133294849012,-28.72635932010517,5980.0786401601445,-3853.2492999478914,696.0749451318587
2026-04-27 00:45:32.045,1824,1596.5363372090137,-2324.601279641296,2386.7573125499243,129.7307028160096,162.62309664476487,-28.537440571771622,5981.426383772488,-3857.2539619468735,694.6500609295033
2026-04-27 00:45:32.087,1825,1598.1818302560448,-2325.6675578122586,2388.310680463736,130.91024255577585,162.35341810913366,-28.391426286138007,5984.678002965928,-3859.356438026871,695.1265867951937
2026-04-27 00:45:32.129,1826,1598.7894791000615,-2327.7716638692405,2388.825179042348,132.27661523840283,162.27021093424864,-28.058837516883035,5987.375097618744,-3862.0138424222628,695.0475463169894
2026-04-27 00:45:32.168,1827,1599.9101051932075,-2329.3610944636835,2389.8545067838077,133.27105800805387,161.81383935889005,-28.09986687685856,5989.834123946781,-3864.9102274823376,694.7303528011608
2026-04-27 00:45:32.206,1828,1601.5457764837454,-2330.4361002074756,2391.398019286691,134.26827299009256,161.35754877165164,-28.141862510408785,5993.364961177364,-3866.7357843297405,695.4846997049439
2026-04-27 00:45:32.248,1829,1602.9393025486656,-2331.7541444045814,2392.696374987891,135.05713551723605,160.69352374049103,-28.391473946421236,5996.63645860085,-3868.819300433917,695.9813095451489
2026-04-27 00:45:32.284,1830,1603.5406450802977,-2333.8652640726773,2393.1995608064362,136.3866732355359,160.56967262026043,-28.102280839995366,5999.888311975121,-3870.922625729526,696.4586321430164
2026-04-27 00:45:32.326,1831,1604.4009890863126,-2335.714288521934,2393.96446699308,137.36435501888673,160.09151301900113,-28.167326738148958,6002.605602343963,-3873.5622920620617,696.4002463180643
2026-04-27 00:45:32.364,1832,1605.269767886867,-2337.5545206801285,2394.73969977849,138.5927006496901,159.86319824860615,-27.98215919097504,6005.562060227914,-3875.963768996717,696.580193597121
2026-04-27 00:45:32.399,1833,1606.6615358872098,-2338.8713371599765,2396.0382547578984,139.77862176380333,159.59344037632167,-27.838318410962867,6008.301216196747,-3878.5833459572113,696.5405355949879
2026-04-27 00:45:32.441,1834,1608.0450674582846,-2340.198089555297,2397.3271831509815,140.48733961693756,158.84471225808528,-28.17286476026464,6011.277613941216,-3880.9639251472927,696.7384573723987
2026-04-27 00:45:32.482,1835,1608.9058691569917,-2342.0483385030457,2398.093055320245,141.59460108232318,158.4918173072712,-28.112219319853335,6014.016884793416,-3883.5826051431727,696.6981008272163
2026-04-27 00:45:32.525,1836,1610.8223918745798,-2342.842729725919,2399.914237796577,142.59735042413084,158.03369394305471,-28.15554455473618,6017.272747486934,-3885.685484187542,697.1729545083955
2026-04-27 00:45:32.568,1837,1612.4880809594551,-2343.8891539645347,2401.4839429579197,143.7052303982127,157.68002405917522,-28.094132137996617,6019.437026147714,-3888.880859043554,696.5537666836923
2026-04-27 00:45:32.613,1838,1614.3963797083975,-2344.6935782594633,2403.294893899679,144.49897408003497,157.0131550600474,-28.346654252531376,6022.156285807918,-3891.5177451418563,696.4920489072799
2026-04-27 00:45:32.650,1839,1615.8044686835758,-2346.0006098007193,2404.6020919760076,145.54546293938284,156.59672903916734,-28.350092479466188,6025.430734997543,-3893.5982138305408,696.9863713824132
2026-04-27 00:45:32.694,1840,1616.6703429486806,-2347.851494492108,2405.3657017854716,146.82153845130816,156.40916157479774,-28.125038734436888,6028.663713886819,-3895.71975102683,697.4401587872952
2026-04-27 00:45:32.737,1841,1617.2555769242374,-2349.985644625964,2405.847512076689,148.2439088754051,156.36779539319312,-27.753190006590774,6032.175387113558,-3897.5633794592623,698.1718205493877
2026-04-27 00:45:32.779,1842,1618.6545419330662,-2351.303801134111,2407.1458313554936,149.18659040464053,155.84515505849865,-27.86215813120513,6035.687553806875,-3899.407161462918,698.9031898232861
2026-04-27 00:45:32.814,1843,1619.7698774810574,-2352.903951712248,2408.1632500207866,150.19467491400607,155.38678550636337,-27.90790443286379,6038.128358111202,-3902.3224343450547,698.564226385809
2026-04-27 00:45:32.851,1844,1621.157075605012,-2354.2325184184265,2409.4527871846176,151.3080461821645,155.033519422827,-27.848195886780985,6042.176468766694,-3903.6306997835577,699.8312788821946
2026-04-27 00:45:32.891,1845,1622.2822175974563,-2355.823341876207,2410.4802998970094,152.2354342721074,154.4928815841402,-27.97700525812049,6044.896669887976,-3906.268226324151,699.7692256458683
2026-04-27 00:45:32.930,1846,1624.202389318277,-2356.618663887651,2412.3043991610543,153.43173717048103,154.22253055424156,-27.835364961459028,6048.13272307285,-3908.390918042035,700.2218693190058
2026-04-27 00:45:32.972,1847,1625.3236184292464,-2358.209476127478,2413.3343308009144,154.45837587365568,153.7825671396476,-27.86266986331281,6050.29576171206,-3911.5842457706667,699.6039803713962
2026-04-27 00:45:33.025,1848,1626.4557571747341,-2359.7920602274908,2414.3738392420155,155.61296368488874,153.47051645202453,-27.761397847241266,6053.0146754008565,-3914.2217715357438,699.5427132717945
2026-04-27 00:45:33.073,1849,1627.8506339703529,-2361.112944536175,2415.676031483583,156.5796575659289,152.97058447785017,-27.848044776694774,6057.043027129952,-3915.5509619898903,700.7898096094752
2026-04-27 00:45:33.120,1850,1628.4507185777077,-2363.230867229123,2416.181732381075,157.52373383685713,152.44740244208253,-27.958118520323985,6060.299932243812,-3917.6527972055,701.2631242040173
2026-04-27 00:45:33.167,1851,1630.1013419996607,-2364.299173120656,2417.736682473677,158.42752144528035,151.88310672317562,-28.109435374893646,6063.557985349329,-3919.7541269350577,701.7353893378761
2026-04-27 00:45:33.208,1852,1631.5001196345434,-2365.620383559654,2419.03850330024,159.62442570881203,151.61246976566807,-27.967393346410585,6067.3315171852655,-3921.3408046339587,702.7216338934365
2026-04-27 00:45:33.259,1853,1633.1621343560698,-2366.67954472725,2420.602189289239,160.63311976299465,151.15302736039595,-28.013162516829354,6068.982850345002,-3925.050683366906,701.5848003435003
2026-04-27 00:45:33.302,1854,1633.4929144776022,-2369.0699927298137,2420.8351536306723,161.79041870004863,150.83998412048842,-27.911533221087893,6071.170370019699,-3928.2246680077646,700.9840886122015
2026-04-27 00:45:33.337,1855,1634.8712296225528,-2370.410130840123,2422.1186268908345,162.98989737869698,150.567691673767,-27.76715374259563,6075.501713004617,-3929.254185892049,702.528276483298
2026-04-27 00:45:33.379,1856,1635.47103133386,-2372.528726072649,2422.6245647482892,164.19063864176806,150.29574496642468,-27.623541645000863,6078.223993165923,-3931.891949938418,702.4648629545667
2026-04-27 00:45:33.421,1857,1637.1140940809914,-2373.6080724487983,2424.1690548534943,165.14004701621204,149.77033562480273,-27.73337504415581,6081.738983884112,-3933.73590388506,703.1949838544849
2026-04-27 00:45:33.456,1858,1638.5066494727535,-2374.940502186601,2425.4611111190275,166.19499895699155,149.350743572085,-27.73699523936193,6084.97611069079,-3935.858685256139,703.6460360944207
2026-04-27 00:45:33.489,1859,1639.9076109318303,-2376.2628337701985,2426.763940850104,167.39588714741083,149.07863447893578,-27.59305188422882,6087.420951027246,-3938.7755794334907,703.3030982464418
2026-04-27 00:45:33.528,1860,1640.7615713091704,-2378.128928471013,2427.52314900567,168.34338703231307,148.55382175122168,-27.702481459373097,6089.608147106437,-3941.9506760805302,702.7033248263447
2026-04-27 00:45:33.573,1861,1641.3429743820586,-2380.267135627625,2428.010154133714,169.5025210360441,148.2409150585191,-27.60090568127714,6092.031674194458,-3944.889025919198,702.3410948832079
2026-04-27 00:45:33.625,1862,1642.4804568256168,-2381.8527257591923,2429.05103165746,170.63891230564178,147.90520919414956,-27.52286210838591,6095.033602326146,-3947.249982574649,702.5567227649495
2026-04-27 00:45:33.664,1863,1642.7817508230557,-2384.274087065204,2429.255623142592,171.65345697934978,147.4447248657238,-27.569614255615253,6097.758295266287,-3949.8898139999906,702.4935002449713
2026-04-27 00:45:33.706,1864,1643.3751736188299,-2386.405010954097,2429.751762854975,172.54561394753495,146.86078948385347,-27.741400386561256,6101.555645055782,-3951.457211063381,703.5031257187319
2026-04-27 00:45:33.747,1865,1645.0374866148422,-2387.4653838147474,2431.3188572138206,173.66950031078923,146.50740491643054,-27.683396950062402,6105.374969181032,-3953.0029942788547,704.5336709058071
2026-04-27 00:45:33.790,1866,1646.6914096566509,-2388.5356297395892,2432.875780292547,174.94097527394348,146.3020832723548,-27.478204573935624,6108.614707832261,-3955.127469335353,704.985145529703
2026-04-27 00:45:33.832,1867,1648.8813484759476,-2389.0710180000415,2434.9674868964007,175.8122256970272,145.6939474321848,-27.675517965592885,6111.59659332541,-3957.5098404941127,705.180004661709
2026-04-27 00:45:33.869,1868,1649.7689643934887,-2390.909895961584,2435.7557109920754,177.02300575505294,145.42219361332357,-27.5357381730759,6114.836346481865,-3959.634870985946,705.6328877222687
2026-04-27 00:45:33.909,1869,1651.4337264096991,-2391.970688029006,2437.322840396672,177.89734782249585,144.8117521958428,-27.73407181245624,6118.611971038269,-3961.22339632332,706.6228702022604
2026-04-27 00:45:33.952,1870,1652.8346675518605,-2393.2932448952924,2438.6261613329357,179.1102679205955,144.5395221946845,-27.59404318064886,6121.335316057993,-3963.864381797628,706.5610261734265
2026-04-27 00:45:33.993,1871,1653.9444260605046,-2394.9076593467166,2439.6376038621593,180.34716415125467,144.29142787259872,-27.428786450641145,6124.59331116201,-3965.9683642093237,707.0360613063084
2026-04-27 00:45:34.040,1872,1654.5507576334267,-2397.0286906753986,2440.1425055716472,181.41191368371412,143.87007007172028,-27.436572757970726,6126.50080206152,-3969.4231228077197,706.1603136885909
2026-04-27 00:45:34.078,1873,1655.9474693413433,-2398.3622716016657,2441.434112812505,182.733611890028,143.70511707851463,-27.188701730088745,6129.759333339302,-3971.5278382508936,706.6356502394492
2026-04-27 00:45:34.127,1874,1657.8797959869516,-2399.159992507768,2443.260829357223,183.84061672324216,143.32512020122292,-27.156396569701197,6131.9455648901085,-3974.705343573474,706.038403818423
2026-04-27 00:45:34.170,1875,1659.0027225246145,-2400.766097305866,2444.2794557222014,184.97323463583936,142.97005522494896,-27.099086548744598,6134.926116639525,-3977.0887499988266,706.2354102897268
2026-04-27 00:45:34.212,1876,1660.4210487560704,-2402.0781475811305,2445.591590520425,185.9728604169392,142.4826914779263,-27.173174142146884,6136.317187346614,-3981.06068313206,704.845433204026
2026-04-27 00:45:34.254,1877,1662.0807333411467,-2403.149220861859,2447.144980057771,187.14707837025983,142.1687273731733,-27.07424572061319,6138.222598548393,-3984.5151748689505,703.9727198902343
2026-04-27 00:45:34.296,1878,1662.7109265324066,-2405.249000442136,2447.669925090047,188.19111529016254,141.72129851471777,-27.10867863661499,6141.477556207269,-3986.6193559672297,704.4496022456251
2026-04-27 00:45:34.334,1879,1664.0968593757082,-2406.592657746877,2448.950361944508,189.60086545986402,141.63887323742043,-26.778803084212445,6144.988521313827,-3988.4649607831443,705.1852645141422
2026-04-27 00:45:34.371,1880,1665.2333912996082,-2408.1889182778505,2449.9781773036475,190.58940445929585,141.13433106944527,-26.87197176280707,6148.775287802572,-3990.033093616343,706.1990760028383
2026-04-27 00:45:34.411,1881,1666.0982977196104,-2410.059454136753,2450.732132904083,191.66219584736004,140.71172381677079,-26.883449965799983,6151.767466466924,-3992.3946196937304,706.4194456475736
2026-04-27 00:45:34.453,1882,1667.7515328807885,-2411.142874794571,2452.2724712746435,192.88670735513034,140.43833511071483,-26.74504836523517,6153.392063757251,-3996.1228719315004,705.2736451773657
2026-04-27 00:45:34.495,1883,1668.88993678426,-2412.739445587945,2453.2999077380655,194.15339440088897,140.205977894184,-26.565784385723973,6155.867644686846,-3999.000727560538,704.9777101740931
2026-04-27 00:45:34.534,1884,1670.0391260685674,-2414.325038433193,2454.3387917298664,195.22910995787,139.78246752786134,-26.576963104592473,6158.601750252007,-4001.61945836765,704.9392149785606
2026-04-27 00:45:34.574,1885,1671.4404431118703,-2415.6597611537554,2455.628759824454,196.5644767497286,139.61748599264456,-26.329473812447617,6161.594495104603,-4003.9801143205623,705.1587688727756
2026-04-27 00:45:34.614,1886,1672.8415596842542,-2416.994583607082,2456.9193294626734,197.53269045452834,139.08483293071447,-26.450155538042665,6165.141642492262,-4005.785041496289,705.9323108965942
2026-04-27 00:45:34.654,1887,1674.2538572919343,-2418.318789714865,2458.2212300878286,198.9525621241787,139.00250684802805,-26.120501888551196,6168.411104296247,-4007.8664359329646,706.4281781117691
2026-04-27 00:45:34.694,1888,1675.6544474268185,-2419.6542820060495,2459.5127821308483,199.94882098303117,138.49533970116948,-26.214849094255722,6171.126212942992,-4010.5027345844114,706.3691874503324
2026-04-27 00:45:34.737,1889,1676.8036150309845,-2421.2417514639687,2460.553150503374,200.98605087075032,138.02912716348163,-26.26728628610308,6173.306218364298,-4013.6748119035183,705.7745086562269
2026-04-27 00:45:34.782,1890,1678.20211050258,-2422.5765852660197,2461.8459986824732,202.2137843046759,137.75447240599732,-26.127138675323767,6176.299042566641,-4016.034435637833,705.9931705803737
2026-04-27 00:45:34.814,1891,1679.348079595995,-2424.16349392062,2462.8861878369476,203.29186622702034,137.3287428355249,-26.1365499023143,6178.7562573128325,-4018.9294168541537,705.6768215025595
2026-04-27 00:45:34.859,1892,1679.9698729631405,-2426.275729540367,2463.4006480965127,204.63047720813225,137.16204834585673,-25.886407876294015,6182.28360142645,-4020.7542604364676,706.4311931933064
2026-04-27 00:45:34.900,1893,1680.8459145898694,-2428.1364617402014,2464.166666645758,205.6275394708196,136.65235066678065,-25.97963676276709,6184.72217358281,-4023.6682746822976,706.0944157581083
2026-04-27 00:45:34.938,1894,1681.9841324498452,-2429.7344174535906,2465.1961524454046,206.51626330238105,136.03293623780564,-26.182040305426153,6186.882667212616,-4026.859399394041,705.4800197052731
2026-04-27 00:45:35.004,1895,1682.8801748533979,-2431.572352371162,2465.984014000798,207.5564434438214,135.56417022784086,-26.233817357252665,6189.617415773798,-4029.47511795805,705.4403472765716
2026-04-27 00:45:35.051,1896,1684.0377912673573,-2433.1487070292224,2467.0350128405703,208.53007948381986,135.02820328287632,-26.353957176617374,6192.628122474507,-4031.814226888616,705.678367780645
2026-04-27 00:45:35.090,1897,1684.9328279253991,-2434.987632199801,2467.8230936911145,209.5566550529622,134.54510485326094,-26.422026079300743,6194.510075049341,-4035.281448704728,704.7894528680076
2026-04-27 00:45:35.132,1898,1685.7971376699422,-2436.858649297973,2468.577938885207,210.33875592956912,133.8150006375059,-26.735918142035146,6198.806701925448,-4036.3318594335437,706.3177356427565
2026-04-27 00:45:35.165,1899,1687.197677809822,-2438.1941398233653,2469.869322932376,211.53577989219346,133.49711444121465,-26.638010861164382,6201.261857546035,-4039.224945651861,706.0019076647881
2026-04-27 00:45:35.212,1900,1688.0848782407118,-2440.043749546007,2470.6464248887314,212.43100969096187,132.87618239379628,-26.8439472337627,6203.954782266075,-4041.87964850232,705.9251395458024
2026-04-27 00:45:35.253,1901,1688.936469443373,-2441.924640883789,2471.3922135703,213.52177325679116,132.44807362662968,-26.857763660647223,6207.183216241913,-4044.000182355906,706.3831198172905
2026-04-27 00:45:35.298,1902,1690.3441365318631,-2443.2479582284545,2472.695078568547,214.6977790576939,132.10225776069902,-26.7897139444194,6210.449262580009,-4046.0830120995042,706.8800629255603
2026-04-27 00:45:35.340,1903,1691.218809651528,-2445.105850951615,2473.4604538581307,215.45987379497132,131.33995259829388,-27.138011357348148,6212.90301546512,-4048.9778017751646,706.5654639486607
2026-04-27 00:45:35.384,1904,1692.8927239379689,-2446.165934773885,2475.0225824471217,216.40244686112158,130.75819024082563,-27.305099344151937,6215.615849076361,-4051.6152961619655,706.5087176920298
2026-04-27 00:45:35.423,1905,1694.57836251658,-2447.2148572647206,2476.596083635715,217.73520867905484,130.5636825130545,-27.084007325719487,6219.10339741797,-4053.4784356155733,707.2255050734824
2026-04-27 00:45:35.466,1906,1694.9300689787538,-2449.5981362878133,2476.8356387066606,218.6111362878989,129.91059181344562,-27.32106861958816,6223.145381373049,-4054.7871029922735,708.4953104099569
2026-04-27 00:45:35.505,1907,1695.5431517888355,-2451.7190599985993,2477.338072128605,219.5986515832352,129.36863713021995,-27.447494234368875,6225.5826531858465,-4057.7016352283827,708.1597310093618
2026-04-27 00:45:35.550,1908,1696.6814314829182,-2453.3152123429436,2478.3652045859703,220.58621122248607,128.82661166930455,-27.573605925409474,6228.038563538708,-4060.5961985452614,707.843874302681
2026-04-27 00:45:35.597,1909,1697.5666349357484,-2455.162560534136,2479.141582717888,221.68583735588692,128.39527200331761,-27.588107469731217,6232.09952572931,-4061.885241737537,709.133071482802
2026-04-27 00:45:35.640,1910,1698.9740795969774,-2456.485138809463,2480.443137152999,222.63317813445704,127.8110136919475,-27.755702857373564,6236.399129101137,-4062.9360914465133,710.6610212088062
2026-04-27 00:45:35.678,1911,1699.571966115122,-2458.615514014468,2480.936479904068,223.62231631709582,127.26819074170461,-27.88281245065654,6239.3893554599645,-4065.2957802622404,710.8805094191003
2026-04-27 00:45:35.721,1912,1700.4204159541262,-2460.4924889214044,2481.682068881809,224.8363906024056,126.94769003135409,-27.786291887394885,6241.843008794374,-4068.190658564023,710.5662462976933
2026-04-27 00:45:35.754,1913,1702.0782896442827,-2461.5623131557713,2483.234444643739,225.75750898979797,126.33375126327472,-27.98315883905819,6244.3168666648,-4071.066394481953,710.2707753490894
2026-04-27 00:45:35.794,1914,1703.2130784417739,-2463.1568760625846,2484.2616431095635,226.79105192392083,125.83115536970051,-28.06906622671023,6246.217989820988,-4074.5155099116696,709.4014542859135
2026-04-27 00:45:35.834,1915,1704.3689314210803,-2464.730508971719,2485.310691584356,227.4763559120469,124.97923232459746,-28.505089483081978,6250.277386488474,-4075.806047900301,710.6920221214325
2026-04-27 00:45:35.869,1916,1706.0395608737979,-2465.790793024078,2486.8743152189786,228.69380867941797,124.65872707355287,-28.4091755341499,6251.900920707365,-4079.5316859246323,709.5478460347518
2026-04-27 00:45:35.907,1917,1706.6293004080787,-2467.933336380493,2487.3565332503495,229.71626928510673,124.14272755739385,-28.50888572417237,6254.593573607754,-4082.187454377079,709.474065440685
2026-04-27 00:45:35.947,1918,1708.3127158216696,-2468.9833431703923,2488.9315317186183,230.6294536587305,123.51319799074224,-28.721343232358,6257.046577827281,-4085.083884229241,709.1607116007133
2026-04-27 00:45:35.985,1919,1709.7336237564564,-2470.295843708063,2490.2440425118393,231.9360624154388,123.2750113734291,-28.541092029707663,6260.293677275763,-4087.1873129518704,709.6405991337119
2026-04-27 00:45:36.025,1920,1710.6186357113327,-2472.144372109582,2491.0205562162787,233.31351607625888,123.10673042664394,-28.288983259942537,6263.024417507332,-4089.808068348023,709.603755708091
2026-04-27 00:45:36.063,1921,1711.7679657961892,-2473.7296808049246,2492.0591379870116,234.33961191832284,122.58602034134049,-28.387535666660312,6264.665358208264,-4093.516497659973,708.4802958123672
2026-04-27 00:45:36.104,1922,1712.654802111045,-2475.5772822228664,2492.8351461398506,235.52171624904028,122.22019007826624,-28.33122906023066,6266.84060513999,-4096.690117718703,707.8916526570505
2026-04-27 00:45:36.154,1923,1713.5287303843186,-2477.4360035399327,2493.6013754767127,236.1275726510192,121.27660292451033,-28.852740927063966,6269.810336953549,-4099.070924109419,708.0963532659983
2026-04-27 00:45:36.195,1924,1714.9269553648228,-2478.7702143057495,2494.892336871809,237.08575477097133,120.68421994205063,-29.02199526503802,6271.7103109128,-4102.522744455684,707.2305567379873
2026-04-27 00:45:36.241,1925,1716.5779553194498,-2479.8537838091656,2496.4346562345463,238.1577101317247,120.20464671281339,-29.078810146446617,6273.07567543471,-4106.509368017413,705.8286815921481
2026-04-27 00:45:36.278,1926,1717.1804121985695,-2481.988010445882,2496.9267751319635,239.14470476930376,119.64010106423424,-29.219893273326534,6276.0654831632255,-4108.872083732928,706.0501957211242
2026-04-27 00:45:36.322,1927,1718.2969060600735,-2483.6079036252518,2497.933666210622,240.13342579894643,119.07432855502783,-29.36069619415574,6277.689943143257,-4112.601807316253,704.9054592684267
2026-04-27 00:45:36.367,1928,1719.1519653936102,-2485.4909833291417,2498.677242085897,241.1380059623461,118.52233303839925,-29.48930935951114,6281.456402383691,-4114.189705663925,705.902864923693
2026-04-27 00:45:36.410,1929,1720.0177830031373,-2487.363088554365,2499.4316206968174,242.25879868384067,118.08335322804619,-29.505076287362773,6283.8753696031345,-4117.125477158351,705.5512646788353
2026-04-27 00:45:36.447,1930,1721.1698041647464,-2488.9502296099004,2500.4706866297347,242.99767870443162,117.26000270856608,-29.90642288936161,6285.241474387806,-4121.112870609719,704.1481679929926
2026-04-27 00:45:36.491,1931,1722.2900962863105,-2490.572603571426,2501.4746658716017,244.30893591074485,117.00626884098898,-29.73750496196725,6289.8198470035995,-4121.8881364892495,705.9570964105964
2026-04-27 00:45:36.530,1932,1723.9577984735133,-2491.6462589591447,2503.0277424101378,244.96435528768816,116.09661569647346,-30.22415277510688,6291.480503654615,-4125.579636732611,704.8498105130747
2026-04-27 00:45:36.574,1933,1725.101865422956,-2493.245869804615,2504.054950273212,245.93540244302125,115.49905578760428,-30.39898533921217,6293.103548745328,-4129.307394532296,703.7072249338594
2026-04-27 00:45:36.615,1934,1726.7857329974136,-2494.308504923874,2505.618938676974,247.14862674911078,115.14303395486068,-30.33279876630004,6295.003927945163,-4132.758421694559,702.8407860165225
2026-04-27 00:45:36.658,1935,1727.6704402785965,-2496.17057312891,2506.382420781085,248.204922629456,114.63016350817531,-30.42440837754983,6297.453816151922,-4135.654643727419,702.5296147785509
2026-04-27 00:45:36.703,1936,1729.1037596206888,-2497.4833933862296,2507.695248393541,249.2610915413596,114.11720754100148,-30.515815812802416,6300.161396937897,-4138.2921101487755,702.4769937362285
2026-04-27 00:45:36.745,1937,1729.9883984632966,-2499.3464344235845,2508.4589922428,250.19390962584097,113.47719211493089,-30.7352123552828,6302.61009322313,-4141.18846581407,702.1665767415197
2026-04-27 00:45:36.788,1938,1731.1359549914885,-2500.94759459473,2509.485717076549,251.24159031637006,112.95114875172577,-30.838927752489067,6305.31683959729,-4143.826096498842,702.1150243126914
2026-04-27 00:45:36.826,1939,1732.019876488964,-2502.812209562089,2510.250568000792,252.53254562343201,112.6668925588251,-30.700622781539604,6308.317240066176,-4146.170547236248,702.3562493288043
2026-04-27 00:45:36.864,1940,1732.9136023072058,-2504.6656480522997,2511.028574743209,253.23661380251653,111.79435401547707,-31.151121540200787,6310.747703848076,-4149.083403999148,702.0281098759847
2026-04-27 00:45:36.911,1941,1734.3216464659765,-2506.004755926556,2512.320519211124,254.37232177632845,111.35198630407334,-31.17076475017246,6312.643789357703,-4152.5295866557035,701.1654710372187
2026-04-27 00:45:36.953,1942,1735.4568995401848,-2507.6188941169466,2513.3368979032634,255.23583471709324,110.63472179932738,-31.46445779015832,6315.885153490343,-4154.632067183804,701.6472844442104
2026-04-27 00:45:36.996,1943,1736.593340649434,-2509.2333126144763,2514.352870832349,256.2592628295187,110.07480204320862,-31.60029850074603,6318.850930931538,-4157.0108439589185,701.8530867679244
2026-04-27 00:45:37.038,1944,1737.4791559395414,-2511.098349073527,2515.1176531763153,257.2840641358504,109.51449486725059,-31.736303652162587,6321.540115695011,-4159.66530047019,701.7838649511965
2026-04-27 00:45:37.079,1945,1738.3888890850403,-2512.93960256708,2515.9066673602433,258.49792535866743,109.14396018612416,-31.68292031103876,6324.245738909676,-4162.30261650677,701.7327750259856
2026-04-27 00:45:37.131,1946,1739.2504157805643,-2514.830331385166,2516.647837533582,259.52301163623684,108.58295346038763,-31.81994551750265,6327.4840291036735,-4164.405770410255,702.2166223551526
2026-04-27 00:45:37.179,1947,1740.136784249753,-2516.6968685627326,2517.4135109012336,260.6260081681803,108.09576172989148,-31.884164774276258,6329.654063683063,-4167.577244712226,701.6324759818535
2026-04-27 00:45:37.220,1948,1741.011404861658,-2518.5761957624222,2518.1664633200317,261.8564715898575,107.73528260935213,-31.82271021686883,6331.566412420708,-4171.007430198476,700.7887083719218
2026-04-27 00:45:37.261,1949,1741.887166119086,-2520.455282443688,2518.919265551395,263.3204152655133,107.60881576523298,-31.52765564935227,6334.25534276554,-4173.662540461216,700.7204754819086
2026-04-27 00:45:37.307,1950,1743.0287491385852,-2522.072153562058,2519.933846084052,264.3086825355873,107.00445962556626,-31.710652542759924,6338.031682276587,-4175.231316497668,701.7369234356895
2026-04-27 00:45:37.353,1951,1744.7355503917124,-2523.124625564589,2521.512976078377,265.702359890563,106.80270701387394,-31.491188102984093,6340.463424624331,-4178.145468514797,701.4086747585814
2026-04-27 00:45:37.394,1952,1745.8770180366037,-2524.7409817050066,2522.526516889737,266.85278000351286,106.35668996651229,-31.515420031010407,6342.359905761499,-4181.594014895483,700.5468018795148
2026-04-27 00:45:37.437,1953,1747.0431520086222,-2526.3322782164305,2523.5660110354474,267.843492814919,105.75049970038808,-31.698516689354836,6346.134691080863,-4183.163092376035,701.5643136702081
2026-04-27 00:45:37.479,1954,1747.6830122179417,-2528.450779952005,2524.079927457929,268.75885234574565,105.06933996516415,-31.95734991721821,6349.633350939299,-4185.0075375933,702.305978623475
2026-04-27 00:45:37.522,1955,1748.5354763653984,-2530.356312687206,2524.8075576286706,269.38969411301576,104.1004371951089,-32.50460496002796,6352.356370280574,-4187.627966711149,702.2717111836555
2026-04-27 00:45:37.564,1956,1749.7006289871617,-2531.9484532664815,2525.8486670740326,269.9452908421006,103.05570707344607,-33.1265566495325,6356.389884530103,-4188.938411685877,703.5478039260112
2026-04-27 00:45:37.613,1957,1750.853134824735,-2533.553198695374,2526.8770733872343,270.85467321788366,102.36364208244868,-33.395372669662464,6359.353890858446,-4191.317691234712,703.7558922698425
2026-04-27 00:45:37.655,1958,1751.4676695750763,-2535.697868264226,2527.365961872193,272.12645084363083,102.03414881049143,-33.30129183243083,6362.058387511956,-4193.956011882417,703.7062833859015
2026-04-27 00:45:37.695,1959,1752.8839948508066,-2537.040082200594,2528.6586894974494,273.12254541666334,101.42604476157328,-33.48591118331706,6364.778324898778,-4196.577992989966,703.6737662695622
2026-04-27 00:45:37.738,1960,1753.7618125192344,-2538.9214532930146,2529.41156667685,273.9156042360862,100.61435570824769,-33.87324994107438,6368.016610411996,-4198.681562432308,704.158058510876
2026-04-27 00:45:37.783,1961,1754.6414785476165,-2540.8038323455735,2530.1636102124144,275.0296195982838,100.1238102891087,-33.939750811022044,6371.4969009559645,-4200.542886989714,704.8847565065321
2026-04-27 00:45:37.821,1962,1755.7713778700443,-2542.4350720487537,2531.1656120571106,275.98282561767104,99.47301088817976,-34.166397110045295,6374.201644614859,-4203.181168458163,704.8345252297121
2026-04-27 00:45:37.863,1963,1757.205392549826,-2543.7650695433504,2532.469435085784,277.1819498808614,99.06723721060703,-34.1485700065988,6376.905193461016,-4205.8192026438655,704.7856937723571
2026-04-27 00:45:37.906,1964,1758.3381071448011,-2545.39775953049,2533.46971814927,278.41546416553626,98.6947975110524,-34.09745522736682,6379.348802333467,-4208.714618101278,704.4783660450823
2026-04-27 00:45:37.951,1965,1759.7587739044097,-2546.740389529588,2534.760181870777,279.4549255257824,98.128062241256,-34.23992285647449,6380.982763915867,-4212.418989897762,703.3618383216502
2026-04-27 00:45:37.999,1966,1761.1941280191322,-2548.0701740819327,2536.063433054226,280.8160207240559,97.88222321003813,-34.06001570089227,6383.168024756415,-4215.573078262516,702.7947776074299
2026-04-27 00:45:38.040,1967,1762.3271259687658,-2549.704350937944,2537.0625737924224,281.81251227231775,97.27256466064635,-34.24362111303052,6385.609828722768,-4218.467617433094,702.4874022400274
2026-04-27 00:45:38.090,1968,1764.0442706227138,-2550.7579243951627,2538.6429440957536,282.48858846843814,96.34052502920129,-34.7503311594992,6388.5682091783365,-4220.844702770186,702.698594140969
2026-04-27 00:45:38.147,1969,1764.6792411684771,-2552.8925098009245,2539.142785600553,283.1244135484021,95.3654861055923,-35.30080694827912,6392.057911582232,-4222.688124490813,703.4442005289832
2026-04-27 00:45:38.188,1970,1765.0114838565169,-2555.3329637203096,2539.3376413693204,283.9642349477319,94.59300470818106,-35.648895989771454,6393.9631364190855,-4226.116051672624,702.6052821200035
2026-04-27 00:45:38.233,1971,1765.8857404470712,-2557.2332518274557,2540.072559108198,284.96678166688883,93.98140620854701,-35.836084126423195,6397.224859111857,-4228.188595830049,703.1235396719786
2026-04-27 00:45:38.272,1972,1766.7883194210935,-2559.105231500176,2540.8344517927117,286.3275332989478,93.72715248167313,-35.66661841098883,6399.6486713749755,-4231.100076096848,702.8031725740972
2026-04-27 00:45:38.317,1973,1767.4002958594378,-2561.2694703880043,2541.30430334809,287.45140825076516,93.23506216632822,-35.7364899069175,6402.865775549,-4233.2191871694295,703.2753053149878
2026-04-27 00:45:38.362,1974,1767.7370148696841,-2563.7133446108614,2541.4950984996517,288.29418487541597,92.46242807845606,-36.087587811478436,6405.030387703518,-4236.3891771194385,702.6958308152734
2026-04-27 00:45:38.402,1975,1768.6606947170771,-2565.5725769685064,2542.270776601021,289.3396819813733,91.89417701057856,-36.23497771412548,6408.505551071653,-4238.248543748209,703.4273487680526
2026-04-27 00:45:38.453,1976,1769.3088701885665,-2567.710013360355,2542.7673775770304,290.5813927692849,91.5224926466935,-36.185987825173434,6411.478288608455,-4240.610790104502,703.6553912629174
2026-04-27 00:45:38.497,1977,1769.648451738262,-2570.1573492326042,2542.9543552001287,291.5502282501254,90.87613370055494,-36.411653119721755,6414.71106323582,-4242.714279393621,704.1425246278011
2026-04-27 00:45:38.568,1978,1770.5304638069183,-2572.0626756280594,2543.683927073921,292.2342443354723,89.93999411429884,-36.927033704070766,6416.053109060523,-4246.7091929226835,702.7374583041595
2026-04-27 00:45:38.614,1979,1771.4131277898402,-2573.9688939601824,2544.4124693356553,293.72981370758544,89.81355201639582,-36.63220900297412,6417.975925902969,-4250.123271698078,701.9132812227247
2026-04-27 00:45:38.652,1980,1772.063282216233,-2576.1072550451568,2544.9084082573836,294.7383178044011,89.20078223663724,-36.82408437376071,6420.142493898079,-4253.294461282678,701.3320734543705
2026-04-27 00:45:38.686,1981,1773.503208194856,-2577.4551911187464,2546.1946958304175,295.70772542584245,88.54486009617884,-37.05918435050632,6423.103610866633,-4255.672923457231,701.5421672554403
2026-04-27 00:45:38.728,1982,1774.1229793268672,-2579.6238678502386,2546.659077239736,296.67747873919666,87.88843454507236,-37.29424830255986,6425.837947852221,-4258.278587697531,701.526141019378
2026-04-27 00:45:38.768,1983,1775.2985829499073,-2581.2342156304517,2547.681630759783,297.6920060168003,87.27306661463092,-37.48814157052678,6428.540115681611,-4260.916050788532,701.4775934295743
2026-04-27 00:45:38.814,1984,1776.7686213018037,-2582.5507213303995,2548.998228640703,298.99024838000184,86.94159818277532,-37.39834093643237,6430.999637418242,-4263.796356493213,701.1864885343679
2026-04-27 00:45:38.849,1985,1778.2235644140198,-2583.883265315634,2550.299949229124,300.4516614100645,86.77303516219352,-37.145589478162435,6433.1509288429725,-4266.983883873227,700.5890129033675
2026-04-27 00:45:38.889,1986,1779.677431587256,-2585.2159150259045,2551.6023446488325,301.3464887564519,86.03609237503194,-37.46132099357644,6435.058683093804,-4270.41446348238,699.7488246722733
2026-04-27 00:45:38.945,1987,1780.0758545921103,-2587.603155652209,2551.85104731783,302.4907672850439,85.54555099929779,-37.53084516804647,6437.4695582406475,-4273.34347193499,699.4090002467507
2026-04-27 00:45:38.990,1988,1781.7919764619003,-2588.6724265577545,2553.417251723015,303.2246917448421,84.64380485265308,-38.011955037450434,6439.8978571878415,-4276.257031859074,699.0844821313187
2026-04-27 00:45:39.029,1989,1782.176721782248,-2591.075223441396,2553.6504238361886,303.91624580386264,83.69916365070864,-38.53552569060079,6442.58569714026,-4278.911579813345,699.0179148314346
2026-04-27 00:45:39.066,1990,1783.1036115938637,-2592.935961601248,2554.4264171627506,305.30493643394396,83.4512108078062,-38.36240631568468,6445.030741566535,-4281.807814070271,698.7092969781016
2026-04-27 00:45:39.114,1991,1783.4570398146177,-2595.368818647314,2554.6295798586393,306.5675777301915,83.0763383808992,-38.31504764159009,6447.734150760208,-4284.445302218294,698.6604151464497
2026-04-27 00:45:39.153,1992,1784.6652135855074,-2596.9497121861905,2555.683522976802,307.75133301138453,82.62162858774558,-38.346710373134016,6450.695285360251,-4286.8239521742025,698.870510722926
2026-04-27 00:45:39.191,1993,1786.1197902464571,-2598.282509082665,2556.985811456185,308.5230916931159,81.75428370610483,-38.790479908346555,6454.189660155459,-4288.6688651253235,699.6152194002474
2026-04-27 00:45:39.234,1994,1787.033201733109,-2600.1579126502284,2557.745638610285,309.4587789837726,81.04951719159213,-39.070202554901336,6458.218437673885,-4289.980054115263,700.8943867926331
2026-04-27 00:45:39.279,1995,1787.93164111882,-2602.0486122209195,2558.4897421661094,310.36014992417347,80.30677878522853,-39.38807804589975,6460.936620448843,-4292.602470573073,700.862388943469
2026-04-27 00:45:39.330,1996,1789.0957597868696,-2603.6770333825602,2559.4955558892284,311.4653847332988,79.76549575254829,-39.50534736458507,6463.363677609251,-4295.515583704128,700.5392121485504
2026-04-27 00:45:39.372,1997,1789.9984476294624,-2605.5694349595897,2560.23736508576,312.528765525201,79.18186603321243,-39.665261233938935,6466.0668918094,-4298.154078034691,700.4904725455694
2026-04-27 00:45:39.421,1998,1791.4772252531125,-2606.8865225620493,2561.554391005311,313.7196208218576,78.72508276523428,-39.698142808657735,6469.061864403622,-4300.501441070249,700.7332282196292
2026-04-27 00:45:39.454,1999,1792.6269462387172,-2608.5308266366083,2562.545194125271,314.9908400075766,78.34893388143016,-39.65132223087456,6471.765312084316,-4303.140103103943,700.6844360270622
2026-04-27 00:45:39.490,2000,1793.8218474177932,-2610.1277065409768,2563.583936293616,316.01660874232334,77.72826091679318,-39.84902208658416,6474.743972880312,-4305.5031012948675,700.9110025799683
