timestamp,episode,openness,conscientiousness,extraversion,agreeableness,neuroticism,stress,satisfaction,social_energy,total_reward
2026-04-26 18:47:11.624,0,0.0,0.0,0.0,0.0,0.0,0.0000,0.0000,0.0000,0.000
2026-04-26 18:47:11.777,1,0.005301203183348875,0.004365349016734974,-0.0037716945824842092,-0.002298762814315963,-0.01121289852190628,0.0000,1.0000,0.2500,6.788
2026-04-26 18:47:11.847,2,0.010428053503656033,0.008569756926748787,-0.007261225055255678,-0.004616678097510686,-0.022403431370466208,0.0000,1.0000,0.3000,8.378
2026-04-26 18:47:11.891,3,0.014949306500925155,0.012704518372800485,-0.010525824747723407,-0.006896378280160884,-0.03342602812697741,0.0000,1.0000,0.1000,7.031
2026-04-26 18:47:11.938,4,0.019249319756944275,0.016701464952638946,-0.01364320903337347,-0.00933668698202536,-0.04439963630424858,0.0000,1.0000,0.0500,4.449
2026-04-26 18:47:11.982,5,0.02329179315252348,0.020471193045927073,-0.01637223419980101,-0.011540482808102978,-0.05515050230819442,0.0000,1.0000,0.4000,5.259
2026-04-26 18:47:12.023,6,0.027244849950618804,0.024236355316198555,-0.01915988857979814,-0.013850310532151255,-0.06579665471516633,0.0000,1.0000,-0.1000,5.018
2026-04-26 18:47:12.058,7,0.031156952499913307,0.02794449986703406,-0.021944180131679654,-0.016250090695036714,-0.07634554983472808,0.0000,1.0000,0.2500,4.929
2026-04-26 18:47:12.091,8,0.03500128097258752,0.031600659264959384,-0.024690344325635296,-0.018619329678507417,-0.08673803003517258,0.0000,1.0000,0.2500,7.575
2026-04-26 18:47:12.139,9,0.03876021899732024,0.035213066480256384,-0.027406406265022155,-0.020969665389736887,-0.09698016813678069,0.0000,1.0000,0.1000,6.299
2026-04-26 18:47:12.185,10,0.042429407491672316,0.038784633771327785,-0.03009507345932207,-0.023304765341303706,-0.10707534725886661,0.0000,1.0000,-0.0500,6.715
2026-04-26 18:47:12.222,11,0.04601527695629079,0.04231394003396045,-0.03275472312663481,-0.025621807514988014,-0.1170247549345849,0.0000,1.0000,0.1000,7.965
2026-04-26 18:47:12.262,12,0.04951143366965519,0.04580467658636753,-0.03538884793265178,-0.027925648881637937,-0.1268321064370244,0.0000,1.0000,0.1500,5.375
2026-04-26 18:47:12.295,13,0.05289274549079962,0.04926801310709632,-0.0380084218831863,-0.030232374152699814,-0.13650482817523119,0.0000,1.0000,0.2500,8.100
2026-04-26 18:47:12.321,14,0.056142435945490864,0.05271176025566858,-0.040621062900117216,-0.03255303955817738,-0.14604863942519208,0.0000,1.0000,0.1500,9.089
2026-04-26 18:47:12.358,15,0.05930367272389802,0.056119734524797744,-0.04321039762957965,-0.03486271997425101,-0.1554572351702963,0.0000,1.0000,0.1500,1.677
2026-04-26 18:47:12.392,16,0.0623831164978985,0.0594903389609822,-0.045774642119192376,-0.037158379855721874,-0.16473157686977008,0.0000,1.0000,0.0500,6.172
2026-04-26 18:47:12.418,17,0.06533920573934154,0.06284124948100286,-0.04833128809183988,-0.039465902564539135,-0.17388223601894123,0.0000,0.9500,0.2000,10.503
2026-04-26 18:47:12.441,18,0.06817239628927034,0.06617331928438025,-0.050881007316054716,-0.0417859468444597,-0.18291134675145332,0.0000,1.0000,-0.0500,7.041
2026-04-26 18:47:12.467,19,0.07093682677031114,0.06946591292496261,-0.053402985636161956,-0.04408694778656489,-0.19181027326510555,0.0000,1.0000,0.6000,9.314
2026-04-26 18:47:12.492,20,0.07361261422949811,0.07272798828679153,-0.05590600490732288,-0.046381739653321444,-0.20058515119398065,0.0000,1.0000,0.1500,5.022
2026-04-26 18:47:12.512,21,0.07620329517758402,0.0759591203978783,-0.058389466769101686,-0.04866909146160459,-0.20923739989376527,0.0000,1.0000,-0.0500,4.142
2026-04-26 18:47:12.535,22,0.07872364211814943,0.07915437504461846,-0.06084826622027349,-0.05094101726874302,-0.21776615962171297,0.0000,1.0000,0.1500,8.320
2026-04-26 18:47:12.562,23,0.08116752795168052,0.08231716323282785,-0.06328564604084806,-0.05320205773052988,-0.2261747191343266,0.0000,1.0000,0.1000,4.381
2026-04-26 18:47:12.580,24,0.08356257913297395,0.08543738014410798,-0.06569133571000789,-0.05543648840423074,-0.23445958552719798,0.0000,1.0000,0.1500,7.362
2026-04-26 18:47:12.599,25,0.08589197119331471,0.08852268714301222,-0.06807283337542362,-0.057655242629766054,-0.24262612559482294,0.0000,1.0000,0.1500,6.058
2026-04-26 18:47:12.623,26,0.0881413933586229,0.09157972614258388,-0.0704366201815091,-0.05986773295039482,-0.250679173364259,0.0000,1.0000,0.1000,6.963
2026-04-26 18:47:12.649,27,0.09029673042448862,0.09461504706394709,-0.07278908769228844,-0.062083242176391856,-0.2586234941705461,0.0000,0.7000,-0.1500,8.422
2026-04-26 18:47:12.668,28,0.09236021570105844,0.09762864686481303,-0.07513007688372925,-0.06430123180398369,-0.2664605545114005,0.0000,1.0000,0.0500,8.662
2026-04-26 18:47:12.684,29,0.09434595943914904,0.10061575837239824,-0.07745466694103072,-0.06651402514276004,-0.2741894167990082,0.0000,1.0000,0.1500,5.989
2026-04-26 18:47:12.700,30,0.0962932978939134,0.10356151085827163,-0.07974783579837462,-0.06869879805780768,-0.28180406997775276,0.0000,1.0000,-0.0500,6.512
2026-04-26 18:47:12.730,31,0.09817347267496385,0.1064782584956139,-0.08202178856161535,-0.07087357153726508,-0.28931209407819464,0.0000,1.0000,-0.0500,6.745
2026-04-26 18:47:12.747,32,0.09999950021164786,0.10936163276745631,-0.08427200988246773,-0.07303129018812102,-0.29671268674166,0.0000,1.0000,0.1500,5.653
2026-04-26 18:47:12.765,33,0.10177211633761003,0.11221216482428971,-0.08649888628257596,-0.07517225565781707,-0.30400747471470774,0.0000,1.0000,0.1000,9.395
2026-04-26 18:47:12.783,34,0.10348767343272659,0.11503212681585308,-0.08870454745226504,-0.0772993885188414,-0.31119893482595096,0.0000,1.0000,-0.0500,5.927
2026-04-26 18:47:12.802,35,0.10511772034593568,0.11783370010773529,-0.09090103443460107,-0.07943048048223879,-0.3182944784006217,0.0000,1.0000,0.3500,11.186
2026-04-26 18:47:12.818,36,0.10667621981421016,0.12061208849673385,-0.09308341280869664,-0.0815578641109271,-0.3252930081699197,0.0000,1.0000,0.1000,7.464
2026-04-26 18:47:12.835,37,0.10818112628643997,0.12336088726150567,-0.095245141708789,-0.0836714662875974,-0.3321926030934823,0.0000,1.0000,-0.1000,5.713
2026-04-26 18:47:12.850,38,0.10960811349173077,0.1260905923127481,-0.09739658294332221,-0.085786571833531,-0.33899977322716257,0.0000,1.0000,0.0500,7.061
2026-04-26 18:47:12.871,39,0.11094341835344014,0.12880746280242275,-0.09954386357353824,-0.08791211731757684,-0.3457188913159381,0.0000,1.0000,0.1000,11.356
2026-04-26 18:47:12.891,40,0.11223247036300225,0.1314940695464409,-0.10166942430598969,-0.09002151358689496,-0.35234246728922625,0.0000,1.0000,0.2500,9.828
2026-04-26 18:47:12.910,41,0.1134751511200239,0.13415119137825762,-0.10377391581641317,-0.09211549019561154,-0.3588720967173945,0.0000,1.0000,0.4000,6.301
2026-04-26 18:47:12.929,42,0.11467797830972423,0.13677694172498348,-0.10585532529656669,-0.09419078516877695,-0.36530802437533344,0.0000,1.0000,-0.0500,5.514
2026-04-26 18:47:12.947,43,0.11581214928364614,0.1393835513396816,-0.10792575915769108,-0.09626531900210464,-0.3716575358799899,0.0000,1.0000,0.1000,12.025
2026-04-26 18:47:12.968,44,0.11690403476979655,0.14196117097942434,-0.10997524568016367,-0.09832389858183001,-0.37791685929670904,0.0000,1.0000,0.1500,6.324
2026-04-26 18:47:12.985,45,0.11794945916412307,0.14451215944838358,-0.11200602302861183,-0.10036964915357847,-0.38408830942408373,0.0000,1.0000,0.1000,9.110
2026-04-26 18:47:13.000,46,0.11892586132797107,0.14704621943613388,-0.1140276750626587,-0.10241671798548889,-0.3901778559724605,0.0000,1.0000,0.4000,7.117
2026-04-26 18:47:13.017,47,0.11987179697568977,0.14954859671753656,-0.11602533050966352,-0.1044425730751236,-0.39617922341934597,0.0000,1.0000,0.5000,9.807
2026-04-26 18:47:13.033,48,0.12078426651725004,0.15202114916829526,-0.11800073195354031,-0.10644960658127937,-0.40209442576881665,0.0000,1.0000,0.1500,5.492
2026-04-26 18:47:13.047,49,0.12164425182375777,0.15447213220906425,-0.11996202125253061,-0.10844981290000029,-0.4079286595214311,0.0000,1.0000,0.1500,9.243
2026-04-26 18:47:13.068,50,0.12248184615471464,0.15689014698260298,-0.12189768769041735,-0.11042571084151234,-0.413677278006947,0.0000,1.0000,0.1000,7.615
2026-04-26 18:47:13.088,51,0.12327121275051443,0.15928615706261573,-0.12381858465981288,-0.11239336860601734,-0.4193467999792187,0.0000,1.0000,-0.0500,5.409
2026-04-26 18:47:13.105,52,0.12401192224051488,0.16166095363417324,-0.1257253948174124,-0.11435360146817218,-0.4249386424432788,0.0000,1.0000,0.0000,6.745
2026-04-26 18:47:13.120,53,0.12472236726944773,0.16400778978464442,-0.127611264350135,-0.11629592312862526,-0.4304504380341215,0.0000,1.0000,0.1500,5.595
2026-04-26 18:47:13.134,54,0.12540475318286326,0.16632638436889186,-0.1294758068159001,-0.11821955142822153,-0.4358830371791182,0.0000,1.0000,-0.1000,5.412
2026-04-26 18:47:13.150,55,0.1260454066645753,0.16862279869157648,-0.1313249798018796,-0.12013322328912521,-0.4412404466655404,0.0000,1.0000,0.1000,3.319
2026-04-26 18:47:13.168,56,0.12665323712702595,0.17089405208623512,-0.1331557004798837,-0.12203211800233676,-0.44652213765307347,0.0000,1.0000,0.0500,8.668
2026-04-26 18:47:13.185,57,0.12723764991764686,0.17313695676593108,-0.13496468043367493,-0.12391110942378594,-0.4517274633187721,0.0000,1.0000,0.2500,5.005
2026-04-26 18:47:13.205,58,0.12780217128687774,0.17535066796724388,-0.13675097577997158,-0.1257685911116318,-0.4568569341453914,0.0000,1.0000,0.0000,6.710
2026-04-26 18:47:13.222,59,0.1283462907959937,0.17753594711636758,-0.13851525031190437,-0.12760537099790586,-0.46191184971752675,0.0000,1.0000,0.1000,4.140
2026-04-26 18:47:13.238,60,0.12886503151088893,0.179695333878888,-0.14025994752649174,-0.1294249293868362,-0.4668943849563968,0.0000,1.0000,0.2000,6.778
2026-04-26 18:47:13.255,61,0.12936257329223916,0.18182769696909926,-0.14198384141198894,-0.13122524509362551,-0.47180486573124814,0.0000,1.0000,-0.2000,7.961
2026-04-26 18:47:13.273,62,0.12983742639739404,0.18393416483274738,-0.14368796710899373,-0.13300769139449806,-0.4766447344043717,0.0000,1.0000,0.1000,4.772
2026-04-26 18:47:13.292,63,0.13028161026469262,0.1860184542549524,-0.14537594949705504,-0.13477752886562488,-0.48141671433565425,0.0000,0.9500,0.0000,6.648
2026-04-26 18:47:13.308,64,0.13070901664882806,0.18807552522588578,-0.14704265803935687,-0.13652688760977702,-0.4861191375129983,0.0000,1.0000,0.3000,9.342
2026-04-26 18:47:13.328,65,0.13112478548081594,0.19010383071480938,-0.1486864565360784,-0.13825314184659818,-0.49075206963395923,0.0000,1.0000,0.2500,9.154
2026-04-26 18:47:13.345,66,0.13152974874286824,0.19210353923638143,-0.1503074256703314,-0.13995624369234047,-0.4953164215805969,0.0000,1.0000,-0.1000,6.385
2026-04-26 18:47:13.364,67,0.13191986330602598,0.1940767618301154,-0.15190758996755613,-0.1416390635603749,-0.4998140630980278,0.0000,1.0000,0.1500,8.893
2026-04-26 18:47:13.385,68,0.1323117815733657,0.19601732391589163,-0.15348068963127073,-0.14329204787681118,-0.5042427089081714,0.0000,1.0000,0.2500,5.794
2026-04-26 18:47:13.402,69,0.13268542315967358,0.19793373673318992,-0.15503515196283832,-0.14492767617271402,-0.5086074046125671,0.0000,1.0000,0.1000,4.614
2026-04-26 18:47:13.419,70,0.13305815746095637,0.1998195244227209,-0.15656441842392457,-0.14653595164091657,-0.5129056904136431,0.0000,1.0000,0.1500,5.926
2026-04-26 18:47:13.435,71,0.13343018266087775,0.20167507253164582,-0.15806879312283142,-0.1481171738292014,-0.5171385255450713,0.0000,1.0000,0.0500,5.703
2026-04-26 18:47:13.460,72,0.133771445810131,0.20351286008800457,-0.15956067487032238,-0.14968978668826352,-0.521312904484062,0.0000,1.0000,0.1000,4.566
2026-04-26 18:47:13.489,73,0.1340941840703087,0.20532844320775262,-0.16103554076833568,-0.15124685391954176,-0.5254273489273351,0.0000,1.0000,0.1500,7.444
2026-04-26 18:47:13.513,74,0.1344059651725851,0.20711923901430393,-0.16249073011147824,-0.15278423479275002,-0.5294812999207589,0.0000,1.0000,0.3500,12.162
2026-04-26 18:47:13.538,75,0.134718072526036,0.2088811716966735,-0.1639220904273902,-0.15429555317223498,-0.5334734410557396,0.0000,1.0000,0.1000,6.159
2026-04-26 18:47:13.554,76,0.13503013009623058,0.21061482265798934,-0.1653301276077453,-0.15578142267980039,-0.5374047737082864,0.0000,1.0000,0.1500,7.368
2026-04-26 18:47:13.574,77,0.1353393697342399,0.21232172368233837,-0.166716299057848,-0.1572438863859317,-0.5412767637847716,0.0000,1.0000,0.4500,11.085
2026-04-26 18:47:13.595,78,0.13564362152676204,0.214003160891689,-0.168081817636566,-0.1586846226870213,-0.5450907438602929,0.0000,1.0000,0.1000,6.738
2026-04-26 18:47:13.615,79,0.13593624974245916,0.21566220046287424,-0.16942967735657807,-0.16010798382355687,-0.5488489261946687,0.0000,1.0000,0.0500,5.261
2026-04-26 18:47:13.644,80,0.13622090240187643,0.21729778889370946,-0.17075875363400775,-0.16151214622287102,-0.5525514530206379,0.0000,1.0000,0.3000,6.396
2026-04-26 18:47:13.668,81,0.1364978675507769,0.21891021058633237,-0.17206926085552618,-0.1628972968185708,-0.5561991254883426,0.0000,1.0000,0.0500,6.150
2026-04-26 18:47:13.693,82,0.13677287046504658,0.22049756905652484,-0.17335923357168076,-0.16426035480977344,-0.5597916444205112,0.0000,1.0000,0.4500,9.359
2026-04-26 18:47:13.718,83,0.13703657056935475,0.2220639882561634,-0.17463272780359199,-0.1656072735908565,-0.5633317111219468,0.0000,1.0000,0.1000,3.877
2026-04-26 18:47:13.771,84,0.1372833931108155,0.22361207999232052,-0.17589228844653768,-0.166941741826993,-0.5668212612351173,0.0000,1.0000,0.2500,5.733
2026-04-26 18:47:13.799,85,0.13751995420393495,0.22513957399652304,-0.17713557932392693,-0.16826012850571911,-0.5702597799186342,0.0000,1.0000,0.4500,5.403
2026-04-26 18:47:13.821,86,0.13775496552930888,0.226643356131202,-0.17835942137869484,-0.16955754019507355,-0.5736463210921681,0.0000,1.0000,0.3500,6.783
2026-04-26 18:47:13.848,87,0.13797715215062648,0.2281283013475311,-0.17956862561631154,-0.17084107042959312,-0.5769839240549341,0.0000,1.0000,0.1000,5.385
2026-04-26 18:47:13.872,88,0.13819592612186954,0.22959100432591714,-0.18075972373066587,-0.17210539562104776,-0.5802714789434097,0.0000,0.9500,0.1000,5.447
2026-04-26 18:47:13.890,89,0.13841435522780912,0.23102999730907853,-0.18193019466801802,-0.17334611924933127,-0.5835078445285456,0.0000,1.0000,0.0000,7.880
2026-04-26 18:47:13.907,90,0.13861579742469682,0.23244944347373594,-0.1830794030963172,-0.17455980209508346,-0.5866909401467901,0.0000,1.0000,0.4500,8.129
2026-04-26 18:47:13.924,91,0.13879470418393544,0.23384959663771948,-0.1842036940398507,-0.17573892163556895,-0.5898176106265217,0.0000,1.0000,0.2000,5.091
2026-04-26 18:47:13.939,92,0.13897333218299435,0.23522990142488498,-0.185315800968415,-0.17690913812099388,-0.5929014844379203,0.0000,0.9500,0.0000,5.641
2026-04-26 18:47:13.955,93,0.13915924650773867,0.23659186266144627,-0.18642416618004046,-0.17808650062251505,-0.5959508595185359,0.0000,1.0000,-0.0500,7.755
2026-04-26 18:47:13.968,94,0.13934970416505243,0.23792960693332552,-0.18751069382209556,-0.1792376722767883,-0.5989511756546131,0.0000,1.0000,-0.0500,4.749
2026-04-26 18:47:13.985,95,0.13953339824705696,0.23924475789516594,-0.1885715800199918,-0.1803541528701717,-0.6018984070921014,0.0000,1.0000,0.2000,7.289
2026-04-26 18:47:13.998,96,0.13972271375374434,0.2405375565868229,-0.18961513746684597,-0.181452367841385,-0.6048013271028317,0.0000,1.0000,0.1500,6.628
2026-04-26 18:47:14.015,97,0.13989783751512908,0.24180962552254945,-0.19063190614204759,-0.18251250765590837,-0.6076502367912291,0.0000,1.0000,0.0500,8.352
2026-04-26 18:47:14.034,98,0.14006872725798955,0.2430630064603921,-0.1916333999421242,-0.18355650216514394,-0.6104561929712276,0.0000,1.0000,0.3000,7.572
2026-04-26 18:47:14.051,99,0.14021692025778476,0.24429650763288532,-0.19260357160049998,-0.18455277681298252,-0.6132042995994672,0.0000,1.0000,0.5500,9.981
2026-04-26 18:47:14.066,100,0.1403504780003774,0.24551401526739952,-0.193557606388152,-0.1855296842596031,-0.615908345842631,0.0000,1.0000,0.1500,7.992
2026-04-26 18:47:14.081,101,0.14048329872719947,0.2467118104802975,-0.19449430873530546,-0.18648661916070602,-0.6185695343770128,0.0000,1.0000,0.1000,5.783
2026-04-26 18:47:14.096,102,0.140607037636248,0.2478957874852348,-0.19542329746329162,-0.18743979951025602,-0.6211950676393024,0.0000,1.0000,0.2500,5.487
2026-04-26 18:47:14.111,103,0.14072260813929202,0.24906262203495363,-0.19633578901172702,-0.18837324885737308,-0.623778346954099,0.0000,1.0000,0.3000,6.511
2026-04-26 18:47:14.123,104,0.14083005173472285,0.2502141946962525,-0.19723630596642633,-0.1892950017083513,-0.6263234695437511,0.0000,0.8500,0.0500,6.108
2026-04-26 18:47:14.134,105,0.14092606743637898,0.2513514616545684,-0.19812468537207376,-0.19020418473363385,-0.6288303015563588,0.0000,1.0000,0.2500,7.893
2026-04-26 18:47:14.146,106,0.14102976728601313,0.2524688326667095,-0.19899825683083824,-0.1910981839728407,-0.6312994673038792,0.0000,1.0000,0.0500,9.758
2026-04-26 18:47:14.157,107,0.14111591767798842,0.253569908377291,-0.1998493027807717,-0.1919596967177491,-0.633721940996426,0.0000,1.0000,0.4000,5.768
2026-04-26 18:47:14.170,108,0.14118159018140009,0.2546564451352814,-0.20068006510784717,-0.19279226231273205,-0.6360995710584417,0.0000,0.9500,0.1000,5.121
2026-04-26 18:47:14.180,109,0.14123424925434142,0.2557261244073985,-0.20148885527939453,-0.19359359769979806,-0.638432305666157,0.0000,1.0000,0.4000,5.043
2026-04-26 18:47:14.193,110,0.14129701977213863,0.2567794560828769,-0.20229197473218344,-0.19439598652746604,-0.6407366615923499,0.0000,1.0000,-0.1500,6.898
2026-04-26 18:47:14.205,111,0.14135745870666352,0.2578134197489659,-0.20307260595149101,-0.19516724065646865,-0.6429977947550889,0.0000,1.0000,0.2000,7.712
2026-04-26 18:47:14.216,112,0.14140925813294394,0.2588328740755191,-0.20383903939423947,-0.1959214492992694,-0.6452220225543895,0.0000,1.0000,0.1500,7.750
2026-04-26 18:47:14.228,113,0.1414493771398018,0.2598352720215367,-0.20458200187496176,-0.1966412781744769,-0.6474017947591344,0.0000,1.0000,0.1500,6.965
2026-04-26 18:47:14.242,114,0.14148630592750538,0.26082291665765395,-0.20531284805387842,-0.19734822455772183,-0.6495477571865683,0.0000,1.0000,0.2500,6.564
2026-04-26 18:47:14.261,115,0.14150713895702308,0.26179780498721456,-0.2060278592904915,-0.19803379306448582,-0.6516556287464783,0.0000,1.0000,0.2000,4.865
2026-04-26 18:47:14.278,116,0.14152436083050673,0.26275708653559043,-0.20672732370151775,-0.19869992645769372,-0.6537275523040726,0.0000,1.0000,0.2500,5.347
2026-04-26 18:47:14.290,117,0.14154881687754842,0.2636983266676527,-0.20741155196591743,-0.19934840558562517,-0.655765478924386,0.0000,1.0000,-0.1000,7.935
2026-04-26 18:47:14.303,118,0.1415737496959721,0.2646249566069101,-0.20808476830554576,-0.19998590632043892,-0.6577723339400012,0.0000,1.0000,0.0500,7.799
2026-04-26 18:47:14.317,119,0.14160358151621838,0.26553956554165614,-0.20875641091501904,-0.2006299543518204,-0.6597566714230328,0.0000,0.9000,-0.1000,7.885
2026-04-26 18:47:14.329,120,0.14163436186250716,0.26644026729856835,-0.20941840810408052,-0.20126529412209812,-0.6617117670844556,0.0000,1.0000,-0.1000,5.657
2026-04-26 18:47:14.343,121,0.14165617846842168,0.26733066978988845,-0.2100733706738837,-0.20189528884259614,-0.6636388260191538,0.0000,0.7500,-0.0500,9.304
2026-04-26 18:47:14.355,122,0.14168413530518573,0.26820375504604277,-0.21071225726430934,-0.2025053111595237,-0.6655327081278991,0.0000,1.0000,0.2500,9.210
2026-04-26 18:47:14.372,123,0.1417135978068607,0.2690609397176523,-0.21133536575231374,-0.20309519568741882,-0.6673933893542996,0.0000,1.0000,0.0000,10.663
2026-04-26 18:47:14.386,124,0.1417330340201416,0.2699047303883329,-0.2119413080968058,-0.2036608610304384,-0.6692186089615392,0.0000,1.0000,0.2000,8.355
2026-04-26 18:47:14.400,125,0.14174499178215033,0.27073662558213707,-0.21253540038923874,-0.20421213886793727,-0.6710133086661865,0.0000,1.0000,0.2000,8.717
2026-04-26 18:47:14.414,126,0.14174499178215033,0.27155631202535935,-0.21311070509123994,-0.2047352602871206,-0.6727710768305563,0.0000,0.7500,0.0500,6.725
2026-04-26 18:47:14.427,127,0.14173849795058538,0.2723648575626095,-0.21367887245866418,-0.20525294216158424,-0.6745033935130755,0.0000,1.0000,0.0000,7.604
2026-04-26 18:47:14.439,128,0.14171845807369923,0.2731624263389183,-0.21423249213936055,-0.20575023274443918,-0.6762031245580817,0.0000,0.9500,0.0000,7.366
2026-04-26 18:47:14.450,129,0.14170146965934355,0.2739475812274344,-0.2147784404847031,-0.20624155506633854,-0.6778782177753435,0.0000,1.0000,-0.1500,5.455
2026-04-26 18:47:14.463,130,0.1416797628221083,0.274719193841274,-0.21530817756853882,-0.20671034595643045,-0.679521045033694,0.0000,1.0000,0.1500,2.973
2026-04-26 18:47:14.476,131,0.1416574421620742,0.2754784875134443,-0.21582735630598074,-0.2071672527791293,-0.681136989969264,0.0000,1.0000,-0.2000,5.476
2026-04-26 18:47:14.487,132,0.14163810400660332,0.27622314518938,-0.21633185491573087,-0.20760514440180333,-0.6827234265797462,0.0000,1.0000,0.3000,7.307
2026-04-26 18:47:14.501,133,0.14160986730140132,0.2769550049628354,-0.21681831886538264,-0.2080163473069037,-0.6842764134787896,0.0000,0.9000,0.0000,5.862
2026-04-26 18:47:14.545,134,0.14157522300201764,0.27767446327456446,-0.21728913558561763,-0.2084053934106458,-0.6857984670867378,0.0000,1.0000,0.5000,7.015
2026-04-26 18:47:14.554,135,0.141539621517417,0.27837963596702325,-0.2177425888363258,-0.20876974825768232,-0.6872891355441405,0.0000,1.0000,0.3000,8.229
2026-04-26 18:47:14.562,136,0.14149164455130367,0.2790740939976281,-0.21818026842850677,-0.20911076259821368,-0.6887485406506492,0.0000,1.0000,0.1500,7.284
2026-04-26 18:47:14.571,137,0.14144113671150807,0.279757340077271,-0.21860709559334796,-0.20943848479697438,-0.6901821649873545,0.0000,1.0000,0.2000,11.175
2026-04-26 18:47:14.582,138,0.1413811677261356,0.28043286023038705,-0.21902743521438145,-0.20975985950774964,-0.6915929384403403,0.0000,1.0000,0.4500,12.412
2026-04-26 18:47:14.592,139,0.14131309212911985,0.28109763232485613,-0.21943382495988292,-0.21006143166360533,-0.69297521313849,0.0000,1.0000,0.0500,5.504
2026-04-26 18:47:14.601,140,0.1412462888583417,0.2817529033855888,-0.21983554111453849,-0.2103610894739561,-0.6943379406976636,0.0000,1.0000,0.1000,7.258
2026-04-26 18:47:14.611,141,0.14117726553852122,0.2823971636607488,-0.2202259322090404,-0.21064624464131482,-0.6956755188854468,0.0000,1.0000,0.2500,8.199
2026-04-26 18:47:14.620,142,0.141113846923266,0.283028791077653,-0.22060559646262767,-0.2109188650092331,-0.6969896469029803,0.0000,1.0000,-0.1000,9.472
2026-04-26 18:47:14.632,143,0.1410594452681748,0.2836486271229015,-0.2209787643119623,-0.21118695167093604,-0.6982844200400029,0.0000,1.0000,-0.1500,9.261
2026-04-26 18:47:14.642,144,0.14100121287824835,0.28425892235268246,-0.22134258807101234,-0.21144364552501868,-0.6995561466448201,0.0000,1.0000,0.2000,8.557
2026-04-26 18:47:14.652,145,0.14093566988016618,0.28486051466343826,-0.2216967024361309,-0.2116877591414879,-0.7008043195583086,0.0000,1.0000,0.3000,8.080
2026-04-26 18:47:14.662,146,0.14086342055503506,0.28545176493011987,-0.22203686367932507,-0.21191158732052123,-0.7020257875513535,0.0000,1.0000,0.1500,7.621
2026-04-26 18:47:14.672,147,0.14078688195864214,0.28603482343478726,-0.2223701458084081,-0.21212816618994965,-0.7032268183330465,0.0000,0.9500,0.0500,5.048
2026-04-26 18:47:14.683,148,0.1407060175836952,0.2866068271763752,-0.22268862243919643,-0.2123230382863744,-0.7044011818294104,0.0000,1.0000,0.3000,7.019
2026-04-26 18:47:14.693,149,0.14061733826996653,0.28717058219171376,-0.22299718686391745,-0.21250455152320463,-0.7055526291517861,0.0000,0.8000,0.0500,7.244
2026-04-26 18:47:14.703,150,0.14052559970560838,0.28772468451251,-0.2232950062105447,-0.21267170702269264,-0.7066812863372594,0.0000,1.0000,0.1000,8.215
2026-04-26 18:47:14.715,151,0.14042738513071049,0.2882716018953225,-0.22358612779917794,-0.21283133095568493,-0.7077902198987418,0.0000,1.0000,0.3000,8.103
2026-04-26 18:47:14.726,152,0.14032861824353396,0.28881034229884545,-0.22387160362725367,-0.21298598926550008,-0.7088812271293478,0.0000,0.9000,0.0500,6.459
2026-04-26 18:47:14.740,153,0.14022328013655533,0.2893398590283093,-0.22414438198781853,-0.21312206832449163,-0.7099480252054079,0.0000,1.0000,0.5500,6.104
2026-04-26 18:47:14.752,154,0.14011953940742894,0.2898602442777784,-0.2244099102663326,-0.21325038374884012,-0.7109962572682113,0.0000,1.0000,-0.0500,8.864
2026-04-26 18:47:14.765,155,0.14001833814497355,0.2903729252918452,-0.22467238197339767,-0.21337857637561086,-0.7120296414311313,0.0000,1.0000,0.0000,6.576
2026-04-26 18:47:14.779,156,0.13991031121227787,0.2908786947988363,-0.22492743070043272,-0.21349748495006438,-0.7130436495731161,0.0000,0.9000,0.3000,7.270
2026-04-26 18:47:14.791,157,0.1398011027073296,0.291376037797118,-0.2251745458027882,-0.2136068140914052,-0.7140387596822492,0.0000,0.8500,-0.0500,7.564
2026-04-26 18:47:14.803,158,0.13968800681866544,0.2918653878968337,-0.22541284982817006,-0.21370456097154528,-0.7150141051661029,0.0000,0.6500,-0.0500,6.185
2026-04-26 18:47:14.815,159,0.13957770563223332,0.2923455417934175,-0.22564336226474285,-0.21379333556744462,-0.7159715314150885,0.0000,0.9500,-0.1500,5.031
2026-04-26 18:47:14.826,160,0.13946712140415782,0.29281530855519694,-0.22586063243819232,-0.21386280180443382,-0.7169064041069424,0.0000,1.0000,0.2500,7.712
2026-04-26 18:47:14.838,161,0.13935790392723726,0.2932765403262106,-0.22607047957929155,-0.21392364233304076,-0.7178238339733396,0.0000,1.0000,-0.1000,9.114
2026-04-26 18:47:14.848,162,0.13925034302483247,0.2937277606197932,-0.22626894321920688,-0.2139686451660166,-0.7187208130981063,0.0000,1.0000,0.3000,8.681
2026-04-26 18:47:14.861,163,0.13913983666725674,0.2941707601663141,-0.22645751747829743,-0.21399987432537473,-0.7195981513311045,0.0000,1.0000,0.0500,10.062
2026-04-26 18:47:14.871,164,0.13902443039806814,0.2946075027450017,-0.2266399261864893,-0.21402376716063562,-0.7204587985409131,0.0000,0.8500,0.2000,7.850
2026-04-26 18:47:14.880,165,0.1389015622930609,0.29503731391233623,-0.22681245608369327,-0.21403320637897397,-0.721299583498546,0.0000,0.9000,0.3000,7.338
2026-04-26 18:47:14.891,166,0.13877710389267214,0.29546040489099246,-0.2269793810980193,-0.21403320637897397,-0.7221248762579786,0.0000,0.8500,-0.0500,7.885
2026-04-26 18:47:14.900,167,0.13865311846632458,0.2958760044639337,-0.22713981952639367,-0.21403320637897397,-0.7229343794358005,0.0000,0.8500,-0.1500,5.861
2026-04-26 18:47:14.910,168,0.1385301794587691,0.29628464397093435,-0.22729537294368313,-0.21402461991668023,-0.723729624667469,0.0000,1.0000,0.1500,9.080
2026-04-26 18:47:14.922,169,0.1384052966661004,0.2966870921742701,-0.2274459032500691,-0.21401081348756262,-0.7245102822665483,0.0000,0.9500,0.0000,8.031
2026-04-26 18:47:14.930,170,0.13828185360496006,0.297082588222286,-0.2275914454422321,-0.21399221155176226,-0.7252769575581491,0.0000,1.0000,0.2500,9.712
2026-04-26 18:47:14.941,171,0.13815728172645458,0.297470681448427,-0.2277288965095786,-0.21396280785170818,-0.7260269599190192,0.0000,1.0000,0.3000,10.857
2026-04-26 18:47:14.951,172,0.1380336730950804,0.29785181098708174,-0.2278606361526331,-0.21392711703513836,-0.7267626337307416,0.0000,0.8000,-0.1000,7.594
2026-04-26 18:47:14.964,173,0.1379137977802229,0.2982257324789991,-0.2279876762159856,-0.21388726016253345,-0.7274852945020607,0.0000,1.0000,0.3000,8.689
2026-04-26 18:47:14.977,174,0.13779258019782128,0.2985923643155598,-0.22810623485893547,-0.21383568992060195,-0.7281913799588466,0.0000,1.0000,-0.0500,8.826
2026-04-26 18:47:14.987,175,0.13767134234868092,0.2989528780547151,-0.228220139782306,-0.21377945186235764,-0.7288843081037741,0.0000,1.0000,0.4000,10.593
2026-04-26 18:47:15.000,176,0.1375536025930326,0.2993057218198512,-0.22832742310117757,-0.2137153624476562,-0.7295630604298453,0.0000,1.0000,0.0500,11.442
2026-04-26 18:47:15.010,177,0.1374324334662245,0.2996541539351101,-0.22843198287620248,-0.2136495652827482,-0.7302300766736619,0.0000,0.6500,-0.1500,7.668
2026-04-26 18:47:15.021,178,0.1373104188832879,0.2999968267821263,-0.22853177816187825,-0.21357862928312316,-0.7308841579743544,0.0000,1.0000,0.0500,8.926
2026-04-26 18:47:15.033,179,0.1371847990578137,0.30033409875750516,-0.2286257574669288,-0.2135002496102784,-0.7315242393936624,0.0000,0.9500,0.0000,9.992
2026-04-26 18:47:15.078,180,0.13706050933838598,0.30066570568817247,-0.22871634171463082,-0.2134193778795212,-0.7321530372064485,0.0000,1.0000,0.3000,10.552
2026-04-26 18:47:15.090,181,0.1369297358205542,0.3009925774776108,-0.2288006390031032,-0.21332974335233162,-0.7327673553751632,0.0000,1.0000,0.1000,9.185
2026-04-26 18:47:15.100,182,0.13680504427078127,0.3013133627505184,-0.22888326290327152,-0.21324122720494046,-0.7333726415622148,0.0000,1.0000,0.3000,12.657
2026-04-26 18:47:15.110,183,0.13667758780348213,0.3016296903720545,-0.22896250159168122,-0.21314957002938695,-0.7339665255393434,0.0000,0.9500,0.2000,10.579
2026-04-26 18:47:15.121,184,0.1365511052733136,0.301939331730293,-0.22903474949591332,-0.21304865397825112,-0.7345466697274509,0.0000,1.0000,0.0500,5.769
2026-04-26 18:47:15.129,185,0.1364227546701857,0.30224454857602323,-0.2291039904286148,-0.21294529510801538,-0.7351160784458369,0.0000,0.8000,0.0500,4.937
2026-04-26 18:47:15.139,186,0.1362874990834255,0.30254507210694526,-0.22916599908654695,-0.21283115683033674,-0.7356708099037296,0.0000,0.7500,0.1000,7.564
2026-04-26 18:47:15.151,187,0.13615018853635122,0.30284205215778265,-0.229226926746211,-0.21271794670358543,-0.7362165873349151,0.0000,0.9000,0.2500,8.717
2026-04-26 18:47:15.162,188,0.13601951032468532,0.3031336156868479,-0.2292874240864227,-0.21260788283012536,-0.7367551426105803,0.0000,1.0000,-0.0500,8.138
2026-04-26 18:47:15.172,189,0.13588817978827883,0.30341988069148873,-0.22934280544395166,-0.21249151540535235,-0.7372818735702751,0.0000,0.9000,0.0000,8.506
2026-04-26 18:47:15.184,190,0.13575295041369506,0.3037022599944274,-0.22939453227928197,-0.21237104175159574,-0.737797675627055,0.0000,0.9000,0.2000,9.474
2026-04-26 18:47:15.195,191,0.13561242348368574,0.3039801993523088,-0.229440054533351,-0.21224161997293942,-0.7383004141020085,0.0000,1.0000,0.2000,5.338
2026-04-26 18:47:15.205,192,0.1354724545338496,0.3042522818081416,-0.22947935983994344,-0.21210391519947197,-0.7387909212920124,0.0000,1.0000,0.3500,8.017
2026-04-26 18:47:15.215,193,0.13533522918452176,0.30451908232168357,-0.22951530306323512,-0.2119633313429295,-0.739271898723191,0.0000,1.0000,-0.1000,8.092
2026-04-26 18:47:15.224,194,0.1352046369992564,0.30477933945020846,-0.2295469799878887,-0.2118186726323147,-0.7397432050312701,0.0000,1.0000,0.2000,8.019
2026-04-26 18:47:15.233,195,0.13507914564368,0.30503372634683396,-0.22957503272335497,-0.2116708689192099,-0.7402052758968963,0.0000,1.0000,0.1000,10.022
2026-04-26 18:47:15.243,196,0.13495896640738286,0.30528179961845636,-0.2295982903096098,-0.21151778245621955,-0.7406572902521356,0.0000,0.8500,-0.1500,6.183
2026-04-26 18:47:15.252,197,0.13483629458911298,0.305525654743892,-0.22961701005942609,-0.2113588628684409,-0.7410985839429577,0.0000,1.0000,0.1500,5.985
2026-04-26 18:47:15.262,198,0.13472354361442881,0.30576332894562536,-0.22963410793234765,-0.21120090646159437,-0.7415331786961804,0.0000,1.0000,0.0000,10.391
2026-04-26 18:47:15.272,199,0.13461121153765976,0.30599796505971555,-0.22965150649372626,-0.21104617020126085,-0.7419615481719642,0.0000,0.8500,0.1500,8.506
2026-04-26 18:47:15.281,200,0.13450575532562611,0.3062272829329832,-0.22966730813477682,-0.21089198245057314,-0.7423830555132596,0.0000,1.0000,-0.1500,8.726
2026-04-26 18:47:15.290,201,0.13440162422185392,0.30645215570703666,-0.22968002071162527,-0.21073490610253065,-0.7427958908704066,0.0000,0.7000,-0.1500,7.588
2026-04-26 18:47:15.298,202,0.13429885912705644,0.30667131134364745,-0.22968616117254806,-0.21056859506807885,-0.7431973242928396,0.0000,1.0000,-0.0500,6.348
2026-04-26 18:47:15.307,203,0.13419620184321945,0.30688609374748316,-0.22968616117254806,-0.21039761863710316,-0.7435894276574722,0.0000,1.0000,0.1000,9.830
2026-04-26 18:47:15.316,204,0.13409205733168506,0.30709682859511184,-0.22968616117254806,-0.21022117927259643,-0.7439718421366748,0.0000,1.0000,-0.0500,6.862
2026-04-26 18:47:15.324,205,0.1339839222683455,0.3073042287605527,-0.22967997287103042,-0.2100391435184649,-0.7443444423235115,0.0000,0.7500,0.0000,5.557
2026-04-26 18:47:15.334,206,0.13387730852065474,0.3075083749142816,-0.22967342889588724,-0.20985901280896385,-0.7447110765140125,0.0000,0.6000,-0.2500,9.912
2026-04-26 18:47:15.345,207,0.1337825888300741,0.3077065747180119,-0.22966615522712036,-0.20968137043245,-0.7450728254172515,0.0000,1.0000,-0.3000,8.935
2026-04-26 18:47:15.354,208,0.13368998277029606,0.3079017569399086,-0.22965933366094074,-0.20950710097908415,-0.7454295133768865,0.0000,1.0000,0.1000,6.245
2026-04-26 18:47:15.364,209,0.13359828937588883,0.3080933348873563,-0.22965049269158164,-0.20933154038473475,-0.745779067561015,0.0000,1.0000,0.1000,5.580
2026-04-26 18:47:15.373,210,0.13350508395066954,0.30828183662976005,-0.2296393192867249,-0.20915378436714066,-0.7461210146502597,0.0000,1.0000,0.1000,8.857
2026-04-26 18:47:15.385,211,0.13340935365741163,0.3084661238536753,-0.22962199953705642,-0.2089667602942175,-0.7464522120834574,0.0000,1.0000,0.1500,6.635
2026-04-26 18:47:15.396,212,0.13331758372635108,0.3086460577116284,-0.2296023850352229,-0.20877822701436982,-0.7467766815355488,0.0000,1.0000,0.3000,9.418
2026-04-26 18:47:15.406,213,0.1332275755794205,0.3088218056002586,-0.22957935634381677,-0.20858584840024638,-0.7470933190194854,0.0000,1.0000,0.4000,7.232
2026-04-26 18:47:15.418,214,0.13314089144546484,0.3089927188328495,-0.2295521265094027,-0.2083883615374317,-0.7474017595866389,0.0000,1.0000,0.2500,10.603
2026-04-26 18:47:15.426,215,0.1330522578250916,0.3091606016463939,-0.22952189403539994,-0.20818724816362819,-0.747702395818459,0.0000,1.0000,0.1000,10.365
2026-04-26 18:47:15.437,216,0.13296478363427697,0.30932366918186055,-0.22948587623634353,-0.20797782238404167,-0.7479934322125754,0.0000,1.0000,0.1500,9.378
2026-04-26 18:47:15.447,217,0.13288210586587154,0.3094826997587682,-0.22944847905589907,-0.2077684941671646,-0.7482789788851697,0.0000,1.0000,0.1500,10.462
2026-04-26 18:47:15.456,218,0.13280500240867527,0.30963669390306076,-0.2294074629990527,-0.2075552716923043,-0.7485573880105473,0.0000,1.0000,0.0500,10.724
2026-04-26 18:47:15.466,219,0.13273162943582975,0.30978688687496336,-0.22936480144411933,-0.20734147170680034,-0.7488301058902173,0.0000,1.0000,0.1500,12.334
2026-04-26 18:47:15.474,220,0.13266107869900837,0.3099344847415774,-0.22932301501157096,-0.20713152022455592,-0.7490991393061082,0.0000,1.0000,-0.2000,8.092
2026-04-26 18:47:15.484,221,0.13259112100357928,0.3100795464795056,-0.22928068613390623,-0.20692254061167936,-0.7493631290594995,0.0000,0.9000,-0.0500,8.313
2026-04-26 18:47:15.494,222,0.13251599559294727,0.31022256332331416,-0.22923519688751512,-0.20670903957323858,-0.749619298148724,0.0000,0.9000,0.1500,8.036
2026-04-26 18:47:15.543,223,0.1324456051878705,0.31036247459942967,-0.2291902345559879,-0.20649891036022838,-0.749871949435296,0.0000,1.0000,-0.1000,9.116
2026-04-26 18:47:15.553,224,0.1323742931086998,0.3104998396857217,-0.22914343491750225,-0.20628713336189158,-0.750118522970979,0.0000,1.0000,0.1500,7.412
2026-04-26 18:47:15.563,225,0.13230243758682317,0.31063463484495313,-0.22909490332228827,-0.2060739198413017,-0.7503592186777043,0.0000,1.0000,0.1500,9.063
2026-04-26 18:47:15.574,226,0.13223724848383142,0.31076579237372715,-0.22904651688352326,-0.2058635467400966,-0.7505965289828839,0.0000,1.0000,-0.0500,6.819
2026-04-26 18:47:15.584,227,0.1321751162929668,0.3108934334933131,-0.22899611150171062,-0.2056516142792796,-0.7508283094169849,0.0000,1.0000,0.0500,9.495
2026-04-26 18:47:15.595,228,0.1321151090630663,0.3110175948267613,-0.22894308373444194,-0.20543688645768046,-0.7510540172630631,0.0000,1.0000,0.0000,6.518
2026-04-26 18:47:15.606,229,0.13205837522247568,0.31113881845241875,-0.22888956613681927,-0.2052233467035737,-0.7512755918884817,0.0000,1.0000,0.0500,6.555
2026-04-26 18:47:15.616,230,0.13199963805430048,0.3112576727009297,-0.2288334790190009,-0.20500654098883933,-0.7514907461217398,0.0000,1.0000,0.1500,9.685
2026-04-26 18:47:15.628,231,0.13194331651175115,0.31137414633345933,-0.22877766211400885,-0.20479214407307092,-0.7517024008486849,0.0000,1.0000,0.0500,9.616
2026-04-26 18:47:15.640,232,0.13188529249049433,0.3114876606618159,-0.22871775172886746,-0.20457170774343314,-0.7519065561208441,0.0000,0.9500,0.2000,3.769
2026-04-26 18:47:15.649,233,0.13182695603130032,0.3115982553610145,-0.22865470636271223,-0.20434711914227432,-0.7521042238842464,0.0000,0.8500,0.0500,9.175
2026-04-26 18:47:15.660,234,0.13177181103590957,0.311705536294434,-0.2285897380342167,-0.20412098950711313,-0.7522968854110105,0.0000,1.0000,0.0000,9.435
2026-04-26 18:47:15.670,235,0.13171380731075308,0.3118111680942082,-0.22852318050846696,-0.20389314433193806,-0.7524841132525134,0.0000,0.6500,-0.0500,9.033
2026-04-26 18:47:15.680,236,0.13165408922423566,0.3119146687532417,-0.22845444063079348,-0.20366262873664276,-0.7526656252934559,0.0000,0.9500,0.1000,8.440
2026-04-26 18:47:15.691,237,0.1315969037283246,0.3120165450930934,-0.22838763157270076,-0.20343740622275633,-0.7528453502798481,0.0000,1.0000,0.1000,8.126
2026-04-26 18:47:15.701,238,0.13153826961235754,0.31211673849082794,-0.22831987425676456,-0.20321173865765818,-0.7530205063962393,0.0000,0.9000,0.2500,7.655
2026-04-26 18:47:15.712,239,0.13147802673040146,0.31221480116471767,-0.22824980025440508,-0.20298310392515118,-0.7531900160361616,0.0000,1.0000,0.3500,10.144
2026-04-26 18:47:15.722,240,0.1314189216633316,0.3123102559264861,-0.22817790155115095,-0.2027527155777782,-0.7533546757065616,0.0000,0.8500,-0.0500,7.272
2026-04-26 18:47:15.733,241,0.13136467613817637,0.3124025881637484,-0.2281052214308391,-0.20252290861194255,-0.7535158509358387,0.0000,1.0000,-0.2000,10.970
2026-04-26 18:47:15.744,242,0.13131177228731036,0.31249180743325805,-0.2280293755487567,-0.20228890081554082,-0.7536712165651984,0.0000,0.8500,-0.1500,7.433
2026-04-26 18:47:15.754,243,0.1312614039387182,0.31257841588263574,-0.22795243523500788,-0.20205457516183445,-0.7538226558557647,0.0000,1.0000,0.0000,8.122
2026-04-26 18:47:15.766,244,0.1312102671031864,0.31266286319931197,-0.22787333433529078,-0.20181756601456505,-0.7539689398692784,0.0000,0.8500,0.1500,10.007
2026-04-26 18:47:15.775,245,0.13116087484002403,0.3127442631726066,-0.22779132327260992,-0.2015768089684014,-0.7541098232629455,0.0000,1.0000,0.0000,7.807
2026-04-26 18:47:15.786,246,0.13111151001304,0.3128237404308546,-0.2277081955028305,-0.20133532038957633,-0.7542465973903926,0.0000,0.9500,0.0000,9.299
2026-04-26 18:47:15.796,247,0.1310664703761286,0.3129001566067884,-0.22762372066553513,-0.20109320063302855,-0.7543796603835855,0.0000,1.0000,0.0000,8.994
2026-04-26 18:47:15.806,248,0.13102106358574653,0.312974490477475,-0.22753732161849455,-0.2008487980395238,-0.7545080041308799,0.0000,0.8000,-0.1000,11.229
2026-04-26 18:47:15.818,249,0.13097500710913262,0.313048746038192,-0.22745132135334548,-0.20060099237396656,-0.7546306289919648,0.0000,0.7500,-0.1000,7.887
2026-04-26 18:47:15.828,250,0.1309353992209509,0.313121199408934,-0.22736617909010734,-0.2003522098896846,-0.7547492396174204,0.0000,1.0000,-0.1500,9.006
2026-04-26 18:47:15.838,251,0.13089760730221753,0.31319052703100425,-0.22727866912566994,-0.20010256516196379,-0.7548642838301702,0.0000,1.0000,0.3000,11.491
2026-04-26 18:47:15.848,252,0.1308612354388847,0.3132585863679115,-0.22719172866107232,-0.19985408794248485,-0.7549763708910999,0.0000,0.9500,0.0500,11.732
2026-04-26 18:47:15.858,253,0.1308248386948214,0.3133260561202587,-0.2271052645950873,-0.1996047281537486,-0.7550843639559675,0.0000,1.0000,0.0500,9.551
2026-04-26 18:47:15.869,254,0.13078868683293843,0.31339259813221737,-0.2270185588238862,-0.19935331024343822,-0.7551878167891852,0.0000,1.0000,0.0500,9.195
2026-04-26 18:47:15.881,255,0.1307539079567929,0.3134552964075479,-0.22692790128265206,-0.1990996367581866,-0.755287415809719,0.0000,1.0000,0.2500,8.495
2026-04-26 18:47:15.891,256,0.1307241394197179,0.31351519675670736,-0.22683676549928677,-0.1988472311700053,-0.7553847166053508,0.0000,1.0000,-0.0500,7.280
2026-04-26 18:47:15.903,257,0.13069573499192566,0.313574231553088,-0.22674616553442486,-0.19859430850328721,-0.7554783980697537,0.0000,1.0000,0.0000,9.176
2026-04-26 18:47:15.913,258,0.13066991070882206,0.31363141969958924,-0.2266551208515295,-0.19834089264232818,-0.7555687710770531,0.0000,1.0000,0.2000,9.604
2026-04-26 18:47:15.925,259,0.13064822154824865,0.3136847277363689,-0.22656161555333013,-0.19808811026451217,-0.7556569601837384,0.0000,1.0000,0.1000,10.286
2026-04-26 18:47:15.935,260,0.13062821693316287,0.3137337135073083,-0.22646355053455963,-0.197833285399787,-0.7557417900038573,0.0000,1.0000,0.1500,12.461
2026-04-26 18:47:15.943,261,0.13060893253764774,0.3137809552691056,-0.22636459707436735,-0.19757815738867215,-0.7558235369226387,0.0000,0.9500,0.0500,7.720
2026-04-26 18:47:15.953,262,0.1305895776241336,0.31382839176914706,-0.22626692142066027,-0.197321919146977,-0.755901363221097,0.0000,0.8000,-0.0500,6.772
2026-04-26 18:47:15.961,263,0.13057354409566552,0.3138722790811202,-0.22616683720763311,-0.19706606329349843,-0.7559770009425161,0.0000,1.0000,0.2500,8.014
2026-04-26 18:47:15.971,264,0.1305571612554046,0.3139128930553925,-0.22606334269662812,-0.196809738338109,-0.7560500043852626,0.0000,1.0000,0.2500,9.404
2026-04-26 18:47:15.981,265,0.13054040732590855,0.3139539116001787,-0.22596130127329309,-0.19655245295423543,-0.7561192566799284,0.0000,0.9000,0.0000,8.042
2026-04-26 18:47:15.990,266,0.1305274262271802,0.3139931548040374,-0.2258592661553195,-0.19629522368505198,-0.7561858586228292,0.0000,1.0000,0.0000,8.166
2026-04-26 18:47:16.000,267,0.1305142596922901,0.31403109582599736,-0.22575583308207295,-0.19603502873196105,-0.756248227858574,0.0000,0.9500,-0.0500,8.774
2026-04-26 18:47:16.008,268,0.13050455527900545,0.31406705039797383,-0.225652362161265,-0.19577629033979532,-0.7563087927077606,0.0000,1.0000,0.2000,10.098
2026-04-26 18:47:16.018,269,0.13049947693903355,0.31410147876263084,-0.2255492413031252,-0.1955168528040282,-0.7563664056966525,0.0000,1.0000,0.0500,7.059
2026-04-26 18:47:16.029,270,0.13049947693903355,0.3141378690298612,-0.22545159217521898,-0.19526123878636903,-0.7564225008862359,0.0000,1.0000,0.0000,9.595
2026-04-26 18:47:16.038,271,0.13049947693903355,0.3141748438101021,-0.2253557234204885,-0.19500556972914915,-0.756475527431308,0.0000,0.7000,-0.0500,6.763
2026-04-26 18:47:16.050,272,0.13049947693903355,0.3142078842313402,-0.22525795545890728,-0.19475010406342214,-0.7565267876903461,0.0000,1.0000,0.1500,8.273
2026-04-26 18:47:16.059,273,0.1305070307931232,0.31423894415676906,-0.2251596059633,-0.19449382706988094,-0.7565753286114713,0.0000,1.0000,0.2000,8.770
2026-04-26 18:47:16.070,274,0.13051781927873846,0.3142686189896478,-0.22506102059944771,-0.1942358740859407,-0.7566206111445456,0.0000,1.0000,0.0000,7.825
2026-04-26 18:47:16.082,275,0.1305316756571415,0.3142954347495164,-0.22496043811343414,-0.19397743097028547,-0.756663638214016,0.0000,1.0000,-0.1000,9.789
2026-04-26 18:47:16.090,276,0.13054883530955275,0.31432068847497346,-0.22486065284316922,-0.19372209083163971,-0.7567059229920852,0.0000,0.8000,-0.0500,9.071
2026-04-26 18:47:16.100,277,0.13056717887154834,0.31434546682964126,-0.22476233415061256,-0.19346931113568236,-0.7567469628100144,0.0000,1.0000,0.0000,9.012
2026-04-26 18:47:16.109,278,0.13058653348300578,0.3143667641445532,-0.22465960579146088,-0.1932127655912744,-0.7567843855998386,0.0000,1.0000,0.2000,8.948
2026-04-26 18:47:16.120,279,0.13060345963114023,0.3143875806710643,-0.22455585728314456,-0.19295381742758969,-0.7568181619787634,0.0000,0.8500,-0.0500,7.543
2026-04-26 18:47:16.131,280,0.13062159559982536,0.3144061948560276,-0.22444888260278376,-0.1926889029479313,-0.7568469789662023,0.0000,1.0000,0.0500,6.718
2026-04-26 18:47:16.139,281,0.13064135872185362,0.3144247847971929,-0.2243432448820177,-0.19242350445439269,-0.7568730710910481,0.0000,0.9500,0.0000,7.777
2026-04-26 18:47:16.150,282,0.13066332352145202,0.3144431215599949,-0.22423948666012308,-0.192160197217197,-0.7568978205558025,0.0000,1.0000,-0.1500,6.367
2026-04-26 18:47:16.158,283,0.13068857408534562,0.3144651721291199,-0.2241445239385152,-0.19190336686855125,-0.7569224652041403,0.0000,1.0000,-0.3000,6.336
2026-04-26 18:47:16.171,284,0.13071456047912516,0.3144855926023095,-0.22404759766074986,-0.19164312066790257,-0.7569434308634864,0.0000,1.0000,0.3000,9.271
2026-04-26 18:47:16.183,285,0.13074064491837434,0.3145026719383508,-0.22394659431635638,-0.19138106798242366,-0.7569619856565349,0.0000,1.0000,0.3000,11.111
2026-04-26 18:47:16.237,286,0.1307650551902238,0.3145175431885176,-0.22384255435665515,-0.19111740497383767,-0.7569779795449516,0.0000,0.9000,0.1500,10.981
2026-04-26 18:47:16.247,287,0.1307911854913996,0.3145346022768637,-0.2237443394875884,-0.19085892549736644,-0.7569937450918021,0.0000,0.7500,-0.3500,8.838
2026-04-26 18:47:16.259,288,0.13082118153186229,0.31455064453295,-0.22364632610563315,-0.1905985927696429,-0.7570065991702337,0.0000,1.0000,0.0500,8.491
2026-04-26 18:47:16.270,289,0.13085211025178342,0.3145641030590534,-0.22354594282488705,-0.19033820451354685,-0.7570178659518801,0.0000,1.0000,0.1500,7.925
2026-04-26 18:47:16.281,290,0.13088507851517162,0.3145794315062732,-0.22345007078330534,-0.19007951723555977,-0.7570273433591836,0.0000,0.7500,-0.1500,8.120
2026-04-26 18:47:16.292,291,0.1309188773897159,0.3145936810118777,-0.22335362767493372,-0.189820038997541,-0.7570345552245036,0.0000,1.0000,0.0000,10.389
2026-04-26 18:47:16.303,292,0.130953706120817,0.314607334452158,-0.22325730167039465,-0.18955969716555737,-0.7570345552245036,0.0000,1.0000,0.0500,8.032
2026-04-26 18:47:16.314,293,0.13098723503866938,0.31461924858911106,-0.22315859399731397,-0.18929771808184986,-0.7570345552245036,0.0000,0.9000,0.1000,7.511
2026-04-26 18:47:16.325,294,0.1310198067868952,0.31462966140904475,-0.22305831310087174,-0.18903555247914486,-0.7570345552245036,0.0000,0.7500,0.1500,8.432
2026-04-26 18:47:16.336,295,0.13105313848396005,0.31463677598413103,-0.222954168052962,-0.1887718875286521,-0.7570345552245036,0.0000,1.0000,0.1000,10.263
2026-04-26 18:47:16.347,296,0.13108706706624784,0.31464304657814274,-0.22284972553445406,-0.1885077557134518,-0.7570345552245036,0.0000,1.0000,0.1000,8.502
2026-04-26 18:47:16.358,297,0.13112158772507435,0.3146488241672867,-0.2227458869567458,-0.18824477507803425,-0.7570345552245036,0.0000,0.9000,0.0500,7.013
2026-04-26 18:47:16.369,298,0.13115585539087957,0.3146488241672867,-0.22264116932815559,-0.18798148158647074,-0.7570281213241854,0.0000,0.9500,0.2000,12.713
2026-04-26 18:47:16.378,299,0.13118979541574893,0.3146488241672867,-0.22253215443095173,-0.18771167725947105,-0.7570171230964732,0.0000,1.0000,0.1500,8.063
2026-04-26 18:47:16.390,300,0.13122205941756468,0.3146488241672867,-0.22242730422001952,-0.18744401499267233,-0.7570047145479406,0.0000,0.7500,-0.1000,6.357
2026-04-26 18:47:16.402,301,0.13125443758019398,0.3146488241672867,-0.22232226077460057,-0.18717485390400124,-0.7569898204916321,0.0000,1.0000,0.0500,8.934
2026-04-26 18:47:16.417,302,0.13128508905934902,0.3146488241672867,-0.2222142490526215,-0.18690285302414134,-0.7569721342958832,0.0000,1.0000,0.4500,7.648
2026-04-26 18:47:16.429,303,0.1313185409027362,0.3146488241672867,-0.22210703765993137,-0.18663150261822306,-0.7569531633440524,0.0000,0.8500,-0.0500,9.699
2026-04-26 18:47:16.440,304,0.13135260280349195,0.3146488241672867,-0.2220011022576312,-0.18636139481671815,-0.756933047199756,0.0000,1.0000,-0.0500,6.459
2026-04-26 18:47:16.453,305,0.13138519586980257,0.3146488241672867,-0.22188983994318687,-0.18608927313164242,-0.7569111133767007,0.0000,1.0000,0.4000,8.151
2026-04-26 18:47:16.463,306,0.13141770981122283,0.3146488241672867,-0.2217830537829095,-0.18582021217653777,-0.7568884567654232,0.0000,0.7000,-0.2000,7.382
2026-04-26 18:47:16.473,307,0.13144762258023832,0.3146488241672867,-0.221675779061723,-0.18554883709592074,-0.7568629156256559,0.0000,1.0000,0.1000,7.557
2026-04-26 18:47:16.484,308,0.1314751877793652,0.3146488241672867,-0.22156539919338075,-0.1852767297889947,-0.7568358756131546,0.0000,1.0000,0.2000,11.952
2026-04-26 18:47:16.493,309,0.13150102449765227,0.3146488241672867,-0.22145530264434216,-0.1850024589382508,-0.7568059879603974,0.0000,0.6500,-0.0500,6.729
2026-04-26 18:47:16.506,310,0.13152889563165981,0.3146488241672867,-0.2213464784245561,-0.18472830435471788,-0.7567745585151965,0.0000,0.8500,0.0000,9.320
2026-04-26 18:47:16.515,311,0.131559472689911,0.3146488241672867,-0.22124009875808218,-0.18445532712200788,-0.7567420156348502,0.0000,0.9500,-0.1500,7.961
2026-04-26 18:47:16.526,312,0.13158896107917023,0.3146488241672867,-0.22113105261849722,-0.18418003459378957,-0.7567071848403425,0.0000,1.0000,0.3000,8.273
2026-04-26 18:47:16.538,313,0.1316185178706356,0.3146488241672867,-0.22101809120138685,-0.18390149403242312,-0.7566698692696601,0.0000,1.0000,0.4000,9.524
2026-04-26 18:47:16.547,314,0.13164966893067562,0.3146434821973718,-0.2209056010089346,-0.18362411747949156,-0.7566317965612439,0.0000,0.8000,0.0000,6.795
2026-04-26 18:47:16.558,315,0.13168255149556027,0.3146381658621606,-0.22079492146174462,-0.1833491230038256,-0.7565934192816511,0.0000,1.0000,-0.0500,8.890
2026-04-26 18:47:16.568,316,0.13171551505785326,0.3146316086692046,-0.2206828524457158,-0.18307296720217653,-0.7565533046903864,0.0000,0.9000,0.0000,10.150
2026-04-26 18:47:16.579,317,0.13175019918235184,0.31462457952917766,-0.22057184436274774,-0.18279901131533413,-0.7565129631831229,0.0000,1.0000,0.0000,10.202
2026-04-26 18:47:16.589,318,0.1317868407961524,0.31461611724020244,-0.22046010812971908,-0.18252524658700037,-0.7564716523550835,0.0000,1.0000,0.1000,10.599
2026-04-26 18:47:16.598,319,0.13182440071084542,0.31460773666570724,-0.22034966431945743,-0.1822527151531779,-0.7564295359062215,0.0000,1.0000,0.1500,9.441
2026-04-26 18:47:16.611,320,0.13186405657629605,0.3145989807045563,-0.22024007273541446,-0.18198078581687102,-0.756386433540915,0.0000,1.0000,0.1000,11.208
2026-04-26 18:47:16.622,321,0.13190760614003333,0.3145878425147259,-0.22012906551244996,-0.1817091891416869,-0.7563427329636512,0.0000,1.0000,0.0500,8.047
2026-04-26 18:47:16.634,322,0.13195122280667065,0.3145749673882699,-0.22001643194609077,-0.1814382738195202,-0.7562984675988594,0.0000,1.0000,0.2000,8.589
2026-04-26 18:47:16.644,323,0.13199510207185167,0.31456294542469015,-0.21990603438292147,-0.18116905693096336,-0.7562535185574334,0.0000,1.0000,0.1000,9.416
2026-04-26 18:47:16.653,324,0.13203829600163722,0.31455217088964693,-0.21979769687634737,-0.1808999985208407,-0.7562070370894111,0.0000,0.8000,-0.0500,7.240
2026-04-26 18:47:16.662,325,0.13208243651358503,0.3145422709551894,-0.21969151439651685,-0.18063150630944375,-0.7561593397590559,0.0000,0.8000,0.0000,8.642
2026-04-26 18:47:16.671,326,0.13212775428506396,0.31453045409394936,-0.21958326480772275,-0.18036182029236142,-0.7561102636506778,0.0000,1.0000,0.4000,10.308
2026-04-26 18:47:16.682,327,0.1321700693677939,0.3145196890227808,-0.21947565951983994,-0.18009076125018544,-0.7560589958919621,0.0000,0.8000,0.0500,8.118
2026-04-26 18:47:16.692,328,0.1322133022225207,0.3145075020421681,-0.21936647370092704,-0.17981815814088606,-0.7560060880196271,0.0000,1.0000,0.3000,7.402
2026-04-26 18:47:16.700,329,0.13225686757498734,0.31449464984096215,-0.21925675675393383,-0.1795447676745525,-0.7559517475698659,0.0000,0.7500,0.0500,6.718
2026-04-26 18:47:16.710,330,0.13230092718527217,0.31448079023704534,-0.21914629690230947,-0.17927138085932814,-0.7558964736703405,0.0000,1.0000,0.1500,9.482
2026-04-26 18:47:16.718,331,0.13234275130741843,0.31446648711098896,-0.2190347963243428,-0.17899717824631545,-0.7558397334333492,0.0000,0.8000,0.0000,9.820
2026-04-26 18:47:16.728,332,0.13238226277084283,0.31445335545289776,-0.2189246471988598,-0.17872296927480433,-0.7557815453707973,0.0000,0.8000,0.0500,5.792
2026-04-26 18:47:16.739,333,0.13242214284770767,0.31444046011039395,-0.21881580169057063,-0.17845028043922995,-0.7557229237946868,0.0000,1.0000,0.0000,8.580
2026-04-26 18:47:16.750,334,0.1324637940423453,0.3144280555952074,-0.2187092652803332,-0.1781799783147359,-0.7556642553821963,0.0000,1.0000,-0.0500,11.472
2026-04-26 18:47:16.763,335,0.13250792638197614,0.31441103684014954,-0.21859722145418495,-0.17790813380822276,-0.7556048686158497,0.0000,1.0000,0.4500,8.990
2026-04-26 18:47:16.773,336,0.13255133184310053,0.31439254563482244,-0.21848288662537368,-0.17763445132037653,-0.7555438467594318,0.0000,0.8500,0.1000,7.826
2026-04-26 18:47:16.785,337,0.13259518915049204,0.31437414120249224,-0.21836939652000154,-0.17736134763072733,-0.7554820246600705,0.0000,1.0000,0.0000,8.906
2026-04-26 18:47:16.797,338,0.13264041769739743,0.3143542172494691,-0.21825422363108044,-0.17708655435905848,-0.7554186857203119,0.0000,1.0000,0.2500,8.673
2026-04-26 18:47:16.805,339,0.1326875277723669,0.3143338191856888,-0.21813932405437417,-0.1768114757689831,-0.7553542864984221,0.0000,1.0000,0.0000,8.419
2026-04-26 18:47:16.815,340,0.132733820172112,0.31431226721923455,-0.21802225727121005,-0.1765336027154543,-0.7552877579121159,0.0000,1.0000,0.2500,8.070
2026-04-26 18:47:16.826,341,0.1327822571313659,0.31429107142210877,-0.217907271372666,-0.17625769315796025,-0.7552211167322623,0.0000,1.0000,-0.0500,9.999
2026-04-26 18:47:16.835,342,0.13283050543348981,0.31426751041080997,-0.2177890544400082,-0.1759805075723503,-0.7551534386221499,0.0000,0.9500,0.1500,10.608
2026-04-26 18:47:16.845,343,0.13288032965262148,0.31424460016939,-0.21767329318743361,-0.17570587832108567,-0.7550859006202925,0.0000,0.9500,-0.0500,10.032
2026-04-26 18:47:16.853,344,0.13293361341170273,0.31422205185866364,-0.21755992696475016,-0.17543291419811938,-0.7550181439639595,0.0000,1.0000,-0.1500,5.250
2026-04-26 18:47:16.865,345,0.13298771854337435,0.3141992256913532,-0.21744667723165606,-0.17515943335912043,-0.7549492520888441,0.0000,0.7000,-0.0500,8.057
2026-04-26 18:47:16.876,346,0.13304295980873637,0.31417467896443435,-0.217331627946717,-0.17488529721427698,-0.7548795305706703,0.0000,1.0000,0.1000,8.430
2026-04-26 18:47:16.884,347,0.1330977136216528,0.3141513410710456,-0.21721861864348152,-0.1746117871848425,-0.7548089017537306,0.0000,0.8500,-0.0500,7.289
2026-04-26 18:47:16.958,348,0.1331525546566416,0.3141243725187512,-0.21710024889287774,-0.17433532299519414,-0.7547367991455439,0.0000,1.0000,0.3500,9.837
2026-04-26 18:47:16.968,349,0.1332100590847595,0.31409718238568857,-0.2169832838851961,-0.1740608197563016,-0.7546648415976988,0.0000,0.8000,-0.1500,9.279
2026-04-26 18:47:16.978,350,0.1332688459532312,0.314067136250163,-0.21686316397604397,-0.17378630020711483,-0.7545927124472472,0.0000,1.0000,0.3000,9.825
2026-04-26 18:47:16.987,351,0.13332923507013253,0.3140351376145653,-0.21674133446793561,-0.17351220481840085,-0.7545204192156962,0.0000,1.0000,0.1500,11.390
2026-04-26 18:47:16.996,352,0.13338993318559847,0.3140046357465034,-0.21662270120174726,-0.17324076002125277,-0.7544482257659856,0.0000,0.9500,-0.1500,8.404
2026-04-26 18:47:17.005,353,0.13345324385573895,0.3139724427942462,-0.21650258298907943,-0.17296813203036832,-0.7543750249382278,0.0000,1.0000,0.2000,6.864
2026-04-26 18:47:17.014,354,0.1335167001025771,0.3139391500857013,-0.21638145655637572,-0.17269593094183555,-0.7543014865267736,0.0000,1.0000,0.1500,9.590
2026-04-26 18:47:17.025,355,0.13357977541098903,0.31390403371552195,-0.21625757901335127,-0.17242197471763326,-0.7542267128785581,0.0000,0.8500,0.2500,8.010
2026-04-26 18:47:17.036,356,0.13364449166628034,0.31386703839004826,-0.2161315633481791,-0.17214652817256607,-0.7541508624281636,0.0000,0.9000,0.2000,7.253
2026-04-26 18:47:17.045,357,0.1337099022704187,0.31382829707056764,-0.21600311008077078,-0.17186890450983094,-0.7540735705575754,0.0000,1.0000,0.2000,7.166
2026-04-26 18:47:17.055,358,0.13377503379377018,0.3137863160068864,-0.21586979933377035,-0.1715888213165886,-0.75399508133832,0.0000,1.0000,0.4000,6.600
2026-04-26 18:47:17.064,359,0.13384076637412917,0.31374247500879976,-0.215734154349165,-0.17130766465408473,-0.7539157545113636,0.0000,1.0000,0.3500,6.767
2026-04-26 18:47:17.073,360,0.1339085597067284,0.3136978528498679,-0.21559886518628804,-0.17102830426078464,-0.7538367667403987,0.0000,1.0000,0.0500,9.584
2026-04-26 18:47:17.083,361,0.13397732608475446,0.3136520503899807,-0.2154621196849934,-0.17074729353736118,-0.7537565058263217,0.0000,0.9000,0.0500,8.139
2026-04-26 18:47:17.091,362,0.13404725537096973,0.3136051913174813,-0.21532435918745052,-0.17046544421461543,-0.7536753578582466,0.0000,1.0000,0.3000,7.759
2026-04-26 18:47:17.101,363,0.13412035676628145,0.313558767737604,-0.21518921560569274,-0.17018639938846464,-0.7535947823364358,0.0000,0.9500,-0.0500,9.251
2026-04-26 18:47:17.109,364,0.13419535539386473,0.31350925873633156,-0.21505089018835843,-0.16990795013018137,-0.7535145658389633,0.0000,1.0000,0.3500,9.779
2026-04-26 18:47:17.118,365,0.13427092226949225,0.3134608752870387,-0.2149146750394605,-0.16962993199574725,-0.7534335840522001,0.0000,1.0000,0.0500,6.726
2026-04-26 18:47:17.127,366,0.13434989875455683,0.3134110510902287,-0.2147778634015519,-0.16935207459057053,-0.7533523538456729,0.0000,0.9500,-0.1500,11.152
2026-04-26 18:47:17.136,367,0.13443186150381284,0.31336031868079783,-0.21464101838524713,-0.16907426808418852,-0.7532706975049954,0.0000,1.0000,0.1000,11.583
2026-04-26 18:47:17.146,368,0.13451579430973865,0.31330892264939575,-0.21450465582190784,-0.16879836465047005,-0.7531894901489902,0.0000,0.7500,-0.1500,9.678
2026-04-26 18:47:17.155,369,0.13460283078252644,0.31326007707620623,-0.21437370422216762,-0.16852508969717764,-0.7531083009883498,0.0000,0.9500,-0.1500,9.279
2026-04-26 18:47:17.164,370,0.13469130144039973,0.3132121274718694,-0.21424489919719683,-0.1682526317733478,-0.753026647796387,0.0000,0.8000,0.0000,7.449
2026-04-26 18:47:17.173,371,0.13478107793494337,0.31316419349383856,-0.21411691944052602,-0.16798070904326062,-0.7529446194691859,0.0000,1.0000,-0.0500,9.841
2026-04-26 18:47:17.181,372,0.13487314596214273,0.31311631953911995,-0.21399052662772927,-0.167710813298518,-0.752862960385679,0.0000,0.7000,-0.0500,11.862
2026-04-26 18:47:17.191,373,0.13496692219367826,0.31306657494336587,-0.21386236084616442,-0.1674409369120509,-0.752781158837066,0.0000,1.0000,0.1500,8.652
2026-04-26 18:47:17.201,374,0.13506153949564945,0.3130137860404437,-0.2137302735875495,-0.1671700568331416,-0.7526990060115887,0.0000,1.0000,0.4000,11.030
2026-04-26 18:47:17.209,375,0.1351572602102486,0.3129615841407481,-0.2135997841192875,-0.16689997118646172,-0.7526165023015957,0.0000,0.7000,-0.0500,4.121
2026-04-26 18:47:17.219,376,0.13525601369596918,0.31290883735569686,-0.21347025626291471,-0.1666318658678371,-0.7525345326473929,0.0000,0.8000,-0.1000,10.659
2026-04-26 18:47:17.228,377,0.13535570379197973,0.31285577248870067,-0.2133408959655397,-0.16636405026348253,-0.7524522039261786,0.0000,0.9500,0.0500,8.509
2026-04-26 18:47:17.239,378,0.13545630711080822,0.31280194036320536,-0.2132110197487391,-0.16609630356509159,-0.7523695267796078,0.0000,1.0000,0.0500,9.106
2026-04-26 18:47:17.250,379,0.13555847274372634,0.31274588303002065,-0.2130787273105359,-0.1658282325082914,-0.7522866776831859,0.0000,1.0000,0.4500,7.650
2026-04-26 18:47:17.259,380,0.1356616506186433,0.31269062472995146,-0.2129479851992295,-0.16555987415888557,-0.7522029276007021,0.0000,0.6500,0.0500,5.834
2026-04-26 18:47:17.269,381,0.13576585467014812,0.3126336555126471,-0.21281528099365418,-0.16529090803822669,-0.7521187521441425,0.0000,1.0000,0.3000,5.793
2026-04-26 18:47:17.279,382,0.13587035279029192,0.3125762382424158,-0.21268191172650294,-0.16502059622518922,-0.7520334748751337,0.0000,0.8500,0.0500,9.806
2026-04-26 18:47:17.289,383,0.13597659348963098,0.31251955953159616,-0.2125504348206957,-0.1647507766336415,-0.7519477262122176,0.0000,0.9000,-0.1500,7.973
2026-04-26 18:47:17.300,384,0.1360823583281307,0.3124642552295629,-0.21242109656892855,-0.16448168675256236,-0.751861473930512,0.0000,0.8500,-0.0500,10.668
2026-04-26 18:47:17.309,385,0.13618894852225394,0.31241001458303636,-0.21229394679616811,-0.1642136123169453,-0.7517749464589107,0.0000,0.9000,0.0500,8.387
2026-04-26 18:47:17.320,386,0.13629743369052502,0.3123562996539598,-0.21216882937759862,-0.16394749076299267,-0.7516887547550106,0.0000,0.8500,-0.0500,8.362
2026-04-26 18:47:17.329,387,0.13640472898182746,0.3123024886003131,-0.21204307507023445,-0.16368009839172437,-0.7516014500684831,0.0000,0.8500,0.1000,7.749
2026-04-26 18:47:17.339,388,0.1365133369889447,0.3122491843678952,-0.21191893282972724,-0.16341388185307912,-0.7515141125119245,0.0000,1.0000,0.1000,8.952
2026-04-26 18:47:17.350,389,0.1366223443983177,0.31219674783612883,-0.21179678090286544,-0.1631494707957589,-0.7514269741010455,0.0000,0.8500,-0.1000,9.997
2026-04-26 18:47:17.360,390,0.13673173485259224,0.31214349233354194,-0.21167411681678033,-0.16288615380110916,-0.7513401080944344,0.0000,1.0000,0.1000,9.419
2026-04-26 18:47:17.371,391,0.13684319627314032,0.31208975816851264,-0.2115519533627054,-0.16262404855078236,-0.7512534954463693,0.0000,1.0000,0.0500,9.971
2026-04-26 18:47:17.380,392,0.13695387133808656,0.31203681219505686,-0.21143074999844166,-0.16236171297983465,-0.7511661054935628,0.0000,0.6500,0.1000,7.917
2026-04-26 18:47:17.390,393,0.13706548128130042,0.3119830413030279,-0.21130887506422194,-0.16209931075321693,-0.751078430322475,0.0000,1.0000,0.0500,10.260
2026-04-26 18:47:17.401,394,0.1371762496427588,0.31192725786306413,-0.21118395253579506,-0.1618360801655437,-0.750990392859555,0.0000,1.0000,0.3500,11.395
2026-04-26 18:47:17.410,395,0.13728808171037912,0.3118712580609028,-0.21105951805101486,-0.1615738770418072,-0.7509024787395889,0.0000,0.9000,-0.0500,9.655
2026-04-26 18:47:17.422,396,0.13740111272622044,0.31181434361172905,-0.21093476324095578,-0.1613130956111261,-0.7508150663155332,0.0000,1.0000,0.2500,10.988
2026-04-26 18:47:17.431,397,0.13751550501794027,0.3117586216914154,-0.21081245037658683,-0.16105313368086854,-0.7507273342642893,0.0000,1.0000,-0.2000,6.994
2026-04-26 18:47:17.442,398,0.13763109811835428,0.3117032957329232,-0.2106913560103365,-0.1607936798463253,-0.7506393324939401,0.0000,0.8500,0.0000,9.060
2026-04-26 18:47:17.452,399,0.13774786459326976,0.31164853844982365,-0.21057194253610756,-0.16053561657903107,-0.7505514654335077,0.0000,1.0000,0.0000,7.261
2026-04-26 18:47:17.468,400,0.13786584887753883,0.311592066059729,-0.21045061929780556,-0.16027714782916194,-0.7504634122797501,0.0000,1.0000,0.1500,10.961
2026-04-26 18:47:17.480,401,0.13798323585771416,0.31153631052513947,-0.21033020339841468,-0.16001848728835272,-0.7503746780697913,0.0000,0.8500,0.0000,7.652
2026-04-26 18:47:17.489,402,0.138100943694487,0.31148111465613815,-0.21021089334298462,-0.15976012924788494,-0.7502855553359542,0.0000,0.7000,0.0000,6.809
2026-04-26 18:47:17.503,403,0.13821901721258678,0.31142615021741216,-0.21009235208818317,-0.15950244422504775,-0.7501963173935764,0.0000,1.0000,0.1000,9.589
2026-04-26 18:47:17.515,404,0.13834051303344388,0.3113711799449509,-0.20997552967030855,-0.15924667977579876,-0.7501076532445361,0.0000,1.0000,-0.3500,12.852
2026-04-26 18:47:17.525,405,0.13846336760738173,0.3113152191929247,-0.2098578450051334,-0.1589906096502466,-0.7500187017446235,0.0000,1.0000,0.1500,8.744
2026-04-26 18:47:17.538,406,0.13858725548792838,0.311259981578183,-0.20974219069567174,-0.15873666785575546,-0.7499302572252974,0.0000,1.0000,0.0500,8.185
2026-04-26 18:47:17.547,407,0.138711052373031,0.31120440931237775,-0.20962641543505525,-0.15848352170957866,-0.7498419234382808,0.0000,0.8500,0.1500,8.132
2026-04-26 18:47:17.559,408,0.1388361701995125,0.31114789460902836,-0.2095098431800613,-0.15823013724154586,-0.749753340906428,0.0000,1.0000,0.1500,9.996
2026-04-26 18:47:17.570,409,0.13896187564593504,0.3110918829200128,-0.20939491009585276,-0.15797907885952636,-0.7496654359486035,0.0000,1.0000,-0.1500,7.744
2026-04-26 18:47:17.645,410,0.13908693455839014,0.311035004235105,-0.20927805772660069,-0.15772549590791843,-0.7495761311352938,0.0000,0.8500,0.2500,5.690
2026-04-26 18:47:17.654,411,0.1392116138218437,0.31097678291372643,-0.2091590989481108,-0.15747080849383507,-0.749486260744995,0.0000,1.0000,0.3000,10.914
2026-04-26 18:47:17.663,412,0.13933675042942278,0.31091728842700284,-0.20903829227400925,-0.15721467578371298,-0.7493956422282172,0.0000,0.9000,0.2500,9.961
2026-04-26 18:47:17.672,413,0.13946290140583767,0.31085705173431993,-0.2089169431053632,-0.15695862482439737,-0.7493049115250835,0.0000,1.0000,0.1000,10.497
2026-04-26 18:47:17.681,414,0.13958991037244858,0.31079678001167077,-0.20879586258000934,-0.1567022683600061,-0.7492137032928532,0.0000,0.9500,0.1500,10.188
2026-04-26 18:47:17.689,415,0.13971784631847178,0.3107354284286791,-0.2086737272964184,-0.15644591834317045,-0.7491224397184468,0.0000,0.9500,0.1500,10.577
2026-04-26 18:47:17.700,416,0.1398477522121935,0.310672137813266,-0.20854987786341114,-0.15619029826635372,-0.7490317022690812,0.0000,1.0000,0.0500,9.995
2026-04-26 18:47:17.709,417,0.13997776410259027,0.3106083656377363,-0.2084254924793105,-0.15593453034053228,-0.7489406925362146,0.0000,0.9500,0.2000,11.049
2026-04-26 18:47:17.717,418,0.140108250360101,0.3105434787069444,-0.20830006333169587,-0.15567952578793484,-0.7488500292109832,0.0000,1.0000,0.2000,9.722
2026-04-26 18:47:17.727,419,0.14023804950339486,0.3104786484970394,-0.20817451057653635,-0.15542409574623445,-0.748758829702703,0.0000,1.0000,0.2000,8.515
2026-04-26 18:47:17.738,420,0.14036940495086334,0.3104132236694029,-0.2080490639940373,-0.15516983995520386,-0.7486680613547891,0.0000,1.0000,0.1500,8.107
2026-04-26 18:47:17.749,421,0.14049977578642198,0.3103489657920269,-0.20792532730211943,-0.15491669217475107,-0.7485772552244887,0.0000,0.7500,0.0000,7.307
2026-04-26 18:47:17.762,422,0.14062997932660168,0.31028474694005564,-0.20780175209859864,-0.1546636940637302,-0.7484862186231943,0.0000,0.8000,0.2500,9.789
2026-04-26 18:47:17.772,423,0.14076052650608617,0.3102191850591509,-0.20767636859465513,-0.15440996097954446,-0.7483948591764324,0.0000,1.0000,0.3500,10.126
2026-04-26 18:47:17.783,424,0.14089151291693616,0.3101524002010876,-0.20754955257674054,-0.1541561771699737,-0.7483034933618912,0.0000,1.0000,0.2500,8.741
2026-04-26 18:47:17.794,425,0.1410230012165242,0.31008595077705836,-0.20742367665204936,-0.15390318664987823,-0.748212157885443,0.0000,1.0000,-0.1000,6.305
2026-04-26 18:47:17.804,426,0.14115459428630597,0.3100188856368481,-0.20729688330604085,-0.15364937397620468,-0.7481202870498374,0.0000,1.0000,-0.1000,9.907
2026-04-26 18:47:17.815,427,0.14128605063569338,0.3099524417964353,-0.20717131608397812,-0.15339670970074784,-0.7480285610501479,0.0000,1.0000,0.0500,8.471
2026-04-26 18:47:17.824,428,0.1414175705415903,0.3098871866492034,-0.20704769756477626,-0.1531447774724045,-0.747936633973051,0.0000,0.9500,0.0500,8.299
2026-04-26 18:47:17.835,429,0.14154922090472477,0.3098223284235463,-0.20692488470642856,-0.15289327673650172,-0.7478445575330267,0.0000,0.7500,0.1000,8.568
2026-04-26 18:47:17.844,430,0.14168141839011256,0.30975641238206764,-0.20680114064309346,-0.15264266366889423,-0.7477529274905327,0.0000,1.0000,0.0500,10.727
2026-04-26 18:47:17.854,431,0.14181254940088991,0.30969144097517864,-0.20667841002887108,-0.15239185599087524,-0.7476607060219714,0.0000,0.7500,0.0500,8.620
2026-04-26 18:47:17.864,432,0.14194364256192102,0.30962763775702035,-0.20655799267163769,-0.15214337805560824,-0.7475691032848226,0.0000,0.8500,-0.1000,9.451
2026-04-26 18:47:17.873,433,0.14207529907858368,0.3095642014819608,-0.20643858767540393,-0.1518957800502213,-0.7474775984954499,0.0000,0.9000,0.1000,9.232
2026-04-26 18:47:17.883,434,0.1422065825035613,0.30950041581702076,-0.20631859423547103,-0.15164782481834335,-0.7473857559131335,0.0000,0.9500,0.1000,10.635
2026-04-26 18:47:17.891,435,0.14233746887327212,0.30943632865961646,-0.20619807193070364,-0.15139952367964787,-0.7472935729212635,0.0000,1.0000,0.2500,7.505
2026-04-26 18:47:17.901,436,0.14246975626532557,0.3093710527840645,-0.20607676646229992,-0.15115238211646823,-0.7472020277098665,0.0000,1.0000,0.1500,10.302
2026-04-26 18:47:17.912,437,0.1426012089362634,0.3093070175562375,-0.20595697574588703,-0.1509051754068018,-0.7471099041642754,0.0000,0.8500,0.0500,7.271
2026-04-26 18:47:17.922,438,0.1427339167470569,0.3092417144712647,-0.20583608875575368,-0.15065854404806658,-0.7470181531934019,0.0000,1.0000,0.1000,7.226
2026-04-26 18:47:17.933,439,0.14286667077735624,0.3091769554591093,-0.20571635659168197,-0.1504130470405465,-0.7469266047958729,0.0000,0.9000,0.0000,9.741
2026-04-26 18:47:17.942,440,0.1429993972951693,0.30911297549901506,-0.20559832545915838,-0.15016961087647046,-0.7468356669017528,0.0000,1.0000,0.0000,9.043
2026-04-26 18:47:17.957,441,0.1431322972063991,0.3090481645236664,-0.20547957579794007,-0.14992718941957892,-0.7467452223370702,0.0000,1.0000,0.3000,9.012
2026-04-26 18:47:17.968,442,0.14326646557720554,0.30898175548795337,-0.20535917717464816,-0.1496849702759062,-0.7466550599927891,0.0000,1.0000,0.4000,12.207
2026-04-26 18:47:17.978,443,0.14340074698132332,0.30891537075799597,-0.20523897290493254,-0.1494428977359752,-0.7465647496994107,0.0000,1.0000,0.1500,8.558
2026-04-26 18:47:17.990,444,0.14353601851620032,0.30884783974025265,-0.2051177324818986,-0.1492013403725816,-0.7464747716193358,0.0000,1.0000,0.2000,9.429
2026-04-26 18:47:17.999,445,0.14367206144940783,0.3087818617867254,-0.20499945193379543,-0.1489617057553053,-0.7463851578785579,0.0000,0.9500,-0.1000,10.108
2026-04-26 18:47:18.010,446,0.14380878939952865,0.30871610013231426,-0.20488230263205282,-0.14872408456385278,-0.7462962911397206,0.0000,1.0000,-0.1000,11.470
2026-04-26 18:47:18.020,447,0.14394477620064008,0.30864996404076955,-0.2047645619382061,-0.14848670883525647,-0.7462074381899455,0.0000,1.0000,0.2500,8.524
2026-04-26 18:47:18.028,448,0.14408015175779298,0.3085846979349448,-0.20464796421622464,-0.148249565586749,-0.7461182844704103,0.0000,0.9000,-0.0500,8.986
2026-04-26 18:47:18.038,449,0.1442148297744156,0.3085188567436675,-0.20453031221438897,-0.14801192528761475,-0.7460288294762509,0.0000,1.0000,0.2000,8.596
2026-04-26 18:47:18.047,450,0.14434950305332447,0.30845240025345366,-0.2044118936662024,-0.14777427325017906,-0.7459393288648112,0.0000,1.0000,0.2000,7.865
2026-04-26 18:47:18.057,451,0.14448488306660245,0.3083864307665927,-0.20429486184828133,-0.1475382083571188,-0.74585030940545,0.0000,0.7500,-0.1000,6.484
2026-04-26 18:47:18.067,452,0.1446211426031165,0.3083211588258314,-0.2041795059987274,-0.14730354398692488,-0.7457616280117654,0.0000,0.9500,-0.0500,8.164
2026-04-26 18:47:18.076,453,0.14475851058216088,0.30825563706007736,-0.20406470264189833,-0.14707065435951144,-0.7456737114536257,0.0000,0.8500,-0.1000,8.575
2026-04-26 18:47:18.086,454,0.14489544707418867,0.30818975377413893,-0.20394950747591473,-0.14683836260483427,-0.7455860019946884,0.0000,1.0000,0.3500,7.621
2026-04-26 18:47:18.095,455,0.14503167078355653,0.30812267176332464,-0.2038323347004105,-0.14660535001259475,-0.7454980523142352,0.0000,1.0000,0.3500,7.349
2026-04-26 18:47:18.107,456,0.14516827866540427,0.30805528859012843,-0.2037150521787923,-0.14637275281337336,-0.745410208829192,0.0000,1.0000,0.1500,8.094
2026-04-26 18:47:18.119,457,0.14530630977530254,0.3079871220470244,-0.20359750623062065,-0.14614126216177015,-0.7453229403206157,0.0000,0.8500,0.0000,8.914
2026-04-26 18:47:18.128,458,0.1454437785743195,0.3079205722950608,-0.203482211749201,-0.14591031995113293,-0.7452353703070157,0.0000,0.5500,-0.0500,6.095
2026-04-26 18:47:18.140,459,0.1455815283762859,0.30785271001442205,-0.20336527359420103,-0.14567935442659383,-0.7451479478138276,0.0000,1.0000,0.3000,11.616
2026-04-26 18:47:18.152,460,0.14571961007255177,0.30778314540804436,-0.20324609815724337,-0.14544808322580724,-0.7450606316434667,0.0000,1.0000,0.3500,6.528
2026-04-26 18:47:18.162,461,0.1458583513996474,0.30771388694354324,-0.20312813376842997,-0.14521875782123622,-0.7449740479115678,0.0000,0.8000,-0.0500,7.993
2026-04-26 18:47:18.172,462,0.14599671860749777,0.30764629570958885,-0.2030126687441228,-0.1449904458417583,-0.744887392619265,0.0000,1.0000,0.0000,6.367
2026-04-26 18:47:18.181,463,0.1461348389021321,0.307578911198147,-0.20289757998458818,-0.14476252660601224,-0.7448007229748657,0.0000,1.0000,0.1000,3.708
2026-04-26 18:47:18.193,464,0.14627401776881274,0.30751063749173657,-0.20278211369475438,-0.14453626976708875,-0.7447149501699356,0.0000,1.0000,0.0000,10.053
2026-04-26 18:47:18.205,465,0.1464127356236326,0.30744295194119553,-0.20266753810653756,-0.14431063381434794,-0.7446291864613106,0.0000,1.0000,-0.1000,7.814
2026-04-26 18:47:18.214,466,0.14655285318689482,0.3073749560531548,-0.202553521402291,-0.1440868198624135,-0.744544259344262,0.0000,1.0000,-0.1000,10.532
2026-04-26 18:47:18.226,467,0.14669284765154847,0.3073063914243278,-0.20243869085971522,-0.14386278347380865,-0.7444592134807713,0.0000,1.0000,0.3000,9.071
2026-04-26 18:47:18.235,468,0.14683326233956406,0.3072397798193233,-0.20232726239724103,-0.14364077725496627,-0.744374546978602,0.0000,0.8500,-0.1000,7.379
2026-04-26 18:47:18.247,469,0.1469732721378472,0.3071711015006387,-0.2022129001035766,-0.14341859993787756,-0.7442901663501396,0.0000,1.0000,0.3500,10.935
2026-04-26 18:47:18.257,470,0.14711273905109257,0.30710306397174003,-0.20209945357078762,-0.1431969800748364,-0.7442057611744982,0.0000,1.0000,0.0500,11.084
2026-04-26 18:47:18.267,471,0.1472530322573014,0.3070357378616126,-0.2019876511762046,-0.14297670332260248,-0.7441217087689629,0.0000,0.6500,-0.2000,11.469
2026-04-26 18:47:18.345,472,0.14739279555858664,0.30696899539782563,-0.20187655403597998,-0.14275648349917058,-0.7440374000995977,0.0000,0.7500,0.2000,8.834
2026-04-26 18:47:18.355,473,0.1475330403115364,0.3069025360542581,-0.2017665174193075,-0.14253801156057228,-0.7439537578581984,0.0000,1.0000,0.0500,5.942
2026-04-26 18:47:18.366,474,0.14767295107574452,0.30683751215386446,-0.20165848431562133,-0.14231988112455252,-0.7438697928239147,0.0000,0.6500,-0.0500,6.137
2026-04-26 18:47:18.377,475,0.1478119750031388,0.3067715878869101,-0.20154868841142198,-0.1421005837763431,-0.7437853367620471,0.0000,0.9000,0.3000,4.354
2026-04-26 18:47:18.388,476,0.14795208534918536,0.3067037597759647,-0.2014369216306183,-0.1418821835624969,-0.7437016745551762,0.0000,1.0000,0.4000,12.304
2026-04-26 18:47:18.398,477,0.14809208855964665,0.30663650005421594,-0.20132619072528474,-0.14166467766806748,-0.7436181886976299,0.0000,1.0000,0.0500,11.313
2026-04-26 18:47:18.409,478,0.14823198142332816,0.30656939727010596,-0.2012157746323917,-0.1414474810727705,-0.7435346914728517,0.0000,0.7000,0.0500,9.741
2026-04-26 18:47:18.419,479,0.14837175451263138,0.3065044547631377,-0.2011086501054281,-0.14123150412402125,-0.7434511391214093,0.0000,0.6000,-0.1500,5.716
2026-04-26 18:47:18.433,480,0.14851236119647054,0.3064394086744459,-0.2010022725321369,-0.14101768964937575,-0.7433685708950067,0.0000,0.9500,-0.2000,7.467
2026-04-26 18:47:18.445,481,0.1486533388816571,0.3063753060072659,-0.2008978856471542,-0.1408058788787296,-0.7432866475028947,0.0000,1.0000,0.0500,6.980
2026-04-26 18:47:18.458,482,0.14879402579996875,0.3063107154178186,-0.20079280304663794,-0.14059411173171793,-0.7432047485582706,0.0000,1.0000,0.2000,10.547
2026-04-26 18:47:18.469,483,0.14893479592253647,0.3062464528984843,-0.2006886187592445,-0.1403837459294281,-0.7431233507137562,0.0000,1.0000,0.1500,9.529
2026-04-26 18:47:18.484,484,0.14907609446693496,0.30618321122519654,-0.20058642400424528,-0.14017481503384455,-0.7430422993196815,0.0000,1.0000,-0.1500,5.591
2026-04-26 18:47:18.499,485,0.14921741352099613,0.3061194035943719,-0.20048362604813766,-0.13996631932993603,-0.7429614929562975,0.0000,1.0000,-0.0500,8.316
2026-04-26 18:47:18.511,486,0.14935947509498945,0.3060549065564427,-0.20038027674339878,-0.1397582548904987,-0.7428809622332123,0.0000,1.0000,0.2500,8.768
2026-04-26 18:47:18.523,487,0.1495014848926663,0.3059907370586168,-0.20027777349393666,-0.13955156499322843,-0.7428009262376275,0.0000,1.0000,0.0500,10.249
2026-04-26 18:47:18.534,488,0.14964298337669124,0.3059264171503945,-0.20017498891366123,-0.13934501377180605,-0.7427208881838869,0.0000,1.0000,0.0500,8.738
2026-04-26 18:47:18.545,489,0.14978359227425578,0.305861922815535,-0.20007196418881956,-0.13913931076517924,-0.7426412104805047,0.0000,1.0000,0.1000,7.858
2026-04-26 18:47:18.555,490,0.14992445905912238,0.3057964101050833,-0.19996752002500345,-0.13893304678146426,-0.7425614011292332,0.0000,1.0000,0.3000,8.479
2026-04-26 18:47:18.565,491,0.15006526909201587,0.3057313129858187,-0.1998637168292554,-0.1387269644687416,-0.7424814745487164,0.0000,0.9000,0.2000,6.485
2026-04-26 18:47:18.575,492,0.15020655468801394,0.3056652727657273,-0.19975850767117523,-0.13851974543636672,-0.7424011127791398,0.0000,0.7000,0.1500,9.239
2026-04-26 18:47:18.585,493,0.1503477192519914,0.30559942656066874,-0.1996537489307726,-0.13831320214035525,-0.7423209393086129,0.0000,1.0000,0.0500,10.715
2026-04-26 18:47:18.595,494,0.15048903988806137,0.30553365423895296,-0.19954931413192273,-0.1381071596356014,-0.7422408982134858,0.0000,1.0000,0.0500,6.752
2026-04-26 18:47:18.605,495,0.15063024742125752,0.3054689811237944,-0.1994469980694201,-0.13790339431822896,-0.7421616228542579,0.0000,1.0000,-0.1500,8.774
2026-04-26 18:47:18.616,496,0.15077099562491633,0.3054029954668387,-0.1993428361138316,-0.13769980932566395,-0.7420826692075729,0.0000,1.0000,0.1500,12.073
2026-04-26 18:47:18.626,497,0.15091247692520507,0.3053372972291109,-0.19923958066534456,-0.13749715317144698,-0.7420040129887246,0.0000,0.9500,-0.1000,5.032
2026-04-26 18:47:18.638,498,0.15105449446453723,0.30527176705968256,-0.19913715442012522,-0.13729597112791864,-0.7419259580986634,0.0000,1.0000,-0.0500,11.364
2026-04-26 18:47:18.648,499,0.15119660194271436,0.30520615139439367,-0.19903494262387975,-0.13709577792082545,-0.7418483266969446,0.0000,1.0000,0.0500,7.343
2026-04-26 18:47:18.660,500,0.15133776937469262,0.30514076912442906,-0.19893307193927395,-0.1368966059807044,-0.7417710566605983,0.0000,1.0000,0.2000,6.765
2026-04-26 18:47:18.672,501,0.1514802228785654,0.30507526890520453,-0.1988317589412261,-0.13669849945882795,-0.7416942592651958,0.0000,0.8000,-0.1000,9.257
2026-04-26 18:47:18.683,502,0.15162277365764237,0.3050093816226043,-0.19873021678747904,-0.13650126123150225,-0.7416179045707518,0.0000,1.0000,0.1000,7.107
2026-04-26 18:47:18.697,503,0.15176532963476447,0.3049429618726181,-0.19862804937292194,-0.13630426467348858,-0.7415417169388318,0.0000,1.0000,-0.0500,9.386
2026-04-26 18:47:18.708,504,0.15190868083448547,0.3048766364854335,-0.19852659596986114,-0.13610840437050098,-0.7414659882580805,0.0000,1.0000,0.2000,10.897
2026-04-26 18:47:18.720,505,0.15205188858984267,0.3048114166373807,-0.1984272116367517,-0.13591465997662724,-0.741390956845244,0.0000,1.0000,-0.1000,8.424
2026-04-26 18:47:18.732,506,0.15219649292088036,0.3047464603886702,-0.19832908363609783,-0.13572252446441588,-0.7413165809360718,0.0000,0.9000,-0.1500,4.559
2026-04-26 18:47:18.746,507,0.15234094340256613,0.3046805543241809,-0.19822979676650332,-0.13553095461702577,-0.7412426435214836,0.0000,1.0000,0.2000,10.213
2026-04-26 18:47:18.760,508,0.15248490544753912,0.3046137329464184,-0.1981291688740615,-0.13533948311209887,-0.7411689035415505,0.0000,1.0000,0.4000,10.085
2026-04-26 18:47:18.771,509,0.15262856185381707,0.3045477266473047,-0.19802971003517442,-0.13514845043262616,-0.741095099848261,0.0000,0.7500,-0.0500,6.951
2026-04-26 18:47:18.790,510,0.15277165018007008,0.3044821255468079,-0.19793087901597614,-0.13495822667756902,-0.74102152115145,0.0000,1.0000,0.1500,8.518
2026-04-26 18:47:18.805,511,0.15291554918821904,0.30441592865910033,-0.19783169284335125,-0.13476866326328082,-0.7409483445782423,0.0000,1.0000,0.2000,9.822
2026-04-26 18:47:18.823,512,0.15305983408542273,0.3043502565994487,-0.19773375056949677,-0.134580503616494,-0.7408756628430911,0.0000,1.0000,0.0000,10.215
2026-04-26 18:47:18.840,513,0.1532034322509905,0.30428459355146464,-0.19763567006080238,-0.1343924575830301,-0.7408029609605846,0.0000,1.0000,0.2000,8.683
2026-04-26 18:47:18.853,514,0.15334617323130662,0.304219711573743,-0.19753869622030856,-0.13420543013374028,-0.7407304995220161,0.0000,1.0000,0.0500,8.026
2026-04-26 18:47:18.869,515,0.15348921380581765,0.3041553480965047,-0.19744294000892404,-0.13401984463530844,-0.740658556956881,0.0000,1.0000,-0.1000,9.904
2026-04-26 18:47:18.884,516,0.15363112341332985,0.30409225272974005,-0.19734869354788717,-0.13383462107413335,-0.7405864069430343,0.0000,1.0000,0.0000,8.011
2026-04-26 18:47:18.903,517,0.15377362306927408,0.30402817914391916,-0.19725361347687456,-0.13365048237205696,-0.7405149735946254,0.0000,1.0000,0.3500,7.478
2026-04-26 18:47:18.922,518,0.15391516962914903,0.3039639377230213,-0.19715777948970864,-0.1334653799064892,-0.7404430310591473,0.0000,1.0000,0.2500,9.091
2026-04-26 18:47:18.938,519,0.1540574437787957,0.30389836602197334,-0.19706035089263346,-0.1332801671327568,-0.7403712977144933,0.0000,1.0000,0.0500,9.510
2026-04-26 18:47:18.955,520,0.15419970940736608,0.3038322969148225,-0.19696227915012066,-0.13309499700546956,-0.7402996428428332,0.0000,1.0000,0.1000,9.954
2026-04-26 18:47:18.970,521,0.1543411651142259,0.30376750212329423,-0.19686591917676108,-0.13291054858889392,-0.7402279640538953,0.0000,0.9500,-0.0500,10.104
2026-04-26 18:47:18.987,522,0.1544825966175969,0.30370347274111537,-0.19677080223768917,-0.1327267652756445,-0.7401563612634613,0.0000,0.9500,0.0000,9.312
2026-04-26 18:47:19.007,523,0.15462424299739352,0.30363958821871234,-0.19667616680782182,-0.132543693849985,-0.7400850139790686,0.0000,1.0000,0.1000,12.405
2026-04-26 18:47:19.023,524,0.15476647677443706,0.3035758028158175,-0.19658214267949783,-0.13236162407350596,-0.7400140794799215,0.0000,1.0000,0.1000,7.418
2026-04-26 18:47:19.042,525,0.15490824884898624,0.30351185320214535,-0.19648773610564077,-0.1321794007411653,-0.7399430469449624,0.0000,1.0000,0.0500,6.419
2026-04-26 18:47:19.054,526,0.15504998253361185,0.30344917990524506,-0.19639560653024143,-0.1319991138717266,-0.7398726021863443,0.0000,1.0000,-0.2000,8.989
2026-04-26 18:47:19.071,527,0.15519231290127405,0.3033861703034711,-0.19630329079405398,-0.13181906846708233,-0.7398023017810638,0.0000,1.0000,0.2500,10.186
2026-04-26 18:47:19.092,528,0.15533346763442263,0.3033235398848291,-0.19621113460268055,-0.1316389468966224,-0.7397318089486434,0.0000,1.0000,0.2500,7.988
2026-04-26 18:47:19.105,529,0.15547458100887526,0.3032620917890246,-0.196120992800603,-0.13146027054198225,-0.7396616844882014,0.0000,0.9500,-0.1000,9.625
2026-04-26 18:47:19.127,530,0.15561633882103076,0.3032003725802056,-0.19603091429797587,-0.13128238104685794,-0.7395919634603769,0.0000,1.0000,0.1000,8.176
2026-04-26 18:47:19.142,531,0.15575874422624483,0.30313889030297897,-0.19594154330464872,-0.13110509237287724,-0.7395224267014633,0.0000,0.8500,-0.0500,8.044
2026-04-26 18:47:19.156,532,0.1559011865942777,0.30307593701137037,-0.19585003177975174,-0.13092718695240532,-0.739452893267768,0.0000,1.0000,0.4000,10.848
2026-04-26 18:47:19.173,533,0.1560428218434774,0.303012868749037,-0.1957579967423742,-0.13074875970407007,-0.7393830724485175,0.0000,1.0000,0.2000,7.420
2026-04-26 18:47:19.185,534,0.1561851392639189,0.30294970402675353,-0.19566617588552213,-0.13057075595119813,-0.7393134331058963,0.0000,0.9500,-0.1500,10.889
2026-04-26 18:47:19.205,535,0.15632739500885345,0.30288572539898045,-0.19557319258213465,-0.13039255231590596,-0.7392438437281387,0.0000,1.0000,0.1500,8.179
2026-04-26 18:47:19.222,536,0.15646948516565803,0.30282201115061935,-0.19548077684248147,-0.13021522606865496,-0.7391745741828045,0.0000,1.0000,0.0000,7.948
2026-04-26 18:47:19.238,537,0.1566112807642164,0.30275934471767685,-0.19538984105236012,-0.13003834151317098,-0.7391052115542562,0.0000,0.7000,0.0000,6.877
2026-04-26 18:47:19.261,538,0.1567531624150315,0.3026960524257821,-0.1952983513002677,-0.1298623982273151,-0.7390364248296456,0.0000,1.0000,-0.0500,9.796
2026-04-26 18:47:19.277,539,0.15689451749946423,0.30263335781041156,-0.1952077544499016,-0.12968726649122614,-0.7389678440331072,0.0000,1.0000,-0.1500,8.159
2026-04-26 18:47:19.298,540,0.1570356408596111,0.30257060524459034,-0.1951168700117289,-0.12951155076735343,-0.7388989360590247,0.0000,0.8000,-0.0500,7.774
2026-04-26 18:47:19.319,541,0.1571762474349526,0.30250844776363806,-0.19502685800176767,-0.1293365747659515,-0.7388302002487643,0.0000,1.0000,0.0500,8.674
2026-04-26 18:47:19.332,542,0.15731585356248848,0.30244730392601404,-0.19493815661745711,-0.12916239724698347,-0.7387615620765858,0.0000,0.9500,-0.0500,7.476
2026-04-26 18:47:19.350,543,0.1574551532133777,0.3023868729602265,-0.19485080184738768,-0.12898988519817103,-0.7386935309521075,0.0000,1.0000,-0.0500,9.684
2026-04-26 18:47:19.362,544,0.15759364196229358,0.30232685161390493,-0.19476398221932636,-0.12881814005691977,-0.7386257341191661,0.0000,1.0000,0.1000,7.443
2026-04-26 18:47:19.379,545,0.15773151324750445,0.3022677556843616,-0.19467852371201255,-0.1286473938950089,-0.7385581593656838,0.0000,1.0000,-0.0500,10.965
2026-04-26 18:47:19.395,546,0.15786984298462436,0.30220923298147756,-0.1945942188439217,-0.12847743359245845,-0.7384907888700405,0.0000,0.9500,0.0000,9.927
2026-04-26 18:47:19.406,547,0.1580082614116635,0.3021509991112095,-0.19451042873831184,-0.1283077520686694,-0.7384234408709253,0.0000,1.0000,0.0500,9.792
2026-04-26 18:47:19.422,548,0.15814682867237717,0.3020926590820096,-0.19442646848928274,-0.12813774082877566,-0.7383559105390625,0.0000,0.8000,0.1000,9.810
2026-04-26 18:47:19.434,549,0.15828506507171877,0.3020341900958732,-0.19434234188327307,-0.12796807876860458,-0.7382885436820834,0.0000,1.0000,-0.0500,9.208
2026-04-26 18:47:19.452,550,0.15842348035386342,0.30197635681157514,-0.19425939470706444,-0.1277993050233351,-0.738221419353197,0.0000,1.0000,-0.0500,7.860
2026-04-26 18:47:19.469,551,0.15856150303951097,0.30191846008394074,-0.1941763476977164,-0.1276308677899737,-0.7381544370777585,0.0000,1.0000,0.2500,7.244
2026-04-26 18:47:19.483,552,0.15869926960448918,0.3018597609967155,-0.19409202134215367,-0.12746197835522513,-0.7380873878591342,0.0000,1.0000,0.2000,10.507
2026-04-26 18:47:19.503,553,0.15883769580088217,0.3018004343908914,-0.194007088805258,-0.12729320471082187,-0.7380205126044281,0.0000,1.0000,0.3000,8.178
2026-04-26 18:47:19.515,554,0.15897598233241236,0.3017418516022569,-0.1939233253272617,-0.12712510037461286,-0.7379537458507811,0.0000,1.0000,0.1000,9.881
2026-04-26 18:47:19.535,555,0.1591136765070732,0.3016845053129445,-0.19384147556331374,-0.12695845087330782,-0.7378873577939961,0.0000,1.0000,-0.0500,10.602
2026-04-26 18:47:19.554,556,0.15925048222356156,0.30162804670611737,-0.19376074941800614,-0.126792429859088,-0.7378210230583092,0.0000,0.9500,-0.0500,5.380
2026-04-26 18:47:19.568,557,0.15938751231782577,0.30157307234041647,-0.1936824820951338,-0.12662770032102663,-0.7377549245836243,0.0000,0.7500,-0.1500,4.662
2026-04-26 18:47:19.587,558,0.15952513717973624,0.3015185370165574,-0.19360517549811354,-0.1264635761157651,-0.7376889811743351,0.0000,0.8500,-0.0500,9.667
2026-04-26 18:47:19.599,559,0.15966288426347564,0.3014643460967653,-0.19352859204227327,-0.1263001956386336,-0.7376232862551585,0.0000,1.0000,0.0500,9.382
2026-04-26 18:47:19.618,560,0.15980087599385404,0.3014111541778547,-0.1934535980272813,-0.1261373177578899,-0.7375575561701138,0.0000,0.8500,-0.0500,7.582
2026-04-26 18:47:19.634,561,0.15993938991578274,0.3013587374817114,-0.19337981022550038,-0.12597433756338222,-0.7374915449593613,0.0000,0.5000,-0.1000,5.164
2026-04-26 18:47:19.645,562,0.1600783232491493,0.301304945249378,-0.1933040896759408,-0.12581062175441607,-0.7374254742047401,0.0000,1.0000,0.2000,8.818
2026-04-26 18:47:19.660,563,0.1602165698966203,0.3012517818776911,-0.1932287572227557,-0.12564589036677568,-0.7373587033592436,0.0000,0.5500,-0.1000,7.600
2026-04-26 18:47:19.670,564,0.16035582692326106,0.30119899426904995,-0.1931545940408904,-0.125482389760495,-0.7372924194035844,0.0000,0.9000,-0.2000,9.246
2026-04-26 18:47:19.683,565,0.16049618099248986,0.30114664988459083,-0.19308181538624292,-0.1253204790670191,-0.7372267855566021,0.0000,1.0000,-0.1000,9.399
2026-04-26 18:47:19.698,566,0.16063571528331783,0.30109340617075336,-0.19300754741646162,-0.1251584840979114,-0.7371613008730941,0.0000,1.0000,0.2500,12.202
2026-04-26 18:47:19.708,567,0.1607748688326802,0.30104201343006054,-0.1929357615422462,-0.12499670684252703,-0.7370954292750727,0.0000,0.7000,0.0500,7.237
2026-04-26 18:47:19.723,568,0.16091368173340853,0.3009892869927602,-0.19286192872256092,-0.12483443089654143,-0.7370296092232351,0.0000,1.0000,0.4500,9.523
2026-04-26 18:47:19.734,569,0.16105228042450012,0.3009357870392533,-0.1927869279770553,-0.12467193650563049,-0.736963841283309,0.0000,1.0000,0.3500,9.630
2026-04-26 18:47:19.752,570,0.16119091012589393,0.3008819929664593,-0.1927116345111134,-0.12450976367522543,-0.7368982760894505,0.0000,1.0000,-0.0500,14.334
2026-04-26 18:47:19.769,571,0.16132914399474982,0.30082772993215134,-0.19263556281354693,-0.12434748430866052,-0.7368327437773432,0.0000,1.0000,0.3000,7.635
2026-04-26 18:47:19.781,572,0.16146696423583157,0.30077311224792924,-0.19255868553931138,-0.12418443815262338,-0.7367668861087894,0.0000,0.8500,0.1000,8.644
2026-04-26 18:47:19.797,573,0.16160576197936824,0.30071715890716444,-0.19248024357643517,-0.12402119157948903,-0.7367012319809965,0.0000,1.0000,0.3500,8.646
2026-04-26 18:47:19.813,574,0.1617443395101987,0.300662005980962,-0.1924028586630894,-0.1238580190380502,-0.736635385053057,0.0000,1.0000,0.1500,7.131
2026-04-26 18:47:19.824,575,0.16188327867901117,0.3006064846792588,-0.19232512715832184,-0.12369497013655441,-0.7365696627722959,0.0000,1.0000,0.1500,6.174
2026-04-26 18:47:19.838,576,0.16202308346170258,0.30055048633885195,-0.19224712563923002,-0.1235323050680894,-0.7365042228400576,0.0000,0.9000,-0.1500,7.599
2026-04-26 18:47:19.848,577,0.1621635277480417,0.3004944958348757,-0.19216961812057565,-0.12337066165262343,-0.7364392633799578,0.0000,1.0000,0.1000,10.441
2026-04-26 18:47:19.861,578,0.16230435556663664,0.30043758761316963,-0.1920909372008421,-0.12320883374410856,-0.7363744131334414,0.0000,1.0000,0.2000,9.994
2026-04-26 18:47:19.964,579,0.1624446811263297,0.3003801298387433,-0.19201112534630602,-0.12304612491408562,-0.7363092322645663,0.0000,1.0000,0.2500,9.015
2026-04-26 18:47:19.973,580,0.1625854012844714,0.3003234111647416,-0.1919326075255613,-0.12288398251656477,-0.7362441227002982,0.0000,1.0000,0.1000,6.817
2026-04-26 18:47:19.981,581,0.16272552745474458,0.300266801806029,-0.19185402974068563,-0.12272170175038088,-0.7361788898933863,0.0000,1.0000,0.1500,11.290
2026-04-26 18:47:19.990,582,0.16286662474041572,0.3002087015582117,-0.19177342428612212,-0.12255830122927956,-0.7361134436027444,0.0000,0.9000,0.2500,10.489
2026-04-26 18:47:19.998,583,0.16300850006964762,0.3001502269266711,-0.1916926540271019,-0.12239525913574054,-0.7360482441881953,0.0000,1.0000,0.0500,11.626
2026-04-26 18:47:20.008,584,0.16314987417889878,0.3000916970349242,-0.19161170625658588,-0.12223237245918273,-0.7359831107525732,0.0000,1.0000,0.2000,8.084
2026-04-26 18:47:20.016,585,0.163291469198695,0.30003297838367327,-0.19153073543179663,-0.12207006721286953,-0.7359182900605036,0.0000,1.0000,0.1000,11.015
2026-04-26 18:47:20.025,586,0.1634343150868487,0.29997351930884364,-0.19144923922036305,-0.12190809878741939,-0.7358537981007361,0.0000,1.0000,0.0500,7.980
2026-04-26 18:47:20.033,587,0.1635769930309069,0.2999132591332206,-0.19136638953667692,-0.12174532121416155,-0.7357890774299994,0.0000,1.0000,0.3500,6.350
2026-04-26 18:47:20.042,588,0.1637196078165568,0.299853452032888,-0.19128408676286673,-0.12158231338519188,-0.7357241043165044,0.0000,1.0000,0.0000,7.621
2026-04-26 18:47:20.051,589,0.16386220138325275,0.2997937954820144,-0.19120189700593881,-0.12141895054646214,-0.735658892375376,0.0000,0.8500,-0.1000,8.824
2026-04-26 18:47:20.060,590,0.16400441916330447,0.29973302452093303,-0.19111774984101768,-0.12125436345429065,-0.7355933235799709,0.0000,1.0000,0.2000,9.584
2026-04-26 18:47:20.070,591,0.1641470022360002,0.2996712739370952,-0.19103218993553117,-0.12108904517148085,-0.7355276111147796,0.0000,1.0000,0.2500,9.948
2026-04-26 18:47:20.079,592,0.1642901919657488,0.29960984073025393,-0.19094754340757547,-0.1209247825957748,-0.7354623245234372,0.0000,1.0000,-0.0500,9.313
2026-04-26 18:47:20.089,593,0.16443390590502632,0.2995477013258431,-0.19086194057031974,-0.1207599168965411,-0.7353968906238013,0.0000,0.9000,0.1500,10.160
2026-04-26 18:47:20.098,594,0.1645787441826191,0.29948580248361084,-0.19077734744878685,-0.12059626366830127,-0.7353319808576346,0.0000,1.0000,0.0000,9.826
2026-04-26 18:47:20.107,595,0.16472457413922512,0.2994234098722349,-0.19069241694529152,-0.12043269561909209,-0.7352672154912082,0.0000,1.0000,0.0000,7.438
2026-04-26 18:47:20.117,596,0.16487051857752716,0.29936144800522396,-0.19060836773602802,-0.12027005365432203,-0.7352027841733301,0.0000,1.0000,-0.0500,5.861
2026-04-26 18:47:20.125,597,0.16501604305693604,0.29929963481956734,-0.19052446494169437,-0.12010764995348305,-0.7351384138291126,0.0000,1.0000,-0.1500,10.195
2026-04-26 18:47:20.134,598,0.16516155082643091,0.29923811346967916,-0.19044099490850686,-0.11994536170721017,-0.7350740075800892,0.0000,1.0000,0.0000,10.087
2026-04-26 18:47:20.144,599,0.16530743303070103,0.29917624200698245,-0.1903571628886328,-0.11978304603408602,-0.7350096547827928,0.0000,1.0000,0.0500,10.997
2026-04-26 18:47:20.154,600,0.16545351697608734,0.29911536473551126,-0.1902748513547256,-0.11962107525596256,-0.7349452058275865,0.0000,0.8000,-0.1000,7.866
2026-04-26 18:47:20.164,601,0.16559934233721185,0.29905389568067076,-0.1901913733670795,-0.119458039005494,-0.7348803523253101,0.0000,1.0000,0.3000,7.824
2026-04-26 18:47:20.174,602,0.1657460729912413,0.2989916564455447,-0.19010702389784395,-0.11929460792003334,-0.7348154744902203,0.0000,1.0000,0.1500,10.041
2026-04-26 18:47:20.189,603,0.16589318462856503,0.2989296376930278,-0.19002319406482335,-0.11913152458140167,-0.7347506962394099,0.0000,0.8000,-0.1500,8.744
2026-04-26 18:47:20.206,604,0.16604053255917225,0.2988673335406982,-0.1899389755077833,-0.11896814641812593,-0.734685823045275,0.0000,1.0000,0.3000,8.776
2026-04-26 18:47:20.222,605,0.16618850545026453,0.2988051658201545,-0.18985518139696916,-0.11880491072184128,-0.7346209683789477,0.0000,1.0000,0.1000,9.396
2026-04-26 18:47:20.237,606,0.16633589314673664,0.29874307858121685,-0.18977118177658409,-0.11864114485702097,-0.734555810189176,0.0000,0.9500,0.1500,6.797
2026-04-26 18:47:20.250,607,0.16648277150968388,0.29868095925881405,-0.18968672339654258,-0.11847639276008053,-0.734490148860217,0.0000,0.9500,0.2000,7.704
2026-04-26 18:47:20.265,608,0.1666300377304908,0.2986183208548313,-0.18960146468573796,-0.11831083055899115,-0.7344241944762449,0.0000,1.0000,0.0500,7.187
2026-04-26 18:47:20.278,609,0.16677697214160525,0.2985562777981182,-0.18951693678647166,-0.11814531648461418,-0.7343580978120777,0.0000,1.0000,0.0500,9.211
2026-04-26 18:47:20.289,610,0.16692306357173337,0.2984944716784324,-0.18943249485644328,-0.1179798576501044,-0.7342919522894548,0.0000,1.0000,0.1000,6.273
2026-04-26 18:47:20.304,611,0.16706914867820494,0.29843201342527786,-0.1893474843450498,-0.11781557593329883,-0.7342265413735805,0.0000,1.0000,0.2000,10.139
2026-04-26 18:47:20.320,612,0.167215225586789,0.2983694174574751,-0.18926186249794233,-0.11764970621826462,-0.7341603541565653,0.0000,0.6000,-0.1000,3.701
2026-04-26 18:47:20.331,613,0.16736069386091398,0.29830774173369384,-0.18917739404616843,-0.11748412444824652,-0.7340940643713245,0.0000,1.0000,0.0500,5.661
2026-04-26 18:47:20.344,614,0.1675064019401255,0.2982463389284454,-0.18909349549996582,-0.1173189769662177,-0.7340279072679129,0.0000,1.0000,0.1000,10.479
2026-04-26 18:47:20.356,615,0.1676524721119,0.2981852506058719,-0.18901036477869046,-0.11715464871983539,-0.7339620651726114,0.0000,0.9500,-0.0500,9.225
2026-04-26 18:47:20.368,616,0.16779798462147208,0.298124789821827,-0.18892798946851472,-0.11699055746833559,-0.7338961689409104,0.0000,0.8500,-0.1500,7.477
2026-04-26 18:47:20.380,617,0.16794315044709376,0.2980644612430204,-0.18884575326745032,-0.11682668537388304,-0.7338303337234527,0.0000,1.0000,0.1500,9.811
2026-04-26 18:47:20.391,618,0.16808798610201192,0.29800447284671405,-0.1887639784841956,-0.11666315631808227,-0.7337645696994199,0.0000,1.0000,-0.1000,11.186
2026-04-26 18:47:20.407,619,0.1682329377742681,0.2979437814888504,-0.1886812842764699,-0.11649962210344823,-0.733698963785288,0.0000,1.0000,0.3000,8.375
2026-04-26 18:47:20.417,620,0.16837795121887647,0.29788377374061475,-0.18859963347706862,-0.11633640368806265,-0.7336333300430674,0.0000,1.0000,-0.1000,9.648
2026-04-26 18:47:20.431,621,0.16852331947831514,0.2978235451483579,-0.18851764578269178,-0.11617262653113103,-0.733567457538153,0.0000,0.8500,0.1000,10.040
2026-04-26 18:47:20.444,622,0.16866862248376996,0.297763064143625,-0.18843499605391317,-0.11600772347637636,-0.7335010708035637,0.0000,0.8500,0.1000,5.742
2026-04-26 18:47:20.457,623,0.1688135048633636,0.29770190762620447,-0.18835117269781135,-0.11584234650702036,-0.7334346018217217,0.0000,1.0000,0.3000,6.193
2026-04-26 18:47:20.471,624,0.1689583686249524,0.2976399693399595,-0.18826611263365942,-0.11567634107493277,-0.7333680000951177,0.0000,1.0000,0.3000,12.286
2026-04-26 18:47:20.483,625,0.16910291736099942,0.2975772887651159,-0.18817971469569414,-0.11550947026596306,-0.7333011375059542,0.0000,1.0000,0.4000,8.650
2026-04-26 18:47:20.497,626,0.1692467622059156,0.2975136977222578,-0.18809184130466675,-0.11534252070854493,-0.7332344496194959,0.0000,1.0000,0.4500,10.480
2026-04-26 18:47:20.512,627,0.1693907655460488,0.29745099586034157,-0.18800527711769696,-0.11517572334402422,-0.7331676021972777,0.0000,0.7000,-0.2000,11.790
2026-04-26 18:47:20.527,628,0.16953540256448688,0.2973872679763302,-0.1879169557823029,-0.11500685891234917,-0.7330999646100878,0.0000,0.7500,0.3500,9.277
2026-04-26 18:47:20.544,629,0.16968045352405606,0.29732382124178725,-0.1878290848444854,-0.1148377490667252,-0.7330321210886915,0.0000,0.8500,-0.0500,8.856
2026-04-26 18:47:20.559,630,0.16982518331200255,0.297259775934518,-0.187740299504761,-0.11466862642027596,-0.7329644080642976,0.0000,1.0000,0.1000,6.980
2026-04-26 18:47:20.575,631,0.1699705146945057,0.29719511063282256,-0.18765056628639087,-0.11449842096637565,-0.7328962960802046,0.0000,0.8000,0.0500,10.997
2026-04-26 18:47:20.591,632,0.17011704605817718,0.29712920056118153,-0.18755942831020883,-0.11432792064181217,-0.7328283354870048,0.0000,1.0000,0.4000,6.545
2026-04-26 18:47:20.602,633,0.17026391893153864,0.2970636647650268,-0.1874688895298213,-0.11415733921814157,-0.7327602285946122,0.0000,0.7000,-0.0500,8.725
2026-04-26 18:47:20.614,634,0.17041161512580574,0.2969985370556649,-0.18737937640698585,-0.11398753885729185,-0.7326923982138759,0.0000,0.8000,-0.1500,9.120
2026-04-26 18:47:20.626,635,0.17055934673018353,0.29693312462690075,-0.18728967477442995,-0.11381842405173805,-0.7326249699725529,0.0000,1.0000,0.2000,10.156
2026-04-26 18:47:20.642,636,0.17070757618798824,0.29686659046271685,-0.18719842784358565,-0.1136486719273506,-0.732557491864854,0.0000,1.0000,0.4000,11.337
2026-04-26 18:47:20.657,637,0.17085649603352326,0.29679933436907807,-0.18710626986363738,-0.11347839090219518,-0.7324899183229331,0.0000,1.0000,0.2500,6.276
2026-04-26 18:47:20.666,638,0.1710052619552514,0.2967325696880035,-0.1870146872877726,-0.11330791389624788,-0.7324221126432665,0.0000,0.9000,0.0500,7.745
2026-04-26 18:47:20.680,639,0.1711544278184963,0.29666384942513313,-0.1869201184242811,-0.1131357887912183,-0.7323539606847121,0.0000,1.0000,0.5000,7.082
2026-04-26 18:47:20.693,640,0.17130345301379074,0.2965960304584628,-0.18682693558315763,-0.1129643852327211,-0.7322859332174504,0.0000,0.9500,-0.1500,10.627
2026-04-26 18:47:20.709,641,0.17145301906036983,0.2965277747070534,-0.18673344820583518,-0.11279343135261069,-0.7322182289920119,0.0000,1.0000,0.1000,15.278
2026-04-26 18:47:20.726,642,0.1716031882311921,0.296460332778909,-0.1866413514887735,-0.11262281029953149,-0.7321504770926214,0.0000,0.8000,-0.2000,8.684
2026-04-26 18:47:20.740,643,0.17175408323351168,0.2963928778968862,-0.18654934870669024,-0.11245175860892392,-0.7320825026407596,0.0000,0.6500,0.0500,9.580
2026-04-26 18:47:20.756,644,0.17190607179764447,0.29632425016110914,-0.18645576013626,-0.11227949963026604,-0.7320142074432171,0.0000,1.0000,0.3000,10.030
2026-04-26 18:47:20.770,645,0.1720575078579622,0.29625606898893325,-0.18636269515953435,-0.11210753690173621,-0.7319459385694708,0.0000,1.0000,-0.1000,10.311
2026-04-26 18:47:20.789,646,0.17220895706224634,0.2961880526840287,-0.18627001600079968,-0.11193614106183783,-0.7318779019152601,0.0000,1.0000,0.1000,11.347
2026-04-26 18:47:20.805,647,0.17236172077137202,0.29611972481199106,-0.186177089144749,-0.11176388821242593,-0.7318095047902333,0.0000,0.7000,-0.0500,9.476
2026-04-26 18:47:20.816,648,0.1725152101815464,0.29605113086609297,-0.18608387758108824,-0.11159108331128378,-0.7317408884478315,0.0000,0.8000,0.1000,9.132
2026-04-26 18:47:20.829,649,0.17266936102749808,0.2959811148610506,-0.1859887141490524,-0.11141747020834365,-0.7316722139549913,0.0000,1.0000,0.3000,7.605
2026-04-26 18:47:20.841,650,0.17282398456796552,0.29591155108145206,-0.18589446891509123,-0.11124441976955268,-0.7316036983170042,0.0000,0.9500,-0.1500,9.367
2026-04-26 18:47:20.851,651,0.17297854180115654,0.2958414836803275,-0.18579933396713796,-0.11107068061664738,-0.7315349549477939,0.0000,1.0000,0.2500,8.953
2026-04-26 18:47:20.864,652,0.1731335482657027,0.29577136953071437,-0.1857043690794941,-0.1108972830770301,-0.7314663849319952,0.0000,1.0000,-0.2000,7.481
2026-04-26 18:47:20.874,653,0.17328926359540298,0.295701202298257,-0.18560943612884706,-0.11072344972684944,-0.7313976012783768,0.0000,0.8000,-0.1000,5.639
2026-04-26 18:47:20.891,654,0.1734456518671556,0.295630029460476,-0.1855133550532569,-0.11054966938620979,-0.7313290866626595,0.0000,1.0000,0.1500,12.149
2026-04-26 18:47:20.904,655,0.17360323717768258,0.2955573565006532,-0.18541540096925177,-0.11037515876889813,-0.7312605732039392,0.0000,1.0000,0.2500,11.472
2026-04-26 18:47:20.914,656,0.1737620254698957,0.2954840011952212,-0.18531688071522678,-0.1102006179560172,-0.731192206629687,0.0000,1.0000,0.1500,12.199
2026-04-26 18:47:20.927,657,0.17392050788684962,0.2954102861080656,-0.18521770722385036,-0.11002581229649168,-0.7311237891024559,0.0000,1.0000,0.1000,9.374
2026-04-26 18:47:20.937,658,0.17407958434775156,0.29533614553191806,-0.18511796966046537,-0.10985037791723665,-0.7310551552396469,0.0000,0.9000,0.1000,7.578
2026-04-26 18:47:20.940,659,0.17424005221598662,0.29526070500056406,-0.18501668205400573,-0.10967417634838406,-0.730986454548099,0.0000,1.0000,0.3000,9.120
2026-04-26 18:47:20.956,660,0.17440151104796223,0.2951851338143418,-0.18491560076417343,-0.10949825902341385,-0.7309179205428087,0.0000,1.0000,0.0000,8.615
2026-04-26 18:47:20.972,661,0.17456415898905742,0.29510942616068714,-0.184814845200263,-0.10932287267098305,-0.7308496781627366,0.0000,1.0000,-0.1000,10.843
2026-04-26 18:47:20.987,662,0.17472786190789752,0.2950333270464072,-0.1847139081779288,-0.10914758011582937,-0.7307815726882185,0.0000,1.0000,0.1500,9.010
2026-04-26 18:47:20.987,663,0.17489221046796502,0.29495734166202797,-0.18461304653921534,-0.10897124129503585,-0.730712907908038,0.0000,0.5500,-0.0500,7.322
2026-04-26 18:47:21.009,664,0.175057263652534,0.29488106537508546,-0.1845120140042997,-0.10879492628435454,-0.7306443201342926,0.0000,1.0000,0.1000,8.306
2026-04-26 18:47:21.019,665,0.17522211487766232,0.2948039058813388,-0.18440946959115537,-0.10861769438957011,-0.7305754872102987,0.0000,1.0000,0.5000,9.849
2026-04-26 18:47:21.035,666,0.17538792253085467,0.29472585701511766,-0.18430589662348296,-0.10844004837933316,-0.7305066621744478,0.0000,1.0000,0.2500,8.598
2026-04-26 18:47:21.051,667,0.17555375019925107,0.2946468288111922,-0.18420097008951386,-0.1082623076719135,-0.7304380273381409,0.0000,1.0000,0.4000,9.799
2026-04-26 18:47:21.051,668,0.17572038666714238,0.2945670768808429,-0.18409532170384008,-0.10808462101766236,-0.730369593283028,0.0000,1.0000,0.1500,11.342
2026-04-26 18:47:21.066,669,0.17588688238355984,0.2944872762979263,-0.1839895225717301,-0.10790677143850166,-0.7303010828592607,0.0000,1.0000,0.2000,10.523
2026-04-26 18:47:21.082,670,0.17605432383588304,0.2944064189867587,-0.18388245354906468,-0.10772847295647653,-0.7302326052028226,0.0000,1.0000,0.2000,9.780
2026-04-26 18:47:21.082,671,0.17622233258860182,0.29432528856991835,-0.18377512277886596,-0.1075499286713143,-0.7301640660623825,0.0000,1.0000,0.1000,8.431
2026-04-26 18:47:21.098,672,0.17639074829635615,0.29424453597051275,-0.18366864091436297,-0.10737214616259196,-0.7300958065998346,0.0000,1.0000,-0.1500,10.824
2026-04-26 18:47:21.113,673,0.17655891334666868,0.2941638582318321,-0.18356209289166153,-0.10719401475403403,-0.7300273473175584,0.0000,0.9500,-0.2000,10.425
2026-04-26 18:47:21.129,674,0.17672702910951477,0.2940825265410739,-0.18345467145796146,-0.1070160022128153,-0.729959104402161,0.0000,1.0000,0.2500,10.509
2026-04-26 18:47:21.145,675,0.1768951834661659,0.2940023274772399,-0.18334898875081582,-0.10683864996811639,-0.7298909020218047,0.0000,1.0000,-0.0500,8.400
2026-04-26 18:47:21.145,676,0.17706410319235202,0.2939213859814313,-0.18324245579035306,-0.10666102058072793,-0.7298227403184568,0.0000,1.0000,0.4000,11.895
2026-04-26 18:47:21.160,677,0.1772340149954541,0.29383923918371146,-0.18313427173231225,-0.10648222794704848,-0.7297542920531953,0.0000,1.0000,0.3000,8.842
2026-04-26 18:47:21.176,678,0.17740430732960163,0.29375605934862026,-0.1830247362444073,-0.10630321054182112,-0.7296859834912205,0.0000,1.0000,0.3500,11.218
2026-04-26 18:47:21.192,679,0.17757601135606457,0.29367235530127794,-0.1829148081572473,-0.10612377093446751,-0.7296175888035173,0.0000,1.0000,0.1500,8.039
2026-04-26 18:47:21.207,680,0.1777478540210505,0.29358921976931945,-0.1828057140973743,-0.10594437853168027,-0.7295490696026893,0.0000,0.9000,0.0000,8.003
2026-04-26 18:47:21.223,681,0.1779206527798211,0.2935054957925863,-0.18269605399124816,-0.10576476640125805,-0.7294805817524738,0.0000,0.8500,-0.0500,9.130
2026-04-26 18:47:21.239,682,0.1780938333878693,0.2934224929185303,-0.1825875831567157,-0.10558546943098393,-0.7294120653983508,0.0000,1.0000,-0.1500,8.442
2026-04-26 18:47:21.365,683,0.17826719076276404,0.2933392990832109,-0.1824788109435313,-0.10540581089771131,-0.729343410281857,0.0000,1.0000,0.2000,8.138
2026-04-26 18:47:21.380,684,0.17844194912720177,0.29325566346035253,-0.18236985339760692,-0.10522609489375577,-0.7292748312415368,0.0000,0.9000,0.1000,9.076
2026-04-26 18:47:21.380,685,0.17861734989477118,0.2931716892969908,-0.18226053806979536,-0.10504602436647094,-0.7292061540238386,0.0000,1.0000,0.0500,10.992
2026-04-26 18:47:21.396,686,0.17879236807812116,0.2930874257700294,-0.18215056744745817,-0.10486541641079712,-0.7291372749652693,0.0000,1.0000,0.2500,8.211
2026-04-26 18:47:21.412,687,0.17896822623178316,0.29300193864598173,-0.18203902725347712,-0.10468421595656129,-0.7290684001711276,0.0000,1.0000,0.4000,8.904
2026-04-26 18:47:21.420,688,0.179144748467975,0.29291650446476736,-0.18192787473596606,-0.10450342003726215,-0.7289997091039665,0.0000,1.0000,-0.0500,8.626
2026-04-26 18:47:21.428,689,0.1793210831652961,0.2928313482219066,-0.18181711567706443,-0.10432288248169287,-0.7289310725088741,0.0000,1.0000,0.0500,8.695
2026-04-26 18:47:21.443,690,0.1794972032745652,0.2927461371527383,-0.18170616364400716,-0.10414214373416583,-0.7288623438775501,0.0000,1.0000,0.0000,9.431
2026-04-26 18:47:21.459,691,0.1796736587330764,0.2926618887712136,-0.18159673567950196,-0.10396179274862263,-0.7287935633856799,0.0000,0.7500,-0.2500,6.299
2026-04-26 18:47:21.459,692,0.1798507994758499,0.29257831503027537,-0.18148854511399207,-0.10378182575085419,-0.7287248012339677,0.0000,0.9500,0.0000,8.891
2026-04-26 18:47:21.475,693,0.1800276354441672,0.2924949325698278,-0.18138050788648824,-0.10360179916287476,-0.7286559565483481,0.0000,1.0000,0.1000,9.755
2026-04-26 18:47:21.490,694,0.18020513031133453,0.2924111037235095,-0.18127178640596617,-0.10342073458148662,-0.7285866996175931,0.0000,0.9000,0.3000,8.316
2026-04-26 18:47:21.506,695,0.1803837525124658,0.2923278925695787,-0.18116446376639553,-0.1032404375706007,-0.7285176672767669,0.0000,0.9000,-0.1000,9.717
2026-04-26 18:47:21.511,696,0.18056236279851956,0.292244316757906,-0.18105652540061626,-0.10305970947701129,-0.7284485058583825,0.0000,1.0000,0.2000,11.154
2026-04-26 18:47:21.523,697,0.18074129864683366,0.29216122344491946,-0.18094938759845278,-0.10287912892986938,-0.7283792929584179,0.0000,0.9500,0.0000,9.048
2026-04-26 18:47:21.539,698,0.18092056829370154,0.29207825023259365,-0.18084266432687301,-0.10269909065919369,-0.7283103166108408,0.0000,1.0000,-0.0500,9.640
2026-04-26 18:47:21.545,699,0.18109933686969865,0.29199542463430866,-0.180735843643438,-0.1025185078714786,-0.7282410266089636,0.0000,0.9500,0.1500,10.289
2026-04-26 18:47:21.560,700,0.18127884276617842,0.29191189706093856,-0.1806283572810962,-0.10233816328779505,-0.7281720267779873,0.0000,1.0000,0.0000,13.163
2026-04-26 18:47:21.576,701,0.18145840352142872,0.29182853690879085,-0.18052121315136682,-0.10215817155405166,-0.7281031571581627,0.0000,1.0000,0.0000,9.337
2026-04-26 18:47:21.585,702,0.1816379210270391,0.2917450210270936,-0.18041398179595983,-0.10197868859750052,-0.7280345765661864,0.0000,1.0000,0.2000,9.488
2026-04-26 18:47:21.585,703,0.181817531718717,0.2916623646578726,-0.18030790691834636,-0.10179902933085579,-0.7279656887123062,0.0000,0.8000,-0.1000,7.099
2026-04-26 18:47:21.601,704,0.18199761228055722,0.2915801428846066,-0.1802026593367898,-0.10161969561194187,-0.7278968508179955,0.0000,1.0000,-0.1000,6.498
2026-04-26 18:47:21.620,705,0.1821779755977562,0.29149765444725945,-0.180096997368766,-0.10143984580651157,-0.7278278174436195,0.0000,1.0000,0.2500,9.100
2026-04-26 18:47:21.632,706,0.18235817258234266,0.2914157184942141,-0.17999206560932765,-0.10126009035083446,-0.7277586890817596,0.0000,0.8500,-0.1500,6.207
2026-04-26 18:47:21.632,707,0.1825391519013022,0.291334126784224,-0.17988789343819084,-0.10108051035028671,-0.7276895584060348,0.0000,0.7500,0.0000,7.430
2026-04-26 18:47:21.648,708,0.18272087355922612,0.29125270561439537,-0.1797840637097527,-0.10090048312735711,-0.7276201575631229,0.0000,0.5500,-0.1500,11.932
2026-04-26 18:47:21.664,709,0.18290334295040495,0.2911707405648364,-0.1796796588143353,-0.10072021747031697,-0.727550769610947,0.0000,1.0000,0.3000,7.630
2026-04-26 18:47:21.664,710,0.18308615576647644,0.29108783120512954,-0.17957391878763812,-0.10053938356249938,-0.72748132980671,0.0000,1.0000,0.3000,10.374
2026-04-26 18:47:21.679,711,0.18326918280155224,0.29100442844504876,-0.17946742436557173,-0.10035799941577708,-0.7274117344859679,0.0000,1.0000,0.1500,9.994
2026-04-26 18:47:21.695,712,0.18345305527183386,0.290921490534844,-0.17936211048325468,-0.1001776709287077,-0.7273425470916443,0.0000,1.0000,-0.2000,9.996
2026-04-26 18:47:21.711,713,0.18363683778627843,0.2908383848154079,-0.1792564669955775,-0.0999970665777576,-0.7272732600821132,0.0000,0.9500,-0.0500,8.289
2026-04-26 18:47:21.721,714,0.1838208239087567,0.29075590813832664,-0.1791517473278507,-0.09981646534700254,-0.7272038137910497,0.0000,0.8500,-0.0500,7.603
2026-04-26 18:47:21.727,715,0.18400513984099276,0.29067314999316024,-0.17904668571365245,-0.09963563925701419,-0.7271343219100652,0.0000,1.0000,0.0500,9.410
2026-04-26 18:47:21.742,716,0.1841897979460231,0.2905906397383667,-0.1789421552434364,-0.09945513256178176,-0.7270649242794497,0.0000,1.0000,-0.0500,10.099
2026-04-26 18:47:21.742,717,0.18437479210163746,0.29050780706805945,-0.17883714743847282,-0.09927409882373718,-0.7269953403090069,0.0000,1.0000,0.1500,5.262
2026-04-26 18:47:21.761,718,0.1845602062510852,0.29042401659898726,-0.17873080223495208,-0.09909246996281096,-0.7269256948558496,0.0000,1.0000,0.1000,8.358
2026-04-26 18:47:21.774,719,0.18474616196829155,0.2903399036395914,-0.17862409386564254,-0.09891050377071098,-0.7268559580392857,0.0000,0.9000,0.0500,9.516
2026-04-26 18:47:21.790,720,0.18493218939572162,0.2902553927194501,-0.17851681195519828,-0.09872833865091411,-0.7267862179784652,0.0000,1.0000,0.0000,6.776
2026-04-26 18:47:21.790,721,0.18511861484393238,0.2901707695695637,-0.17840959203862486,-0.09854651324490832,-0.7267166726104408,0.0000,1.0000,0.1500,8.620
2026-04-26 18:47:21.805,722,0.1853052923775804,0.2900860329063995,-0.17830232944171934,-0.09836481212789201,-0.7266472145920181,0.0000,1.0000,0.1500,7.819
2026-04-26 18:47:21.821,723,0.1854919441828982,0.29000038272683154,-0.17819347806248645,-0.09818186736688336,-0.7265773600050857,0.0000,1.0000,0.4000,8.579
2026-04-26 18:47:21.821,724,0.18567936326547702,0.28991490292876665,-0.1780851905318486,-0.09799927131559058,-0.7265076340989052,0.0000,0.8000,-0.2000,11.275
2026-04-26 18:47:21.836,725,0.18586766597188611,0.2898279718165239,-0.17797498387968724,-0.09781589292916316,-0.7264378768211527,0.0000,1.0000,0.3000,12.735
2026-04-26 18:47:21.852,726,0.18605574688953583,0.28974070459393897,-0.1778640937546194,-0.09763192947993375,-0.7263679080525237,0.0000,1.0000,0.1500,9.083
2026-04-26 18:47:21.852,727,0.18624474805830102,0.28965323656419006,-0.17775316436867364,-0.09744778245382885,-0.7262978947549928,0.0000,1.0000,-0.0500,6.471
2026-04-26 18:47:21.868,728,0.18643431944354522,0.28956604869293423,-0.17764270633023826,-0.0972633093191162,-0.7262276454654136,0.0000,1.0000,0.0000,8.112
2026-04-26 18:47:21.883,729,0.18662498888291523,0.2894791329206337,-0.17753302759262818,-0.09707909159796171,-0.7261574530032252,0.0000,1.0000,-0.0500,10.449
2026-04-26 18:47:21.883,730,0.18681674503016849,0.28939157809198107,-0.1774226769729935,-0.09689437307307495,-0.726087167091429,0.0000,1.0000,0.3500,9.901
2026-04-26 18:47:21.899,731,0.18700951252161138,0.28930391137147865,-0.17731250246892444,-0.0967097161658882,-0.7260169371917928,0.0000,0.9500,0.0500,8.750
2026-04-26 18:47:21.914,732,0.18720242592246758,0.28921660533153587,-0.17720275716563433,-0.0965246534206216,-0.7259464114748695,0.0000,0.9500,-0.0500,8.041
2026-04-26 18:47:21.920,733,0.18739576055281654,0.2891294020258344,-0.177093185387613,-0.09633922875158558,-0.7258756764253153,0.0000,0.9500,0.0000,5.356
2026-04-26 18:47:21.930,734,0.18758978706883653,0.2890423623806566,-0.17698414100317195,-0.0961541382826346,-0.7258050649137945,0.0000,1.0000,0.1000,7.019
2026-04-26 18:47:21.946,735,0.18778447686019528,0.2889556626291561,-0.1768758144739718,-0.09596922844603376,-0.7257344561378546,0.0000,1.0000,0.0000,6.443
2026-04-26 18:47:21.946,736,0.18797914649663916,0.2888691835384217,-0.176767678734659,-0.09578392737348425,-0.7256635940106815,0.0000,1.0000,0.2000,9.293
2026-04-26 18:47:21.962,737,0.1881742927252042,0.28878315366129703,-0.17666024898908517,-0.09559842193676724,-0.725592514868476,0.0000,0.9500,-0.1500,7.825
2026-04-26 18:47:21.977,738,0.18837047205041943,0.28869683213930336,-0.17655266412275156,-0.09541263497320977,-0.7255213653824644,0.0000,1.0000,-0.0500,8.236
2026-04-26 18:47:21.977,739,0.1885667756414731,0.28861003856402706,-0.17644433738801824,-0.09522634078267692,-0.7254500778420567,0.0000,1.0000,0.0500,9.548
2026-04-26 18:47:21.993,740,0.18876401837222415,0.2885230160100926,-0.17633593111787776,-0.09503983549436795,-0.72537873958001,0.0000,1.0000,0.1500,8.330
2026-04-26 18:47:22.012,741,0.18896166915667773,0.28843481989475084,-0.17622585832043552,-0.09485262196072909,-0.7253073382044958,0.0000,1.0000,0.1500,13.080
2026-04-26 18:47:22.021,742,0.1891599542858947,0.2883464162891325,-0.17611554518839753,-0.09466483954345271,-0.7252357019142949,0.0000,0.9500,0.1000,10.300
2026-04-26 18:47:22.025,743,0.18935887953192693,0.288257893043713,-0.1760052608508225,-0.09447703579349907,-0.7251640825574501,0.0000,1.0000,0.0500,8.723
2026-04-26 18:47:22.040,744,0.18955917805956884,0.2881686963628632,-0.1758942549731975,-0.09428839443845312,-0.7250922104813152,0.0000,0.8500,0.1000,7.343
2026-04-26 18:47:22.056,745,0.18976049145853346,0.2880788272548837,-0.1757825239741468,-0.09409930672550643,-0.7250202810915447,0.0000,1.0000,0.2000,7.695
2026-04-26 18:47:22.056,746,0.18996237226809493,0.2879888150466685,-0.17567070649692765,-0.09390997174878347,-0.7249482616370994,0.0000,1.0000,0.0000,9.117
2026-04-26 18:47:22.072,747,0.19016528013937886,0.2878988365395271,-0.17555929144364707,-0.09372078352929927,-0.724876304961277,0.0000,1.0000,0.0500,9.745
2026-04-26 18:47:22.087,748,0.19036865618058788,0.2878083481472701,-0.17544721522769527,-0.0935311871434603,-0.724804269531449,0.0000,1.0000,0.2500,10.531
2026-04-26 18:47:22.087,749,0.19057262163904054,0.28771790260633395,-0.1753353336906746,-0.09334141974799157,-0.7247321357740006,0.0000,1.0000,-0.1000,9.055
2026-04-26 18:47:22.103,750,0.19077771481617872,0.2876268853429665,-0.1752228370514468,-0.09315097519710341,-0.7246598042911246,0.0000,0.9500,0.0500,8.942
2026-04-26 18:47:22.121,751,0.1909839262761629,0.2875344558914533,-0.17510846010276004,-0.09295942734200134,-0.7245872721560271,0.0000,1.0000,0.3000,9.316
2026-04-26 18:47:22.134,752,0.19119090870142952,0.2874417549802684,-0.1749937788823103,-0.09276724189443913,-0.7245144870731739,0.0000,1.0000,0.0000,9.783
2026-04-26 18:47:22.134,753,0.1913988561824126,0.28734906770432744,-0.1748791949161585,-0.09257424262616963,-0.724441289684959,0.0000,0.8500,0.0000,8.108
2026-04-26 18:47:22.150,754,0.19160780729167828,0.2872565981323189,-0.17476528986201212,-0.0923815110220956,-0.7243681697464548,0.0000,1.0000,-0.1500,8.879
2026-04-26 18:47:22.166,755,0.19181820373901803,0.28716370634748195,-0.17465112172416647,-0.09218828876601148,-0.7242949081080947,0.0000,1.0000,0.1000,7.148
2026-04-26 18:47:22.181,756,0.19202964854799237,0.28707021690528434,-0.1745362158589387,-0.0919941563808079,-0.724221338921363,0.0000,0.9500,0.1000,7.577
2026-04-26 18:47:22.181,757,0.19224241063380001,0.2869766255349278,-0.1744215609207461,-0.09179996466728878,-0.7241477636828333,0.0000,1.0000,0.2000,8.957
2026-04-26 18:47:22.197,758,0.19245624359175298,0.2868824979535141,-0.17430632375849447,-0.09160510314638036,-0.7240739857517386,0.0000,0.8500,0.1000,8.116
2026-04-26 18:47:22.221,759,0.19267102744727022,0.2867874678519506,-0.17418992990139512,-0.09140943293509031,-0.7240000272914806,0.0000,1.0000,0.3500,9.286
2026-04-26 18:47:22.229,760,0.1928872781620893,0.286692201254221,-0.174073550942141,-0.09121333834062795,-0.723925913976878,0.0000,0.6500,-0.1500,7.060
2026-04-26 18:47:22.244,761,0.1931049372944625,0.2865963553931196,-0.17395672227827444,-0.09101689884690367,-0.7238517712684894,0.0000,1.0000,0.0000,6.845
2026-04-26 18:47:22.244,762,0.19332351477374057,0.2865000114971662,-0.17383933144271466,-0.09081984489476047,-0.7237774441060064,0.0000,1.0000,0.2000,5.030
2026-04-26 18:47:22.262,763,0.19354297233741174,0.28640302705199566,-0.17372122197769213,-0.09062236187436289,-0.7237030608391065,0.0000,1.0000,0.1000,11.076
2026-04-26 18:47:22.276,764,0.1937628456959492,0.2863057818913017,-0.1736026118813604,-0.09042386384872374,-0.7236282335664865,0.0000,1.0000,0.1500,5.241
2026-04-26 18:47:22.292,765,0.19398371462308145,0.28620822784536504,-0.17348373863380756,-0.09022481461533836,-0.7235532062545538,0.0000,1.0000,0.1000,7.504
2026-04-26 18:47:22.307,766,0.19420539141867493,0.286109831776432,-0.17336376399332032,-0.09002501902674614,-0.7234780146388675,0.0000,1.0000,0.2500,9.043
2026-04-26 18:47:22.321,767,0.19442770192232933,0.28601147342542327,-0.1732439753987029,-0.08982499653244878,-0.723402698533427,0.0000,1.0000,0.0000,9.063
2026-04-26 18:47:22.323,768,0.19465155825589414,0.28591289317822755,-0.17312429404772467,-0.08962472866407233,-0.7233273136316843,0.0000,0.9500,-0.0500,7.128
2026-04-26 18:47:22.339,769,0.19487608506600018,0.2858143982285477,-0.1730049373089484,-0.08942446531912573,-0.7232519081077179,0.0000,1.0000,0.1500,10.210
2026-04-26 18:47:22.354,770,0.1951016350950252,0.28571516269094543,-0.1728846696199713,-0.08922340258578787,-0.7231762865003701,0.0000,1.0000,0.3500,12.703
2026-04-26 18:47:22.370,771,0.19532844144225536,0.2856155919059806,-0.17276426943480044,-0.08902210984434746,-0.7231006321876879,0.0000,1.0000,-0.0500,9.445
2026-04-26 18:47:22.370,772,0.19555612058832988,0.2855155555750059,-0.17264333491021608,-0.08882019367645069,-0.7230247810578531,0.0000,1.0000,0.2000,10.934
2026-04-26 18:47:22.386,773,0.1957847159282914,0.28541545468238255,-0.17252253936619247,-0.0886180718605208,-0.7229488417763432,0.0000,1.0000,-0.1500,8.224
2026-04-26 18:47:22.401,774,0.19601383018373295,0.285314408897368,-0.17240042082293164,-0.08841523278586359,-0.7228727786425181,0.0000,1.0000,0.3000,12.352
2026-04-26 18:47:22.421,775,0.19624400716537113,0.2852128120100537,-0.17227768128930793,-0.08821166537027299,-0.7227964876894424,0.0000,0.8500,0.0000,11.085
2026-04-26 18:47:22.433,776,0.19647513753150028,0.2851115224140525,-0.17215558799097053,-0.08800784816398587,-0.7227199936151968,0.0000,0.8500,-0.1500,9.243
2026-04-26 18:47:22.449,777,0.19670745315099025,0.28500946515222514,-0.17203263850832048,-0.08780338735827857,-0.7226433682757493,0.0000,1.0000,0.0000,10.820
2026-04-26 18:47:22.464,778,0.1969402879831591,0.2849074246706631,-0.17190950571792685,-0.08759756516710898,-0.722566056687285,0.0000,0.7500,0.2000,7.970
2026-04-26 18:47:22.480,779,0.19717412336921758,0.2848049401047566,-0.1717857882695662,-0.08739067802941959,-0.722488322305846,0.0000,0.9000,0.1000,5.957
2026-04-26 18:47:22.480,780,0.1974089902210822,0.2847013224080205,-0.17166058773549975,-0.08718284808019669,-0.7224103984806587,0.0000,1.0000,0.2000,10.740
2026-04-26 18:47:22.495,781,0.1976447953187698,0.28459710860345216,-0.1715345662530419,-0.08697391777968139,-0.7223320722059047,0.0000,1.0000,0.3000,10.486
2026-04-26 18:47:22.522,782,0.19788191623181262,0.28449236269579886,-0.17140814145881966,-0.08676468227536714,-0.7222537250736569,0.0000,1.0000,0.0500,9.407
2026-04-26 18:47:22.527,783,0.19812063131130644,0.28438704573208845,-0.17128136750430226,-0.08655522216179727,-0.7221754071386507,0.0000,1.0000,0.1000,9.305
2026-04-26 18:47:22.543,784,0.19836061420927628,0.28428132073965623,-0.17115423692706874,-0.08634505593744145,-0.7220968369122193,0.0000,0.9500,0.1000,7.760
2026-04-26 18:47:22.558,785,0.1986016550734832,0.28417439527990573,-0.17102545930487478,-0.08613364926024006,-0.72201794535163,0.0000,1.0000,0.2500,10.554
2026-04-26 18:47:22.574,786,0.19884401687412398,0.28406670445598253,-0.17089586318358482,-0.08592157248192803,-0.7219389088753325,0.0000,1.0000,0.2000,9.676
2026-04-26 18:47:22.684,787,0.19908766984954757,0.2839588535481276,-0.17076635096999626,-0.08570914180413503,-0.7218597342821743,0.0000,0.8000,-0.1000,5.425
2026-04-26 18:47:22.699,788,0.19933200767524548,0.28385012395296033,-0.17063554428057132,-0.0854955748313274,-0.7217802100430553,0.0000,1.0000,0.2500,9.575
2026-04-26 18:47:22.699,789,0.1995776225848636,0.28374070669672435,-0.1705040918156913,-0.08528163543399934,-0.7217006703542157,0.0000,1.0000,0.3000,10.143
2026-04-26 18:47:22.722,790,0.19982452536988393,0.28363098190995617,-0.17037256562344685,-0.08506750825015835,-0.7216211125193163,0.0000,1.0000,-0.0500,7.850
2026-04-26 18:47:22.722,791,0.20007250048149716,0.28352039177336275,-0.17024002134195287,-0.08485276095769505,-0.7215414598491571,0.0000,1.0000,0.2000,13.173
2026-04-26 18:47:22.731,792,0.20032163053185464,0.2834088584971968,-0.17010629563036567,-0.08463708697847663,-0.7214615785188846,0.0000,0.9500,0.1500,10.516
2026-04-26 18:47:22.747,793,0.20057196913704067,0.28329681861218003,-0.16997211109642663,-0.08442089519900739,-0.7213815638555949,0.0000,1.0000,0.0500,7.692
2026-04-26 18:47:22.747,794,0.20082355878775063,0.2831843076134822,-0.1698375912049005,-0.08420441565510665,-0.721301522019682,0.0000,1.0000,0.1000,10.687
2026-04-26 18:47:22.762,795,0.20107673057480868,0.2830714516968553,-0.16970304683667198,-0.08398778468900138,-0.7212214896493536,0.0000,1.0000,0.0500,8.953
2026-04-26 18:47:22.762,796,0.20133139252830337,0.2829580439763936,-0.16956808390697695,-0.08377069289653959,-0.7211413637798022,0.0000,0.9500,0.1500,9.087
2026-04-26 18:47:22.778,797,0.20158726950210926,0.2828447239165285,-0.16943354311878348,-0.08355333436661003,-0.7210610816049192,0.0000,1.0000,0.0000,11.140
2026-04-26 18:47:22.793,798,0.20184414366115042,0.2827314213043483,-0.16929915584434344,-0.0833353163961319,-0.720980464341714,0.0000,0.8000,-0.1500,9.027
2026-04-26 18:47:22.793,799,0.20210196277251669,0.28261738486852095,-0.16916378560250758,-0.08311628750570405,-0.720899524083411,0.0000,1.0000,0.2000,11.609
2026-04-26 18:47:22.809,800,0.20236085544415588,0.28250229586941017,-0.169027096686223,-0.08289647029050552,-0.720818451827374,0.0000,1.0000,0.2000,11.741
2026-04-26 18:47:22.825,801,0.20262067267565856,0.2823859893551468,-0.16888875330611236,-0.08267562438262203,-0.720737168642256,0.0000,1.0000,0.4500,8.680
2026-04-26 18:47:22.825,802,0.20288142638776965,0.2822692419584791,-0.16874992636320746,-0.08245414660345082,-0.7206556787949914,0.0000,1.0000,0.2500,6.291
2026-04-26 18:47:22.841,803,0.2031433946763706,0.2821518103025219,-0.16861042222011016,-0.0822322341943093,-0.7205741417646666,0.0000,1.0000,-0.1500,11.324
2026-04-26 18:47:22.841,804,0.20340651597651516,0.2820344862896156,-0.1684713615680554,-0.08201010402742029,-0.7204924680258016,0.0000,1.0000,-0.1500,7.674
2026-04-26 18:47:22.856,805,0.20367079224727927,0.2819170766974803,-0.16833245701457716,-0.08178766633977975,-0.7204106610162477,0.0000,1.0000,0.1500,9.764
2026-04-26 18:47:22.872,806,0.2039359919526971,0.28179862205818945,-0.1681921069915307,-0.08156410295566549,-0.7203285515287023,0.0000,1.0000,0.5000,8.966
2026-04-26 18:47:22.872,807,0.20420223373248236,0.28167950183384277,-0.168050960130109,-0.08133976309353749,-0.7202462193202438,0.0000,1.0000,0.3000,10.799
2026-04-26 18:47:22.889,808,0.2044696231591757,0.2815594995025607,-0.16790877068164128,-0.08111471141329574,-0.7201637508644644,0.0000,1.0000,0.1000,11.487
2026-04-26 18:47:22.899,809,0.20473765191425608,0.28143925007593534,-0.1677661604130847,-0.0808886178740552,-0.7200808224009986,0.0000,1.0000,0.1500,8.451
2026-04-26 18:47:22.904,810,0.20500694814948417,0.28131853822841146,-0.16762322013665448,-0.08066219391795056,-0.7199978434950829,0.0000,1.0000,0.0500,7.943
2026-04-26 18:47:22.919,811,0.205277231245624,0.28119696391776394,-0.1674791763360064,-0.08043491599643073,-0.7199146523955867,0.0000,1.0000,0.1000,9.084
2026-04-26 18:47:22.922,812,0.20554847928524103,0.2810752958382829,-0.16733511946886004,-0.08020696106994062,-0.7198311454215598,0.0000,1.0000,0.0000,8.010
2026-04-26 18:47:22.935,813,0.20582075293476557,0.2809523873241295,-0.16718940305115731,-0.07997795954542271,-0.7197474244551467,0.0000,1.0000,0.3000,10.512
2026-04-26 18:47:22.951,814,0.20609419276065233,0.280829026951703,-0.16704329738525214,-0.07974846985055492,-0.7196635715781174,0.0000,1.0000,0.1000,10.893
2026-04-26 18:47:22.951,815,0.2063690137219261,0.28070636288746315,-0.1668986200717464,-0.07951917457941995,-0.7195796410577484,0.0000,1.0000,-0.2000,6.299
2026-04-26 18:47:22.966,816,0.2066445753913886,0.2805828837574523,-0.16675275029858302,-0.07928873604661618,-0.7194953419065007,0.0000,1.0000,0.4000,8.015
2026-04-26 18:47:22.982,817,0.2069211182439746,0.28045919142490533,-0.1666067530143106,-0.07905778265767152,-0.7194108378728268,0.0000,0.9000,0.1500,7.706
2026-04-26 18:47:22.998,818,0.20719874816787617,0.2803345185841769,-0.16645961088223957,-0.07882630607114083,-0.7193263166237402,0.0000,1.0000,0.1500,10.585
2026-04-26 18:47:22.998,819,0.20747787957258837,0.28020993551423296,-0.1663130630089919,-0.07859486438846322,-0.7192417896513742,0.0000,1.0000,-0.1500,12.225
2026-04-26 18:47:23.014,820,0.20775856510430604,0.2800844797196572,-0.16616572699620852,-0.07836314406332144,-0.7191573408174118,0.0000,1.0000,-0.0500,8.651
2026-04-26 18:47:23.030,821,0.20804036247398208,0.2799583943714346,-0.16601770865427318,-0.07813081037086646,-0.7190727419775049,0.0000,0.9000,0.0500,8.866
2026-04-26 18:47:23.030,822,0.20832289805361082,0.2798327987710582,-0.1658703929286096,-0.07789775795595766,-0.7189876606393707,0.0000,0.9000,0.0500,6.589
2026-04-26 18:47:23.045,823,0.2086066430860221,0.27970611830044767,-0.16572173451230351,-0.07766383697998418,-0.7189024155487242,0.0000,1.0000,0.2000,10.711
2026-04-26 18:47:23.061,824,0.20889099265476194,0.2795791787974687,-0.16557257340013043,-0.07742867059440191,-0.7188166118321702,0.0000,1.0000,0.3500,9.015
2026-04-26 18:47:23.061,825,0.209176268096636,0.2794520193705711,-0.16542325803110994,-0.07719298743879517,-0.7187306040425762,0.0000,0.9000,0.1000,7.993
2026-04-26 18:47:23.077,826,0.20946263757170902,0.27932382789634547,-0.16527265658043738,-0.07695651005044869,-0.7186444564894721,0.0000,1.0000,0.1500,8.897
2026-04-26 18:47:23.092,827,0.20975033842537846,0.27919631941849016,-0.1651234414813293,-0.07672019565121463,-0.7185582190327439,0.0000,0.9000,-0.1500,6.957
2026-04-26 18:47:23.108,828,0.21003905462393815,0.27906909709702715,-0.164974841581196,-0.07648355370163497,-0.7184717456223934,0.0000,0.7500,-0.1500,5.639
2026-04-26 18:47:23.122,829,0.21032903514990908,0.2789423190697818,-0.1648272524456509,-0.0762469669236673,-0.7183851880945333,0.0000,0.8000,-0.3000,6.410
2026-04-26 18:47:23.124,830,0.21062002203305724,0.27881560128940536,-0.16467993872349132,-0.07600994651883856,-0.7182983980712109,0.0000,0.9500,-0.0500,10.113
2026-04-26 18:47:23.140,831,0.21091213369015827,0.2786885552754093,-0.16453239414118412,-0.07577244687414889,-0.7182114498753529,0.0000,0.9500,-0.0500,7.882
2026-04-26 18:47:23.155,832,0.21120546186395264,0.2785606299788302,-0.1643836508862132,-0.0755335630277576,-0.7181240287974451,0.0000,1.0000,0.2500,10.635
2026-04-26 18:47:23.171,833,0.2114999615294099,0.2784328543587664,-0.1642353012890541,-0.07529404252815419,-0.7180362513809853,0.0000,0.9500,-0.0500,11.648
2026-04-26 18:47:23.171,834,0.21179559194732908,0.2783047014947506,-0.1640866002379484,-0.07505383662932015,-0.7179482249919732,0.0000,0.9000,-0.0500,8.977
2026-04-26 18:47:23.186,835,0.21209220810945073,0.2781765824150582,-0.16393808505172283,-0.07481302232322432,-0.7178598853780833,0.0000,1.0000,0.1000,7.347
2026-04-26 18:47:23.202,836,0.2123902443309763,0.2780476795624055,-0.16378877598757646,-0.07457161040125873,-0.7177714423329602,0.0000,1.0000,0.0500,11.089
2026-04-26 18:47:23.223,837,0.212689419484527,0.27791755099509485,-0.16363773892176695,-0.0743286938378873,-0.7176825528377582,0.0000,1.0000,0.2000,10.256
2026-04-26 18:47:23.234,838,0.21299051929751378,0.2777869394950587,-0.16348656783138107,-0.07408552819229224,-0.7175936589849559,0.0000,1.0000,-0.0500,9.923
2026-04-26 18:47:23.234,839,0.21329302302367165,0.2776545436201041,-0.16333299375746257,-0.07384088122471685,-0.7175044700234682,0.0000,1.0000,0.4000,11.057
2026-04-26 18:47:23.249,840,0.21359688517593853,0.27752165863890915,-0.16317889771112745,-0.07359522268269429,-0.7174148970180136,0.0000,1.0000,0.0500,10.650
2026-04-26 18:47:23.265,841,0.21390222884060234,0.27738809855030633,-0.16302402538901745,-0.07334841064448795,-0.7173249155160153,0.0000,1.0000,0.2500,7.407
2026-04-26 18:47:23.281,842,0.2142091219990359,0.2772543912368942,-0.162869186249489,-0.07310069686963887,-0.7172345194344736,0.0000,1.0000,0.1500,8.890
2026-04-26 18:47:23.281,843,0.21451770792715813,0.27712010262578657,-0.1627138123235289,-0.07285200939633023,-0.717143781318463,0.0000,1.0000,0.0500,9.474
2026-04-26 18:47:23.297,844,0.21482698196022007,0.2769844221409365,-0.1625563833722765,-0.07260196060135737,-0.7170527100080379,0.0000,1.0000,0.3500,9.278
2026-04-26 18:47:23.312,845,0.21513824293806758,0.27684759731861086,-0.16239774014863032,-0.0723509335416072,-0.7169614351551054,0.0000,1.0000,0.0500,11.600
2026-04-26 18:47:23.323,846,0.21545069649067086,0.2767097516482421,-0.162237652959834,-0.07209835666731133,-0.7168696401198403,0.0000,1.0000,0.4000,8.778
2026-04-26 18:47:23.328,847,0.21576459644932366,0.2765709753840056,-0.1620765718127031,-0.0718451536328066,-0.7167777641731734,0.0000,1.0000,0.1000,10.492
2026-04-26 18:47:23.344,848,0.21608016602319696,0.27643158267414136,-0.161914807890986,-0.07159063199768606,-0.7166853825650377,0.0000,1.0000,0.0500,7.756
2026-04-26 18:47:23.344,849,0.21639730483982533,0.27629192075809333,-0.16175301685747254,-0.07133558080287071,-0.716592803013121,0.0000,1.0000,-0.1000,9.514
2026-04-26 18:47:23.360,850,0.21671640142621373,0.2761511941848206,-0.16159018653224466,-0.0710798305756991,-0.7165001396508353,0.0000,1.0000,0.2000,8.260
2026-04-26 18:47:23.375,851,0.21703694038539714,0.27600935411136374,-0.16142583384175485,-0.07082242378199621,-0.7164069259287101,0.0000,1.0000,0.3500,9.493
2026-04-26 18:47:23.391,852,0.21735954209015665,0.27586636059944397,-0.16126022976067897,-0.07056386045595751,-0.7163134218551874,0.0000,1.0000,0.3000,9.503
2026-04-26 18:47:23.406,853,0.217683636069602,0.275722752222215,-0.16109401262375037,-0.07030443219662741,-0.7162196385931736,0.0000,0.9500,0.0500,7.167
2026-04-26 18:47:23.406,854,0.2180095335339092,0.2755778202377454,-0.16092613369672032,-0.07004348238053683,-0.7161254250229895,0.0000,1.0000,0.4000,8.483
2026-04-26 18:47:23.423,855,0.21833784593120364,0.27543124250674345,-0.16075633420113175,-0.0697809847488237,-0.716030848556501,0.0000,1.0000,0.4000,11.060
2026-04-26 18:47:23.438,856,0.21866836971580406,0.2752840471476158,-0.16058616574001275,-0.06951772100258996,-0.7159360430210344,0.0000,1.0000,-0.0500,7.051
2026-04-26 18:47:23.454,857,0.2190011918013043,0.27513691256992656,-0.16041661229731788,-0.06925380611333694,-0.7158408963062306,0.0000,0.9500,-0.1500,5.883
2026-04-26 18:47:23.454,858,0.21933714231022647,0.2749893135692194,-0.16024705208764034,-0.0689886454271259,-0.7157452423924212,0.0000,1.0000,-0.0500,9.699
2026-04-26 18:47:23.469,859,0.2196757918227057,0.2748404153703678,-0.16007609840245884,-0.06872181258943642,-0.7156490768022219,0.0000,1.0000,0.2000,9.693
2026-04-26 18:47:23.485,860,0.2200166917571716,0.27469007348023833,-0.15990344392191438,-0.06845341158676992,-0.7155524876581696,0.0000,1.0000,0.4500,11.813
2026-04-26 18:47:23.501,861,0.2203587230122262,0.27453958848935295,-0.15973076261748623,-0.06818434315744287,-0.7154556001877047,0.0000,0.8500,0.0500,8.257
2026-04-26 18:47:23.513,862,0.2207039046154542,0.2743884480312001,-0.1595578375841813,-0.06791409263314492,-0.7153582851541241,0.0000,1.0000,-0.2000,8.524
2026-04-26 18:47:23.523,863,0.22105079723714846,0.27423637857885336,-0.15938387118233965,-0.06764272948139562,-0.7152606456786559,0.0000,1.0000,0.1500,9.892
2026-04-26 18:47:23.533,864,0.22139953136690163,0.2740832024511104,-0.15920847244042746,-0.06736955349725295,-0.7151623760847802,0.0000,1.0000,0.0500,10.522
2026-04-26 18:47:23.548,865,0.2217495866628001,0.27392978315428873,-0.1590328878448537,-0.06709540996159198,-0.7150636831419211,0.0000,0.9000,0.2000,7.395
2026-04-26 18:47:23.548,866,0.22210126254817933,0.27377582380704724,-0.15885678209666915,-0.06682021690095925,-0.7149646000891697,0.0000,0.9000,0.0000,7.164
2026-04-26 18:47:23.564,867,0.22245528326308162,0.2736210095918425,-0.1586799763030699,-0.06654407873625004,-0.7148652578467596,0.0000,1.0000,0.3000,11.410
2026-04-26 18:47:23.580,868,0.22281020602246418,0.2734664979593773,-0.1585037695773957,-0.06626759972219144,-0.7147656691846976,0.0000,0.7000,-0.0500,7.698
2026-04-26 18:47:23.580,869,0.22316627529883137,0.2733110874837968,-0.15832640996422995,-0.06599008615192714,-0.7146657876112589,0.0000,1.0000,0.3500,8.455
2026-04-26 18:47:23.595,870,0.22352500717965107,0.2731543892837691,-0.15814766355522064,-0.06571090874325546,-0.7145653957108363,0.0000,1.0000,0.1500,11.247
2026-04-26 18:47:23.611,871,0.22388442138791315,0.2729979456258734,-0.15796944424618664,-0.06543161793863353,-0.7144648831430971,0.0000,0.7000,0.0000,8.703
2026-04-26 18:47:23.627,872,0.22424539530264487,0.2728408630253184,-0.15779058828185574,-0.06515141975140104,-0.7143640762909158,0.0000,1.0000,0.2000,7.012
2026-04-26 18:47:23.644,873,0.22460803189213488,0.2726835057770461,-0.1576117151369908,-0.0648706499213991,-0.7142630519554097,0.0000,1.0000,0.2000,7.695
2026-04-26 18:47:23.654,874,0.22497264536531134,0.2725253368908222,-0.1574320808330679,-0.06458890931881146,-0.7141617448240873,0.0000,1.0000,0.0000,9.806
2026-04-26 18:47:23.667,875,0.22533785538213927,0.2723668285914621,-0.15725197618314166,-0.06430646079063984,-0.7140601682690307,0.0000,0.9000,0.3000,9.086
2026-04-26 18:47:23.677,876,0.22570470021685846,0.27220791141830747,-0.15707150905044828,-0.06402287064446922,-0.7139581228139105,0.0000,1.0000,0.1500,9.387
2026-04-26 18:47:23.690,877,0.22607395276132952,0.2720483533416054,-0.15689063022591315,-0.06373824952803728,-0.7138557217946763,0.0000,1.0000,-0.1500,7.454
2026-04-26 18:47:23.703,878,0.22644495962992353,0.27188860028987955,-0.15670982997992894,-0.06345290368429786,-0.7137530068552471,0.0000,1.0000,0.1000,9.281
2026-04-26 18:47:23.710,879,0.2268175777306486,0.2717284588122538,-0.15652892733114784,-0.06316730550957966,-0.7136502625610109,0.0000,1.0000,0.1000,11.348
2026-04-26 18:47:23.725,880,0.22719299137044438,0.2715667618128506,-0.15634626728903667,-0.06287987325257904,-0.7135469898147222,0.0000,1.0000,0.2000,9.663
2026-04-26 18:47:23.740,881,0.2275701491628723,0.2714034282340098,-0.15616151660675462,-0.06259098180850751,-0.713443396332772,0.0000,1.0000,0.4500,8.167
2026-04-26 18:47:23.752,882,0.227949157383375,0.2712387914328928,-0.15597519517303132,-0.062300750144423406,-0.7133394582637038,0.0000,1.0000,0.2500,9.630
2026-04-26 18:47:23.768,883,0.22832994573465018,0.27107415829434384,-0.15578925209616787,-0.06200987037844265,-0.713235194949605,0.0000,1.0000,0.0500,7.485
2026-04-26 18:47:23.779,884,0.2287129516794546,0.27090805918400324,-0.1556015243125685,-0.0617172614688633,-0.7131304332823909,0.0000,1.0000,0.4500,9.726
2026-04-26 18:47:23.796,885,0.22909684434796365,0.27074196092834496,-0.15541399374336287,-0.061424366931592686,-0.7130255283175108,0.0000,0.9500,0.1500,9.380
2026-04-26 18:47:23.814,886,0.22948282477512405,0.2705746777101491,-0.1552251651297857,-0.061130274130400994,-0.7129203201952069,0.0000,1.0000,0.1000,11.557
2026-04-26 18:47:23.829,887,0.22987122585246691,0.2704062350097121,-0.1550350995593258,-0.06083470029869628,-0.7128146611661006,0.0000,1.0000,0.2500,9.698
2026-04-26 18:47:23.845,888,0.2302627679588833,0.27023698395015155,-0.15484437504264192,-0.060537188353138385,-0.7127082349116741,0.0000,1.0000,0.0500,7.620
2026-04-26 18:47:23.858,889,0.2306585270350188,0.2700663562523823,-0.1546524474323649,-0.060237369521074315,-0.7126009991192448,0.0000,1.0000,-0.2000,10.059
2026-04-26 18:47:23.876,890,0.2310551809558477,0.26989543043329317,-0.15446017855423064,-0.05993677196819656,-0.7124934482462512,0.0000,0.7500,0.0000,7.786
2026-04-26 18:47:24.020,891,0.2314519962860726,0.26972532834004914,-0.15426919599562475,-0.05963658986872085,-0.7123858989217672,0.0000,0.5000,-0.0500,3.805
2026-04-26 18:47:24.030,892,0.2318498652104637,0.2695543670303206,-0.15407710794529955,-0.05933545463992845,-0.7122780875937168,0.0000,1.0000,0.2000,9.198
2026-04-26 18:47:24.041,893,0.23224849200011197,0.26938294429298054,-0.1538844074134305,-0.05903351808598036,-0.7121699907206078,0.0000,1.0000,0.0000,7.324
2026-04-26 18:47:24.051,894,0.23265048703006047,0.26920976218470094,-0.15368975926026868,-0.058729420262882547,-0.7120612528198659,0.0000,1.0000,0.1500,9.478
2026-04-26 18:47:24.063,895,0.233052826826447,0.2690369932627015,-0.15349586396292744,-0.058425628949447916,-0.7119525646451295,0.0000,1.0000,0.1000,8.072
2026-04-26 18:47:24.075,896,0.2334559660295729,0.2688635725645263,-0.15330121234856087,-0.058121419943871995,-0.7118438303395941,0.0000,1.0000,0.3000,9.471
2026-04-26 18:47:24.086,897,0.23386216732757223,0.2686888162869989,-0.1531050969322051,-0.05781504737967935,-0.7117343479242477,0.0000,1.0000,0.1000,8.147
2026-04-26 18:47:24.097,898,0.23426889597744796,0.26851335414648236,-0.152908137571765,-0.05750851687888613,-0.7116249627843879,0.0000,1.0000,0.2500,10.627
2026-04-26 18:47:24.108,899,0.23467654668055973,0.26833719880412216,-0.1527103803431349,-0.057201484288160596,-0.7115154996813917,0.0000,1.0000,0.2500,11.382
2026-04-26 18:47:24.120,900,0.23508529630407377,0.2681608961789565,-0.15251259203648238,-0.05689382696687592,-0.7114057608184656,0.0000,0.9000,0.0500,5.680
2026-04-26 18:47:24.131,901,0.23549689521778333,0.26798264474365446,-0.1523123757876132,-0.056583778176000375,-0.7112953132111569,0.0000,1.0000,0.3000,8.470
2026-04-26 18:47:24.142,902,0.2359114550148338,0.26780321623316755,-0.15211100380022452,-0.05627202191461959,-0.7111843059284522,0.0000,1.0000,0.2000,9.193
2026-04-26 18:47:24.153,903,0.2363274113212105,0.26762332688699053,-0.15190936696913312,-0.05596002272390608,-0.7110732921841981,0.0000,1.0000,0.0000,11.769
2026-04-26 18:47:24.162,904,0.2367447056526749,0.26744303346094844,-0.15170736270176233,-0.0556471785563663,-0.7109619567687788,0.0000,0.9500,0.1500,6.543
2026-04-26 18:47:24.173,905,0.23716519499250296,0.2672604679951462,-0.1515026937529629,-0.05533230775030408,-0.7108501758443608,0.0000,1.0000,0.4500,11.539
2026-04-26 18:47:24.182,906,0.237587413520312,0.26707765414762247,-0.1512981440324289,-0.05501716293231745,-0.7107383198127285,0.0000,1.0000,-0.1000,8.868
2026-04-26 18:47:24.197,907,0.23801083801832476,0.26689440463550484,-0.15109328057639698,-0.05470168371059632,-0.7106264053016452,0.0000,1.0000,-0.0500,12.344
2026-04-26 18:47:24.208,908,0.2384361843311696,0.26671036169052176,-0.1508875802357689,-0.054384923252365915,-0.7105140483396974,0.0000,1.0000,0.2500,11.211
2026-04-26 18:47:24.219,909,0.2388658211082407,0.26652529579403733,-0.1506812165677783,-0.05406598316256323,-0.7104008571118751,0.0000,1.0000,-0.1000,10.270
2026-04-26 18:47:24.231,910,0.23930001011448804,0.26633826531222665,-0.1504729211520471,-0.05374462843846903,-0.7102869495280941,0.0000,1.0000,0.0500,10.205
2026-04-26 18:47:24.244,911,0.23973417496221622,0.2661507505598548,-0.15026394962202846,-0.053423245712418965,-0.7101731488286083,0.0000,0.9500,0.2000,9.105
2026-04-26 18:47:24.257,912,0.24017208762380815,0.26596154556222656,-0.15005320351116533,-0.053099560158822404,-0.7100586190970316,0.0000,1.0000,0.0500,8.458
2026-04-26 18:47:24.271,913,0.24061451437190623,0.26577064888153346,-0.14984097148066794,-0.05277377550351163,-0.7099434625584269,0.0000,1.0000,0.2000,7.400
2026-04-26 18:47:24.283,914,0.24105864207312494,0.26557991247429524,-0.14962929129995073,-0.05244728355266966,-0.7098279121294097,0.0000,0.7000,-0.1000,5.771
2026-04-26 18:47:24.294,915,0.2415061622956546,0.26538763967864687,-0.14941599996486218,-0.05211872157346823,-0.7097117106116463,0.0000,1.0000,0.2000,12.100
2026-04-26 18:47:24.307,916,0.24195559779609416,0.2651945506680553,-0.14920183742358198,-0.051788873918599966,-0.7095950701406915,0.0000,1.0000,0.1000,6.009
2026-04-26 18:47:24.319,917,0.24240793766114677,0.2650001915435514,-0.14898644411409118,-0.05145757660719712,-0.70947802220339,0.0000,1.0000,0.0000,10.665
2026-04-26 18:47:24.331,918,0.24286528647560354,0.26480370744681525,-0.14876891935969447,-0.051123414385572274,-0.7093600728899764,0.0000,1.0000,0.3000,12.761
2026-04-26 18:47:24.342,919,0.24332312769262548,0.26460736498817533,-0.1485516745042938,-0.05078901049306062,-0.7092419671699971,0.0000,0.9500,0.3000,6.446
2026-04-26 18:47:24.353,920,0.24378010576635972,0.2644110413820184,-0.14833433598524115,-0.050455149308619704,-0.7091241279317582,0.0000,1.0000,0.2000,11.405
2026-04-26 18:47:24.366,921,0.24423759586175392,0.26421468630003003,-0.14811706227943988,-0.050121103083698444,-0.7090062038854503,0.0000,1.0000,0.1500,9.608
2026-04-26 18:47:24.377,922,0.24469705313753326,0.26401704251886,-0.1478982574539583,-0.049785656950812406,-0.7088879019055206,0.0000,1.0000,0.4000,11.814
2026-04-26 18:47:24.391,923,0.24515861915837214,0.2638187492050148,-0.1476789502413887,-0.04944922864472603,-0.7087692710700413,0.0000,1.0000,-0.0500,6.916
2026-04-26 18:47:24.403,924,0.24562158619886756,0.2636204482353014,-0.1474599599805911,-0.04911241502413977,-0.7086504493414425,0.0000,0.9000,-0.0500,7.992
2026-04-26 18:47:24.414,925,0.2460855270936779,0.26342146764260854,-0.14724023682341392,-0.048775212678602846,-0.7085316030085242,0.0000,1.0000,0.1500,8.191
2026-04-26 18:47:24.427,926,0.24655355119019082,0.26322053251637384,-0.14701844808095357,-0.048435583702061066,-0.7084120318481139,0.0000,1.0000,0.2500,13.213
2026-04-26 18:47:24.439,927,0.24702665714794206,0.26301795080314605,-0.14679529006910325,-0.04809341135985129,-0.7082916005084232,0.0000,1.0000,-0.2500,9.531
2026-04-26 18:47:24.446,928,0.24750206539947117,0.2628136776886255,-0.1465699766524891,-0.04774917964485357,-0.7081705621916152,0.0000,1.0000,0.3500,8.890
2026-04-26 18:47:24.464,929,0.24798055867129742,0.26260748645733956,-0.1463424096934848,-0.04740277927579071,-0.7080489189380351,0.0000,1.0000,0.4000,12.582
2026-04-26 18:47:24.476,930,0.24846036221574774,0.2624003846695958,-0.14611370097604032,-0.04705525825195584,-0.7079269428593365,0.0000,1.0000,0.2000,11.221
2026-04-26 18:47:24.481,931,0.2489426469547915,0.2621921681232868,-0.145883654065914,-0.04670558436339696,-0.707804168903123,0.0000,0.9500,0.2000,8.035
2026-04-26 18:47:24.496,932,0.24942936598833262,0.26198203040752605,-0.1456516569216719,-0.04635334185742648,-0.7076805907977943,0.0000,1.0000,-0.0500,10.731
2026-04-26 18:47:24.514,933,0.2499143624404027,0.2617729850694499,-0.1454210017981629,-0.04600251255281542,-0.7075574460679434,0.0000,0.9000,0.0500,9.952
2026-04-26 18:47:24.528,934,0.2504007103180962,0.2615643534793687,-0.14519132576793897,-0.04565167690730429,-0.7074341946018247,0.0000,0.9500,-0.1000,6.713
2026-04-26 18:47:24.528,935,0.25089200959870195,0.26135357879960763,-0.1449594708655123,-0.04529795789757184,-0.7073100370991285,0.0000,1.0000,0.0000,14.473
2026-04-26 18:47:24.575,936,0.2513856706562593,0.2611421822655179,-0.14472715558789956,-0.04494298325149559,-0.7071854071168592,0.0000,0.9000,-0.1500,6.978
2026-04-26 18:47:24.591,937,0.25187964034390553,0.26093069384179746,-0.14449480658457797,-0.04458799644539248,-0.7070607939038753,0.0000,1.0000,0.1000,9.612
2026-04-26 18:47:24.606,938,0.2523738174376312,0.2607191382544699,-0.1442623984120439,-0.04423289326591104,-0.706936139173842,0.0000,1.0000,0.2500,10.339
2026-04-26 18:47:24.624,939,0.25287061627275337,0.2605064184321482,-0.1440288481584525,-0.0438764559505998,-0.7068111083151992,0.0000,1.0000,0.1000,11.193
2026-04-26 18:47:24.638,940,0.25337028001856526,0.2602925295518051,-0.14379411464871966,-0.04351827811799513,-0.7066854993447637,0.0000,1.0000,0.0500,7.313
2026-04-26 18:47:24.658,941,0.25386955287243157,0.2600787774989913,-0.14355950937344708,-0.04316032923355497,-0.7065599705256412,0.0000,1.0000,0.1000,6.577
2026-04-26 18:47:24.668,942,0.2543680150245775,0.2598660119560403,-0.1433261839989789,-0.04280305759707435,-0.7064345335888845,0.0000,0.9000,0.1500,7.367
2026-04-26 18:47:24.684,943,0.25486826009510855,0.25965260846572186,-0.14309217607982955,-0.0424444483094375,-0.7063085872009554,0.0000,0.9000,0.0500,7.173
2026-04-26 18:47:24.700,944,0.25537247230212984,0.25943736205675916,-0.1428563127821933,-0.04208375980982251,-0.7061820618259486,0.0000,1.0000,0.0500,12.577
2026-04-26 18:47:24.724,945,0.25587906004524424,0.2592211951273915,-0.14261938343181044,-0.041721064977140516,-0.706054763305421,0.0000,0.8500,0.2000,8.533
2026-04-26 18:47:24.731,946,0.2563904988830859,0.25900293186295154,-0.14238027927970986,-0.04135537945361344,-0.7059264934157871,0.0000,1.0000,0.2500,5.592
2026-04-26 18:47:24.765,947,0.2569048256508882,0.2587838921635094,-0.14214062790634124,-0.04098829837842203,-0.7057977197532311,0.0000,1.0000,0.0500,8.409
2026-04-26 18:47:24.779,948,0.25742494751966766,0.25856269649757213,-0.14189890340436362,-0.0406178278123765,-0.7056677902326193,0.0000,1.0000,0.1000,8.251
2026-04-26 18:47:24.801,949,0.25794986333798015,0.25833928381828813,-0.14165485543368242,-0.04024449169101288,-0.705536982084996,0.0000,1.0000,0.3000,6.818
2026-04-26 18:47:24.807,950,0.258477889992936,0.25811457599797816,-0.14140960645216255,-0.03986970749381639,-0.7054057735835644,0.0000,1.0000,0.2500,11.468
2026-04-26 18:47:24.824,951,0.2590109662331186,0.2578877611225105,-0.14116232263195486,-0.03949228000005336,-0.7052737700980075,0.0000,1.0000,0.0000,12.463
2026-04-26 18:47:24.838,952,0.25954944996363283,0.2576588099742322,-0.1409129536472283,-0.03911176142828512,-0.7051407550435138,0.0000,1.0000,0.1000,11.470
2026-04-26 18:47:24.838,953,0.26009103365920927,0.257429312340649,-0.14066341679743552,-0.03872984785664415,-0.7050071790137452,0.0000,0.7000,-0.2500,8.632
2026-04-26 18:47:24.854,954,0.2606352565208013,0.2571984041087608,-0.14041228573696868,-0.03834615034703084,-0.7048730635693519,0.0000,1.0000,0.1000,11.705
2026-04-26 18:47:24.870,955,0.2611865456702919,0.2569639739932294,-0.14015724195860535,-0.037957704968253965,-0.7047374545675009,0.0000,1.0000,0.3500,8.643
2026-04-26 18:47:24.885,956,0.26174789184998687,0.25672579879176444,-0.13989870647664193,-0.037563789453076556,-0.7046000466765533,0.0000,1.0000,0.0500,11.701
2026-04-26 18:47:24.901,957,0.2623167170061962,0.25648499355617366,-0.13963775493924255,-0.03716569050966487,-0.7044612044890258,0.0000,1.0000,-0.1000,11.175
2026-04-26 18:47:24.901,958,0.2628901086269222,0.2562428763062073,-0.13937578390305477,-0.036765239692593515,-0.7043215142786332,0.0000,1.0000,-0.1500,9.124
2026-04-26 18:47:24.925,959,0.2634665033804783,0.25599980967797925,-0.13911309762158208,-0.03636351466995642,-0.7041814242217384,0.0000,0.9500,-0.1000,8.552
2026-04-26 18:47:24.933,960,0.26405198798869517,0.25575344999295313,-0.13884732409266573,-0.03595663469477894,-0.7040395798658123,0.0000,1.0000,0.0000,11.635
2026-04-26 18:47:24.948,961,0.2646353122885605,0.255507798606546,-0.13858220965609044,-0.03555107948633195,-0.7038982207329407,0.0000,0.7000,0.0500,6.387
2026-04-26 18:47:24.964,962,0.2652247704308282,0.25525938840851803,-0.13831421774163585,-0.03514181738679334,-0.7037556977730572,0.0000,1.0000,0.3500,10.991
2026-04-26 18:47:24.980,963,0.2658180430436074,0.2550092852938627,-0.1380444771023772,-0.03473028600989264,-0.7036124633205438,0.0000,1.0000,0.0000,5.547
2026-04-26 18:47:24.980,964,0.266421362691426,0.2547541793930504,-0.1377692720896628,-0.03431234721280502,-0.7034672757726171,0.0000,1.0000,0.4000,13.272
2026-04-26 18:47:24.995,965,0.2670288437438798,0.25449737203013023,-0.13749230218818206,-0.033891725946146506,-0.7033211722748007,0.0000,1.0000,0.1500,7.250
2026-04-26 18:47:25.015,966,0.26763808029220953,0.2542404917968113,-0.13721553099761244,-0.03347020590544795,-0.7031746375281422,0.0000,0.8500,-0.0500,8.216
2026-04-26 18:47:25.027,967,0.2682527497282358,0.25398212440311463,-0.13693765189589535,-0.03304590366194899,-0.7030270833919476,0.0000,1.0000,-0.0500,8.823
2026-04-26 18:47:25.042,968,0.2688693138921484,0.25372332846068585,-0.13665950727728074,-0.03262062304820453,-0.7028791471307563,0.0000,1.0000,0.2000,8.457
2026-04-26 18:47:25.058,969,0.26949327949975155,0.253461795239909,-0.1363786606895392,-0.03219072955408677,-0.7027295886730642,0.0000,1.0000,0.0000,8.899
2026-04-26 18:47:25.058,970,0.2701290918390357,0.25319530511533517,-0.13609270727914957,-0.031753467211013735,-0.7025775849420812,0.0000,1.0000,0.2000,8.967
2026-04-26 18:47:25.074,971,0.27077097049622806,0.2529266264572647,-0.13580460676787978,-0.03131239586787931,-0.7024242237708005,0.0000,0.9000,0.0000,8.401
2026-04-26 18:47:25.089,972,0.2714127251392751,0.25265765058897804,-0.13551607147090472,-0.03087135850841548,-0.7022709538213726,0.0000,1.0000,0.0500,9.488
2026-04-26 18:47:25.105,973,0.27206238654757026,0.25238524972030085,-0.13522390562857523,-0.030425169500706586,-0.7021159642264713,0.0000,1.0000,0.2000,8.988
2026-04-26 18:47:25.125,974,0.27271243552586466,0.2521131997590021,-0.13493237507325453,-0.02997911748602282,-0.7019609553308612,0.0000,0.7000,-0.1000,3.854
2026-04-26 18:47:25.137,975,0.2733696727638125,0.2518378212293887,-0.1346373627943095,-0.02952879869357785,-0.7018046451191281,0.0000,1.0000,0.3500,8.309
2026-04-26 18:47:25.152,976,0.27403302032250854,0.2515596858549761,-0.13433946596715646,-0.029074763680256105,-0.7016471659398751,0.0000,1.0000,0.2000,10.043
2026-04-26 18:47:25.168,977,0.27470296826982527,0.251278559950591,-0.13403840088196978,-0.02861658370833797,-0.7014883618465599,0.0000,1.0000,0.2500,10.188
2026-04-26 18:47:25.168,978,0.275376735342026,0.2509962346627166,-0.13373633525662496,-0.028156405218551506,-0.7013288582739348,0.0000,1.0000,-0.1000,9.012
2026-04-26 18:47:25.183,979,0.27605559965821214,0.25071210065251504,-0.13343264516194403,-0.027693540272002642,-0.7011684635882557,0.0000,1.0000,0.1500,8.073
2026-04-26 18:47:25.199,980,0.27673610061581083,0.2504274114789366,-0.1331285899705943,-0.027230264179759874,-0.7010080020562982,0.0000,1.0000,-0.0500,10.880
2026-04-26 18:47:25.215,981,0.27741610057920935,0.25014285053084806,-0.13282458665510966,-0.026767102952699913,-0.700847565837248,0.0000,0.9500,0.0500,8.583
2026-04-26 18:47:25.231,982,0.27810570229645243,0.24985381707584894,-0.1325158264122994,-0.02629798161123352,-0.7006852676253605,0.0000,1.0000,0.4000,13.584
2026-04-26 18:47:25.246,983,0.2787992719804888,0.24956355293031815,-0.1322060428052024,-0.02582676565018834,-0.7005222297148901,0.0000,1.0000,0.0500,9.477
2026-04-26 18:47:25.265,984,0.2795047608119298,0.2492689321548534,-0.13189220756354722,-0.025348973124780117,-0.7003569926192166,0.0000,1.0000,0.0000,9.737
2026-04-26 18:47:25.278,985,0.28022230150222954,0.2489693333696591,-0.1315733754435978,-0.024864092744080954,-0.7001894560387325,0.0000,1.0000,-0.1000,10.135
2026-04-26 18:47:25.294,986,0.2809451695987612,0.2486678885304656,-0.13125279586166996,-0.024375995368974782,-0.7000207724158412,0.0000,1.0000,0.1500,9.606
2026-04-26 18:47:25.309,987,0.2816790461242772,0.24836104888824176,-0.13092631925901224,-0.023880772983789416,-0.6998498749308448,0.0000,1.0000,0.5000,9.666
2026-04-26 18:47:25.325,988,0.28242063986529753,0.24805115370674616,-0.13059683301220731,-0.023381048109192018,-0.6996774900290049,0.0000,1.0000,0.1500,7.749
2026-04-26 18:47:25.341,989,0.2831644308456092,0.24774062931010335,-0.13026694716915727,-0.02288051882485526,-0.6995048601699808,0.0000,1.0000,0.1000,11.391
2026-04-26 18:47:25.357,990,0.2839047705216851,0.24743118627505728,-0.12993805418127446,-0.02238213750497435,-0.6993330338975257,0.0000,0.9500,0.0000,8.821
2026-04-26 18:47:25.357,991,0.28465306354496084,0.24711846199228996,-0.12960590005771802,-0.02187919438757021,-0.6991597469838083,0.0000,1.0000,0.3000,8.582
2026-04-26 18:47:25.372,992,0.2854079611461181,0.24680343815718317,-0.12927164142314937,-0.021372548360966397,-0.6989851834499617,0.0000,0.8500,-0.1500,8.654
2026-04-26 18:47:25.388,993,0.2861670814642528,0.24648649840513268,-0.1289353119045399,-0.02086310087378952,-0.6988096981122544,0.0000,1.0000,0.0500,9.109
2026-04-26 18:47:25.403,994,0.2869283303462431,0.24616954941428126,-0.12859942514168887,-0.02035291203946871,-0.6986338443586572,0.0000,1.0000,-0.0500,8.054
2026-04-26 18:47:25.426,995,0.28769034713959957,0.2458523507311515,-0.12826338014107894,-0.019842524071591212,-0.6984579534101134,0.0000,1.0000,0.2000,8.517
2026-04-26 18:47:25.435,996,0.2884603744787205,0.2455320450199193,-0.12792440542453642,-0.01932785638760314,-0.6982806993100709,0.0000,1.0000,0.0000,11.509
2026-04-26 18:47:25.451,997,0.28923742573695227,0.2452087937663712,-0.12758247072960371,-0.01880910519491327,-0.6981021397915442,0.0000,1.0000,0.0000,10.822
2026-04-26 18:47:25.451,998,0.29002700800865855,0.24488083856157614,-0.1272359998958764,-0.018283040007729914,-0.6979210992146161,0.0000,1.0000,-0.2500,8.411
2026-04-26 18:47:25.466,999,0.2908266579940915,0.24454895295866302,-0.12688559650151293,-0.01775079486915902,-0.6977379512132917,0.0000,1.0000,0.0500,8.611
2026-04-26 18:47:25.482,1000,0.2916283033068917,0.24421669692756293,-0.12653502113257212,-0.01721750912255047,-0.6975543754674868,0.0000,0.9000,-0.2000,6.727
