timestamp,episode,openness,conscientiousness,extraversion,agreeableness,neuroticism,stress,satisfaction,social_energy,total_reward
2026-04-26 18:47:29.465,0,0.0,0.0,0.0,0.0,0.0,0.0000,0.0000,0.0000,0.000
2026-04-26 18:47:29.625,1,-0.002233983211846023,0.0060694770119539415,-0.004644057067938323,-0.004257801333554815,-0.011368517495520017,0.0000,1.0000,-0.0500,8.238
2026-04-26 18:47:29.701,2,-0.0036542837032158253,0.011771762990179,-0.008850001349606871,-0.007986665223603528,-0.022528570864305833,0.0000,1.0000,0.2500,5.962
2026-04-26 18:47:29.745,3,-0.004044533099054179,0.017031500352081997,-0.012506054122493893,-0.011028134418083094,-0.03345986400503096,0.0000,1.0000,0.1000,10.273
2026-04-26 18:47:29.796,4,-0.0030072501138801535,0.021780359800682283,-0.01565497843660186,-0.013535742653702595,-0.044290149217019355,0.0000,1.0000,0.3500,6.512
2026-04-26 18:47:29.837,5,-0.00148494035586086,0.02645365440367205,-0.01907162109759356,-0.016635641188978513,-0.055277264316304794,0.0000,1.0000,0.2000,9.479
2026-04-26 18:47:29.875,6,3.6910855781419625E-4,0.03101174525447341,-0.022472553763561148,-0.019644561843017834,-0.06608860907078311,0.0000,1.0000,0.1500,4.905
2026-04-26 18:47:29.915,7,0.002296921077498284,0.03559739773811483,-0.02610883515387633,-0.02306937933170053,-0.07694431572727072,0.0000,1.0000,0.0000,6.023
2026-04-26 18:47:29.956,8,0.004612893785481079,0.04004445657609526,-0.029745625934035857,-0.026524680178460124,-0.08769556680871617,0.0000,1.0000,0.1000,5.128
2026-04-26 18:47:29.995,9,0.006943056446049789,0.044424125399994074,-0.033309443993272896,-0.029807281224419058,-0.09822528501276828,0.0000,1.0000,0.1000,7.534
2026-04-26 18:47:30.025,10,0.009031641872711991,0.04879690969950563,-0.03682157467821461,-0.03298510648760708,-0.10855458643322605,0.0000,1.0000,0.0000,5.296
2026-04-26 18:47:30.049,11,0.010863118135793293,0.05316144656948265,-0.04030805688540202,-0.036182891473554336,-0.11874842579949094,0.0000,1.0000,0.2000,6.088
2026-04-26 18:47:30.078,12,0.012526454820995165,0.05752426961977759,-0.04382382455240398,-0.039473168856554997,-0.12884364860284125,0.0000,1.0000,0.0500,6.454
2026-04-26 18:47:30.104,13,0.014045237269335435,0.06178773048567658,-0.047160407396514864,-0.042553139473011425,-0.1387154467209021,0.0000,1.0000,0.4000,9.040
2026-04-26 18:47:30.130,14,0.015496776562823085,0.06590801004915077,-0.050298456468391275,-0.045488013944666165,-0.1484095269217737,0.0000,1.0000,0.4500,6.177
2026-04-26 18:47:30.162,15,0.016924425730907335,0.06994664624538768,-0.053358264686177735,-0.04836612299768539,-0.15795678456229817,0.0000,1.0000,0.1500,6.342
2026-04-26 18:47:30.186,16,0.018397091096437626,0.07394423518847948,-0.05644576150537325,-0.05129940113976495,-0.16740512062819296,0.0000,1.0000,-0.0500,5.549
2026-04-26 18:47:30.215,17,0.019859551808766182,0.07790059994975489,-0.05952297890229663,-0.054213897038919934,-0.17671965520462016,0.0000,1.0000,0.1000,8.048
2026-04-26 18:47:30.250,18,0.02128718911506104,0.08175625864759864,-0.0624834061533482,-0.05704681320978297,-0.18588588076550175,0.0000,1.0000,0.4500,8.446
2026-04-26 18:47:30.282,19,0.022757252082368902,0.08554707093396385,-0.06543146984618928,-0.05991885016672086,-0.19495717309004174,0.0000,1.0000,-0.0500,6.360
2026-04-26 18:47:30.314,20,0.02422932826384768,0.08926985774650673,-0.06833461042180114,-0.06277431046944863,-0.20390843880216733,0.0000,1.0000,0.3000,5.330
2026-04-26 18:47:30.338,21,0.02569356076189381,0.09298512545069533,-0.07127617956905599,-0.06563008349360513,-0.21273492716813738,0.0000,0.8500,-0.0500,9.210
2026-04-26 18:47:30.372,22,0.027198820543660927,0.0966266626497563,-0.07418861679221594,-0.06851800687253913,-0.221471012056079,0.0000,1.0000,-0.0500,7.875
2026-04-26 18:47:30.410,23,0.02877720340589976,0.10021298553308218,-0.07712028188853685,-0.07148991840817881,-0.23013985698883366,0.0000,1.0000,-0.0500,7.920
2026-04-26 18:47:30.434,24,0.030282058417700108,0.10376015011832079,-0.0799966920878203,-0.07435810006669201,-0.23864543450926037,0.0000,1.0000,0.2500,6.944
2026-04-26 18:47:30.463,25,0.03175838613469907,0.10725966126832136,-0.08283431753800903,-0.07717809672426527,-0.24701945872046444,0.0000,1.0000,0.1000,6.486
2026-04-26 18:47:30.496,26,0.033141671943263305,0.11071149996215779,-0.08558934426128725,-0.07986367421394489,-0.25522060790671397,0.0000,1.0000,0.2000,6.439
2026-04-26 18:47:30.515,27,0.03453317782536784,0.11411065748552594,-0.08832100310573772,-0.08254714206047395,-0.26331805276228226,0.0000,0.9000,0.0000,8.601
2026-04-26 18:47:30.531,28,0.03589697714311683,0.1174825752066226,-0.0910427524243073,-0.08519311970142929,-0.2712894799609344,0.0000,1.0000,0.1000,5.479
2026-04-26 18:47:30.545,29,0.03725092987418408,0.1207917971126239,-0.09371257353123634,-0.08780749635724351,-0.27914840935366303,0.0000,1.0000,0.3000,6.606
2026-04-26 18:47:30.563,30,0.03859296104535621,0.12403332645857348,-0.0963208577950828,-0.09038481388891752,-0.2868950466262147,0.0000,1.0000,0.2500,8.318
2026-04-26 18:47:30.594,31,0.03989392422539629,0.12722504756658087,-0.09887428149929917,-0.09289496231065399,-0.29451152599063507,0.0000,1.0000,0.3000,6.104
2026-04-26 18:47:30.618,32,0.04117165299024167,0.13035500706600936,-0.1013660951816847,-0.09535555565342621,-0.3020112781862598,0.0000,1.0000,0.4000,7.353
2026-04-26 18:47:30.636,33,0.0423977705759804,0.13344621648250737,-0.10381120045808655,-0.0977400794206587,-0.3093769039338608,0.0000,1.0000,0.1500,4.413
2026-04-26 18:47:30.653,34,0.043615447389825084,0.13648745343140836,-0.10622085666041275,-0.1001003011573973,-0.31663867928984246,0.0000,1.0000,0.0000,9.594
2026-04-26 18:47:30.672,35,0.04478314022184322,0.13949526583861496,-0.10859151315210017,-0.10238892480152924,-0.32377038212907183,0.0000,1.0000,0.1500,8.252
2026-04-26 18:47:30.691,36,0.04591794778270722,0.1424598592228646,-0.11091921045535642,-0.10462367500100961,-0.3307848628399302,0.0000,1.0000,0.0500,6.391
2026-04-26 18:47:30.711,37,0.04700582555713672,0.14538650984974874,-0.11320184306548013,-0.10678829012183483,-0.33767418789144465,0.0000,1.0000,0.0000,4.242
2026-04-26 18:47:30.727,38,0.04804257020183506,0.14826667437397117,-0.11542314669615454,-0.10887272289339883,-0.34443696309177657,0.0000,1.0000,0.2500,4.412
2026-04-26 18:47:30.744,39,0.0490223778251597,0.15111045455760594,-0.11759376739548016,-0.1108741171014229,-0.35107070609630137,0.0000,0.9500,0.1000,8.565
2026-04-26 18:47:30.763,40,0.04998939431656653,0.15388899471419035,-0.11969922445282684,-0.1128367400440881,-0.357606213610713,0.0000,1.0000,0.3500,4.987
2026-04-26 18:47:30.779,41,0.050936372493111226,0.1566299580892619,-0.1217755629239065,-0.1147645968797099,-0.36403999980074775,0.0000,1.0000,0.0500,7.619
2026-04-26 18:47:30.801,42,0.051860506265085995,0.15933337180435542,-0.12382034368261086,-0.11665379861555905,-0.3703715193766508,0.0000,1.0000,0.0000,5.068
2026-04-26 18:47:30.830,43,0.05275079551664507,0.16199537968763172,-0.1258198491149077,-0.11848759166054364,-0.3765947444830246,0.0000,1.0000,0.3000,4.883
2026-04-26 18:47:30.850,44,0.053633913020218034,0.16461579456879297,-0.12779098936711275,-0.12030128982230352,-0.3827287429399943,0.0000,1.0000,0.1500,7.874
2026-04-26 18:47:30.870,45,0.05451446810906722,0.16720707218343114,-0.12975493884912948,-0.12210711278709062,-0.3887778543186627,0.0000,1.0000,-0.1000,10.776
2026-04-26 18:47:30.887,46,0.05536957613058298,0.16975424045694898,-0.13167340966289764,-0.12386690999762127,-0.3947280698659839,0.0000,1.0000,0.2000,8.631
2026-04-26 18:47:30.905,47,0.056206499888988404,0.1722694822369309,-0.13356895319845116,-0.1255963072415606,-0.40058546041823695,0.0000,1.0000,0.2000,5.870
2026-04-26 18:47:30.920,48,0.05703606746353831,0.1747461112161195,-0.13543820243484472,-0.12730625166982146,-0.40635845522721986,0.0000,1.0000,0.1500,4.478
2026-04-26 18:47:30.936,49,0.05786168993488476,0.17719492549851318,-0.13729908064647497,-0.12900654551449126,-0.4120505207210112,0.0000,1.0000,-0.1500,6.382
2026-04-26 18:47:30.956,50,0.058673641948171235,0.17960210447392674,-0.13912383363182124,-0.13067716857713252,-0.41765634781840255,0.0000,1.0000,0.3000,5.345
2026-04-26 18:47:30.974,51,0.059471681054959674,0.18196161346960685,-0.1409027161288681,-0.13231463964455137,-0.4231769317584672,0.0000,1.0000,0.5000,5.961
2026-04-26 18:47:30.992,52,0.060262331262023704,0.18428454890553467,-0.14265619845915192,-0.13393306709938696,-0.42861776139734914,0.0000,1.0000,0.1500,8.421
2026-04-26 18:47:31.008,53,0.061038133417917,0.18656137074466272,-0.14436448200788035,-0.13551759896234988,-0.433974986392938,0.0000,1.0000,0.4500,9.693
2026-04-26 18:47:31.022,54,0.061802630319137936,0.1888130013453184,-0.14606080412216035,-0.137083285762147,-0.43925207419870377,0.0000,1.0000,0.1500,8.338
2026-04-26 18:47:31.037,55,0.06253911253683764,0.19104298260052713,-0.1477388375884019,-0.13860948684339142,-0.4444389742007144,0.0000,1.0000,0.0000,6.331
2026-04-26 18:47:31.052,56,0.06326373316803194,0.19323557932727853,-0.14938525543604605,-0.14010974169928267,-0.4495475278005349,0.0000,1.0000,0.1000,9.903
2026-04-26 18:47:31.070,57,0.063976882546456,0.19539755638646158,-0.1510099796454401,-0.14158782478293228,-0.45457905180082325,0.0000,1.0000,0.1000,4.768
2026-04-26 18:47:31.089,58,0.06468932770767036,0.19752322223149002,-0.15261117266993734,-0.14305511987248257,-0.4595417649567517,0.0000,1.0000,0.1000,8.531
2026-04-26 18:47:31.108,59,0.06538837701302744,0.19962195498220386,-0.154193969520149,-0.14449926924445128,-0.46442823129638183,0.0000,0.9500,0.2000,7.348
2026-04-26 18:47:31.128,60,0.06607092066314094,0.20167358930969673,-0.15572558499255823,-0.14590592110564268,-0.4692373873638087,0.0000,1.0000,0.4500,9.746
2026-04-26 18:47:31.140,61,0.06674829315027081,0.20370263677391573,-0.15724988570485118,-0.14730232300375956,-0.47397778408473623,0.0000,1.0000,0.0000,6.093
2026-04-26 18:47:31.157,62,0.0674165915968579,0.2057004139063635,-0.1587507943412573,-0.14867881029251961,-0.4786477992193593,0.0000,1.0000,0.2000,5.299
2026-04-26 18:47:31.174,63,0.06806868470694681,0.20765592565808622,-0.16020662068931021,-0.15002025976367994,-0.4832436435537634,0.0000,1.0000,0.4500,7.482
2026-04-26 18:47:31.189,64,0.0686994838024422,0.2095784539086255,-0.16162745832615283,-0.15132441192306284,-0.4877628751445234,0.0000,1.0000,0.4000,7.504
2026-04-26 18:47:31.206,65,0.06932697953090713,0.21147421760292168,-0.16303419919598322,-0.15261824997634843,-0.4922184240076899,0.0000,1.0000,0.1500,6.869
2026-04-26 18:47:31.225,66,0.06995789367629596,0.21334061592481948,-0.16442699947919087,-0.15390932380414393,-0.4966156935398095,0.0000,1.0000,0.1000,7.659
2026-04-26 18:47:31.255,67,0.07058148274824418,0.2151698596731781,-0.16578659561924444,-0.15517930374348743,-0.5009484297881075,0.0000,1.0000,0.3500,6.418
2026-04-26 18:47:31.289,68,0.07119369479772057,0.2169741954797362,-0.16712824509790616,-0.15642880175909643,-0.5052148262017526,0.0000,1.0000,0.2500,3.536
2026-04-26 18:47:31.312,69,0.07181757123696353,0.21875662820832453,-0.16847141115341996,-0.15768993504471385,-0.5094311250495321,0.0000,0.9500,-0.0500,6.123
2026-04-26 18:47:31.339,70,0.07243684321777108,0.22051714704856795,-0.1698048327474124,-0.15894090088320995,-0.5135873485400305,0.0000,0.9500,0.0000,5.434
2026-04-26 18:47:31.361,71,0.07305341560357735,0.22225819269424124,-0.1711330478893525,-0.1601853555077598,-0.5176856216679786,0.0000,0.7500,-0.1500,4.440
2026-04-26 18:47:31.387,72,0.0736670684611204,0.22396522976790498,-0.1724337198448594,-0.16141563561264435,-0.52172664007069,0.0000,1.0000,0.2500,7.840
2026-04-26 18:47:31.408,73,0.07427887080352201,0.22564629046412285,-0.17371922834083678,-0.16263708180891415,-0.5257119460491753,0.0000,1.0000,0.2000,5.161
2026-04-26 18:47:31.431,74,0.07488479331414834,0.22729928405794148,-0.17498337555701435,-0.16384317698740955,-0.5296396705735571,0.0000,1.0000,0.2000,7.511
2026-04-26 18:47:31.454,75,0.0754756427934322,0.2289248864316023,-0.1762206766281181,-0.16502190365519148,-0.5335044897676178,0.0000,1.0000,0.2000,7.741
2026-04-26 18:47:31.476,76,0.0760631768480871,0.23051398837073556,-0.17742494179647816,-0.16618428764690907,-0.5373150348854744,0.0000,1.0000,0.3500,9.558
2026-04-26 18:47:31.499,77,0.0766413138382884,0.23208893923134902,-0.17862528179407444,-0.16733329986585616,-0.541068032457474,0.0000,0.9500,0.1000,6.392
2026-04-26 18:47:31.521,78,0.0772131077426793,0.23363310601179996,-0.17979842961185524,-0.1684646022849492,-0.544766287711922,0.0000,1.0000,0.3000,8.123
2026-04-26 18:47:31.538,79,0.07777296234927342,0.23515417644285044,-0.1809518378480082,-0.16957448505826778,-0.5484068275447328,0.0000,1.0000,0.1500,6.236
2026-04-26 18:47:31.558,80,0.07833296066534035,0.23665915252975847,-0.18210372188148494,-0.17068246915091054,-0.5519984536324325,0.0000,1.0000,-0.2500,5.944
2026-04-26 18:47:31.579,81,0.07889041442822309,0.23814360782377905,-0.18324531204145497,-0.17178266763511413,-0.555540108943188,0.0000,1.0000,0.1000,9.483
2026-04-26 18:47:31.604,82,0.0794371005908194,0.2396100315778929,-0.18437452742071875,-0.17286527306168223,-0.55902703556172,0.0000,0.9500,-0.0500,5.883
2026-04-26 18:47:31.668,83,0.07997733630187352,0.24105417588046696,-0.18548754648704924,-0.17393383098043344,-0.5624628248415717,0.0000,1.0000,0.1000,7.881
2026-04-26 18:47:31.683,84,0.0805051667090867,0.2424804628844155,-0.18658670972080432,-0.17498252727245975,-0.5658442094367757,0.0000,1.0000,-0.0500,6.131
2026-04-26 18:47:31.704,85,0.08101553256030282,0.24388036754111675,-0.18765553870951177,-0.17600026963249316,-0.5691685085297924,0.0000,1.0000,0.3000,5.349
2026-04-26 18:47:31.721,86,0.08151198204292605,0.2452648541439374,-0.1887125321167937,-0.17699718827401148,-0.572438769215864,0.0000,1.0000,0.2000,7.685
2026-04-26 18:47:31.737,87,0.08200385711601042,0.24663196872169443,-0.18976067842240146,-0.17798468054983038,-0.5756618908801115,0.0000,1.0000,0.0500,7.309
2026-04-26 18:47:31.754,88,0.08248837337079575,0.24796763022348348,-0.19077669586933746,-0.1789519130065908,-0.5788366785912602,0.0000,1.0000,0.2500,9.936
2026-04-26 18:47:31.773,89,0.08297385072199198,0.24928270022677113,-0.19178212408409606,-0.17991533047548947,-0.5819693303802301,0.0000,1.0000,0.0000,10.667
2026-04-26 18:47:31.790,90,0.08345087728550482,0.2505754008973539,-0.19276772686670632,-0.1808614168711396,-0.5850542133074218,0.0000,1.0000,0.2500,5.442
2026-04-26 18:47:31.804,91,0.08392095622931749,0.2518601567120281,-0.19375585260797093,-0.1817993118362667,-0.588092961509874,0.0000,0.8500,-0.1000,7.168
2026-04-26 18:47:31.815,92,0.08438583992933767,0.25312891138909405,-0.19473529905611087,-0.18272724806387583,-0.5910873657828658,0.0000,1.0000,-0.0500,6.401
2026-04-26 18:47:31.827,93,0.08483233370543479,0.25437600901169105,-0.19568850409377747,-0.18362473015635067,-0.594029242879481,0.0000,1.0000,0.1500,7.402
2026-04-26 18:47:31.837,94,0.08527179979359621,0.25560937567899344,-0.19663465413191603,-0.18451079739690154,-0.5969267716321174,0.0000,0.8500,0.0000,5.618
2026-04-26 18:47:31.847,95,0.0856980119918647,0.25682721964293936,-0.1975666373487485,-0.18537617999574335,-0.5997763961877506,0.0000,1.0000,0.2000,5.502
2026-04-26 18:47:31.857,96,0.08611498773757736,0.2580279283429815,-0.19848444389760705,-0.18622535702727117,-0.6025813808619948,0.0000,1.0000,0.1000,9.382
2026-04-26 18:47:31.870,97,0.08651385579705886,0.25920274818165495,-0.199368763968567,-0.18704205322116474,-0.6053363887327616,0.0000,1.0000,0.5000,9.361
2026-04-26 18:47:31.883,98,0.08689357986594821,0.26036670189732825,-0.20024117952053253,-0.18783232909984,-0.608041297505667,0.0000,1.0000,0.0500,7.477
2026-04-26 18:47:31.894,99,0.08726500944284643,0.2615179536324465,-0.20110591240635006,-0.18860966466164805,-0.6107039002263404,0.0000,1.0000,0.1000,7.110
2026-04-26 18:47:31.910,100,0.08763520092604854,0.26264786173580257,-0.20195445091524883,-0.18937908056210445,-0.6133294528061751,0.0000,1.0000,0.2500,7.786
2026-04-26 18:47:31.925,101,0.08800036907096608,0.26376207653858647,-0.20279249735062366,-0.1901382889298277,-0.6159159751199547,0.0000,1.0000,0.0000,7.722
2026-04-26 18:47:31.941,102,0.08835879353409741,0.26485909217366616,-0.2036164000645659,-0.1908841779863873,-0.6184628554926193,0.0000,1.0000,0.0500,7.441
2026-04-26 18:47:31.957,103,0.08871657069516536,0.26593741169849,-0.20442773563412692,-0.19162406368907844,-0.6209746853696162,0.0000,1.0000,0.0500,7.832
2026-04-26 18:47:31.973,104,0.08908196292682209,0.26700236495943525,-0.20523976844897168,-0.19237156434139915,-0.6234574922837948,0.0000,1.0000,-0.2000,7.941
2026-04-26 18:47:31.988,105,0.08945633411849326,0.26804564419786747,-0.20604071108185504,-0.1931242824134547,-0.6259126969899201,0.0000,1.0000,-0.0500,10.681
2026-04-26 18:47:32.002,106,0.0898147977868741,0.26906593580118787,-0.20681177060183195,-0.19384831788394138,-0.6283242123218435,0.0000,1.0000,0.5000,5.972
2026-04-26 18:47:32.017,107,0.09017171493749108,0.27007716237262525,-0.20758317686710068,-0.19456971974313667,-0.6307021085486293,0.0000,1.0000,0.0000,6.599
2026-04-26 18:47:32.031,108,0.09052598357085648,0.2710711070027609,-0.20834164521763354,-0.1952828507897558,-0.6330461398253517,0.0000,1.0000,0.1500,10.669
2026-04-26 18:47:32.040,109,0.09087350126507102,0.27205140791219234,-0.2090896767762633,-0.19598400171551575,-0.6353540526931564,0.0000,1.0000,-0.1000,6.516
2026-04-26 18:47:32.053,110,0.09121952907432063,0.2730086229627893,-0.20981639776402294,-0.1966754085453905,-0.6376298287882428,0.0000,1.0000,0.4000,11.843
2026-04-26 18:47:32.063,111,0.09155654874871758,0.27394789164901856,-0.21052429058391034,-0.1973495599132275,-0.6398689230967604,0.0000,1.0000,0.1000,10.335
2026-04-26 18:47:32.072,112,0.09188255592466675,0.27486947596473,-0.21121220053227505,-0.19800385840265902,-0.6420704595217622,0.0000,1.0000,0.4500,10.550
2026-04-26 18:47:32.082,113,0.09219721016326804,0.27578023470980645,-0.21188998056942623,-0.19864122440552123,-0.64423466434725,0.0000,1.0000,0.0000,6.441
2026-04-26 18:47:32.091,114,0.09250860537800268,0.27667850968861263,-0.21256033418818723,-0.19927156644540994,-0.6463673799601637,0.0000,1.0000,0.1000,10.693
2026-04-26 18:47:32.101,115,0.0928088970640484,0.27756282704246454,-0.21321561885194656,-0.19988363480394036,-0.6484638164385718,0.0000,1.0000,0.2000,9.508
2026-04-26 18:47:32.111,116,0.09311345800830825,0.27843652949188846,-0.2138708981185724,-0.20049954524303915,-0.650534655458807,0.0000,1.0000,0.0000,12.183
2026-04-26 18:47:32.120,117,0.09341211349818916,0.279298184852907,-0.21451704450855952,-0.20110496352943272,-0.6525735405335952,0.0000,0.9500,0.1000,10.258
2026-04-26 18:47:32.132,118,0.09369960637993173,0.28015263105692234,-0.21515761702895475,-0.20169524801051622,-0.6545773871484015,0.0000,0.8000,0.0000,6.202
2026-04-26 18:47:32.143,119,0.09397754321914041,0.2809983605801481,-0.2157912352137449,-0.20227173669810847,-0.6565476802977807,0.0000,1.0000,-0.1500,5.789
2026-04-26 18:47:32.155,120,0.09424933715583568,0.28183372877092655,-0.21641752014141466,-0.202838108560687,-0.6584871031499688,0.0000,1.0000,0.1000,4.955
2026-04-26 18:47:32.166,121,0.09451553690243757,0.28265599847132916,-0.21703254732320285,-0.2033936778201792,-0.660396423138679,0.0000,1.0000,0.0000,8.511
2026-04-26 18:47:32.175,122,0.09477969896953369,0.2834667143191871,-0.21764082293116835,-0.203943910726184,-0.6622784068720206,0.0000,1.0000,0.1500,5.517
2026-04-26 18:47:32.186,123,0.09504114355957691,0.28425707121680605,-0.21822850705553515,-0.20448345097094295,-0.6641329908186644,0.0000,1.0000,0.5000,12.308
2026-04-26 18:47:32.196,124,0.09529813868895325,0.2850362977527837,-0.21880811154456012,-0.20501455688552034,-0.6659594041448977,0.0000,1.0000,0.0500,8.688
2026-04-26 18:47:32.210,125,0.09554477637065358,0.28580167047626087,-0.21937143883073482,-0.2055279434765015,-0.6677540862574141,0.0000,1.0000,0.2000,9.590
2026-04-26 18:47:32.224,126,0.09578750695330585,0.2865531914079582,-0.2199226210503437,-0.20603216695639068,-0.6695217097823609,0.0000,0.9500,0.1500,5.465
2026-04-26 18:47:32.237,127,0.09602229251606377,0.2872969418974442,-0.2204679197202016,-0.20652483952175751,-0.6712599495803305,0.0000,1.0000,0.0000,6.037
2026-04-26 18:47:32.252,128,0.0962495472622411,0.28802730768803764,-0.22099902355892678,-0.20700366240034976,-0.6729694430925711,0.0000,1.0000,0.2000,6.760
2026-04-26 18:47:32.265,129,0.09647630965322754,0.288748379477953,-0.22152659738001013,-0.20748002230018922,-0.674655238512796,0.0000,1.0000,0.1000,6.648
2026-04-26 18:47:32.279,130,0.0967033989278085,0.2894563683065442,-0.22204534281337027,-0.2079530744519058,-0.6763182325480236,0.0000,1.0000,0.1000,9.169
2026-04-26 18:47:32.317,131,0.0969297100011143,0.29014726154627646,-0.2225483455224806,-0.20841929712692298,-0.6779580337646185,0.0000,1.0000,0.4500,10.308
2026-04-26 18:47:32.326,132,0.0971485465375257,0.29082698020918013,-0.22303986650974217,-0.2088726810449722,-0.6795705180491013,0.0000,1.0000,0.2500,8.832
2026-04-26 18:47:32.337,133,0.09736823017147549,0.29149330232591575,-0.22352196662991447,-0.20932317001525116,-0.6811615681663732,0.0000,1.0000,0.0000,10.013
2026-04-26 18:47:32.347,134,0.09758390325867687,0.2921516147357226,-0.22399933607402484,-0.20976694049040157,-0.6827282756703933,0.0000,0.7000,0.1000,6.517
2026-04-26 18:47:32.357,135,0.09780027879240802,0.2928060559534732,-0.22448117524616834,-0.21021230621258716,-0.6842741075904116,0.0000,1.0000,-0.0500,6.817
2026-04-26 18:47:32.367,136,0.09800596974434003,0.293451395428802,-0.22495189984530092,-0.21064143028847132,-0.6857917927324342,0.0000,1.0000,0.2000,6.756
2026-04-26 18:47:32.378,137,0.09819793210561586,0.2940865724039537,-0.2254077444791243,-0.21104968533069068,-0.687279617113075,0.0000,1.0000,0.2500,7.460
2026-04-26 18:47:32.389,138,0.09838646636971148,0.29471175216250617,-0.225855681325975,-0.21145085021727603,-0.6887447583534987,0.0000,1.0000,0.2500,9.915
2026-04-26 18:47:32.398,139,0.09857149347897542,0.2953296135235299,-0.22629953530781705,-0.21184612175882703,-0.690187469714736,0.0000,1.0000,0.1500,10.249
2026-04-26 18:47:32.408,140,0.09874895407225726,0.2959377624784964,-0.22673287067857334,-0.21222885383864298,-0.6916053463326592,0.0000,1.0000,0.1500,8.063
2026-04-26 18:47:32.417,141,0.09892196808310072,0.29653770429853904,-0.22715988888550975,-0.21260392292224314,-0.6930007650189542,0.0000,1.0000,0.0000,7.033
2026-04-26 18:47:32.426,142,0.09909170157186004,0.29712460180439,-0.22757397716439123,-0.21297042962691512,-0.6943747955503404,0.0000,1.0000,0.2500,12.031
2026-04-26 18:47:32.436,143,0.09925600077335002,0.29769369677880303,-0.22796642999252226,-0.213323088150008,-0.6957262901004639,0.0000,1.0000,0.5500,10.435
2026-04-26 18:47:32.445,144,0.09941802283745443,0.29825909443412585,-0.2283603795869448,-0.21367312614886652,-0.6970576371327601,0.0000,0.9500,-0.3000,10.199
2026-04-26 18:47:32.455,145,0.09957557094691509,0.2988146278505194,-0.22874498261051374,-0.2140144971091162,-0.6983676515437838,0.0000,1.0000,0.3000,8.930
2026-04-26 18:47:32.467,146,0.0997212986365444,0.29936045958857,-0.22911545877429065,-0.2143374535688277,-0.699651710939849,0.0000,0.9500,0.3000,6.389
2026-04-26 18:47:32.476,147,0.09985913131810702,0.2998967732262,-0.2294745757972713,-0.21464728824583892,-0.7009127033831585,0.0000,1.0000,0.3000,8.284
2026-04-26 18:47:32.487,148,0.09999748057529746,0.3004273960216505,-0.2298335595690521,-0.21495709775502247,-0.7021565036503858,0.0000,0.8500,0.0500,6.888
2026-04-26 18:47:32.496,149,0.1001364641657182,0.3009523495538711,-0.23019240008370123,-0.21526701792370342,-0.7033834532949969,0.0000,0.9500,-0.1500,10.296
2026-04-26 18:47:32.508,150,0.10027140438866394,0.30147172418005075,-0.2305479953436316,-0.2155708255035004,-0.7045906929525263,0.0000,0.9000,0.0000,8.746
2026-04-26 18:47:32.520,151,0.1004070377729433,0.3019808592071987,-0.2308963947149897,-0.21587247449935135,-0.705781635524978,0.0000,1.0000,0.2500,11.517
2026-04-26 18:47:32.531,152,0.10054505489704069,0.3024835007239364,-0.23124422886199447,-0.216176061505206,-0.7069576594525643,0.0000,1.0000,0.0500,7.188
2026-04-26 18:47:32.542,153,0.10067720318484213,0.30298206229595553,-0.23158950262755312,-0.2164717597724097,-0.7081135106349472,0.0000,0.6000,-0.1000,5.944
2026-04-26 18:47:32.552,154,0.10080797603371157,0.30347305639780686,-0.2319298682403372,-0.21676378708949165,-0.7092524285731844,0.0000,1.0000,0.0500,13.611
2026-04-26 18:47:32.563,155,0.10093385423513383,0.3039554940928442,-0.2322613857561908,-0.21704692750955543,-0.7103723073725385,0.0000,1.0000,0.2500,6.316
2026-04-26 18:47:32.573,156,0.10105579018182975,0.30443638119123584,-0.23259509007467297,-0.21732592503210146,-0.711474018602099,0.0000,0.8000,-0.1000,6.589
2026-04-26 18:47:32.583,157,0.10117476636140388,0.3049121807333496,-0.23292622363506063,-0.21760029282967983,-0.712558450344602,0.0000,1.0000,0.0500,8.465
2026-04-26 18:47:32.594,158,0.10128735904393311,0.3053762054547224,-0.23324236754772779,-0.21786209439068818,-0.7136235497080665,0.0000,1.0000,0.4500,9.685
2026-04-26 18:47:32.605,159,0.10139868025375806,0.3058274256538255,-0.2335452813528871,-0.21811760340926842,-0.7146729508594348,0.0000,1.0000,0.2500,9.730
2026-04-26 18:47:32.615,160,0.10150711201606577,0.3062752161550885,-0.23384784627244215,-0.21836932292265004,-0.7157057979072861,0.0000,1.0000,0.1500,7.168
2026-04-26 18:47:32.628,161,0.10161689991862848,0.3067150789784889,-0.23414604489881471,-0.2186206380554119,-0.7167251406605459,0.0000,1.0000,0.2000,10.935
2026-04-26 18:47:32.639,162,0.10173048862795699,0.3071504484007344,-0.23444655910778878,-0.21887649923218608,-0.7177328250227097,0.0000,1.0000,-0.1500,9.093
2026-04-26 18:47:32.653,163,0.10184009455712814,0.3075780685725491,-0.2347392182403042,-0.21912487453740348,-0.7187238748197627,0.0000,1.0000,0.1000,8.100
2026-04-26 18:47:32.666,164,0.10194844681408599,0.308003612886833,-0.23503425543121767,-0.2193722139911982,-0.7197003191476762,0.0000,1.0000,0.0500,7.801
2026-04-26 18:47:32.676,165,0.10204866789963411,0.3084215747531427,-0.23531873088100733,-0.21960656919481553,-0.7206577795523006,0.0000,0.8500,0.1500,11.200
2026-04-26 18:47:32.687,166,0.102145022086473,0.30883101823239884,-0.2355939900388444,-0.21983313314761446,-0.7215993023292383,0.0000,1.0000,0.2000,5.190
2026-04-26 18:47:32.696,167,0.10223427276761304,0.30924067330737726,-0.2358708780525831,-0.22005193100788198,-0.7225229301359245,0.0000,0.8000,-0.1000,7.774
2026-04-26 18:47:32.708,168,0.10232264054182637,0.3096472411231147,-0.23614850299863485,-0.2202695834880745,-0.723433007427704,0.0000,1.0000,-0.2000,7.366
2026-04-26 18:47:32.720,169,0.10240691267396197,0.3100518331186598,-0.23642630086575175,-0.22048233902896663,-0.7243275868097971,0.0000,0.9000,-0.1000,8.472
2026-04-26 18:47:32.729,170,0.10248420273718208,0.3104492718257304,-0.23669449316076094,-0.22068373704989677,-0.7252049355098699,0.0000,1.0000,0.3000,6.461
2026-04-26 18:47:32.741,171,0.10255484361132705,0.31084373978172236,-0.2369594889235515,-0.22087628973110754,-0.726065464087357,0.0000,1.0000,0.1000,6.720
2026-04-26 18:47:32.752,172,0.10262805719925723,0.3112321842913865,-0.23722277166068326,-0.22107074401113602,-0.7269155062874466,0.0000,1.0000,0.0000,9.282
2026-04-26 18:47:32.768,173,0.10270367672106133,0.31161469041577167,-0.2374842736721023,-0.22126689780173758,-0.7277551339463302,0.0000,1.0000,0.0000,9.331
2026-04-26 18:47:32.787,174,0.10277709072960581,0.3119873400223062,-0.2377349606174177,-0.22145662152857762,-0.7285814530433755,0.0000,1.0000,0.4000,8.030
2026-04-26 18:47:32.841,175,0.10285180012829531,0.31235118032662673,-0.23797865565489482,-0.22164508508748795,-0.7293969750874806,0.0000,1.0000,0.0500,7.898
2026-04-26 18:47:32.853,176,0.1029220469858161,0.31271142955132714,-0.23821926712076788,-0.22182719908856915,-0.7301980363674652,0.0000,1.0000,0.0500,8.781
2026-04-26 18:47:32.866,177,0.10299111570849008,0.3130702262403715,-0.23846211326406858,-0.22200839107167938,-0.730986998773594,0.0000,1.0000,0.1500,8.033
2026-04-26 18:47:32.879,178,0.10306236395652021,0.3134284484815461,-0.23871067167304946,-0.22219355633453758,-0.7317662704477617,0.0000,1.0000,-0.2000,11.755
2026-04-26 18:47:32.893,179,0.1031304672531419,0.31378310688173117,-0.23895683179304575,-0.22237408056118296,-0.7325324688950249,0.0000,0.9500,-0.0500,6.041
2026-04-26 18:47:32.909,180,0.10319112648498323,0.3141370653276334,-0.23920194771693465,-0.22254564353151393,-0.7332828926886918,0.0000,1.0000,-0.0500,6.730
2026-04-26 18:47:32.924,181,0.10324944158892806,0.3144865263281998,-0.2394436486393817,-0.2227131267037411,-0.7340211039658412,0.0000,0.8000,0.0000,7.799
2026-04-26 18:47:32.936,182,0.10330519361927983,0.314832435467549,-0.23968313356398976,-0.222876691525902,-0.734747116509144,0.0000,1.0000,0.0500,9.035
2026-04-26 18:47:32.949,183,0.10335586408448462,0.31517209581549904,-0.23991460579347076,-0.22303161241898709,-0.7354594086745029,0.0000,1.0000,0.2000,8.349
2026-04-26 18:47:32.962,184,0.10340305680456773,0.315508457497812,-0.24014348850678707,-0.22318148403427548,-0.7361592046652856,0.0000,0.9000,0.2000,8.903
2026-04-26 18:47:32.974,185,0.10344338160715988,0.31584049120387137,-0.2403659074684156,-0.22332125293090554,-0.7368443970317468,0.0000,1.0000,0.0500,8.930
2026-04-26 18:47:32.988,186,0.10347793382164965,0.31616560188821563,-0.24057863122739098,-0.22345106374793935,-0.7375158663686686,0.0000,1.0000,0.5000,7.353
2026-04-26 18:47:33.000,187,0.10350881861257646,0.3164847020149818,-0.24078436385711524,-0.22357416160026705,-0.7381751642386396,0.0000,1.0000,0.2500,7.310
2026-04-26 18:47:33.013,188,0.10354362641929489,0.31680148877867464,-0.24099364439740625,-0.2237024979377646,-0.7388274968323314,0.0000,1.0000,-0.1000,8.790
2026-04-26 18:47:33.027,189,0.1035777506374784,0.31711326078861274,-0.2411992836535211,-0.22382856245880448,-0.739469936789495,0.0000,1.0000,-0.1000,11.758
2026-04-26 18:47:33.038,190,0.10361276786984296,0.31742281392369753,-0.24140646146370714,-0.22395583803461505,-0.7401036767322704,0.0000,0.7500,-0.1000,8.848
2026-04-26 18:47:33.048,191,0.1036452621170144,0.31773012283016944,-0.2416127983915553,-0.22407974037538497,-0.7407265787580991,0.0000,0.8000,-0.1500,6.345
2026-04-26 18:47:33.057,192,0.10367548770171876,0.31803693991778537,-0.24182102948842443,-0.22420146809006788,-0.7413389497543673,0.0000,1.0000,-0.1500,7.321
2026-04-26 18:47:33.068,193,0.10370150361277357,0.3183423375722942,-0.2420284071603985,-0.22431795291412876,-0.7419396309924389,0.0000,1.0000,0.0000,8.718
2026-04-26 18:47:33.079,194,0.10372398383255058,0.31864456958196213,-0.24223270017885015,-0.22442920418900117,-0.7425292050435314,0.0000,1.0000,0.1500,7.353
2026-04-26 18:47:33.089,195,0.10374411859650297,0.31894026518559493,-0.24242958557817118,-0.22453510756176814,-0.7431085966488389,0.0000,1.0000,0.2500,7.168
2026-04-26 18:47:33.100,196,0.10376130941232826,0.3192312280226073,-0.24262131041320828,-0.2246357511487702,-0.7436775360956215,0.0000,1.0000,0.1500,5.993
2026-04-26 18:47:33.110,197,0.10377916006227349,0.3195184141795064,-0.24281165281695422,-0.22473640255833127,-0.7442385532482739,0.0000,1.0000,0.0500,9.949
2026-04-26 18:47:33.121,198,0.10379109036403353,0.3198001584030389,-0.2429936704808336,-0.22482744034166102,-0.7447873867513459,0.0000,1.0000,0.2500,8.475
2026-04-26 18:47:33.132,199,0.10379109036403353,0.3200765055469631,-0.243165375544856,-0.2249048751790815,-0.745322161791356,0.0000,0.9000,0.4000,10.071
2026-04-26 18:47:33.143,200,0.10379109036403353,0.32035089027475294,-0.24333418958189598,-0.2249750606143352,-0.745845325568207,0.0000,0.9500,0.0500,6.376
2026-04-26 18:47:33.158,201,0.10379109036403353,0.320621620770627,-0.24350089048488513,-0.22504387757356695,-0.7463603686564085,0.0000,0.8500,-0.0500,9.653
2026-04-26 18:47:33.168,202,0.10378326074307896,0.320887907038202,-0.24366115081931747,-0.22510474034553857,-0.7468643209495663,0.0000,1.0000,0.2500,10.613
2026-04-26 18:47:33.179,203,0.10377467420954055,0.3211506361300316,-0.24381908002153674,-0.22516374292586713,-0.747360131053728,0.0000,1.0000,0.1000,9.000
2026-04-26 18:47:33.190,204,0.10376226610128703,0.3214106644525648,-0.24397386695453221,-0.22521721338740705,-0.7478458704245151,0.0000,1.0000,0.2500,8.463
2026-04-26 18:47:33.200,205,0.10374973158856758,0.3216672232976474,-0.24412677015388748,-0.22526968056426466,-0.748324115354014,0.0000,1.0000,-0.0500,7.121
2026-04-26 18:47:33.212,206,0.10373664909945281,0.32191383120717965,-0.24426773531321705,-0.22531732813158414,-0.7487946959468462,0.0000,1.0000,0.6000,9.880
2026-04-26 18:47:33.221,207,0.10372478764601577,0.3221579863192541,-0.2444091386758285,-0.22536625054377443,-0.7492589010296801,0.0000,1.0000,-0.0500,8.996
2026-04-26 18:47:33.233,208,0.10371106437855897,0.3223988586395562,-0.24454763046648306,-0.22541190923947452,-0.7497147832123905,0.0000,1.0000,0.1000,7.926
2026-04-26 18:47:33.246,209,0.10369601608119967,0.3226341365396563,-0.2446800522912387,-0.22545385121515457,-0.7501628065764173,0.0000,1.0000,0.1500,9.800
2026-04-26 18:47:33.256,210,0.10368080184896848,0.3228638996232856,-0.2448072482104476,-0.22549364902477176,-0.7506038484837623,0.0000,1.0000,0.3000,5.706
2026-04-26 18:47:33.270,211,0.10366100627565122,0.3230913988678143,-0.24493110373188606,-0.22552702843139555,-0.751035068392784,0.0000,0.8000,0.0500,6.869
2026-04-26 18:47:33.286,212,0.1036416883588902,0.32331662611385775,-0.2450549326377479,-0.2255607183559533,-0.7514599404851414,0.0000,1.0000,0.1500,8.835
2026-04-26 18:47:33.297,213,0.10362153146882518,0.3235396101791328,-0.24517785445720164,-0.22559296555619654,-0.7518776870014099,0.0000,1.0000,0.0500,7.341
2026-04-26 18:47:33.309,214,0.1036022116387658,0.32375881713298976,-0.2452986403948082,-0.2256252258154229,-0.7522895237910374,0.0000,1.0000,0.0000,8.429
2026-04-26 18:47:33.319,215,0.1035836736854517,0.3239742034662954,-0.2454171438218484,-0.225657392018365,-0.7526955110816834,0.0000,1.0000,0.2000,9.616
2026-04-26 18:47:33.332,216,0.10356338520291193,0.32418513373772867,-0.24553067939815693,-0.22568575829679272,-0.7530940561639529,0.0000,1.0000,0.1000,10.492
2026-04-26 18:47:33.343,217,0.10354461560916246,0.3243970904048108,-0.2456496071731028,-0.22571741367130715,-0.7534874327776897,0.0000,0.5500,-0.2000,7.007
2026-04-26 18:47:33.354,218,0.10352184764204451,0.3246054122244689,-0.24576321450711464,-0.22574265991012865,-0.7538720554640373,0.0000,1.0000,0.2000,8.285
2026-04-26 18:47:33.423,219,0.10349610708150404,0.3248101729660703,-0.24587225394635398,-0.22576289051274784,-0.7542486994014702,0.0000,1.0000,0.1000,8.200
2026-04-26 18:47:33.432,220,0.1034674861891844,0.32501522862902954,-0.2459825296659361,-0.22578014556898568,-0.75461751605305,0.0000,0.7500,-0.1000,8.558
2026-04-26 18:47:33.442,221,0.10343835437697302,0.3252167361168545,-0.24608981591725518,-0.22579565198491625,-0.7549801736326719,0.0000,1.0000,0.2000,11.932
2026-04-26 18:47:33.452,222,0.10340546762715344,0.3254132496331355,-0.2461897412261038,-0.2258043509052728,-0.7553345967387385,0.0000,1.0000,0.4000,11.272
2026-04-26 18:47:33.462,223,0.10337260288273621,0.3256056448351933,-0.24628609754087116,-0.22581170564162453,-0.7556833893009841,0.0000,1.0000,0.1500,7.292
2026-04-26 18:47:33.472,224,0.10333780136434943,0.3257962452112409,-0.24638102533385753,-0.22581170564162453,-0.7560253301447055,0.0000,1.0000,0.0500,6.987
2026-04-26 18:47:33.483,225,0.10330388421922436,0.3259865192207613,-0.24647856973560994,-0.22581800540129823,-0.7563623834427617,0.0000,0.9500,0.0000,5.495
2026-04-26 18:47:33.493,226,0.10327003854041183,0.3261764353470179,-0.2465781037844118,-0.22582487572353058,-0.7566940894141042,0.0000,0.8000,-0.0500,6.572
2026-04-26 18:47:33.503,227,0.10323274901950157,0.3263630769812338,-0.24667287184574127,-0.22582487572353058,-0.7570181854443566,0.0000,1.0000,0.2000,9.408
2026-04-26 18:47:33.513,228,0.10319025397173304,0.32654647529282244,-0.24676170959253185,-0.22581825307086317,-0.7573335767877073,0.0000,1.0000,0.1500,8.560
2026-04-26 18:47:33.523,229,0.10314238772546087,0.32672595236005053,-0.2468434536191104,-0.22580313312418224,-0.7576402315114276,0.0000,0.9500,0.2000,8.290
2026-04-26 18:47:33.533,230,0.1030911570507024,0.3269029959589352,-0.24692163790200083,-0.22578292609096015,-0.7579395647995051,0.0000,1.0000,0.2500,8.659
2026-04-26 18:47:33.545,231,0.1030363905629259,0.32707981928391044,-0.24699943297533244,-0.22575850082242077,-0.7582315385728352,0.0000,0.7500,-0.0500,9.609
2026-04-26 18:47:33.555,232,0.1029752388291971,0.32725133699550923,-0.24706727673179868,-0.2257235063101333,-0.7585143282440527,0.0000,1.0000,0.4500,10.288
2026-04-26 18:47:33.565,233,0.1029133497283612,0.32741979492930817,-0.2471322692183204,-0.22568658701864983,-0.7587917729747933,0.0000,1.0000,0.2000,10.941
2026-04-26 18:47:33.575,234,0.10284827262071103,0.327586032912042,-0.2471940029655726,-0.22564488651774045,-0.7590623118056882,0.0000,1.0000,0.0500,9.394
2026-04-26 18:47:33.585,235,0.10277937336996872,0.3277521994619099,-0.24725524504545734,-0.22559862485983975,-0.7593255936876484,0.0000,1.0000,0.0500,8.024
2026-04-26 18:47:33.595,236,0.10271104301722762,0.32791542385116157,-0.24731458427341824,-0.2255522128412769,-0.759584616614206,0.0000,0.9500,0.1000,11.333
2026-04-26 18:47:33.605,237,0.10264079476059641,0.3280758056445494,-0.24737048016180138,-0.22550237607573834,-0.7598377922907443,0.0000,1.0000,0.0500,8.544
2026-04-26 18:47:33.616,238,0.10257357327213565,0.32823552075951673,-0.24742946154745984,-0.2254567871116843,-0.7600884856950153,0.0000,0.7000,-0.4000,5.550
2026-04-26 18:47:33.628,239,0.1025019806154887,0.32839301956519673,-0.24748424101148042,-0.22540479903679217,-0.7603318323712135,0.0000,0.9000,0.3000,8.880
2026-04-26 18:47:33.638,240,0.10242754927737838,0.32855047170745066,-0.24753906413065407,-0.22534953193060225,-0.7605689204663934,0.0000,0.9500,-0.0500,7.579
2026-04-26 18:47:33.649,241,0.10235477945380786,0.3287043841142381,-0.2475916613360198,-0.22529523158029635,-0.7608028156031242,0.0000,1.0000,0.2000,11.323
2026-04-26 18:47:33.660,242,0.10228128759848817,0.32885544154447977,-0.24764144109490402,-0.22523905448455278,-0.761031993260069,0.0000,1.0000,0.3500,9.366
2026-04-26 18:47:33.671,243,0.10220612911777915,0.3290058688838988,-0.2476910818112054,-0.2251808459262687,-0.7612558872500135,0.0000,0.9500,-0.0500,8.249
2026-04-26 18:47:33.682,244,0.10213127336693001,0.3291543064064992,-0.24773982804177064,-0.22512254426319414,-0.7614758730652083,0.0000,1.0000,0.0500,7.263
2026-04-26 18:47:33.692,245,0.10205707246521087,0.3293034202690115,-0.24779188544158198,-0.22506594459359752,-0.7616922471017533,0.0000,0.9000,0.0000,8.618
2026-04-26 18:47:33.703,246,0.10198250528736214,0.3294525020334983,-0.2478454827021608,-0.2250093238377938,-0.7619043893346467,0.0000,0.8000,0.0000,7.797
2026-04-26 18:47:33.714,247,0.10190532504432465,0.3296009196996623,-0.24789814648081007,-0.22494936302692403,-0.7621108617188089,0.0000,0.9500,-0.0500,7.789
2026-04-26 18:47:33.723,248,0.10183121528008154,0.32974736741489125,-0.24795167995729825,-0.22489298015211112,-0.7623155122006413,0.0000,0.8500,-0.2000,7.315
2026-04-26 18:47:33.734,249,0.10175805466741175,0.32989314575988854,-0.24800659311995737,-0.22483799003331503,-0.7625169845953194,0.0000,0.8500,-0.0500,7.190
2026-04-26 18:47:33.744,250,0.10168556694954418,0.33003572059590075,-0.24805887432486953,-0.22478275033021206,-0.7627151518944854,0.0000,1.0000,0.0000,10.396
2026-04-26 18:47:33.757,251,0.10160984334204079,0.33017379853028067,-0.24810395175613403,-0.2247213958092378,-0.7629074645472279,0.0000,1.0000,0.4500,8.770
2026-04-26 18:47:33.769,252,0.10153448430392574,0.3303113479988399,-0.24815015289090586,-0.22466070457804335,-0.7630963783203631,0.0000,0.9500,0.0500,10.604
2026-04-26 18:47:33.782,253,0.1014588911816842,0.33044641070817166,-0.2481941160863921,-0.22459889266378635,-0.763281548740436,0.0000,0.9000,0.2000,9.723
2026-04-26 18:47:33.793,254,0.1013831320871803,0.3305790365738684,-0.24823593690005608,-0.22453606931795103,-0.7634630750248104,0.0000,1.0000,0.1000,6.913
2026-04-26 18:47:33.803,255,0.10130846491252551,0.33071433070312023,-0.248284087234447,-0.2244764578593156,-0.7636418487705402,0.0000,0.7500,-0.2500,5.977
2026-04-26 18:47:33.815,256,0.10123612537639988,0.3308484016126785,-0.24833352968946273,-0.22441975384322807,-0.7638187459973569,0.0000,0.7500,0.0000,9.813
2026-04-26 18:47:33.829,257,0.10116322330369808,0.33097940234064954,-0.24837954341099217,-0.22436117398891922,-0.763991891346026,0.0000,1.0000,0.1500,9.122
2026-04-26 18:47:33.839,258,0.10108920475794576,0.33110986658662517,-0.24842553638399076,-0.22430124042469898,-0.764160966178371,0.0000,0.9000,0.0000,7.641
2026-04-26 18:47:33.851,259,0.10101256137331184,0.3312379197021744,-0.24846766813424398,-0.22423699862448315,-0.7643250148101857,0.0000,1.0000,0.2000,4.649
2026-04-26 18:47:33.863,260,0.10093715395786773,0.33136354352541647,-0.24850846271049604,-0.22417358129471066,-0.7644866602581366,0.0000,1.0000,0.1500,12.212
2026-04-26 18:47:33.873,261,0.10085800633201461,0.33148685833392605,-0.2485447608342681,-0.22410440780067192,-0.7646426334766078,0.0000,1.0000,0.1500,8.394
2026-04-26 18:47:33.885,262,0.10077679228986502,0.3316090304377404,-0.2485794059252094,-0.22403228724351432,-0.7647940980096791,0.0000,0.7500,0.1500,9.438
2026-04-26 18:47:33.896,263,0.10069598748725085,0.3317300767791217,-0.24861405225440822,-0.22396052327614704,-0.7649427512606898,0.0000,0.8500,0.0500,7.239
2026-04-26 18:47:33.909,264,0.10061534478077958,0.3318506885900837,-0.24864955065179034,-0.22388912638277925,-0.7650884747290044,0.0000,0.9000,-0.1000,9.164
2026-04-26 18:47:33.920,265,0.10053691951932701,0.3319683987468845,-0.24868354972733098,-0.22381959794354242,-0.7652326842149088,0.0000,1.0000,0.1500,9.227
2026-04-26 18:47:33.930,266,0.10045702338938362,0.3320845180380251,-0.24871553616516778,-0.2237476701610232,-0.7653729657269162,0.0000,1.0000,0.1000,9.812
2026-04-26 18:47:33.941,267,0.10038010587469516,0.3321972428644687,-0.24874575057564616,-0.2236783685219846,-0.7655123297984473,0.0000,1.0000,0.1500,9.974
2026-04-26 18:47:33.950,268,0.10030383155740627,0.3323096778219589,-0.24877727289825163,-0.22361012615549214,-0.765649263032025,0.0000,0.9000,-0.2000,8.668
2026-04-26 18:47:33.962,269,0.10022703688079809,0.3324206238462299,-0.24880750912334704,-0.22354078692129717,-0.7657830326177132,0.0000,0.8500,-0.0500,8.049
2026-04-26 18:47:33.974,270,0.1001482335587438,0.3325294496533561,-0.24883450072116478,-0.22346804567476447,-0.7659126886158859,0.0000,1.0000,0.2500,7.840
2026-04-26 18:47:33.984,271,0.10006916636974308,0.33263680876337615,-0.24886037203549813,-0.22339455050289375,-0.7660394358295679,0.0000,1.0000,0.1500,9.766
2026-04-26 18:47:33.995,272,0.0999904308590941,0.3327427606501122,-0.24888559047217718,-0.22332112023430659,-0.7661637122820558,0.0000,0.7000,-0.0500,8.690
2026-04-26 18:47:34.004,273,0.0999142675409939,0.33284785867439515,-0.24891246119600388,-0.22325101400752423,-0.7662870520276824,0.0000,1.0000,-0.0500,8.495
2026-04-26 18:47:34.018,274,0.09983375596187781,0.3329497909437821,-0.24893288445831735,-0.22317384378416122,-0.7664048812032664,0.0000,0.9500,0.3500,9.068
2026-04-26 18:47:34.030,275,0.0997532326757351,0.3330532938619884,-0.24895683790051082,-0.22309775508962762,-0.766520130020741,0.0000,0.6000,-0.2000,7.155
2026-04-26 18:47:34.039,276,0.09967191482729126,0.33315538156350244,-0.2489793030906304,-0.22302020650692805,-0.7666323151648914,0.0000,1.0000,0.1000,12.007
2026-04-26 18:47:34.052,277,0.0995881433343147,0.3332561190216424,-0.24899925396961495,-0.22293901380603082,-0.7667403685903732,0.0000,0.9500,0.1500,7.458
2026-04-26 18:47:34.060,278,0.09950230209663831,0.33335546249855186,-0.24901686366164733,-0.22285466244650848,-0.7668445836697432,0.0000,1.0000,0.3000,10.820
2026-04-26 18:47:34.072,279,0.09941797422125542,0.3334517522311257,-0.24903201431584532,-0.22277109555292585,-0.7669473860187415,0.0000,0.9500,0.1000,8.950
2026-04-26 18:47:34.136,280,0.09933418968453211,0.3335456204976544,-0.2490449909771647,-0.22268733149675712,-0.767048165279524,0.0000,1.0000,0.1500,6.904
2026-04-26 18:47:34.146,281,0.0992531305370383,0.3336382986452284,-0.24905907892691492,-0.22260689101552406,-0.7671484119321806,0.0000,0.8500,-0.3000,10.791
2026-04-26 18:47:34.156,282,0.09916993688689303,0.3337286174194519,-0.24906926816247096,-0.2225227053544559,-0.7672449212918048,0.0000,1.0000,0.2000,9.995
2026-04-26 18:47:34.165,283,0.0990838643612132,0.3338188776248217,-0.24907849769177526,-0.22243492821096794,-0.7673372318241768,0.0000,1.0000,0.1000,9.721
2026-04-26 18:47:34.175,284,0.09899866494584501,0.3339073856896945,-0.2490867127702997,-0.22234771130249267,-0.7674278790468475,0.0000,1.0000,0.1000,7.814
2026-04-26 18:47:34.186,285,0.09891320317090735,0.3339947465905857,-0.24909404840760008,-0.22225983907507357,-0.7675161396606448,0.0000,1.0000,0.0500,8.510
2026-04-26 18:47:34.196,286,0.09882797450196536,0.334079846662532,-0.24909914917344148,-0.22217141129584553,-0.7676023771514828,0.0000,0.9500,0.0500,7.358
2026-04-26 18:47:34.206,287,0.09874327006618346,0.33416437681518035,-0.24910473050255114,-0.22208365762836446,-0.7676868182820423,0.0000,0.7000,0.0000,7.232
2026-04-26 18:47:34.216,288,0.09865854897356185,0.33425058567957255,-0.24911378995885686,-0.22199697730007714,-0.7677691346467258,0.0000,0.9000,-0.1000,8.530
2026-04-26 18:47:34.226,289,0.09857334049411813,0.33433510779208475,-0.2491209509594725,-0.22190905609630848,-0.7678490441304647,0.0000,0.9000,0.0500,9.858
2026-04-26 18:47:34.236,290,0.09849001833617753,0.33441574107027366,-0.2491209509594725,-0.22182195413502717,-0.7679281604348219,0.0000,1.0000,0.2500,12.148
2026-04-26 18:47:34.247,291,0.0984072988772418,0.33449530548893,-0.2491209509594725,-0.22173536617849954,-0.7680056585723709,0.0000,1.0000,0.0000,6.101
2026-04-26 18:47:34.259,292,0.09832412406444617,0.3345715945933152,-0.2491209509594725,-0.22164677458966564,-0.7680808634740274,0.0000,1.0000,0.4000,8.215
2026-04-26 18:47:34.270,293,0.0982417347128058,0.33464465613278077,-0.2491209509594725,-0.22155785404577172,-0.7681546321948012,0.0000,1.0000,0.3000,7.554
2026-04-26 18:47:34.282,294,0.09816106255213736,0.33471399598898693,-0.24911295381572635,-0.22146959623088228,-0.7682276152852282,0.0000,1.0000,0.2500,10.315
2026-04-26 18:47:34.293,295,0.098080305469074,0.33478184639175274,-0.24910353925920387,-0.2213807109323443,-0.7682986402927623,0.0000,0.8500,0.2000,11.899
2026-04-26 18:47:34.302,296,0.09799947263337823,0.3348488057204754,-0.24909359787144106,-0.22129150610911236,-0.7683677418525977,0.0000,1.0000,0.1000,7.830
2026-04-26 18:47:34.312,297,0.0979206015927483,0.334915456773394,-0.24908534931070528,-0.2212049864853329,-0.7684363064240559,0.0000,1.0000,-0.1000,8.321
2026-04-26 18:47:34.321,298,0.09784117655135931,0.3349773308321218,-0.24907040059153915,-0.2211155599532202,-0.7685026844826965,0.0000,1.0000,0.6000,8.083
2026-04-26 18:47:34.330,299,0.09776268364514272,0.33503729370833396,-0.2490540286687429,-0.2210266376293406,-0.768567894043492,0.0000,1.0000,0.1500,8.518
2026-04-26 18:47:34.341,300,0.0976821610410491,0.3350959696644693,-0.24903518304840794,-0.22093457927989202,-0.7686299873998953,0.0000,0.9000,0.2000,11.389
2026-04-26 18:47:34.351,301,0.09760281745045735,0.3351533803618018,-0.2490160232161471,-0.2208436708118754,-0.7686911301389129,0.0000,0.8500,0.0000,9.006
2026-04-26 18:47:34.362,302,0.09752324356913013,0.3352079157931104,-0.24899318265996134,-0.22075122499197122,-0.7687504087737823,0.0000,1.0000,0.2500,9.006
2026-04-26 18:47:34.372,303,0.09744179859157868,0.3352639664416102,-0.24897214144881366,-0.2206572462111039,-0.7688067550928326,0.0000,0.7500,0.0000,5.572
2026-04-26 18:47:34.381,304,0.09736242325250948,0.3353192808833697,-0.24895213799452656,-0.22056586000686845,-0.7688628215263097,0.0000,0.9500,0.1000,8.975
2026-04-26 18:47:34.391,305,0.09728144345884124,0.3353739092185109,-0.24893078661727588,-0.2204721896211205,-0.7689161835734947,0.0000,0.9000,0.1500,8.733
2026-04-26 18:47:34.400,306,0.09719936315402108,0.3354279084306265,-0.24890849749164826,-0.2203769324980836,-0.7689672017179339,0.0000,1.0000,0.1000,9.458
2026-04-26 18:47:34.409,307,0.09711549731698502,0.3354822915603511,-0.24888632240373237,-0.22027967886907002,-0.7690154434323477,0.0000,0.8500,0.2000,8.939
2026-04-26 18:47:34.419,308,0.09703273604414328,0.33553651646143534,-0.24886536393735273,-0.2201840082391628,-0.7690628592388046,0.0000,0.9000,0.0500,9.044
2026-04-26 18:47:34.428,309,0.09695011444925405,0.33558955916149785,-0.24884343211261714,-0.2200881192667646,-0.7691088293140711,0.0000,0.9500,0.1000,8.923
2026-04-26 18:47:34.439,310,0.09686664151276388,0.3356413701604005,-0.24881978139724797,-0.21999066304459053,-0.7691527160611924,0.0000,0.9000,0.3500,6.785
2026-04-26 18:47:34.448,311,0.0967820886064911,0.335692594512466,-0.24879521651060896,-0.21989165450638232,-0.769194389797887,0.0000,0.9500,0.1000,10.127
2026-04-26 18:47:34.459,312,0.0966996278803904,0.33574372036017436,-0.24877257414637396,-0.21979556454214647,-0.7692359876862498,0.0000,1.0000,0.1000,11.013
2026-04-26 18:47:34.469,313,0.09661704396495814,0.33579584667143325,-0.24875201571101974,-0.21969998613604316,-0.7692760548728051,0.0000,0.7000,-0.2000,6.986
2026-04-26 18:47:34.477,314,0.09653511648260742,0.3358468941695821,-0.24873093205743402,-0.21960491651261088,-0.7693151328344622,0.0000,1.0000,-0.1000,7.727
2026-04-26 18:47:34.487,315,0.09645448589185646,0.3358968125552755,-0.24870966487825363,-0.21951118187269114,-0.7693536699462706,0.0000,1.0000,-0.0500,10.396
2026-04-26 18:47:34.497,316,0.096372015806479,0.33594665481581015,-0.24868769304704244,-0.21941512430636653,-0.7693895963657436,0.0000,1.0000,0.1000,6.584
2026-04-26 18:47:34.510,317,0.09629146228472733,0.3359979462845698,-0.24866979906472902,-0.21932251204106346,-0.7694254368971544,0.0000,1.0000,-0.0500,8.733
2026-04-26 18:47:34.521,318,0.09620910440142565,0.33604913495686184,-0.24865116491257847,-0.21922760536168676,-0.7694587313776765,0.0000,1.0000,0.1000,8.266
2026-04-26 18:47:34.531,319,0.09612516535679214,0.33609818227372446,-0.248628872298305,-0.21912968014705306,-0.7694896487546032,0.0000,1.0000,0.2500,11.336
2026-04-26 18:47:34.542,320,0.0960403934018943,0.33614614311504754,-0.24860499326060984,-0.21903025909983379,-0.7695187077069202,0.0000,1.0000,0.1500,7.170
2026-04-26 18:47:34.550,321,0.09595569089870125,0.3361950538549598,-0.24858317495688123,-0.2189315611871024,-0.76954652935654,0.0000,0.9500,-0.1000,8.683
2026-04-26 18:47:34.561,322,0.09586882021358492,0.33624282618806123,-0.24855878432949285,-0.21882955641091104,-0.769571641201768,0.0000,0.7500,0.2500,5.162
2026-04-26 18:47:34.572,323,0.09578205609161543,0.33629100371867926,-0.2485356445705317,-0.21872804726811254,-0.7695955787045643,0.0000,0.9500,0.0000,10.174
2026-04-26 18:47:34.580,324,0.09569492028258757,0.33634009924389946,-0.24851419746170522,-0.21862665022605288,-0.7696180417122267,0.0000,0.6500,-0.1500,8.099
2026-04-26 18:47:34.590,325,0.09560725659509436,0.33638859624250345,-0.2484920556418371,-0.2185243965386208,-0.7696389444977071,0.0000,0.9500,0.1000,8.612
2026-04-26 18:47:34.598,326,0.09552155709127537,0.3364375181900995,-0.24847240737413157,-0.2184251184963015,-0.7696599665603131,0.0000,0.9500,-0.2500,6.010
2026-04-26 18:47:34.609,327,0.09543640605764143,0.3364848829961755,-0.2484513275137344,-0.21832593527196767,-0.7696801819437319,0.0000,1.0000,0.1500,7.611
2026-04-26 18:47:34.620,328,0.09535083636077854,0.33653409922938016,-0.2484332760809171,-0.2182272595072974,-0.7696989634772438,0.0000,0.7000,-0.1500,7.173
2026-04-26 18:47:34.628,329,0.09526451772583701,0.33658370207077787,-0.24841582770810772,-0.21812791632690068,-0.7697161082987318,0.0000,0.8000,-0.0500,5.810
2026-04-26 18:47:34.638,330,0.09517809109606051,0.3366341385535181,-0.24840007240392964,-0.21802898177037952,-0.7697320607649916,0.0000,0.8500,-0.0500,6.234
2026-04-26 18:47:34.646,331,0.09508993906110955,0.3366815189299568,-0.2483790895543095,-0.2179263523798478,-0.7697457594078433,0.0000,1.0000,0.5500,8.371
2026-04-26 18:47:34.656,332,0.0949996747393764,0.3367273549332482,-0.248354881234645,-0.21782026617334846,-0.7697569628595147,0.0000,1.0000,0.3000,7.615
2026-04-26 18:47:34.667,333,0.09491004024214428,0.33677166965311695,-0.24832930266449887,-0.21771438886782665,-0.7697675154991943,0.0000,1.0000,0.2500,9.952
2026-04-26 18:47:34.677,334,0.09482135294536786,0.33681598621767844,-0.2483048427431393,-0.2176099032486294,-0.7697776449712769,0.0000,0.9500,-0.2500,7.704
2026-04-26 18:47:34.691,335,0.094731347338141,0.33685928895462525,-0.24827846035527926,-0.21750327888094415,-0.7697858567546768,0.0000,0.9500,0.1500,9.391
2026-04-26 18:47:34.710,336,0.09464258381866959,0.33690155573614017,-0.24825182208410201,-0.2173979166764481,-0.7697938733637572,0.0000,0.6500,0.1500,4.511
2026-04-26 18:47:34.720,337,0.0945526569309074,0.336942394582319,-0.24822272927251712,-0.2172904115101023,-0.769800106509646,0.0000,0.8000,0.1000,6.213
2026-04-26 18:47:34.733,338,0.09446284408609672,0.33698275826846547,-0.2481934557468532,-0.2171829411520953,-0.7698054229181033,0.0000,0.8500,0.1000,8.092
2026-04-26 18:47:34.804,339,0.09437468524183688,0.33702268031106547,-0.2481650715802786,-0.21707757383250284,-0.7698108641190194,0.0000,1.0000,-0.1000,9.590
2026-04-26 18:47:34.821,340,0.09428674356830807,0.3370616842210235,-0.24813589741524292,-0.2169721537557923,-0.7698108641190194,0.0000,1.0000,0.0500,10.045
2026-04-26 18:47:34.829,341,0.09419823869170374,0.33710025667497545,-0.24810613638119544,-0.21686588201064944,-0.7698108641190194,0.0000,1.0000,0.1000,6.523
2026-04-26 18:47:34.838,342,0.09410918194482906,0.33713841358860314,-0.24807581337010653,-0.21675877994036702,-0.7698108641190194,0.0000,0.8500,0.1000,9.345
2026-04-26 18:47:34.846,343,0.09402022420866593,0.337175695330732,-0.2480446664171647,-0.21665148387158623,-0.7698108641190194,0.0000,0.9000,0.2000,8.876
2026-04-26 18:47:34.854,344,0.09393212163034255,0.33721165885982934,-0.24801252871603247,-0.21654477880611708,-0.7698108641190194,0.0000,1.0000,0.1500,9.819
2026-04-26 18:47:34.863,345,0.09384330793413288,0.3372472752065322,-0.24797980638185604,-0.21643706024315276,-0.7698108641190194,0.0000,1.0000,0.0500,8.078
2026-04-26 18:47:34.871,346,0.09375479780633121,0.3372829862924624,-0.24794783260131073,-0.2163299004348,-0.7698108641190194,0.0000,0.8000,0.1000,7.892
2026-04-26 18:47:34.879,347,0.09366570333068895,0.33732016603400966,-0.2479180702438275,-0.21622280085151538,-0.7698108641190194,0.0000,0.8000,-0.1000,6.841
2026-04-26 18:47:34.888,348,0.09357823638730281,0.3373587764908531,-0.2478919310155833,-0.21611869012118504,-0.7698108641190194,0.0000,0.7500,-0.2500,9.995
2026-04-26 18:47:34.897,349,0.09349085941814016,0.3373960736626231,-0.24786426799681327,-0.2160141446144628,-0.7698108641190194,0.0000,1.0000,0.0500,6.491
2026-04-26 18:47:34.906,350,0.09340342119538668,0.33743342098192425,-0.24783701972556754,-0.2159096428820576,-0.7698108641190194,0.0000,1.0000,0.0000,6.160
2026-04-26 18:47:34.915,351,0.09331710106667428,0.33747082706156256,-0.24781097964738036,-0.21580676018830153,-0.7698108641190194,0.0000,1.0000,-0.1000,10.428
2026-04-26 18:47:34.924,352,0.0932305253225993,0.3375069207338099,-0.24778316958454258,-0.2157029778537959,-0.769805821671851,0.0000,1.0000,0.2500,12.118
2026-04-26 18:47:34.941,353,0.09314263087886747,0.3375426363738355,-0.24775427684139503,-0.21559734415964824,-0.7697991099708447,0.0000,0.7500,0.0000,7.722
2026-04-26 18:47:34.950,354,0.09305321229423597,0.33757931300622857,-0.24772616754147597,-0.2154902532576558,-0.769790603906983,0.0000,0.6500,0.0000,7.770
2026-04-26 18:47:34.960,355,0.09296362448334783,0.33761560047198075,-0.24769771435197255,-0.21538283520391432,-0.7697812184307284,0.0000,1.0000,0.0500,10.335
2026-04-26 18:47:34.971,356,0.09287597674362241,0.3376514775383938,-0.24767028633194868,-0.21527789038263506,-0.7697723712392841,0.0000,1.0000,0.1000,10.985
2026-04-26 18:47:34.980,357,0.09278737143991006,0.33768695492040285,-0.2476419625862249,-0.215171559262694,-0.7697621419023228,0.0000,1.0000,0.2000,8.384
2026-04-26 18:47:34.990,358,0.09269769864592893,0.33772117596242984,-0.24761137971459274,-0.21506326559349345,-0.7697504682921997,0.0000,1.0000,0.2500,7.336
2026-04-26 18:47:35.000,359,0.09260851344815733,0.3377545981898656,-0.24758025567379366,-0.21495531025225026,-0.7697383981224283,0.0000,1.0000,0.1000,6.416
2026-04-26 18:47:35.010,360,0.09251598932501731,0.3377854782655709,-0.24754341946390496,-0.2148417182275196,-0.7697233912029801,0.0000,0.9500,0.4500,8.677
2026-04-26 18:47:35.021,361,0.09242332563738528,0.3378155976091949,-0.24750567121651984,-0.2147276447492349,-0.7697075911030975,0.0000,1.0000,0.2500,7.725
2026-04-26 18:47:35.031,362,0.09232881904361397,0.3378445339426767,-0.24746523712189467,-0.2146106062811922,-0.769689872763744,0.0000,0.8500,0.2500,8.248
2026-04-26 18:47:35.042,363,0.0922349188281451,0.337875341889367,-0.2474283272122688,-0.2144953945918033,-0.7696718793857448,0.0000,0.8500,-0.1000,6.852
2026-04-26 18:47:35.051,364,0.09214104688589864,0.33790753539775015,-0.2473938223192874,-0.21438099461152238,-0.7696532357550757,0.0000,0.7500,0.0000,6.090
2026-04-26 18:47:35.061,365,0.09204731818992853,0.3379381103913268,-0.24735728835952475,-0.2142660563810455,-0.7696340285569618,0.0000,1.0000,0.0500,8.920
2026-04-26 18:47:35.070,366,0.09195477321413598,0.33797092027891307,-0.24732519454735372,-0.21415389270313306,-0.769614961326645,0.0000,1.0000,-0.2000,4.941
2026-04-26 18:47:35.078,367,0.09186237935911387,0.3380025065228927,-0.24729166019684837,-0.21404139632758765,-0.7695953554022053,0.0000,0.8000,0.1500,7.829
2026-04-26 18:47:35.088,368,0.09176926602194696,0.33803418290870046,-0.2472580711715189,-0.21392806217879246,-0.7695746399733187,0.0000,0.9000,0.1000,7.424
2026-04-26 18:47:35.098,369,0.09167552925669244,0.3380667909466915,-0.2472257494264282,-0.2138144379370209,-0.7695528885237687,0.0000,0.8000,-0.0500,5.673
2026-04-26 18:47:35.109,370,0.09158073823233645,0.3380977703442485,-0.24719056302066406,-0.2136986678848368,-0.7695298231389084,0.0000,1.0000,0.3000,7.575
2026-04-26 18:47:35.120,371,0.0914849105541243,0.3381292765901638,-0.2471557527071546,-0.21358185212746764,-0.7695054647220066,0.0000,0.6500,-0.1000,8.652
2026-04-26 18:47:35.130,372,0.09138851843911737,0.3381600531739766,-0.24711974437774853,-0.21346399093629484,-0.7694801371133798,0.0000,0.8500,0.0500,7.890
2026-04-26 18:47:35.140,373,0.09129227500670557,0.3381884270615108,-0.24708049980258134,-0.21334519754038894,-0.7694543246194624,0.0000,1.0000,0.3500,10.186
2026-04-26 18:47:35.149,374,0.09119377439707892,0.33821653227860354,-0.24703961208371497,-0.21322333007608935,-0.7694264320938198,0.0000,0.7500,0.2000,7.608
2026-04-26 18:47:35.160,375,0.09109591125246057,0.33824228725050703,-0.24699588465080824,-0.21310120623143972,-0.7693983979266377,0.0000,1.0000,0.3000,8.770
2026-04-26 18:47:35.172,376,0.09099986265129725,0.3382665726361311,-0.24695141930103434,-0.21298083474199042,-0.7693710153361538,0.0000,1.0000,0.1500,10.107
2026-04-26 18:47:35.181,377,0.09090323749882981,0.3382910872388521,-0.24690716632478127,-0.21285987586672805,-0.7693426986309795,0.0000,0.9000,0.1000,8.079
2026-04-26 18:47:35.190,378,0.09080735558644,0.338316236886015,-0.2468646105302565,-0.2127402912400568,-0.7693143359182432,0.0000,1.0000,-0.1500,9.825
2026-04-26 18:47:35.198,379,0.09071038226717827,0.3383395182676815,-0.24681877011776104,-0.21261838202498085,-0.7692847122224927,0.0000,1.0000,0.4000,9.902
2026-04-26 18:47:35.210,380,0.09061428091204099,0.33836179014134404,-0.24677223845675825,-0.2124971944569389,-0.7692551444584023,0.0000,1.0000,0.2000,10.779
2026-04-26 18:47:35.220,381,0.09051886032155068,0.33838224719449317,-0.24672367648660434,-0.21237606999030653,-0.7692255130403197,0.0000,1.0000,0.4000,6.464
2026-04-26 18:47:35.228,382,0.09042370638017667,0.3384046508957492,-0.24667844676203163,-0.212256336262971,-0.7691955496536811,0.0000,0.8500,-0.1500,7.718
2026-04-26 18:47:35.240,383,0.09032925849725489,0.33842485647951476,-0.24663062155659107,-0.2121365058430018,-0.7691655548840631,0.0000,1.0000,0.3000,10.772
2026-04-26 18:47:35.249,384,0.09023318254489236,0.33844536499694977,-0.2465823928969147,-0.21201471617113238,-0.7691339801775331,0.0000,0.9000,0.1500,9.738
2026-04-26 18:47:35.260,385,0.09013669971515584,0.33846657974473643,-0.24653517644319686,-0.21189279625118498,-0.7691016470804947,0.0000,0.9500,-0.0500,6.004
2026-04-26 18:47:35.273,386,0.09003933654092806,0.33848807993172386,-0.24648802200228637,-0.21176990351099587,-0.769068247255287,0.0000,0.8000,0.1500,6.437
2026-04-26 18:47:35.282,387,0.08994202099508522,0.33851025911220484,-0.24644213524295142,-0.21164747115108748,-0.7690344065479717,0.0000,1.0000,0.1000,8.387
2026-04-26 18:47:35.293,388,0.08984452183194395,0.3385302720336521,-0.246393090861026,-0.211523767356933,-0.7689999778842755,0.0000,0.9500,0.3500,12.152
2026-04-26 18:47:35.302,389,0.08974609923206127,0.3385505828413708,-0.24634408864884347,-0.21139903692748604,-0.768964475034409,0.0000,0.8500,0.1000,4.813
2026-04-26 18:47:35.314,390,0.0896473656242616,0.3385715911493776,-0.24629613314883936,-0.21127429540646242,-0.7689283131626804,0.0000,0.9000,0.1500,5.758
2026-04-26 18:47:35.326,391,0.08954937428094818,0.3385928747716911,-0.24624929014663832,-0.21115073524154324,-0.7688922012259405,0.0000,1.0000,0.0000,8.901
2026-04-26 18:47:35.335,392,0.08945200613713541,0.338614420223898,-0.24620345696871312,-0.21102819012701315,-0.7688560665211523,0.0000,1.0000,0.1500,10.743
2026-04-26 18:47:35.344,393,0.0893558974665425,0.338635818517569,-0.24615844129070277,-0.21090730313557488,-0.7688203398043112,0.0000,1.0000,-0.0500,11.588
2026-04-26 18:47:35.355,394,0.08926029320570562,0.3386578670812447,-0.24611493290094189,-0.21078746544414254,-0.7687845241746873,0.0000,1.0000,-0.1000,7.493
2026-04-26 18:47:35.363,395,0.08916472105659569,0.3386801516548541,-0.24607199260982035,-0.21066783941769532,-0.7687483111447174,0.0000,1.0000,0.1000,6.353
2026-04-26 18:47:35.374,396,0.08906949322564481,0.338703453207217,-0.24603099711805032,-0.21054923105322015,-0.7687119151341454,0.0000,0.7000,-0.2000,7.539
2026-04-26 18:47:35.382,397,0.08897388688261607,0.33872736164779327,-0.24599084655621029,-0.210430470780572,-0.7686748604440371,0.0000,0.9000,0.1500,9.007
2026-04-26 18:47:35.393,398,0.08887833114257115,0.3387506921212628,-0.24595004691394298,-0.21031153758554907,-0.7686374392461728,0.0000,1.0000,0.3000,9.299
2026-04-26 18:47:35.469,399,0.08878245957365861,0.3387726751861251,-0.245907196979073,-0.21019155744274115,-0.7685994132562975,0.0000,1.0000,0.1500,10.950
2026-04-26 18:47:35.478,400,0.08868777063517416,0.3387937305696386,-0.2458639225947586,-0.21007273744357996,-0.7685617873608667,0.0000,1.0000,0.1000,10.069
2026-04-26 18:47:35.487,401,0.08859376457397203,0.3388127137945648,-0.24581817119659377,-0.2099538383047623,-0.768524234216004,0.0000,1.0000,0.3000,11.172
2026-04-26 18:47:35.495,402,0.08849946793793069,0.33883159592036954,-0.24577224776610848,-0.2098345469233101,-0.7684861105911428,0.0000,0.9000,0.0000,8.209
2026-04-26 18:47:35.503,403,0.08840583041866473,0.33885192447444035,-0.24572910412213336,-0.20971690263230264,-0.7684480552654777,0.0000,0.9500,-0.2000,8.147
2026-04-26 18:47:35.511,404,0.08831284553808988,0.3388729012582487,-0.2456875360871589,-0.20960049701922073,-0.7684100694869656,0.0000,0.7000,0.0000,7.948
2026-04-26 18:47:35.520,405,0.08822103895184208,0.3388925828635969,-0.24564497646340017,-0.2094850585884748,-0.7683725091758767,0.0000,1.0000,0.1500,9.378
2026-04-26 18:47:35.529,406,0.0881288163868776,0.33891176279759794,-0.2456015501780904,-0.2093688577405427,-0.7683343168844473,0.0000,1.0000,0.1500,9.098
2026-04-26 18:47:35.537,407,0.08803617098573874,0.33892967757808323,-0.24555610498886918,-0.2092515029452116,-0.7682954933609568,0.0000,1.0000,0.2500,11.231
2026-04-26 18:47:35.546,408,0.08794466603057816,0.338948650678784,-0.2455131658836778,-0.20913623967938677,-0.7682570860336261,0.0000,0.8500,-0.1500,8.265
2026-04-26 18:47:35.555,409,0.08785274759133357,0.3389678934530393,-0.24547051156455432,-0.20902060108636664,-0.7682180641105978,0.0000,1.0000,0.0500,7.489
2026-04-26 18:47:35.566,410,0.08775988260728623,0.3389854899460258,-0.24542491038647424,-0.2089029178238924,-0.7681780773021539,0.0000,1.0000,0.3000,9.037
2026-04-26 18:47:35.576,411,0.08766563724099567,0.3390033707475029,-0.24537896670522424,-0.20878357612895942,-0.7681368413911674,0.0000,0.7000,0.1000,7.011
2026-04-26 18:47:35.586,412,0.087571555004181,0.33901963435691884,-0.2453308550084554,-0.20866368266807295,-0.7680953903181668,0.0000,1.0000,0.2000,13.383
2026-04-26 18:47:35.597,413,0.08747763031869715,0.3390358314615122,-0.24528289537296857,-0.20854400475746393,-0.7680537252231135,0.0000,1.0000,0.1000,9.319
2026-04-26 18:47:35.607,414,0.08738333315956973,0.3390508167463727,-0.2452330142746508,-0.20842326245869758,-0.7680114975418688,0.0000,1.0000,0.1500,10.058
2026-04-26 18:47:35.617,415,0.08728877766243531,0.3390653801174846,-0.245182470494165,-0.20830200233331636,-0.7679687880789136,0.0000,0.9500,0.0500,6.541
2026-04-26 18:47:35.629,416,0.08719487713957719,0.3390806613713985,-0.24513358046498565,-0.20818201146559254,-0.7679262103524488,0.0000,0.9500,-0.1500,8.438
2026-04-26 18:47:35.638,417,0.08710045938681873,0.3390955294147116,-0.24508386397339385,-0.2080611608146643,-0.7678829874667189,0.0000,1.0000,0.3500,7.011
2026-04-26 18:47:35.649,418,0.0870071768107852,0.3391099907811655,-0.2450344303518173,-0.2079416563093066,-0.7678402255312307,0.0000,1.0000,0.1000,9.766
2026-04-26 18:47:35.660,419,0.08691407186772084,0.3391233028533872,-0.2449835252701804,-0.20782184937709983,-0.7677972906209938,0.0000,1.0000,0.1500,12.115
2026-04-26 18:47:35.669,420,0.0868210500161558,0.33913548990674863,-0.24493112010300486,-0.20770162556979213,-0.7677541240793128,0.0000,1.0000,0.2500,11.182
2026-04-26 18:47:35.679,421,0.08672874161672693,0.3391473063796246,-0.24487876476755124,-0.20758220206473516,-0.7677111504519987,0.0000,1.0000,-0.1000,7.886
2026-04-26 18:47:35.689,422,0.0866366376158197,0.33916211386761813,-0.24483116033713231,-0.207464580406733,-0.7676680346107811,0.0000,0.6500,-0.2500,7.177
2026-04-26 18:47:35.699,423,0.0865450720346353,0.3391753907754272,-0.2447817451778456,-0.2073469446526142,-0.7676250034136547,0.0000,1.0000,0.1500,9.600
2026-04-26 18:47:35.709,424,0.08645366401927443,0.3391886568223222,-0.24473254307307327,-0.20722954635729973,-0.7675818070725556,0.0000,0.9500,0.2000,9.697
2026-04-26 18:47:35.718,425,0.08636205272001435,0.33920374114062934,-0.24468605529029283,-0.2071128184619666,-0.76753820907382,0.0000,0.5500,-0.2500,8.501
2026-04-26 18:47:35.729,426,0.08626975330777509,0.33921877150068136,-0.24463914842905454,-0.20699517792836578,-0.7674938901900866,0.0000,0.7500,0.1000,6.317
2026-04-26 18:47:35.739,427,0.08617664338470471,0.33923520500949356,-0.24459392474229985,-0.2068771896354965,-0.7674487727549328,0.0000,0.8500,0.0000,6.604
2026-04-26 18:47:35.749,428,0.08608275584320277,0.3392508375307931,-0.24454709817200732,-0.2067577949015432,-0.767402882569788,0.0000,0.8500,0.3000,9.197
2026-04-26 18:47:35.759,429,0.08598775487178624,0.33926749621158947,-0.24450118380921892,-0.20663745908820785,-0.7673559995753955,0.0000,0.6000,-0.0500,8.497
2026-04-26 18:47:35.769,430,0.08589253831860509,0.3392837147549737,-0.24445457904518147,-0.2065166457216913,-0.7673087260950283,0.0000,1.0000,0.1500,9.817
2026-04-26 18:47:35.779,431,0.08579754978614748,0.3393005773737191,-0.24440920423115642,-0.2063964879289962,-0.7672613615651506,0.0000,1.0000,-0.0500,8.689
2026-04-26 18:47:35.790,432,0.08570225434159327,0.3393169990963313,-0.24436307361067466,-0.20627572953798756,-0.767213553009832,0.0000,1.0000,0.2500,9.581
2026-04-26 18:47:35.798,433,0.08560629563158416,0.3393333449107115,-0.24431649544449546,-0.2061540774688167,-0.7671650664514277,0.0000,1.0000,0.1000,10.259
2026-04-26 18:47:35.808,434,0.08550976394182792,0.3393489186407817,-0.24426848403156937,-0.20603130358493993,-0.7671159656178013,0.0000,0.8500,0.3500,8.081
2026-04-26 18:47:35.818,435,0.08541386711368452,0.33936622520562476,-0.24422360037510069,-0.20591027037803858,-0.7670670592208569,0.0000,1.0000,-0.1000,7.902
2026-04-26 18:47:35.829,436,0.08531840447773795,0.33938310165623964,-0.24417846469302887,-0.2057896283977292,-0.7670182169130498,0.0000,0.6500,0.1000,9.591
2026-04-26 18:47:35.841,437,0.08522321846641798,0.33939990095182987,-0.24413349982384824,-0.20566934362310832,-0.7669693370299181,0.0000,1.0000,0.1500,9.508
2026-04-26 18:47:35.850,438,0.08512824490862966,0.33941698040780155,-0.2440891974280028,-0.2055495087461635,-0.7669203801206079,0.0000,1.0000,0.2000,7.819
2026-04-26 18:47:35.862,439,0.08503358707556354,0.33943503976444245,-0.24404667445442854,-0.2054306109337678,-0.7668714183125077,0.0000,0.7000,0.0000,7.800
2026-04-26 18:47:35.872,440,0.0849396977872099,0.3394551040592671,-0.2440077688530689,-0.2053137660724467,-0.7668227567163399,0.0000,0.9500,-0.2500,7.319
2026-04-26 18:47:35.885,441,0.08484471318626617,0.33947470149632836,-0.2439675288944412,-0.205195252734821,-0.7667731559428378,0.0000,0.8500,0.3500,6.733
2026-04-26 18:47:35.897,442,0.08474960528658276,0.33949419239484896,-0.24392714162454662,-0.2050765467184289,-0.766723267135769,0.0000,1.0000,0.2500,7.257
2026-04-26 18:47:35.907,443,0.08465394939254026,0.33951183269760715,-0.24388370640670398,-0.20495620935900125,-0.7666728102522367,0.0000,1.0000,0.5000,11.526
2026-04-26 18:47:35.920,444,0.0845587276544134,0.3395300654189447,-0.24384154113014672,-0.20483677132819872,-0.7666224431002939,0.0000,0.7500,-0.1500,8.682
2026-04-26 18:47:35.929,445,0.08446301957272966,0.3395488886830939,-0.24380002793676622,-0.2047170039918357,-0.7665715550092111,0.0000,0.6500,0.0500,8.415
2026-04-26 18:47:35.940,446,0.08436639003011456,0.33956690741758194,-0.24375678278213367,-0.20459562929895989,-0.7665198588513902,0.0000,0.9000,0.3000,8.517
2026-04-26 18:47:35.950,447,0.08426969332656548,0.3395848142648799,-0.24371341282617928,-0.20447413228462652,-0.7664679270665544,0.0000,0.9000,0.0500,7.087
2026-04-26 18:47:35.959,448,0.084172087634163,0.3396036464810893,-0.2436709114173912,-0.2043519087921098,-0.7664152012988867,0.0000,0.8000,0.0000,8.499
2026-04-26 18:47:35.969,449,0.08407476066645532,0.3396223637963575,-0.24362850866272695,-0.20423002196221007,-0.7663624761772733,0.0000,1.0000,0.2000,12.503
2026-04-26 18:47:35.978,450,0.08397740092169323,0.33964163911295203,-0.243587004969919,-0.20410839257319316,-0.7663095468114374,0.0000,0.7000,-0.1000,7.957
2026-04-26 18:47:35.988,451,0.08387875662498458,0.33966010560330173,-0.24354351432234736,-0.20398466784593958,-0.766255581420677,0.0000,0.9500,0.3000,7.649
2026-04-26 18:47:35.999,452,0.08378010555874567,0.33967913463926697,-0.24350094439295816,-0.20386123684910568,-0.7662014345547907,0.0000,0.5500,0.0000,6.541
2026-04-26 18:47:36.008,453,0.08368142041707562,0.3396993977738871,-0.24346028308618492,-0.20373839862908852,-0.7661470906642763,0.0000,0.8500,0.0500,3.985
2026-04-26 18:47:36.020,454,0.08358399277115988,0.3397205031249326,-0.2434218024232665,-0.20361767902226632,-0.7660934134112057,0.0000,0.8500,-0.3000,9.488
2026-04-26 18:47:36.028,455,0.08348697922184635,0.33974277936923003,-0.24338543196851048,-0.20349811752218985,-0.7660398431048736,0.0000,0.7500,-0.1000,6.820
2026-04-26 18:47:36.039,456,0.08338995269438336,0.3397631936098534,-0.24334633649296872,-0.20337762793942418,-0.7659860975655436,0.0000,1.0000,0.4500,7.994
2026-04-26 18:47:36.050,457,0.08329380240069817,0.3397817718396959,-0.24330514664438,-0.2032574085829687,-0.7659327720998808,0.0000,1.0000,0.2000,10.256
2026-04-26 18:47:36.058,458,0.0831980993918057,0.339799226254911,-0.24326264361867544,-0.2031372433201201,-0.7658795832031279,0.0000,1.0000,0.1500,9.274
2026-04-26 18:47:36.069,459,0.08310283945582152,0.3398169213060831,-0.2432208701684842,-0.2030178084660067,-0.7658265304916763,0.0000,0.8000,0.0500,10.193
2026-04-26 18:47:36.150,460,0.08300845653147156,0.33983382179218463,-0.24317856168615434,-0.20289916471517946,-0.7657739056459594,0.0000,1.0000,-0.1000,6.851
2026-04-26 18:47:36.160,461,0.0829152458382367,0.33985095886818467,-0.24313746063501102,-0.2027822209855428,-0.7657219078310948,0.0000,1.0000,0.0500,6.349
2026-04-26 18:47:36.171,462,0.08282124623970756,0.33986765990471723,-0.24309524958084844,-0.20266402583259654,-0.7656692319396581,0.0000,0.8000,0.2500,9.066
2026-04-26 18:47:36.181,463,0.08272848063885982,0.33988426021836327,-0.24305377905062614,-0.2025474438415465,-0.7656172288557285,0.0000,1.0000,0.0000,8.479
2026-04-26 18:47:36.191,464,0.08263564299811559,0.3399014085091042,-0.24301315036845048,-0.20243105770604972,-0.7655650301354516,0.0000,1.0000,0.0000,7.732
2026-04-26 18:47:36.201,465,0.08254323620849677,0.3399184512228926,-0.24297271744529642,-0.202315210901642,-0.7655129732536551,0.0000,1.0000,0.0500,7.220
2026-04-26 18:47:36.210,466,0.08245078858357587,0.33993571122314625,-0.24293264911531687,-0.20219943568002463,-0.7654607459336547,0.0000,0.7000,0.0500,9.363
2026-04-26 18:47:36.220,467,0.08235829943375293,0.3399528595243898,-0.24289245045226032,-0.20208356636819388,-0.765408349863937,0.0000,1.0000,0.1500,6.021
2026-04-26 18:47:36.230,468,0.0822665895378714,0.33997022710776664,-0.24285316414025696,-0.20196886257162533,-0.7653563343463945,0.0000,1.0000,0.0500,8.098
2026-04-26 18:47:36.241,469,0.08217525522158209,0.3399884586635423,-0.2428154871395939,-0.20185510814995206,-0.7653044323490511,0.0000,0.9500,0.0000,6.535
2026-04-26 18:47:36.250,470,0.08208433697691808,0.3400065554242965,-0.24277794734933406,-0.2017418574596027,-0.7652526729195884,0.0000,0.8000,-0.0500,10.537
2026-04-26 18:47:36.261,471,0.08199387096481257,0.3400251755473873,-0.24274155518247578,-0.20162948754833399,-0.7652010821874935,0.0000,0.6000,-0.1000,8.251
2026-04-26 18:47:36.273,472,0.0819030646855595,0.34004301726921266,-0.24270382874410562,-0.20151629062625254,-0.7651491338114939,0.0000,0.8000,0.2000,7.800
2026-04-26 18:47:36.284,473,0.08181229623080168,0.34005943147458756,-0.24266404551991405,-0.20140244601976606,-0.7650970818146718,0.0000,1.0000,0.1000,10.654
2026-04-26 18:47:36.296,474,0.08172201265044969,0.340075106428529,-0.24262353505161247,-0.2012888936933131,-0.7650452261628584,0.0000,1.0000,0.1000,7.124
2026-04-26 18:47:36.307,475,0.0816325334760596,0.3400926155338321,-0.24258636958867918,-0.20117734615926777,-0.76499378178066,0.0000,0.6000,-0.2500,8.360
2026-04-26 18:47:36.318,476,0.08154304862668076,0.3401093728917587,-0.24254812936642486,-0.2010654301326952,-0.7649422104891248,0.0000,1.0000,0.2500,11.196
2026-04-26 18:47:36.330,477,0.08145399404432055,0.34012697496569616,-0.24251149885825926,-0.2009545248770817,-0.764890804763148,0.0000,0.8500,-0.1500,10.058
2026-04-26 18:47:36.340,478,0.08136647836361505,0.3401460434438967,-0.24247814884938726,-0.20084641919521423,-0.7648403055116736,0.0000,0.9500,-0.2500,6.725
2026-04-26 18:47:36.351,479,0.08127963901129599,0.3401646351268475,-0.24244458866731713,-0.2007389911721042,-0.7647901394777553,0.0000,1.0000,0.0000,7.758
2026-04-26 18:47:36.362,480,0.08119194400731808,0.3401821428186271,-0.2424088853861251,-0.20062989435545245,-0.7647392871063833,0.0000,1.0000,0.4500,9.795
2026-04-26 18:47:36.371,481,0.08110383352915157,0.34019983230120854,-0.24237323033058672,-0.20052034832847546,-0.7646880435877497,0.0000,1.0000,0.0500,7.738
2026-04-26 18:47:36.382,482,0.08101533296271458,0.3402186512439606,-0.24233906114086676,-0.2004108605658505,-0.764636427558267,0.0000,0.6500,0.0500,5.349
2026-04-26 18:47:36.391,483,0.08092608856650979,0.340236367813346,-0.2423027934629782,-0.2002998432906997,-0.7645842048770503,0.0000,0.9500,0.2000,8.924
2026-04-26 18:47:36.401,484,0.080837145969196,0.3402530095002004,-0.24226516485457128,-0.20018870421827828,-0.7645320742913504,0.0000,1.0000,0.3000,8.449
2026-04-26 18:47:36.412,485,0.08074895957949543,0.34026891354600786,-0.24222698336411,-0.20007821764894249,-0.7644803403768717,0.0000,1.0000,0.1500,9.261
2026-04-26 18:47:36.422,486,0.08066154162574932,0.34028657516488997,-0.24219199922338755,-0.19996964729850622,-0.7644290128978496,0.0000,0.6500,-0.3000,5.836
2026-04-26 18:47:36.432,487,0.08057408270656045,0.34030410502738234,-0.24215683810678354,-0.19986096910760798,-0.7643775538411801,0.0000,0.9000,0.1500,10.363
2026-04-26 18:47:36.442,488,0.08048762575617285,0.3403224253562118,-0.24212357791834932,-0.19975403457672838,-0.7643266600603696,0.0000,1.0000,-0.1000,8.246
2026-04-26 18:47:36.453,489,0.08040185687479834,0.3403396845837173,-0.24208923133132573,-0.1996474992019592,-0.7642761238294429,0.0000,1.0000,0.1500,9.344
2026-04-26 18:47:36.464,490,0.08031565206289702,0.3403580469513447,-0.24205629467674442,-0.19954094625374896,-0.764225197332815,0.0000,0.6000,0.0000,6.813
2026-04-26 18:47:36.473,491,0.08022829339493215,0.34037626886149713,-0.2420224232535462,-0.19943279651779214,-0.7641734034481419,0.0000,1.0000,0.3000,9.326
2026-04-26 18:47:36.484,492,0.0801408728225968,0.34039402941068864,-0.24198786299697306,-0.1993243452992004,-0.7641214716154788,0.0000,1.0000,0.1000,6.566
2026-04-26 18:47:36.494,493,0.08005441391809863,0.34041256109350204,-0.24195514436320623,-0.19921757343215363,-0.7640700856664738,0.0000,1.0000,-0.0500,9.786
2026-04-26 18:47:36.505,494,0.0799685950637562,0.34043064107692445,-0.24192221803378153,-0.19911144050315585,-0.7640190326177627,0.0000,1.0000,0.1000,10.775
2026-04-26 18:47:36.517,495,0.0798841578997461,0.34044827388506405,-0.2418895845743458,-0.1990069374570169,-0.7639688083031271,0.0000,1.0000,-0.0500,10.240
2026-04-26 18:47:36.526,496,0.07979895339585584,0.34046668329143787,-0.24185764632077597,-0.1989018106386278,-0.7639179814216508,0.0000,0.6000,0.1000,8.378
2026-04-26 18:47:36.539,497,0.07971437499350502,0.3404834295222792,-0.24182367194534174,-0.19879669791727086,-0.7638674822993841,0.0000,1.0000,0.3000,10.637
2026-04-26 18:47:36.549,498,0.07963047407144998,0.3405000386299908,-0.24178998416054528,-0.19869243066091474,-0.7638173465334583,0.0000,0.9500,-0.1000,9.862
2026-04-26 18:47:36.561,499,0.07954649697441402,0.34051591029440476,-0.24175517943995672,-0.19858770367498066,-0.7637670730114803,0.0000,1.0000,0.1500,10.495
2026-04-26 18:47:36.572,500,0.07946213486373135,0.34053258052671537,-0.24172135530773642,-0.19848287302179735,-0.7637164571455971,0.0000,0.8000,0.1500,8.008
2026-04-26 18:47:36.581,501,0.07937806863972703,0.34054882574000434,-0.2416871297258727,-0.19837823461900078,-0.7636659541543809,0.0000,1.0000,0.2000,6.563
2026-04-26 18:47:36.592,502,0.07929467009361912,0.3405643527105685,-0.2416523101373063,-0.19827413742269856,-0.7636158131643905,0.0000,0.9500,0.1000,9.371
2026-04-26 18:47:36.601,503,0.07921152237151016,0.34057946627623686,-0.24161707532260057,-0.19817017789524863,-0.7635657575197882,0.0000,1.0000,0.1500,8.558
2026-04-26 18:47:36.613,504,0.07912893721099105,0.34059566429207294,-0.2415838793244334,-0.19806752046521445,-0.7635159962736937,0.0000,1.0000,-0.0500,6.277
2026-04-26 18:47:36.625,505,0.0790456467083814,0.3406123246087755,-0.24155094309322914,-0.19796416337285166,-0.7634656853666251,0.0000,0.6000,-0.0500,8.538
2026-04-26 18:47:36.636,506,0.07896233735460094,0.34062944463740313,-0.24151871985803308,-0.19786102050026552,-0.7634152836506892,0.0000,0.6500,0.0000,7.798
2026-04-26 18:47:36.647,507,0.07887837520472271,0.3406464153603126,-0.24148587292249551,-0.19775694193625115,-0.7633643696695561,0.0000,0.8500,0.0500,7.431
2026-04-26 18:47:36.657,508,0.07879472167528812,0.34066412733507295,-0.24145437853549645,-0.19765365470797155,-0.7633135855236036,0.0000,1.0000,0.0500,6.245
2026-04-26 18:47:36.668,509,0.07871039842644127,0.34068226065301616,-0.24142310408360632,-0.19754969426971328,-0.7632622801249379,0.0000,0.9000,0.0500,7.777
2026-04-26 18:47:36.680,510,0.0786260915652578,0.3407011064948891,-0.24139294322666327,-0.1974461208851192,-0.7632109119998726,0.0000,0.7500,-0.0500,7.986
2026-04-26 18:47:36.689,511,0.07854279530083565,0.34071891339525684,-0.24136193106432105,-0.19734338429948023,-0.7631601450592456,0.0000,1.0000,0.2500,10.965
2026-04-26 18:47:36.701,512,0.07845954762669596,0.3407359784274327,-0.24132987136826187,-0.1972403502420375,-0.7631093390536055,0.0000,0.8500,0.1000,9.508
2026-04-26 18:47:36.710,513,0.07837599172037549,0.34075465045883124,-0.2413000490648396,-0.19713771725308524,-0.763058257173188,0.0000,0.6500,-0.1000,6.551
2026-04-26 18:47:36.721,514,0.07829280332518444,0.34077257062756566,-0.2412693758710354,-0.19703520676458353,-0.7630073509693333,0.0000,0.9000,0.1000,7.168
2026-04-26 18:47:36.730,515,0.07820965010424463,0.3407894697259561,-0.24123722593896768,-0.19693224093060066,-0.7629563999240853,0.0000,1.0000,0.2500,9.933
2026-04-26 18:47:36.738,516,0.07812689496420465,0.340805942174852,-0.2412047323664102,-0.19682960071273253,-0.7629056469995731,0.0000,0.8500,0.0500,9.204
2026-04-26 18:47:36.746,517,0.07804478447493138,0.3408214264255533,-0.24117121674602676,-0.19672733397395667,-0.7628552575847061,0.0000,1.0000,0.3500,5.226
2026-04-26 18:47:36.762,518,0.07796303085268201,0.34083591609874003,-0.24113647719577447,-0.19662505369229846,-0.7628050408175185,0.0000,1.0000,0.1000,11.922
2026-04-26 18:47:36.778,519,0.07788066668144242,0.34084857095552334,-0.24109860796293492,-0.19652104974144707,-0.7627543527329562,0.0000,1.0000,0.4500,10.659
2026-04-26 18:47:36.793,520,0.07779898124840952,0.34086057701032424,-0.24106024715031737,-0.1964176340611439,-0.7627040538200877,0.0000,1.0000,0.0500,7.900
2026-04-26 18:47:36.793,521,0.07771798941255814,0.3408737026464191,-0.24102405680185368,-0.19631571053968463,-0.7626541549347029,0.0000,0.7000,-0.1000,7.089
2026-04-26 18:47:36.809,522,0.0776372977938951,0.340886175514196,-0.24098711570938589,-0.1962138683820264,-0.7626043947590325,0.0000,1.0000,0.1500,10.147
2026-04-26 18:47:36.825,523,0.07755691789060278,0.3408977257849095,-0.2409490263712955,-0.19611198789283069,-0.7625547818800578,0.0000,1.0000,0.2000,8.579
2026-04-26 18:47:36.825,524,0.07747621633841127,0.34090981405202736,-0.2409115570173417,-0.1960099547729407,-0.7625048949626353,0.0000,0.8500,0.1000,8.187
2026-04-26 18:47:36.841,525,0.07739612825666893,0.3409215775485336,-0.2408740364985674,-0.19590858435610164,-0.7624553583137517,0.0000,1.0000,0.2000,9.006
2026-04-26 18:47:36.856,526,0.07731698779262659,0.3409341493088591,-0.24083838672629101,-0.1958088885822805,-0.7624063955789172,0.0000,0.6500,-0.2000,8.184
2026-04-26 18:47:36.872,527,0.07723817677866075,0.34094778797328024,-0.24080458315009337,-0.1957101724428047,-0.7623575955138492,0.0000,0.6500,-0.2500,7.321
2026-04-26 18:47:36.872,528,0.0771597004825317,0.34096105000994537,-0.24077046359093907,-0.19561172109169597,-0.762308962484842,0.0000,0.9000,-0.0500,7.380
2026-04-26 18:47:36.888,529,0.07708215585218482,0.34097365355551434,-0.24073600283191293,-0.19551418942570106,-0.7622608952988301,0.0000,1.0000,-0.1000,10.525
2026-04-26 18:47:36.903,530,0.0770055186803256,0.3409861908551955,-0.2407020727212374,-0.19541784119038721,-0.7622133786466301,0.0000,1.0000,-0.0500,11.377
2026-04-26 18:47:36.903,531,0.07692856236571437,0.3409983883968904,-0.2406674448809322,-0.19532090406225103,-0.7621655956106598,0.0000,1.0000,0.2000,10.062
2026-04-26 18:47:36.919,532,0.07685163816713596,0.34101108697929294,-0.2406336143115236,-0.19522426668803827,-0.7621177811677714,0.0000,0.7500,-0.1000,5.573
2026-04-26 18:47:36.938,533,0.07677475965289218,0.3410237338977342,-0.24059976063705554,-0.1951276707103007,-0.7620699451557637,0.0000,1.0000,0.1000,10.956
2026-04-26 18:47:36.938,534,0.07669854483819183,0.3410360277649499,-0.24056584342775097,-0.19503178936094442,-0.7620225003651558,0.0000,0.8500,-0.1000,8.904
2026-04-26 18:47:36.950,535,0.07662239241441418,0.3410477233660628,-0.24053109363524558,-0.19493569819438414,-0.7619750466922086,0.0000,0.7500,0.1500,9.492
2026-04-26 18:47:36.966,536,0.07654596442725002,0.3410599285115388,-0.24049694732403532,-0.1948395004181879,-0.7619273595911935,0.0000,0.8000,-0.0500,4.354
2026-04-26 18:47:36.982,537,0.07647011893858413,0.34107263155374273,-0.24046395872081885,-0.19474433420051074,-0.7618800118491542,0.0000,0.7500,-0.1000,5.672
2026-04-26 18:47:36.997,538,0.07639399981904765,0.34108583838782464,-0.24043156557745018,-0.19464906089392014,-0.7618324334477784,0.0000,0.7500,0.0500,5.980
2026-04-26 18:47:37.013,539,0.07631817294653667,0.3410981560487913,-0.24039805536548095,-0.19455373843193632,-0.7617850023625782,0.0000,1.0000,0.3500,10.430
2026-04-26 18:47:37.029,540,0.07624265329712833,0.3411104226225206,-0.24036469486988365,-0.19445880573907415,-0.7617377292903327,0.0000,1.0000,0.1000,9.353
2026-04-26 18:47:37.045,541,0.07616831571910956,0.34112265890234383,-0.240332098189869,-0.19436543959115277,-0.7616911981652698,0.0000,1.0000,0.1000,9.091
2026-04-26 18:47:37.061,542,0.07609428288554264,0.34113401363014934,-0.2402984032355118,-0.19427204450591543,-0.7616448247942705,0.0000,1.0000,0.2000,6.781
2026-04-26 18:47:37.076,543,0.07602085949617328,0.3411464364401896,-0.24026673727799372,-0.19418000148412465,-0.7615988129916323,0.0000,0.9000,-0.1500,7.709
2026-04-26 18:47:37.076,544,0.07594741218876898,0.3411587921351984,-0.24023497497126683,-0.19408789836271967,-0.7615527411867834,0.0000,1.0000,0.1000,8.518
2026-04-26 18:47:37.092,545,0.07587396809077698,0.3411713449389271,-0.24020353043189255,-0.1939959033432766,-0.7615066281255414,0.0000,0.9500,-0.0500,7.109
2026-04-26 18:47:37.108,546,0.07580143452713815,0.34118384481587666,-0.2401726331904462,-0.19390510109560793,-0.7614610793421401,0.0000,0.8000,-0.0500,9.302
2026-04-26 18:47:37.123,547,0.07573007499091768,0.34119709765825307,-0.24014366745230245,-0.19381624581206322,-0.7614162711397992,0.0000,0.8500,-0.2500,7.501
2026-04-26 18:47:37.155,548,0.07565924571129701,0.3412105133984535,-0.24011531864495791,-0.19372818402107683,-0.7613717749695309,0.0000,1.0000,-0.2000,10.182
2026-04-26 18:47:37.155,549,0.07558895115832252,0.34122382864862943,-0.24008719438047602,-0.1936407899132637,-0.7613275944334512,0.0000,1.0000,-0.1500,6.333
2026-04-26 18:47:37.170,550,0.07551855675914174,0.3412375993751419,-0.24005970527792778,-0.19355349530027777,-0.7612833070957454,0.0000,1.0000,0.0500,8.153
2026-04-26 18:47:37.186,551,0.07544869124825213,0.341250480241206,-0.24003125221079402,-0.19346646575311588,-0.7612393327163076,0.0000,1.0000,0.1500,11.191
2026-04-26 18:47:37.202,552,0.07537931969692385,0.3412635419330344,-0.2400034176490654,-0.1933801899710697,-0.7611956486038267,0.0000,1.0000,-0.1000,7.474
2026-04-26 18:47:37.217,553,0.07531039642056452,0.3412778797380457,-0.23997781379806937,-0.19329515461396643,-0.761152224887499,0.0000,0.9500,-0.0500,7.268
2026-04-26 18:47:37.238,554,0.07524195274962237,0.34129183292609827,-0.23995197018419412,-0.19321057102064032,-0.7611090830310974,0.0000,1.0000,-0.0500,6.638
2026-04-26 18:47:37.249,555,0.07517396770948086,0.3413054280840874,-0.2399259124433207,-0.19312642444940814,-0.7610662096196995,0.0000,0.9000,0.1500,8.035
2026-04-26 18:47:37.265,556,0.07510616021116243,0.34131944786094764,-0.23990062689873567,-0.1930427313714928,-0.7610234178202865,0.0000,0.5000,-0.1500,7.795
2026-04-26 18:47:37.281,557,0.07503852151304273,0.3413328204245809,-0.239874499720941,-0.19295894414842446,-0.7609807023563473,0.0000,1.0000,0.1000,10.784
2026-04-26 18:47:37.296,558,0.07497103937566496,0.3413460967547543,-0.23984834897015195,-0.19287532188489298,-0.760938055611214,0.0000,0.9500,0.1500,9.248
2026-04-26 18:47:37.296,559,0.07490319911847652,0.34135953594513974,-0.23982221992045746,-0.19279130782206833,-0.7608951349993435,0.0000,0.8000,0.0000,10.536
2026-04-26 18:47:37.322,560,0.0748361042093231,0.34137366601702435,-0.23979764000665893,-0.19270863719709977,-0.7608526766927691,0.0000,0.7000,-0.2000,10.790
2026-04-26 18:47:37.339,561,0.07476943743264884,0.3413887531683088,-0.23977479680984587,-0.1926270200918673,-0.7608104697333546,0.0000,0.9000,0.0000,9.905
2026-04-26 18:47:37.342,562,0.07470262933888686,0.34140371438963585,-0.2397516859477942,-0.19254515567355213,-0.7607681349991728,0.0000,0.8500,0.1500,9.387
2026-04-26 18:47:37.363,563,0.074636526944297,0.3414196009712095,-0.23973044880170014,-0.1924646988811492,-0.7607262376711809,0.0000,0.7000,-0.2000,10.242
2026-04-26 18:47:37.370,564,0.07457136967429953,0.3414353475564116,-0.2397096467254413,-0.19238543621003973,-0.7606849378622245,0.0000,1.0000,0.0000,8.411
2026-04-26 18:47:37.389,565,0.07450574562420513,0.34145069130323036,-0.23968794396148715,-0.19230535364033172,-0.7606432947909711,0.0000,0.9000,0.2000,9.076
2026-04-26 18:47:37.398,566,0.07444044761875093,0.3414661496186181,-0.2396666449487417,-0.19222576691674,-0.7606018374883792,0.0000,1.0000,0.0000,9.513
2026-04-26 18:47:37.412,567,0.07437493039787117,0.3414812308207994,-0.2396446484398024,-0.19214570312742119,-0.7605602029216545,0.0000,1.0000,0.3000,8.602
2026-04-26 18:47:37.424,568,0.07430976227208923,0.34149463874440417,-0.23962038884553793,-0.19206527188038308,-0.7605187704312871,0.0000,1.0000,0.3500,10.103
2026-04-26 18:47:37.441,569,0.07424519391331183,0.34150871015146295,-0.23959753821206142,-0.19198597573002835,-0.7604777075916871,0.0000,0.9500,-0.2500,10.736
2026-04-26 18:47:37.453,570,0.07418040211078834,0.34152293869026606,-0.23957478799627724,-0.1919064638311837,-0.7604364660485959,0.0000,0.9000,0.1500,5.497
2026-04-26 18:47:37.467,571,0.07411566410130842,0.34153627694726557,-0.2395507516971513,-0.19182658207196857,-0.7603952310726549,0.0000,1.0000,0.2500,13.875
2026-04-26 18:47:37.481,572,0.07405124626075897,0.3415485007888262,-0.23952527049599523,-0.19174657350006744,-0.760354180687212,0.0000,1.0000,0.4000,9.998
2026-04-26 18:47:37.590,573,0.07398635645812601,0.3415603817913564,-0.23949897347095142,-0.19166576767645227,-0.7603127872377561,0.0000,0.7500,0.1500,7.723
2026-04-26 18:47:37.600,574,0.07392179324388905,0.34157295427014905,-0.23947394426580498,-0.19158574644098356,-0.760271583517613,0.0000,0.9000,-0.1000,8.533
2026-04-26 18:47:37.611,575,0.07385703322931197,0.3415854505514772,-0.23944868225094268,-0.19150542805416737,-0.760230221020903,0.0000,1.0000,0.2500,8.729
2026-04-26 18:47:37.621,576,0.07379183634980095,0.3415978591691572,-0.23942300999372582,-0.1914244866465691,-0.7601885401182086,0.0000,1.0000,0.1500,7.808
2026-04-26 18:47:37.627,577,0.07372646987656585,0.34160965753319456,-0.23939632160252325,-0.19134301723534047,-0.7601467193977767,0.0000,1.0000,0.2000,9.489
2026-04-26 18:47:37.641,578,0.07366124926921919,0.3416208659458015,-0.23936885765242724,-0.19126145053568192,-0.7601049695673445,0.0000,0.8500,0.1500,9.405
2026-04-26 18:47:37.648,579,0.07359591686600125,0.3416322650908627,-0.23934161721289346,-0.19117983329253127,-0.7600631192477146,0.0000,0.9500,0.1000,6.228
2026-04-26 18:47:37.661,580,0.073531274531198,0.34164308129518917,-0.23931397417119202,-0.1910988477744037,-0.7600217034044567,0.0000,1.0000,0.0500,11.146
2026-04-26 18:47:37.668,581,0.07346701454478494,0.3416543447727665,-0.23928726852516852,-0.19101859874836344,-0.7599805172744265,0.0000,1.0000,0.0000,10.419
2026-04-26 18:47:37.682,582,0.07340389520770818,0.34166629571121054,-0.23926236591640765,-0.19094021733028246,-0.7599400667693734,0.0000,1.0000,-0.1500,9.660
2026-04-26 18:47:37.689,583,0.07334059494090558,0.34167841617777,-0.2392376082218783,-0.19086168240319273,-0.7598994712087082,0.0000,1.0000,0.1000,6.152
2026-04-26 18:47:37.701,584,0.07327712200948228,0.34169045529008957,-0.2392126244594895,-0.19078287950155826,-0.7598587364690377,0.0000,1.0000,0.2000,8.358
2026-04-26 18:47:37.711,585,0.07321401935992662,0.3417019147133516,-0.2391870289252416,-0.19070428334279035,-0.7598182248757265,0.0000,1.0000,0.1500,10.649
2026-04-26 18:47:37.722,586,0.07315102055981972,0.34171354843121055,-0.2391617748093965,-0.19062591563231743,-0.7597777591627852,0.0000,1.0000,0.0000,6.681
2026-04-26 18:47:37.730,587,0.07308814892126127,0.34172410133643394,-0.2391349948313521,-0.1905471798567969,-0.7597373552219027,0.0000,1.0000,0.2500,8.499
2026-04-26 18:47:37.740,588,0.07302487149689812,0.3417353392055616,-0.23910898219894688,-0.19046824826613973,-0.759696658099878,0.0000,1.0000,0.0500,7.303
2026-04-26 18:47:37.748,589,0.0729617436395819,0.3417462498224333,-0.23908258866682022,-0.19038935518147485,-0.7596560383718046,0.0000,1.0000,0.0500,9.126
2026-04-26 18:47:37.750,590,0.07289899233325074,0.3417563387375201,-0.23905522372929458,-0.1903105559826478,-0.7596156476950693,0.0000,1.0000,0.2000,10.792
2026-04-26 18:47:37.766,591,0.07283635546150434,0.3417663616407001,-0.23902784602522098,-0.19023187898603264,-0.7595753116551448,0.0000,1.0000,0.1000,9.831
2026-04-26 18:47:37.766,592,0.07277411441278096,0.3417760738413899,-0.23900027596159257,-0.1901535769914912,-0.7595352181691171,0.0000,0.8500,0.0000,9.318
2026-04-26 18:47:37.782,593,0.07271175648473244,0.3417859855411946,-0.2389729368920691,-0.19007522145785585,-0.7594950257553424,0.0000,0.8500,0.1000,9.747
2026-04-26 18:47:37.782,594,0.07264977861905808,0.34179656945757964,-0.23894686904234025,-0.189997711294535,-0.7594550660234101,0.0000,0.7000,-0.2500,5.506
2026-04-26 18:47:37.797,595,0.07258765414448766,0.3418073242040599,-0.23892096907569807,-0.1899200935422429,-0.7594149881695359,0.0000,1.0000,0.1000,7.240
2026-04-26 18:47:37.813,596,0.07252565735463024,0.3418182525243069,-0.23889542382939777,-0.18984273526050974,-0.7593749753618662,0.0000,0.7500,0.1000,10.354
2026-04-26 18:47:37.813,597,0.07246353985726951,0.34182934222999944,-0.23887004928759828,-0.1897652991289923,-0.759334862306744,0.0000,0.8500,0.0500,6.271
2026-04-26 18:47:37.834,598,0.07240180063353621,0.3418408375541535,-0.23884554431744093,-0.18968857253636043,-0.7592949819548933,0.0000,0.9500,0.0000,7.246
2026-04-26 18:47:37.843,599,0.07234068112718418,0.3418517512878273,-0.23882058893359245,-0.18961238376767608,-0.7592554955610039,0.0000,1.0000,0.1500,8.980
2026-04-26 18:47:37.847,600,0.07227941098991422,0.34186184405597303,-0.23879431037554183,-0.1895355859694096,-0.7592158898473473,0.0000,1.0000,0.3500,9.961
2026-04-26 18:47:37.862,601,0.07221752412273866,0.34187162710973085,-0.23876716465692022,-0.189457813267398,-0.7591758543647525,0.0000,1.0000,0.4000,6.734
2026-04-26 18:47:37.862,602,0.0721555449966955,0.3418820761007472,-0.2387409647740919,-0.1893802527482821,-0.7591357390398132,0.0000,0.9500,-0.0500,8.348
2026-04-26 18:47:37.878,603,0.0720932461737746,0.34189219572675517,-0.23871406602177897,-0.18930210347685683,-0.7590953925222357,0.0000,1.0000,0.0500,7.789
2026-04-26 18:47:37.878,604,0.07203110260184221,0.34190175495664493,-0.2386864383605884,-0.1892238831684985,-0.7590551317148516,0.0000,1.0000,0.1500,5.933
2026-04-26 18:47:37.893,605,0.0719686618159772,0.34191028725321776,-0.23865708021867174,-0.1891447552356491,-0.7590146552412372,0.0000,1.0000,0.3000,8.984
2026-04-26 18:47:37.909,606,0.071906654829824,0.34191780115119547,-0.23862649161961322,-0.1890656985986176,-0.7589744507066764,0.0000,1.0000,0.1000,10.569
2026-04-26 18:47:37.909,607,0.07184362304436367,0.34192481094131066,-0.2385944714810517,-0.18898502557264596,-0.7589335459707343,0.0000,1.0000,0.4000,6.753
2026-04-26 18:47:37.925,608,0.07178099696895948,0.3419315636344847,-0.2385623438749506,-0.18890476697805145,-0.7588928949613474,0.0000,1.0000,0.1000,7.288
2026-04-26 18:47:37.925,609,0.07171828681166932,0.3419380506823313,-0.23852976933520162,-0.1888242654542216,-0.7588521714017566,0.0000,1.0000,0.1000,7.056
2026-04-26 18:47:37.941,610,0.07165575511435723,0.3419380506823313,-0.2384947659792423,-0.18874315209472334,-0.7588115505673056,0.0000,1.0000,0.3500,9.615
2026-04-26 18:47:37.956,611,0.0715933945607201,0.3419380506823313,-0.2384595608547888,-0.18866216112735668,-0.7587710278241815,0.0000,1.0000,0.2000,8.956
2026-04-26 18:47:37.956,612,0.07153028597594971,0.3419380506823313,-0.23842389910042555,-0.18858018630064408,-0.7587299906292457,0.0000,0.7500,0.2000,8.674
2026-04-26 18:47:37.972,613,0.07146738001420039,0.3419380506823313,-0.2383876900415383,-0.18849825367966294,-0.7586890729884004,0.0000,1.0000,0.1500,10.850
2026-04-26 18:47:37.972,614,0.07140420658966787,0.3419380506823313,-0.2383513402609402,-0.1884159764818991,-0.758647961744028,0.0000,0.9500,0.0500,8.383
2026-04-26 18:47:37.988,615,0.07134168650883962,0.3419380506823313,-0.2383161872929851,-0.1883348236777867,-0.7586072709965455,0.0000,0.8500,-0.2000,9.457
2026-04-26 18:47:38.003,616,0.07127981558546423,0.3419431215832656,-0.23828149322484904,-0.18825454465221414,-0.7585669981811021,0.0000,0.8500,-0.1500,10.920
2026-04-26 18:47:38.003,617,0.07121808093240956,0.34194867738919604,-0.23824763315814695,-0.18817469457157368,-0.7585268015955371,0.0000,1.0000,0.0500,8.660
2026-04-26 18:47:38.019,618,0.07115604295384441,0.3419544733367397,-0.23821394664696108,-0.18809456485441883,-0.758486388395218,0.0000,0.8500,0.1000,8.693
2026-04-26 18:47:38.037,619,0.07109371460334248,0.34196049727437156,-0.2381804238663183,-0.18801416662551834,-0.7584457674318269,0.0000,1.0000,0.0500,7.954
2026-04-26 18:47:38.046,620,0.07103179596566779,0.34196652165050506,-0.23814718998211415,-0.18793431948559405,-0.7584054056412665,0.0000,1.0000,0.1000,10.256
2026-04-26 18:47:38.055,621,0.07097097775806509,0.34197253454213333,-0.23811468736154945,-0.18785593836067951,-0.7583657637112357,0.0000,1.0000,-0.2000,9.008
2026-04-26 18:47:38.059,622,0.07090986633568096,0.34197830237327015,-0.23808163632102067,-0.1877770482018862,-0.7583259127515584,0.0000,1.0000,0.2000,11.091
2026-04-26 18:47:38.071,623,0.07084824153728653,0.34198502997281893,-0.23804969711002094,-0.18769795780861953,-0.7582857061913788,0.0000,0.8500,0.1500,5.890
2026-04-26 18:47:38.087,624,0.07078677587295266,0.3419915110741274,-0.23801750845220535,-0.18761896066190786,-0.7582455925709918,0.0000,1.0000,0.3000,9.348
2026-04-26 18:47:38.087,625,0.0707257130347359,0.34199797353489403,-0.23798557438232512,-0.18754049554858856,-0.758205734549012,0.0000,0.6500,-0.1000,11.327
2026-04-26 18:47:38.102,626,0.07066480949828083,0.3420053699705372,-0.23795516126396746,-0.18746271401344766,-0.7581659699701541,0.0000,0.7000,-0.1000,7.652
2026-04-26 18:47:38.118,627,0.0706040675124096,0.3420117935202639,-0.23792341009833703,-0.18738466556169228,-0.7581263005250037,0.0000,1.0000,0.2000,11.865
2026-04-26 18:47:38.118,628,0.07054348663905169,0.3420177190513252,-0.2378910326905454,-0.18730658698097052,-0.7580867261100142,0.0000,1.0000,0.0000,10.568
2026-04-26 18:47:38.140,629,0.07048241277312273,0.34202317723223624,-0.23785763877264646,-0.18722762140447216,-0.7580468108408018,0.0000,1.0000,0.2500,9.922
2026-04-26 18:47:38.150,630,0.07042196458130064,0.342029128259448,-0.23782541421944953,-0.1871497404259524,-0.7580073006780397,0.0000,0.7000,-0.0500,5.458
2026-04-26 18:47:38.150,631,0.07036124968670415,0.3420341531667275,-0.2377916354689966,-0.18707104466731272,-0.7579676008839511,0.0000,0.9000,0.4500,7.540
2026-04-26 18:47:38.165,632,0.07030049657835406,0.3420341531667275,-0.23775644059709186,-0.1869918340361803,-0.7579278639619922,0.0000,1.0000,0.2500,11.677
2026-04-26 18:47:38.181,633,0.07023993766934453,0.3420341531667275,-0.2377210430263214,-0.186912771249106,-0.7578882450290062,0.0000,1.0000,-0.1500,10.984
2026-04-26 18:47:38.181,634,0.0701797808732084,0.3420341531667275,-0.23768596291820532,-0.18683426071380016,-0.7578488828661738,0.0000,0.8500,0.0000,6.680
2026-04-26 18:47:38.197,635,0.07011959790844612,0.3420341531667275,-0.2376519918680794,-0.1867560904324598,-0.7578094921220717,0.0000,0.8500,0.0500,6.976
2026-04-26 18:47:38.212,636,0.07005960838996236,0.34203951860945103,-0.23761889823382354,-0.1866784272129424,-0.7577702193736693,0.0000,0.9000,0.0000,9.820
2026-04-26 18:47:38.228,637,0.06999982643217462,0.3420451351938469,-0.2375863369176638,-0.18660117171059934,-0.7577310741951053,0.0000,0.9500,0.0500,9.238
2026-04-26 18:47:38.228,638,0.06994002821501909,0.34205169926882495,-0.23755520297111218,-0.18652437359215268,-0.7576919075350634,0.0000,0.6500,0.0500,8.381
2026-04-26 18:47:38.244,639,0.06988085701034806,0.3420570943667499,-0.23752275028601766,-0.1864478322398214,-0.7576531484010737,0.0000,1.0000,0.2500,10.726
2026-04-26 18:47:38.244,640,0.06982248477024018,0.34206297813168274,-0.2374915797124101,-0.18637260566650424,-0.7576149115850891,0.0000,1.0000,0.1500,9.077
2026-04-26 18:47:38.259,641,0.06976450012973459,0.34206297813168274,-0.23745932875494877,-0.18629744930652384,-0.7575769229986781,0.0000,1.0000,0.3500,5.622
2026-04-26 18:47:38.278,642,0.06970603673114224,0.34206851281218753,-0.23742749392124704,-0.18622189938097092,-0.7575386052226003,0.0000,0.8000,0.1500,6.910
2026-04-26 18:47:38.291,643,0.06964751920945725,0.34207405141997393,-0.2373956463152369,-0.18614628474595046,-0.757500241497116,0.0000,1.0000,0.2000,7.805
2026-04-26 18:47:38.307,644,0.06958895698487917,0.3420798184792776,-0.2373641287421224,-0.1860707301414812,-0.7574618382503685,0.0000,1.0000,0.0500,11.200
2026-04-26 18:47:38.307,645,0.06953099445512395,0.3420848956556552,-0.2373319930413527,-0.18599563551616632,-0.757423825226625,0.0000,1.0000,0.1500,9.641
2026-04-26 18:47:38.322,646,0.06947385276003162,0.3420848956556552,-0.23729976141650086,-0.18592142065338502,-0.7573863499960486,0.0000,0.9500,0.0500,9.531
2026-04-26 18:47:38.340,647,0.06941752506551718,0.3420900746396524,-0.23726879702142545,-0.18584853234884832,-0.7573494081440318,0.0000,1.0000,-0.2000,8.871
2026-04-26 18:47:38.354,648,0.06936136969614988,0.3420900746396524,-0.23723662600507786,-0.1857754330172907,-0.7573125720262817,0.0000,1.0000,0.3000,12.000
2026-04-26 18:47:38.354,649,0.06930536826665953,0.3420900746396524,-0.2372046230920504,-0.18570256047654968,-0.7572758295231887,0.0000,1.0000,0.2000,7.257
2026-04-26 18:47:38.370,650,0.069249755713142,0.3420900746396524,-0.23717224422883385,-0.185629994419881,-0.7572393373939958,0.0000,1.0000,0.0500,8.333
2026-04-26 18:47:38.385,651,0.06919409358939484,0.3420900746396524,-0.2371405829322616,-0.18555761219470285,-0.7572028034743858,0.0000,1.0000,0.1000,5.176
2026-04-26 18:47:38.401,652,0.06913839631230065,0.3420900746396524,-0.2371086082581873,-0.18548508617591522,-0.7571662375067679,0.0000,0.9500,0.1500,12.306
2026-04-26 18:47:38.401,653,0.06908287303175449,0.3420900746396524,-0.2370754392279086,-0.18541235509685047,-0.757129779053592,0.0000,1.0000,0.2000,8.668
2026-04-26 18:47:38.416,654,0.06902752210028275,0.3420900746396524,-0.23704382876440688,-0.18534033477204176,-0.7570934271437912,0.0000,1.0000,-0.0500,5.197
2026-04-26 18:47:38.416,655,0.0689725718314485,0.3420900746396524,-0.2370118532467939,-0.18526863768026772,-0.7570573341117477,0.0000,1.0000,0.0500,8.290
2026-04-26 18:47:38.440,656,0.06891800321566312,0.3420900746396524,-0.23698053594427484,-0.1851975837934428,-0.7570214874078623,0.0000,1.0000,0.0500,10.055
2026-04-26 18:47:38.448,657,0.06886360734289672,0.3420900746396524,-0.23694974010201775,-0.185126895408253,-0.7569857478803901,0.0000,1.0000,0.1500,6.743
2026-04-26 18:47:38.464,658,0.06880936749936796,0.3420900746396524,-0.2369190963407642,-0.18505643083123777,-0.7569501045065941,0.0000,1.0000,0.2000,8.859
2026-04-26 18:47:38.479,659,0.06875529080379546,0.3420900746396524,-0.23688726190201945,-0.18498575038968923,-0.7569145621502739,0.0000,1.0000,0.3500,9.265
2026-04-26 18:47:38.479,660,0.06870137600959564,0.3420900746396524,-0.23685392503927258,-0.18491474878672404,-0.7568791200965912,0.0000,1.0000,0.3500,8.703
2026-04-26 18:47:38.495,661,0.0686472212991748,0.3420900746396524,-0.23682118988691167,-0.184843680940136,-0.7568435105816244,0.0000,0.8500,0.0000,8.967
2026-04-26 18:47:38.511,662,0.06859285340105348,0.3420900746396524,-0.23678808539230925,-0.1847722528676747,-0.7568077515371442,0.0000,0.9500,0.2000,9.730
2026-04-26 18:47:38.511,663,0.06853925524846746,0.3420900746396524,-0.23675591925741535,-0.1847019926215785,-0.7567724983630402,0.0000,1.0000,-0.0500,14.043
2026-04-26 18:47:38.528,664,0.06848622480261121,0.3420900746396524,-0.23672321139314018,-0.184632182354751,-0.7567376164761751,0.0000,0.9000,0.1000,7.630
2026-04-26 18:47:38.542,665,0.06843274127011845,0.3420900746396524,-0.23669097024383084,-0.18456202400389943,-0.7567024254553968,0.0000,0.7500,0.1000,7.044
2026-04-26 18:47:38.542,666,0.06837918495748552,0.3420900746396524,-0.23665873581143293,-0.18449178680250394,-0.7566671789445117,0.0000,0.9000,0.0500,11.242
2026-04-26 18:47:38.558,667,0.06832539128743473,0.3420900746396524,-0.2366260924636663,-0.18442114934616968,-0.756631767329885,0.0000,0.6500,0.1000,9.485
2026-04-26 18:47:38.574,668,0.06827136119932058,0.3420900746396524,-0.23659338933223417,-0.1843502290591485,-0.756596191340735,0.0000,0.9500,0.1500,8.977
2026-04-26 18:47:38.589,669,0.06821710119787042,0.3420900746396524,-0.2365606267941407,-0.18427903329782422,-0.7565604554149837,0.0000,0.9500,0.1500,9.687
2026-04-26 18:47:38.589,670,0.06816339309567514,0.3420900746396524,-0.23652864737922713,-0.1842087115893261,-0.7565250808609408,0.0000,1.0000,-0.1000,8.135
2026-04-26 18:47:38.605,671,0.06811002594307247,0.3420900746396524,-0.23649694447053363,-0.18413886067596502,-0.756489927143915,0.0000,1.0000,-0.1500,8.802
2026-04-26 18:47:38.620,672,0.06805601330496079,0.3420900746396524,-0.236465215403983,-0.18406828363381067,-0.7564543367374459,0.0000,0.8500,0.1500,6.837
2026-04-26 18:47:38.636,673,0.06800214992772298,0.3420900746396524,-0.23643330477828892,-0.18399781171702162,-0.756418839567942,0.0000,1.0000,0.0000,10.826
2026-04-26 18:47:38.652,674,0.06794881352599616,0.3420900746396524,-0.23640116543018627,-0.18392784889044467,-0.7563836875392156,0.0000,1.0000,0.1500,8.756
2026-04-26 18:47:38.652,675,0.0678958001236151,0.3420900746396524,-0.2363693152182159,-0.18385834113636976,-0.7563487447598,0.0000,1.0000,0.0000,7.323
2026-04-26 18:47:38.668,676,0.06784350344266361,0.3420900746396524,-0.2363377131712824,-0.18378971226966273,-0.7563142738023382,0.0000,0.9500,0.0500,6.231
2026-04-26 18:47:38.683,677,0.06779133744807447,0.3420900746396524,-0.23630727745645735,-0.1837216171988112,-0.7562798840666703,0.0000,0.7000,-0.0500,6.625
2026-04-26 18:47:38.683,678,0.06773870993963448,0.34209567727252077,-0.23627759395882594,-0.18365325988810208,-0.7562451808411911,0.0000,0.8500,0.1500,5.451
2026-04-26 18:47:38.699,679,0.06768640654719199,0.34210172136894706,-0.23624883377048278,-0.18358557029307365,-0.7562106879663413,0.0000,1.0000,-0.0500,9.643
2026-04-26 18:47:38.715,680,0.06763404653868849,0.34210863021956744,-0.23622137733046034,-0.18351825219386067,-0.7561761517066491,0.0000,0.6500,-0.0500,7.078
2026-04-26 18:47:38.715,681,0.0675816418314412,0.34211487517206485,-0.23619293893974516,-0.18345055693495893,-0.7561415800916047,0.0000,1.0000,0.2500,6.983
2026-04-26 18:47:38.730,682,0.06752938790981079,0.3421211207868321,-0.23616464510639884,-0.1833830772265636,-0.7561071035274581,0.0000,1.0000,0.1500,7.684
2026-04-26 18:47:38.872,683,0.06747764983497276,0.3421271449590822,-0.23613640540175448,-0.18331618855193696,-0.756072965470419,0.0000,1.0000,0.1000,9.804
2026-04-26 18:47:38.888,684,0.06742640113981087,0.3421336013185077,-0.2361091819896875,-0.18325018222704734,-0.7560391483566046,0.0000,1.0000,0.0500,10.066
2026-04-26 18:47:38.888,685,0.06737544441059705,0.3421402722642086,-0.2360825162333156,-0.18318468602689203,-0.756005520656511,0.0000,1.0000,0.1500,10.896
2026-04-26 18:47:38.903,686,0.06732479216553856,0.3421480082836872,-0.23605769159237874,-0.18312014168301013,-0.7559720907940637,0.0000,0.7000,-0.2500,9.214
2026-04-26 18:47:38.903,687,0.06727423744148073,0.3421550724149556,-0.2360319640407288,-0.18305540456342717,-0.7559387208711029,0.0000,1.0000,0.2500,6.550
2026-04-26 18:47:38.919,688,0.06722323742933581,0.34216147611960324,-0.23600498829941072,-0.1829897564563815,-0.7559050490910212,0.0000,0.7500,0.2500,8.111
2026-04-26 18:47:38.935,689,0.06717271276305273,0.342167037279605,-0.23597710435771793,-0.18292433362064295,-0.7558716892847605,0.0000,1.0000,0.5000,8.431
2026-04-26 18:47:38.941,690,0.06712232073758603,0.34217302087131796,-0.2359499806293654,-0.18285931141309225,-0.7558384130561417,0.0000,0.8000,-0.2000,7.023
2026-04-26 18:47:38.951,691,0.06707243169303759,0.3421783625272527,-0.23592226688444193,-0.1827946512484186,-0.7558054673713098,0.0000,1.0000,0.1000,10.752
2026-04-26 18:47:38.966,692,0.06702247809059574,0.3421837005675731,-0.23589454168048818,-0.18272991538274516,-0.7557724739427093,0.0000,0.9500,0.0500,7.985
2026-04-26 18:47:38.966,693,0.06697265732954956,0.3421888276680952,-0.23586662507570966,-0.1826652631702722,-0.7557395644404439,0.0000,1.0000,0.0500,10.362
2026-04-26 18:47:38.982,694,0.06692296711624132,0.34219417134178076,-0.23583915626372448,-0.18260090512925162,-0.7557067374049272,0.0000,0.8500,-0.0500,10.942
2026-04-26 18:47:38.997,695,0.06687340506514662,0.3421992805494286,-0.23581145655686306,-0.18253661238206534,-0.7556739913142859,0.0000,1.0000,-0.1500,10.931
2026-04-26 18:47:38.997,696,0.06682322690754648,0.3421992805494286,-0.23578307346178232,-0.1824714071345107,-0.755640830056823,0.0000,0.8000,0.2500,6.298
2026-04-26 18:47:39.013,697,0.06677263870148553,0.3421992805494286,-0.23575445791063748,-0.18240566865281171,-0.7556073910710055,0.0000,0.7000,0.0500,6.543
2026-04-26 18:47:39.013,698,0.06672218981166174,0.3421992805494286,-0.23572566552500815,-0.18234002588480572,-0.7555740406654061,0.0000,0.9500,0.1000,5.593
2026-04-26 18:47:39.029,699,0.06667188726032808,0.3422044230827721,-0.23569733168507123,-0.18227469842844776,-0.7555407835859859,0.0000,0.9500,-0.0500,10.876
2026-04-26 18:47:39.041,700,0.06662172690253668,0.34221082747859644,-0.2356710231236364,-0.1822102039245387,-0.7555076171329385,0.0000,0.8500,-0.2000,7.988
2026-04-26 18:47:39.045,701,0.06657134056725376,0.3422182631541903,-0.2356461479539445,-0.1821459360005639,-0.7554742959214478,0.0000,0.7500,0.0000,6.388
2026-04-26 18:47:39.060,702,0.06652144822610757,0.3422262825359022,-0.23562251423974753,-0.18208263064821797,-0.7554412999942012,0.0000,1.0000,-0.1500,9.316
2026-04-26 18:47:39.060,703,0.06647168736798054,0.3422342368029296,-0.23559890652725993,-0.1820194799280471,-0.7554083877377978,0.0000,0.9500,-0.1000,7.619
2026-04-26 18:47:39.076,704,0.06642170720477698,0.34224235699595557,-0.23557543697850003,-0.18195613146474957,-0.755375325353275,0.0000,0.8000,0.1000,6.666
2026-04-26 18:47:39.107,705,0.06637168246442804,0.34225064022376134,-0.23555221720975533,-0.18189281660778114,-0.755342229384791,0.0000,0.9500,0.1000,6.471
2026-04-26 18:47:39.107,706,0.0663217833611399,0.34225907302193925,-0.23552933997636266,-0.18182975540433596,-0.7553092133664714,0.0000,1.0000,0.0500,8.900
2026-04-26 18:47:39.138,707,0.06627184288133468,0.34226682814143816,-0.2355054525460338,-0.1817663113748341,-0.7552761660130489,0.0000,0.9500,0.2000,7.123
2026-04-26 18:47:39.141,708,0.0662222092852774,0.34227392460317585,-0.23548081511507404,-0.18170295820902488,-0.755243319554295,0.0000,1.0000,0.2500,9.097
2026-04-26 18:47:39.154,709,0.06617304898298357,0.3422803731195455,-0.2354555541911308,-0.18163992297791193,-0.7552107849856375,0.0000,1.0000,0.2500,7.483
2026-04-26 18:47:39.170,710,0.06612366461088798,0.3422857719326852,-0.2354286017349293,-0.18157607482174193,-0.7551780974526191,0.0000,1.0000,0.4500,10.363
2026-04-26 18:47:39.186,711,0.06607423277472874,0.34229117224181427,-0.2354016517964204,-0.18151217465414757,-0.7551453747461658,0.0000,1.0000,0.2500,6.938
2026-04-26 18:47:39.201,712,0.06602543820157096,0.34229759530616805,-0.23537669227042102,-0.18144964591627671,-0.7551130734039487,0.0000,1.0000,-0.1500,8.071
2026-04-26 18:47:39.217,713,0.06597692222972588,0.34230379311653486,-0.23535161156375606,-0.1813873862324169,-0.7550809543703418,0.0000,1.0000,0.2000,9.354
2026-04-26 18:47:39.229,714,0.06592885458853737,0.3423097496476996,-0.23532649832700714,-0.18132561374256354,-0.755049130849625,0.0000,1.0000,-0.0500,7.693
2026-04-26 18:47:39.240,715,0.0658807087426588,0.3423158935421712,-0.23530164404284892,-0.18126384056995126,-0.7550172518688469,0.0000,1.0000,0.1500,8.282
2026-04-26 18:47:39.253,716,0.0658324924707732,0.3423220235782537,-0.23527675161386502,-0.18120197632668192,-0.7549853226636504,0.0000,1.0000,0.3000,7.535
2026-04-26 18:47:39.265,717,0.065784210783877,0.34232935151177907,-0.2352536415705661,-0.18114063342560183,-0.7549533466238059,0.0000,0.9000,-0.1000,8.844
2026-04-26 18:47:39.279,718,0.06573585632415543,0.34233643115814744,-0.2352301392935996,-0.1810790788197891,-0.7549213188924732,0.0000,1.0000,0.2000,9.904
2026-04-26 18:47:39.291,719,0.06568759733161966,0.34234346489527584,-0.23520666007916421,-0.18101763787617797,-0.7548893516773038,0.0000,1.0000,0.0500,7.438
2026-04-26 18:47:39.305,720,0.06563926873824294,0.34234944758876545,-0.2351815857560866,-0.1809555877969581,-0.754857334979876,0.0000,1.0000,0.3000,8.427
2026-04-26 18:47:39.316,721,0.06559037143618485,0.34235541488208887,-0.23515613663315466,-0.18089278078893525,-0.7548249361078548,0.0000,1.0000,0.2500,6.916
2026-04-26 18:47:39.328,722,0.06554159033479875,0.3423619571614896,-0.23513165448437653,-0.1808304251219595,-0.7547926117130082,0.0000,1.0000,-0.2000,8.085
2026-04-26 18:47:39.341,723,0.06549276263649582,0.34236807005755415,-0.23510652381848726,-0.18076780141416562,-0.7547602533084591,0.0000,1.0000,0.3500,8.440
2026-04-26 18:47:39.350,724,0.06544405849849236,0.34237517174075305,-0.2350829849299993,-0.18070584549537622,-0.7547279743765282,0.0000,0.7500,-0.0500,6.091
2026-04-26 18:47:39.363,725,0.06539581650793945,0.342382839977788,-0.23506062980038497,-0.18064479756875132,-0.7546960006854966,0.0000,0.8000,-0.1000,6.832
2026-04-26 18:47:39.369,726,0.06534720223148666,0.3423900603254054,-0.23503738008841646,-0.18058303770708392,-0.754663775989325,0.0000,0.9500,0.3000,6.991
2026-04-26 18:47:39.386,727,0.06529838950502312,0.3423972421900832,-0.23501396541276767,-0.18052100226893544,-0.7546314162208243,0.0000,0.9000,0.1500,8.167
2026-04-26 18:47:39.397,728,0.06524987379990237,0.34240518188594066,-0.23499191018294224,-0.18045974991586186,-0.754599251735815,0.0000,0.8500,-0.2000,7.282
2026-04-26 18:47:39.405,729,0.06520147323011419,0.34241386433773047,-0.23497107015845675,-0.18039903047344388,-0.754567161317918,0.0000,1.0000,0.0000,9.081
2026-04-26 18:47:39.419,730,0.06515335645655763,0.3424234681707657,-0.23495182535316175,-0.18033915801525302,-0.7545352574480794,0.0000,0.9500,-0.2500,7.294
2026-04-26 18:47:39.431,731,0.06510470385540272,0.3424326002633929,-0.23493153930944305,-0.18027834303020984,-0.7545029937501538,0.0000,0.8500,0.3500,8.192
2026-04-26 18:47:39.442,732,0.06505601122323361,0.3424418651592838,-0.2349114490200054,-0.18021754873556017,-0.7544707007943429,0.0000,0.9000,0.1500,8.049
2026-04-26 18:47:39.458,733,0.06500664412517675,0.3424510505832924,-0.23489081276699647,-0.18015582296561453,-0.7544379556626222,0.0000,0.8000,0.1500,7.503
2026-04-26 18:47:39.465,734,0.06495710106207761,0.34245918708302603,-0.23486850836240178,-0.18009334554874318,-0.7544050907268686,0.0000,1.0000,0.4500,11.403
2026-04-26 18:47:39.482,735,0.06490738563014493,0.342467463115905,-0.23484632055165128,-0.1800307153970722,-0.7543721084219646,0.0000,0.9000,0.0500,8.022
2026-04-26 18:47:39.494,736,0.064857503738763,0.3424754943200352,-0.23482367639839322,-0.1799677480989775,-0.7543390127243486,0.0000,0.8500,0.2500,7.617
2026-04-26 18:47:39.510,737,0.06480777701193974,0.34248348690557817,-0.2348010993057713,-0.17990497548334214,-0.7543060180863221,0.0000,0.9000,0.1500,6.367
2026-04-26 18:47:39.523,738,0.06475836230994102,0.3424920235108892,-0.23477956748164705,-0.17984289790977986,-0.7542732291171476,0.0000,1.0000,0.0000,10.958
2026-04-26 18:47:39.535,739,0.06470894123158133,0.34250108411813984,-0.2347588383134863,-0.17978108072947607,-0.7542404335845833,0.0000,0.9500,-0.0500,8.341
2026-04-26 18:47:39.550,740,0.06465967406403392,0.34250891114886983,-0.2347363819781547,-0.17971885876602006,-0.7542077383814321,0.0000,1.0000,0.4000,8.750
2026-04-26 18:47:39.558,741,0.06460993829042669,0.34251747358063334,-0.23471473662187942,-0.17965638638383244,-0.7541747285306127,0.0000,0.7500,0.0000,7.738
2026-04-26 18:47:39.572,742,0.06456036867673748,0.3425259802568953,-0.23469313838295316,-0.17959411425895025,-0.7541418272430983,0.0000,0.6000,0.0000,9.741
2026-04-26 18:47:39.584,743,0.06451064810602843,0.34253443352782764,-0.23467137907568222,-0.17953162064504824,-0.7541088231407466,0.0000,1.0000,0.2000,8.352
2026-04-26 18:47:39.593,744,0.0644610919033866,0.34254381953287105,-0.23465114783078725,-0.17946981894795105,-0.7540759264729344,0.0000,0.8000,0.1000,6.815
2026-04-26 18:47:39.604,745,0.06441154705600573,0.3425529398559264,-0.23463054472484468,-0.17940790584664923,-0.754043035263287,0.0000,1.0000,0.2500,8.029
2026-04-26 18:47:39.614,746,0.0643618674916529,0.3425621965453077,-0.2346100751624604,-0.17934588750787592,-0.7540100521619958,0.0000,1.0000,0.1500,8.494
2026-04-26 18:47:39.628,747,0.0643122085844943,0.34257197211219964,-0.23459041621110835,-0.1792841622597485,-0.7539770807830433,0.0000,1.0000,0.0500,6.890
2026-04-26 18:47:39.642,748,0.06426227739052202,0.34258186063592694,-0.23457076341592056,-0.17922213645828428,-0.753943925861161,0.0000,0.9000,0.0500,5.424
2026-04-26 18:47:39.653,749,0.06421222817351523,0.3425922512063784,-0.2345518029805679,-0.17916021024320655,-0.7539106902691443,0.0000,0.9500,0.1000,8.052
2026-04-26 18:47:39.662,750,0.0641622160832169,0.3426023607326908,-0.23453246343234116,-0.17909819884650172,-0.7538774774699767,0.0000,0.9000,0.1000,11.982
2026-04-26 18:47:39.676,751,0.06411268595043551,0.34261258620999735,-0.23451363655227936,-0.17903689378590848,-0.7538445840469049,0.0000,1.0000,0.1500,8.322
2026-04-26 18:47:39.691,752,0.06406304019614321,0.3426231088975671,-0.23449519558171752,-0.17897558883276535,-0.7538116116428442,0.0000,0.7000,0.0500,8.208
2026-04-26 18:47:39.705,753,0.06401357554134497,0.34263334860611794,-0.2344764677931092,-0.17891438943547291,-0.7537787581002975,0.0000,1.0000,0.1000,12.415
2026-04-26 18:47:39.715,754,0.063963847872555,0.34264350778740116,-0.2344574605346619,-0.17885280458490194,-0.7537457273716798,0.0000,0.8000,0.2000,6.184
2026-04-26 18:47:39.727,755,0.06391446133103428,0.34265339240639636,-0.23443828526472968,-0.1787915427027883,-0.7537129222454829,0.0000,0.8500,0.0000,9.985
2026-04-26 18:47:39.737,756,0.06386496719146253,0.3426626410657144,-0.2344181004908089,-0.17872982470881182,-0.7536800435987299,0.0000,1.0000,0.4500,9.419
2026-04-26 18:47:39.750,757,0.06381537462259707,0.3426712364781492,-0.23439688615208176,-0.1786676541043985,-0.7536470975707532,0.0000,1.0000,0.3000,7.571
2026-04-26 18:47:39.765,758,0.0637662816213046,0.3426801368042309,-0.23437647791504573,-0.17860630722018814,-0.7536144828525563,0.0000,0.8500,-0.2500,5.558
2026-04-26 18:47:39.775,759,0.06371738921419219,0.34268933546449015,-0.23435666635960897,-0.17854538205765624,-0.7535820001545727,0.0000,0.6500,-0.2000,6.832
2026-04-26 18:47:39.790,760,0.06366912604309362,0.34269883606947815,-0.23433774243105737,-0.17848545186808815,-0.7535499352636637,0.0000,0.7500,-0.1000,6.713
2026-04-26 18:47:39.803,761,0.06362118874259977,0.34270805209155375,-0.23431862386603655,-0.17842581882516245,-0.7535180859614771,0.0000,1.0000,0.0000,5.487
2026-04-26 18:47:39.814,762,0.06357314089304687,0.34271718605890467,-0.23429932328552305,-0.1783660022259286,-0.7534861613264456,0.0000,0.7500,0.1500,7.275
2026-04-26 18:47:39.819,763,0.06352556771943314,0.34272717095303223,-0.23428163009027825,-0.17830724878808787,-0.7534545515330703,0.0000,0.6000,-0.4000,7.544
2026-04-26 18:47:39.834,764,0.0634780263416595,0.34273612824967487,-0.23426243102234315,-0.17824802867075942,-0.7534229613520861,0.0000,1.0000,0.4500,12.170
2026-04-26 18:47:39.842,765,0.06343052010954844,0.3427450130552501,-0.23424316075966445,-0.17818882382271,-0.7533913930404806,0.0000,1.0000,0.1500,10.987
2026-04-26 18:47:39.863,766,0.06338333295525203,0.3427541921805603,-0.23422455859487576,-0.17813019615573458,-0.7533600359097713,0.0000,0.9500,-0.1000,9.210
2026-04-26 18:47:39.873,767,0.06333645884895524,0.34276346853238276,-0.23420632465977023,-0.17807203901470664,-0.7533288859631461,0.0000,0.8500,-0.0500,8.781
2026-04-26 18:47:39.888,768,0.0632897512201151,0.34277284051977985,-0.2341883586488774,-0.17801415610903637,-0.7532978455096283,0.0000,0.8500,0.0000,6.857
2026-04-26 18:47:39.898,769,0.06324350325897894,0.34278249506296676,-0.23417113620039673,-0.17795703175244673,-0.753267110031761,0.0000,0.7500,-0.2000,9.643
2026-04-26 18:47:39.912,770,0.0631974231113338,0.3427918641590769,-0.23415361054129913,-0.17789999273884008,-0.7532364849821109,0.0000,1.0000,0.1000,9.392
2026-04-26 18:47:39.925,771,0.06315193307887869,0.3428013141535426,-0.23413661252793402,-0.17784378524513658,-0.7532062519168559,0.0000,1.0000,0.0000,5.604
2026-04-26 18:47:39.937,772,0.06310661975242059,0.3428114119169043,-0.23412071666666234,-0.17778814143059207,-0.753176135251253,0.0000,0.7500,-0.0500,8.132
2026-04-26 18:47:39.952,773,0.06306105584411488,0.3428213998206695,-0.234104501465761,-0.1777321127010334,-0.7531458501478047,0.0000,1.0000,0.2000,6.929
2026-04-26 18:47:39.958,774,0.06301510539851433,0.34283164083452056,-0.2340884205552237,-0.17767569920551335,-0.7531153059902951,0.0000,0.7000,0.0500,4.889
2026-04-26 18:47:39.973,775,0.06296947230841285,0.3428413974383164,-0.23407183673194998,-0.1776194706467558,-0.7530849720610248,0.0000,1.0000,0.2500,10.411
2026-04-26 18:47:39.989,776,0.0629244444480093,0.34285140894625366,-0.23405605070138719,-0.17756418045410732,-0.7530550402962578,0.0000,0.8500,-0.3000,8.961
2026-04-26 18:47:40.000,777,0.06287959187134415,0.34286130574823487,-0.23404022123849894,-0.1775090705021232,-0.7530252240851839,0.0000,0.9000,-0.0500,12.283
2026-04-26 18:47:40.014,778,0.06283477323584956,0.34287182749706197,-0.2340253634175478,-0.17745432210221743,-0.7529954292189566,0.0000,0.8000,-0.0500,7.851
2026-04-26 18:47:40.028,779,0.06278998253619632,0.3428827692768493,-0.2340111656872391,-0.17739982473198512,-0.7529656517132619,0.0000,1.0000,-0.0500,5.059
2026-04-26 18:47:40.042,780,0.06274550897252641,0.3428937625932162,-0.233997267934792,-0.17734577968792922,-0.752936084387145,0.0000,1.0000,-0.1000,9.581
2026-04-26 18:47:40.063,781,0.06270107130835248,0.3429038963470396,-0.2339821158517953,-0.1772913563828564,-0.7529065397682805,0.0000,1.0000,0.1500,8.793
2026-04-26 18:47:40.072,782,0.06265707620747464,0.3429133682954738,-0.2339662770169764,-0.17723719585893005,-0.7528772889842545,0.0000,1.0000,0.1000,10.404
2026-04-26 18:47:40.086,783,0.06261282742448829,0.34292327783736654,-0.23395093620129284,-0.17718291943437622,-0.7528478678895746,0.0000,0.5500,-0.0500,8.751
2026-04-26 18:47:40.093,784,0.06256874275483763,0.3429330753123098,-0.23393554728317362,-0.17712880928640137,-0.7528185550323754,0.0000,0.9500,0.1000,8.487
2026-04-26 18:47:40.111,785,0.06252509125739383,0.3429429460673916,-0.23392056749699489,-0.17707531678132693,-0.7527895298028089,0.0000,1.0000,0.0000,7.974
2026-04-26 18:47:40.125,786,0.062481457535828025,0.3429530725201379,-0.23390599338170578,-0.17702197921454574,-0.7527605152872968,0.0000,0.7500,0.1000,5.314
2026-04-26 18:47:40.136,787,0.06243798489089302,0.3429627194368285,-0.2338908174664541,-0.17696861998604377,-0.7527316070367223,0.0000,1.0000,0.1000,10.275
2026-04-26 18:47:40.146,788,0.062394408856278456,0.3429729809676136,-0.23387650451379613,-0.17691543349908698,-0.752702628757004,0.0000,0.5500,-0.1000,7.852
2026-04-26 18:47:40.161,789,0.06235113911931336,0.34298312158499855,-0.23386222420785738,-0.17686259819038905,-0.7526738535895683,0.0000,1.0000,-0.0500,9.125
2026-04-26 18:47:40.175,790,0.06230803318719919,0.3429936814472294,-0.233848691643532,-0.1768101941001035,-0.7526451865555085,0.0000,1.0000,-0.0500,10.804
2026-04-26 18:47:40.333,791,0.06226495530988988,0.34300447486798125,-0.2338355376462352,-0.17675794733716366,-0.7526165371708416,0.0000,0.9500,0.0500,10.603
2026-04-26 18:47:40.342,792,0.06222217783076398,0.34301477381364803,-0.23382185158491972,-0.17670585696214605,-0.7525880870136273,0.0000,0.8500,-0.1500,10.678
2026-04-26 18:47:40.349,793,0.06217956158879402,0.3430251254032392,-0.23380836122333407,-0.17665401094010047,-0.7525597433254173,0.0000,1.0000,-0.1500,8.009
2026-04-26 18:47:40.365,794,0.06213711049866993,0.34303500445630886,-0.2337942812619666,-0.17660215185466852,-0.7525315087313412,0.0000,0.8500,0.1000,9.727
2026-04-26 18:47:40.365,795,0.06209520403613611,0.3430445985071521,-0.23378014584953302,-0.17655087939562072,-0.7525036362303352,0.0000,1.0000,0.3500,10.818
2026-04-26 18:47:40.381,796,0.062053585502211905,0.34305372596861305,-0.23376551133813767,-0.176499760459711,-0.7524759547046255,0.0000,0.9500,0.0000,8.955
2026-04-26 18:47:40.381,797,0.062012379923031616,0.34306292596485816,-0.23375126963229562,-0.17644923126683967,-0.7524485475196246,0.0000,0.9500,-0.2000,10.516
2026-04-26 18:47:40.396,798,0.06197118121119887,0.3430723849027296,-0.23373742948683618,-0.17639884352752622,-0.7524211439648387,0.0000,0.8500,0.0000,8.358
2026-04-26 18:47:40.396,799,0.061929987868531475,0.34308102647599054,-0.23372237531507015,-0.1763480570486817,-0.7523937430556998,0.0000,1.0000,0.2000,8.864
2026-04-26 18:47:40.412,800,0.061888796834097606,0.34309046752633804,-0.23370853021230456,-0.17629767612815397,-0.7523663427655938,0.0000,0.5500,-0.0500,6.346
2026-04-26 18:47:40.427,801,0.0618477444590749,0.3431003333700863,-0.23369542292907744,-0.1762476951845383,-0.7523390340091024,0.0000,0.8000,-0.1500,8.195
2026-04-26 18:47:40.427,802,0.061806825908355637,0.3431100917924294,-0.2336822517969275,-0.1761978416231066,-0.7523118135764104,0.0000,0.7000,0.0500,8.095
2026-04-26 18:47:40.443,803,0.061766035538864,0.34312043893122207,-0.2336700571395814,-0.17614845594877782,-0.7522846777188534,0.0000,0.8500,-0.1500,5.190
2026-04-26 18:47:40.443,804,0.06172524386262032,0.3431303167249919,-0.23365716542032108,-0.1760988364408676,-0.7522575401242968,0.0000,1.0000,0.3000,9.112
2026-04-26 18:47:40.459,805,0.0616845746559492,0.34313973302497447,-0.2336436708161479,-0.17604915202137422,-0.7522304833232778,0.0000,1.0000,0.2500,7.549
2026-04-26 18:47:40.475,806,0.06164401541895258,0.3431490443417683,-0.23363009964405343,-0.175999564240928,-0.7522034989953237,0.0000,1.0000,0.2000,7.616
2026-04-26 18:47:40.475,807,0.061603440465841236,0.34315806845679186,-0.23361609467173305,-0.17594981437161972,-0.7521765033625091,0.0000,0.9500,0.0000,13.267
2026-04-26 18:47:40.490,808,0.06156298342626191,0.34316682135988774,-0.23360176885818423,-0.17590008854423037,-0.752149585523677,0.0000,1.0000,0.2500,6.509
2026-04-26 18:47:40.490,809,0.061522782996192876,0.3431759972954638,-0.23358825592348964,-0.1758509187724873,-0.7521228379550384,0.0000,0.6500,-0.2000,8.704
2026-04-26 18:47:40.506,810,0.06148270757001841,0.3431850681239576,-0.2335746758123716,-0.17580186547655413,-0.7520961729315585,0.0000,0.8000,0.0500,8.550
2026-04-26 18:47:40.506,811,0.061442625589407295,0.3431942077423077,-0.2335612015574596,-0.1757528401584294,-0.7520695027595445,0.0000,1.0000,0.0000,10.870
2026-04-26 18:47:40.524,812,0.06140266608330651,0.34320324527052576,-0.2335476627524536,-0.17570392938188306,-0.7520429134699782,0.0000,1.0000,0.2000,5.460
2026-04-26 18:47:40.538,813,0.06136308537873681,0.3432113127456515,-0.23353292823356214,-0.17565504090048648,-0.7520165759590485,0.0000,1.0000,0.3000,7.019
2026-04-26 18:47:40.542,814,0.06132363542497844,0.3432191227493593,-0.23351790140367937,-0.17560620023698906,-0.7519903248709445,0.0000,0.9500,0.1500,10.094
2026-04-26 18:47:40.554,815,0.06128419518417136,0.3432271908450833,-0.23350327481511585,-0.17555750375600654,-0.7519640795249254,0.0000,1.0000,0.0000,7.271
2026-04-26 18:47:40.569,816,0.061245018203968354,0.34323551688532267,-0.23348921717896892,-0.175509289414537,-0.7519380089637578,0.0000,1.0000,0.0500,8.898
2026-04-26 18:47:40.569,817,0.061205608670120974,0.3432442673135254,-0.23347564751964975,-0.1754609793163431,-0.7519117826554429,0.0000,0.9500,0.0000,7.059
2026-04-26 18:47:40.585,818,0.06116622027393038,0.34325257642644025,-0.2334614363133557,-0.1754124788330551,-0.7518855697381854,0.0000,1.0000,0.3000,8.002
2026-04-26 18:47:40.585,819,0.06112698713682543,0.3432607944452623,-0.23344719821115267,-0.17536414187250726,-0.751859459636782,0.0000,1.0000,0.0000,9.187
2026-04-26 18:47:40.601,820,0.06108827767804306,0.3432689113344595,-0.23343316367897962,-0.17531645461171774,-0.7518336979744104,0.0000,1.0000,-0.2500,11.380
2026-04-26 18:47:40.616,821,0.061049828677660956,0.3432776250286816,-0.23342020404667901,-0.17526941502771284,-0.7518081092813199,0.0000,1.0000,-0.0500,7.672
2026-04-26 18:47:40.616,822,0.06101176654047499,0.3432862452869411,-0.2334073681318328,-0.17522284650978065,-0.7517827778374194,0.0000,1.0000,0.1500,8.470
2026-04-26 18:47:40.632,823,0.060973714965442516,0.3432939146950863,-0.23339311885641234,-0.1751758185866248,-0.7517574527852412,0.0000,1.0000,0.3000,10.109
2026-04-26 18:47:40.648,824,0.060935548675137535,0.3433011659122033,-0.23337817160266555,-0.17512843052216592,-0.751732050616247,0.0000,1.0000,0.2500,10.080
2026-04-26 18:47:40.657,825,0.06089763390974747,0.3433079993629739,-0.2333627710809641,-0.17508117082037628,-0.7517068155001614,0.0000,1.0000,0.1500,10.198
2026-04-26 18:47:40.666,826,0.06085972278314262,0.3433149371152099,-0.23334753505013145,-0.17503396997213275,-0.7516815821890198,0.0000,0.9000,0.0000,8.321
2026-04-26 18:47:40.666,827,0.060821451220765696,0.3433219773779456,-0.23333221802315546,-0.174986341621443,-0.7516561079757647,0.0000,0.8500,0.1000,8.185
2026-04-26 18:47:40.681,828,0.06078319246360729,0.34332912338275573,-0.2333170735917958,-0.17493878501139842,-0.7516306416968969,0.0000,1.0000,0.1000,7.490
2026-04-26 18:47:40.681,829,0.06074507021371118,0.34333653198099773,-0.23330241941943247,-0.17489154347679642,-0.7516052658294821,0.0000,1.0000,-0.1000,8.356
2026-04-26 18:47:40.696,830,0.060706961561384686,0.3433445420644021,-0.23328868182340612,-0.17484462255737637,-0.751579898442626,0.0000,0.7000,-0.0500,6.473
2026-04-26 18:47:40.712,831,0.060669111205655865,0.3433521232411085,-0.23327447826935827,-0.1747978332964412,-0.7515547026777812,0.0000,1.0000,0.1000,9.241
2026-04-26 18:47:40.712,832,0.06063151804254601,0.34335944903966814,-0.23326006823606565,-0.17475126096054935,-0.7515296778075978,0.0000,1.0000,-0.0500,9.737
2026-04-26 18:47:40.732,833,0.060594180853697666,0.34336635797214565,-0.2332452086024934,-0.1747048231558972,-0.7515048230283438,0.0000,1.0000,0.1000,9.672
2026-04-26 18:47:40.743,834,0.060556863490277016,0.3433726908787071,-0.23322950312059462,-0.17465812541247697,-0.7514799809158418,0.0000,1.0000,0.2000,8.936
2026-04-26 18:47:40.743,835,0.060519559120210176,0.3433796352034056,-0.23321472832712922,-0.1746117523182791,-0.751455146923629,0.0000,0.9000,-0.1000,9.115
2026-04-26 18:47:40.759,836,0.06048239222492423,0.3433871943224363,-0.23320097220052313,-0.1745658715124021,-0.7514304040474528,0.0000,0.7000,-0.0500,5.520
2026-04-26 18:47:40.759,837,0.06044548194328837,0.34339500681193497,-0.23318777195851012,-0.1745204611108677,-0.751405831721233,0.0000,0.6500,-0.2000,9.564
2026-04-26 18:47:40.781,838,0.06040870313190613,0.343402570124708,-0.23317429028007194,-0.1744751029587035,-0.7513813465239259,0.0000,0.8500,0.1000,8.758
2026-04-26 18:47:40.791,839,0.06037194083107174,0.34341005895898674,-0.23316071250252443,-0.17442973110225657,-0.7513568718234964,0.0000,0.9500,0.1000,9.857
2026-04-26 18:47:40.791,840,0.06033531781985043,0.343417295736939,-0.2331468540426554,-0.17438442043521762,-0.7513324894803072,0.0000,0.9000,-0.1000,6.965
2026-04-26 18:47:40.807,841,0.06029871245456695,0.3434242834219079,-0.2331326381815595,-0.1743390102252199,-0.7513081184061121,0.0000,0.9000,-0.0500,8.712
2026-04-26 18:47:40.822,842,0.06026224035787609,0.3434316974132228,-0.23311915503288655,-0.17429399231333356,-0.7512838356901055,0.0000,1.0000,-0.0500,4.959
2026-04-26 18:47:40.822,843,0.06022578814939316,0.34343887171571746,-0.2331053299508562,-0.174248882506327,-0.7512595657526774,0.0000,0.9000,0.2000,9.144
2026-04-26 18:47:40.842,844,0.06018936084179744,0.3434454768506607,-0.23309067199404196,-0.17420352272693182,-0.7512353119428173,0.0000,0.9500,0.3000,9.213
2026-04-26 18:47:40.842,845,0.060152947778535956,0.3434523490655481,-0.2330764283651793,-0.1741583168690055,-0.751211067163252,0.0000,1.0000,0.1500,8.183
2026-04-26 18:47:40.854,846,0.06011690586244447,0.3434586640574191,-0.23306160048187397,-0.17411332863067958,-0.7511870693561943,0.0000,1.0000,0.3000,10.577
2026-04-26 18:47:40.870,847,0.06008099160803957,0.34346557456603877,-0.23304775506788844,-0.1740688097140022,-0.7511631562048725,0.0000,0.5500,-0.2000,9.623
2026-04-26 18:47:40.870,848,0.06004531015688264,0.3434719103066067,-0.2330332067291003,-0.1740243151451063,-0.7511393978104418,0.0000,1.0000,0.1000,8.519
2026-04-26 18:47:40.885,849,0.06000950675440403,0.34347850889185466,-0.23301897532118418,-0.17397979070435274,-0.7511155576765349,0.0000,0.9000,0.0000,9.554
2026-04-26 18:47:40.885,850,0.05997381394652349,0.34348471210704234,-0.23300422849317165,-0.17393521732598421,-0.7510917908403439,0.0000,1.0000,0.2500,11.736
2026-04-26 18:47:40.901,851,0.05993788061355778,0.343490686546049,-0.23298898199751394,-0.17389021012804345,-0.7510678632285602,0.0000,1.0000,0.2000,5.661
2026-04-26 18:47:40.916,852,0.05990217415679148,0.34349693853412583,-0.23297430686524395,-0.17384564545583933,-0.7510440864484232,0.0000,0.8500,0.0500,7.557
2026-04-26 18:47:40.916,853,0.05986658093104829,0.34350296259709057,-0.2329593690648027,-0.17380111902663498,-0.7510203847427693,0.0000,1.0000,0.1000,7.374
2026-04-26 18:47:40.943,854,0.05983121175538793,0.34350943130586575,-0.23294525127596485,-0.17375711486617504,-0.7509968319971647,0.0000,0.8000,0.0500,7.846
2026-04-26 18:47:40.948,855,0.05979605916638781,0.34351616398024737,-0.2329316774476669,-0.17371353266494147,-0.7509734232420944,0.0000,0.9000,-0.0500,9.172
2026-04-26 18:47:40.964,856,0.059761005958690404,0.3435228164194073,-0.23291805308744631,-0.17367004403079705,-0.7509500803466619,0.0000,0.9500,-0.0500,6.932
2026-04-26 18:47:40.964,857,0.059726399275921736,0.34352922963153204,-0.23290437108316622,-0.17362703230835863,-0.7509270347458697,0.0000,1.0000,-0.0500,7.093
2026-04-26 18:47:40.979,858,0.05969166634080873,0.3435354126734122,-0.232890263115799,-0.17358373830561094,-0.7509039045940322,0.0000,1.0000,0.2500,5.357
2026-04-26 18:47:40.995,859,0.059657154364646886,0.3435421788232523,-0.23287718052494077,-0.17354103159293113,-0.7508809213710886,0.0000,0.8000,-0.2500,8.669
2026-04-26 18:47:41.011,860,0.05962274446756996,0.3435487099521005,-0.23286381681279072,-0.17349834458249272,-0.7508580058294508,0.0000,1.0000,0.1000,11.755
2026-04-26 18:47:41.011,861,0.059587985717547205,0.3435554942316347,-0.23285060356514958,-0.17345532010081757,-0.7508348573533363,0.0000,0.8500,0.0500,7.377
2026-04-26 18:47:41.031,862,0.05955345197689739,0.3435626923050053,-0.23283816427201567,-0.17341280360287908,-0.7508118585231118,0.0000,0.9000,-0.2000,8.313
2026-04-26 18:47:41.043,863,0.05951880422010334,0.34357045468046155,-0.2328264986298887,-0.1733704182926641,-0.7507887833271715,0.0000,0.6500,-0.1500,9.557
2026-04-26 18:47:41.058,864,0.05949126801661484,0.3435640630902379,-0.23279360308082364,-0.17327826441387942,-0.7507514761992712,0.0000,1.0000,0.0500,9.524
2026-04-26 18:47:41.058,865,0.05947257723985094,0.3435398350600254,-0.23273388294884406,-0.1731233173850633,-0.7506961857293963,0.0000,0.7500,0.0500,7.732
2026-04-26 18:47:41.074,866,0.05946117130478378,0.34350129621151876,-0.23265270463371251,-0.17291756166491576,-0.7506263451484361,0.0000,0.8000,0.1000,9.234
2026-04-26 18:47:41.089,867,0.05945458504929331,0.3434544753592371,-0.2325594811750755,-0.17268287112075154,-0.7505483642411749,0.0000,1.0000,-0.1500,8.350
2026-04-26 18:47:41.105,868,0.05945458504929331,0.3433932176517788,-0.23244468121530812,-0.17240096555468865,-0.7504570757484728,0.0000,1.0000,0.2000,7.786
2026-04-26 18:47:41.105,869,0.0594611061108,0.3433194894994475,-0.23231124776917092,-0.17207579474178222,-0.7503534663514508,0.0000,1.0000,0.0000,9.023
2026-04-26 18:47:41.121,870,0.05947565712526433,0.3432293964562497,-0.2321531922147045,-0.17169340817797726,-0.7502334859964475,0.0000,0.8000,0.1500,8.303
2026-04-26 18:47:41.136,871,0.059495929027227355,0.3431286474562023,-0.23197922908261392,-0.1712721776159442,-0.7501023575125587,0.0000,1.0000,-0.0500,7.988
2026-04-26 18:47:41.152,872,0.05952420319715398,0.34301272191129434,-0.23178265180347982,-0.17079697237688993,-0.7499558155660103,0.0000,0.8500,-0.2000,8.813
2026-04-26 18:47:41.152,873,0.05955737937005381,0.3428866909408619,-0.23157084731457647,-0.1702865129039397,-0.7497991818939795,0.0000,1.0000,0.2000,10.582
2026-04-26 18:47:41.168,874,0.05959563553665132,0.3427514614633265,-0.23134554198326793,-0.1697442110447611,-0.7496335646454484,0.0000,1.0000,-0.1000,7.907
2026-04-26 18:47:41.184,875,0.05964041944789266,0.342603291991329,-0.23110068546856724,-0.16915469077963724,-0.7494543160476638,0.0000,0.6000,-0.0500,7.432
2026-04-26 18:47:41.199,876,0.059691762632670044,0.3424425470779925,-0.23083697073460988,-0.1685195531232157,-0.7492619577470413,0.0000,0.6500,-0.1000,6.003
2026-04-26 18:47:41.215,877,0.05975015790463407,0.34226811646857014,-0.23055280188350535,-0.16783605081874345,-0.7490557822171009,0.0000,0.8000,-0.1000,7.397
2026-04-26 18:47:41.215,878,0.05981589759162558,0.34207999488933066,-0.23024831204116586,-0.16710397908351513,-0.7488357691096403,0.0000,0.9500,-0.1000,7.848
2026-04-26 18:47:41.231,879,0.059889405469122935,0.34187722301929174,-0.2299221316809806,-0.16632108002097046,-0.7486013488521751,0.0000,0.7500,-0.1500,11.219
2026-04-26 18:47:41.247,880,0.05997019394424167,0.3416605051965809,-0.22957517110208026,-0.16548902347592367,-0.7483529119548675,0.0000,0.6000,0.0000,6.552
2026-04-26 18:47:41.262,881,0.06005585368879964,0.34143368045640243,-0.22921296996824683,-0.1646217775568072,-0.748094401672271,0.0000,0.9500,0.1500,3.522
2026-04-26 18:47:41.278,882,0.06014709493768905,0.34119627339457664,-0.22883502825607177,-0.1637171874586377,-0.7478252500180173,0.0000,0.9000,-0.1500,6.895
2026-04-26 18:47:41.281,883,0.060243532003245996,0.3409486008242738,-0.22844182200274493,-0.16277773509482804,-0.7475462317868645,0.0000,1.0000,0.3000,9.619
2026-04-26 18:47:41.309,884,0.06034528243454275,0.3406905984782355,-0.22803325976969652,-0.16180273800604045,-0.7472571318773868,0.0000,1.0000,0.0500,8.802
2026-04-26 18:47:41.309,885,0.060452230811641104,0.34042222279135415,-0.22760913359648904,-0.1607912985662941,-0.746957610823592,0.0000,0.9000,0.0500,9.772
2026-04-26 18:47:41.325,886,0.060562250647120924,0.34014733819508297,-0.22717531435135555,-0.15975892471923916,-0.7466522186275898,0.0000,1.0000,0.2500,12.118
2026-04-26 18:47:41.343,887,0.06067657571799037,0.3398641549890933,-0.22672919021526802,-0.15869811936501899,-0.7463387788021353,0.0000,0.8500,-0.1500,9.299
2026-04-26 18:47:41.357,888,0.06079492983109785,0.3395719171289101,-0.22626934096629722,-0.15760701429366855,-0.7460166992514621,0.0000,1.0000,0.4000,9.071
2026-04-26 18:47:41.357,889,0.06091807077358678,0.3392701618731229,-0.22579521646978842,-0.15648241551903025,-0.7456850404478433,0.0000,0.7500,0.0000,9.392
2026-04-26 18:47:41.372,890,0.061045319320964186,0.33896002037650086,-0.22530844106368036,-0.15532816797908774,-0.7453448713980697,0.0000,0.9500,0.0000,9.224
2026-04-26 18:47:41.388,891,0.06117593204202308,0.33864341650396196,-0.2248120401304155,-0.15415122997401695,-0.7449982374374615,0.0000,1.0000,0.1000,8.822
2026-04-26 18:47:41.404,892,0.0613105706339681,0.3383190614555862,-0.22430414873211318,-0.15294773814220852,-0.7446440883502624,0.0000,1.0000,0.0500,5.664
2026-04-26 18:47:41.404,893,0.06145003475213967,0.33798458203173787,-0.2237810020588172,-0.1517094531707643,-0.7442800049124764,0.0000,0.9000,0.1000,7.760
2026-04-26 18:47:41.419,894,0.061593188877509496,0.3376433010362819,-0.22324772593587186,-0.1504464077202765,-0.7439088247671127,0.0000,0.9000,-0.1000,10.823
2026-04-26 18:47:41.443,895,0.06174013299051136,0.33729394006805286,-0.22270240218806966,-0.14915735672403624,-0.7435303457843291,0.0000,1.0000,0.3000,11.568
2026-04-26 18:47:41.451,896,0.06189072445005007,0.33693730457920484,-0.22214610139817192,-0.14784204552418953,-0.7431443029874281,0.0000,0.7500,0.0500,7.016
2026-04-26 18:47:41.451,897,0.06204584445130734,0.33657230795739584,-0.22157726562262597,-0.14649543568290602,-0.7427492220070325,0.0000,0.5500,-0.0500,7.114
2026-04-26 18:47:41.467,898,0.06220379107938558,0.33620213036310714,-0.2210008011697964,-0.14513082582402734,-0.7423490510628371,0.0000,1.0000,0.0000,10.669
2026-04-26 18:47:41.482,899,0.06236322654260666,0.33582862027252175,-0.22041940889325848,-0.1437563767735157,-0.7419461784129396,0.0000,1.0000,0.2000,11.382
2026-04-26 18:47:41.498,900,0.06252667076686827,0.3354461408523446,-0.21982463219048998,-0.14235413598187194,-0.7415355589110015,0.0000,1.0000,0.5000,9.685
2026-04-26 18:47:41.644,901,0.06269219531438085,0.33505900699552543,-0.21922294148543164,-0.14093781074838355,-0.7411210418847054,0.0000,1.0000,0.2000,11.166
2026-04-26 18:47:41.655,902,0.06286079361899233,0.33466642166271265,-0.21861307020700618,-0.13950026110968913,-0.7407003565304838,0.0000,0.7500,-0.0500,7.105
2026-04-26 18:47:41.670,903,0.06303325327260767,0.3342667018191039,-0.21799256378478457,-0.13803669008404953,-0.7402722077022683,0.0000,0.7000,0.0000,8.999
2026-04-26 18:47:41.670,904,0.0632087316641365,0.3338613122621237,-0.21736375434321067,-0.13655437023135633,-0.7398388204444519,0.0000,1.0000,0.0000,8.721
2026-04-26 18:47:41.686,905,0.06338593812729894,0.33345242111536355,-0.21672975488907778,-0.13506059892555952,-0.7394022194825669,0.0000,1.0000,0.2000,8.080
2026-04-26 18:47:41.702,906,0.06356611257522471,0.3330378939978792,-0.21608742882735033,-0.1335475845124229,-0.7389601850016162,0.0000,1.0000,0.1000,8.939
2026-04-26 18:47:41.702,907,0.06374837981046665,0.3326183793402021,-0.215437479346383,-0.13201793863072944,-0.7385133896708765,0.0000,1.0000,0.2500,9.203
2026-04-26 18:47:41.717,908,0.06393289440231817,0.3321949375157561,-0.21478189944599546,-0.1304756911545962,-0.7380631342130873,0.0000,1.0000,0.1500,11.388
2026-04-26 18:47:41.733,909,0.06411868056179937,0.33176869016703137,-0.21412209702627358,-0.12892423770164332,-0.7376102720526613,0.0000,1.0000,0.2000,8.585
2026-04-26 18:47:41.744,910,0.06430705021052423,0.3313371108703156,-0.21345421593611777,-0.12735371211819374,-0.7371519133837827,0.0000,0.9500,0.0000,6.754
2026-04-26 18:47:41.749,911,0.06449852952293289,0.33090000292568544,-0.21277829595774397,-0.12576454241557605,-0.7366883452840173,0.0000,1.0000,-0.1000,12.537
2026-04-26 18:47:41.765,912,0.06469194226866537,0.3304591211388651,-0.2120965651463798,-0.1241602179428661,-0.7362203036972222,0.0000,0.7500,0.0000,8.962
2026-04-26 18:47:41.765,913,0.06488780812034538,0.3300128655070127,-0.21140669291851155,-0.12253758453837567,-0.7357470270562702,0.0000,0.9500,0.2000,6.433
2026-04-26 18:47:41.782,914,0.06508579487748456,0.3295623778310968,-0.21071059551549726,-0.1209014454880018,-0.7352699940154549,0.0000,1.0000,0.2000,10.175
2026-04-26 18:47:41.796,915,0.0652864938993592,0.32910740128488675,-0.21000795162053917,-0.11924882761087637,-0.7347882776387085,0.0000,0.7500,-0.3000,4.562
2026-04-26 18:47:41.796,916,0.06548931260573221,0.32864746797548783,-0.20929785722321462,-0.11758082879636156,-0.7343022544930888,0.0000,1.0000,0.4000,9.470
2026-04-26 18:47:41.812,917,0.06569390396930176,0.32818438993917504,-0.20858309916692955,-0.115901194138065,-0.7338128938787168,0.0000,1.0000,0.0000,7.973
2026-04-26 18:47:41.828,918,0.06589964464661334,0.3277189070053324,-0.20786471984444604,-0.1142132929761924,-0.7333211731654456,0.0000,1.0000,0.2000,8.934
2026-04-26 18:47:41.843,919,0.06610708631876573,0.3272493325594304,-0.20713999436282637,-0.1125108274601099,-0.7328252091933811,0.0000,0.8500,0.2500,6.204
2026-04-26 18:47:41.844,920,0.06631667127887564,0.32677600914194327,-0.20640989637379417,-0.1107963735749025,-0.7323259568259123,0.0000,1.0000,-0.0500,7.705
2026-04-26 18:47:41.859,921,0.06652845950996866,0.326298082027848,-0.20567294594025734,-0.10906696793385089,-0.7318225047830483,0.0000,1.0000,0.2500,11.312
2026-04-26 18:47:41.875,922,0.0667420901170818,0.32581592958445355,-0.20492964294657112,-0.10732422097348887,-0.7313153042713082,0.0000,1.0000,0.4000,9.829
2026-04-26 18:47:41.875,923,0.06695754839891847,0.3253304114669006,-0.20418140579362604,-0.1055700690416958,-0.7308049004477836,0.0000,1.0000,0.0000,9.818
2026-04-26 18:47:41.890,924,0.06717479908532002,0.3248406275200678,-0.20342655798574408,-0.10380068499827344,-0.7302900588813614,0.0000,0.8000,0.3000,8.051
2026-04-26 18:47:41.906,925,0.06739355785870053,0.3243479340180293,-0.20266739903723763,-0.10202136922721429,-0.7297724086993642,0.0000,1.0000,0.0000,8.315
2026-04-26 18:47:41.906,926,0.0676139472296029,0.3238521863672523,-0.2019036435662643,-0.10023056116465143,-0.7292514309926883,0.0000,1.0000,0.1000,5.486
2026-04-26 18:47:41.922,927,0.06783568979215757,0.32335392307975364,-0.20113629325522758,-0.09843232776005809,-0.7287284563075691,0.0000,1.0000,0.2500,8.935
2026-04-26 18:47:41.937,928,0.06805865429767051,0.32285346249116526,-0.20036569546994296,-0.09662618435653994,-0.7282032266666925,0.0000,1.0000,-0.0500,9.773
2026-04-26 18:47:41.944,929,0.06828275220188829,0.32235048754324996,-0.1995913120231837,-0.09481181528604844,-0.7276756688337728,0.0000,1.0000,0.1000,8.129
2026-04-26 18:47:41.960,930,0.06850825021394247,0.3218443037402654,-0.19881204072270697,-0.09298660830221725,-0.7271450076696002,0.0000,0.9000,0.2500,7.391
2026-04-26 18:47:41.971,931,0.06873481662941604,0.3213366496638314,-0.1980307482637392,-0.0911562701614696,-0.7266129419466624,0.0000,1.0000,0.0500,11.865
2026-04-26 18:47:41.982,932,0.06896262148228659,0.32082585944655895,-0.19724474217597543,-0.08931681755033233,-0.7260783569914981,0.0000,1.0000,0.2500,8.387
2026-04-26 18:47:41.994,933,0.06919185067056483,0.32031298844455475,-0.1964557314866981,-0.08746904886588037,-0.7255413850508846,0.0000,1.0000,0.0000,8.749
2026-04-26 18:47:41.999,934,0.06942302481586002,0.31979696162930366,-0.19566229409410357,-0.08561139789485975,-0.7250017467147344,0.0000,0.8500,-0.1000,10.102
2026-04-26 18:47:42.014,935,0.06965551006329947,0.31927861573255895,-0.1948654898445773,-0.08374593854599326,-0.7244599287560307,0.0000,1.0000,0.2000,8.377
2026-04-26 18:47:42.026,936,0.06988881539431274,0.31875914480877066,-0.1940669812810179,-0.08187480020602736,-0.7239163991240013,0.0000,1.0000,0.1500,8.589
2026-04-26 18:47:42.034,937,0.07012318512296778,0.318237377312221,-0.19326513636743936,-0.07999730949821239,-0.7233711703870574,0.0000,1.0000,0.1000,9.619
2026-04-26 18:47:42.050,938,0.07035889257093618,0.31771293020746716,-0.19245937897304208,-0.07811161779024775,-0.7228236896565062,0.0000,0.9500,0.1000,10.241
2026-04-26 18:47:42.050,939,0.0705956592843063,0.3171857325836589,-0.19164953677531527,-0.0762186349984861,-0.7222742500794431,0.0000,1.0000,0.4000,9.690
2026-04-26 18:47:42.066,940,0.07083348098878911,0.31665650174698323,-0.19083668417172997,-0.07431872840624579,-0.7217228540204591,0.0000,1.0000,-0.1500,8.954
2026-04-26 18:47:42.081,941,0.07107258189989547,0.31612518513141896,-0.19002086833278573,-0.07241191281422353,-0.7211695571889596,0.0000,1.0000,-0.0500,8.012
2026-04-26 18:47:42.097,942,0.07131266449923758,0.315591564155079,-0.18920163531637824,-0.07049847743929337,-0.7206144504059935,0.0000,1.0000,0.1500,8.585
2026-04-26 18:47:42.097,943,0.07155373483343745,0.3150560665222765,-0.18837962318717336,-0.06857856160114228,-0.7200575076715474,0.0000,1.0000,0.2000,8.174
2026-04-26 18:47:42.112,944,0.07179604564243436,0.3145184532164791,-0.18755466270548443,-0.06665261164285272,-0.7194989807057318,0.0000,1.0000,0.1000,9.665
2026-04-26 18:47:42.128,945,0.07203932882390772,0.313979320383698,-0.18672751908608473,-0.06472111535710044,-0.7189388897548594,0.0000,1.0000,0.0500,8.997
2026-04-26 18:47:42.145,946,0.07228343795379957,0.3134386136237554,-0.18589804834459464,-0.06278423801304804,-0.718377278188363,0.0000,0.9000,-0.1000,11.170
2026-04-26 18:47:42.145,947,0.07252834071711638,0.3128959683740737,-0.1850657050196561,-0.060842006574850345,-0.717814216223164,0.0000,1.0000,0.0500,12.219
2026-04-26 18:47:42.160,948,0.07277375980939006,0.31235183484781354,-0.18423098000879662,-0.05889428147721832,-0.7172495208353913,0.0000,0.9000,0.0500,10.335
2026-04-26 18:47:42.177,949,0.0730197086137724,0.31180552169364784,-0.18339290114207624,-0.05694135031662363,-0.7166834247421511,0.0000,1.0000,0.6000,8.324
2026-04-26 18:47:42.187,950,0.0732664685260074,0.31125747905693574,-0.18255233241313,-0.05498382646417682,-0.7161161203087195,0.0000,1.0000,0.3000,6.391
2026-04-26 18:47:42.191,951,0.07351365638008167,0.3107078707437725,-0.1817092716123861,-0.05302136385235925,-0.7155473822458276,0.0000,1.0000,0.3000,5.688
2026-04-26 18:47:42.207,952,0.0737614859970494,0.3101570848866447,-0.18086442465652558,-0.05105423465567725,-0.7149772778359306,0.0000,1.0000,0.0500,7.871
2026-04-26 18:47:42.222,953,0.07400986266075761,0.30960488515516604,-0.1800174380200695,-0.04908289981203189,-0.7144060004437048,0.0000,1.0000,0.3500,8.864
2026-04-26 18:47:42.237,954,0.07425884412873868,0.30905194998936725,-0.17916945158896988,-0.0471086966142533,-0.7138339235088978,0.0000,1.0000,0.0500,7.805
2026-04-26 18:47:42.245,955,0.07450825941375794,0.3084980666821052,-0.17831996441962333,-0.045130544051449506,-0.7132606615248447,0.0000,1.0000,0.0000,7.093
2026-04-26 18:47:42.257,956,0.07475805025662509,0.3079437271408533,-0.17746984013643385,-0.043150421156716356,-0.7126868341123668,0.0000,0.6500,-0.1500,7.166
2026-04-26 18:47:42.273,957,0.07500855276551502,0.3073887237113906,-0.17661882659161635,-0.041166860250046636,-0.7121120064382178,0.0000,1.0000,-0.1500,8.069
2026-04-26 18:47:42.289,958,0.07525947326531784,0.3068324466207631,-0.17576594865929698,-0.03918065348999301,-0.711536524035033,0.0000,1.0000,0.2000,7.423
2026-04-26 18:47:42.304,959,0.0755105749309034,0.30627542438754374,-0.17491181921440485,-0.03719150727774824,-0.7109601409888135,0.0000,0.9500,0.2000,7.900
2026-04-26 18:47:42.320,960,0.0757618812203365,0.30571775791163097,-0.17405659224629114,-0.035199360470922064,-0.7103828209881953,0.0000,1.0000,0.1500,7.278
2026-04-26 18:47:42.335,961,0.07601347250039661,0.305159517998103,-0.17320049845348223,-0.033205135791063545,-0.709804901309305,0.0000,1.0000,0.2000,8.088
2026-04-26 18:47:42.351,962,0.07626563811987312,0.3045996237293826,-0.1723420367053699,-0.03120787950787335,-0.7092262842829532,0.0000,1.0000,0.3500,12.139
2026-04-26 18:47:42.367,963,0.07651775164763672,0.3040393366904639,-0.17148285920477976,-0.0292093391954266,-0.7086472621174148,0.0000,1.0000,0.3000,8.973
2026-04-26 18:47:42.367,964,0.07677000525214132,0.30347907949884667,-0.17062372112086913,-0.027209906938115962,-0.708067935491421,0.0000,0.7500,0.1000,8.938
2026-04-26 18:47:42.383,965,0.07702196735357755,0.3029191016729798,-0.16976493857030925,-0.025211657315665808,-0.7074889349639307,0.0000,0.7000,0.2500,5.953
2026-04-26 18:47:42.398,966,0.07727476837183929,0.3023579934049309,-0.1689046358155925,-0.023209731734022864,-0.7069089556354179,0.0000,1.0000,0.0000,10.704
2026-04-26 18:47:42.414,967,0.07752766493963208,0.30179692084986026,-0.16804449939726962,-0.02120848396975872,-0.7063292335137702,0.0000,1.0000,0.2500,8.724
2026-04-26 18:47:42.430,968,0.07778093508990755,0.30123483761542996,-0.16718284468034103,-0.019204457225245955,-0.70574875238854,0.0000,1.0000,0.2500,6.026
2026-04-26 18:47:42.445,969,0.0780339261715353,0.3006730989515157,-0.166321531343985,-0.01720033998627397,-0.7051681248202524,0.0000,0.7500,0.0500,5.910
2026-04-26 18:47:42.461,970,0.07828756980790084,0.30010982534457786,-0.16545797411922142,-0.015192176874848591,-0.704586423607647,0.0000,1.0000,0.3000,11.803
2026-04-26 18:47:42.476,971,0.07854133476621201,0.2995457164143792,-0.16459304803989877,-0.013181586846749792,-0.7040040136727155,0.0000,1.0000,0.3500,5.845
2026-04-26 18:47:42.476,972,0.0787958109303487,0.2989810677566731,-0.1637275471671143,-0.011169035840070214,-0.7034211179565636,0.0000,1.0000,-0.0500,11.372
2026-04-26 18:47:42.492,973,0.0790501963822356,0.2984160915676239,-0.16286161255812345,-0.009157491954277237,-0.7028386313857892,0.0000,1.0000,0.5000,8.476
2026-04-26 18:47:42.508,974,0.07930502964205727,0.2978504955753768,-0.16199492224401393,-0.00714485885824164,-0.7022559427133378,0.0000,1.0000,-0.0500,11.559
2026-04-26 18:47:42.523,975,0.07956019222654646,0.29728387510454735,-0.16112675146395294,-0.005130349985420314,-0.7016728179519874,0.0000,1.0000,0.1000,8.234
2026-04-26 18:47:42.545,976,0.07981474580981501,0.296717613478806,-0.16025900233087928,-0.0031183854501511264,-0.7010904422999557,0.0000,0.8500,0.3500,10.026
2026-04-26 18:47:42.555,977,0.08007045067336593,0.29614935171848367,-0.15938842790985291,-0.0011004310477588817,-0.7005064613686488,0.0000,1.0000,0.0500,10.982
2026-04-26 18:47:42.571,978,0.08032601401752006,0.29558192355001933,-0.15851916419785061,9.155999873912621E-4,-0.6999230024223144,0.0000,0.8500,0.1000,9.217
2026-04-26 18:47:42.571,979,0.08058146309195795,0.29501511307211525,-0.15765094201884328,0.002929377577758882,-0.6993402297003429,0.0000,0.9500,-0.3000,8.395
2026-04-26 18:47:42.587,980,0.08083745626939554,0.294446679932355,-0.15678022814204715,0.004947871769786264,-0.698756135683221,0.0000,1.0000,0.2500,9.780
2026-04-26 18:47:42.618,981,0.08109338523084886,0.2938788147915561,-0.15591053658669807,0.006963828922589224,-0.6981728491549924,0.0000,1.0000,0.1500,8.480
2026-04-26 18:47:42.633,982,0.08134971626046301,0.2933105545605594,-0.1550403635001694,0.008981179606247888,-0.6975892007053413,0.0000,1.0000,0.1000,9.157
2026-04-26 18:47:42.649,983,0.08160597186789123,0.2927423501766423,-0.15417026901110448,0.010998112374212526,-0.6970056802388933,0.0000,1.0000,0.1000,8.586
2026-04-26 18:47:42.665,984,0.08186293932486009,0.2921729650751927,-0.15329851015470958,0.013018738351234505,-0.696421160773222,0.0000,1.0000,-0.0500,11.319
2026-04-26 18:47:42.665,985,0.08212000541940168,0.2916038825834854,-0.15242725371124674,0.015039276835746917,-0.6958366359217022,0.0000,0.9000,-0.1500,8.530
2026-04-26 18:47:42.681,986,0.08237696093948406,0.2910364471629292,-0.15155868414255907,0.01705595477579657,-0.6952531952188777,0.0000,0.8500,-0.3000,8.530
2026-04-26 18:47:42.696,987,0.08263506184960952,0.29046644659695414,-0.15068620020823678,0.01908152605699115,-0.6946671951046102,0.0000,1.0000,0.2500,10.054
2026-04-26 18:47:42.712,988,0.08289302849708406,0.28989672940125794,-0.14981413138858024,0.02110626465144081,-0.6940814217419231,0.0000,1.0000,-0.0500,8.899
2026-04-26 18:47:42.728,989,0.08315041413788125,0.28932814150531505,-0.1489439162433266,0.023125200731079504,-0.6934974473111318,0.0000,1.0000,0.1500,11.222
2026-04-26 18:47:42.746,990,0.08340772847955562,0.2887594739037922,-0.14807362738129382,0.025143249681690315,-0.692913796894107,0.0000,1.0000,0.1000,8.430
2026-04-26 18:47:42.759,991,0.0836653096457358,0.28819088916883207,-0.1472035071092757,0.027162375948540315,-0.6923297880671729,0.0000,1.0000,-0.1500,8.347
2026-04-26 18:47:42.782,992,0.08392255368844208,0.28762351191855595,-0.14633535388023408,0.029177166676195552,-0.6917470748582325,0.0000,1.0000,0.1000,9.992
2026-04-26 18:47:42.791,993,0.08417887625531277,0.2870579751089649,-0.1454698933807595,0.031186260420215224,-0.6911659310107563,0.0000,0.7500,0.0500,3.862
2026-04-26 18:47:42.807,994,0.0844354079642491,0.2864917241992955,-0.14460329355021154,0.03319772083015214,-0.690584094318926,0.0000,1.0000,0.1000,8.309
2026-04-26 18:47:42.822,995,0.0846908358916434,0.2859269857753655,-0.14373889693089273,0.035202527700520465,-0.6900042013118071,0.0000,1.0000,0.3500,11.312
2026-04-26 18:47:42.838,996,0.08494631232318156,0.285362658773805,-0.14287521756822097,0.037206323161401246,-0.689424610007051,0.0000,1.0000,0.0000,8.925
2026-04-26 18:47:42.846,997,0.08520174729736953,0.28479893240210563,-0.14201259158480287,0.03920789734555975,-0.6888457095998487,0.0000,1.0000,-0.1000,9.776
2026-04-26 18:47:42.854,998,0.08545673681648455,0.28423648332499474,-0.141152032585194,0.041204503183766096,-0.6882683025418284,0.0000,1.0000,0.1500,11.492
2026-04-26 18:47:42.869,999,0.08571209120963953,0.2836739516271362,-0.14029149749502756,0.043201717755959386,-0.6876907553952439,0.0000,1.0000,0.0000,8.477
2026-04-26 18:47:42.885,1000,0.08596710063135636,0.2831115032646256,-0.13943095950205564,0.04519823215514303,-0.6871133848910278,0.0000,1.0000,0.1500,7.978
