timestamp,episode,openness,conscientiousness,extraversion,agreeableness,neuroticism,stress,satisfaction,social_energy,total_reward
2026-04-20 22:14:25.624,0,0.5,0.5,0.5,0.5,0.5,0.0000,0.0000,0.0000,0.000
2026-04-20 22:14:25.765,1,0.4998909547165507,0.5027477793527642,0.4961846743035366,0.4986965544894261,0.4920052629180716,0.1000,1.0000,0.3500,3.048
2026-04-20 22:14:25.830,2,0.49937888908471945,0.5069779779990973,0.49204774403130686,0.4952328777684961,0.48209200007104824,0.5500,1.0000,0.4000,5.376
2026-04-20 22:14:25.877,3,0.49840376849106643,0.5122985410498653,0.4871134451355652,0.49052792909660037,0.47148776512368856,0.2000,0.7000,0.1000,4.898
2026-04-20 22:14:25.923,4,0.4973532876873536,0.5180658821104187,0.48215658323612887,0.4851251741329635,0.4603610353032781,0.1500,1.0000,0.2500,2.754
2026-04-20 22:14:25.953,5,0.4964563013321044,0.5241191831920319,0.47709660819411925,0.47938086381912315,0.44905020424417974,-0.0500,1.0000,0.2000,3.270
2026-04-20 22:14:25.987,6,0.49568918849795635,0.529970292455108,0.4722090251894587,0.4738500683868755,0.43807869811685435,0.3000,0.6500,0.0000,3.855
2026-04-20 22:14:26.016,7,0.49509687143039594,0.535615511963979,0.4674984261512506,0.46854590977022054,0.4274363371733487,0.3500,1.0000,0.2000,8.893
2026-04-20 22:14:26.044,8,0.49468395080290906,0.5410590495019747,0.4629614704697981,0.46346552668328395,0.4171132470581483,0.2500,0.9500,-0.0500,6.690
2026-04-20 22:14:26.074,9,0.49446481131920644,0.5463030022088385,0.4585969021637811,0.4586101124989393,0.40709984964640383,0.2000,1.0000,0.0500,6.644
2026-04-20 22:14:26.117,10,0.49440743551403765,0.5513585984356919,0.4543943088057491,0.45396243653773405,0.3973868541570117,0.3000,0.9500,0.2500,6.415
2026-04-20 22:14:26.146,11,0.4944862780688672,0.556235627358571,0.45034469266562677,0.4495079896897023,0.38796524853230135,0.2500,0.9000,0.0000,6.606
2026-04-20 22:14:26.168,12,0.4947376400246627,0.5609313684782415,0.4464515419452303,0.4452571301181558,0.3788262910763323,-0.0500,0.6500,0.0000,6.681
2026-04-20 22:14:26.193,13,0.49510339974308176,0.5654618496400625,0.44269957347070515,0.4411825717822747,0.36996150234404235,0.0500,1.0000,0.1500,2.714
2026-04-20 22:14:26.213,14,0.4955886026889036,0.5698303331632378,0.43908624725420686,0.43728241660405215,0.3613626572737211,0.5500,1.0000,0.2000,9.874
2026-04-20 22:14:26.233,15,0.49625922507744075,0.5740277670744999,0.4356213159304215,0.4335792562936123,0.35302177755550945,-0.1000,1.0000,0.2000,5.195
2026-04-20 22:14:26.260,16,0.49710364039421107,0.5780604956484462,0.4322991148663276,0.4300647554324414,0.34493112422884414,0.3500,0.6500,-0.1500,5.728
2026-04-20 22:14:26.277,17,0.49812211721992716,0.5819323635714844,0.42911645862784625,0.4267354471844851,0.3370831905019788,0.1500,1.0000,0.2500,2.887
2026-04-20 22:14:26.295,18,0.4993183504235929,0.5856464133202871,0.4260709442130636,0.42358934245705593,0.3294706947869195,0.1000,1.0000,0.0500,4.861
2026-04-20 22:14:26.311,19,0.5006343948544211,0.5892179019319713,0.42314793487537883,0.4205999001607586,0.3220865739433119,-0.0500,1.0000,0.5500,7.226
2026-04-20 22:14:26.330,20,0.5021296169101047,0.5926385140937489,0.42035634760938073,0.41778760471646237,0.31492397672501254,0.1500,0.9500,0.2500,7.859
2026-04-20 22:14:26.350,21,0.5037107478661622,0.5959303547782643,0.41767466107377144,0.4151119843603127,0.3079762574232622,0.6500,1.0000,0.1000,7.190
2026-04-20 22:14:26.367,22,0.505463190940123,0.5990796910329272,0.41511717434354745,0.41260413103348165,0.3012369697005643,0.1000,1.0000,0.2500,5.351
2026-04-20 22:14:26.383,23,0.5072992952119193,0.6021073003019394,0.41266365911324104,0.4102260071024772,0.2946998606095474,0.5000,1.0000,0.1000,11.480
2026-04-20 22:14:26.402,24,0.5090803163555617,0.6050440812928812,0.4102837493398438,0.4079192268894029,0.288358864791261,0.3500,1.0000,0.2000,6.959
2026-04-20 22:14:26.429,25,0.5108079068648949,0.6078927588540948,0.4079752368596485,0.40568165008272083,0.2822080988475232,0.4500,1.0000,0.5000,3.081
2026-04-20 22:14:26.447,26,0.512483669658948,0.6106559760884719,0.40573597975385906,0.4035112005802392,0.2762418558820975,0.1500,0.8000,0.1500,5.139
2026-04-20 22:14:26.467,27,0.5141091595691796,0.6133362968058177,0.4035639003612433,0.401405864562832,0.27045460020563455,0.4500,0.9500,0.1500,5.471
2026-04-20 22:14:26.481,28,0.5156858847821042,0.6159362079016432,0.40145698335040597,0.39936368862594707,0.2648409621994655,0.3500,1.0000,0.1500,8.336
2026-04-20 22:14:26.496,29,0.517215308238641,0.6184581216645939,0.3994132738498938,0.39738277796716864,0.25939573333348154,0.4500,0.9000,0.1000,8.007
2026-04-20 22:14:26.518,30,0.5186988489914818,0.6209043780146561,0.39743087563439694,0.3954612946281536,0.2541138613334771,0.5000,1.0000,0.3500,7.066
2026-04-20 22:14:26.544,31,0.5201378835217373,0.6232772466742165,0.39550794936536504,0.393597455789309,0.24899044549347277,0.0500,1.0000,0.2000,10.055
2026-04-20 22:14:26.562,32,0.5215337470160851,0.62557892927399,0.3936427108844041,0.3917895321156297,0.2440207321286686,0.5500,1.0000,0.3000,6.249
2026-04-20 22:14:26.590,33,0.5228877346056026,0.6278115613957702,0.391833429557872,0.39003584615216086,0.23920011016480855,0.3500,1.0000,0.1000,7.072
2026-04-20 22:14:26.605,34,0.5242011025674345,0.6299772145538971,0.39007842667113585,0.38833477076759604,0.2345241068598643,0.2500,1.0000,0.3500,10.887
2026-04-20 22:14:26.621,35,0.5254750694904115,0.6320778981172802,0.38837607387100176,0.3866847276445682,0.22998838365406837,0.1500,1.0000,0.5500,8.669
2026-04-20 22:14:26.643,36,0.5267108174056991,0.6341155611737618,0.3867247916548717,0.38508418581523113,0.22558873214444633,0.3500,0.8500,0.0000,3.987
2026-04-20 22:14:26.666,37,0.5279094928835282,0.636092094338549,0.38512304790522556,0.3835316602407742,0.22132107018011293,0.1500,1.0000,0.1000,6.616
2026-04-20 22:14:26.684,38,0.5290722080970224,0.6380093315083925,0.3835693564680688,0.38202571043355094,0.21718143807470955,-0.1000,1.0000,-0.0500,5.375
2026-04-20 22:14:26.701,39,0.5302000418541117,0.6398690515631407,0.38206227577402674,0.3805649391205444,0.21316599493246827,0.2000,1.0000,0.3500,9.690
2026-04-20 22:14:26.716,40,0.5312940405984884,0.6416729800162464,0.3806004075008059,0.3791479909469281,0.20927101508449422,0.3500,1.0000,0.3500,7.557
2026-04-20 22:14:26.736,41,0.5323552193805338,0.643422790615759,0.37918239527578174,0.37777355121852024,0.2054928846319594,0.2000,1.0000,-0.1000,5.402
2026-04-20 22:14:26.751,42,0.5333845627991177,0.6451201068972863,0.37780692341750827,0.37644034468196463,0.20182809809300062,-0.1500,1.0000,0.1500,7.420
2026-04-20 22:14:26.770,43,0.5343830259151442,0.6467665036903677,0.37647271571498303,0.3751471343415057,0.1982732551502106,0.4500,1.0000,0.3500,5.705
2026-04-20 22:14:26.785,44,0.5353515351376898,0.6483635085796566,0.37517853424353353,0.37389272031126053,0.19482505749570428,0.2000,0.8000,0.2000,5.608
2026-04-20 22:14:26.798,45,0.5362909890835591,0.649912603322267,0.3739231782162275,0.3726759387019227,0.19148030577083314,0.3500,0.9000,0.0500,5.758
2026-04-20 22:14:26.812,46,0.5372022594110524,0.651415225222599,0.3727054828697407,0.371495660540865,0.18823589659770815,0.1000,1.0000,0.3500,8.492
2026-04-20 22:14:26.827,47,0.5380861916287208,0.652872768465921,0.37152431838364847,0.37035079072463906,0.1850888196997769,0.3500,1.0000,0.4000,8.474
2026-04-20 22:14:26.842,48,0.5389436058798592,0.6542865854119434,0.37037858883213903,0.36924026700289986,0.18203615510878357,0.4500,0.9000,0.1500,7.737
2026-04-20 22:14:26.856,49,0.5397752977034634,0.6556579878495851,0.36926723116717486,0.3681630589928129,0.17907507045552007,0.2500,0.8500,0.1500,4.139
2026-04-20 22:14:26.874,50,0.5405820387723596,0.6569882482140975,0.3681892142321596,0.3671181672230285,0.17620281834185447,0.2500,1.0000,0.1500,3.688
2026-04-20 22:14:26.886,51,0.5413645776091888,0.6582786007676746,0.3671435378051948,0.3661046222063376,0.17341673379159883,0.3500,1.0000,0.2500,8.712
2026-04-20 22:14:26.902,52,0.5421236402809131,0.6595302427446444,0.366129231671039,0.36512148354014745,0.17071423177785086,0.0500,1.0000,0.2000,8.378
2026-04-20 22:14:26.926,53,0.5428599310724856,0.6607443354623052,0.3651453547209078,0.364167839033943,0.16809280482451533,0.2500,0.9000,0.0000,6.488
2026-04-20 22:14:26.946,54,0.5435741331403111,0.661922005398436,0.36419099407928057,0.36324280386292473,0.16555002067977986,0.2000,1.0000,0.0500,6.274
2026-04-20 22:14:26.959,55,0.5442669091461018,0.6630643452364829,0.36326526425690214,0.362345519747037,0.16308352005938648,0.2000,1.0000,0.0500,3.969
2026-04-20 22:14:26.978,56,0.5449389018717187,0.6641724148793885,0.36236730632919506,0.3614751541546259,0.1606910144576049,0.4000,1.0000,0.2500,9.037
2026-04-20 22:14:26.994,57,0.5455907348155671,0.6652472424330068,0.3614962871393192,0.3606308995299871,0.15837028402387673,0.5000,1.0000,0.2000,7.208
2026-04-20 22:14:27.009,58,0.5462230127711001,0.6662898251600166,0.3606513985251396,0.3598119725440875,0.15611917550316043,-0.0000,0.9500,0.1000,9.118
2026-04-20 22:14:27.026,59,0.5468363223879671,0.6673011304052161,0.35983185656938543,0.35901761336776483,0.15393560023806563,-0.0500,1.0000,0.0500,8.598
2026-04-20 22:14:27.040,60,0.5474312327163281,0.6682820964930596,0.3590369008723039,0.3582470849667319,0.15181753223092365,-0.0500,1.0000,0.0000,5.491
2026-04-20 22:14:27.056,61,0.5480082957348382,0.6692336335982678,0.3582657938461348,0.35749967241772995,0.14976300626399594,0.0500,1.0000,0.1000,6.733
2026-04-20 22:14:27.069,62,0.548568046862793,0.6701566245903198,0.3575178200307507,0.35677468224519804,0.14777011607607607,0.1000,1.0000,0.3500,8.219
2026-04-20 22:14:27.087,63,0.5491110054569093,0.6710519258526102,0.3567922854298282,0.3560714417778421,0.14583701259379378,0.0500,1.0000,0.1500,10.179
2026-04-20 22:14:27.106,64,0.549637675293202,0.6719203680770319,0.3560885168669334,0.35538929852450685,0.14396190221597996,0.1500,1.0000,0.1500,6.870
2026-04-20 22:14:27.120,65,0.5501485450344059,0.672762757034721,0.3554058613609254,0.35472761956877163,0.14214304514950055,0.3500,0.8500,0.1500,7.553
2026-04-20 22:14:27.133,66,0.5506440886833738,0.6735798743236794,0.3547436855200976,0.3540857909817085,0.14037875379501552,-0.1500,1.0000,0.2500,6.695
2026-04-20 22:14:27.145,67,0.5511247660228725,0.674372478093969,0.3541013749544947,0.35346321725225727,0.13866739118116506,0.0000,1.0000,0.2500,9.827
2026-04-20 22:14:27.160,68,0.5515910230421863,0.67514130375115,0.35347833370585985,0.35285932073468956,0.1370073694457301,0.0000,1.0000,0.2000,9.551
2026-04-20 22:14:27.171,69,0.5520432923509208,0.6758870646386155,0.35287398369468403,0.35227354111264886,0.1353971483623582,0.2000,1.0000,0.0500,9.530
2026-04-20 22:14:27.185,70,0.5524819935803932,0.676610452699457,0.3522877641838435,0.3517053348792694,0.13383523391148744,-0.0500,1.0000,0.0500,8.649
2026-04-20 22:14:27.196,71,0.5529075337729814,0.6773121391184732,0.3517191312583282,0.35115417483289135,0.13232017689414283,0.2500,1.0000,0.2000,10.043
2026-04-20 22:14:27.211,72,0.553320307759792,0.677992774944919,0.35116755732057836,0.3506195495879046,0.13085057158731855,0.0500,0.8500,0.0500,6.324
2026-04-20 22:14:27.227,73,0.5537206985269982,0.6786529916965715,0.350632530600961,0.35010096310026745,0.12942505443969898,0.4500,1.0000,0.5000,9.849
2026-04-20 22:14:27.239,74,0.5541090775711883,0.6792934019456743,0.35011355468293215,0.34959793420725943,0.12804230280650802,0.0500,0.9000,0.0000,10.073
2026-04-20 22:14:27.254,75,0.5544858052440527,0.6799145998873041,0.34961014804244417,0.34910999618104166,0.12670103372231278,0.1500,1.0000,0.1500,11.444
2026-04-20 22:14:27.269,76,0.5548512310867311,0.6805171618906849,0.3491218436011708,0.3486366962956104,0.1254000027106434,-0.1500,0.9500,0.1000,8.459
2026-04-20 22:14:27.281,77,0.5552056941541291,0.6811016470339644,0.3486481882931357,0.3481775954067421,0.12413800262932409,0.0500,0.9500,0.1500,6.248
2026-04-20 22:14:27.291,78,0.5555495233295052,0.6816685976229454,0.34818874264434163,0.34773226754453984,0.12291386255044437,0.0500,1.0000,0.2000,6.118
2026-04-20 22:14:27.305,79,0.5558830376296201,0.682218539694257,0.3477430803650114,0.3473002995182036,0.12172644667393104,0.1500,0.8500,0.3000,7.375
2026-04-20 22:14:27.320,80,0.5562065465007315,0.6827519835034294,0.34731078795406106,0.34688129053265754,0.12057465327371311,0.4500,0.9500,0.1500,6.453
2026-04-20 22:14:27.331,81,0.5565203501057095,0.6832694239983265,0.3468914643154392,0.3464748518166778,0.11945741367550172,0.1000,1.0000,0.3000,5.640
2026-04-20 22:14:27.348,82,0.5568247396025383,0.6837713412783767,0.34648472038597605,0.34608060626217746,0.11837369126523667,0.3000,1.0000,0.4500,11.907
2026-04-20 22:14:27.363,83,0.5571281592276676,0.6842533039521022,0.34609507586232,0.3457030851622354,0.11732492907124119,0.1500,1.0000,0.1000,8.122
2026-04-20 22:14:27.380,84,0.5574374152554777,0.6847118443507549,0.34572608406923455,0.3453458530901525,0.11631211144049602,0.0500,1.0000,0.2000,10.369
2026-04-20 22:14:27.396,85,0.5577606781353417,0.6851426578177153,0.34538213274967444,0.3450133086999648,0.11533666369853962,0.2000,1.0000,0.0500,10.480
2026-04-20 22:14:27.415,86,0.5581043320803006,0.6855424935097724,0.3450665533405957,0.3447087940123774,0.1143995060742892,0.2000,1.0000,0.4500,9.639
2026-04-20 22:14:27.431,87,0.5584519658271535,0.6859217604789221,0.344769014965935,0.3444219884175632,0.11349475000483909,0.0000,1.0000,0.6500,8.443
2026-04-20 22:14:27.449,88,0.5588207830788224,0.6862706819286643,0.34449937025284705,0.3441627545009264,0.11262662037263897,0.4500,1.0000,0.4000,10.387
2026-04-20 22:14:27.467,89,0.5591850348214684,0.686605236329798,0.344241714286268,0.343915197006905,0.11178648433196299,0.0500,1.0000,0.2500,10.880
2026-04-20 22:14:27.516,90,0.5595531024108416,0.6869209080594937,0.3440006340380903,0.34368391227710815,0.11097597539220926,0.0000,1.0000,0.5500,10.116
2026-04-20 22:14:27.527,91,0.5599349598718146,0.6872122104977298,0.34378168533692655,0.3434744652287739,0.11019723129043248,0.2500,1.0000,0.4000,8.580
2026-04-20 22:14:27.539,92,0.560334452364388,0.6874773194095612,0.3435867595500554,0.34328875604514736,0.10945057673833784,0.4500,1.0000,0.2500,7.562
2026-04-20 22:14:27.554,93,0.5607408825238289,0.6877231215890509,0.3434090350017773,0.34311997160201646,0.10873199855529948,0.2000,1.0000,0.4500,9.873
2026-04-20 22:14:27.572,94,0.5611487803406838,0.6879533533658375,0.3432448385272658,0.3429644470294978,0.10803907588641143,-0.1000,1.0000,0.2000,9.412
2026-04-20 22:14:27.592,95,0.5615700837880796,0.6881612926502926,0.3431009534860176,0.34282897373318266,0.10737463366710398,0.4000,0.9500,0.0000,8.582
2026-04-20 22:14:27.608,96,0.5619985797014153,0.6883510948145969,0.34297328393762394,0.3427094635773741,0.1067360741851843,0.2000,1.0000,0.3500,7.460
2026-04-20 22:14:27.625,97,0.5624224907839487,0.6885302408860134,0.34285440650364074,0.3425985007541984,0.10611915250170154,0.0000,1.0000,0.3000,7.902
2026-04-20 22:14:27.640,98,0.5628533110674295,0.6886922366552334,0.34275087131273113,0.3425026427357721,0.1055266264287503,0.5000,0.9500,-0.1000,5.275
2026-04-20 22:14:27.659,99,0.5632903258927275,0.6888379010611838,0.3426619136677418,0.3424211319480915,0.10495761188308407,0.4500,1.0000,0.1000,7.397
2026-04-20 22:14:27.676,100,0.5637329267909892,0.6889679776243222,0.34258684266273565,0.34235328439467483,0.10441127672910461,0.5000,1.0000,0.6000,5.365
2026-04-20 22:14:27.690,101,0.5641766856684811,0.6890854902868595,0.3425226853915866,0.3422961338715676,0.10388566243159797,0.1500,1.0000,0.2500,5.072
2026-04-20 22:14:27.704,102,0.5646204579191041,0.6891914818858473,0.34246844852224545,0.342248693547827,0.10337981440485325,0.4000,1.0000,0.2500,4.507
2026-04-20 22:14:27.719,103,0.5650572274082252,0.6892905074932554,0.3424196250025946,0.34220646267740873,0.10289103494071591,-0.0500,1.0000,0.2500,10.761
2026-04-20 22:14:27.733,104,0.5654884027514414,0.68938205696918,0.3423767715517945,0.3421700040963643,0.10241917154213333,-0.0500,1.0000,0.0500,6.225
2026-04-20 22:14:27.748,105,0.5659071339348702,0.6894705653005213,0.3423354983648239,0.34213493393305655,0.10196161137566094,-0.1500,1.0000,0.2000,6.381
2026-04-20 22:14:27.764,106,0.5663297712230062,0.6895465375577964,0.34230534419758846,0.34211079669877414,0.10152271842624574,0.2000,1.0000,0.2500,9.346
2026-04-20 22:14:27.781,107,0.5667556009588519,0.689610707707541,0.34228561759518233,0.34209690652133246,0.10110175373521912,0.2000,0.6000,0.2500,8.448
2026-04-20 22:14:27.793,108,0.5671851784653783,0.6896630391551396,0.34228561759518233,0.34209690652133246,0.10069837478375013,0.2500,1.0000,0.1000,5.946
2026-04-20 22:14:27.807,109,0.5676124677740947,0.6897048140428438,0.34228561759518233,0.3421081713523006,0.10031450955354168,0.3500,1.0000,0.1500,7.068
2026-04-20 22:14:27.821,110,0.5680078972109158,0.6897409666940381,0.3423102196009517,0.34215856435146086,0.09996189333680007,0.1500,1.0000,0.3500,7.690
2026-04-20 22:14:27.836,111,0.5683682780954175,0.6897740015699158,0.34235383296156174,0.3422449111948931,0.09963858842368409,-0.1000,1.0000,0.2000,9.066
2026-04-20 22:14:27.849,112,0.5687185698367895,0.6897901060455343,0.3424293061463803,0.3423790647290931,0.09935018120599695,0.7500,1.0000,0.4000,10.792
2026-04-20 22:14:27.861,113,0.5690299835953054,0.6898034090902878,0.3425263221377677,0.34255448936489746,0.09909307405865564,-0.1000,1.0000,0.3500,7.451
2026-04-20 22:14:27.874,114,0.5693259569536196,0.6898034090902878,0.3426473289206768,0.3427676367769601,0.09886517288340076,0.3500,1.0000,0.3500,8.659
2026-04-20 22:14:27.884,115,0.5696028946361361,0.6898034090902878,0.34278954045479965,0.34301550305806194,0.09866466538910405,0.4000,1.0000,0.1000,9.138
2026-04-20 22:14:27.894,116,0.5698610870291461,0.6897905035811805,0.3429480304743789,0.34329058719636796,0.09848750004245488,0.1500,1.0000,0.4000,8.692
2026-04-20 22:14:27.902,117,0.5701164923427054,0.6897685004859494,0.3431184833625383,0.34358136919746274,0.09832762484967414,0.3000,1.0000,0.0000,6.071
2026-04-20 22:14:27.914,118,0.5703482067007695,0.689742999859484,0.34330328573452673,0.34389819625538104,0.098189930171105,-0.1000,1.0000,0.3500,10.038
2026-04-20 22:14:27.924,119,0.5705679957022508,0.6897110260033855,0.3435011407325951,0.34423547364761403,0.09807134390591907,0.3000,1.0000,0.2000,7.581
2026-04-20 22:14:27.938,120,0.5707580985057221,0.6896764554511384,0.34371596202434296,0.34460488069349154,0.09797743921639446,-0.0500,0.8000,0.0000,6.249
2026-04-20 22:14:27.951,121,0.5709196729788761,0.6896399666318493,0.3439457946513226,0.3450031620923517,0.09790632994973508,-0.0500,1.0000,0.3000,6.619
2026-04-20 22:14:27.960,122,0.5710739815876559,0.6895996293470297,0.34418078021650994,0.34540864775317104,0.09784693031303798,0.2000,1.0000,0.2500,11.424
2026-04-20 22:14:27.972,123,0.5711945519970195,0.6895566446521564,0.3444362658469952,0.3458532105800746,0.09781493353339621,0.1500,1.0000,0.5500,7.331
2026-04-20 22:14:27.982,124,0.5713143945489372,0.68950799087195,0.3446968511717212,0.3463030064223024,0.09779318160720933,0.3000,1.0000,0.3500,10.084
2026-04-20 22:14:27.996,125,0.5714333857700705,0.6894516918615539,0.3449670109760037,0.3467649876242639,0.09779318160720933,0.5000,0.7000,-0.1000,9.232
2026-04-20 22:14:28.008,126,0.571540008868011,0.6893905723553893,0.3452486737833665,0.3472458155185038,0.09779318160720933,0.3500,1.0000,0.4000,8.365
2026-04-20 22:14:28.022,127,0.5716344481348997,0.6893250964371634,0.3455409445705481,0.3477441443067499,0.09781723778589364,0.3000,0.9500,0.2000,9.108
2026-04-20 22:14:28.035,128,0.5717267840318659,0.689258977522087,0.34582946494134165,0.3482349513714058,0.09784428634924605,0.0500,1.0000,0.1500,11.444
2026-04-20 22:14:28.044,129,0.5717990367471288,0.6891908084662177,0.3461293873771696,0.34874711586819335,0.09788856427773351,0.2500,1.0000,0.3000,8.625
2026-04-20 22:14:28.054,130,0.5718634634912956,0.6891199565410246,0.34643406560845896,0.34926669442615,0.09794290336640273,0.1000,1.0000,0.4500,11.647
2026-04-20 22:14:28.066,131,0.5719139740769413,0.6890475621898119,0.3467453359182442,0.34979848249446144,0.09800951071595862,-0.0500,0.9000,0.0500,6.864
2026-04-20 22:14:28.081,132,0.5719464528645888,0.6889734720009122,0.3470664441830488,0.35034880138112606,0.0980913620752291,-0.0000,0.7500,0.0000,4.990
2026-04-20 22:14:28.092,133,0.5719770172076898,0.6888945389203949,0.3473934621814548,0.35090663106699727,0.09818276807662474,0.4500,1.0000,0.2500,12.518
2026-04-20 22:14:28.106,134,0.5719924241360221,0.6888134555402443,0.3477297019127732,0.3514812721159727,0.09828820502481866,0.2500,1.0000,0.1000,9.533
2026-04-20 22:14:28.115,135,0.5719819522579176,0.6887312227243287,0.34808036071856774,0.3520841045291408,0.09841319416239774,0.0500,1.0000,0.3500,6.759
2026-04-20 22:14:28.126,136,0.5719656387122058,0.6886463829057202,0.34843531539351513,0.35269340924939674,0.0985467122655909,0.1000,1.0000,0.1000,8.509
2026-04-20 22:14:28.136,137,0.5719473719097524,0.6885582175809921,0.34879364357172044,0.3533066084143799,0.09868731161885572,-0.0000,0.7500,-0.0500,8.856
2026-04-20 22:14:28.145,138,0.571923640047383,0.6884678078731348,0.34915555255996716,0.35392518357231756,0.0988355789754746,0.1500,1.0000,0.3000,7.066
2026-04-20 22:14:28.156,139,0.571888428583355,0.6883745789796822,0.3495264095457849,0.3545592805331231,0.09899643784019788,0.3500,1.0000,0.3500,9.777
2026-04-20 22:14:28.163,140,0.5718527923239551,0.6882751217376011,0.3499061814808022,0.35520541068722045,0.09916799899003746,0.6500,1.0000,0.3000,6.953
2026-04-20 22:14:28.176,141,0.5718142780062462,0.6881731395148849,0.3502888211618356,0.3558551700469305,0.09934591986049969,0.2000,1.0000,0.1500,7.562
2026-04-20 22:14:28.185,142,0.571767411910924,0.6880707787543291,0.35067357780007896,0.3565091909166102,0.0995303802502285,0.1500,1.0000,0.3500,8.719
2026-04-20 22:14:28.232,143,0.5717217605660639,0.6879671828411531,0.3510560096200288,0.35715772094647025,0.09971637172140083,0.2500,0.9000,-0.2000,9.309
2026-04-20 22:14:28.241,144,0.5716758496685007,0.6878639224321897,0.3514339073352429,0.35779790040197723,0.09990233611170934,0.0000,1.0000,-0.0500,11.260
2026-04-20 22:14:28.250,145,0.5716271933975529,0.6877605795119885,0.3518099306021668,0.35843461911664487,0.10009059389172154,0.0000,1.0000,0.1500,7.665
2026-04-20 22:14:28.260,146,0.5715754872368933,0.6876557234857505,0.3521874189428891,0.3590731144198417,0.10028364301331798,0.2500,1.0000,0.2500,8.826
2026-04-20 22:14:28.268,147,0.5715268309177589,0.687549661747031,0.3525617698035977,0.3597044778110901,0.10047691213484028,0.2500,1.0000,0.3500,11.678
2026-04-20 22:14:28.278,148,0.5714757667419109,0.6874436088751044,0.35293416702734437,0.3603322810929508,0.10067207357889175,-0.0500,1.0000,0.3000,11.412
2026-04-20 22:14:28.287,149,0.571415103752489,0.6873368319315386,0.353311058104516,0.3609686761588336,0.10087509312086067,0.1000,0.8500,0.2500,7.116
2026-04-20 22:14:28.297,150,0.5713475678851343,0.6872315626680434,0.3536860172873929,0.3616030334205444,0.10108054910047275,-0.0500,1.0000,-0.0500,8.065
2026-04-20 22:14:28.305,151,0.5712694587754913,0.6871272468937398,0.3540627813720508,0.3622422627302252,0.10129179278360713,0.0500,1.0000,0.4500,8.809
2026-04-20 22:14:28.315,152,0.571191876396936,0.6870225552270334,0.35443685377863765,0.36287603228392085,0.10150355771790011,0.1000,1.0000,0.3500,8.525
2026-04-20 22:14:28.324,153,0.5711136534919667,0.6869180715570199,0.3548078740463024,0.36350419606424844,0.10171567336078573,-0.0500,1.0000,0.0000,10.309
2026-04-20 22:14:28.331,154,0.57103675444759,0.6868122566569032,0.35517787326407146,0.3641292683072312,0.10192930222241726,0.4000,1.0000,0.0000,8.956
2026-04-20 22:14:28.340,155,0.5709595874619537,0.6867051323407531,0.35554795504677883,0.36475346960283045,0.10214546282815283,0.4500,1.0000,0.3500,9.379
2026-04-20 22:14:28.349,156,0.5708779301965065,0.6865989034674264,0.3559163653963211,0.3653754886135327,0.10236341049270183,0.0500,1.0000,0.1500,6.806
2026-04-20 22:14:28.358,157,0.5707956513122695,0.6864928408889326,0.35628214775498684,0.36599267512176653,0.10258173376124068,0.2500,1.0000,0.4500,12.051
2026-04-20 22:14:28.366,158,0.5707156308022255,0.6863880940410939,0.3566410362808148,0.3665976391638979,0.10279665389629565,0.2500,1.0000,0.5000,11.796
2026-04-20 22:14:28.376,159,0.5706408332920248,0.6862828467190961,0.35699496708476125,0.3671924292729578,0.10300911392139521,0.5500,1.0000,0.1500,9.045
2026-04-20 22:14:28.386,160,0.570560376591444,0.6861777372945461,0.3573499232552725,0.3677896427379,0.10322533367531882,0.1500,1.0000,0.3000,7.377
2026-04-20 22:14:28.394,161,0.5704737753070737,0.6860732395418778,0.3577053018867886,0.3683885404802797,0.1034448671773176,0.2500,1.0000,0.4000,11.985
2026-04-20 22:14:28.403,162,0.5703845482446589,0.6859696720435943,0.35805815602437746,0.3689835403422291,0.10366484920017698,0.1500,1.0000,0.0500,10.879
2026-04-20 22:14:28.412,163,0.5702950597374261,0.6858657005967733,0.3584097954307692,0.3695759210206952,0.10388584716853816,0.3000,1.0000,0.0500,7.745
2026-04-20 22:14:28.421,164,0.5702017464003143,0.6857628306677866,0.35875948474345937,0.3701657108302175,0.10410780547355357,0.1000,1.0000,0.3000,8.456
2026-04-20 22:14:28.430,165,0.5701030373603645,0.6856619262608157,0.35910651243887254,0.3707523444938075,0.10433037380359524,-0.1500,1.0000,0.3500,6.096
2026-04-20 22:14:28.440,166,0.5700029475720221,0.6855607281476556,0.35945303464199146,0.3713378689862279,0.10455451000310469,0.6500,1.0000,0.2500,8.500
2026-04-20 22:14:28.450,167,0.5698995428737788,0.6854605164814497,0.3597976996294256,0.3719208551482525,0.10477943581881728,0.3000,1.0000,0.1500,6.648
2026-04-20 22:14:28.459,168,0.5697953254374905,0.6853616060061025,0.36013823436694503,0.37249706596570564,0.10500297098020311,0.0000,0.9500,-0.0500,7.549
2026-04-20 22:14:28.468,169,0.5696866865741559,0.6852635065252923,0.3604781372596226,0.37307300253347925,0.1052283061241694,0.0500,1.0000,0.5000,6.884
2026-04-20 22:14:28.477,170,0.5695703700845988,0.6851671622439839,0.3608176418062159,0.3736500707006892,0.10545608606205147,0.1000,1.0000,0.3000,9.328
2026-04-20 22:14:28.487,171,0.5694508220709773,0.6850723336355198,0.3611543439462793,0.3742232176270237,0.10568372800386751,-0.2500,1.0000,0.1500,9.567
2026-04-20 22:14:28.495,172,0.5693299458952924,0.6849781052639049,0.36148896006897646,0.37479295561783477,0.10591143342356237,-0.0500,1.0000,0.1000,9.498
2026-04-20 22:14:28.506,173,0.5692064949856259,0.6848851195489416,0.3618210161314319,0.3753589741213031,0.1061389940068572,0.1000,1.0000,-0.0500,6.904
2026-04-20 22:14:28.514,174,0.5690843113728615,0.6847931661993396,0.3621484443229017,0.3759169224853558,0.10636418298049738,0.1500,1.0000,0.2500,12.307
2026-04-20 22:14:28.525,175,0.5689658595129324,0.684700460550357,0.36247341740538186,0.3764693569721271,0.10658822857174845,0.1000,1.0000,0.0000,7.937
2026-04-20 22:14:28.536,176,0.5688484388355615,0.6846071421516843,0.36279748781799576,0.3770195175503519,0.10681270235829031,0.4000,0.8000,-0.1000,5.887
2026-04-20 22:14:28.545,177,0.5687306075944838,0.6845144488992606,0.36311904865297306,0.3775654239750026,0.10703656726312223,0.1000,1.0000,-0.1000,6.934
2026-04-20 22:14:28.556,178,0.5686145198894503,0.6844213468541944,0.36343889050970307,0.3781076193103025,0.10726004927250356,0.3000,1.0000,0.2500,10.327
2026-04-20 22:14:28.565,179,0.568499111647266,0.6843283176783609,0.3637567485174067,0.3786460514067751,0.10748307813221927,0.0500,1.0000,0.2000,8.748
2026-04-20 22:14:28.576,180,0.5683777227230405,0.6842363584348067,0.3640749991729632,0.3791864663735259,0.10770848404272972,-0.0500,0.8500,0.0500,7.332
2026-04-20 22:14:28.587,181,0.5682592476348813,0.6841448720038632,0.3643890134554293,0.3797190052197308,0.10793129594015316,0.0500,1.0000,0.0500,10.632
2026-04-20 22:14:28.598,182,0.5681381977978032,0.6840544075536694,0.36470132993617427,0.38024929054187667,0.10815428480131746,-0.1500,1.0000,0.1000,9.530
2026-04-20 22:14:28.608,183,0.5680145607734496,0.6839645112873203,0.3650129526267066,0.38077887296311647,0.10837818682602599,-0.2000,1.0000,0.2000,7.385
2026-04-20 22:14:28.619,184,0.5678921999158445,0.6838754391011339,0.36532080230459174,0.381301846440029,0.10860001105414821,0.1000,1.0000,-0.0500,8.740
2026-04-20 22:14:28.629,185,0.5677687748954281,0.6837872065882777,0.365626441745928,0.3818213487279541,0.10882128956308675,0.2500,1.0000,0.1500,9.319
2026-04-20 22:14:28.637,186,0.5676399757062086,0.6836994473047888,0.36593355230300695,0.3823443727991884,0.10904548314273062,0.2500,0.5000,-0.1000,7.882
2026-04-20 22:14:28.648,187,0.5675111448407403,0.6836121559898741,0.36623861679895486,0.3828638758495179,0.10926903576560128,-0.1000,1.0000,0.4500,9.163
2026-04-20 22:14:28.657,188,0.5673787879967601,0.6835264155598126,0.36654171098937366,0.383381089212442,0.10949252951183806,0.2000,1.0000,0.2500,7.674
2026-04-20 22:14:28.667,189,0.5672444692943579,0.6834413188723337,0.3668437386116926,0.3838969102193846,0.10971638046814085,0.2500,1.0000,0.3000,5.588
2026-04-20 22:14:28.676,190,0.5671099891907077,0.6833575273479028,0.3671421334928834,0.3844068650336253,0.10993832011450774,0.2000,1.0000,0.2500,8.043
2026-04-20 22:14:28.726,191,0.5669726542317469,0.6832750384392777,0.36743872619643125,0.38491460941109723,0.11016014567531286,0.1500,1.0000,0.1000,5.512
2026-04-20 22:14:28.735,192,0.5668318887472499,0.6831946253823648,0.3677322967790078,0.3854184739619687,0.11038099272165566,0.1000,1.0000,0.3000,6.789
2026-04-20 22:14:28.744,193,0.5666900399244493,0.6831168510585898,0.3680201199474237,0.3859135683243778,0.11059838723064007,0.2500,1.0000,0.4500,10.286
2026-04-20 22:14:28.752,194,0.5665465492599544,0.6830415845328615,0.3683028714252244,0.38640111043312264,0.11081291019295895,0.0000,1.0000,0.1000,7.097
2026-04-20 22:14:28.760,195,0.5664011185869174,0.682969098386098,0.3685802007020461,0.3868806693485082,0.1110243190013598,0.4000,1.0000,0.2000,5.988
2026-04-20 22:14:28.768,196,0.5662506436520649,0.6828993438419414,0.3688543056279147,0.38735658956933927,0.11123475958196218,0.3000,0.9500,0.3500,7.733
2026-04-20 22:14:28.775,197,0.5660998722660449,0.6828317508526112,0.3691232490442014,0.3878244243784353,0.11144198304259141,-0.1500,0.9500,-0.1000,9.541
2026-04-20 22:14:28.783,198,0.5659470297394125,0.6827661540666278,0.3693885870283867,0.38828711829769974,0.11164743687662244,0.0500,1.0000,0.0500,8.499
2026-04-20 22:14:28.791,199,0.5657934504000441,0.6827022917423407,0.3696500057538231,0.38874377971905666,0.11185065125546771,-0.1000,1.0000,0.4500,9.957
2026-04-20 22:14:28.800,200,0.5656393235626845,0.6826406385013455,0.36990639949653326,0.38919266966940974,0.11205073338876606,0.2000,1.0000,0.5500,9.389
2026-04-20 22:14:28.807,201,0.5654842120909915,0.6825806456026363,0.3701592399248131,0.3896361806620103,0.11224885692844448,-0.1000,1.0000,0.0500,7.599
2026-04-20 22:14:28.816,202,0.5653266908863185,0.6825225763861675,0.3704089423016313,0.39007540454288553,0.11244554587095892,0.0000,1.0000,0.4500,8.615
2026-04-20 22:14:28.824,203,0.5651690596301431,0.6824664109036407,0.3706540361220724,0.3905073783946371,0.11263929748884924,-0.0500,1.0000,0.1500,5.904
2026-04-20 22:14:28.833,204,0.5650087939432908,0.6824132420422601,0.37089391698717084,0.39093198440604776,0.11283003224580865,0.2000,1.0000,0.2000,9.157
2026-04-20 22:14:28.842,205,0.5648465803061409,0.6823625940657925,0.37112915086665604,0.39134987693686724,0.11301805730993483,0.2500,1.0000,0.3000,7.596
2026-04-20 22:14:28.851,206,0.5646803197608645,0.6823145161104883,0.37136105204619296,0.3917637319065041,0.11320469122950823,0.3000,1.0000,0.2500,7.912
2026-04-20 22:14:28.859,207,0.5645103878627509,0.6822687064943884,0.3715900251908789,0.3921740552286672,0.11339016813230211,0.3500,1.0000,0.2500,8.867
2026-04-20 22:14:28.869,208,0.5643399451705953,0.6822245310268138,0.3718153197151252,0.3925787098590096,0.11357340123193427,0.2000,1.0000,0.2000,10.414
2026-04-20 22:14:28.878,209,0.5641701670689462,0.6821814719112564,0.37203726223361505,0.39297782959837363,0.11375443971254338,0.0500,1.0000,-0.0500,11.124
2026-04-20 22:14:28.887,210,0.5640005120466095,0.6821396335829261,0.37225600984554774,0.3933718314973121,0.1139334749146119,-0.0500,1.0000,0.4000,5.186
2026-04-20 22:14:28.896,211,0.5638315117961117,0.6820991112211857,0.3724710232241141,0.39375973054600577,0.11410999766398007,0.1000,1.0000,0.1500,8.774
2026-04-20 22:14:28.904,212,0.5636616844660022,0.6820597273058485,0.37268368062213364,0.39414410424041,0.11428528053945289,0.0000,0.9000,0.1000,6.906
2026-04-20 22:14:28.914,213,0.5634896139574862,0.6820215634130267,0.3728947690086359,0.3945266066498838,0.11446013489161236,0.0500,0.9500,0.2500,7.545
2026-04-20 22:14:28.925,214,0.5633171697866028,0.6819848700652303,0.37310252782456105,0.3949039657773502,0.11463290950834544,0.1500,1.0000,0.2500,9.145
2026-04-20 22:14:28.934,215,0.5631438251887005,0.6819490843910213,0.373308510756337,0.39527872476480314,0.11480486120348181,-0.0500,1.0000,0.3500,8.645
2026-04-20 22:14:28.943,216,0.5629705791872806,0.6819144261433807,0.3735116016644072,0.39564886976746977,0.11497496874018272,0.0500,1.0000,0.4000,10.633
2026-04-20 22:14:28.953,217,0.5627993444221312,0.6818798501777802,0.37371274525690473,0.39601524377800607,0.11514363972975743,-0.1500,1.0000,0.2500,8.882
2026-04-20 22:14:28.962,218,0.5626291392617718,0.6818458477688091,0.3739115718031185,0.39637759736887007,0.11531073598996679,-0.0500,1.0000,0.0500,8.885
2026-04-20 22:14:28.974,219,0.5624547325902451,0.6818146237243712,0.3741069267132626,0.3967358249649057,0.11547619166881867,0.6000,1.0000,0.4500,8.600
2026-04-20 22:14:28.983,220,0.5622794692519864,0.6817846873415688,0.37429973934671606,0.39709029341459,0.11564017751806983,0.2000,1.0000,0.1500,8.350
2026-04-20 22:14:28.994,221,0.5621044605327064,0.6817557785753061,0.3744898296801613,0.3974403814938301,0.11580237063336662,0.1500,1.0000,0.2000,6.990
2026-04-20 22:14:29.003,222,0.5619295941712776,0.6817272412685333,0.37467866926902804,0.3977883750580447,0.11596390201888038,-0.1500,0.9500,0.2500,8.257
2026-04-20 22:14:29.013,223,0.5617561334526895,0.6816986759582907,0.3748662703834289,0.3981338981190601,0.11612457211469232,-0.3000,1.0000,0.3000,10.008
2026-04-20 22:14:29.024,224,0.5615817979538901,0.6816720658305241,0.37504997739444285,0.39847362157150407,0.11628270514925945,0.3000,1.0000,0.2500,13.858
2026-04-20 22:14:29.032,225,0.5614069262000847,0.6816466603362468,0.37523115960138764,0.39880953246255346,0.11643928376387894,0.1500,1.0000,0.4500,9.345
2026-04-20 22:14:29.041,226,0.5612316080837032,0.6816227073521299,0.3754092439565498,0.3991407316010549,0.11659384780715158,0.1000,1.0000,0.3500,11.374
2026-04-20 22:14:29.049,227,0.561056433012126,0.6816002958883102,0.37558365948188194,0.3994661650978247,0.11674586009533773,0.2000,1.0000,0.0500,9.237
2026-04-20 22:14:29.058,228,0.5608801829578595,0.6815795955751901,0.3757548696614657,0.3997869286364996,0.11689585853828244,0.2000,1.0000,0.2500,9.926
2026-04-20 22:14:29.068,229,0.5607020611021049,0.6815607541880004,0.37592310302505044,0.4001036261643281,0.1170441354755957,0.3000,1.0000,0.1500,7.283
2026-04-20 22:14:29.077,230,0.560524320292764,0.6815424334734845,0.3760896918838887,0.4004175831897019,0.11719134431647965,0.0000,1.0000,0.2500,10.033
2026-04-20 22:14:29.087,231,0.5603487815790225,0.6815241672294389,0.37625441514812014,0.4007278904956659,0.11733702138781278,-0.1500,1.0000,0.3000,7.474
2026-04-20 22:14:29.095,232,0.5601747177870182,0.6815059727862184,0.3764177294901444,0.40103547794739436,0.11748162282947762,-0.0500,1.0000,0.4000,11.259
2026-04-20 22:14:29.105,233,0.5599977495400379,0.6814898095997436,0.37657842608711734,0.4013398865694388,0.11762491062482641,0.4000,1.0000,0.3000,7.085
2026-04-20 22:14:29.112,234,0.5598228549718041,0.6814737229539849,0.37673732078114364,0.40164079256786883,0.11776671460383821,0.0000,1.0000,0.0500,8.642
2026-04-20 22:14:29.123,235,0.5596483809362677,0.6814586194609769,0.37689360944678424,0.40193749356459413,0.11790667555260374,0.2500,1.0000,0.3000,10.667
2026-04-20 22:14:29.166,236,0.5594747987984745,0.6814439629032933,0.3770481173590986,0.4022311031752379,0.11804534249481644,0.1000,1.0000,0.2500,6.808
2026-04-20 22:14:29.174,237,0.5592987566428638,0.6814312133816969,0.3772000039722584,0.40252139971334855,0.11818259703665583,0.3000,1.0000,0.2000,8.979
2026-04-20 22:14:29.182,238,0.5591217372800757,0.6814194756986512,0.377350177667681,0.40280930406953397,0.11831889229934911,0.1000,0.8500,0.1500,9.753
2026-04-20 22:14:29.191,239,0.5589460882089086,0.681407230957546,0.377500286854246,0.40309659351049315,0.11845510981189125,-0.1000,0.8500,-0.1000,5.072
2026-04-20 22:14:29.200,240,0.5587692263595719,0.6813967591777841,0.37764724684729534,0.40337937805149626,0.11858929769069347,0.2500,1.0000,0.3000,10.488
2026-04-20 22:14:29.210,241,0.5585946180716078,0.6813857909619149,0.377793544147792,0.40366036068124667,0.11872280074562033,-0.2000,1.0000,0.4000,8.002
2026-04-20 22:14:29.219,242,0.558415597011523,0.6813857909619149,0.37793540461037567,0.40393588838350003,0.11885378598459712,0.4000,1.0000,0.3000,9.141
2026-04-20 22:14:29.228,243,0.5582321950923919,0.6813857909619149,0.37807211493889464,0.40420486465782607,0.11898169886797473,0.4500,1.0000,-0.1000,8.211
2026-04-20 22:14:29.237,244,0.5580434536230721,0.6813857909619149,0.37820411563761624,0.40446826682119935,0.11910702195348952,0.4500,1.0000,0.4000,7.262
2026-04-20 22:14:29.248,245,0.5578518814898238,0.6813857909619149,0.37833266717389896,0.40472722862205085,0.11923031619762856,0.2000,1.0000,0.6000,9.190
2026-04-20 22:14:29.258,246,0.557657233027662,0.6813857909619149,0.37845780071921686,0.404981877308669,0.11935163948433955,0.1500,1.0000,0.2000,9.084
2026-04-20 22:14:29.267,247,0.5574632880114498,0.6813857909619149,0.3785812605507074,0.40523368361526363,0.1194717216127367,-0.1000,1.0000,0.2000,6.551
2026-04-20 22:14:29.277,248,0.5572681051196676,0.6813857909619149,0.37870277697063104,0.40548285091551795,0.11959065886871072,0.0500,1.0000,0.4000,6.783
2026-04-20 22:14:29.288,249,0.55707060536618,0.6813857909619149,0.378821448932074,0.405728346569404,0.1197079296933252,0.2000,1.0000,0.0500,10.867
2026-04-20 22:14:29.298,250,0.5568726402943195,0.6813959454521414,0.3789381660532955,0.4059709455697734,0.11982391650125122,0.0500,1.0000,0.3000,11.192
2026-04-20 22:14:29.310,251,0.5566721232259756,0.6814080886121122,0.3790522008727989,0.40621019832841976,0.11993838956908345,0.1500,1.0000,0.4500,8.457
2026-04-20 22:14:29.320,252,0.5564686239098302,0.6814221521974291,0.3791639898562007,0.4064469086414189,0.12005174601343682,0.2500,1.0000,0.3000,9.657
2026-04-20 22:14:29.330,253,0.5562611773444889,0.681439069868111,0.37927221067082445,0.40667936463940063,0.12016312526164585,0.3500,1.0000,0.2000,7.930
2026-04-20 22:14:29.342,254,0.5560478575350598,0.6814600190442307,0.37937566687997404,0.40690635003093034,0.12027191466915234,0.5000,1.0000,0.5500,8.543
2026-04-20 22:14:29.352,255,0.5558340524675788,0.6814819673241076,0.37947717330420844,0.40713046124247354,0.12037940808531333,0.1000,1.0000,0.4500,7.140
2026-04-20 22:14:29.364,256,0.5556164446418075,0.6815069253796939,0.37957470178059133,0.40734965183152716,0.12048457805591783,0.1500,1.0000,0.3500,9.987
2026-04-20 22:14:29.374,257,0.5553997272414107,0.6815319448286884,0.3796713526571218,0.40756717334686315,0.1205890462493812,-0.0500,1.0000,0.1000,9.102
2026-04-20 22:14:29.384,258,0.5551818175033308,0.6815582781438133,0.37976587496466363,0.40778177558095374,0.12069218357914802,0.0500,1.0000,0.2500,12.244
2026-04-20 22:14:29.394,259,0.5549608323103845,0.6815870201575365,0.37985721729398636,0.40799244982808797,0.120793481829055,0.1500,1.0000,0.3000,10.256
2026-04-20 22:14:29.404,260,0.5547386999100318,0.6816170868425124,0.3799463870064898,0.4082001260855935,0.12089340225035743,0.0000,1.0000,0.1000,8.876
2026-04-20 22:14:29.414,261,0.5545131341137466,0.6816497423525864,0.3800322436854361,0.40840378699665697,0.12099143252966234,0.1000,1.0000,0.5500,10.018
2026-04-20 22:14:29.424,262,0.5542866726818907,0.6816837455143615,0.38011571984553505,0.4086040557604341,0.1210878807406109,0.0500,1.0000,0.4000,9.937
2026-04-20 22:14:29.434,263,0.55405474004391,0.6817217008211659,0.380194371469355,0.40879864819822836,0.1211816013736962,0.2000,1.0000,0.2000,11.240
2026-04-20 22:14:29.443,264,0.5538220238851437,0.6817609007654077,0.38027079314038914,0.40899004535138805,0.12127383163203859,0.1000,1.0000,-0.1000,9.599
2026-04-20 22:14:29.454,265,0.5535820723770687,0.6818050773830432,0.38034141107704056,0.4091748310931703,0.12136286023423938,0.4500,1.0000,0.3500,10.693
2026-04-20 22:14:29.464,266,0.5533367874118803,0.6818530776277018,0.38040739518988614,0.4093541916168386,0.1214492771554439,0.2500,1.0000,0.3000,11.013
2026-04-20 22:14:29.474,267,0.553090491781861,0.6819021010341819,0.380471779231419,0.4095313933981035,0.12153471260566562,0.0500,1.0000,0.4500,8.926
2026-04-20 22:14:29.486,268,0.5528458518509152,0.6819506703869787,0.3805359076069563,0.40970764748494237,0.12161976917188663,-0.1000,1.0000,0.2500,9.867
2026-04-20 22:14:29.495,269,0.5525928972566854,0.6820047401719878,0.38059385995613254,0.40987706711178234,0.12170150062242414,0.4500,1.0000,0.2000,10.204
2026-04-20 22:14:29.506,270,0.5523415049069899,0.6820584068986346,0.3806515178116314,0.4100455113386011,0.12178283372383755,0.0500,1.0000,0.5500,13.899
2026-04-20 22:14:29.516,271,0.5520840490238751,0.6821162143066514,0.38070437580293703,0.41020851266472796,0.12186153204526487,0.3500,1.0000,0.2000,9.850
2026-04-20 22:14:29.526,272,0.5518176413113567,0.682179925453436,0.38075064047408386,0.41036424675124017,0.12193668081713394,0.3000,1.0000,0.1500,9.210
2026-04-20 22:14:29.535,273,0.5515446565838632,0.6822480916704403,0.38079178984845874,0.4105142205065052,0.12200903097152103,0.3000,1.0000,0.0500,6.101
2026-04-20 22:14:29.546,274,0.5512705063265805,0.6823174675655501,0.38083107049737863,0.4106616812252804,0.12208020370936058,0.2000,1.0000,0.3000,7.768
2026-04-20 22:14:29.557,275,0.5509916833281562,0.6823901487433136,0.38086639926711197,0.4108045577625613,0.12214916108509942,0.1500,1.0000,0.4000,9.783
2026-04-20 22:14:29.565,276,0.550708260356959,0.6824661146145667,0.38089777378805606,0.4109428243611519,0.12221588791828017,0.1500,1.0000,0.3000,7.840
2026-04-20 22:14:29.575,277,0.550423651815745,0.6825433385034624,0.38092719892593785,0.4110784636606969,0.12228137329592154,0.1500,1.0000,0.2000,11.642
2026-04-20 22:14:29.583,278,0.5501314572399867,0.6826256728016648,0.38095081134870395,0.41120760098527065,0.12234367771424123,0.3500,1.0000,0.3000,7.582
2026-04-20 22:14:29.594,279,0.5498374862095263,0.6827095634522758,0.3809722434550211,0.41133394668393014,0.1224046542469228,0.2000,1.0000,0.2000,9.847
2026-04-20 22:14:29.602,280,0.5495352345327418,0.6827989870601295,0.38098743868759005,0.41145336386727327,0.12246223241144565,0.3000,0.8000,-0.0500,6.913
2026-04-20 22:14:29.613,281,0.5492246038731295,0.6828940042916475,0.38098743868759005,0.41156579239872465,0.12251638016283707,0.3000,1.0000,0.1000,8.477
2026-04-20 22:14:29.621,282,0.5488991255294368,0.6829984547999243,0.38098743868759005,0.4116674890996768,0.1225652239944089,0.4500,1.0000,0.4000,11.873
2026-04-20 22:14:29.632,283,0.5485791817651202,0.6831001334320862,0.38098743868759005,0.41177060931252757,0.12261483971749718,-0.3500,1.0000,0.4000,8.832
2026-04-20 22:14:29.642,284,0.5482610217820283,0.683201242793585,0.38098743868759005,0.41187306067673857,0.12266417934776568,-0.1000,1.0000,0.1500,9.325
2026-04-20 22:14:29.650,285,0.5479405894279151,0.683304230288164,0.38098743868759005,0.4119723690602829,0.12271200406925595,0.0000,1.0000,0.3000,6.664
2026-04-20 22:14:29.660,286,0.5476184740457954,0.6834087463225382,0.38098743868759005,0.41206887877112225,0.12275848433850219,0.0500,1.0000,0.3000,9.199
2026-04-20 22:14:29.667,287,0.547295602689359,0.6835143722651983,0.38098743868759005,0.41216270618387757,0.12280367669629161,0.0500,1.0000,0.3000,10.327
2026-04-20 22:14:29.678,288,0.5469714233516918,0.6836212788309818,0.38098743868759005,0.4122540406434049,0.12284767421792468,0.0000,1.0000,0.0000,8.787
2026-04-20 22:14:29.685,289,0.5466425607839333,0.6837315915020928,0.3809753988067932,0.41234053701980494,0.12288930278923806,0.2500,1.0000,0.1000,8.407
2026-04-20 22:14:29.697,290,0.5463046343896378,0.6838479654563332,0.3809565574134677,0.4124194837502705,0.12292720512609076,0.2500,1.0000,0.5500,8.981
2026-04-20 22:14:29.713,291,0.5459608038484326,0.6839683720683205,0.3809330921487556,0.41249320772882353,0.12296254321783862,0.1000,1.0000,0.3500,12.714
2026-04-20 22:14:29.721,292,0.54561927569079,0.6840878291680267,0.3809100513042681,0.41256682359866503,0.12299787297215656,0.0500,1.0000,0.5500,9.005
2026-04-20 22:14:29.731,293,0.5452725066213338,0.6842110793248406,0.3808824530081573,0.4126351104085944,0.12303058254193651,0.3000,1.0000,0.0500,9.861
2026-04-20 22:14:29.739,294,0.5449243822948705,0.6843356152160339,0.3808530013755912,0.4127009692826323,0.12306212115882627,0.0500,1.0000,0.0000,7.552
2026-04-20 22:14:29.750,295,0.5445830172249113,0.6844564378315863,0.3808268414718839,0.4127696915513076,0.12309513319763862,-0.2000,1.0000,0.2500,10.738
2026-04-20 22:14:29.759,296,0.5442365714440995,0.6845807071743766,0.3807967522841014,0.41283399539525434,0.12312597649695245,0.2500,1.0000,0.2000,10.656
2026-04-20 22:14:29.769,297,0.5438721326391336,0.6847160732385049,0.38075519323358115,0.4128864498487618,0.12315093435972645,0.6000,1.0000,0.3000,8.461
2026-04-20 22:14:29.780,298,0.5434983284695222,0.6848576133645286,0.3807068059923767,0.4129314157880838,0.12317218604632707,0.3500,1.0000,-0.0500,6.515
2026-04-20 22:14:29.788,299,0.5431226454635287,0.6850006879598179,0.38065639536629053,0.4129738634180368,0.12319221551673504,0.0500,1.0000,0.3500,9.159
2026-04-20 22:14:29.799,300,0.5427401553463351,0.6851483175953824,0.3806008712060691,0.4130106331913893,0.12320944188917979,0.1000,1.0000,0.5000,11.693
2026-04-20 22:14:29.806,301,0.5423470706144317,0.6853026904780823,0.38053814002859976,0.41303972652363447,0.1232228647964978,0.3500,0.9500,-0.2500,9.513
2026-04-20 22:14:29.861,302,0.5419524255981936,0.6854583758008863,0.38047364501452485,0.4130665991386381,0.1232352110579592,0.1000,1.0000,0.1500,8.030
2026-04-20 22:14:29.870,303,0.5415466119906972,0.6856212862556378,0.3804013103519248,0.41308501226892835,0.1232352110579592,0.3000,1.0000,0.3500,9.282
2026-04-20 22:14:29.878,304,0.5411344092275236,0.685788590044943,0.3803239289589453,0.41309772011299123,0.1232352110579592,0.1500,1.0000,0.2000,9.297
2026-04-20 22:14:29.886,305,0.5407206763446044,0.6859571225305519,0.3802449433217742,0.41310844315975315,0.1232352110579592,0.0000,1.0000,0.3000,9.851
2026-04-20 22:14:29.895,306,0.5403105472823254,0.686123904087084,0.3801672220460232,0.41311993914521367,0.1232352110579592,-0.2000,1.0000,0.3000,7.358
2026-04-20 22:14:29.903,307,0.5399036639800717,0.6862890051937555,0.38009085593423236,0.41313246029932094,0.1232352110579592,-0.1500,1.0000,0.0500,7.549
2026-04-20 22:14:29.911,308,0.5394849745650709,0.6864615380888431,0.3800066434791482,0.41313246029932094,0.1232352110579592,0.3000,1.0000,0.4000,13.239
2026-04-20 22:14:29.919,309,0.5390551242483318,0.686641226931895,0.37991473770256223,0.41313246029932094,0.1232352110579592,0.4000,1.0000,0.4000,9.542
2026-04-20 22:14:29.926,310,0.5386243809415798,0.6868219197133109,0.37982128171345547,0.41313246029932094,0.1232352110579592,0.1500,1.0000,0.2000,9.605
2026-04-20 22:14:29.935,311,0.5381809061244271,0.6870105413898024,0.3797195492891079,0.41311757781234437,0.1232352110579592,0.1500,1.0000,0.2500,10.264
2026-04-20 22:14:29.942,312,0.537736121526851,0.6872003742069931,0.3796161086286846,0.41310049117335873,0.1232352110579592,0.0500,1.0000,0.2000,9.357
2026-04-20 22:14:29.951,313,0.5372839737784537,0.6873950460269457,0.37950733722965346,0.41307758320397914,0.12322320810913102,0.1500,1.0000,0.3000,11.489
2026-04-20 22:14:29.959,314,0.5368305641662287,0.6875907860628642,0.37939712883225485,0.4130528705635686,0.1232103192937115,0.1000,1.0000,0.1000,11.084
2026-04-20 22:14:29.967,315,0.536364568584557,0.687794420677669,0.3792786223231741,0.4130194573551262,0.12319309616913247,0.3500,1.0000,0.3000,7.518
2026-04-20 22:14:29.976,316,0.5358919981942109,0.6880020027543647,0.3791561437371863,0.412982048498913,0.12317389071627882,0.1000,1.0000,0.2000,10.498
2026-04-20 22:14:29.984,317,0.5354123867121193,0.688213981603086,0.3790290560386151,0.41293981920238654,0.12315229007401092,0.2000,1.0000,0.0000,9.144
2026-04-20 22:14:29.993,318,0.534931322938353,0.6884268201214805,0.37890110120980797,0.41289671629750463,0.12313026720738544,0.0500,1.0000,0.3000,10.029
2026-04-20 22:14:30.001,319,0.5344422571413078,0.6886447134817616,0.37876778987782295,0.4128479561811234,0.12310542987743583,0.1500,1.0000,0.0000,10.911
2026-04-20 22:14:30.009,320,0.5339315271898206,0.6888758407439811,0.378620963821123,0.4127854014416315,0.12307370895408366,0.4500,1.0000,0.1500,9.827
2026-04-20 22:14:30.018,321,0.5334057272328646,0.6891162230699354,0.3784646272876414,0.4127130817089604,0.12303711884075008,0.3500,1.0000,0.2000,9.081
2026-04-20 22:14:30.025,322,0.5328787189034462,0.6893579452173579,0.37830624970497906,0.41263802056914606,0.1229991709312548,0.0500,0.9000,-0.0500,7.300
2026-04-20 22:14:30.034,323,0.532334104627103,0.6896105212068357,0.37813667817843705,0.41255142622728497,0.1229554689409238,0.2500,1.0000,0.3500,10.697
2026-04-20 22:14:30.042,324,0.5317792110771858,0.6898695063960404,0.37796041192017715,0.4124578524400626,0.12290828937249416,0.1000,1.0000,0.3000,10.359
2026-04-20 22:14:30.050,325,0.5311981305418305,0.6901446295204587,0.3777675181412993,0.4123471623406152,0.12285256342819657,0.4000,1.0000,0.4000,11.598
2026-04-20 22:14:30.059,326,0.5306132336793855,0.6904220070850653,0.37757239316627744,0.41223426505905136,0.122795745319678,-0.1000,1.0000,0.4500,10.606
2026-04-20 22:14:30.068,327,0.5300136357677775,0.6907093468725133,0.3773660219721068,0.4121088383089151,0.12273267356090531,0.2500,0.7500,0.1000,5.195
2026-04-20 22:14:30.076,328,0.5294285711016091,0.6909880664663379,0.37716814504170026,0.41199178061716096,0.12267379708283482,0.2500,1.0000,0.5000,8.390
2026-04-20 22:14:30.084,329,0.5288579319787929,0.6912584244723478,0.37697828868362787,0.4118824031850034,0.12261877116352841,0.0500,1.0000,0.2000,9.339
2026-04-20 22:14:30.093,330,0.5283021448558793,0.6915206717381773,0.3767956394654856,0.4117793299741864,0.12256690747098913,0.1500,1.0000,0.2000,10.222
2026-04-20 22:14:30.101,331,0.5277598739759767,0.691775051586032,0.3766205746376719,0.4116835587872626,0.12251870460301033,0.5000,1.0000,0.1000,7.015
2026-04-20 22:14:30.110,332,0.5272305975113023,0.692021800038451,0.3764529442288051,0.4115950256841715,0.12247413029518339,0.2500,1.0000,-0.2000,2.898
2026-04-20 22:14:30.119,333,0.5267137369019813,0.6922611460372975,0.3762926510245956,0.4115137651589556,0.1224332015089825,0.4500,1.0000,0.2000,12.401
2026-04-20 22:14:30.128,334,0.52620918788458,0.6924933116561786,0.37613929610075225,0.41143920141797596,0.12239563007060755,0.0000,1.0000,0.2500,8.755
2026-04-20 22:14:30.136,335,0.5257176944278756,0.6927185123064932,0.375991929097841,0.4113696491356594,0.12236057304860067,0.1000,1.0000,0.3500,6.822
2026-04-20 22:14:30.146,336,0.5252374830408225,0.6929369569372984,0.3758512915943837,0.41130680040054535,0.12232887622662053,-0.1500,1.0000,0.0000,4.777
2026-04-20 22:14:30.156,337,0.5247685046734261,0.6931488482291794,0.375716988764,0.4112500682234247,0.12230024585726977,0.1500,1.0000,0.0500,8.732
2026-04-20 22:14:30.164,338,0.5243110046997355,0.6933543827823041,0.3755884423234052,0.4111984926213723,0.12227420170387687,0.0500,1.0000,0.1500,10.919
2026-04-20 22:14:30.174,339,0.5238645062521853,0.693553751298835,0.37546556792474184,0.4111520955848087,0.12225075452379934,-0.1000,1.0000,0.3500,8.688
2026-04-20 22:14:30.182,340,0.5234286532979081,0.6937471387598699,0.37534821273147395,0.4111107564062132,0.12222984373255974,0.3000,1.0000,0.2500,7.824
2026-04-20 22:14:30.190,341,0.5230018086215615,0.6939347245970738,0.3752370897344693,0.41107608048390587,0.1222122718055225,0.0000,1.0000,0.1000,8.986
2026-04-20 22:14:30.198,342,0.5225844210395223,0.6941166828591616,0.3751315325913635,0.41104690916724523,0.12219745920028509,0.1500,1.0000,0.0500,4.496
2026-04-20 22:14:30.207,343,0.5221771472790692,0.6942931823733868,0.3750307473664675,0.41102182339791776,0.12218469617712148,0.2000,1.0000,0.3000,9.857
2026-04-20 22:14:30.216,344,0.521778605098497,0.6944643869021851,0.37493531012027353,0.4110021390455803,0.12217464046660788,0.1000,1.0000,0.3500,6.616
2026-04-20 22:14:30.223,345,0.5213880784034599,0.6946304552951196,0.3748453631780535,0.4109882995969892,0.12217464046660788,0.2000,1.0000,0.1000,9.987
2026-04-20 22:14:30.232,346,0.521006605616688,0.694791541636266,0.3747598892391573,0.4109882995969892,0.12217464046660788,0.3000,1.0000,-0.1000,7.868
2026-04-20 22:14:30.240,347,0.5206333244493182,0.694947795387178,0.374679147894562,0.4109882995969892,0.12217464046660788,0.2000,1.0000,0.5000,9.608
2026-04-20 22:14:30.250,348,0.5202683107634294,0.6950993615255626,0.3746027827593313,0.4109882995969892,0.12217464046660788,0.0500,1.0000,0.2500,11.417
2026-04-20 22:14:30.257,349,0.5199118796811326,0.6952463806797957,0.3745302871161473,0.4109882995969892,0.12217464046660788,0.0000,1.0000,0.3000,9.441
2026-04-20 22:14:30.266,350,0.5195635662123569,0.6953889892594018,0.3744616832215574,0.4109882995969892,0.12217464046660788,0.4000,1.0000,0.4000,12.709
2026-04-20 22:14:30.275,351,0.5192222975150304,0.6955273195816198,0.3743974071988812,0.4109882995969892,0.12217464046660788,0.0500,1.0000,0.1000,9.577
2026-04-20 22:14:30.283,352,0.5188884235161324,0.6956614999941713,0.37433695503187947,0.4110015907070089,0.12217464046660788,0.0500,1.0000,0.4000,9.524
2026-04-20 22:14:30.292,353,0.5185610366324127,0.6957916549943461,0.3742806691664136,0.41101918855677966,0.12217464046660788,0.2000,1.0000,0.2000,13.108
2026-04-20 22:14:30.300,354,0.5182397128175472,0.6959179053445158,0.3742285775686833,0.4110412698546004,0.12218572972987171,0.1500,1.0000,0.1000,11.334
2026-04-20 22:14:30.308,355,0.5179244674368627,0.6960403681841804,0.37418042290572817,0.4110674370871731,0.12219886050208092,0.1000,1.0000,0.6000,8.522
2026-04-20 22:14:30.314,356,0.5176155262953721,0.696159157138655,0.3741358149641461,0.4110970234657375,0.1222136994326083,0.0000,1.0000,0.0500,8.053
2026-04-20 22:14:30.323,357,0.5173119863627201,0.6962743824244954,0.37409512327774896,0.4111308782868198,0.12223067121215728,0.2000,1.0000,0.1500,11.325
2026-04-20 22:14:30.330,358,0.5170145096950238,0.6963861509517605,0.37405768096395964,0.4111677747073015,0.12224916246033568,0.0000,1.0000,0.0000,10.248
2026-04-20 22:14:30.339,359,0.5167228454822109,0.6964945664232076,0.3740234364830156,0.411207713362032,0.1222691735345004,0.4500,1.0000,0.0500,11.494
2026-04-20 22:14:30.349,360,0.5164371911142005,0.6965997294305114,0.37399204605755454,0.4112501072992298,0.12229041099749476,0.2500,1.0000,0.5000,14.168
2026-04-20 22:14:30.356,361,0.5161572875214578,0.696701737547596,0.373963476582039,0.41129498789267505,0.12231289057378097,-0.3000,1.0000,0.0500,8.286
2026-04-20 22:14:30.367,362,0.515882389430361,0.6968006854211681,0.37393802526154657,0.4113430442098323,0.12233695683353629,0.1000,1.0000,0.1000,12.116
2026-04-20 22:14:30.374,363,0.5156132515931446,0.6968966648585331,0.3739149952732372,0.41139297442261136,0.1223619588980672,0.0000,1.0000,0.2500,7.874
2026-04-20 22:14:30.384,364,0.5153489635476985,0.6969897649127771,0.3738948057468079,0.4114457058534687,0.12238836046289302,0.2000,1.0000,0.2500,9.764
2026-04-20 22:14:30.391,365,0.5150901556716448,0.6970800719653938,0.37387685422081884,0.411500119970695,0.12241560229542142,0.0500,1.0000,0.0500,8.891
2026-04-20 22:14:30.402,366,0.5148361894591764,0.697167669806432,0.373861389622407,0.41155679842799964,0.1224439752547715,0.4000,1.0000,0.1500,9.975
2026-04-20 22:14:30.465,367,0.514588192318997,0.697252639712239,0.3738474889046709,0.41161397641703185,0.12247259696806445,0.2000,1.0000,0.2500,9.802
2026-04-20 22:14:30.473,368,0.5143442242040013,0.6973270333752399,0.3738474889046709,0.4116831607991441,0.12251123446915006,-0.1500,1.0000,0.1500,11.241
2026-04-20 22:14:30.481,369,0.5141038723802239,0.6972471525388549,0.37393021611318483,0.4119289697264779,0.12271408422829354,-0.0500,1.0000,0.1500,10.022
2026-04-20 22:14:30.489,370,0.5138680938593281,0.6970373135856415,0.37408785084014273,0.4123221830553904,0.12305441510032208,0.2500,1.0000,0.5500,10.716
2026-04-20 22:14:30.497,371,0.5136364597606137,0.6966886279301174,0.3743256473595356,0.4128733816529231,0.123541997815887,0.0500,1.0000,0.3500,12.006
2026-04-20 22:14:30.506,372,0.5134092263972987,0.6961795412336279,0.37465564404779644,0.41360671242142916,0.12419971791975029,-0.2000,1.0000,0.2000,10.426
2026-04-20 22:14:30.514,373,0.5131858450851333,0.6955377910178073,0.3750622523944192,0.41449106638489963,0.1249981860396203,-0.0500,1.0000,0.1500,9.663
2026-04-20 22:14:30.523,374,0.5129669180611797,0.6947987426985748,0.37552476093991877,0.415485086628017,0.12589907387011304,0.3000,0.9500,-0.2000,9.251
2026-04-20 22:14:30.531,375,0.5127518788175011,0.6939421916684387,0.37605499472200454,0.41661248724974315,0.12692437263888234,0.0000,1.0000,0.3500,7.642
2026-04-20 22:14:30.539,376,0.512540774503831,0.6929894597955464,0.3766406432023492,0.41784870927626044,0.12805117284314024,0.0000,1.0000,0.2000,11.002
2026-04-20 22:14:30.548,377,0.512332812755762,0.6919680432071524,0.3772664302260733,0.4191632606375618,0.12925051037490443,0.4000,1.0000,0.1500,14.093
2026-04-20 22:14:30.556,378,0.5121274837856125,0.6908582999182558,0.377943830087713,0.4205791483552787,0.1305437388284202,0.1000,1.0000,0.3000,8.718
2026-04-20 22:14:30.564,379,0.5119249722335438,0.6896853312411312,0.3786582892181257,0.4220673219707086,0.1319038105364002,0.3000,1.0000,0.4000,11.099
2026-04-20 22:14:30.572,380,0.5117244548396563,0.688442016568823,0.37941434111287853,0.42363690345418054,0.13333887415914192,0.0500,1.0000,0.2500,13.409
2026-04-20 22:14:30.580,381,0.5115268485749846,0.687133020239973,0.38020862738683364,0.42528122936523804,0.13484329235760173,0.2000,1.0000,0.2000,7.128
2026-04-20 22:14:30.588,382,0.5113320303908369,0.6857539811770507,0.38104364283405023,0.4270053410219241,0.13642179208355684,0.0500,1.0000,-0.1500,6.480
2026-04-20 22:14:30.597,383,0.5111410191225596,0.6843099103955984,0.3819157678892867,0.4288020494717824,0.1380682983343785,0.0500,1.0000,0.3500,6.909
2026-04-20 22:14:30.606,384,0.5109528375099512,0.6828132665008325,0.3828184602592661,0.4306583188009449,0.13977008808245414,0.3000,1.0000,0.6500,10.770
2026-04-20 22:14:30.614,385,0.5107668786677365,0.6812738613029766,0.383746445426288,0.43256364718651635,0.14151702801619587,0.3500,1.0000,0.3500,8.138
2026-04-20 22:14:30.623,386,0.5105841320044084,0.6796928941883601,0.3846983082326646,0.4345152501092513,0.14330714898263883,0.2500,1.0000,0.6000,8.272
2026-04-20 22:14:30.632,387,0.5104056919980349,0.6780657269532498,0.38567590134572716,0.4365168773260587,0.1451446670779319,0.2500,1.0000,0.2000,8.586
2026-04-20 22:14:30.640,388,0.5102298209670025,0.6763947040643855,0.3866789774843306,0.4385680773642275,0.1470282057847026,0.2500,1.0000,-0.0500,8.717
2026-04-20 22:14:30.649,389,0.5100555068675376,0.6746823218366178,0.3877067208196293,0.44066726036295784,0.1489557428239082,0.2500,1.0000,0.0500,9.251
2026-04-20 22:14:30.660,390,0.5098834727937747,0.6729227349368639,0.3887619273419061,0.44282005884580045,0.15093303730838428,-0.1000,1.0000,0.1000,5.746
2026-04-20 22:14:30.667,391,0.5097139471125431,0.6711282499158548,0.3898373522187296,0.44501202247458777,0.15294673037266504,0.1500,1.0000,0.2000,8.880
2026-04-20 22:14:30.676,392,0.5095459531155915,0.6693086950743065,0.3909279719521167,0.44723314240024803,0.15498692243347043,0.4000,1.0000,0.3000,13.741
2026-04-20 22:14:30.684,393,0.5093803985180851,0.6674583704310796,0.3920363818196729,0.4494886461804799,0.1570590956820848,0.0500,1.0000,0.0000,8.839
2026-04-20 22:14:30.693,394,0.5092170074433562,0.6655710092707207,0.39316629170973644,0.451785989484373,0.15917012917998927,-0.2000,1.0000,0.5500,10.567
2026-04-20 22:14:30.700,395,0.5090560724219897,0.6636589029225075,0.3943104296257786,0.4541106631345103,0.1613066400069696,0.2000,1.0000,0.2500,12.510
2026-04-20 22:14:30.709,396,0.5088976375784867,0.6617262806725843,0.3954662976578996,0.4564577050822637,0.1634640493087788,0.3500,1.0000,0.4000,10.088
2026-04-20 22:14:30.718,397,0.5087411982127745,0.6597705054683154,0.3966356889541675,0.45883073438180555,0.16564550144756604,0.0500,1.0000,0.3500,8.348
2026-04-20 22:14:30.727,398,0.5085864139315572,0.6577942005640769,0.39781728274125416,0.46122714126177466,0.16784839572994523,0.1000,1.0000,0.5500,8.373
2026-04-20 22:14:30.736,399,0.5084329282787874,0.6558007088644277,0.3990093591866473,0.4636435168791829,0.17006937162704108,0.2000,1.0000,0.4500,8.751
2026-04-20 22:14:30.744,400,0.5082808720422303,0.6537916380608555,0.40021086659611366,0.4660777877429389,0.17230660343211524,0.2500,1.0000,0.4000,10.865
2026-04-20 22:14:30.754,401,0.5081310303816777,0.6517683838825805,0.4014204395233441,0.46852725196087847,0.17455805677249034,0.4000,1.0000,0.2500,13.153
2026-04-20 22:14:30.762,402,0.5079820444897197,0.6497311443255024,0.4026388275859445,0.47099343689865353,0.17682441033791665,0.1500,1.0000,0.1500,14.325
2026-04-20 22:14:30.771,403,0.507836330280307,0.6476801839277441,0.40386422718989073,0.47347276265474303,0.17910375549330035,0.5500,0.9500,0.2000,8.556
2026-04-20 22:14:30.778,404,0.5076916487358231,0.6456159906344151,0.40509781162233716,0.475967602271387,0.18139704796439282,0.2500,1.0000,0.3500,10.187
2026-04-20 22:14:30.788,405,0.5075478794262064,0.6435401114267142,0.40633873783221985,0.4784762953203511,0.1837026968283481,0.2000,1.0000,0.4500,5.855
2026-04-20 22:14:30.797,406,0.5074065853009844,0.6414538147362676,0.40758520086705535,0.4809952568003447,0.18601828776712234,0.1000,0.8500,-0.2000,8.197
2026-04-20 22:14:30.804,407,0.5072682856212519,0.6393570166997484,0.4088368654516635,0.483523840317574,0.18834355154194407,0.3000,1.0000,0.6000,11.909
2026-04-20 22:14:30.813,408,0.5071316311100651,0.6372478651662539,0.41009565356362376,0.48606591325906723,0.190681359587447,0.3500,0.9000,-0.1000,9.450
2026-04-20 22:14:30.820,409,0.506998483131003,0.6351260468565877,0.4113604684756096,0.4886193048990843,0.19303079449605742,0.4500,1.0000,0.4000,9.070
2026-04-20 22:14:30.830,410,0.5068658576129127,0.6329937184578329,0.41263203338586174,0.4911854836811526,0.1953915231222247,0.4000,1.0000,0.5500,16.230
2026-04-20 22:14:30.837,411,0.5067343251501195,0.6308600797954671,0.4139046780788217,0.4937531305597896,0.19775329667740918,-0.0500,1.0000,0.4000,10.270
2026-04-20 22:14:30.847,412,0.506604663713185,0.6287151900200161,0.41518353259993684,0.4963325263699555,0.2001262363313602,0.4500,1.0000,0.3500,10.308
2026-04-20 22:14:30.858,413,0.5064760510174852,0.6265658283414988,0.41646524046552263,0.49891697826602466,0.20250361607396175,0.1500,1.0000,0.5000,9.943
2026-04-20 22:14:30.865,414,0.5063492485251553,0.6244062696589396,0.41775253560646386,0.5015119736278578,0.20489105186280693,0.4000,1.0000,0.3500,7.486
2026-04-20 22:14:30.875,415,0.5062240804924976,0.6222491621387659,0.41903827864500853,0.5041032526324992,0.20727509912886408,0.1000,1.0000,0.2000,8.484
2026-04-20 22:14:30.882,416,0.5060998248100823,0.6200921439795579,0.4203242724422061,0.50669443936662,0.20965875995906852,0.2500,1.0000,0.2000,9.023
2026-04-20 22:14:30.892,417,0.5059776715301818,0.6179265019248568,0.4216146753318992,0.5092938683115399,0.21205056709091297,0.4000,1.0000,0.2500,11.126
2026-04-20 22:14:30.900,418,0.5058554668715085,0.6157516359040819,0.42291123958313753,0.5119050612845842,0.21445259007089545,0.3500,1.0000,0.6500,12.892
2026-04-20 22:14:30.910,419,0.505733711403631,0.6135774531868474,0.4242079444978146,0.5145159936503891,0.21685387129099584,0.2000,1.0000,0.6000,11.103
2026-04-20 22:14:30.920,420,0.5056121892048756,0.6114105745609759,0.42550112579889177,0.5171193531129006,0.21924745230341058,0.1000,1.0000,0.4500,9.125
2026-04-20 22:14:30.928,421,0.5054909783029292,0.6092408929407643,0.42679648277548643,0.5197265540206364,0.22164410167656085,0.3500,1.0000,0.1500,10.161
2026-04-20 22:14:30.938,422,0.5053716031470051,0.6070696004996148,0.42809229444130886,0.5223341696981914,0.22404151760181437,0.3000,1.0000,0.3000,11.358
2026-04-20 22:14:30.945,423,0.5052531775537271,0.6049034307966494,0.4293852810956826,0.5249356555824716,0.2264330684053614,0.2000,1.0000,0.2500,10.957
2026-04-20 22:14:30.955,424,0.5051349561064179,0.6027433232078474,0.430675380837507,0.5275309022643873,0.22881823686034675,0.2000,1.0000,0.1500,8.846
2026-04-20 22:14:30.961,425,0.5050167150384206,0.6005967446495478,0.43195845463771687,0.5301116456471258,0.2311891644109035,0.1500,1.0000,0.1000,10.778
2026-04-20 22:14:30.972,426,0.5048987288389853,0.5984577477768281,0.4332376972307166,0.5326842887419745,0.23355203297732427,0.2500,1.0000,0.4000,12.010
2026-04-20 22:14:30.983,427,0.5047813776941048,0.5963196353074726,0.43451666204467904,0.5352559515414832,0.23591375773691386,0.2500,1.0000,0.2000,11.690
2026-04-20 22:14:30.990,428,0.5046656005009696,0.5941897726657598,0.4357904948053497,0.5378169382392608,0.2382658144180618,0.3000,1.0000,0.2500,9.684
2026-04-20 22:14:31.000,429,0.5045516695937755,0.5920683116498747,0.4370589082717253,0.5403666867131551,0.24060785221401215,0.1500,1.0000,0.2500,11.176
2026-04-20 22:14:31.007,430,0.5044388115805465,0.5899482497278796,0.43832640111051674,0.5429142062856469,0.24294788302078443,0.3500,1.0000,0.3500,9.648
2026-04-20 22:14:31.017,431,0.5043270095702829,0.5878528838786262,0.43957965419952816,0.5454328703417314,0.24526095083119634,-0.1000,1.0000,0.2500,9.117
2026-04-20 22:14:31.072,432,0.5042162350694734,0.5857519279525516,0.4408359756167996,0.547957306317994,0.24757951805437564,0.4500,1.0000,-0.0500,8.004
2026-04-20 22:14:31.080,433,0.5041064641974611,0.5836769610384115,0.4420773193190459,0.5504514330699548,0.24986976002127648,-0.2500,1.0000,0.1500,6.444
2026-04-20 22:14:31.089,434,0.503997683887759,0.5816132705924951,0.44331208491804897,0.5529320604350051,0.2521474432065946,0.1500,1.0000,0.3500,8.237
2026-04-20 22:14:31.097,435,0.503890297480848,0.5795694391489014,0.4445350834359228,0.5553888207527855,0.2544030976387215,0.0500,1.0000,0.1500,10.551
2026-04-20 22:14:31.105,436,0.5037843848319467,0.5775214570075704,0.4457599661587989,0.5578490265821096,0.25666238941894565,0.5000,1.0000,0.1000,9.231
2026-04-20 22:14:31.113,437,0.5036790564844695,0.5754859123008919,0.44697783227844823,0.5602948859934728,0.25890813333901624,0.1000,1.0000,0.2500,8.383
2026-04-20 22:14:31.121,438,0.5035738600243432,0.5734192933199079,0.44821383283684607,0.5627767104671711,0.26118724567157564,0.8000,1.0000,0.4500,8.267
2026-04-20 22:14:31.128,439,0.5034687541895123,0.5713483211023338,0.4494527122085565,0.5652639978667876,0.2634711193672326,0.4500,1.0000,0.5500,10.403
2026-04-20 22:14:31.136,440,0.5033629297198224,0.5692924572610397,0.4506838754287166,0.5677355671036175,0.26573943747674444,0.2500,1.0000,0.0500,8.806
2026-04-20 22:14:31.144,441,0.5032575310576693,0.5672603138023122,0.45190162524578714,0.5701800322503731,0.2679822053028223,-0.0500,0.9500,0.0000,8.776
2026-04-20 22:14:31.152,442,0.5031523772124997,0.5652333070192173,0.4531166888320545,0.5726188559701438,0.2702194501718915,0.3000,1.0000,0.3000,11.001
2026-04-20 22:14:31.161,443,0.503049699863647,0.5631914720524255,0.4543389745256296,0.575071863008113,0.2724710709033791,0.5000,1.0000,0.3000,8.938
2026-04-20 22:14:31.170,444,0.5029474782384449,0.5611646565949138,0.45555276168802095,0.57750761991419,0.2747064308224074,0.0500,1.0000,0.0500,12.563
2026-04-20 22:14:31.178,445,0.5028437392594897,0.559154156177477,0.4567586137650136,0.5799272611720308,0.2769254531851631,0.2000,1.0000,0.4000,9.952
2026-04-20 22:14:31.186,446,0.5027394276161556,0.5571904190028109,0.45793849070395803,0.5822947140406596,0.2790948811861739,-0.2000,1.0000,0.2000,9.082
2026-04-20 22:14:31.194,447,0.5026354262423884,0.5552318223213643,0.4591155773623775,0.5846563553785161,0.281258718185808,0.3000,1.0000,0.2500,10.652
2026-04-20 22:14:31.201,448,0.5025318872532206,0.5532133858760796,0.46032689328599524,0.5870862312061388,0.28348648077254474,1.0000,1.0000,0.4500,14.710
2026-04-20 22:14:31.209,449,0.5024283117794021,0.5512007563077509,0.4615352483870184,0.5895099680691607,0.2857081622449946,0.2500,1.0000,0.3500,10.491
2026-04-20 22:14:31.218,450,0.5023249290036347,0.5491830764662519,0.4627466839706742,0.5919396550976185,0.28793523898904433,0.4000,1.0000,0.1000,7.546
2026-04-20 22:14:31.225,451,0.5022211722129699,0.5471721323011811,0.4639548333249244,0.5943625651914307,0.29015545762828504,0.3000,1.0000,0.2500,12.631
2026-04-20 22:14:31.233,452,0.5021171302536741,0.5451318588338931,0.4651802363765921,0.5968197843385187,0.29240739669997823,0.6500,1.0000,0.1000,12.001
2026-04-20 22:14:31.240,453,0.502012569588,0.5430985084768551,0.46640232403373,0.5992701803052344,0.2946523668434251,0.3000,1.0000,0.6500,10.398
2026-04-20 22:14:31.248,454,0.5019110170100195,0.541033280779916,0.4676409079401643,0.6017533821509696,0.29692958568688527,0.6500,0.8000,0.0500,11.232
2026-04-20 22:14:31.255,455,0.501809153462577,0.5389628487650131,0.4688829504932951,0.6042433202691121,0.2992126847033672,0.4500,1.0000,0.5000,8.347
2026-04-20 22:14:31.263,456,0.5017061473912926,0.5369000207967134,0.4701216786741101,0.6067264540522664,0.3014884921105547,0.2000,1.0000,0.4000,9.787
2026-04-20 22:14:31.270,457,0.5016034490173645,0.5348184749448115,0.47137115869801327,0.6092309211989514,0.3037842403453647,0.6000,1.0000,0.5500,12.209
2026-04-20 22:14:31.279,458,0.501502156834918,0.5327756314834926,0.47259783881910394,0.611689623327045,0.3060376726235221,0.1500,1.0000,0.3000,6.447
2026-04-20 22:14:31.288,459,0.5014015731775684,0.5307923625389879,0.4737902496227322,0.6140796265636365,0.3082268884130178,0.0500,1.0000,0.4000,9.802
2026-04-20 22:14:31.297,460,0.5013020326644262,0.5288685916628182,0.474948204345927,0.6164005621904809,0.3103517439725041,0.2500,1.0000,0.3000,7.259
2026-04-20 22:14:31.305,461,0.501201316109906,0.5270025339129336,0.47607419526527406,0.6186574194242163,0.31241562870305384,0.3500,1.0000,0.3000,11.378
2026-04-20 22:14:31.313,462,0.5011003248131107,0.5251924578955456,0.4771686039496479,0.6208509659261539,0.3144197943842943,0.9000,1.0000,0.3000,6.910
2026-04-20 22:14:31.322,463,0.5010001870899345,0.5234366841586792,0.478231631150347,0.6229816075867464,0.31636528587195406,0.2500,1.0000,0.4500,11.849
2026-04-20 22:14:31.330,464,0.5008993959101974,0.5217335836339188,0.47926520592719607,0.6250532067818628,0.3182548510071549,0.1000,1.0000,0.2000,10.209
2026-04-20 22:14:31.338,465,0.5007994174217577,0.5200815761249011,0.48026924749013605,0.6270656060599187,0.3200892032176961,0.5500,1.0000,0.5500,9.956
2026-04-20 22:14:31.347,466,0.5007016290378455,0.5184791288411541,0.4812437073062716,0.6290187123598003,0.32186906436200485,0.2500,0.7000,-0.1500,7.755
2026-04-20 22:14:31.355,467,0.500604857918046,0.5169247549759195,0.48219021091952624,0.6309157806538919,0.32359680726358747,0.3500,1.0000,0.1000,8.033
2026-04-20 22:14:31.365,468,0.5005085582454065,0.5154170123266419,0.4831099405486725,0.6327591791477393,0.3252743390024119,0.7000,1.0000,0.2000,11.274
2026-04-20 22:14:31.373,469,0.5004117456759981,0.5139545019568427,0.4840043462135765,0.6345518115360355,0.3269038127137037,0.2500,1.0000,0.0500,9.382
2026-04-20 22:14:31.383,470,0.5003153029225719,0.5125358668981373,0.48487360941593344,0.6362940443674828,0.3284860919210568,0.2000,1.0000,0.4500,12.998
2026-04-20 22:14:31.391,471,0.5002175384581291,0.5111597908911932,0.4857196047179659,0.6379896302054792,0.33002371274793557,0.3000,1.0000,0.3000,11.068
2026-04-20 22:14:31.401,472,0.5001201815329551,0.5098249971644574,0.4865419037573803,0.6396377156612216,0.3315168885464509,0.2000,0.9500,-0.1500,9.626
2026-04-20 22:14:31.409,473,0.5000220462702,0.5085302472495237,0.4873419998558366,0.6412412906137404,0.33296773510123506,0.6500,1.0000,0.2000,14.077
2026-04-20 22:14:31.417,474,0.49992468792612466,0.507274339832038,0.4881195378308077,0.6427996478366206,0.3343765010188442,0.6500,1.0000,0.4500,12.796
2026-04-20 22:14:31.426,475,0.4998283719087778,0.5060561096370768,0.4888750019489255,0.6443137589076061,0.3357442562413209,0.5000,1.0000,0.4000,11.642
2026-04-20 22:14:31.433,476,0.4997319128894386,0.5048744263479645,0.48960982379850837,0.6457864899564791,0.3370730004621319,0.7000,1.0000,0.3500,15.076
2026-04-20 22:14:31.442,477,0.49963444491143005,0.5037281935575256,0.49032520281210334,0.6472202427128853,0.33836448417581816,0.7500,1.0000,0.3500,10.914
2026-04-20 22:14:31.450,478,0.49953808093902163,0.5026163477507999,0.49102033381111726,0.6486134095982528,0.3396184367339206,0.4500,1.0000,0.0000,10.167
2026-04-20 22:14:31.460,479,0.49944314724177774,0.5015378573182759,0.4916955846428326,0.6499667290024028,0.3408357444779518,0.3000,1.0000,0.4000,12.735
2026-04-20 22:14:31.467,480,0.4993502464382329,0.5004917215987277,0.4923511213610753,0.6512805356473861,0.34201707640114093,0.5500,1.0000,0.4500,8.565
2026-04-20 22:14:31.476,481,0.4992580394942004,0.49947696995076585,0.4929883874208334,0.6525577189791453,0.34316436380969706,0.5000,1.0000,0.3500,16.519
2026-04-20 22:14:31.486,482,0.4991661607968565,0.49849266085224286,0.4936081608065536,0.6537998374264614,0.3442788579037514,0.3000,1.0000,0.5500,6.762
2026-04-20 22:14:31.494,483,0.4990734036653435,0.49753788102667557,0.49421176418742857,0.6550095387138106,0.34536234037171043,0.4500,1.0000,0.1000,11.775
2026-04-20 22:14:31.504,484,0.49898098852553346,0.4966117445958753,0.49479888661503885,0.6561862032588626,0.34641494551379226,0.5000,1.0000,0.3500,12.477
2026-04-20 22:14:31.512,485,0.4988886492784244,0.49571339225799904,0.49537019307748303,0.6573311632828874,0.34743777020927386,0.5000,1.0000,0.2000,9.899
2026-04-20 22:14:31.522,486,0.49879760293437003,0.49484199049025906,0.4959253451956263,0.6584437442053364,0.3484308950134634,0.4500,1.0000,0.2500,11.569
2026-04-20 22:14:31.530,487,0.4987065824002579,0.4939967307755513,0.4964656464704782,0.6595265551406176,0.3493960297937802,0.5500,1.0000,0.5000,11.757
2026-04-20 22:14:31.540,488,0.49861680420769794,0.49317682885228475,0.4969907308900653,0.660578866113802,0.35033320271366825,0.3000,1.0000,0.5500,6.015
2026-04-20 22:14:31.550,489,0.498527667345792,0.4923815239867162,0.49750143078714665,0.6616023437779546,0.3512436284560415,0.5000,1.0000,0.2500,8.075
2026-04-20 22:14:31.557,490,0.49843793479787035,0.4916100782671147,0.4979989895485642,0.6625994768346798,0.3521289212873922,0.3500,1.0000,0.5000,7.921
2026-04-20 22:14:31.568,491,0.49834827817529304,0.4908617759191013,0.49848336558120143,0.6635701839678276,0.3529893993678646,0.2500,1.0000,0.4500,11.523
2026-04-20 22:14:31.576,492,0.49825985552986224,0.4901359226415283,0.49895418081388004,0.6645137108490221,0.35382503358694334,0.4500,1.0000,0.4500,12.365
2026-04-20 22:14:31.587,493,0.49817266036579355,0.4894318449622824,0.49941182172157883,0.6654308321877819,0.35463654891145024,0.2000,1.0000,0.1500,11.431
2026-04-20 22:14:31.594,494,0.4980867772588131,0.48874888961341395,0.49985660260060255,0.6663221782834906,0.35542458797477783,0.4000,1.0000,0.1000,5.983
2026-04-20 22:14:31.606,495,0.49800085816071826,0.48808642292501153,0.5002897817094715,0.6671902673087599,0.3561907275224215,0.8000,1.0000,0.5000,12.524
2026-04-20 22:14:31.616,496,0.4979148789320235,0.4874438302372612,0.5007117239141028,0.668035830601328,0.3569356413526643,0.1500,1.0000,0.2000,6.514
2026-04-20 22:14:31.676,497,0.49782947758012186,0.48682051533014337,0.5011223421859736,0.6688586956618761,0.35765954210137835,0.4000,1.0000,0.2500,8.109
2026-04-20 22:14:31.686,498,0.4977424418872471,0.48621589987023905,0.5015234394973752,0.6696624699459812,0.35836452341531777,0.5000,1.0000,0.5000,12.174
2026-04-20 22:14:31.695,499,0.4976566903129551,0.48562942287413186,0.501913388524237,0.6704439002711678,0.3590492399246413,0.3000,1.0000,0.0000,10.930
2026-04-20 22:14:31.704,500,0.4975705560072737,0.4850605401879079,0.5022936092660384,0.6712058280580898,0.3597153851244306,0.3000,1.0000,0.2500,12.446
2026-04-20 22:14:31.714,501,0.49748308201738733,0.4845087239822707,0.5026650391945027,0.671950129629238,0.3603641617771431,0.2500,1.0000,0.4500,14.088
2026-04-20 22:14:31.724,502,0.4973965073419505,0.4839734622628026,0.5030264761619444,0.6726744020269144,0.3609946250671056,0.6000,0.9000,0.0000,9.519
2026-04-20 22:14:31.734,503,0.49731147226995637,0.4834542583949185,0.5033777751115766,0.6733783564350878,0.36160687954958287,0.2000,1.0000,0.3500,8.168
2026-04-20 22:14:31.743,504,0.49722473156799,0.482950630643071,0.5037213728808078,0.674066867787192,0.3622036041856738,0.7500,1.0000,0.4000,10.636
2026-04-20 22:14:31.754,505,0.497138222017104,0.48246211172377884,0.5040562434302811,0.6747378852253714,0.3627840077960012,0.4000,1.0000,0.0500,9.595
2026-04-20 22:14:31.763,506,0.4970520305204619,0.4819882483720655,0.5043825860181254,0.6753918084501156,0.36334851745287383,0.4500,1.0000,0.3000,10.697
2026-04-20 22:14:31.773,507,0.49696539255844574,0.48152860092090355,0.5047011598018498,0.6760301569251485,0.3638981132935558,0.5000,1.0000,0.4000,13.240
2026-04-20 22:14:31.782,508,0.4968796831841783,0.48108274289327646,0.5050112900728037,0.6766515823474127,0.3644323349597585,0.3500,1.0000,0.1000,8.580
2026-04-20 22:14:31.792,509,0.49679485293868486,0.48065026060647814,0.505313244537265,0.6772566212102812,0.36495165807761115,0.4500,1.0000,0.5000,10.147
2026-04-20 22:14:31.802,510,0.4967108835158178,0.4802307527882838,0.5056072630909514,0.6778457543535814,0.3654565242250871,0.4500,1.0000,0.3000,9.778
2026-04-20 22:14:31.812,511,0.49662648648696206,0.4798238302046353,0.5058944255471437,0.6784211424208155,0.3659482088472553,0.6000,1.0000,0.2500,11.541
2026-04-20 22:14:31.821,512,0.49654228312332743,0.47942911529849624,0.5061745319600799,0.678982386506892,0.36642670176118813,0.0000,1.0000,0.3500,14.112
2026-04-20 22:14:31.830,513,0.49645964792094854,0.47904624183954136,0.5064468738070635,0.6795280705232574,0.36689147851413856,0.5000,1.0000,0.3500,5.996
2026-04-20 22:14:31.841,514,0.49637787012472817,0.4786748545843551,0.5067121264985796,0.6800595462190155,0.36734339306444236,0.6000,1.0000,0.1000,3.889
2026-04-20 22:14:31.850,515,0.49629662448996276,0.4783146089468244,0.5069707023909712,0.6805776392071432,0.36778303095985815,0.4000,1.0000,0.5500,12.789
2026-04-20 22:14:31.861,516,0.4962149115610366,0.4779651706784197,0.5072234574487269,0.6810840622898986,0.36821141616054726,0.2500,1.0000,0.3500,12.990
2026-04-20 22:14:31.870,517,0.49613366696543604,0.4776262155580671,0.5074699518911113,0.6815779367528942,0.36862827184157715,0.4000,1.0000,0.2000,12.499
2026-04-20 22:14:31.880,518,0.4960509813124161,0.4772974290913251,0.5077116370970826,0.6820621661757166,0.3690352074490344,0.7000,1.0000,0.7500,10.235
2026-04-20 22:14:31.891,519,0.4959684245901449,0.47697850621858534,0.5079476395061026,0.68253500423431,0.3694315027474958,0.7000,1.0000,0.2000,11.626
2026-04-20 22:14:31.900,520,0.4958874895584216,0.4766691510320278,0.5081771318502655,0.6829947971659727,0.3698164791944169,0.6500,1.0000,0.5500,10.773
2026-04-20 22:14:31.911,521,0.495805115855659,0.47636907650106697,0.5084023172387642,0.6834459519390067,0.37019248416259104,0.3000,1.0000,0.0500,11.191
2026-04-20 22:14:31.920,522,0.4957239597258284,0.47607800420603497,0.5086215828243751,0.6838852435863843,0.3705580447404872,0.7500,1.0000,0.4500,12.334
2026-04-20 22:14:31.931,523,0.4956436805326387,0.4757956640798539,0.508835308940587,0.6843134334806792,0.37091367699921585,0.7500,1.0000,0.3000,11.306
2026-04-20 22:14:31.939,524,0.49556294354643904,0.47552179415745827,0.5090445340525164,0.6847325992365527,0.3712605510693863,0.6500,1.0000,0.3500,12.545
2026-04-20 22:14:31.949,525,0.4954830784197829,0.4752561403327345,0.5092485159111162,0.6851412570198068,0.37159805241748006,0.4500,1.0000,0.2000,9.039
2026-04-20 22:14:31.959,526,0.4954030262659517,0.4749984561227525,0.5094481003012745,0.6855410990441962,0.3719271507124475,0.3000,1.0000,0.4000,11.243
2026-04-20 22:14:31.968,527,0.4953215589334294,0.4747485024390699,0.5096442416552655,0.6859340347989287,0.3722489205541032,0.4500,1.0000,0.4000,10.664
2026-04-20 22:14:31.977,528,0.4952393047089371,0.4745060473658978,0.5098366527099337,0.6863194903636133,0.37256319124180637,0.6500,1.0000,0.3500,12.742
2026-04-20 22:14:31.986,529,0.4951566795710624,0.47427086594492085,0.5100251837930401,0.6866971669815136,0.3728699261689566,0.6000,1.0000,0.4500,9.037
2026-04-20 22:14:31.996,530,0.4950729800831094,0.4740427399665732,0.5102104276797963,0.687068250773163,0.3731698277844353,0.5000,1.0000,0.2000,8.755
2026-04-20 22:14:32.004,531,0.4949886268487132,0.473821457767576,0.510392224070671,0.6874324216925053,0.37346284217217085,0.2500,1.0000,0.4000,12.833
2026-04-20 22:14:32.015,532,0.4949046606389267,0.47360681403454874,0.5105699956181009,0.6877885255808304,0.37374849517655584,0.1500,1.0000,0.5000,9.564
2026-04-20 22:14:32.025,533,0.49482171970949473,0.47339860961351227,0.5107434298230673,0.6881359379604243,0.3740265743947686,0.7000,1.0000,0.0000,12.122
2026-04-20 22:14:32.034,534,0.49473811624663405,0.4731966513251069,0.5109137615094259,0.6884771289837127,0.3742984117439761,0.1500,1.0000,0.5000,8.091
2026-04-20 22:14:32.045,535,0.49465491423008495,0.4730007517853537,0.5110803876835766,0.6888108931530681,0.3745634984110902,0.4000,1.0000,0.2000,11.430
2026-04-20 22:14:32.055,536,0.49456970549323187,0.4728107292317931,0.5112450169263696,0.6891406481050768,0.3748236343320579,0.5500,1.0000,0.1500,10.715
2026-04-20 22:14:32.065,537,0.49448566633616975,0.47262640735483935,0.5114056317467552,0.689462359318278,0.37507689063027294,0.5500,1.0000,0.5500,9.671
2026-04-20 22:14:32.074,538,0.4944023869701183,0.47244761513419414,0.5115626023783302,0.6897767677066848,0.3753237234953423,0.3500,1.0000,0.4500,12.833
2026-04-20 22:14:32.086,539,0.49431879244172566,0.4722741866801683,0.5117167395865063,0.6900854952345364,0.3755650270700081,0.7000,1.0000,0.5500,14.734
2026-04-20 22:14:32.094,540,0.49423422747842183,0.47210596107976327,0.5118685715256125,0.6903895986309031,0.37580141038460924,0.7000,1.0000,0.4500,11.517
2026-04-20 22:14:32.104,541,0.49414936124924674,0.47194278224737035,0.5120177406497257,0.6906883632117392,0.37603259434295255,0.5000,1.0000,0.1500,9.897
2026-04-20 22:14:32.114,542,0.49406567298665666,0.4717844987799492,0.5121633467136424,0.6909799888822039,0.37625775479607243,0.2500,1.0000,0.4500,12.176
2026-04-20 22:14:32.123,543,0.4939824065797273,0.47163096381655073,0.5123059771237862,0.691265650838844,0.37647755296374336,-0.1500,1.0000,0.6000,9.227
2026-04-20 22:14:32.133,544,0.4938984925803895,0.4714820349020542,0.5124464256780367,0.6915469370496066,0.376692854242795,0.6500,1.0000,0.2000,10.184
2026-04-20 22:14:32.141,545,0.4938135976418977,0.4713375738549926,0.5125849930150823,0.6918244491528919,0.3769040287228979,0.5500,1.0000,0.4500,12.562
2026-04-20 22:14:32.153,546,0.4937308894005214,0.4711974466393428,0.5127196434327094,0.6920941160944643,0.37710910806929054,0.3500,1.0000,0.2000,6.415
2026-04-20 22:14:32.163,547,0.4936488985288684,0.47106152324016254,0.512851430256153,0.6923580448644802,0.37730921095363673,0.4500,1.0000,0.1500,10.346
2026-04-20 22:14:32.176,548,0.493566128159623,0.47092967754295767,0.512981422957388,0.6926183747363849,0.3775054702339472,0.6000,1.0000,0.1500,11.849
2026-04-20 22:14:32.188,549,0.49348265882746956,0.47080178721666893,0.5131096372602428,0.6928751374774463,0.3776979631185053,0.4500,1.0000,0.4000,9.530
2026-04-20 22:14:32.195,550,0.49340208918725525,0.47067773360016885,0.5132337413926957,0.6931236698536433,0.3778844174752103,0.4000,1.0000,0.2500,12.961
2026-04-20 22:14:32.206,551,0.49332076298976874,0.4705574015921638,0.5133562381654941,0.6933689777871924,0.37806739396553324,0.0500,1.0000,0.5000,10.378
2026-04-20 22:14:32.214,552,0.49323972583557485,0.4704406795443989,0.5134764938635299,0.6936097941395777,0.3782463149895678,0.4500,1.0000,0.6500,12.695
2026-04-20 22:14:32.226,553,0.49316014493364735,0.4703274591580669,0.5135937917988641,0.6938446858178706,0.3784205182911209,0.6000,1.0000,0.4000,10.890
2026-04-20 22:14:32.235,554,0.49307975901941486,0.4702176353833249,0.5137096990890468,0.6940767873316319,0.378591623786536,0.7000,1.0000,0.3500,13.081
2026-04-20 22:14:32.247,555,0.4929986998449882,0.4701111063218251,0.5138241857189383,0.6943060389168086,0.3787596526755027,0.1500,1.0000,0.2000,8.275
2026-04-20 22:14:32.258,556,0.4929187523182438,0.47000777313217035,0.5139361178349666,0.6945301731244974,0.37892352078283414,0.4000,1.0000,0.4000,11.077
2026-04-20 22:14:32.266,557,0.4928409722854717,0.4699075399382052,0.5140448459420675,0.6947478912150622,0.37908262680149896,0.3500,1.0000,0.1000,9.278
2026-04-20 22:14:32.278,558,0.4927623881164866,0.46981031374005905,0.5141524038974195,0.6949632611458383,0.37923905133106794,0.4000,1.0000,0.1500,14.742
2026-04-20 22:14:32.286,559,0.4926856394570772,0.46971600432785726,0.5142570831244401,0.6951728659993496,0.3793911311350791,0.5000,1.0000,0.2500,11.125
2026-04-20 22:14:32.298,560,0.4926095119739132,0.46962452419802153,0.5143597428303414,0.6953784244186381,0.3795397694006612,0.8000,1.0000,0.2000,14.748
2026-04-20 22:14:32.306,561,0.4925316090225293,0.4695357884720809,0.5144620289402088,0.6955832284756343,0.37968665471341906,0.5500,1.0000,0.5000,9.496
2026-04-20 22:14:32.318,562,0.49245164482765547,0.4694497148179185,0.5145641786881344,0.6957877528536291,0.3798320656881485,0.5500,1.0000,0.7500,11.388
2026-04-20 22:14:32.329,563,0.4923727526253905,0.4693662233733809,0.5146641485657806,0.6959879107446006,0.3799739989557942,0.5000,1.0000,0.3500,11.881
2026-04-20 22:14:32.337,564,0.4922921421709065,0.4692852366721795,0.514763842692622,0.6961875105898924,0.38011439757093524,0.0500,1.0000,0.0000,6.611
2026-04-20 22:14:32.349,565,0.49220984606613494,0.46920667957201406,0.5148632819716062,0.6963865943917215,0.3802533202035701,0.5000,1.0000,0.5000,10.603
2026-04-20 22:14:32.358,566,0.4921283626303085,0.4691304791848536,0.5149608422150197,0.696581913965093,0.3803891793000246,0.2000,1.0000,0.3000,9.131
2026-04-20 22:14:32.369,567,0.4920477720016313,0.469056564809308,0.5150565101150811,0.6967734428791641,0.3805219970875358,0.3000,1.0000,0.2500,7.502
2026-04-20 22:14:32.378,568,0.4919672794895167,0.4689848678650288,0.5151508543796725,0.6969623187288767,0.3806523767429535,0.6000,1.0000,0.2000,8.190
2026-04-20 22:14:32.390,569,0.4918864441314902,0.4689153218290779,0.5152442067305096,0.697149205131465,0.3807806834228922,0.5000,1.0000,0.4000,11.953
2026-04-20 22:14:32.398,570,0.4918087078707209,0.4688478621742056,0.515334309153144,0.6973295862266206,0.3809046915447551,0.6000,1.0000,0.6500,15.992
2026-04-20 22:14:32.410,571,0.49173022951738743,0.4687824263089794,0.5154237579566909,0.6975086547961044,0.38102702887655365,0.4000,1.0000,0.3500,10.357
2026-04-20 22:14:32.422,572,0.49165079331778333,0.46871895351971005,0.5155127314273785,0.6976867675709979,0.38114790421964534,0.7000,1.0000,0.2500,12.035
2026-04-20 22:14:32.430,573,0.4915706514630376,0.46865738491411874,0.5156010948546986,0.697863655284151,0.3812672124631975,0.1000,1.0000,0.3500,14.702
2026-04-20 22:14:32.442,574,0.49149173265758495,0.46859766336669517,0.5156875948500986,0.6980368113077084,0.38138372893034256,0.3500,1.0000,0.2000,7.282
2026-04-20 22:14:32.450,575,0.491414349949914,0.46853973346569433,0.5157720541565579,0.6982058812724017,0.38149730421439454,0.2500,1.0000,0.3500,13.771
2026-04-20 22:14:32.463,576,0.49133631717262966,0.4684835414617235,0.5158559607177191,0.6983738412059455,0.3816094532738206,0.2500,1.0000,0.3000,7.067
2026-04-20 22:14:32.471,577,0.49125876413990655,0.46842903521787177,0.5159385909078836,0.6985392439931594,0.38171947868730216,0.5500,1.0000,0.2000,10.702
2026-04-20 22:14:32.483,578,0.49118204433528523,0.4683761641613356,0.5160197377675966,0.6987016758472634,0.38182719891363254,0.4000,1.0000,0.0500,7.551
2026-04-20 22:14:32.494,579,0.49110659142820573,0.4683248792364955,0.5160991400192493,0.6988606143412068,0.3819323773309042,0.3000,1.0000,0.5500,9.219
2026-04-20 22:14:32.502,580,0.49103048041053743,0.46827513285940064,0.5161781080018866,0.6990186802774001,0.3820363481941918,0.3000,1.0000,0.4000,8.857
2026-04-20 22:14:32.515,581,0.4909532876920648,0.46822687887361863,0.5162569502992677,0.6991764909439534,0.38213944328580374,0.1500,1.0000,0.2000,11.012
2026-04-20 22:14:32.522,582,0.49087585158651936,0.46818007250741006,0.5163351334401453,0.6993329795153461,0.3822411516370853,0.1500,1.0000,0.4500,10.330
2026-04-20 22:14:32.534,583,0.4907963838922697,0.46813467033218775,0.516413874201377,0.6994905796587578,0.38234271185240876,0.3000,1.0000,0.4500,12.632
2026-04-20 22:14:32.542,584,0.4907198349880369,0.46809063022222214,0.5164898962336455,0.6996427387856147,0.3824408687551463,0.6500,1.0000,0.3000,8.690
2026-04-20 22:14:32.555,585,0.49064387080695987,0.46804791131555545,0.5165647787675934,0.6997926154639608,0.3825372221134492,0.6500,1.0000,0.2000,9.548
2026-04-20 22:14:32.568,586,0.49056699844739754,0.4680064739760888,0.516639539561468,0.6999422453138466,0.38263280960694807,0.5000,1.0000,0.4500,10.737
2026-04-20 22:14:32.576,587,0.4904902699971697,0.46796627975680616,0.5167134990391612,0.7000902692835057,0.3827269709832769,0.2000,1.0000,0.1000,11.122
2026-04-20 22:14:32.590,588,0.49041416074190813,0.467927291364102,0.516786361504884,0.7002360960787959,0.38281942929067625,0.6500,1.0000,0.3000,8.965
2026-04-20 22:14:32.598,589,0.49033899232984446,0.4678894726231789,0.5168579330529418,0.7003793379828406,0.38291000880516024,0.5500,1.0000,0.2500,11.513
2026-04-20 22:14:32.610,590,0.49026438622934093,0.4678527884444836,0.5169284859484257,0.7005205396174996,0.3829989994280776,0.7000,1.0000,0.5000,12.495
2026-04-20 22:14:32.619,591,0.49019134020049226,0.4678172047911491,0.5169973743312852,0.7006584093515992,0.38308577240654756,0.4000,1.0000,0.1500,10.991
2026-04-20 22:14:32.634,592,0.49012217392625024,0.4677826886474146,0.5170630704801649,0.7007898918286876,0.3831688166131693,-0.0000,1.0000,0.7000,8.826
2026-04-20 22:14:32.647,593,0.49005416966717485,0.4677492079879922,0.5171274043932852,0.7009186471288774,0.3832499781422995,0.3000,1.0000,0.4500,9.512
2026-04-20 22:14:32.655,594,0.4899849253091065,0.46771673174835243,0.5171919951068554,0.7010479134057486,0.3833308916433993,0.4000,1.0000,0.2000,11.761
2026-04-20 22:14:32.668,595,0.48991561962996877,0.4676852297959019,0.5172560738668928,0.7011761532300621,0.38341080350734036,0.7500,1.0000,0.3000,10.942
2026-04-20 22:14:32.675,596,0.48984477280847843,0.46765467290202484,0.5173206438059468,0.7013053729432819,0.383490731557181,0.5500,1.0000,0.3500,11.817
2026-04-20 22:14:32.688,597,0.4897720752409741,0.4676250327149641,0.5173859274139351,0.7014360175993167,0.3835709125326322,0.5000,1.0000,0.5000,12.556
2026-04-20 22:14:32.697,598,0.48970091225867746,0.46759628173351514,0.5174496834082286,0.7015636047047604,0.38364911897336484,1.0000,0.9000,0.0500,8.916
2026-04-20 22:14:32.710,599,0.4896294156189431,0.4675683932815097,0.5175131724206311,0.7016906555929163,0.38372662491881326,0.3500,1.0000,0.4500,10.927
2026-04-20 22:14:32.718,600,0.489557601880298,0.46754134148306437,0.51757639809473,0.7018171776185645,0.3838034470179667,0.8000,1.0000,0.3500,10.046
2026-04-20 22:14:32.731,601,0.4894854630471664,0.46751510123857243,0.5176393800030366,0.7019432099923045,0.38387961745857613,0.6500,1.0000,0.3500,10.200
2026-04-20 22:14:32.744,602,0.4894130198416892,0.46748964820141525,0.5177021181456536,0.7020687527779517,0.383955148477527,0.8000,1.0000,0.2500,12.033
2026-04-20 22:14:32.752,603,0.4893402845213126,0.4674649587553728,0.517764617751368,0.702193816494781,0.38403005717328514,0.4500,1.0000,0.6500,8.598
2026-04-20 22:14:32.826,604,0.4892661999687001,0.4674410099927116,0.5178275965634757,0.7023198366892351,0.38410507280273537,0.5000,1.0000,0.4000,13.067
2026-04-20 22:14:32.835,605,0.48919371156904046,0.46741777969293025,0.5178891036003038,0.7024429114560229,0.3841782555523857,0.8000,1.0000,0.5500,12.777
2026-04-20 22:14:32.843,606,0.48912088927979475,0.46739524630214235,0.5179504377870777,0.7025656387019081,0.3842509151805971,0.4500,1.0000,0.5500,12.976
2026-04-20 22:14:32.852,607,0.4890477460955285,0.46737338891307806,0.518011602324047,0.7026880248820141,0.38432306539576083,0.3500,1.0000,-0.0500,7.294
2026-04-20 22:14:32.861,608,0.48897501309934366,0.4673521872456857,0.5180721213298716,0.7028091182866456,0.384394240509434,0.5000,1.0000,0.4500,9.272
2026-04-20 22:14:32.869,609,0.4889039582309661,0.46733162162831515,0.5181311606735736,0.7029272507052425,0.3844636162777491,0.4000,1.0000,0.3000,11.934
2026-04-20 22:14:32.877,610,0.4888322067119615,0.4673116729794657,0.5181903143680835,0.7030456102135194,0.38453279630413373,0.2500,1.0000,0.5000,9.603
2026-04-20 22:14:32.886,611,0.488762463918869,0.4672923227900817,0.51824778933153,0.7031606106960919,0.3845999968094988,0.2500,1.0000,0.5500,11.749
2026-04-20 22:14:32.895,612,0.488691866758673,0.46727355310637925,0.5183055044800041,0.7032760900320492,0.3846671457336338,0.3500,1.0000,0.4500,13.231
2026-04-20 22:14:32.903,613,0.48862131810739473,0.4672553465131879,0.5183628677779494,0.7033908641957785,0.3847336597939702,0.4500,1.0000,0.2500,13.894
2026-04-20 22:14:32.911,614,0.4885515395226555,0.46723768611779226,0.5184194077722891,0.7035039903252617,0.3847990760278293,0.7000,1.0000,0.4500,12.928
2026-04-20 22:14:32.920,615,0.48848131695185965,0.4672205555342585,0.518475943129198,0.7036171057956588,0.38486422133707193,0.4000,1.0000,0.0500,11.147
2026-04-20 22:14:32.929,616,0.48841019815322584,0.46720393886823075,0.5185327843620408,0.7037308316752264,0.3849294142236785,0.7000,1.0000,0.1500,7.889
2026-04-20 22:14:32.937,617,0.4883402854806834,0.46718782070218384,0.5185885386498099,0.7038423823622305,0.38499326961559854,0.2500,1.0000,0.5500,9.799
2026-04-20 22:14:32.946,618,0.48826836194205686,0.4671721860811183,0.5186453591397863,0.703956064190305,0.3850579481766013,0.6000,1.0000,0.5000,14.507
2026-04-20 22:14:32.954,619,0.4881963933949211,0.4671570204986848,0.5187019434915087,0.7040692725164279,0.38512215485721923,0.4000,1.0000,0.4000,8.591
2026-04-20 22:14:32.962,620,0.4881240677993747,0.46714230988372424,0.5187585077158959,0.7041824393992001,0.3851861127406352,0.7500,1.0000,0.4000,9.448
2026-04-20 22:14:32.971,621,0.48805207708987713,0.4671280405872125,0.5188145982680966,0.7042946577845791,0.3852493751420937,0.4500,1.0000,0.2500,12.191
2026-04-20 22:14:32.980,622,0.48798009412927085,0.46711419936959614,0.5188704407519937,0.7044063789149216,0.38531217431977083,0.4000,1.0000,0.5500,13.566
2026-04-20 22:14:32.989,623,0.4879076754709027,0.46710077338850825,0.5189263380857606,0.7045182086601274,0.3853748196465044,0.6500,1.0000,0.4500,12.010
2026-04-20 22:14:32.996,624,0.48783723795642364,0.467087750186853,0.5189806861100891,0.7046269387341262,0.38543571322401055,0.6000,1.0000,0.3500,9.167
2026-04-20 22:14:33.005,625,0.487765148073493,0.46707511768124743,0.519035914022945,0.7047374275644196,0.3854972903234488,0.5000,1.0000,0.3500,10.822
2026-04-20 22:14:33.013,626,0.48769228648287893,0.46706286415081,0.5190914413678629,0.7048485142686993,0.38555897637935155,0.6500,1.0000,0.4000,9.084
2026-04-20 22:14:33.022,627,0.48762145310200716,0.4670509782262857,0.5191454079844173,0.7049564785558189,0.3856189169455613,0.4500,1.0000,0.3500,8.497
2026-04-20 22:14:33.031,628,0.487552516690763,0.46703944887949717,0.5191979076236741,0.705061507956723,0.38567721131598376,0.3500,1.0000,0.2000,15.339
2026-04-20 22:14:33.040,629,0.48748263183438645,0.46702826541311226,0.5192508432987331,0.7051674085255595,0.38573576788027336,0.4000,1.0000,0.1500,9.484
2026-04-20 22:14:33.048,630,0.4874134701120651,0.4670174174507189,0.5193031065112976,0.7052719632928457,0.3857934833553917,0.2000,1.0000,0.2500,12.912
2026-04-20 22:14:33.057,631,0.4873442012745006,0.4670068949271973,0.5193552564720937,0.7053762907063303,0.38585092201086496,0.6000,1.0000,0.6000,12.558
2026-04-20 22:14:33.065,632,0.4872755925708179,0.4669966880793814,0.5194067872215627,0.7054793788724041,0.38590758279417087,0.6500,1.0000,0.2000,9.947
2026-04-20 22:14:33.072,633,0.48720610435151895,0.4669966880793814,0.5194587305663655,0.7055832914291311,0.3859645022717953,0.7500,1.0000,0.4000,11.359
2026-04-20 22:14:33.081,634,0.48713727960112846,0.4669966880793814,0.5195100630626045,0.7056859815127171,0.3860206616168714,0.4500,1.0000,0.2000,8.534
2026-04-20 22:14:33.088,635,0.48706756855925787,0.4669966880793814,0.5195618229399508,0.7057895256057846,0.3860771035375897,0.3000,1.0000,0.3000,11.284
2026-04-20 22:14:33.098,636,0.4869965462468095,0.4669966880793814,0.5196142984221994,0.7058945001785052,0.38613412060190916,0.6500,1.0000,0.3000,13.108
2026-04-20 22:14:33.105,637,0.4869238525868593,0.4669966880793814,0.5196677343178974,0.7060013948698779,0.3861919618322158,0.4000,1.0000,0.6500,13.031
2026-04-20 22:14:33.114,638,0.48685036246853813,0.4669966880793814,0.5197215519821706,0.706109052411402,0.38625005267105955,0.7500,1.0000,0.3000,9.030
2026-04-20 22:14:33.124,639,0.48677531759191045,0.4669966880793814,0.5197762614244199,0.7062184928424886,0.38630890709264215,0.2500,1.0000,0.2000,11.067
2026-04-20 22:14:33.132,640,0.48669908281764857,0.4669966880793814,0.5198316237460237,0.7063292383858868,0.38636829004419926,0.4500,1.0000,0.3000,11.140
2026-04-20 22:14:33.141,641,0.486621282252055,0.4669966880793814,0.5198878937543524,0.706441798675729,0.3864284600635827,0.3500,1.0000,0.2500,13.340
2026-04-20 22:14:33.149,642,0.48654356471167987,0.4669966880793814,0.5199439763235975,0.7065539834792084,0.3864883256435509,0.3500,1.0000,0.2500,7.973
2026-04-20 22:14:33.159,643,0.48646979178841354,0.4669966880793814,0.5199973010218335,0.70666065195072,0.3865453198621883,0.4500,1.0000,0.3500,12.865
2026-04-20 22:14:33.168,644,0.4863944075133896,0.4669966880793814,0.5200515756720928,0.7067692197540272,0.38660315394723704,0.3000,1.0000,0.5500,11.593
2026-04-20 22:14:33.179,645,0.48631904327261427,0.4669966880793814,0.5201057164121791,0.7068775191819046,0.386660747339069,0.7000,1.0000,0.2500,10.850
2026-04-20 22:14:33.188,646,0.4862454132840992,0.4669966880793814,0.5201585840467048,0.7069832718602296,0.38671696404578804,0.4000,1.0000,0.1500,9.730
2026-04-20 22:14:33.197,647,0.48616937726272275,0.4669966880793814,0.5202129422738726,0.7070920052015607,0.3867745708729834,0.4000,1.0000,0.4500,11.738
2026-04-20 22:14:33.207,648,0.4860925881809011,0.4669966880793814,0.5202676925149498,0.7072015220641005,0.3868324722560872,0.8000,1.0000,0.1500,12.272
2026-04-20 22:14:33.214,649,0.4860167983230411,0.4669966880793814,0.5203216698811233,0.7073094926854214,0.38688950623002655,0.4000,1.0000,0.1500,8.233
2026-04-20 22:14:33.223,650,0.48594112332441697,0.4669966880793814,0.5203754671506449,0.7074171026367694,0.38694626840908103,0.2000,1.0000,0.2000,11.054
2026-04-20 22:14:33.229,651,0.4858651608926016,0.4669966880793814,0.5204293556241808,0.7075248945337768,0.3870030328448638,0.4000,1.0000,0.2500,10.444
2026-04-20 22:14:33.239,652,0.4857893808288414,0.4669966880793814,0.5204830251134435,0.7076322480137397,0.38705949201750606,0.7500,1.0000,0.3500,9.561
2026-04-20 22:14:33.249,653,0.4857129037000315,0.4669966880793814,0.5205370648293366,0.7077403415119203,0.3871162377262773,0.4500,1.0000,0.4000,11.679
2026-04-20 22:14:33.258,654,0.4856362099843215,0.4669966880793814,0.5205911572875959,0.7078485400728415,0.3871729549976283,0.7500,1.0000,0.4000,14.364
2026-04-20 22:14:33.268,655,0.4855609331518687,0.4669966880793814,0.5206442162575834,0.7079546712478871,0.3872285600363149,0.4000,1.0000,0.4000,10.814
2026-04-20 22:14:33.275,656,0.4854883013319297,0.4669966880793814,0.5206954256534445,0.7080571028776277,0.38728223911881404,0.4000,1.0000,0.5000,13.496
2026-04-20 22:14:33.285,657,0.4854156880086498,0.4669966880793814,0.5207465390727225,0.7081593421690615,0.38733574813413096,0.2500,1.0000,0.3000,10.118
2026-04-20 22:14:33.293,658,0.4853426281944442,0.4669966880793814,0.5207978690165049,0.7082620141359179,0.3873894018060711,0.3500,1.0000,0.0000,12.443
2026-04-20 22:14:33.304,659,0.4852717244898165,0.4669966880793814,0.5208476828518727,0.7083616535235662,0.3874414696577519,0.6000,1.0000,0.4500,11.482
2026-04-20 22:14:33.312,660,0.4852016336651784,0.4669966880793814,0.5208968784262789,0.708460056037784,0.38749285162798175,0.4000,1.0000,0.5500,10.674
2026-04-20 22:14:33.323,661,0.4851306567674497,0.4669966880793814,0.5209465906653393,0.7085594915403481,0.3875446846709912,0.1000,1.0000,0.4000,7.490
2026-04-20 22:14:33.334,662,0.4850571202309918,0.4669966880793814,0.5209979375010021,0.7086621959053836,0.38759808868648443,0.7000,1.0000,0.4500,13.883
2026-04-20 22:14:33.341,663,0.4849827828832407,0.4669966880793814,0.5210497485365195,0.7087658283493171,0.38765189518643745,0.4000,1.0000,0.3000,15.015
2026-04-20 22:14:33.351,664,0.48490596872194774,0.4669966880793814,0.5211031431969545,0.7088726277318986,0.38770722544737485,0.6500,1.0000,0.4500,12.886
2026-04-20 22:14:33.358,665,0.48483101359571884,0.4669966880793814,0.5211552329440928,0.7089768169860357,0.3877611927270006,0.3000,0.9500,0.2500,11.118
2026-04-20 22:14:33.367,666,0.48475750089394054,0.4669966880793814,0.5212062974850412,0.7090789555349969,0.38781407847446175,0.0500,1.0000,0.5500,8.345
2026-04-20 22:14:33.375,667,0.484684513408096,0.4669966880793814,0.5212569501998409,0.7091802701476487,0.38786649775957877,0.7000,1.0000,0.2000,8.826
2026-04-20 22:14:33.385,668,0.48461328622174504,0.4669966880793814,0.5213063695499177,0.7092791177553633,0.38791763068286345,0.6000,1.0000,0.3500,12.067
2026-04-20 22:14:33.394,669,0.4845451054058622,0.4669966880793814,0.5213536999495738,0.7093737871950098,0.3879666232485312,0.1000,1.0000,0.5000,8.810
2026-04-20 22:14:33.401,670,0.4844798131228385,0.4669966880793814,0.5213990483649852,0.7094644924069566,0.3880135839649738,0.4500,1.0000,0.4500,10.634
2026-04-20 22:14:33.411,671,0.48441606813075416,0.4669966880793814,0.5214433106463018,0.7095530250992802,0.3880594101782907,0.6500,1.0000,0.4000,10.107
2026-04-20 22:14:33.418,672,0.4843516795779566,0.4669966880793814,0.521487948999496,0.7096423096914684,0.3881055655455253,0.5500,1.0000,0.2500,11.722
2026-04-20 22:14:33.429,673,0.4842892175574801,0.4669966880793814,0.5215312516182696,0.7097289225782414,0.38815033966791807,0.5500,1.0000,0.6500,10.860
2026-04-20 22:14:33.437,674,0.48422562231801436,0.4669966880793814,0.5215752598782158,0.7098169465178826,0.3881957752863748,0.5500,1.0000,0.1500,9.976
2026-04-20 22:14:33.448,675,0.48416265425995497,0.4669966880793814,0.5216188016742154,0.7099040373070381,0.3882407016201295,0.3500,1.0000,0.4500,10.859
2026-04-20 22:14:33.461,676,0.4840977114429238,0.4669966880793814,0.5216636130834773,0.7099936671068037,0.388286856031014,0.2000,1.0000,0.2500,14.350
2026-04-20 22:14:33.468,677,0.48403298073481577,0.4669966880793814,0.5217082376008532,0.71008292291336,0.3883327832599638,0.5000,1.0000,0.5500,9.002
2026-04-20 22:14:33.479,678,0.48396845889505324,0.4669966880793814,0.5217526787513063,0.7101718117829166,0.38837848804064357,0.5000,1.0000,-0.0500,10.474
2026-04-20 22:14:33.486,679,0.4839050491705411,0.4669966880793814,0.5217963356938741,0.7102591320396431,0.38842337070453126,0.5500,1.0000,0.6500,10.795
2026-04-20 22:14:33.497,680,0.48384052132823735,0.4669966880793814,0.5218406965345163,0.7103478599013705,0.3884689204948537,0.7500,1.0000,0.3500,10.933
2026-04-20 22:14:33.505,681,0.48377622022576433,0.4669966880793814,0.5218848659468981,0.710436204721164,0.38851424318842537,0.4000,1.0000,0.4000,12.399
2026-04-20 22:14:33.516,682,0.4837142694411986,0.4669966880793814,0.521927429420353,0.7105213374832527,0.38855792534463446,0.2500,1.0000,0.3000,10.855
2026-04-20 22:14:33.524,683,0.4836515954228862,0.4669966880793814,0.5219704371611267,0.7106073586055238,0.38860201820767976,0.5500,1.0000,0.2500,12.775
2026-04-20 22:14:33.536,684,0.48358778754427795,0.4669966880793814,0.5220141640569073,0.710694817868587,0.3886467976720638,0.5500,1.0000,0.6000,13.078
2026-04-20 22:14:33.546,685,0.48352503941055763,0.4669966880793814,0.5220571488067947,0.7107807926757187,0.3886908034134965,0.5500,1.0000,0.5000,11.711
2026-04-20 22:14:33.553,686,0.48346074142576484,0.4669966880793814,0.5221011322109081,0.7108687646320819,0.388735777179409,0.5500,1.0000,0.5000,12.585
2026-04-20 22:14:33.565,687,0.4833997173344576,0.4669966880793814,0.5221428994769372,0.710952304157832,0.38877850509638295,0.4000,0.9000,0.0500,7.319
2026-04-20 22:14:33.572,688,0.4833397297386868,0.4669966880793814,0.5221839432097871,0.7110343964674131,0.3888204806606495,0.3500,1.0000,0.5500,8.157
2026-04-20 22:14:33.584,689,0.4832790059092942,0.4669966880793814,0.5222254462049815,0.7111174071563667,0.388862887532318,0.5000,1.0000,0.3500,12.783
2026-04-20 22:14:33.592,690,0.4832188560544023,0.4669966880793814,0.5222665359372407,0.7111995911784932,0.38890485402475716,0.9000,1.0000,0.3500,11.200
2026-04-20 22:14:33.605,691,0.48315623657839907,0.4669966880793814,0.5223092423887042,0.7112850085022999,0.3889484109335952,0.3500,1.0000,0.3000,8.612
2026-04-20 22:14:33.618,692,0.4830920894201309,0.4669966880793814,0.5223529384909873,0.7113724049951192,0.3889929319795315,0.7000,1.0000,0.5000,10.860
2026-04-20 22:14:33.626,693,0.48302603584348003,0.4669966880793814,0.5223978775989556,0.7114622873706615,0.3890386712828435,0.4000,1.0000,0.2500,12.302
2026-04-20 22:14:33.638,694,0.48295769144204914,0.4669966880793814,0.522444316821738,0.7115551698510436,0.38908588669510913,0.6000,1.0000,0.5000,15.361
2026-04-20 22:14:33.647,695,0.4828892926690825,0.4669966880793814,0.5224907660035559,0.7116480721284526,0.389133088780726,0.2500,1.0000,0.1000,7.372
2026-04-20 22:14:33.659,696,0.48281997736599097,0.4669966880793814,0.522537800705462,0.7117421453286243,0.3891808537993169,0.5500,1.0000,0.7000,14.611
2026-04-20 22:14:33.668,697,0.482750199267749,0.4669966880793814,0.522585119202473,0.7118367860051152,0.3892288807035122,0.5500,1.0000,0.5500,12.623
2026-04-20 22:14:33.681,698,0.48267730697812805,0.4669966880793814,0.5226344898341244,0.7119355308404131,0.38927893849013245,0.3000,1.0000,0.4000,8.447
2026-04-20 22:14:33.694,699,0.48260894319868275,0.4669966880793814,0.522680818185835,0.7120281910086692,0.38932593338216276,0.7000,1.0000,0.3000,11.614
2026-04-20 22:14:33.702,700,0.48254049945038424,0.4669966880793814,0.5227271772751519,0.7121209125481931,0.3893729390155899,0.3000,1.0000,0.4500,13.539
2026-04-20 22:14:33.716,701,0.482474245978276,0.4669966880793814,0.5227720542826285,0.7122106698232096,0.38941844317085333,0.7000,1.0000,0.6500,11.305
2026-04-20 22:14:33.725,702,0.4824087668997875,0.4669966880793814,0.5228163937869098,0.7122993519940335,0.38946339100848787,0.5000,1.0000,0.1000,10.239
2026-04-20 22:14:33.738,703,0.4823427552608195,0.4669966880793814,0.5228610677279522,0.7123887029435116,0.38950865503288284,0.2000,1.0000,0.4500,9.287
2026-04-20 22:14:33.746,704,0.4822770930219352,0.4669966880793814,0.5229054887501534,0.7124775479632859,0.38955364843593615,0.9000,1.0000,0.2500,10.527
2026-04-20 22:14:33.759,705,0.4822095644234918,0.4669966880793814,0.5229511346261724,0.7125688426014345,0.38959984952138166,0.4500,1.0000,0.3500,12.464
2026-04-20 22:14:33.767,706,0.48214289647430875,0.4669966880793814,0.5229961879317061,0.7126589520120292,0.3896454413800591,0.6000,1.0000,0.2500,9.150
2026-04-20 22:14:33.870,707,0.4820757289468178,0.4669966880793814,0.5230415560492627,0.7127496909626839,0.38969133189416505,0.7000,1.0000,0.2500,12.253
2026-04-20 22:14:33.879,708,0.4820081216756164,0.4669966880793814,0.5230871996363161,0.7128409807708659,0.38973748220587134,0.5500,1.0000,0.5000,11.870
2026-04-20 22:14:33.888,709,0.4819395909009248,0.4669966880793814,0.5231334417301754,0.7129334675136374,0.38978421582264394,0.6000,1.0000,0.1500,11.169
2026-04-20 22:14:33.897,710,0.4818692917677795,0.4669966880793814,0.5231808460823485,0.7130282786963851,0.389832096952043,0.5500,1.0000,0.3500,8.368
2026-04-20 22:14:33.905,711,0.4817990589716264,0.4669966880793814,0.5232281900619579,0.7131229690596531,0.3898799034055615,0.7000,1.0000,0.3000,8.967
2026-04-20 22:14:33.915,712,0.4817280014256848,0.4669966880793814,0.5232760682112944,0.713218727690254,0.3899282301545899,0.6000,1.0000,0.3000,11.837
2026-04-20 22:14:33.924,713,0.48165612350352016,0.4669966880793814,0.5233244780845515,0.7133155496987384,0.3899770751695482,0.4000,1.0000,0.3000,12.584
2026-04-20 22:14:33.933,714,0.4815834285497744,0.4669966880793814,0.5233734179077751,0.7134134315392966,0.3900264370802219,0.3500,1.0000,0.4000,11.262
2026-04-20 22:14:33.943,715,0.481509016453634,0.4669966880793814,0.5234234881969734,0.7135135742459806,0.39007691679424666,0.4000,1.0000,0.5500,14.195
2026-04-20 22:14:33.951,716,0.4814347915155828,0.4669966880793814,0.523473419847359,0.7136134396111907,0.390127245586714,0.3000,1.0000,0.1500,7.809
2026-04-20 22:14:33.962,717,0.4813607224255421,0.4669966880793814,0.5235232341483204,0.7137130702156192,0.39017744511549474,0.6000,1.0000,0.3000,12.300
2026-04-20 22:14:33.971,718,0.4812858850004002,0.4669966880793814,0.5235735476254545,0.7138136991123182,0.3902281322636137,0.7500,1.0000,0.1000,11.105
2026-04-20 22:14:33.982,719,0.4812130684894431,0.4669966880793814,0.5236225011706542,0.7139116080868755,0.3902774482696687,0.3000,1.0000,0.3000,6.530
2026-04-20 22:14:33.991,720,0.48114222309705906,0.4669966880793814,0.5236701283606685,0.714006864294537,0.39032542704671247,0.4000,1.0000,0.5000,11.148
2026-04-20 22:14:34.002,721,0.48106916192518157,0.4669966880793814,0.5237192208291589,0.7141050510043219,0.39037486055462156,0.5000,1.0000,0.5000,12.751
2026-04-20 22:14:34.012,722,0.4809948458046878,0.4669966880793814,0.523769138379443,0.71420488782451,0.39042510891314175,0.3500,1.0000,0.5500,11.643
2026-04-20 22:14:34.020,723,0.4809197591109903,0.4669966880793814,0.5238195584410976,0.7143057296158506,0.3904758498587854,0.4000,1.0000,0.4000,12.029
2026-04-20 22:14:34.031,724,0.4808448466246336,0.4669966880793814,0.5238698514965493,0.7144063173447444,0.3905264541717065,0.5000,1.0000,0.7500,12.360
2026-04-20 22:14:34.040,725,0.48076917417688364,0.4669966880793814,0.5239206406509934,0.7145078972230833,0.39057754524589594,0.7500,1.0000,0.3000,13.127
2026-04-20 22:14:34.049,726,0.48069555398411007,0.4669966880793814,0.523970051409775,0.7146067202630135,0.3906272488668305,0.4000,1.0000,0.4000,11.461
2026-04-20 22:14:34.058,727,0.48062067242827083,0.4669966880793814,0.5240202931583591,0.7147072052368777,0.39067777469170284,0.4500,1.0000,0.1500,13.982
2026-04-20 22:14:34.067,728,0.48054409012560534,0.4669966880793814,0.5240716591168199,0.7148099385861946,0.39072941620416335,0.6500,1.0000,0.2500,13.434
2026-04-20 22:14:34.076,729,0.48046584992230185,0.4669966880793814,0.5241241210096721,0.7149148637613225,0.3907821453843953,0.4000,1.0000,0.1500,9.191
2026-04-20 22:14:34.085,730,0.4803892965546384,0.4669966880793814,0.5241754492927115,0.715017521675142,0.39083373293619306,0.6000,1.0000,0.2000,10.794
2026-04-20 22:14:34.094,731,0.48031203677662654,0.4669966880793814,0.5242272397348453,0.715121103866718,0.39088577486902243,0.8000,1.0000,0.3500,9.365
2026-04-20 22:14:34.103,732,0.48023315985227444,0.4669966880793814,0.5242800997568354,0.7152268251787876,0.3909388788369873,0.5000,1.0000,0.4500,9.413
2026-04-20 22:14:34.113,733,0.4801550636966711,0.4669966880793814,0.5243324310041537,0.7153314889034706,0.39099144671190106,0.4500,1.0000,0.0500,12.029
2026-04-20 22:14:34.121,734,0.4800791405266495,0.4669966880793814,0.52438330558011,0.7154332392485285,0.39104255081662503,0.5500,1.0000,0.1500,10.085
2026-04-20 22:14:34.132,735,0.48000155648002785,0.4669966880793814,0.5244352796332549,0.715537188512169,0.3910947475126744,0.4500,1.0000,0.3500,12.500
2026-04-20 22:14:34.141,736,0.47992330634061353,0.4669966880793814,0.5244876902075996,0.7156420107834885,0.3911473740506365,0.3500,1.0000,0.1500,13.065
2026-04-20 22:14:34.151,737,0.4798453459549114,0.4669966880793814,0.5245399002983607,0.7157464320539622,0.3911997936261065,0.4500,1.0000,0.3000,12.104
2026-04-20 22:14:34.161,738,0.47977051639598683,0.4669966880793814,0.5245900160762614,0.7158466646660463,0.3912501126041748,0.1000,1.0000,0.4000,8.874
2026-04-20 22:14:34.170,739,0.47969493171061056,0.4669966880793814,0.524640628389638,0.7159478903173938,0.391300922021714,0.5000,1.0000,0.4000,9.094
2026-04-20 22:14:34.181,740,0.4796190937889094,0.4669966880793814,0.5246914028515375,0.7160494402350491,0.3913518876746512,0.2500,1.0000,0.4500,11.046
2026-04-20 22:14:34.190,741,0.47954300520267307,0.4669966880793814,0.5247423379477041,0.7161513113914231,0.39140300822612434,0.5000,1.0000,0.1000,11.092
2026-04-20 22:14:34.200,742,0.47946811098303005,0.4669966880793814,0.5247924705183149,0.7162515774677641,0.3914533206883825,0.1000,1.0000,0.3500,11.417
2026-04-20 22:14:34.209,743,0.47939152300103827,0.4669966880793814,0.5248437261710994,0.716354089680399,0.39150475083606495,0.5000,1.0000,0.2500,9.319
2026-04-20 22:14:34.220,744,0.4793156885762303,0.4669966880793814,0.5248944735424843,0.7164555853030229,0.3915556674675009,0.6000,1.0000,-0.0500,9.826
2026-04-20 22:14:34.230,745,0.47923868332256275,0.4669966880793814,0.5249459957337969,0.7165586305391064,0.391607353841063,0.5500,1.0000,0.4000,12.418
2026-04-20 22:14:34.240,746,0.4791619870220048,0.4669966880793814,0.5249973063957036,0.7166612526907746,0.3916588237597518,0.5000,1.0000,0.4000,13.296
2026-04-20 22:14:34.250,747,0.47908417830480615,0.4669966880793814,0.5250493532748581,0.7167653472521027,0.3917110251179849,0.2000,1.0000,0.5500,11.749
2026-04-20 22:14:34.259,748,0.47900479400426776,0.4669966880793814,0.5251024453108751,0.7168715321030652,0.39176426699870814,0.4500,1.0000,0.4000,14.044
2026-04-20 22:14:34.270,749,0.4789277274548684,0.4669966880793814,0.5251539871043964,0.7169746164456683,0.3918159541415944,0.4500,1.0000,0.3000,9.606
2026-04-20 22:14:34.279,750,0.4788509740971,0.4669966880793814,0.5252053151806795,0.717077273331128,0.3918674232067615,0.5000,1.0000,0.6500,11.788
2026-04-20 22:14:34.289,751,0.47877790532733855,0.4669966880793814,0.5252541820898248,0.7171750078603255,0.3919164268751243,0.5500,1.0000,0.6000,11.532
2026-04-20 22:14:34.302,752,0.47870697179006627,0.4669966880793814,0.5253016208787648,0.7172698861277853,0.3919639983205053,0.4000,1.0000,0.5000,10.861
2026-04-20 22:14:34.311,753,0.4786376159187263,0.4669966880793814,0.5253480033974939,0.7173626518341358,0.3920105095159822,0.0500,1.0000,0.3000,8.353
2026-04-20 22:14:34.322,754,0.47856692646625953,0.4669966880793814,0.5253952706121724,0.7174571869123184,0.39205790154710607,0.3500,1.0000,0.7500,14.224
2026-04-20 22:14:34.331,755,0.47849637160898295,0.4669966880793814,0.5254424438693331,0.7175515340560006,0.3921051958762188,0.4000,1.0000,0.5000,12.576
2026-04-20 22:14:34.342,756,0.4784254563843467,0.4669966880793814,0.525489853270831,0.7176463534694763,0.39215272271751006,0.6500,1.0000,0.3000,12.497
2026-04-20 22:14:34.350,757,0.4783517866735764,0.4669966880793814,0.525539095018866,0.7177448375577118,0.3922020783821447,0.3000,1.0000,0.3500,13.335
2026-04-20 22:14:34.360,758,0.4782812553780294,0.4669966880793814,0.5255862406318598,0.7178391293581001,0.3922493344942402,0.6000,1.0000,0.2500,11.148
2026-04-20 22:14:34.368,759,0.4782118184465956,0.4669966880793814,0.5256326529262992,0.7179319545041477,0.3922958539728083,0.6000,1.0000,0.6500,10.199
2026-04-20 22:14:34.379,760,0.4781434359508759,0.4669966880793814,0.5256783586333915,0.7180233664587857,0.3923416636485053,0.4000,1.0000,0.1500,9.744
2026-04-20 22:14:34.390,761,0.47807703749671904,0.4669966880793814,0.5257227381248102,0.7181121259658629,0.3923861439894705,0.4000,1.0000,0.2500,5.973
2026-04-20 22:14:34.397,762,0.4780086921518604,0.4669966880793814,0.5257684121277039,0.7182034744801631,0.39243191581642445,0.7000,1.0000,0.3500,8.042
2026-04-20 22:14:34.409,763,0.47794185916278,0.4669966880793814,0.5258130745802225,0.7182927998784577,0.39247667315828144,0.6000,1.0000,0.2000,13.144
2026-04-20 22:14:34.417,764,0.4778760041879226,0.4669966880793814,0.5258570818094652,0.7183808148154026,0.39252077243018235,0.5000,1.0000,0.3000,12.930
2026-04-20 22:14:34.428,765,0.4778101307152124,0.4669966880793814,0.5259010982532296,0.7184688481670373,0.3925648781553252,0.7500,0.9500,-0.0500,8.326
2026-04-20 22:14:34.436,766,0.47774618415396947,0.4669966880793814,0.5259438270654905,0.7185543062417415,0.39260769357052316,0.2000,0.9500,0.0500,7.872
2026-04-20 22:14:34.448,767,0.477682665004544,0.4669966880793814,0.5259862680033967,0.7186391885542311,0.3926502185132784,0.8000,1.0000,0.2500,8.773
2026-04-20 22:14:34.459,768,0.47762004680311865,0.4669966880793814,0.5260281054641541,0.7187228638993229,0.39269213745873943,0.8000,1.0000,0.3000,10.072
2026-04-20 22:14:34.467,769,0.4775573474747493,0.4669966880793814,0.5260699942497467,0.7188066418813777,0.39273410528449443,0.6500,1.0000,0.5000,10.208
2026-04-20 22:14:34.478,770,0.4774955381657661,0.4669966880793814,0.5261112870120814,0.7188892278045906,0.3927754747157867,0.5000,1.0000,0.7000,13.206
2026-04-20 22:14:34.486,771,0.4774336281640677,0.4669966880793814,0.5261526443062026,0.7189719427794201,0.39281690637879674,0.6000,1.0000,0.5000,10.706
2026-04-20 22:14:34.497,772,0.4773691963806326,0.4669966880793814,0.5261956802693586,0.7190580150807216,0.39286001447977487,0.4000,1.0000,0.4000,13.780
2026-04-20 22:14:34.506,773,0.477305715249686,0.4669966880793814,0.5262380800209628,0.7191428149476701,0.3929024842050667,0.8000,1.0000,0.2500,11.419
2026-04-20 22:14:34.516,774,0.47724071931121786,0.4669966880793814,0.526281487274319,0.7192296298072101,0.3929459593328997,0.6500,1.0000,0.3500,7.522
2026-04-20 22:14:34.527,775,0.47717572213649323,0.4669966880793814,0.5263248930530148,0.7193164417068445,0.3929894309498381,0.7000,1.0000,0.2000,11.726
2026-04-20 22:14:34.534,776,0.4771112202531817,0.4669966880793814,0.5263679664075688,0.7194025887479282,0.39303256816748744,0.5000,1.0000,0.4000,12.828
2026-04-20 22:14:34.544,777,0.4770462269643291,0.4669966880793814,0.5264113652028465,0.7194893866604999,0.39307602890996757,0.3500,1.0000,0.1500,9.279
2026-04-20 22:14:34.552,778,0.4769817370309019,0.4669966880793814,0.5264544263297593,0.7195755092266813,0.3931191501256668,0.7500,1.0000,0.4000,10.227
2026-04-20 22:14:34.562,779,0.4769172497251125,0.4669966880793814,0.5264974836697747,0.7196616242096974,0.393162265751805,0.6000,1.0000,0.4500,13.755
2026-04-20 22:14:34.569,780,0.47685177868951273,0.4669966880793814,0.526541194855579,0.7197490468752017,0.3932060334751485,0.0500,1.0000,0.5000,11.744
2026-04-20 22:14:34.580,781,0.4767888027203752,0.4669966880793814,0.5265832407488797,0.7198331389468818,0.3932481342098621,0.5000,1.0000,0.5500,11.063
2026-04-20 22:14:34.588,782,0.47672432489439415,0.4669966880793814,0.5266262860226599,0.7199192297709684,0.39329123267981275,0.4000,1.0000,0.2000,11.340
2026-04-20 22:14:34.599,783,0.4766588875188023,0.4669966880793814,0.5266699691944868,0.7200065963828527,0.39333496745192503,0.4500,1.0000,0.5500,12.946
2026-04-20 22:14:34.611,784,0.4765920213704793,0.4669966880793814,0.5267146031338249,0.7200958645217124,0.3933796514435399,0.2000,1.0000,0.6000,13.420
2026-04-20 22:14:34.621,785,0.4765262497115578,0.4669966880793814,0.5267585057183483,0.7201836699431371,0.3934236025787718,0.5000,1.0000,0.4500,9.887
2026-04-20 22:14:34.634,786,0.4764595713128885,0.4669966880793814,0.5268030111516795,0.7202726810546064,0.39346815510629035,0.3500,1.0000,0.4000,10.428
2026-04-20 22:14:34.642,787,0.4763969488371969,0.4669966880793814,0.5268448110413324,0.7203562810713748,0.39351000067730496,0.5000,1.0000,0.3500,8.055
2026-04-20 22:14:34.657,788,0.4763343085289576,0.4669966880793814,0.5268866212721748,0.7204399017633982,0.3935518552190681,0.4500,1.0000,0.4000,10.259
2026-04-20 22:14:34.666,789,0.4762726518078901,0.4669966880793814,0.5269277742774754,0.7205222079974279,0.39359305120596194,0.3500,1.0000,0.3500,9.374
2026-04-20 22:14:34.678,790,0.47621047871507477,0.4669966880793814,0.5269692700748702,0.7206051998089432,0.39363458869550216,0.3500,1.0000,0.3500,10.553
2026-04-20 22:14:34.691,791,0.4761512478672769,0.4669966880793814,0.5270088029635212,0.720684265796469,0.3936741620255342,0.5500,1.0000,0.4500,8.998
2026-04-20 22:14:34.699,792,0.4760943675324133,0.4669966880793814,0.5270467674738457,0.7207601950210354,0.39371216576399837,0.4500,1.0000,0.4500,11.961
2026-04-20 22:14:34.711,793,0.4760348674977052,0.4669966880793814,0.5270864771221208,0.7208396145153853,0.39375191346356886,0.6500,1.0000,0.5000,13.478
2026-04-20 22:14:34.720,794,0.47597725082422787,0.4669966880793814,0.5271249299074879,0.7209165202779853,0.39379040315869257,0.3000,1.0000,0.5000,9.877
2026-04-20 22:14:34.732,795,0.4759194869617408,0.4669966880793814,0.5271634795687701,0.7209936197866593,0.39382898862243865,0.6000,1.0000,0.3000,12.803
2026-04-20 22:14:34.740,796,0.47586158493889913,0.4669966880793814,0.5272021201243666,0.7210709010783788,0.39386766390642514,0.5000,1.0000,0.4000,12.833
2026-04-20 22:14:34.752,797,0.4758040418463677,0.4669966880793814,0.5272405202168786,0.7211477014385134,0.39390609768547535,0.4500,1.0000,0.2500,13.836
2026-04-20 22:14:34.766,798,0.4757458678377747,0.4669966880793814,0.5272793397791735,0.7212253407329605,0.3939449499237124,0.3000,1.0000,0.0000,8.001
2026-04-20 22:14:34.773,799,0.47568513293015197,0.4669966880793814,0.5273198655007914,0.7213063923409577,0.393985507340994,0.3500,1.0000,0.2000,11.833
2026-04-20 22:14:34.785,800,0.4756238847961895,0.4669966880793814,0.5273607322998062,0.7213881260988062,0.3940264048848028,1.0000,1.0000,0.3500,11.776
2026-04-20 22:14:34.793,801,0.4755601594453911,0.4669966880793814,0.5274032495354205,0.721473160725059,0.3940689519428672,0.1500,1.0000,0.4000,8.980
2026-04-20 22:14:34.803,802,0.4754980021628781,0.4669966880793814,0.5274447203821254,0.7215561025688423,0.39411045171734865,0.5500,1.0000,0.3000,11.254
2026-04-20 22:14:34.811,803,0.47543836964454395,0.4669966880793814,0.5274845070729601,0.721635676096374,0.39415026646812673,0.3500,1.0000,0.5500,10.118
2026-04-20 22:14:34.823,804,0.4753757596767044,0.4669966880793814,0.5275262777797735,0.721719217651487,0.3941920643930851,0.7500,1.0000,0.3500,12.926
2026-04-20 22:14:34.830,805,0.47531818428258854,0.4669966880793814,0.5275646911822568,0.7217960445936954,0.39423050419716904,0.3500,1.0000,0.5000,7.407
2026-04-20 22:14:34.842,806,0.47526153154616924,0.4669966880793814,0.5276024885854168,0.72187163953314,0.39426832720988175,0.4500,1.0000,0.5500,11.282
2026-04-20 22:14:34.855,807,0.47520429860110974,0.4669966880793814,0.5276406719269706,0.7219480063453784,0.39430653539270155,0.2500,1.0000,0.0500,10.837
2026-04-20 22:14:34.864,808,0.47514550480120066,0.4669966880793814,0.5276798949970787,0.7220264526108514,0.3943457825588377,0.4500,1.0000,0.2000,13.427
2026-04-20 22:14:34.877,809,0.47508768843509647,0.4669966880793814,0.5277184656285451,0.7221035939952835,0.3943843765634513,0.3500,1.0000,0.0500,11.138
2026-04-20 22:14:34.886,810,0.47502934129722435,0.4669966880793814,0.5277573893162348,0.7221814414885173,0.3944233229230939,0.5000,1.0000,0.5500,11.938
2026-04-20 22:14:34.899,811,0.4749734561158944,0.4669966880793814,0.52779467093169,0.7222560048337461,0.39446062653034325,0.4000,1.0000,0.2500,8.638
2026-04-20 22:14:34.980,812,0.4749179524650585,0.4669966880793814,0.5278316974486453,0.7223300579785458,0.39449767437933897,0.5000,1.0000,0.1500,15.931
2026-04-20 22:14:34.989,813,0.47486285045927296,0.4669966880793814,0.5278684554797418,0.7224035741483011,0.39453445310251467,0.4000,1.0000,0.3000,10.968
2026-04-20 22:14:34.998,814,0.4748061646042429,0.4669966880793814,0.5279062687095175,0.7224792007121879,0.39457228640360714,0.4500,1.0000,0.3500,12.799
2026-04-20 22:14:35.006,815,0.4747464435722743,0.4669966880793814,0.5279461047107928,0.722558872815944,0.3946121418740598,0.7000,1.0000,0.2500,8.707
2026-04-20 22:14:35.015,816,0.4746847468963241,0.4669966880793814,0.527987257148657,0.7226411777898416,0.39465331319702596,0.4000,1.0000,0.1500,10.820
2026-04-20 22:14:35.023,817,0.4746216215947284,0.4669966880793814,0.5280293613640012,0.7227253863157543,0.39469543573091914,0.4500,1.0000,0.3000,10.444
2026-04-20 22:14:35.032,818,0.4745596292243173,0.4669966880793814,0.5280707096714607,0.7228080830230407,0.39473680180737103,0.7000,1.0000,0.4500,14.300
2026-04-20 22:14:35.039,819,0.47449824528245815,0.4669966880793814,0.52811165175807,0.7228899672858556,0.394777761129903,0.4500,1.0000,0.5000,8.850
2026-04-20 22:14:35.048,820,0.47443695567057603,0.4669966880793814,0.5281525303742668,0.7229717246051578,0.3948186564649448,0.6000,1.0000,0.2500,12.087
2026-04-20 22:14:35.057,821,0.47437473656897694,0.4669966880793814,0.5281940280840266,0.7230547201089788,0.3948601703919843,0.2000,1.0000,0.3000,8.570
2026-04-20 22:14:35.065,822,0.4743106037422416,0.4669966880793814,0.5282368010612831,0.723140266145264,0.3949029591000021,0.7000,1.0000,0.3500,14.980
2026-04-20 22:14:35.074,823,0.47424763195837677,0.4669966880793814,0.5282787994771764,0.7232242630563696,0.3949449727747338,0.8000,1.0000,0.4500,8.057
2026-04-20 22:14:35.083,824,0.4741857986793643,0.4669966880793814,0.5283200383730352,0.7233067409250267,0.39498622647166587,0.1000,1.0000,0.6500,9.491
2026-04-20 22:14:35.092,825,0.474125604340803,0.4669966880793814,0.5283601841406311,0.7233870325348497,0.39502638659630285,0.5000,1.0000,0.3500,10.331
2026-04-20 22:14:35.100,826,0.474066474964092,0.4669966880793814,0.5283996194474034,0.7234659032207867,0.395065835829405,0.3500,1.0000,0.1500,10.562
2026-04-20 22:14:35.109,827,0.47401086658216113,0.4669966880793814,0.5284367069526534,0.7235400783015074,0.395102936843195,0.3500,1.0000,0.2500,12.734
2026-04-20 22:14:35.117,828,0.4739541710667642,0.4669966880793814,0.5284745187560286,0.7236157019763716,0.39514076174985385,0.6000,1.0000,0.1500,13.905
2026-04-20 22:14:35.126,829,0.4738974401456205,0.4669966880793814,0.5285123537194416,0.7236913719692681,0.39517860942345207,0.6000,1.0000,0.2000,12.107
2026-04-20 22:14:35.135,830,0.4738406804163668,0.4669966880793814,0.5285502074577818,0.7237670795100369,0.3952164754906719,0.4000,1.0000,0.3000,7.133
2026-04-20 22:14:35.143,831,0.4737838955277012,0.4669966880793814,0.5285880775514981,0.7238428197596353,0.3952543575434015,0.5000,1.0000,0.2000,12.438
2026-04-20 22:14:35.152,832,0.4737255709942664,0.4669966880793814,0.5286269736700223,0.7239206120569847,0.3952932652621687,0.3500,1.0000,0.3000,14.584
2026-04-20 22:14:35.160,833,0.473669260826953,0.4669966880793814,0.5286645264849119,0.7239957177452557,0.3953308293292939,0.4500,1.0000,0.3500,6.982
2026-04-20 22:14:35.170,834,0.4736144185970337,0.4669966880793814,0.5287011002937717,0.7240688654197124,0.3953674140528222,0.9000,1.0000,0.5000,9.866
2026-04-20 22:14:35.178,835,0.4735625369780535,0.4669966880793814,0.528735699992338,0.7241380648718799,0.395402024338617,0.5000,1.0000,0.7500,8.287
2026-04-20 22:14:35.187,836,0.4735080096485852,0.4669966880793814,0.528772063139319,0.7242107912192258,0.3954383977552096,0.7000,1.0000,0.3000,8.548
2026-04-20 22:14:35.195,837,0.47345291088141667,0.4669966880793814,0.5288088068969468,0.7242842787862637,0.39547515147436063,0.7000,1.0000,0.4500,10.492
2026-04-20 22:14:35.202,838,0.4733962418829884,0.4669966880793814,0.5288465971380288,0.7243598593186568,0.3955129513781203,0.5500,1.0000,0.3000,7.919
2026-04-20 22:14:35.210,839,0.47333805129655254,0.4669966880793814,0.5288854014438521,0.7244374679790253,0.39555176505674083,0.6000,1.0000,0.2000,9.801
2026-04-20 22:14:35.217,840,0.47328089067482926,0.4669966880793814,0.5289235187890877,0.7245137027167569,0.39558989149358975,0.6000,1.0000,0.0000,10.892
2026-04-20 22:14:35.225,841,0.47322628230449215,0.4669966880793814,0.5289599343254766,0.7245865338353772,0.39562631584884356,0.7000,1.0000,0.4500,14.412
2026-04-20 22:14:35.233,842,0.473174632159082,0.4669966880793814,0.5289943774132292,0.7246554200553498,0.3956607674908952,0.5500,1.0000,0.8000,13.274
2026-04-20 22:14:35.241,843,0.4731218534112387,0.4669966880793814,0.5290295726128795,0.7247258104977837,0.3956959709882156,0.7000,1.0000,0.3000,7.844
2026-04-20 22:14:35.249,844,0.473070469763669,0.4669966880793814,0.5290638374646481,0.7247943402431603,0.39573024388872413,0.3000,1.0000,0.1000,8.286
2026-04-20 22:14:35.257,845,0.4730184168658953,0.4669966880793814,0.5290985482106177,0.7248637617756836,0.3957649624419715,0.6000,1.0000,0.3000,13.838
2026-04-20 22:14:35.265,846,0.47296375986622924,0.4669966880793814,0.529134994760092,0.7249366549139986,0.3958014165645052,0.2500,1.0000,0.3000,9.750
2026-04-20 22:14:35.272,847,0.4729075538790464,0.4669966880793814,0.5291724737114198,0.72501161285484,0.39583890286170065,0.7000,1.0000,0.5000,14.569
2026-04-20 22:14:35.281,848,0.47285190402769706,0.4669966880793814,0.5292095816567293,0.7250858287824987,0.3958760179325016,0.1000,1.0000,0.6000,9.619
2026-04-20 22:14:35.288,849,0.47280029839419363,0.4669966880793814,0.5292439932154758,0.7251546519359204,0.3959104364029749,0.4500,1.0000,0.3500,8.587
2026-04-20 22:14:35.297,850,0.4727466352466811,0.4669966880793814,0.529279776216136,0.7252262179720917,0.39594622610801017,0.4500,1.0000,0.6000,9.941
2026-04-20 22:14:35.307,851,0.47269093327801986,0.4669966880793814,0.5293169182038258,0.7253005019812767,0.3959833745989437,0.5000,1.0000,0.2500,9.927
2026-04-20 22:14:35.315,852,0.4726362648194976,0.4669966880793814,0.5293533709644987,0.725373407535414,0.3960198336677632,0.3000,1.0000,0.0500,7.926
2026-04-20 22:14:35.324,853,0.4725795512843775,0.4669966880793814,0.5293911868959206,0.7254490394300651,0.3960576557180871,0.5000,1.0000,0.1500,11.534
2026-04-20 22:14:35.331,854,0.4725218375072991,0.4669966880793814,0.5294296694480743,0.725526004565226,0.3960961442055759,0.6000,1.0000,0.0500,11.810
2026-04-20 22:14:35.339,855,0.472464703859446,0.4669966880793814,0.5294677650463882,0.7256021957917813,0.39613424556116467,0.5000,1.0000,0.4000,11.337
2026-04-20 22:14:35.347,856,0.47240559256642856,0.4669966880793814,0.5295071788798192,0.7256810234876733,0.3961736649791524,0.6500,1.0000,0.3500,7.797
2026-04-20 22:14:35.356,857,0.4723456038673684,0.4669966880793814,0.5295471774614695,0.7257610206791328,0.3962136689778227,0.3000,1.0000,0.4000,11.870
2026-04-20 22:14:35.363,858,0.4722847589686697,0.4669966880793814,0.5295877466594106,0.7258421591023291,0.3962542434302731,0.5000,1.0000,0.2000,10.223
2026-04-20 22:14:35.372,859,0.472224605775371,0.4669966880793814,0.529627854542454,0.7259223748949107,0.3962943564101907,0.4500,1.0000,0.3000,10.047
2026-04-20 22:14:35.381,860,0.4721651255144721,0.4669966880793814,0.5296675136312722,0.7260016930982471,0.39633402044297683,0.4000,1.0000,0.3000,10.331
2026-04-20 22:14:35.389,861,0.47210932872305733,0.4669966880793814,0.529704716906321,0.7260760996732738,0.39637122851367457,0.6500,0.9000,0.1500,12.624
2026-04-20 22:14:35.398,862,0.47205610707200374,0.4669966880793814,0.529740203258706,0.7261470724022248,0.3964067195178389,0.3500,1.0000,0.2500,12.942
2026-04-20 22:14:35.406,863,0.472001338387886,0.4669966880793814,0.5297767208089166,0.7262201075261014,0.3964432415802755,0.1500,1.0000,0.7500,10.941
2026-04-20 22:14:35.416,864,0.4719465616102443,0.4669966880793814,0.5298132436019858,0.7262931531349919,0.39647976875020396,0.5000,1.0000,0.3000,11.327
2026-04-20 22:14:35.424,865,0.47189027775077574,0.4669966880793814,0.5298507709680337,0.726368207889157,0.3965173003618053,0.5000,1.0000,0.3500,6.317
2026-04-20 22:14:35.434,866,0.4718320094491305,0.4669966880793814,0.5298896211517407,0.7264459082779783,0.39655615466369915,0.4500,1.0000,0.2500,10.258
2026-04-20 22:14:35.444,867,0.4717764158999217,0.4669966880793814,0.5299266880276784,0.7265200420506187,0.39659322553427806,0.6000,1.0000,0.3500,9.755
2026-04-20 22:14:35.452,868,0.47172088289087627,0.4669966880793814,0.5299637144082132,0.7265940948318305,0.3966302557896149,0.4500,1.0000,0.2500,10.332
2026-04-20 22:14:35.462,869,0.47166588221471567,0.4669966880793814,0.530000385768923,0.726667437572788,0.39666693090888266,0.5500,1.0000,0.2500,10.535
2026-04-20 22:14:35.471,870,0.47160989983524476,0.4669966880793814,0.5300377114712084,0.7267420889963102,0.39670426025696914,0.7000,1.0000,0.1000,12.256
2026-04-20 22:14:35.480,871,0.4715565230037942,0.4669966880793814,0.5300733000180009,0.7268132661082786,0.3967398523401889,0.6500,1.0000,0.4500,14.436
2026-04-20 22:14:35.488,872,0.4715031137442284,0.4669966880793814,0.5301089100637622,0.7268844862176328,0.39677546581628453,0.3500,1.0000,0.1000,11.582
2026-04-20 22:14:35.498,873,0.4714507101159259,0.4669966880793814,0.5301438495724997,0.7269543652524046,0.39681040865244643,0.5500,1.0000,0.4500,10.118
2026-04-20 22:14:35.508,874,0.4713982612372962,0.4669966880793814,0.530178819135426,0.727024304395035,0.3968453814429743,0.7500,1.0000,0.1000,12.541
2026-04-20 22:14:35.515,875,0.4713463093803789,0.4669966880793814,0.5302134572412288,0.7270935806229151,0.3968800226795507,0.1500,1.0000,0.4000,11.841
2026-04-20 22:14:35.526,876,0.47129637491174414,0.4669966880793814,0.5302467503154742,0.7271601667871921,0.3969133187906464,0.6500,1.0000,0.7000,13.753
2026-04-20 22:14:35.535,877,0.47124838963150756,0.4669966880793814,0.5302787438279328,0.727224153827422,0.39694531524884985,0.6500,1.0000,0.3000,12.907
2026-04-20 22:14:35.546,878,0.47119773564517936,0.4669966880793814,0.5303125163780168,0.7272916989424433,0.3969790906563063,0.4000,1.0000,0.2000,10.242
2026-04-20 22:14:35.554,879,0.4711495951866049,0.4669966880793814,0.5303446131461557,0.7273558924931288,0.39701119019609654,0.5000,1.0000,0.5000,8.958
2026-04-20 22:14:35.565,880,0.47110028108922564,0.4669966880793814,0.5303774922462917,0.7274216507073764,0.39704407198473435,0.8000,1.0000,0.2500,9.129
2026-04-20 22:14:35.573,881,0.4710539010934677,0.4669966880793814,0.5304084151876237,0.7274834966035967,0.3970749975339131,0.4500,1.0000,0.2000,10.030
2026-04-20 22:14:35.584,882,0.4710078277314395,0.4669966880793814,0.5304391336181444,0.7275449334777876,0.39710571849404513,0.5500,1.0000,0.0500,10.121
2026-04-20 22:14:35.595,883,0.47096258360846927,0.4669966880793814,0.5304692991369515,0.7276052645281568,0.39713588646657516,0.2500,1.0000,0.5500,7.257
2026-04-20 22:14:35.603,884,0.4709165852173498,0.4669966880793814,0.5304999674180866,0.7276666011027992,0.3971665571278215,0.3000,1.0000,0.3000,11.992
2026-04-20 22:14:35.614,885,0.4708688685220666,0.4669966880793814,0.5305317811547191,0.7277302285880655,0.397198373173162,0.6000,1.0000,0.2000,10.398
2026-04-20 22:14:35.621,886,0.4708205156961117,0.4669966880793814,0.5305640189002728,0.727794704090814,0.3972306131581624,0.6500,1.0000,0.3500,12.699
2026-04-20 22:14:35.632,887,0.47077155785272706,0.4669966880793814,0.5305966599149322,0.7278599861314247,0.397263256345085,0.5000,1.0000,0.3500,11.539
2026-04-20 22:14:35.640,888,0.47072201183776724,0.4669966880793814,0.5306296929704029,0.7279260522533193,0.3972962915076511,0.7500,1.0000,0.3500,12.862
2026-04-20 22:14:35.652,889,0.47067244115236323,0.4669966880793814,0.5306627424014715,0.7279921511260811,0.39732934298260225,0.5000,1.0000,0.4500,13.323
2026-04-20 22:14:35.664,890,0.4706217661468641,0.4669966880793814,0.5306965279767129,0.7280597222868697,0.3973631305404097,0.5500,1.0000,0.4500,14.510
2026-04-20 22:14:35.672,891,0.4705710394375992,0.4669966880793814,0.5307303479539841,0.7281273622514088,0.39739695244077006,0.7000,1.0000,0.6000,10.144
2026-04-20 22:14:35.682,892,0.47052024850636265,0.4669966880793814,0.5307642106807703,0.728195087714678,0.3974308170329527,0.4000,1.0000,0.1000,10.418
2026-04-20 22:14:35.690,893,0.4704714585035943,0.4669966880793814,0.5307967393920655,0.7282601451466744,0.39746334755368246,0.3500,1.0000,0.4000,12.093
2026-04-20 22:14:35.702,894,0.4704225777867265,0.4669966880793814,0.5308293285181435,0.7283253234079541,0.39749593843491193,0.6500,1.0000,0.4500,13.189
2026-04-20 22:14:35.709,895,0.4703720594720686,0.4669966880793814,0.5308630093166365,0.7283926850137903,0.397529620935902,0.2500,1.0000,0.1000,8.396
2026-04-20 22:14:35.721,896,0.47032305959441,0.4669966880793814,0.5308956777661351,0.728458021921372,0.3975622910368226,0.5500,1.0000,0.2500,10.622
2026-04-20 22:14:35.732,897,0.47027702205677563,0.4669966880793814,0.5309263712663524,0.7285194089301336,0.3975929861389193,0.8500,0.9000,0.1000,7.042
2026-04-20 22:14:35.740,898,0.4702293134010887,0.4669966880793814,0.5309581787910177,0.7285830239875412,0.3976247952174075,0.3000,1.0000,0.2500,8.172
2026-04-20 22:14:35.753,899,0.47018093119470616,0.4669966880793814,0.5309904352968537,0.7286475370070481,0.39765705323045186,0.1500,1.0000,0.1000,10.124
2026-04-20 22:14:35.761,900,0.4701303950979927,0.4669966880793814,0.5310241276785297,0.7287149217779997,0.39769074707411983,0.4500,1.0000,0.5500,11.879
2026-04-20 22:14:35.775,901,0.4700808407772577,0.4669966880793814,0.5310571654933706,0.7287809974150533,0.39772378630709304,0.5000,1.0000,0.3500,14.271
2026-04-20 22:14:35.783,902,0.4700317418299332,0.4669966880793814,0.5310898996779073,0.7288464657912774,0.3977565218672181,0.3500,1.0000,0.5000,10.275
2026-04-20 22:14:35.796,903,0.4699830943931452,0.4669966880793814,0.5311223328088301,0.7289113320600591,0.3977889563324616,0.1500,1.0000,0.4000,12.131
2026-04-20 22:14:35.804,904,0.4699323084514285,0.4669966880793814,0.5311561915645134,0.7289790495781537,0.39782281638243594,0.5000,1.0000,-0.0500,7.103
2026-04-20 22:14:35.816,905,0.46987944050857217,0.4669966880793814,0.5311914382771203,0.7290495430098938,0.3978580643505052,0.6500,1.0000,0.1500,11.189
2026-04-20 22:14:35.829,906,0.469826100929117,0.4669966880793814,0.5312269993716054,0.7291206652051944,0.3978936266627887,0.3000,1.0000,0.3500,10.799
2026-04-20 22:14:35.837,907,0.46977280598652227,0.4669966880793814,0.5312625306669381,0.7291917278020001,0.39792915913938587,0.1000,1.0000,0.1000,10.210
2026-04-20 22:14:35.850,908,0.4697185416022777,0.4669966880793814,0.5312987082166959,0.729264082907472,0.39796533783497023,0.5000,1.0000,0.3000,12.005
2026-04-20 22:14:35.859,909,0.46966230027052747,0.4669966880793814,0.5313362036926497,0.7293390738651571,0.3980028344223757,0.2000,1.0000,0.1500,13.068
2026-04-20 22:14:35.872,910,0.46960466095971837,0.4669966880793814,0.531374631116999,0.72941592871946,0.39804126292483333,0.2500,1.0000,0.3500,9.878
2026-04-20 22:14:35.881,911,0.4695451176519784,0.4669966880793814,0.5314143278361213,0.7294953221631408,0.3980809606897206,0.3500,1.0000,0.1500,7.946
2026-04-20 22:14:35.894,912,0.46948474662069145,0.4669966880793814,0.5314545763355227,0.7295758191672168,0.3981212102035141,0.4000,1.0000,0.2500,10.259
2026-04-20 22:14:35.907,913,0.4694225471134763,0.4669966880793814,0.53149604378452,0.7296587540703262,0.39816267863647165,0.3500,1.0000,0.4500,9.401
2026-04-20 22:14:35.916,914,0.469361186895374,0.4669966880793814,0.5315369516741164,0.7297405698544805,0.39820358748050955,0.3000,1.0000,0.4000,7.175
2026-04-20 22:14:36.006,915,0.46929957565115965,0.4669966880793814,0.5315780268821283,0.7298227202753169,0.39824466361432964,0.8000,1.0000,0.6500,12.929
2026-04-20 22:14:36.016,916,0.4692377170826808,0.4669966880793814,0.5316192669416272,0.7299052003989829,0.39828590457186247,0.3000,1.0000,0.3500,10.924
2026-04-20 22:14:36.026,917,0.46917457792483697,0.4669966880793814,0.531661360696954,0.7299893879141646,0.3983279991982822,0.2500,1.0000,0.2500,11.662
2026-04-20 22:14:36.036,918,0.46911072069221194,0.4669966880793814,0.5317039331392986,0.7300745328032462,0.39837057248558705,0.6500,1.0000,0.4000,11.809
2026-04-20 22:14:36.046,919,0.46904616854256304,0.4669966880793814,0.5317469688310413,0.7301606041909922,0.3984136089969411,0.5000,1.0000,0.4000,12.251
2026-04-20 22:14:36.056,920,0.46897987186664386,0.4669966880793814,0.5317911675125383,0.7302490015581188,0.3984578084734611,0.5500,1.0000,0.1500,11.482
2026-04-20 22:14:36.065,921,0.46891347447210197,0.4669966880793814,0.5318354333128572,0.7303375331627653,0.3985020750449523,0.3500,1.0000,0.2500,9.082
2026-04-20 22:14:36.074,922,0.46884856350922943,0.4669966880793814,0.5318787081326112,0.7304240828061617,0.3985453506127434,0.9000,1.0000,0.2500,11.353
2026-04-20 22:14:36.084,923,0.46878310660395256,0.4669966880793814,0.5319223468886328,0.7305113603219768,0.39858899009436105,0.4500,1.0000,0.5000,16.658
2026-04-20 22:14:36.094,924,0.46871961340583396,0.4669966880793814,0.5319646764819739,0.7305960195123176,0.3986313203915302,0.3000,1.0000,0.2000,11.327
2026-04-20 22:14:36.104,925,0.46865802500365894,0.4669966880793814,0.5320057361875147,0.730678138926948,0.3986723807797843,0.5000,1.0000,0.3500,8.315
2026-04-20 22:14:36.115,926,0.46859828425354916,0.4669966880793814,0.5320455641018892,0.7307577947591396,0.39871220935639073,0.5000,1.0000,0.3000,10.640
2026-04-20 22:14:36.124,927,0.46854033572594267,0.4669966880793814,0.5320841971788325,0.7308350609163654,0.398750843075699,0.2000,1.0000,0.5500,11.121
2026-04-20 22:14:36.133,928,0.46848412565416436,0.4669966880793814,0.5321216712634675,0.7309100090888745,0.39878831778342805,0.4000,1.0000,0.5000,12.264
2026-04-20 22:14:36.143,929,0.4684296018845394,0.4669966880793814,0.5321580211255635,0.7309827088162083,0.3988246682499252,0.4000,1.0000,0.6500,13.945
2026-04-20 22:14:36.153,930,0.4683767138280032,0.4669966880793814,0.5321932804917966,0.7310532275517221,0.39885992820242744,0.6000,1.0000,0.5500,13.246
2026-04-20 22:14:36.165,931,0.4683254124131631,0.4669966880793814,0.5322274820770427,0.7311216307251704,0.3988941303563546,0.7000,1.0000,0.1500,11.101
2026-04-20 22:14:36.174,932,0.4682756500407682,0.4669966880793814,0.5322606576147314,0.7311879818034154,0.398927306445664,0.7000,1.0000,0.2500,10.237
2026-04-20 22:14:36.185,933,0.46822738053954516,0.4669966880793814,0.5322928378862894,0.7312523423493129,0.3989594872522941,0.3000,1.0000,0.2000,12.089
2026-04-20 22:14:36.195,934,0.4681805591233588,0.4669966880793814,0.5323240527497007,0.7313147720788336,0.39899070263472525,0.5000,1.0000,0.5000,12.558
2026-04-20 22:14:36.205,935,0.46813514234965803,0.4669966880793814,0.5323543311672098,0.7313753289164685,0.3990209815556835,0.3500,1.0000,0.2500,10.598
2026-04-20 22:14:36.216,936,0.46809108807916827,0.4669966880793814,0.5323837012321935,0.7314340690489745,0.399050352109013,0.6500,1.0000,0.4000,13.704
2026-04-20 22:14:36.226,937,0.46804835543679324,0.4669966880793814,0.5324121901952277,0.7314910469775052,0.39907884154574264,0.5500,1.0000,0.5000,11.068
2026-04-20 22:14:36.237,938,0.46800690477368945,0.4669966880793814,0.5324398244893709,0.7315463155681801,0.39910647629937035,0.1000,1.0000,0.5500,10.685
2026-04-20 22:14:36.247,939,0.46796669763047877,0.4669966880793814,0.5324666297546897,0.7315999261011347,0.3991332820103892,0.4500,1.0000,0.7000,6.951
2026-04-20 22:14:36.256,940,0.4679276967015644,0.4669966880793814,0.532492630862049,0.7316519283181007,0.39915928355007757,0.3000,1.0000,0.0500,8.786
2026-04-20 22:14:36.265,941,0.4678898658005175,0.4669966880793814,0.5325178519361875,0.7317023704685577,0.3991845050435752,0.3500,1.0000,0.2000,9.103
2026-04-20 22:14:36.275,942,0.467853169826502,0.4669966880793814,0.5325423163781019,0.731751299354501,0.39920896989226795,0.3500,1.0000,0.2000,12.120
2026-04-20 22:14:36.285,943,0.46781757473170693,0.4669966880793814,0.5325660468867588,0.7317987603738659,0.39923270079549994,0.4500,1.0000,0.3500,11.110
2026-04-20 22:14:36.294,944,0.46778304748975574,0.4669966880793814,0.532589065480156,0.73184479756265,0.39925571977163493,0.8000,1.0000,0.2000,12.063
2026-04-20 22:14:36.305,945,0.4677495560650631,0.4669966880793814,0.5326113935157514,0.7318894536357705,0.3992780481784859,0.5500,1.0000,0.2000,15.004
2026-04-20 22:14:36.313,946,0.4677170693831112,0.4669966880793814,0.5326330517102789,0.7319327700266974,0.3992997067331313,0.9000,1.0000,0.0500,8.715
2026-04-20 22:14:36.324,947,0.46768555730161787,0.4669966880793814,0.5326540601589705,0.7319747869258965,0.39932071553113735,0.7000,1.0000,0.1500,10.386
2026-04-20 22:14:36.333,948,0.4676549905825693,0.4669966880793814,0.5326744383542015,0.7320155433181196,0.39934109406520324,0.2500,1.0000,0.4500,9.863
2026-04-20 22:14:36.343,949,0.4676253408650922,0.4669966880793814,0.5326942052035755,0.732055077018576,0.39936086124324716,0.5000,1.0000,0.4500,14.134
2026-04-20 22:14:36.353,950,0.46759658063913945,0.4669966880793814,0.5327133790474682,0.7320934247080187,0.39938003540594974,0.3500,1.0000,0.4000,10.079
2026-04-20 22:14:36.361,951,0.46756868321996525,0.4669966880793814,0.5327319776760442,0.7321306219667781,0.39939863434377126,0.4500,1.0000,0.6000,10.373
2026-04-20 22:14:36.372,952,0.4675416227233663,0.4669966880793814,0.5327500183457629,0.7321667033077748,0.39941667531345815,0.8000,1.0000,0.3500,9.964
2026-04-20 22:14:36.380,953,0.4675153740416653,0.4669966880793814,0.53276751779539,0.7322017022085415,0.39943417505405443,0.5000,1.0000,0.7000,7.963
2026-04-20 22:14:36.390,954,0.46748991282041535,0.4669966880793814,0.5327844922615284,0.7322356511422853,0.3994511498024328,0.4000,1.0000,0.2000,11.002
2026-04-20 22:14:36.399,955,0.4674652154358029,0.4669966880793814,0.5328009574936825,0.7322685816080168,0.39946761530835984,0.5000,1.0000,0.3000,12.752
2026-04-20 22:14:36.410,956,0.4674412589727288,0.4669966880793814,0.532816928768872,0.7323005241597763,0.39948358684910906,0.2000,1.0000,0.4000,13.752
2026-04-20 22:14:36.418,957,0.467418021203547,0.4669966880793814,0.5328324209058058,0.7323315084349831,0.3994990792436358,0.8000,1.0000,0.4000,14.089
2026-04-20 22:14:36.429,958,0.46739548056744057,0.4669966880793814,0.5328474482786316,0.7323615631819336,0.3995141068663267,0.3000,1.0000,0.5000,14.224
2026-04-20 22:14:36.440,959,0.46737361615041734,0.4669966880793814,0.5328620248302727,0.7323907162864756,0.3995286836603369,0.1500,1.0000,-0.1000,8.762
2026-04-20 22:14:36.448,960,0.4673524076659048,0.4669966880793814,0.5328761640853645,0.7324189947978813,0.3995428231505268,0.7000,1.0000,0.2500,12.075
2026-04-20 22:14:36.459,961,0.46733183543592766,0.4669966880793814,0.5328898791628036,0.7324464249539449,0.399556538456011,0.3000,1.0000,0.6000,10.181
2026-04-20 22:14:36.468,962,0.4673118803728498,0.4669966880793814,0.5329031827879195,0.7324730322053266,0.39956984230233067,0.5000,1.0000,0.1000,10.737
2026-04-20 22:14:36.479,963,0.4672925239616643,0.4669966880793814,0.5329160873042819,0.7324988412391668,0.39958274703326074,0.3500,0.9500,-0.0500,8.769
2026-04-20 22:14:36.488,964,0.46727374824281437,0.4669966880793814,0.5329286046851534,0.7325238760019918,0.3995952646222629,0.6000,1.0000,0.6500,13.268
2026-04-20 22:14:36.499,965,0.4672555357955299,0.4669966880793814,0.5329407465445988,0.732548159721932,0.399607406683595,0.2000,1.0000,0.1500,10.600
2026-04-20 22:14:36.510,966,0.46723786972166403,0.4669966880793814,0.5329525241482608,0.7325717149302741,0.39961918448308714,0.3500,1.0000,0.4500,10.614
2026-04-20 22:14:36.519,967,0.4672207336300141,0.4669966880793814,0.532963948423813,0.7325945634823658,0.39963060894859453,0.7000,1.0000,0.4000,8.500
2026-04-20 22:14:36.530,968,0.4672041116211137,0.4669966880793814,0.5329750299710986,0.7326167265778949,0.3996416906801367,0.6500,1.0000,0.4000,10.893
2026-04-20 22:14:36.539,969,0.46718798827248026,0.4669966880793814,0.5329857790719656,0.7326382247805581,0.3996524399597326,0.3500,1.0000,0.3500,13.211
2026-04-20 22:14:36.551,970,0.46717234862430584,0.4669966880793814,0.5329962056998067,0.7326590780371414,0.3996628667609406,0.2000,1.0000,0.0500,11.717
2026-04-20 22:14:36.559,971,0.46715717816557667,0.4669966880793814,0.5330063195288125,0.7326793056960271,0.39967298075811236,0.6000,1.0000,0.3000,12.761
2026-04-20 22:14:36.571,972,0.4671424628206094,0.4669966880793814,0.5330063195288125,0.7326989265251463,0.39967298075811236,0.6000,1.0000,0.4500,11.044
2026-04-20 22:14:36.583,973,0.4671281889359911,0.4669966880793814,0.5330063195288125,0.7327179587293919,0.39967298075811236,0.4500,1.0000,0.2500,11.201
2026-04-20 22:14:36.591,974,0.4671143432679114,0.4669966880793814,0.5330063195288125,0.7327364199675102,0.39967298075811236,0.6000,1.0000,0.4500,13.938
2026-04-20 22:14:36.603,975,0.46710091296987405,0.4669966880793814,0.5330063195288125,0.7327543273684849,0.39967298075811236,0.6000,1.0000,0.3000,7.060
2026-04-20 22:14:36.613,976,0.46708788558077785,0.4669966880793814,0.5330063195288125,0.7327716975474303,0.39967298075811236,0.8000,1.0000,0.7000,11.313
2026-04-20 22:14:36.625,977,0.4670752490133545,0.4669966880793814,0.5330063195288125,0.7327885466210075,0.39967298075811236,0.6000,1.0000,0.4000,14.255
2026-04-20 22:14:36.634,978,0.4670629915429539,0.4669966880793814,0.5330063195288125,0.7328048902223773,0.39967298075811236,0.5000,1.0000,0.3000,9.083
2026-04-20 22:14:36.648,979,0.46705110179666526,0.4669966880793814,0.5330063195288125,0.7328207435157059,0.39967298075811236,0.7000,1.0000,0.2500,11.617
2026-04-20 22:14:36.657,980,0.4670395687427653,0.4669966880793814,0.5330063195288125,0.7328361212102348,0.39967298075811236,0.0000,1.0000,0.3500,9.517
2026-04-20 22:14:36.670,981,0.46702838168048233,0.4669966880793814,0.5330063195288125,0.7328510375739278,0.39967298075811236,0.3000,1.0000,0.6000,13.040
2026-04-20 22:14:36.683,982,0.46701753023006787,0.4669966880793814,0.5330063195288125,0.7328655064467099,0.39967298075811236,0.6000,1.0000,0.1000,5.943
2026-04-20 22:14:36.691,983,0.46700700432316583,0.4669966880793814,0.5330063195288125,0.7328795412533086,0.39967298075811236,0.4500,1.0000,0.6000,12.298
2026-04-20 22:14:36.704,984,0.46699679419347084,0.4669966880793814,0.5330063195288125,0.7328931550157093,0.39967298075811236,0.4500,1.0000,0.4000,11.270
2026-04-20 22:14:36.714,985,0.46699679419347084,0.4669966880793814,0.5330063195288125,0.732906360365238,0.39967298075811236,0.3000,1.0000,0.3000,8.769
2026-04-20 22:14:36.727,986,0.46699679419347084,0.4669966880793814,0.5330063195288125,0.7329191695542809,0.39967298075811236,0.4500,1.0000,0.1000,5.636
2026-04-20 22:14:36.736,987,0.46699679419347084,0.4669966880793814,0.5330063195288125,0.7329315944676525,0.39967298075811236,0.2000,1.0000,0.0500,8.204
2026-04-20 22:14:36.749,988,0.46699679419347084,0.4669966880793814,0.5330063195288125,0.732943646633623,0.39967298075811236,0.4500,1.0000,0.7000,9.909
2026-04-20 22:14:36.763,989,0.46699679419347084,0.4669966880793814,0.5330063195288125,0.7329553372346143,0.39967298075811236,0.4000,1.0000,0.3500,12.000
2026-04-20 22:14:36.773,990,0.46699679419347084,0.4669966880793814,0.5330063195288125,0.7329666771175758,0.39967298075811236,0.7500,1.0000,0.3000,12.722
2026-04-20 22:14:36.788,991,0.46699679419347084,0.4669966880793814,0.5330063195288125,0.7329776768040486,0.39967298075811236,0.2500,1.0000,0.5000,9.647
2026-04-20 22:14:36.798,992,0.46699679419347084,0.4669966880793814,0.5330063195288125,0.7329883464999272,0.39967298075811236,0.6500,1.0000,0.4000,10.026
2026-04-20 22:14:36.813,993,0.46699679419347084,0.4669966880793814,0.5330063195288125,0.7329986961049294,0.39967298075811236,0.5000,1.0000,0.1500,13.729
2026-04-20 22:14:36.822,994,0.46699679419347084,0.4669966880793814,0.5330063195288125,0.7330087352217816,0.39967298075811236,0.7500,0.9500,0.2500,12.495
2026-04-20 22:14:36.836,995,0.46699679419347084,0.4669966880793814,0.5330063195288125,0.7330087352217816,0.39967298075811236,0.5500,1.0000,0.0500,7.768
2026-04-20 22:14:36.846,996,0.46699679419347084,0.4669966880793814,0.5330063195288125,0.7330087352217816,0.39967298075811236,0.5000,1.0000,0.2000,11.261
2026-04-20 22:14:36.860,997,0.46699679419347084,0.4669966880793814,0.5330063195288125,0.7330087352217816,0.39967298075811236,0.4000,1.0000,0.4500,9.706
2026-04-20 22:14:36.873,998,0.46699679419347084,0.4669966880793814,0.5330063195288125,0.7330087352217816,0.39967298075811236,0.8000,1.0000,0.2000,10.804
2026-04-20 22:14:36.883,999,0.46699679419347084,0.4669966880793814,0.5330063195288125,0.7330087352217816,0.39967298075811236,0.4000,1.0000,0.0500,6.747
2026-04-20 22:14:36.897,1000,0.46699679419347084,0.4669966880793814,0.5330063195288125,0.7330087352217816,0.39967298075811236,0.5500,1.0000,0.3500,10.565
2026-04-20 22:14:36.907,1001,0.46699679419347084,0.4669966880793814,0.5330063195288125,0.7330087352217816,0.39967298075811236,0.3500,1.0000,0.1500,11.496
2026-04-20 22:14:36.921,1002,0.46699679419347084,0.4669966880793814,0.5330063195288125,0.7330087352217816,0.39967298075811236,0.6000,1.0000,0.5500,15.664
2026-04-20 22:14:36.932,1003,0.46699679419347084,0.4669966880793814,0.5330063195288125,0.7330087352217816,0.39967298075811236,0.5500,1.0000,0.7000,12.148
2026-04-20 22:14:36.944,1004,0.46699679419347084,0.4669966880793814,0.5330063195288125,0.7330087352217816,0.39967298075811236,0.4000,1.0000,0.4000,11.177
2026-04-20 22:14:36.957,1005,0.46699679419347084,0.4669966880793814,0.5330063195288125,0.7330087352217816,0.39967298075811236,0.4500,1.0000,0.3500,8.685
2026-04-20 22:14:36.966,1006,0.46699679419347084,0.4669966880793814,0.5330063195288125,0.7330087352217816,0.39967298075811236,0.6000,1.0000,0.2500,11.450
2026-04-20 22:14:36.979,1007,0.46699679419347084,0.4669966880793814,0.5330063195288125,0.7330087352217816,0.39967298075811236,0.6500,1.0000,0.5000,13.780
2026-04-20 22:14:36.988,1008,0.46699679419347084,0.4669966880793814,0.5330063195288125,0.7330087352217816,0.39967298075811236,0.3000,1.0000,0.1500,6.683
2026-04-20 22:14:37.001,1009,0.46699679419347084,0.4669966880793814,0.5330063195288125,0.7330087352217816,0.39967298075811236,0.3000,1.0000,0.3000,8.692
2026-04-20 22:14:37.010,1010,0.46699679419347084,0.4669966880793814,0.5330063195288125,0.7330087352217816,0.39967298075811236,0.7500,1.0000,0.5500,11.226
2026-04-20 22:14:37.024,1011,0.46699679419347084,0.4669966880793814,0.5330063195288125,0.7330087352217816,0.39967298075811236,0.6000,1.0000,-0.1500,11.407
2026-04-20 22:14:37.033,1012,0.46699679419347084,0.4669966880793814,0.5330063195288125,0.7330087352217816,0.39967298075811236,0.5000,1.0000,0.0500,8.646
2026-04-20 22:14:37.047,1013,0.46699679419347084,0.4669966880793814,0.5330063195288125,0.7330087352217816,0.39967298075811236,0.4500,1.0000,0.3000,8.098
2026-04-20 22:14:37.061,1014,0.46699679419347084,0.4669966880793814,0.5330063195288125,0.7330087352217816,0.39967298075811236,0.3500,1.0000,0.4000,10.816
2026-04-20 22:14:37.073,1015,0.46699679419347084,0.4669966880793814,0.5330063195288125,0.7330087352217816,0.39967298075811236,0.5000,1.0000,0.2500,9.285
2026-04-20 22:14:37.088,1016,0.46699679419347084,0.4669966880793814,0.5330063195288125,0.7330087352217816,0.39967298075811236,0.7000,1.0000,0.0500,12.035
2026-04-20 22:14:37.098,1017,0.46699679419347084,0.4669966880793814,0.5330063195288125,0.7330087352217816,0.39967298075811236,0.5000,1.0000,0.3500,12.339
2026-04-20 22:14:37.114,1018,0.46699679419347084,0.4669966880793814,0.5330063195288125,0.7330087352217816,0.39967298075811236,0.2500,1.0000,0.5000,11.062
2026-04-20 22:14:37.123,1019,0.46699679419347084,0.4669966880793814,0.5330063195288125,0.7330087352217816,0.39967298075811236,0.3500,1.0000,0.2000,9.794
2026-04-20 22:14:37.137,1020,0.46699679419347084,0.4669966880793814,0.5330063195288125,0.7330087352217816,0.39967298075811236,0.5500,1.0000,0.5500,13.869
2026-04-20 22:14:37.150,1021,0.46699679419347084,0.4669966880793814,0.5330063195288125,0.7330087352217816,0.39967298075811236,0.5500,1.0000,0.5500,10.376
2026-04-20 22:14:37.159,1022,0.46699679419347084,0.4669966880793814,0.5330063195288125,0.7330087352217816,0.39967298075811236,0.7000,1.0000,0.2500,14.427
2026-04-20 22:14:37.170,1023,0.46699679419347084,0.4669966880793814,0.5330063195288125,0.7330087352217816,0.39967298075811236,0.3500,1.0000,0.4500,9.025
2026-04-20 22:14:37.178,1024,0.46699679419347084,0.4669966880793814,0.5330063195288125,0.7330087352217816,0.39967298075811236,0.5000,1.0000,0.6500,13.605
2026-04-20 22:14:37.193,1025,0.46699679419347084,0.4669966880793814,0.5330063195288125,0.7330087352217816,0.39967298075811236,0.4500,1.0000,0.4000,11.374
2026-04-20 22:14:37.201,1026,0.46699679419347084,0.4669966880793814,0.5330063195288125,0.7330087352217816,0.39967298075811236,0.1000,1.0000,0.5500,10.970
2026-04-20 22:14:37.215,1027,0.46699679419347084,0.4669966880793814,0.5330063195288125,0.7330087352217816,0.39967298075811236,0.7000,1.0000,0.3500,12.260
2026-04-20 22:14:37.222,1028,0.46699679419347084,0.4669966880793814,0.5330063195288125,0.7330087352217816,0.39967298075811236,0.5500,1.0000,0.6000,10.615
2026-04-20 22:14:37.235,1029,0.46699679419347084,0.4669966880793814,0.5330063195288125,0.7330087352217816,0.39967298075811236,0.6500,1.0000,0.6500,12.763
2026-04-20 22:14:37.247,1030,0.46699679419347084,0.4669966880793814,0.5330063195288125,0.7330087352217816,0.39967298075811236,0.5500,1.0000,0.0000,11.170
2026-04-20 22:14:37.255,1031,0.46699679419347084,0.4669966880793814,0.5330063195288125,0.7330087352217816,0.39967298075811236,0.5000,1.0000,0.5500,13.035
2026-04-20 22:14:37.268,1032,0.46699679419347084,0.4669966880793814,0.5330063195288125,0.7330087352217816,0.39967298075811236,0.6000,1.0000,0.1500,8.946
2026-04-20 22:14:37.276,1033,0.46699679419347084,0.4669966880793814,0.5330063195288125,0.7330087352217816,0.39967298075811236,0.7000,1.0000,0.3500,9.547
2026-04-20 22:14:37.289,1034,0.46699679419347084,0.4669966880793814,0.5330063195288125,0.7330087352217816,0.39967298075811236,0.5000,1.0000,0.6000,10.395
2026-04-20 22:14:37.297,1035,0.46699679419347084,0.4669966880793814,0.5330063195288125,0.7330087352217816,0.39967298075811236,0.8000,1.0000,0.3000,13.239
2026-04-20 22:14:37.310,1036,0.46699679419347084,0.4669966880793814,0.5330063195288125,0.7330087352217816,0.39967298075811236,0.7000,1.0000,-0.0500,9.012
2026-04-20 22:14:37.322,1037,0.46699679419347084,0.4669966880793814,0.5330063195288125,0.7330087352217816,0.39967298075811236,0.8000,1.0000,0.4500,12.743
2026-04-20 22:14:37.330,1038,0.46699679419347084,0.4669966880793814,0.5330063195288125,0.7330087352217816,0.39967298075811236,0.6000,1.0000,0.3000,5.566
2026-04-20 22:14:37.344,1039,0.46699679419347084,0.4669966880793814,0.5330063195288125,0.7330087352217816,0.39967298075811236,0.4500,1.0000,0.4500,8.158
2026-04-20 22:14:37.352,1040,0.46699679419347084,0.4669966880793814,0.5330063195288125,0.7330087352217816,0.39967298075811236,0.6000,1.0000,0.3500,15.041
2026-04-20 22:14:37.365,1041,0.46699679419347084,0.4669966880793814,0.5330063195288125,0.7330087352217816,0.39967298075811236,0.8000,1.0000,0.4500,11.530
2026-04-20 22:14:37.373,1042,0.46699679419347084,0.4669966880793814,0.5330063195288125,0.7330087352217816,0.39967298075811236,0.3000,1.0000,0.4000,12.162
2026-04-20 22:14:37.387,1043,0.46699679419347084,0.4669966880793814,0.5330063195288125,0.7330087352217816,0.39967298075811236,0.4500,1.0000,0.3500,12.803
2026-04-20 22:14:37.394,1044,0.46699679419347084,0.4669966880793814,0.5330063195288125,0.7330087352217816,0.39967298075811236,0.4000,1.0000,0.4000,11.031
2026-04-20 22:14:37.408,1045,0.46699679419347084,0.4669966880793814,0.5330063195288125,0.7330087352217816,0.39967298075811236,0.4500,1.0000,0.3500,9.581
2026-04-20 22:14:37.422,1046,0.46699679419347084,0.4669966880793814,0.5330063195288125,0.7330087352217816,0.39967298075811236,0.5500,1.0000,0.3000,11.251
2026-04-20 22:14:37.429,1047,0.46699679419347084,0.4669966880793814,0.5330063195288125,0.7330087352217816,0.39967298075811236,0.5000,1.0000,0.2500,11.468
2026-04-20 22:14:37.443,1048,0.46699679419347084,0.4669966880793814,0.5330063195288125,0.7330087352217816,0.39967298075811236,0.5500,1.0000,0.5500,13.356
2026-04-20 22:14:37.450,1049,0.46699679419347084,0.4669966880793814,0.5330063195288125,0.7330087352217816,0.39967298075811236,0.5500,1.0000,0.7000,13.598
2026-04-20 22:14:37.463,1050,0.46699679419347084,0.4669966880793814,0.5330063195288125,0.7330087352217816,0.39967298075811236,0.2500,1.0000,0.2500,9.303
2026-04-20 22:14:37.472,1051,0.46699679419347084,0.4669966880793814,0.5330063195288125,0.7330087352217816,0.39967298075811236,0.8000,1.0000,0.3000,15.321
2026-04-20 22:14:37.487,1052,0.46699679419347084,0.4669966880793814,0.5330063195288125,0.7330087352217816,0.39967298075811236,0.4000,1.0000,0.1500,9.867
2026-04-20 22:14:37.501,1053,0.46699679419347084,0.4669966880793814,0.5330063195288125,0.7330087352217816,0.39967298075811236,0.2500,1.0000,0.5000,7.984
2026-04-20 22:14:37.509,1054,0.46699679419347084,0.4669966880793814,0.5330063195288125,0.7330087352217816,0.39967298075811236,0.6500,1.0000,0.4500,12.454
2026-04-20 22:14:37.523,1055,0.46699679419347084,0.4669966880793814,0.5330063195288125,0.7330087352217816,0.39967298075811236,0.8000,1.0000,0.3500,12.813
2026-04-20 22:14:37.532,1056,0.46699679419347084,0.4669966880793814,0.5330063195288125,0.7330087352217816,0.39967298075811236,0.5500,1.0000,0.5000,11.521
2026-04-20 22:14:37.546,1057,0.46699679419347084,0.4669966880793814,0.5330063195288125,0.7330087352217816,0.39967298075811236,0.2000,1.0000,0.5500,10.343
2026-04-20 22:14:37.555,1058,0.46699679419347084,0.4669966880793814,0.5330063195288125,0.7330087352217816,0.39967298075811236,0.5500,1.0000,-0.0500,10.346
2026-04-20 22:14:37.570,1059,0.46699679419347084,0.4669966880793814,0.5330063195288125,0.7330087352217816,0.39967298075811236,0.6000,1.0000,0.2000,8.688
2026-04-20 22:14:37.580,1060,0.46699679419347084,0.4669966880793814,0.5330063195288125,0.7330087352217816,0.39967298075811236,0.8000,1.0000,0.3500,14.198
2026-04-20 22:14:37.597,1061,0.46699679419347084,0.4669966880793814,0.5330063195288125,0.7330087352217816,0.39967298075811236,0.8000,1.0000,0.4000,11.623
2026-04-20 22:14:37.615,1062,0.46699679419347084,0.4669966880793814,0.5330063195288125,0.7330087352217816,0.39967298075811236,0.6500,1.0000,0.3500,10.880
2026-04-20 22:14:37.624,1063,0.46699679419347084,0.4669966880793814,0.5330063195288125,0.7330087352217816,0.39967298075811236,0.7500,1.0000,0.5000,13.002
2026-04-20 22:14:37.643,1064,0.46699679419347084,0.4669966880793814,0.5330063195288125,0.7330087352217816,0.39967298075811236,0.3500,1.0000,0.3000,9.692
2026-04-20 22:14:37.653,1065,0.46699679419347084,0.4669966880793814,0.5330063195288125,0.7330087352217816,0.39967298075811236,0.7000,1.0000,0.3000,12.014
2026-04-20 22:14:37.670,1066,0.46699679419347084,0.4669966880793814,0.5330063195288125,0.7330087352217816,0.39967298075811236,0.4000,1.0000,0.1000,12.495
2026-04-20 22:14:37.680,1067,0.46699679419347084,0.4669966880793814,0.5330063195288125,0.7330087352217816,0.39967298075811236,0.2500,1.0000,0.4000,12.311
2026-04-20 22:14:37.697,1068,0.46699679419347084,0.4669966880793814,0.5330063195288125,0.7330087352217816,0.39967298075811236,0.2500,1.0000,0.3000,11.534
2026-04-20 22:14:37.713,1069,0.46699679419347084,0.4669966880793814,0.5330063195288125,0.7330087352217816,0.39967298075811236,0.3000,1.0000,0.2000,15.492
2026-04-20 22:14:37.722,1070,0.46699679419347084,0.4669966880793814,0.5330063195288125,0.7330087352217816,0.39967298075811236,0.4000,1.0000,0.5500,10.501
2026-04-20 22:14:37.823,1071,0.46699679419347084,0.4669966880793814,0.5330063195288125,0.7330087352217816,0.39967298075811236,0.3500,1.0000,0.6500,12.212
2026-04-20 22:14:37.833,1072,0.46699679419347084,0.4669966880793814,0.5330063195288125,0.7330087352217816,0.39967298075811236,0.0500,1.0000,0.1000,7.786
2026-04-20 22:14:37.842,1073,0.46699679419347084,0.4669966880793814,0.5330063195288125,0.7330087352217816,0.39967298075811236,0.7000,1.0000,0.3500,9.163
2026-04-20 22:14:37.852,1074,0.46699679419347084,0.4669966880793814,0.5330063195288125,0.7330087352217816,0.39967298075811236,0.7000,1.0000,0.5000,11.384
2026-04-20 22:14:37.863,1075,0.46699679419347084,0.4669966880793814,0.5330063195288125,0.7330087352217816,0.39967298075811236,0.3500,1.0000,0.2500,8.298
2026-04-20 22:14:37.872,1076,0.46699679419347084,0.4669966880793814,0.5330063195288125,0.7330087352217816,0.39967298075811236,0.8000,1.0000,0.3000,15.035
2026-04-20 22:14:37.882,1077,0.46699679419347084,0.4669966880793814,0.5330063195288125,0.7330087352217816,0.39967298075811236,0.3000,1.0000,0.3000,10.752
2026-04-20 22:14:37.892,1078,0.46699679419347084,0.4669966880793814,0.5330063195288125,0.7330087352217816,0.39967298075811236,0.3500,1.0000,0.3000,13.001
2026-04-20 22:14:37.901,1079,0.46699679419347084,0.4669966880793814,0.5330063195288125,0.7330087352217816,0.39967298075811236,0.5000,1.0000,0.3500,10.623
2026-04-20 22:14:37.911,1080,0.46699679419347084,0.4669966880793814,0.5330063195288125,0.7330087352217816,0.39967298075811236,0.6000,1.0000,0.3500,8.773
2026-04-20 22:14:37.920,1081,0.46699679419347084,0.4669966880793814,0.5330063195288125,0.7330087352217816,0.39967298075811236,0.7000,1.0000,0.3500,8.356
2026-04-20 22:14:37.929,1082,0.46699679419347084,0.4669966880793814,0.5330063195288125,0.7330087352217816,0.39967298075811236,0.3000,1.0000,0.8000,9.542
2026-04-20 22:14:37.938,1083,0.46699679419347084,0.4669966880793814,0.5330063195288125,0.7330087352217816,0.39967298075811236,0.5000,1.0000,0.4500,12.795
2026-04-20 22:14:37.947,1084,0.46699679419347084,0.4669966880793814,0.5330063195288125,0.7330087352217816,0.39967298075811236,0.6500,1.0000,0.7000,11.273
2026-04-20 22:14:37.957,1085,0.46699679419347084,0.4669966880793814,0.5330063195288125,0.7330087352217816,0.39967298075811236,0.2500,1.0000,0.5500,10.957
2026-04-20 22:14:37.967,1086,0.46699679419347084,0.4669966880793814,0.5330063195288125,0.7330087352217816,0.39967298075811236,0.5000,1.0000,0.4500,13.332
2026-04-20 22:14:37.976,1087,0.46699679419347084,0.4669966880793814,0.5330063195288125,0.7330087352217816,0.39967298075811236,0.5000,1.0000,0.0500,15.762
2026-04-20 22:14:37.985,1088,0.46699679419347084,0.4669966880793814,0.5330063195288125,0.7330087352217816,0.39967298075811236,0.3500,1.0000,0.3000,13.542
2026-04-20 22:14:37.994,1089,0.46699679419347084,0.4669966880793814,0.5330063195288125,0.7330087352217816,0.39967298075811236,0.4000,1.0000,0.2500,9.985
2026-04-20 22:14:38.002,1090,0.46699679419347084,0.4669966880793814,0.5330063195288125,0.7330087352217816,0.39967298075811236,0.5500,1.0000,0.2500,12.004
2026-04-20 22:14:38.011,1091,0.46699679419347084,0.4669966880793814,0.5330063195288125,0.7330087352217816,0.39967298075811236,0.6000,1.0000,0.4500,9.701
2026-04-20 22:14:38.020,1092,0.46699679419347084,0.4669966880793814,0.5330063195288125,0.7330087352217816,0.39967298075811236,0.3000,1.0000,0.3000,9.874
2026-04-20 22:14:38.029,1093,0.46699679419347084,0.4669966880793814,0.5330063195288125,0.7330087352217816,0.39967298075811236,0.7500,1.0000,0.0000,10.166
2026-04-20 22:14:38.038,1094,0.46699679419347084,0.4669966880793814,0.5330063195288125,0.7330087352217816,0.39967298075811236,0.4500,1.0000,0.1500,9.909
2026-04-20 22:14:38.046,1095,0.46699679419347084,0.4669966880793814,0.5330063195288125,0.7330087352217816,0.39967298075811236,-0.0000,1.0000,0.2500,10.186
2026-04-20 22:14:38.055,1096,0.46699679419347084,0.4669966880793814,0.5330063195288125,0.7330087352217816,0.39967298075811236,0.6500,0.7500,0.1500,9.886
2026-04-20 22:14:38.063,1097,0.46699679419347084,0.4669966880793814,0.5330063195288125,0.7330087352217816,0.39967298075811236,0.3000,1.0000,0.3500,7.841
2026-04-20 22:14:38.073,1098,0.46699679419347084,0.4669966880793814,0.5330063195288125,0.7330087352217816,0.39967298075811236,0.6000,1.0000,0.2000,11.086
2026-04-20 22:14:38.082,1099,0.46699679419347084,0.4669966880793814,0.5330063195288125,0.7330087352217816,0.39967298075811236,0.5000,1.0000,0.2500,12.208
2026-04-20 22:14:38.092,1100,0.46699679419347084,0.4669966880793814,0.5330063195288125,0.7330087352217816,0.39967298075811236,0.8000,1.0000,0.1000,9.916
2026-04-20 22:14:38.102,1101,0.46699679419347084,0.4669966880793814,0.5330063195288125,0.7330087352217816,0.39967298075811236,0.4500,1.0000,0.5000,11.720
2026-04-20 22:14:38.111,1102,0.46699679419347084,0.4669966880793814,0.5330063195288125,0.7330087352217816,0.39967298075811236,0.3500,1.0000,0.6000,9.541
2026-04-20 22:14:38.121,1103,0.46699679419347084,0.4669966880793814,0.5330063195288125,0.7330087352217816,0.39967298075811236,0.6000,1.0000,0.6000,11.014
2026-04-20 22:14:38.129,1104,0.46699679419347084,0.4669966880793814,0.5330063195288125,0.7330087352217816,0.39967298075811236,0.3500,1.0000,0.2000,10.518
2026-04-20 22:14:38.138,1105,0.46699679419347084,0.4669966880793814,0.5330063195288125,0.7330087352217816,0.39967298075811236,0.4500,1.0000,0.1000,10.265
2026-04-20 22:14:38.146,1106,0.46699679419347084,0.4669966880793814,0.5330063195288125,0.7330087352217816,0.39967298075811236,0.3000,1.0000,0.2500,6.746
2026-04-20 22:14:38.156,1107,0.46699679419347084,0.4669966880793814,0.5330063195288125,0.7330087352217816,0.39967298075811236,0.5500,1.0000,0.2000,12.180
2026-04-20 22:14:38.164,1108,0.46699679419347084,0.4669966880793814,0.5330063195288125,0.7330087352217816,0.39967298075811236,0.6000,1.0000,0.5500,14.391
2026-04-20 22:14:38.173,1109,0.46699679419347084,0.4669966880793814,0.5330063195288125,0.7330087352217816,0.39967298075811236,0.4000,1.0000,0.3500,11.573
2026-04-20 22:14:38.183,1110,0.46699679419347084,0.4669966880793814,0.5330063195288125,0.7330087352217816,0.39967298075811236,0.6500,1.0000,0.3000,10.742
2026-04-20 22:14:38.192,1111,0.46699679419347084,0.4669966880793814,0.5330063195288125,0.7330087352217816,0.39967298075811236,0.4000,1.0000,0.1000,11.850
2026-04-20 22:14:38.202,1112,0.46699679419347084,0.4669966880793814,0.5330063195288125,0.7330087352217816,0.39967298075811236,0.4500,1.0000,0.4500,9.430
2026-04-20 22:14:38.209,1113,0.46699679419347084,0.4669966880793814,0.5330063195288125,0.7330087352217816,0.39967298075811236,0.6500,1.0000,0.4000,13.800
2026-04-20 22:14:38.220,1114,0.46699679419347084,0.4669966880793814,0.5330063195288125,0.7330087352217816,0.39967298075811236,0.4500,1.0000,0.5000,15.267
2026-04-20 22:14:38.227,1115,0.46699679419347084,0.4669966880793814,0.5330063195288125,0.7330087352217816,0.39967298075811236,0.4000,1.0000,0.5000,15.717
2026-04-20 22:14:38.237,1116,0.46699679419347084,0.4669966880793814,0.5330063195288125,0.7330087352217816,0.39967298075811236,0.4000,1.0000,0.2000,11.944
2026-04-20 22:14:38.246,1117,0.46699679419347084,0.4669966880793814,0.5330063195288125,0.7330087352217816,0.39967298075811236,0.6500,1.0000,0.3000,12.483
2026-04-20 22:14:38.254,1118,0.46699679419347084,0.4669966880793814,0.5330063195288125,0.7330087352217816,0.39967298075811236,0.6000,1.0000,0.5000,9.405
2026-04-20 22:14:38.264,1119,0.46699679419347084,0.4669966880793814,0.5330063195288125,0.7330087352217816,0.39967298075811236,0.3000,1.0000,0.3500,13.838
2026-04-20 22:14:38.272,1120,0.46699679419347084,0.4669966880793814,0.5330063195288125,0.7330087352217816,0.39967298075811236,0.2000,1.0000,0.4500,11.556
2026-04-20 22:14:38.281,1121,0.46699679419347084,0.4669966880793814,0.5330063195288125,0.7330087352217816,0.39967298075811236,0.6500,1.0000,0.2000,11.562
2026-04-20 22:14:38.289,1122,0.46699679419347084,0.4669966880793814,0.5330063195288125,0.7330087352217816,0.39967298075811236,0.9000,1.0000,0.4000,11.671
2026-04-20 22:14:38.299,1123,0.46699679419347084,0.4669966880793814,0.5330063195288125,0.7330087352217816,0.39967298075811236,0.5000,0.9500,0.1500,9.801
2026-04-20 22:14:38.307,1124,0.46699679419347084,0.4669966880793814,0.5330063195288125,0.7330087352217816,0.39967298075811236,0.3500,1.0000,0.2000,12.226
2026-04-20 22:14:38.317,1125,0.46699679419347084,0.4669966880793814,0.5330063195288125,0.7330087352217816,0.39967298075811236,0.5500,1.0000,0.4000,11.882
2026-04-20 22:14:38.327,1126,0.46699679419347084,0.4669966880793814,0.5330063195288125,0.7330087352217816,0.39967298075811236,0.4500,1.0000,0.4500,8.518
2026-04-20 22:14:38.335,1127,0.46699679419347084,0.4669966880793814,0.5330063195288125,0.7330087352217816,0.39967298075811236,0.6000,1.0000,0.2000,11.144
2026-04-20 22:14:38.345,1128,0.46699679419347084,0.4669966880793814,0.5330063195288125,0.7330087352217816,0.39967298075811236,0.5000,1.0000,0.2000,7.352
2026-04-20 22:14:38.352,1129,0.46699679419347084,0.4669966880793814,0.5330063195288125,0.7330087352217816,0.39967298075811236,0.4000,1.0000,0.3500,11.032
2026-04-20 22:14:38.362,1130,0.46699679419347084,0.4669966880793814,0.5330063195288125,0.7330087352217816,0.39967298075811236,0.5500,1.0000,0.6500,8.883
2026-04-20 22:14:38.371,1131,0.46699679419347084,0.4669966880793814,0.5330063195288125,0.7330087352217816,0.39967298075811236,0.7000,1.0000,0.3000,8.969
2026-04-20 22:14:38.381,1132,0.46699679419347084,0.4669966880793814,0.5330063195288125,0.7330087352217816,0.39967298075811236,0.4500,1.0000,0.3500,10.109
2026-04-20 22:14:38.389,1133,0.46699679419347084,0.4669966880793814,0.5330063195288125,0.7330087352217816,0.39967298075811236,0.6500,1.0000,0.3500,13.716
2026-04-20 22:14:38.400,1134,0.46699679419347084,0.4669966880793814,0.5330063195288125,0.7330087352217816,0.39967298075811236,0.0500,1.0000,0.5000,13.424
2026-04-20 22:14:38.411,1135,0.46699679419347084,0.4669966880793814,0.5330063195288125,0.7330087352217816,0.39967298075811236,0.3000,1.0000,0.4000,10.323
2026-04-20 22:14:38.419,1136,0.46699679419347084,0.4669966880793814,0.5330063195288125,0.7330087352217816,0.39967298075811236,0.5000,1.0000,0.6000,14.581
2026-04-20 22:14:38.430,1137,0.46699679419347084,0.4669966880793814,0.5330063195288125,0.7330087352217816,0.39967298075811236,0.1500,1.0000,0.5000,11.237
2026-04-20 22:14:38.438,1138,0.46699679419347084,0.4669966880793814,0.5330063195288125,0.7330087352217816,0.39967298075811236,0.5000,1.0000,0.4500,11.481
2026-04-20 22:14:38.450,1139,0.46699679419347084,0.4669966880793814,0.5330063195288125,0.7330087352217816,0.39967298075811236,0.6000,1.0000,0.3500,13.374
2026-04-20 22:14:38.458,1140,0.46699679419347084,0.4669966880793814,0.5330063195288125,0.7330087352217816,0.39967298075811236,0.2500,1.0000,0.6000,13.152
2026-04-20 22:14:38.468,1141,0.46699679419347084,0.4669966880793814,0.5330063195288125,0.7330087352217816,0.39967298075811236,0.5500,1.0000,0.3000,11.495
2026-04-20 22:14:38.479,1142,0.46699679419347084,0.4669966880793814,0.5330063195288125,0.7330087352217816,0.39967298075811236,0.3500,1.0000,0.3500,14.818
2026-04-20 22:14:38.487,1143,0.46699679419347084,0.4669966880793814,0.5330063195288125,0.7330087352217816,0.39967298075811236,0.6000,1.0000,0.6000,13.592
2026-04-20 22:14:38.498,1144,0.46699679419347084,0.4669966880793814,0.5330063195288125,0.7330087352217816,0.39967298075811236,0.5000,0.9500,0.0500,8.873
2026-04-20 22:14:38.506,1145,0.46699679419347084,0.4669966880793814,0.5330063195288125,0.7330087352217816,0.39967298075811236,0.9000,1.0000,0.1500,11.382
2026-04-20 22:14:38.517,1146,0.46699679419347084,0.4669966880793814,0.5330063195288125,0.7330087352217816,0.39967298075811236,0.7000,1.0000,0.3000,15.487
2026-04-20 22:14:38.526,1147,0.46699679419347084,0.4669966880793814,0.5330063195288125,0.7330087352217816,0.39967298075811236,0.5500,1.0000,0.2000,10.760
2026-04-20 22:14:38.538,1148,0.46699679419347084,0.4669966880793814,0.5330063195288125,0.7330087352217816,0.39967298075811236,0.3500,1.0000,0.4500,13.929
2026-04-20 22:14:38.549,1149,0.46699679419347084,0.4669966880793814,0.5330063195288125,0.7330087352217816,0.39967298075811236,0.6500,1.0000,0.3500,11.948
2026-04-20 22:14:38.558,1150,0.46699679419347084,0.4669966880793814,0.5330063195288125,0.7330087352217816,0.39967298075811236,0.5500,1.0000,0.5000,7.500
2026-04-20 22:14:38.569,1151,0.46699679419347084,0.4669966880793814,0.5330063195288125,0.7330087352217816,0.39967298075811236,0.6000,1.0000,0.4500,10.980
2026-04-20 22:14:38.578,1152,0.46699679419347084,0.4669966880793814,0.5330063195288125,0.7330087352217816,0.39967298075811236,0.8000,1.0000,0.3500,12.863
2026-04-20 22:14:38.592,1153,0.46699679419347084,0.4669966880793814,0.5330063195288125,0.7330087352217816,0.39967298075811236,0.4000,1.0000,0.3500,9.826
2026-04-20 22:14:38.601,1154,0.46699679419347084,0.4669966880793814,0.5330063195288125,0.7330087352217816,0.39967298075811236,0.5000,1.0000,0.5500,13.117
2026-04-20 22:14:38.614,1155,0.46699679419347084,0.4669966880793814,0.5330063195288125,0.7330087352217816,0.39967298075811236,0.5000,1.0000,0.3500,13.195
2026-04-20 22:14:38.623,1156,0.46699679419347084,0.4669966880793814,0.5330063195288125,0.7330087352217816,0.39967298075811236,0.7000,1.0000,0.0500,5.474
2026-04-20 22:14:38.635,1157,0.46699679419347084,0.4669966880793814,0.5330063195288125,0.7330087352217816,0.39967298075811236,0.6500,0.8000,0.1000,14.879
2026-04-20 22:14:38.649,1158,0.46699679419347084,0.4669966880793814,0.5330063195288125,0.7330087352217816,0.39967298075811236,0.5500,1.0000,0.4500,14.210
2026-04-20 22:14:38.658,1159,0.46699679419347084,0.4669966880793814,0.5330063195288125,0.7330087352217816,0.39967298075811236,0.4500,1.0000,0.1500,9.691
2026-04-20 22:14:38.673,1160,0.46699679419347084,0.4669966880793814,0.5330063195288125,0.7330087352217816,0.39967298075811236,0.8000,1.0000,0.3000,16.743
2026-04-20 22:14:38.683,1161,0.46699679419347084,0.4669966880793814,0.5330063195288125,0.7330087352217816,0.39967298075811236,0.6000,1.0000,0.4500,8.656
2026-04-20 22:14:38.695,1162,0.46699679419347084,0.4669966880793814,0.5330063195288125,0.7330087352217816,0.39967298075811236,0.4500,1.0000,0.1500,11.252
2026-04-20 22:14:38.704,1163,0.46699679419347084,0.4669966880793814,0.5330063195288125,0.7330087352217816,0.39967298075811236,0.1000,1.0000,0.5500,10.893
2026-04-20 22:14:38.718,1164,0.46699679419347084,0.4669966880793814,0.5330063195288125,0.7330087352217816,0.39967298075811236,0.3500,1.0000,0.5000,9.883
2026-04-20 22:14:38.727,1165,0.46699679419347084,0.4669966880793814,0.5330063195288125,0.7330087352217816,0.39967298075811236,0.4000,1.0000,0.3000,7.583
2026-04-20 22:14:38.739,1166,0.46699679419347084,0.4669966880793814,0.5330063195288125,0.7330087352217816,0.39967298075811236,0.4500,1.0000,0.0500,10.385
2026-04-20 22:14:38.753,1167,0.46699679419347084,0.4669966880793814,0.5330063195288125,0.7330087352217816,0.39967298075811236,0.4000,1.0000,0.5500,12.959
2026-04-20 22:14:38.761,1168,0.46699679419347084,0.4669966880793814,0.5330063195288125,0.7330087352217816,0.39967298075811236,0.4500,1.0000,0.5000,14.622
2026-04-20 22:14:38.775,1169,0.46699679419347084,0.4669966880793814,0.5330063195288125,0.7330087352217816,0.39967298075811236,0.3000,1.0000,0.4500,11.166
2026-04-20 22:14:38.783,1170,0.46699679419347084,0.4669966880793814,0.5330063195288125,0.7330087352217816,0.39967298075811236,0.6000,1.0000,0.2500,12.308
2026-04-20 22:14:38.796,1171,0.46699679419347084,0.4669966880793814,0.5330063195288125,0.7330087352217816,0.39967298075811236,0.7500,1.0000,0.4500,12.165
2026-04-20 22:14:38.804,1172,0.46699679419347084,0.4669966880793814,0.5330063195288125,0.7330087352217816,0.39967298075811236,0.4000,1.0000,0.2500,8.625
2026-04-20 22:14:38.821,1173,0.46699679419347084,0.4669966880793814,0.5330063195288125,0.7330087352217816,0.39967298075811236,0.6000,1.0000,0.3000,11.063
2026-04-20 22:14:38.834,1174,0.46699679419347084,0.4669966880793814,0.5330063195288125,0.7330087352217816,0.39967298075811236,0.4500,1.0000,0.2500,10.406
2026-04-20 22:14:38.844,1175,0.46699679419347084,0.4669966880793814,0.5330063195288125,0.7330087352217816,0.39967298075811236,0.3500,1.0000,0.5500,10.712
2026-04-20 22:14:38.859,1176,0.46699679419347084,0.4669966880793814,0.5330063195288125,0.7330087352217816,0.39967298075811236,0.4500,1.0000,0.1500,9.094
2026-04-20 22:14:38.868,1177,0.46699679419347084,0.4669966880793814,0.5330063195288125,0.7330087352217816,0.39967298075811236,0.2500,1.0000,0.7000,14.187
2026-04-20 22:14:38.884,1178,0.46699679419347084,0.4669966880793814,0.5330063195288125,0.7330087352217816,0.39967298075811236,0.5500,1.0000,0.4000,10.816
2026-04-20 22:14:38.894,1179,0.46699679419347084,0.4669966880793814,0.5330063195288125,0.7330087352217816,0.39967298075811236,0.6000,1.0000,0.4000,11.443
2026-04-20 22:14:38.910,1180,0.46699679419347084,0.4669966880793814,0.5330063195288125,0.7330087352217816,0.39967298075811236,0.2000,1.0000,0.2000,11.824
2026-04-20 22:14:38.920,1181,0.46699679419347084,0.4669966880793814,0.5330063195288125,0.7330087352217816,0.39967298075811236,0.5000,1.0000,0.4500,11.237
2026-04-20 22:14:38.937,1182,0.46699679419347084,0.4669966880793814,0.5330063195288125,0.7330087352217816,0.39967298075811236,0.5000,1.0000,0.6000,16.756
2026-04-20 22:14:38.952,1183,0.46699679419347084,0.4669966880793814,0.5330063195288125,0.7330087352217816,0.39967298075811236,0.3500,0.9500,-0.2000,10.590
2026-04-20 22:14:38.962,1184,0.46699679419347084,0.4669966880793814,0.5330063195288125,0.7330087352217816,0.39967298075811236,0.4000,1.0000,0.1000,12.615
2026-04-20 22:14:38.981,1185,0.46699679419347084,0.4669966880793814,0.5330063195288125,0.7330087352217816,0.39967298075811236,0.3500,1.0000,0.1000,11.589
2026-04-20 22:14:38.991,1186,0.46699679419347084,0.4669966880793814,0.5330063195288125,0.7330087352217816,0.39967298075811236,0.4500,1.0000,0.5000,9.067
2026-04-20 22:14:39.007,1187,0.46699679419347084,0.4669966880793814,0.5330063195288125,0.7330087352217816,0.39967298075811236,0.4000,1.0000,0.3500,7.411
2026-04-20 22:14:39.016,1188,0.46699679419347084,0.4669966880793814,0.5330063195288125,0.7330087352217816,0.39967298075811236,0.6500,1.0000,0.1000,12.464
2026-04-20 22:14:39.032,1189,0.46699679419347084,0.4669966880793814,0.5330063195288125,0.7330087352217816,0.39967298075811236,0.4500,1.0000,0.4500,11.841
2026-04-20 22:14:39.046,1190,0.46699679419347084,0.4669966880793814,0.5330063195288125,0.7330087352217816,0.39967298075811236,0.4500,0.9500,0.0000,10.012
2026-04-20 22:14:39.055,1191,0.46699679419347084,0.4669966880793814,0.5330063195288125,0.7330087352217816,0.39967298075811236,0.6000,1.0000,0.5500,9.632
2026-04-20 22:14:39.069,1192,0.46699679419347084,0.4669966880793814,0.5330063195288125,0.7330087352217816,0.39967298075811236,0.6500,1.0000,0.4500,10.197
2026-04-20 22:14:39.079,1193,0.46699679419347084,0.4669966880793814,0.5330063195288125,0.7330087352217816,0.39967298075811236,0.6500,1.0000,0.6500,12.627
2026-04-20 22:14:39.093,1194,0.46699679419347084,0.4669966880793814,0.5330063195288125,0.7330087352217816,0.39967298075811236,0.9000,1.0000,0.4000,13.074
2026-04-20 22:14:39.103,1195,0.46699679419347084,0.4669966880793814,0.5330063195288125,0.7330087352217816,0.39967298075811236,0.5500,1.0000,0.6500,12.548
2026-04-20 22:14:39.118,1196,0.46699679419347084,0.4669966880793814,0.5330063195288125,0.7330087352217816,0.39967298075811236,0.3500,1.0000,0.3500,10.835
2026-04-20 22:14:39.127,1197,0.46699679419347084,0.4669966880793814,0.5330063195288125,0.7330087352217816,0.39967298075811236,0.8000,1.0000,0.4500,12.668
2026-04-20 22:14:39.140,1198,0.46699679419347084,0.4669966880793814,0.5330063195288125,0.7330087352217816,0.39967298075811236,0.8000,1.0000,0.4000,11.144
2026-04-20 22:14:39.154,1199,0.46699679419347084,0.4669966880793814,0.5330063195288125,0.7330087352217816,0.39967298075811236,0.6000,1.0000,0.3500,13.293
2026-04-20 22:14:39.162,1200,0.46699679419347084,0.4669966880793814,0.5330063195288125,0.7330087352217816,0.39967298075811236,0.5500,1.0000,0.4500,13.041
2026-04-20 22:14:39.178,1201,0.46699679419347084,0.4669966880793814,0.5330063195288125,0.7330087352217816,0.39967298075811236,0.3500,1.0000,0.3000,15.104
2026-04-20 22:14:39.186,1202,0.46699679419347084,0.4669966880793814,0.5330063195288125,0.7330087352217816,0.39967298075811236,0.3000,1.0000,0.3000,13.861
2026-04-20 22:14:39.201,1203,0.46699679419347084,0.4669966880793814,0.5330063195288125,0.7330087352217816,0.39967298075811236,0.3500,1.0000,0.4000,13.837
2026-04-20 22:14:39.209,1204,0.46699679419347084,0.4669966880793814,0.5330063195288125,0.7330087352217816,0.39967298075811236,0.6000,1.0000,0.5500,10.252
2026-04-20 22:14:39.226,1205,0.46699679419347084,0.4669966880793814,0.5330063195288125,0.7330087352217816,0.39967298075811236,0.4500,1.0000,0.5000,9.980
2026-04-20 22:14:39.242,1206,0.46699679419347084,0.4669966880793814,0.5330063195288125,0.7330087352217816,0.39967298075811236,0.5000,1.0000,0.4500,12.901
2026-04-20 22:14:39.251,1207,0.46699679419347084,0.4669966880793814,0.5330063195288125,0.7330087352217816,0.39967298075811236,0.3000,1.0000,0.5000,11.266
2026-04-20 22:14:39.267,1208,0.46699679419347084,0.4669966880793814,0.5330063195288125,0.7330087352217816,0.39967298075811236,0.5000,1.0000,0.4500,10.228
2026-04-20 22:14:39.278,1209,0.46699679419347084,0.4669966880793814,0.5330063195288125,0.7330087352217816,0.39967298075811236,0.8000,1.0000,0.3500,13.481
2026-04-20 22:14:39.295,1210,0.46699679419347084,0.4669966880793814,0.5330063195288125,0.7330087352217816,0.39967298075811236,0.4000,1.0000,0.3500,8.930
2026-04-20 22:14:39.305,1211,0.46699679419347084,0.4669966880793814,0.5330063195288125,0.7330087352217816,0.39967298075811236,0.8000,1.0000,0.5000,12.588
2026-04-20 22:14:39.324,1212,0.46699679419347084,0.4669966880793814,0.5330063195288125,0.7330087352217816,0.39967298075811236,0.1500,1.0000,0.4000,12.868
2026-04-20 22:14:39.334,1213,0.46699679419347084,0.4669966880793814,0.5330063195288125,0.7330087352217816,0.39967298075811236,0.5000,1.0000,0.0000,9.219
2026-04-20 22:14:39.350,1214,0.46699679419347084,0.4669966880793814,0.5330063195288125,0.7330087352217816,0.39967298075811236,0.3000,1.0000,0.0000,9.924
2026-04-20 22:14:39.367,1215,0.46699679419347084,0.4669966880793814,0.5330063195288125,0.7330087352217816,0.39967298075811236,0.6000,1.0000,0.2500,12.562
2026-04-20 22:14:39.376,1216,0.46699679419347084,0.4669966880793814,0.5330063195288125,0.7330087352217816,0.39967298075811236,0.1000,1.0000,0.3000,3.868
2026-04-20 22:14:39.392,1217,0.46699679419347084,0.4669966880793814,0.5330063195288125,0.7330087352217816,0.39967298075811236,0.6000,1.0000,0.1500,10.264
2026-04-20 22:14:39.402,1218,0.46699679419347084,0.4669966880793814,0.5330063195288125,0.7330087352217816,0.39967298075811236,0.6500,1.0000,0.3500,9.858
2026-04-20 22:14:39.419,1219,0.46699679419347084,0.4669966880793814,0.5330063195288125,0.7330087352217816,0.39967298075811236,0.2000,1.0000,0.1000,9.892
2026-04-20 22:14:39.428,1220,0.46699679419347084,0.4669966880793814,0.5330063195288125,0.7330087352217816,0.39967298075811236,0.6000,1.0000,0.4000,13.939
2026-04-20 22:14:39.447,1221,0.46699679419347084,0.4669966880793814,0.5330063195288125,0.7330087352217816,0.39967298075811236,0.1000,1.0000,0.3500,10.147
2026-04-20 22:14:39.463,1222,0.46699679419347084,0.4669966880793814,0.5330063195288125,0.7330087352217816,0.39967298075811236,0.7000,1.0000,0.3500,13.192
2026-04-20 22:14:39.472,1223,0.46699679419347084,0.4669966880793814,0.5330063195288125,0.7330087352217816,0.39967298075811236,0.6500,1.0000,0.3500,10.958
2026-04-20 22:14:39.622,1224,0.46699679419347084,0.4669966880793814,0.5330063195288125,0.7330087352217816,0.39967298075811236,0.5000,1.0000,0.2500,11.948
2026-04-20 22:14:39.633,1225,0.46699679419347084,0.4669966880793814,0.5330063195288125,0.7330087352217816,0.39967298075811236,0.3000,1.0000,0.4500,10.961
2026-04-20 22:14:39.643,1226,0.46699679419347084,0.4669966880793814,0.5330063195288125,0.7330087352217816,0.39967298075811236,0.3500,1.0000,0.4500,9.559
2026-04-20 22:14:39.653,1227,0.46699679419347084,0.4669966880793814,0.5330063195288125,0.7330087352217816,0.39967298075811236,0.5500,1.0000,0.4500,14.901
2026-04-20 22:14:39.663,1228,0.46699679419347084,0.4669966880793814,0.5330063195288125,0.7330087352217816,0.39967298075811236,0.4000,1.0000,0.0500,8.759
2026-04-20 22:14:39.672,1229,0.46699679419347084,0.4669966880793814,0.5330063195288125,0.7330087352217816,0.39967298075811236,0.5500,1.0000,0.3000,8.801
2026-04-20 22:14:39.682,1230,0.46699679419347084,0.4669966880793814,0.5330063195288125,0.7330087352217816,0.39967298075811236,0.7000,1.0000,0.4000,15.298
2026-04-20 22:14:39.692,1231,0.46699679419347084,0.4669966880793814,0.5330063195288125,0.7330087352217816,0.39967298075811236,0.5500,1.0000,0.2500,9.907
2026-04-20 22:14:39.702,1232,0.46699679419347084,0.4669966880793814,0.5330063195288125,0.7330087352217816,0.39967298075811236,0.6500,1.0000,0.3500,10.673
2026-04-20 22:14:39.712,1233,0.46699679419347084,0.4669966880793814,0.5330063195288125,0.7330087352217816,0.39967298075811236,0.8000,1.0000,0.2000,15.247
2026-04-20 22:14:39.722,1234,0.46699679419347084,0.4669966880793814,0.5330063195288125,0.7330087352217816,0.39967298075811236,0.5000,1.0000,0.4500,8.637
2026-04-20 22:14:39.732,1235,0.46699679419347084,0.4669966880793814,0.5330063195288125,0.7330087352217816,0.39967298075811236,0.6500,1.0000,0.3000,10.795
2026-04-20 22:14:39.741,1236,0.46699679419347084,0.4669966880793814,0.5330063195288125,0.7330087352217816,0.39967298075811236,0.5500,1.0000,0.5500,13.192
2026-04-20 22:14:39.751,1237,0.46699679419347084,0.4669966880793814,0.5330063195288125,0.7330087352217816,0.39967298075811236,0.4000,1.0000,0.3000,10.826
2026-04-20 22:14:39.760,1238,0.46699679419347084,0.4669966880793814,0.5330063195288125,0.7330087352217816,0.39967298075811236,0.6000,1.0000,0.2000,11.855
2026-04-20 22:14:39.770,1239,0.46699679419347084,0.4669966880793814,0.5330063195288125,0.7330087352217816,0.39967298075811236,0.3500,1.0000,0.4000,9.946
2026-04-20 22:14:39.780,1240,0.46699679419347084,0.4669966880793814,0.5330063195288125,0.7330087352217816,0.39967298075811236,0.4000,1.0000,0.3000,10.552
2026-04-20 22:14:39.789,1241,0.46699679419347084,0.4669966880793814,0.5330063195288125,0.7330087352217816,0.39967298075811236,0.7000,1.0000,0.5500,10.600
2026-04-20 22:14:39.799,1242,0.46699679419347084,0.4669966880793814,0.5330063195288125,0.7330087352217816,0.39967298075811236,0.9000,1.0000,0.2500,13.552
2026-04-20 22:14:39.808,1243,0.46699679419347084,0.4669966880793814,0.5330063195288125,0.7330087352217816,0.39967298075811236,0.3500,1.0000,0.2000,10.438
2026-04-20 22:14:39.818,1244,0.46699679419347084,0.4669966880793814,0.5330063195288125,0.7330087352217816,0.39967298075811236,0.6500,1.0000,0.5500,10.418
2026-04-20 22:14:39.828,1245,0.46699679419347084,0.4669966880793814,0.5330063195288125,0.7330087352217816,0.39967298075811236,0.6000,1.0000,0.3000,12.628
2026-04-20 22:14:39.839,1246,0.46699679419347084,0.4669966880793814,0.5330063195288125,0.7330087352217816,0.39967298075811236,0.6000,1.0000,0.5500,10.550
2026-04-20 22:14:39.850,1247,0.46699679419347084,0.4669966880793814,0.5330063195288125,0.7330087352217816,0.39967298075811236,0.6500,1.0000,0.2500,11.791
2026-04-20 22:14:39.859,1248,0.46699679419347084,0.4669966880793814,0.5330063195288125,0.7330087352217816,0.39967298075811236,0.4500,1.0000,0.2500,14.126
2026-04-20 22:14:39.869,1249,0.46699679419347084,0.4669966880793814,0.5330063195288125,0.7330087352217816,0.39967298075811236,0.2500,1.0000,0.2500,9.126
2026-04-20 22:14:39.878,1250,0.46699679419347084,0.4669966880793814,0.5330063195288125,0.7330087352217816,0.39967298075811236,0.4000,1.0000,0.6000,12.686
2026-04-20 22:14:39.889,1251,0.46699679419347084,0.4669966880793814,0.5330063195288125,0.7330087352217816,0.39967298075811236,0.4500,1.0000,0.4500,11.543
2026-04-20 22:14:39.898,1252,0.46699679419347084,0.4669966880793814,0.5330063195288125,0.7330087352217816,0.39967298075811236,0.4500,1.0000,0.3000,15.641
2026-04-20 22:14:39.909,1253,0.46699679419347084,0.4669966880793814,0.5330063195288125,0.7330087352217816,0.39967298075811236,0.4500,1.0000,0.7000,12.338
2026-04-20 22:14:39.919,1254,0.46699679419347084,0.4669966880793814,0.5330063195288125,0.7330087352217816,0.39967298075811236,0.6000,1.0000,0.5000,11.427
2026-04-20 22:14:39.929,1255,0.46699679419347084,0.4669966880793814,0.5330063195288125,0.7330087352217816,0.39967298075811236,0.7000,1.0000,0.4500,10.904
2026-04-20 22:14:39.939,1256,0.46699679419347084,0.4669966880793814,0.5330063195288125,0.7330087352217816,0.39967298075811236,0.4000,1.0000,0.2500,9.516
2026-04-20 22:14:39.949,1257,0.46699679419347084,0.4669966880793814,0.5330063195288125,0.7330087352217816,0.39967298075811236,0.4500,1.0000,0.4500,11.308
2026-04-20 22:14:39.960,1258,0.46699679419347084,0.4669966880793814,0.5330063195288125,0.7330087352217816,0.39967298075811236,0.4000,0.9500,0.1500,8.317
2026-04-20 22:14:39.968,1259,0.46699679419347084,0.4669966880793814,0.5330063195288125,0.7330087352217816,0.39967298075811236,0.6500,1.0000,0.3000,13.273
2026-04-20 22:14:39.979,1260,0.46699679419347084,0.4669966880793814,0.5330063195288125,0.7330087352217816,0.39967298075811236,0.5500,1.0000,0.6000,12.840
2026-04-20 22:14:39.988,1261,0.46699679419347084,0.4669966880793814,0.5330063195288125,0.7330087352217816,0.39967298075811236,0.3500,1.0000,0.2000,11.314
2026-04-20 22:14:39.999,1262,0.46699679419347084,0.4669966880793814,0.5330063195288125,0.7330087352217816,0.39967298075811236,0.5500,1.0000,0.3000,9.516
2026-04-20 22:14:40.009,1263,0.46699679419347084,0.4669966880793814,0.5330063195288125,0.7330087352217816,0.39967298075811236,0.6500,1.0000,0.5000,10.791
2026-04-20 22:14:40.018,1264,0.46699679419347084,0.4669966880793814,0.5330063195288125,0.7330087352217816,0.39967298075811236,0.5000,1.0000,0.5000,11.749
2026-04-20 22:14:40.029,1265,0.46699679419347084,0.4669966880793814,0.5330063195288125,0.7330087352217816,0.39967298075811236,0.3000,1.0000,0.5000,10.069
2026-04-20 22:14:40.038,1266,0.46699679419347084,0.4669966880793814,0.5330063195288125,0.7330087352217816,0.39967298075811236,0.5500,1.0000,0.2500,12.367
2026-04-20 22:14:40.050,1267,0.46699679419347084,0.4669966880793814,0.5330063195288125,0.7330087352217816,0.39967298075811236,0.5500,1.0000,0.5000,15.304
2026-04-20 22:14:40.061,1268,0.46699679419347084,0.4669966880793814,0.5330063195288125,0.7330087352217816,0.39967298075811236,0.3500,1.0000,0.3000,7.647
2026-04-20 22:14:40.072,1269,0.46699679419347084,0.4669966880793814,0.5330063195288125,0.7330087352217816,0.39967298075811236,0.7500,1.0000,0.0000,9.294
2026-04-20 22:14:40.083,1270,0.46699679419347084,0.4669966880793814,0.5330063195288125,0.7330087352217816,0.39967298075811236,0.7500,1.0000,0.6000,12.696
2026-04-20 22:14:40.092,1271,0.46699679419347084,0.4669966880793814,0.5330063195288125,0.7330087352217816,0.39967298075811236,0.6500,1.0000,0.3000,7.990
2026-04-20 22:14:40.103,1272,0.46699679419347084,0.4669966880793814,0.5330063195288125,0.7330087352217816,0.39967298075811236,0.7000,1.0000,0.3000,12.898
2026-04-20 22:14:40.113,1273,0.46699679419347084,0.4669966880793814,0.5330063195288125,0.7330087352217816,0.39967298075811236,0.2500,1.0000,0.0500,9.693
2026-04-20 22:14:40.124,1274,0.46699679419347084,0.4669966880793814,0.5330063195288125,0.7330087352217816,0.39967298075811236,0.6500,1.0000,0.0500,4.641
2026-04-20 22:14:40.134,1275,0.46699679419347084,0.4669966880793814,0.5330063195288125,0.7330087352217816,0.39967298075811236,0.9000,1.0000,0.3500,9.210
2026-04-20 22:14:40.146,1276,0.46699679419347084,0.4669966880793814,0.5330063195288125,0.7330087352217816,0.39967298075811236,0.4000,1.0000,0.4500,12.961
2026-04-20 22:14:40.156,1277,0.46699679419347084,0.4669966880793814,0.5330063195288125,0.7330087352217816,0.39967298075811236,0.7000,1.0000,0.2500,11.829
2026-04-20 22:14:40.168,1278,0.46699679419347084,0.4669966880793814,0.5330063195288125,0.7330087352217816,0.39967298075811236,0.5500,1.0000,0.5500,11.245
2026-04-20 22:14:40.180,1279,0.46699679419347084,0.4669966880793814,0.5330063195288125,0.7330087352217816,0.39967298075811236,0.7500,1.0000,0.6500,13.408
2026-04-20 22:14:40.190,1280,0.46699679419347084,0.4669966880793814,0.5330063195288125,0.7330087352217816,0.39967298075811236,0.6500,1.0000,0.4000,12.897
2026-04-20 22:14:40.202,1281,0.46699679419347084,0.4669966880793814,0.5330063195288125,0.7330087352217816,0.39967298075811236,0.3000,1.0000,0.4500,8.736
2026-04-20 22:14:40.212,1282,0.46699679419347084,0.4669966880793814,0.5330063195288125,0.7330087352217816,0.39967298075811236,0.5000,1.0000,0.4500,13.938
2026-04-20 22:14:40.223,1283,0.46699679419347084,0.4669966880793814,0.5330063195288125,0.7330087352217816,0.39967298075811236,0.3000,1.0000,0.3000,9.243
2026-04-20 22:14:40.233,1284,0.46699679419347084,0.4669966880793814,0.5330063195288125,0.7330087352217816,0.39967298075811236,0.6000,1.0000,0.4000,9.072
2026-04-20 22:14:40.245,1285,0.46699679419347084,0.4669966880793814,0.5330063195288125,0.7330087352217816,0.39967298075811236,0.7500,1.0000,0.1500,10.663
2026-04-20 22:14:40.257,1286,0.46699679419347084,0.4669966880793814,0.5330063195288125,0.7330087352217816,0.39967298075811236,0.7000,1.0000,0.3000,9.667
2026-04-20 22:14:40.265,1287,0.46699679419347084,0.4669966880793814,0.5330063195288125,0.7330087352217816,0.39967298075811236,0.3000,1.0000,0.4500,13.637
2026-04-20 22:14:40.278,1288,0.46699679419347084,0.4669966880793814,0.5330063195288125,0.7330087352217816,0.39967298075811236,0.5000,1.0000,0.6500,14.824
2026-04-20 22:14:40.286,1289,0.46699679419347084,0.4669966880793814,0.5330063195288125,0.7330087352217816,0.39967298075811236,0.3500,1.0000,0.2500,14.256
2026-04-20 22:14:40.298,1290,0.46699679419347084,0.4669966880793814,0.5330063195288125,0.7330087352217816,0.39967298075811236,0.5500,1.0000,0.5500,11.410
2026-04-20 22:14:40.307,1291,0.46699679419347084,0.4669966880793814,0.5330063195288125,0.7330087352217816,0.39967298075811236,0.4000,1.0000,0.4000,11.333
2026-04-20 22:14:40.319,1292,0.46699679419347084,0.4669966880793814,0.5330063195288125,0.7330087352217816,0.39967298075811236,0.4000,1.0000,0.4000,14.213
2026-04-20 22:14:40.331,1293,0.46699679419347084,0.4669966880793814,0.5330063195288125,0.7330087352217816,0.39967298075811236,0.8000,1.0000,0.3500,13.967
2026-04-20 22:14:40.340,1294,0.46699679419347084,0.4669966880793814,0.5330063195288125,0.7330087352217816,0.39967298075811236,0.4500,1.0000,0.6000,10.550
2026-04-20 22:14:40.352,1295,0.46699679419347084,0.4669966880793814,0.5330063195288125,0.7330087352217816,0.39967298075811236,0.4000,1.0000,0.5000,10.682
2026-04-20 22:14:40.361,1296,0.46699679419347084,0.4669966880793814,0.5330063195288125,0.7330087352217816,0.39967298075811236,0.8500,1.0000,0.2500,13.125
2026-04-20 22:14:40.374,1297,0.46699679419347084,0.4669966880793814,0.5330063195288125,0.7330087352217816,0.39967298075811236,0.5500,1.0000,0.5500,10.853
2026-04-20 22:14:40.382,1298,0.46699679419347084,0.4669966880793814,0.5330063195288125,0.7330087352217816,0.39967298075811236,0.4000,1.0000,0.4000,10.580
2026-04-20 22:14:40.393,1299,0.46699679419347084,0.4669966880793814,0.5330063195288125,0.7330087352217816,0.39967298075811236,0.3000,1.0000,0.3000,13.765
2026-04-20 22:14:40.401,1300,0.46699679419347084,0.4669966880793814,0.5330063195288125,0.7330087352217816,0.39967298075811236,0.8000,1.0000,0.4500,8.009
2026-04-20 22:14:40.412,1301,0.46699679419347084,0.4669966880793814,0.5330063195288125,0.7330087352217816,0.39967298075811236,0.4500,1.0000,0.5500,10.945
2026-04-20 22:14:40.423,1302,0.46699679419347084,0.4669966880793814,0.5330063195288125,0.7330087352217816,0.39967298075811236,0.4500,1.0000,0.6500,13.133
2026-04-20 22:14:40.431,1303,0.46699679419347084,0.4669966880793814,0.5330063195288125,0.7330087352217816,0.39967298075811236,0.2500,1.0000,0.3500,10.974
2026-04-20 22:14:40.442,1304,0.46699679419347084,0.4669966880793814,0.5330063195288125,0.7330087352217816,0.39967298075811236,0.4500,1.0000,0.3500,14.102
2026-04-20 22:14:40.451,1305,0.46699679419347084,0.4669966880793814,0.5330063195288125,0.7330087352217816,0.39967298075811236,0.4000,1.0000,-0.1500,9.030
2026-04-20 22:14:40.463,1306,0.46699679419347084,0.4669966880793814,0.5330063195288125,0.7330087352217816,0.39967298075811236,0.4000,1.0000,0.4000,9.564
2026-04-20 22:14:40.471,1307,0.46699679419347084,0.4669966880793814,0.5330063195288125,0.7330087352217816,0.39967298075811236,0.7000,1.0000,0.2500,15.500
2026-04-20 22:14:40.483,1308,0.46699679419347084,0.4669966880793814,0.5330063195288125,0.7330087352217816,0.39967298075811236,0.4000,1.0000,0.6000,7.374
2026-04-20 22:14:40.495,1309,0.46699679419347084,0.4669966880793814,0.5330063195288125,0.7330087352217816,0.39967298075811236,0.7000,1.0000,0.7000,14.821
2026-04-20 22:14:40.503,1310,0.46699679419347084,0.4669966880793814,0.5330063195288125,0.7330087352217816,0.39967298075811236,0.3500,1.0000,0.4000,9.551
2026-04-20 22:14:40.515,1311,0.46699679419347084,0.4669966880793814,0.5330063195288125,0.7330087352217816,0.39967298075811236,0.4500,1.0000,0.4500,12.759
2026-04-20 22:14:40.523,1312,0.46699679419347084,0.4669966880793814,0.5330063195288125,0.7330087352217816,0.39967298075811236,0.4500,1.0000,0.2500,11.131
2026-04-20 22:14:40.535,1313,0.46699679419347084,0.4669966880793814,0.5330063195288125,0.7330087352217816,0.39967298075811236,0.7000,1.0000,0.5000,11.195
2026-04-20 22:14:40.543,1314,0.46699679419347084,0.4669966880793814,0.5330063195288125,0.7330087352217816,0.39967298075811236,0.6500,1.0000,0.4500,7.804
2026-04-20 22:14:40.554,1315,0.46699679419347084,0.4669966880793814,0.5330063195288125,0.7330087352217816,0.39967298075811236,0.5500,1.0000,0.1500,11.001
2026-04-20 22:14:40.563,1316,0.46699679419347084,0.4669966880793814,0.5330063195288125,0.7330087352217816,0.39967298075811236,0.4000,1.0000,0.3500,9.546
2026-04-20 22:14:40.575,1317,0.46699679419347084,0.4669966880793814,0.5330063195288125,0.7330087352217816,0.39967298075811236,0.5000,1.0000,0.4000,10.543
2026-04-20 22:14:40.589,1318,0.46699679419347084,0.4669966880793814,0.5330063195288125,0.7330087352217816,0.39967298075811236,0.2500,0.9500,0.0500,13.448
2026-04-20 22:14:40.598,1319,0.46699679419347084,0.4669966880793814,0.5330063195288125,0.7330087352217816,0.39967298075811236,0.4500,1.0000,0.1000,10.929
2026-04-20 22:14:40.611,1320,0.46699679419347084,0.4669966880793814,0.5330063195288125,0.7330087352217816,0.39967298075811236,0.5000,1.0000,0.7000,10.384
2026-04-20 22:14:40.619,1321,0.46699679419347084,0.4669966880793814,0.5330063195288125,0.7330087352217816,0.39967298075811236,0.6500,1.0000,0.2000,12.584
2026-04-20 22:14:40.631,1322,0.46699679419347084,0.4669966880793814,0.5330063195288125,0.7330087352217816,0.39967298075811236,0.2000,1.0000,0.4500,10.786
2026-04-20 22:14:40.640,1323,0.46699679419347084,0.4669966880793814,0.5330063195288125,0.7330087352217816,0.39967298075811236,0.1500,1.0000,0.2500,10.662
2026-04-20 22:14:40.654,1324,0.46699679419347084,0.4669966880793814,0.5330063195288125,0.7330087352217816,0.39967298075811236,0.5500,1.0000,0.1500,12.876
2026-04-20 22:14:40.667,1325,0.46699679419347084,0.4669966880793814,0.5330063195288125,0.7330087352217816,0.39967298075811236,0.1500,1.0000,0.3500,8.860
2026-04-20 22:14:40.676,1326,0.46699679419347084,0.4669966880793814,0.5330063195288125,0.7330087352217816,0.39967298075811236,0.4000,1.0000,0.3500,11.652
2026-04-20 22:14:40.689,1327,0.46699679419347084,0.4669966880793814,0.5330063195288125,0.7330087352217816,0.39967298075811236,0.5500,1.0000,0.2000,11.609
2026-04-20 22:14:40.699,1328,0.46699679419347084,0.4669966880793814,0.5330063195288125,0.7330087352217816,0.39967298075811236,0.4000,1.0000,-0.1000,12.214
2026-04-20 22:14:40.712,1329,0.46699679419347084,0.4669966880793814,0.5330063195288125,0.7330087352217816,0.39967298075811236,0.8500,1.0000,0.3500,15.284
2026-04-20 22:14:40.722,1330,0.46699679419347084,0.4669966880793814,0.5330063195288125,0.7330087352217816,0.39967298075811236,0.5000,1.0000,0.1000,10.630
2026-04-20 22:14:40.734,1331,0.46699679419347084,0.4669966880793814,0.5330063195288125,0.7330087352217816,0.39967298075811236,0.2000,1.0000,0.0000,9.414
2026-04-20 22:14:40.743,1332,0.46699679419347084,0.4669966880793814,0.5330063195288125,0.7330087352217816,0.39967298075811236,0.4000,1.0000,0.5500,11.957
2026-04-20 22:14:40.757,1333,0.46699679419347084,0.4669966880793814,0.5330063195288125,0.7330087352217816,0.39967298075811236,0.3000,1.0000,0.2000,14.032
2026-04-20 22:14:40.771,1334,0.46699679419347084,0.4669966880793814,0.5330063195288125,0.7330087352217816,0.39967298075811236,0.4000,1.0000,0.3500,12.203
2026-04-20 22:14:40.781,1335,0.46699679419347084,0.4669966880793814,0.5330063195288125,0.7330087352217816,0.39967298075811236,0.6000,1.0000,0.4500,11.500
2026-04-20 22:14:40.795,1336,0.46699679419347084,0.4669966880793814,0.5330063195288125,0.7330087352217816,0.39967298075811236,0.6000,1.0000,0.4000,14.050
2026-04-20 22:14:40.804,1337,0.46699679419347084,0.4669966880793814,0.5330063195288125,0.7330087352217816,0.39967298075811236,0.6000,1.0000,0.4000,11.239
2026-04-20 22:14:40.819,1338,0.46699679419347084,0.4669966880793814,0.5330063195288125,0.7330087352217816,0.39967298075811236,0.4500,1.0000,0.1500,9.950
2026-04-20 22:14:40.829,1339,0.46699679419347084,0.4669966880793814,0.5330063195288125,0.7330087352217816,0.39967298075811236,0.5000,1.0000,0.4000,9.995
2026-04-20 22:14:40.845,1340,0.46699679419347084,0.4669966880793814,0.5330063195288125,0.7330087352217816,0.39967298075811236,0.5500,1.0000,0.4000,9.329
2026-04-20 22:14:40.860,1341,0.46699679419347084,0.4669966880793814,0.5330063195288125,0.7330087352217816,0.39967298075811236,0.5500,1.0000,0.4000,10.685
2026-04-20 22:14:40.871,1342,0.46699679419347084,0.4669966880793814,0.5330063195288125,0.7330087352217816,0.39967298075811236,0.3500,1.0000,0.4000,7.262
2026-04-20 22:14:40.886,1343,0.46699679419347084,0.4669966880793814,0.5330063195288125,0.7330087352217816,0.39967298075811236,0.7000,1.0000,0.5000,15.640
2026-04-20 22:14:40.895,1344,0.46699679419347084,0.4669966880793814,0.5330063195288125,0.7330087352217816,0.39967298075811236,0.4500,1.0000,0.5000,9.978
2026-04-20 22:14:40.912,1345,0.46699679419347084,0.4669966880793814,0.5330063195288125,0.7330087352217816,0.39967298075811236,0.6000,1.0000,0.2500,11.152
2026-04-20 22:14:40.922,1346,0.46699679419347084,0.4669966880793814,0.5330063195288125,0.7330087352217816,0.39967298075811236,0.5000,1.0000,0.5000,12.282
2026-04-20 22:14:40.938,1347,0.46699679419347084,0.4669966880793814,0.5330063195288125,0.7330087352217816,0.39967298075811236,0.1500,1.0000,0.4000,10.797
2026-04-20 22:14:40.948,1348,0.46699679419347084,0.4669966880793814,0.5330063195288125,0.7330087352217816,0.39967298075811236,0.6500,1.0000,0.7000,8.549
2026-04-20 22:14:40.965,1349,0.46699679419347084,0.4669966880793814,0.5330063195288125,0.7330087352217816,0.39967298075811236,0.2000,1.0000,0.2000,12.282
2026-04-20 22:14:40.981,1350,0.46699679419347084,0.4669966880793814,0.5330063195288125,0.7330087352217816,0.39967298075811236,0.5000,1.0000,0.2000,11.719
2026-04-20 22:14:40.990,1351,0.46699679419347084,0.4669966880793814,0.5330063195288125,0.7330087352217816,0.39967298075811236,0.2000,1.0000,0.4000,9.672
2026-04-20 22:14:41.006,1352,0.46699679419347084,0.4669966880793814,0.5330063195288125,0.7330087352217816,0.39967298075811236,0.6000,1.0000,0.1500,7.868
2026-04-20 22:14:41.016,1353,0.46699679419347084,0.4669966880793814,0.5330063195288125,0.7330087352217816,0.39967298075811236,0.5000,1.0000,0.3000,11.947
2026-04-20 22:14:41.035,1354,0.46699679419347084,0.4669966880793814,0.5330063195288125,0.7330087352217816,0.39967298075811236,0.1500,1.0000,0.4500,12.374
2026-04-20 22:14:41.046,1355,0.46699679419347084,0.4669966880793814,0.5330063195288125,0.7330087352217816,0.39967298075811236,0.4500,1.0000,0.4500,7.960
2026-04-20 22:14:41.062,1356,0.46699679419347084,0.4669966880793814,0.5330063195288125,0.7330087352217816,0.39967298075811236,0.4000,1.0000,0.2500,12.243
2026-04-20 22:14:41.078,1357,0.46699679419347084,0.4669966880793814,0.5330063195288125,0.7330087352217816,0.39967298075811236,0.2500,1.0000,0.0000,8.920
2026-04-20 22:14:41.088,1358,0.46699679419347084,0.4669966880793814,0.5330063195288125,0.7330087352217816,0.39967298075811236,0.5500,1.0000,0.3500,9.276
2026-04-20 22:14:41.103,1359,0.46699679419347084,0.4669966880793814,0.5330063195288125,0.7330087352217816,0.39967298075811236,0.6500,1.0000,0.4000,11.714
2026-04-20 22:14:41.112,1360,0.46699679419347084,0.4669966880793814,0.5330063195288125,0.7330087352217816,0.39967298075811236,0.4000,1.0000,0.2000,7.837
2026-04-20 22:14:41.128,1361,0.46699679419347084,0.4669966880793814,0.5330063195288125,0.7330087352217816,0.39967298075811236,0.4500,1.0000,0.3500,12.017
2026-04-20 22:14:41.138,1362,0.46699679419347084,0.4669966880793814,0.5330063195288125,0.7330087352217816,0.39967298075811236,0.4500,1.0000,0.5000,10.874
2026-04-20 22:14:41.154,1363,0.46699679419347084,0.4669966880793814,0.5330063195288125,0.7330087352217816,0.39967298075811236,0.6500,1.0000,0.2000,14.503
2026-04-20 22:14:41.163,1364,0.46699679419347084,0.4669966880793814,0.5330063195288125,0.7330087352217816,0.39967298075811236,0.3000,1.0000,0.3500,11.777
2026-04-20 22:14:41.179,1365,0.46699679419347084,0.4669966880793814,0.5330063195288125,0.7330087352217816,0.39967298075811236,0.4500,1.0000,0.5500,14.575
2026-04-20 22:14:41.197,1366,0.46699679419347084,0.4669966880793814,0.5330063195288125,0.7330087352217816,0.39967298075811236,0.6500,1.0000,0.1000,8.475
2026-04-20 22:14:41.205,1367,0.46699679419347084,0.4669966880793814,0.5330063195288125,0.7330087352217816,0.39967298075811236,0.5500,1.0000,0.2500,10.932
2026-04-20 22:14:41.219,1368,0.46699679419347084,0.4669966880793814,0.5330063195288125,0.7330087352217816,0.39967298075811236,0.7000,1.0000,0.2000,14.009
2026-04-20 22:14:41.228,1369,0.46699679419347084,0.4669966880793814,0.5330063195288125,0.7330087352217816,0.39967298075811236,0.6500,1.0000,0.4000,9.311
2026-04-20 22:14:41.242,1370,0.46699679419347084,0.4669966880793814,0.5330063195288125,0.7330087352217816,0.39967298075811236,0.5500,1.0000,0.2000,13.506
2026-04-20 22:14:41.250,1371,0.46699679419347084,0.4669966880793814,0.5330063195288125,0.7330087352217816,0.39967298075811236,0.3000,1.0000,0.2000,7.551
2026-04-20 22:14:41.264,1372,0.46699679419347084,0.4669966880793814,0.5330063195288125,0.7330087352217816,0.39967298075811236,0.6000,1.0000,0.5000,15.868
2026-04-20 22:14:41.279,1373,0.46699679419347084,0.4669966880793814,0.5330063195288125,0.7330087352217816,0.39967298075811236,0.1500,1.0000,0.4000,11.913
2026-04-20 22:14:41.287,1374,0.46699679419347084,0.4669966880793814,0.5330063195288125,0.7330087352217816,0.39967298075811236,0.4500,1.0000,0.3500,9.240
2026-04-20 22:14:41.439,1375,0.46699679419347084,0.4669966880793814,0.5330063195288125,0.7330087352217816,0.39967298075811236,0.6500,1.0000,0.2500,8.902
2026-04-20 22:14:41.448,1376,0.46699679419347084,0.4669966880793814,0.5330063195288125,0.7330087352217816,0.39967298075811236,0.5000,1.0000,0.3500,11.218
2026-04-20 22:14:41.458,1377,0.46699679419347084,0.4669966880793814,0.5330063195288125,0.7330087352217816,0.39967298075811236,0.5000,1.0000,0.4000,13.040
2026-04-20 22:14:41.467,1378,0.46699679419347084,0.4669966880793814,0.5330063195288125,0.7330087352217816,0.39967298075811236,0.8000,1.0000,0.1000,9.997
2026-04-20 22:14:41.476,1379,0.46699679419347084,0.4669966880793814,0.5330063195288125,0.7330087352217816,0.39967298075811236,0.6000,1.0000,0.3500,8.720
2026-04-20 22:14:41.485,1380,0.46699679419347084,0.4669966880793814,0.5330063195288125,0.7330087352217816,0.39967298075811236,0.3000,1.0000,0.4500,9.870
2026-04-20 22:14:41.495,1381,0.46699679419347084,0.4669966880793814,0.5330063195288125,0.7330087352217816,0.39967298075811236,0.1000,1.0000,0.2500,12.455
2026-04-20 22:14:41.504,1382,0.46699679419347084,0.4669966880793814,0.5330063195288125,0.7330087352217816,0.39967298075811236,0.5500,1.0000,0.2000,12.098
2026-04-20 22:14:41.512,1383,0.46699679419347084,0.4669966880793814,0.5330063195288125,0.7330087352217816,0.39967298075811236,0.3000,1.0000,0.3000,9.771
2026-04-20 22:14:41.522,1384,0.46699679419347084,0.4669966880793814,0.5330063195288125,0.7330087352217816,0.39967298075811236,0.5000,1.0000,0.5000,10.649
2026-04-20 22:14:41.531,1385,0.46699679419347084,0.4669966880793814,0.5330063195288125,0.7330087352217816,0.39967298075811236,0.6000,1.0000,0.1500,11.681
2026-04-20 22:14:41.540,1386,0.46699679419347084,0.4669966880793814,0.5330063195288125,0.7330087352217816,0.39967298075811236,0.2500,1.0000,0.7000,11.424
2026-04-20 22:14:41.549,1387,0.46699679419347084,0.4669966880793814,0.5330063195288125,0.7330087352217816,0.39967298075811236,0.5000,1.0000,0.1500,10.819
2026-04-20 22:14:41.558,1388,0.46699679419347084,0.4669966880793814,0.5330063195288125,0.7330087352217816,0.39967298075811236,0.4000,1.0000,0.4500,11.531
2026-04-20 22:14:41.567,1389,0.46699679419347084,0.4669966880793814,0.5330063195288125,0.7330087352217816,0.39967298075811236,0.5000,1.0000,0.1500,12.915
2026-04-20 22:14:41.575,1390,0.46699679419347084,0.4669966880793814,0.5330063195288125,0.7330087352217816,0.39967298075811236,0.7500,1.0000,0.5000,8.263
2026-04-20 22:14:41.584,1391,0.46699679419347084,0.4669966880793814,0.5330063195288125,0.7330087352217816,0.39967298075811236,0.5500,1.0000,0.3500,8.416
2026-04-20 22:14:41.593,1392,0.46699679419347084,0.4669966880793814,0.5330063195288125,0.7330087352217816,0.39967298075811236,0.4000,1.0000,0.3500,11.354
2026-04-20 22:14:41.602,1393,0.46699679419347084,0.4669966880793814,0.5330063195288125,0.7330087352217816,0.39967298075811236,0.6000,1.0000,0.3000,8.545
2026-04-20 22:14:41.610,1394,0.46699679419347084,0.4669966880793814,0.5330063195288125,0.7330087352217816,0.39967298075811236,0.2500,1.0000,0.4500,8.795
2026-04-20 22:14:41.620,1395,0.46699679419347084,0.4669966880793814,0.5330063195288125,0.7330087352217816,0.39967298075811236,0.8000,1.0000,0.2500,9.544
2026-04-20 22:14:41.627,1396,0.46699679419347084,0.4669966880793814,0.5330063195288125,0.7330087352217816,0.39967298075811236,0.4000,1.0000,0.2500,10.527
2026-04-20 22:14:41.637,1397,0.46699679419347084,0.4669966880793814,0.5330063195288125,0.7330087352217816,0.39967298075811236,0.4500,1.0000,0.3500,13.096
2026-04-20 22:14:41.648,1398,0.46699679419347084,0.4669966880793814,0.5330063195288125,0.7330087352217816,0.39967298075811236,0.5500,1.0000,0.5500,10.563
2026-04-20 22:14:41.658,1399,0.46699679419347084,0.4669966880793814,0.5330063195288125,0.7330087352217816,0.39967298075811236,0.5500,1.0000,0.4000,10.922
2026-04-20 22:14:41.668,1400,0.46699679419347084,0.4669966880793814,0.5330063195288125,0.7330087352217816,0.39967298075811236,0.5000,1.0000,0.5500,11.255
2026-04-20 22:14:41.677,1401,0.46699679419347084,0.4669966880793814,0.5330063195288125,0.7330087352217816,0.39967298075811236,0.6000,1.0000,0.2500,12.780
2026-04-20 22:14:41.689,1402,0.46699679419347084,0.4669966880793814,0.5330063195288125,0.7330087352217816,0.39967298075811236,0.0000,1.0000,0.5000,7.493
2026-04-20 22:14:41.698,1403,0.46699679419347084,0.4669966880793814,0.5330063195288125,0.7330087352217816,0.39967298075811236,0.4500,1.0000,0.3500,9.859
2026-04-20 22:14:41.709,1404,0.46699679419347084,0.4669966880793814,0.5330063195288125,0.7330087352217816,0.39967298075811236,0.5000,1.0000,0.3000,14.068
2026-04-20 22:14:41.720,1405,0.46699679419347084,0.4669966880793814,0.5330063195288125,0.7330087352217816,0.39967298075811236,0.4500,1.0000,0.5000,13.364
2026-04-20 22:14:41.729,1406,0.46699679419347084,0.4669966880793814,0.5330063195288125,0.7330087352217816,0.39967298075811236,0.4000,1.0000,0.1500,10.432
2026-04-20 22:14:41.739,1407,0.46699679419347084,0.4669966880793814,0.5330063195288125,0.7330087352217816,0.39967298075811236,0.3000,1.0000,0.4500,8.862
2026-04-20 22:14:41.749,1408,0.46699679419347084,0.4669966880793814,0.5330063195288125,0.7330087352217816,0.39967298075811236,0.4500,1.0000,0.3000,13.331
2026-04-20 22:14:41.760,1409,0.46699679419347084,0.4669966880793814,0.5330063195288125,0.7330087352217816,0.39967298075811236,0.2500,1.0000,0.2500,9.957
2026-04-20 22:14:41.769,1410,0.46699679419347084,0.4669966880793814,0.5330063195288125,0.7330087352217816,0.39967298075811236,0.4500,1.0000,0.3000,8.270
2026-04-20 22:14:41.782,1411,0.46699679419347084,0.4669966880793814,0.5330063195288125,0.7330087352217816,0.39967298075811236,0.3500,1.0000,0.4500,12.238
2026-04-20 22:14:41.795,1412,0.46699679419347084,0.4669966880793814,0.5330063195288125,0.7330087352217816,0.39967298075811236,0.5500,1.0000,0.5500,12.743
2026-04-20 22:14:41.805,1413,0.46699679419347084,0.4669966880793814,0.5330063195288125,0.7330087352217816,0.39967298075811236,0.5500,1.0000,0.4500,11.862
2026-04-20 22:14:41.818,1414,0.46699679419347084,0.4669966880793814,0.5330063195288125,0.7330087352217816,0.39967298075811236,0.5000,1.0000,0.4500,12.852
2026-04-20 22:14:41.829,1415,0.46699679419347084,0.4669966880793814,0.5330063195288125,0.7330087352217816,0.39967298075811236,0.6000,1.0000,0.3500,9.503
2026-04-20 22:14:41.843,1416,0.46699679419347084,0.4669966880793814,0.5330063195288125,0.7330087352217816,0.39967298075811236,0.4000,1.0000,0.5500,10.974
2026-04-20 22:14:41.854,1417,0.46699679419347084,0.4669966880793814,0.5330063195288125,0.7330087352217816,0.39967298075811236,0.4000,1.0000,0.3000,9.092
2026-04-20 22:14:41.867,1418,0.46699679419347084,0.4669966880793814,0.5330063195288125,0.7330087352217816,0.39967298075811236,0.5500,1.0000,0.3500,12.508
2026-04-20 22:14:41.878,1419,0.46699679419347084,0.4669966880793814,0.5330063195288125,0.7330087352217816,0.39967298075811236,0.7000,1.0000,0.6500,10.661
2026-04-20 22:14:41.891,1420,0.46699679419347084,0.4669966880793814,0.5330063195288125,0.7330087352217816,0.39967298075811236,0.4500,1.0000,0.2500,10.873
2026-04-20 22:14:41.905,1421,0.46699679419347084,0.4669966880793814,0.5330063195288125,0.7330087352217816,0.39967298075811236,0.6000,1.0000,0.5000,10.356
2026-04-20 22:14:41.915,1422,0.46699679419347084,0.4669966880793814,0.5330063195288125,0.7330087352217816,0.39967298075811236,0.9000,1.0000,0.4500,12.948
2026-04-20 22:14:41.927,1423,0.46699679419347084,0.4669966880793814,0.5330063195288125,0.7330087352217816,0.39967298075811236,0.3500,1.0000,0.2500,12.066
2026-04-20 22:14:41.938,1424,0.46699679419347084,0.4669966880793814,0.5330063195288125,0.7330087352217816,0.39967298075811236,0.7000,1.0000,0.5500,11.977
2026-04-20 22:14:41.951,1425,0.46699679419347084,0.4669966880793814,0.5330063195288125,0.7330087352217816,0.39967298075811236,0.8000,1.0000,0.2000,7.900
2026-04-20 22:14:41.962,1426,0.46699679419347084,0.4669966880793814,0.5330063195288125,0.7330087352217816,0.39967298075811236,0.9000,1.0000,0.6000,10.291
2026-04-20 22:14:41.975,1427,0.46699679419347084,0.4669966880793814,0.5330063195288125,0.7330087352217816,0.39967298075811236,0.2500,1.0000,0.4000,12.249
2026-04-20 22:14:41.987,1428,0.46699679419347084,0.4669966880793814,0.5330063195288125,0.7330087352217816,0.39967298075811236,0.4000,1.0000,0.3500,8.113
2026-04-20 22:14:41.997,1429,0.46699679419347084,0.4669966880793814,0.5330063195288125,0.7330087352217816,0.39967298075811236,0.3000,1.0000,0.3500,9.343
2026-04-20 22:14:42.010,1430,0.46699679419347084,0.4669966880793814,0.5330063195288125,0.7330087352217816,0.39967298075811236,0.4000,1.0000,0.3500,13.340
2026-04-20 22:14:42.019,1431,0.46699679419347084,0.4669966880793814,0.5330063195288125,0.7330087352217816,0.39967298075811236,0.1000,1.0000,0.6000,8.896
2026-04-20 22:14:42.032,1432,0.46699679419347084,0.4669966880793814,0.5330063195288125,0.7330087352217816,0.39967298075811236,0.2500,1.0000,0.5500,8.498
2026-04-20 22:14:42.042,1433,0.46699679419347084,0.4669966880793814,0.5330063195288125,0.7330087352217816,0.39967298075811236,0.3500,1.0000,0.2000,13.630
2026-04-20 22:14:42.055,1434,0.46699679419347084,0.4669966880793814,0.5330063195288125,0.7330087352217816,0.39967298075811236,0.6000,1.0000,0.4500,12.134
2026-04-20 22:14:42.064,1435,0.46699679419347084,0.4669966880793814,0.5330063195288125,0.7330087352217816,0.39967298075811236,0.2000,1.0000,0.5000,11.411
2026-04-20 22:14:42.077,1436,0.46699679419347084,0.4669966880793814,0.5330063195288125,0.7330087352217816,0.39967298075811236,0.8500,0.9500,0.1500,8.166
2026-04-20 22:14:42.095,1437,0.46699679419347084,0.4669966880793814,0.5330063195288125,0.7330087352217816,0.39967298075811236,0.3000,1.0000,0.7500,11.103
2026-04-20 22:14:42.107,1438,0.46699679419347084,0.4669966880793814,0.5330063195288125,0.7330087352217816,0.39967298075811236,0.4500,1.0000,0.5500,10.338
2026-04-20 22:14:42.120,1439,0.46699679419347084,0.4669966880793814,0.5330063195288125,0.7330087352217816,0.39967298075811236,0.5500,1.0000,0.5500,13.751
2026-04-20 22:14:42.129,1440,0.46699679419347084,0.4669966880793814,0.5330063195288125,0.7330087352217816,0.39967298075811236,0.6000,1.0000,0.4500,11.571
2026-04-20 22:14:42.142,1441,0.46699679419347084,0.4669966880793814,0.5330063195288125,0.7330087352217816,0.39967298075811236,0.5500,1.0000,0.4500,12.224
2026-04-20 22:14:42.153,1442,0.46699679419347084,0.4669966880793814,0.5330063195288125,0.7330087352217816,0.39967298075811236,0.6000,1.0000,0.2000,8.022
2026-04-20 22:14:42.165,1443,0.46699679419347084,0.4669966880793814,0.5330063195288125,0.7330087352217816,0.39967298075811236,0.5000,1.0000,0.2500,10.994
2026-04-20 22:14:42.180,1444,0.46699679419347084,0.4669966880793814,0.5330063195288125,0.7330087352217816,0.39967298075811236,0.5000,1.0000,0.4500,13.547
2026-04-20 22:14:42.189,1445,0.46699679419347084,0.4669966880793814,0.5330063195288125,0.7330087352217816,0.39967298075811236,0.5000,1.0000,0.5500,14.217
2026-04-20 22:14:42.201,1446,0.46699679419347084,0.4669966880793814,0.5330063195288125,0.7330087352217816,0.39967298075811236,0.4500,1.0000,0.4000,4.940
2026-04-20 22:14:42.211,1447,0.46699679419347084,0.4669966880793814,0.5330063195288125,0.7330087352217816,0.39967298075811236,0.7000,1.0000,0.2500,12.823
2026-04-20 22:14:42.223,1448,0.46699679419347084,0.4669966880793814,0.5330063195288125,0.7330087352217816,0.39967298075811236,0.6500,1.0000,0.5500,10.215
2026-04-20 22:14:42.232,1449,0.46699679419347084,0.4669966880793814,0.5330063195288125,0.7330087352217816,0.39967298075811236,0.4000,1.0000,0.5500,12.145
2026-04-20 22:14:42.245,1450,0.46699679419347084,0.4669966880793814,0.5330063195288125,0.7330087352217816,0.39967298075811236,0.4500,1.0000,0.2500,10.071
2026-04-20 22:14:42.256,1451,0.46699679419347084,0.4669966880793814,0.5330063195288125,0.7330087352217816,0.39967298075811236,0.5000,1.0000,0.2000,9.647
2026-04-20 22:14:42.268,1452,0.46699679419347084,0.4669966880793814,0.5330063195288125,0.7330087352217816,0.39967298075811236,0.3500,1.0000,0.3000,8.252
2026-04-20 22:14:42.281,1453,0.46699679419347084,0.4669966880793814,0.5330063195288125,0.7330087352217816,0.39967298075811236,0.4000,1.0000,0.4000,9.472
2026-04-20 22:14:42.291,1454,0.46699679419347084,0.4669966880793814,0.5330063195288125,0.7330087352217816,0.39967298075811236,0.3000,1.0000,0.1000,11.143
2026-04-20 22:14:42.303,1455,0.46699679419347084,0.4669966880793814,0.5330063195288125,0.7330087352217816,0.39967298075811236,0.2000,1.0000,0.3000,9.834
2026-04-20 22:14:42.312,1456,0.46699679419347084,0.4669966880793814,0.5330063195288125,0.7330087352217816,0.39967298075811236,0.2500,1.0000,0.4000,10.529
2026-04-20 22:14:42.324,1457,0.46699679419347084,0.4669966880793814,0.5330063195288125,0.7330087352217816,0.39967298075811236,0.3500,1.0000,0.2500,6.564
2026-04-20 22:14:42.333,1458,0.46699679419347084,0.4669966880793814,0.5330063195288125,0.7330087352217816,0.39967298075811236,0.3000,1.0000,0.4000,12.541
2026-04-20 22:14:42.345,1459,0.46699679419347084,0.4669966880793814,0.5330063195288125,0.7330087352217816,0.39967298075811236,0.5500,1.0000,0.6000,13.957
2026-04-20 22:14:42.357,1460,0.46699679419347084,0.4669966880793814,0.5330063195288125,0.7330087352217816,0.39967298075811236,0.4000,1.0000,0.5000,11.351
2026-04-20 22:14:42.366,1461,0.46699679419347084,0.4669966880793814,0.5330063195288125,0.7330087352217816,0.39967298075811236,0.7000,1.0000,0.1000,13.318
2026-04-20 22:14:42.380,1462,0.46699679419347084,0.4669966880793814,0.5330063195288125,0.7330087352217816,0.39967298075811236,0.6000,1.0000,0.5000,10.962
2026-04-20 22:14:42.390,1463,0.46699679419347084,0.4669966880793814,0.5330063195288125,0.7330087352217816,0.39967298075811236,0.6500,1.0000,0.4500,15.700
2026-04-20 22:14:42.403,1464,0.46699679419347084,0.4669966880793814,0.5330063195288125,0.7330087352217816,0.39967298075811236,0.1000,1.0000,0.3500,9.858
2026-04-20 22:14:42.412,1465,0.46699679419347084,0.4669966880793814,0.5330063195288125,0.7330087352217816,0.39967298075811236,0.6500,1.0000,0.4500,8.139
2026-04-20 22:14:42.426,1466,0.46699679419347084,0.4669966880793814,0.5330063195288125,0.7330087352217816,0.39967298075811236,0.7000,1.0000,0.5000,13.121
2026-04-20 22:14:42.435,1467,0.46699679419347084,0.4669966880793814,0.5330063195288125,0.7330087352217816,0.39967298075811236,0.4500,1.0000,0.4000,10.067
2026-04-20 22:14:42.448,1468,0.46699679419347084,0.4669966880793814,0.5330063195288125,0.7330087352217816,0.39967298075811236,0.4000,1.0000,0.4000,10.036
2026-04-20 22:14:42.463,1469,0.46699679419347084,0.4669966880793814,0.5330063195288125,0.7330087352217816,0.39967298075811236,0.3500,1.0000,0.2500,8.646
2026-04-20 22:14:42.472,1470,0.46699679419347084,0.4669966880793814,0.5330063195288125,0.7330087352217816,0.39967298075811236,0.5500,1.0000,0.3000,8.617
2026-04-20 22:14:42.485,1471,0.46699679419347084,0.4669966880793814,0.5330063195288125,0.7330087352217816,0.39967298075811236,0.6000,1.0000,0.5500,11.540
2026-04-20 22:14:42.494,1472,0.46699679419347084,0.4669966880793814,0.5330063195288125,0.7330087352217816,0.39967298075811236,0.3500,1.0000,0.0500,12.612
2026-04-20 22:14:42.508,1473,0.46699679419347084,0.4669966880793814,0.5330063195288125,0.7330087352217816,0.39967298075811236,0.7500,0.8000,0.0000,8.150
2026-04-20 22:14:42.518,1474,0.46699679419347084,0.4669966880793814,0.5330063195288125,0.7330087352217816,0.39967298075811236,0.8000,1.0000,0.5000,11.940
2026-04-20 22:14:42.534,1475,0.46699679419347084,0.4669966880793814,0.5330063195288125,0.7330087352217816,0.39967298075811236,0.4500,1.0000,0.2500,14.547
2026-04-20 22:14:42.548,1476,0.46699679419347084,0.4669966880793814,0.5330063195288125,0.7330087352217816,0.39967298075811236,0.5000,1.0000,0.7000,11.253
2026-04-20 22:14:42.557,1477,0.46699679419347084,0.4669966880793814,0.5330063195288125,0.7330087352217816,0.39967298075811236,0.8000,1.0000,0.5500,12.121
2026-04-20 22:14:42.572,1478,0.46699679419347084,0.4669966880793814,0.5330063195288125,0.7330087352217816,0.39967298075811236,0.6500,1.0000,0.4500,10.378
2026-04-20 22:14:42.581,1479,0.46699679419347084,0.4669966880793814,0.5330063195288125,0.7330087352217816,0.39967298075811236,0.4500,1.0000,0.5000,11.770
2026-04-20 22:14:42.596,1480,0.46699679419347084,0.4669966880793814,0.5330063195288125,0.7330087352217816,0.39967298075811236,0.5500,1.0000,0.2500,9.546
2026-04-20 22:14:42.605,1481,0.46699679419347084,0.4669966880793814,0.5330063195288125,0.7330087352217816,0.39967298075811236,0.5000,1.0000,0.4000,10.661
2026-04-20 22:14:42.620,1482,0.46699679419347084,0.4669966880793814,0.5330063195288125,0.7330087352217816,0.39967298075811236,0.4000,1.0000,0.0000,10.727
2026-04-20 22:14:42.636,1483,0.46699679419347084,0.4669966880793814,0.5330063195288125,0.7330087352217816,0.39967298075811236,0.4000,1.0000,0.4000,11.341
2026-04-20 22:14:42.646,1484,0.46699679419347084,0.4669966880793814,0.5330063195288125,0.7330087352217816,0.39967298075811236,0.6000,1.0000,0.3500,10.312
2026-04-20 22:14:42.662,1485,0.46699679419347084,0.4669966880793814,0.5330063195288125,0.7330087352217816,0.39967298075811236,0.3500,1.0000,0.1500,9.728
2026-04-20 22:14:42.671,1486,0.46699679419347084,0.4669966880793814,0.5330063195288125,0.7330087352217816,0.39967298075811236,0.1500,1.0000,0.6500,13.301
2026-04-20 22:14:42.689,1487,0.46699679419347084,0.4669966880793814,0.5330063195288125,0.7330087352217816,0.39967298075811236,0.5000,1.0000,0.2500,11.145
2026-04-20 22:14:42.698,1488,0.46699679419347084,0.4669966880793814,0.5330063195288125,0.7330087352217816,0.39967298075811236,0.3500,1.0000,-0.0500,8.420
2026-04-20 22:14:42.714,1489,0.46699679419347084,0.4669966880793814,0.5330063195288125,0.7330087352217816,0.39967298075811236,0.7500,1.0000,0.5000,9.920
2026-04-20 22:14:42.723,1490,0.46699679419347084,0.4669966880793814,0.5330063195288125,0.7330087352217816,0.39967298075811236,0.5000,0.9500,-0.0500,10.046
2026-04-20 22:14:42.738,1491,0.46699679419347084,0.4669966880793814,0.5330063195288125,0.7330087352217816,0.39967298075811236,0.4500,1.0000,0.6500,12.557
2026-04-20 22:14:42.753,1492,0.46699679419347084,0.4669966880793814,0.5330063195288125,0.7330087352217816,0.39967298075811236,0.4500,1.0000,0.1000,12.323
2026-04-20 22:14:42.763,1493,0.46699679419347084,0.4669966880793814,0.5330063195288125,0.7330087352217816,0.39967298075811236,0.5500,1.0000,0.4000,13.130
2026-04-20 22:14:42.781,1494,0.46699679419347084,0.4669966880793814,0.5330063195288125,0.7330087352217816,0.39967298075811236,0.2500,1.0000,0.3500,10.369
2026-04-20 22:14:42.791,1495,0.46699679419347084,0.4669966880793814,0.5330063195288125,0.7330087352217816,0.39967298075811236,0.1000,1.0000,0.4000,11.316
2026-04-20 22:14:42.806,1496,0.46699679419347084,0.4669966880793814,0.5330063195288125,0.7330087352217816,0.39967298075811236,0.5500,1.0000,0.1500,9.995
2026-04-20 22:14:42.816,1497,0.46699679419347084,0.4669966880793814,0.5330063195288125,0.7330087352217816,0.39967298075811236,0.5500,1.0000,0.5500,12.410
2026-04-20 22:14:42.832,1498,0.46699679419347084,0.4669966880793814,0.5330063195288125,0.7330087352217816,0.39967298075811236,0.4000,1.0000,0.4500,9.453
2026-04-20 22:14:42.849,1499,0.46699679419347084,0.4669966880793814,0.5330063195288125,0.7330087352217816,0.39967298075811236,0.6000,1.0000,0.4000,11.003
2026-04-20 22:14:42.859,1500,0.46699679419347084,0.4669966880793814,0.5330063195288125,0.7330087352217816,0.39967298075811236,0.6500,1.0000,0.3500,10.213
2026-04-20 22:14:42.874,1501,0.46699679419347084,0.4669966880793814,0.5330063195288125,0.7330087352217816,0.39967298075811236,0.4500,1.0000,0.4000,7.039
2026-04-20 22:14:42.883,1502,0.46699679419347084,0.4669966880793814,0.5330063195288125,0.7330087352217816,0.39967298075811236,0.7000,1.0000,0.2500,13.308
2026-04-20 22:14:42.899,1503,0.46699679419347084,0.4669966880793814,0.5330063195288125,0.7330087352217816,0.39967298075811236,0.4000,1.0000,0.4000,11.206
2026-04-20 22:14:42.909,1504,0.46699679419347084,0.4669966880793814,0.5330063195288125,0.7330087352217816,0.39967298075811236,0.3500,1.0000,0.4000,6.862
2026-04-20 22:14:42.924,1505,0.46699679419347084,0.4669966880793814,0.5330063195288125,0.7330087352217816,0.39967298075811236,0.6500,1.0000,0.2000,11.875
2026-04-20 22:14:42.934,1506,0.46699679419347084,0.4669966880793814,0.5330063195288125,0.7330087352217816,0.39967298075811236,0.4000,1.0000,0.2500,11.610
2026-04-20 22:14:42.950,1507,0.46699679419347084,0.4669966880793814,0.5330063195288125,0.7330087352217816,0.39967298075811236,0.5000,1.0000,0.1500,12.783
2026-04-20 22:14:42.966,1508,0.46699679419347084,0.4669966880793814,0.5330063195288125,0.7330087352217816,0.39967298075811236,0.5500,1.0000,0.4500,12.035
2026-04-20 22:14:42.976,1509,0.46699679419347084,0.4669966880793814,0.5330063195288125,0.7330087352217816,0.39967298075811236,0.6000,1.0000,0.3500,10.144
2026-04-20 22:14:42.993,1510,0.46699679419347084,0.4669966880793814,0.5330063195288125,0.7330087352217816,0.39967298075811236,0.3500,1.0000,0.3000,7.855
2026-04-20 22:14:43.005,1511,0.46699679419347084,0.4669966880793814,0.5330063195288125,0.7330087352217816,0.39967298075811236,0.7500,1.0000,0.1000,11.258
2026-04-20 22:14:43.022,1512,0.46699679419347084,0.4669966880793814,0.5330063195288125,0.7330087352217816,0.39967298075811236,0.6500,1.0000,0.5500,15.012
2026-04-20 22:14:43.031,1513,0.46699679419347084,0.4669966880793814,0.5330063195288125,0.7330087352217816,0.39967298075811236,0.5000,1.0000,0.5000,9.141
2026-04-20 22:14:43.047,1514,0.46699679419347084,0.4669966880793814,0.5330063195288125,0.7330087352217816,0.39967298075811236,0.6000,1.0000,0.5500,11.941
2026-04-20 22:14:43.063,1515,0.46699679419347084,0.4669966880793814,0.5330063195288125,0.7330087352217816,0.39967298075811236,0.5000,1.0000,0.3500,12.336
2026-04-20 22:14:43.073,1516,0.46699679419347084,0.4669966880793814,0.5330063195288125,0.7330087352217816,0.39967298075811236,0.3500,1.0000,0.3000,9.544
2026-04-20 22:14:43.090,1517,0.46699679419347084,0.4669966880793814,0.5330063195288125,0.7330087352217816,0.39967298075811236,0.5000,1.0000,0.3000,8.755
2026-04-20 22:14:43.099,1518,0.46699679419347084,0.4669966880793814,0.5330063195288125,0.7330087352217816,0.39967298075811236,0.3000,1.0000,0.3500,7.831
2026-04-20 22:14:43.116,1519,0.46699679419347084,0.4669966880793814,0.5330063195288125,0.7330087352217816,0.39967298075811236,0.2500,1.0000,0.0500,6.488
2026-04-20 22:14:43.126,1520,0.46699679419347084,0.4669966880793814,0.5330063195288125,0.7330087352217816,0.39967298075811236,0.7500,1.0000,0.5000,11.311
2026-04-20 22:14:43.142,1521,0.46699679419347084,0.4669966880793814,0.5330063195288125,0.7330087352217816,0.39967298075811236,0.1000,1.0000,0.4000,10.605
2026-04-20 22:14:43.152,1522,0.46699679419347084,0.4669966880793814,0.5330063195288125,0.7330087352217816,0.39967298075811236,0.1500,1.0000,0.3500,10.168
2026-04-20 22:14:43.168,1523,0.46699679419347084,0.4669966880793814,0.5330063195288125,0.7330087352217816,0.39967298075811236,0.7000,1.0000,0.5500,13.322
2026-04-20 22:14:43.186,1524,0.46699679419347084,0.4669966880793814,0.5330063195288125,0.7330087352217816,0.39967298075811236,0.7500,1.0000,0.3500,12.000
2026-04-20 22:14:43.196,1525,0.46699679419347084,0.4669966880793814,0.5330063195288125,0.7330087352217816,0.39967298075811236,0.9000,1.0000,0.4500,13.981
2026-04-20 22:14:43.214,1526,0.46699679419347084,0.4669966880793814,0.5330063195288125,0.7330087352217816,0.39967298075811236,0.6000,1.0000,0.4000,12.638
2026-04-20 22:14:43.225,1527,0.46699679419347084,0.4669966880793814,0.5330063195288125,0.7330087352217816,0.39967298075811236,0.3000,1.0000,0.1500,13.059
2026-04-20 22:14:43.362,1528,0.46699679419347084,0.4669966880793814,0.5330063195288125,0.7330087352217816,0.39967298075811236,0.6500,1.0000,0.4500,11.015
2026-04-20 22:14:43.373,1529,0.46699679419347084,0.4669966880793814,0.5330063195288125,0.7330087352217816,0.39967298075811236,0.5500,1.0000,0.2500,10.628
2026-04-20 22:14:43.384,1530,0.46699679419347084,0.4669966880793814,0.5330063195288125,0.7330087352217816,0.39967298075811236,0.2500,1.0000,0.2500,10.271
2026-04-20 22:14:43.396,1531,0.46699679419347084,0.4669966880793814,0.5330063195288125,0.7330087352217816,0.39967298075811236,0.3500,1.0000,0.6000,9.830
2026-04-20 22:14:43.407,1532,0.46699679419347084,0.4669966880793814,0.5330063195288125,0.7330087352217816,0.39967298075811236,0.6000,1.0000,0.4000,11.716
2026-04-20 22:14:43.418,1533,0.46699679419347084,0.4669966880793814,0.5330063195288125,0.7330087352217816,0.39967298075811236,0.7500,1.0000,0.3500,12.208
2026-04-20 22:14:43.430,1534,0.46699679419347084,0.4669966880793814,0.5330063195288125,0.7330087352217816,0.39967298075811236,0.8000,1.0000,0.3500,14.813
2026-04-20 22:14:43.442,1535,0.46699679419347084,0.4669966880793814,0.5330063195288125,0.7330087352217816,0.39967298075811236,0.5000,1.0000,0.5000,9.957
2026-04-20 22:14:43.453,1536,0.46699679419347084,0.4669966880793814,0.5330063195288125,0.7330087352217816,0.39967298075811236,0.8000,1.0000,0.5000,13.507
2026-04-20 22:14:43.465,1537,0.46699679419347084,0.4669966880793814,0.5330063195288125,0.7330087352217816,0.39967298075811236,0.6500,1.0000,0.0000,9.273
2026-04-20 22:14:43.475,1538,0.46699679419347084,0.4669966880793814,0.5330063195288125,0.7330087352217816,0.39967298075811236,0.6500,1.0000,0.3500,7.602
2026-04-20 22:14:43.488,1539,0.46699679419347084,0.4669966880793814,0.5330063195288125,0.7330087352217816,0.39967298075811236,0.4500,1.0000,0.1500,10.751
2026-04-20 22:14:43.499,1540,0.46699679419347084,0.4669966880793814,0.5330063195288125,0.7330087352217816,0.39967298075811236,0.8000,1.0000,0.3500,13.927
2026-04-20 22:14:43.510,1541,0.46699679419347084,0.4669966880793814,0.5330063195288125,0.7330087352217816,0.39967298075811236,0.6500,1.0000,0.4000,11.019
2026-04-20 22:14:43.522,1542,0.46699679419347084,0.4669966880793814,0.5330063195288125,0.7330087352217816,0.39967298075811236,0.5000,1.0000,0.1500,8.059
2026-04-20 22:14:43.533,1543,0.46699679419347084,0.4669966880793814,0.5330063195288125,0.7330087352217816,0.39967298075811236,0.5500,1.0000,0.3000,12.341
2026-04-20 22:14:43.544,1544,0.46699679419347084,0.4669966880793814,0.5330063195288125,0.7330087352217816,0.39967298075811236,0.5500,1.0000,0.5000,12.261
2026-04-20 22:14:43.555,1545,0.46699679419347084,0.4669966880793814,0.5330063195288125,0.7330087352217816,0.39967298075811236,0.4000,1.0000,0.2000,11.149
2026-04-20 22:14:43.567,1546,0.46699679419347084,0.4669966880793814,0.5330063195288125,0.7330087352217816,0.39967298075811236,0.3000,1.0000,0.4000,9.785
2026-04-20 22:14:43.579,1547,0.46699679419347084,0.4669966880793814,0.5330063195288125,0.7330087352217816,0.39967298075811236,0.4000,1.0000,0.3500,10.161
2026-04-20 22:14:43.590,1548,0.46699679419347084,0.4669966880793814,0.5330063195288125,0.7330087352217816,0.39967298075811236,0.7000,1.0000,0.4000,12.724
2026-04-20 22:14:43.602,1549,0.46699679419347084,0.4669966880793814,0.5330063195288125,0.7330087352217816,0.39967298075811236,0.7500,1.0000,0.6500,15.888
2026-04-20 22:14:43.613,1550,0.46699679419347084,0.4669966880793814,0.5330063195288125,0.7330087352217816,0.39967298075811236,0.8000,1.0000,0.7000,12.827
2026-04-20 22:14:43.625,1551,0.46699679419347084,0.4669966880793814,0.5330063195288125,0.7330087352217816,0.39967298075811236,0.6000,1.0000,0.5000,12.972
2026-04-20 22:14:43.635,1552,0.46699679419347084,0.4669966880793814,0.5330063195288125,0.7330087352217816,0.39967298075811236,0.5000,1.0000,0.4000,8.212
2026-04-20 22:14:43.647,1553,0.46699679419347084,0.4669966880793814,0.5330063195288125,0.7330087352217816,0.39967298075811236,0.8000,1.0000,0.1500,7.984
2026-04-20 22:14:43.658,1554,0.46699679419347084,0.4669966880793814,0.5330063195288125,0.7330087352217816,0.39967298075811236,0.4000,1.0000,0.2500,11.410
2026-04-20 22:14:43.670,1555,0.46699679419347084,0.4669966880793814,0.5330063195288125,0.7330087352217816,0.39967298075811236,0.4500,1.0000,0.1500,7.624
2026-04-20 22:14:43.683,1556,0.46699679419347084,0.4669966880793814,0.5330063195288125,0.7330087352217816,0.39967298075811236,0.8000,1.0000,0.3500,12.399
2026-04-20 22:14:43.692,1557,0.46699679419347084,0.4669966880793814,0.5330063195288125,0.7330087352217816,0.39967298075811236,0.4500,1.0000,0.4000,13.065
2026-04-20 22:14:43.704,1558,0.46699679419347084,0.4669966880793814,0.5330063195288125,0.7330087352217816,0.39967298075811236,0.6000,1.0000,0.1000,11.611
2026-04-20 22:14:43.717,1559,0.46699679419347084,0.4669966880793814,0.5330063195288125,0.7330087352217816,0.39967298075811236,0.3000,1.0000,0.2000,12.658
2026-04-20 22:14:43.734,1560,0.46699679419347084,0.4669966880793814,0.5330063195288125,0.7330087352217816,0.39967298075811236,0.6000,1.0000,0.1500,12.022
2026-04-20 22:14:43.747,1561,0.46699679419347084,0.4669966880793814,0.5330063195288125,0.7330087352217816,0.39967298075811236,0.6000,1.0000,0.3500,14.235
2026-04-20 22:14:43.760,1562,0.46699679419347084,0.4669966880793814,0.5330063195288125,0.7330087352217816,0.39967298075811236,0.2000,1.0000,0.6000,7.311
2026-04-20 22:14:43.773,1563,0.46699679419347084,0.4669966880793814,0.5330063195288125,0.7330087352217816,0.39967298075811236,0.2500,1.0000,0.4000,9.012
2026-04-20 22:14:43.784,1564,0.46699679419347084,0.4669966880793814,0.5330063195288125,0.7330087352217816,0.39967298075811236,0.6000,1.0000,0.2000,12.548
2026-04-20 22:14:43.796,1565,0.46699679419347084,0.4669966880793814,0.5330063195288125,0.7330087352217816,0.39967298075811236,0.6000,1.0000,0.3500,9.639
2026-04-20 22:14:43.807,1566,0.46699679419347084,0.4669966880793814,0.5330063195288125,0.7330087352217816,0.39967298075811236,0.5000,1.0000,0.2000,9.179
2026-04-20 22:14:43.820,1567,0.46699679419347084,0.4669966880793814,0.5330063195288125,0.7330087352217816,0.39967298075811236,0.8000,1.0000,0.3000,10.892
2026-04-20 22:14:43.831,1568,0.46699679419347084,0.4669966880793814,0.5330063195288125,0.7330087352217816,0.39967298075811236,0.5500,1.0000,0.2000,13.049
2026-04-20 22:14:43.844,1569,0.46699679419347084,0.4669966880793814,0.5330063195288125,0.7330087352217816,0.39967298075811236,0.6000,1.0000,0.3000,11.445
2026-04-20 22:14:43.855,1570,0.46699679419347084,0.4669966880793814,0.5330063195288125,0.7330087352217816,0.39967298075811236,0.5500,1.0000,0.6000,9.087
2026-04-20 22:14:43.871,1571,0.46699679419347084,0.4669966880793814,0.5330063195288125,0.7330087352217816,0.39967298075811236,0.4000,1.0000,0.3500,11.626
2026-04-20 22:14:43.886,1572,0.46699679419347084,0.4669966880793814,0.5330063195288125,0.7330087352217816,0.39967298075811236,0.4500,1.0000,0.3000,13.075
2026-04-20 22:14:43.900,1573,0.46699679419347084,0.4669966880793814,0.5330063195288125,0.7330087352217816,0.39967298075811236,0.4500,1.0000,0.7000,13.979
2026-04-20 22:14:43.914,1574,0.46699679419347084,0.4669966880793814,0.5330063195288125,0.7330087352217816,0.39967298075811236,0.8000,1.0000,0.2500,13.164
2026-04-20 22:14:43.927,1575,0.46699679419347084,0.4669966880793814,0.5330063195288125,0.7330087352217816,0.39967298075811236,0.6500,1.0000,0.4500,15.121
2026-04-20 22:14:43.941,1576,0.46699679419347084,0.4669966880793814,0.5330063195288125,0.7330087352217816,0.39967298075811236,0.7500,1.0000,0.5000,10.614
2026-04-20 22:14:43.952,1577,0.46699679419347084,0.4669966880793814,0.5330063195288125,0.7330087352217816,0.39967298075811236,0.4500,1.0000,0.2500,9.660
2026-04-20 22:14:43.966,1578,0.46699679419347084,0.4669966880793814,0.5330063195288125,0.7330087352217816,0.39967298075811236,0.3500,1.0000,0.6500,10.502
2026-04-20 22:14:43.982,1579,0.46699679419347084,0.4669966880793814,0.5330063195288125,0.7330087352217816,0.39967298075811236,0.6000,1.0000,0.1000,7.120
2026-04-20 22:14:43.994,1580,0.46699679419347084,0.4669966880793814,0.5330063195288125,0.7330087352217816,0.39967298075811236,0.5500,1.0000,0.2000,9.397
2026-04-20 22:14:44.008,1581,0.46699679419347084,0.4669966880793814,0.5330063195288125,0.7330087352217816,0.39967298075811236,0.7000,1.0000,0.6500,10.678
2026-04-20 22:14:44.019,1582,0.46699679419347084,0.4669966880793814,0.5330063195288125,0.7330087352217816,0.39967298075811236,0.6500,1.0000,0.4500,11.533
2026-04-20 22:14:44.034,1583,0.46699679419347084,0.4669966880793814,0.5330063195288125,0.7330087352217816,0.39967298075811236,0.1500,1.0000,0.5000,9.635
2026-04-20 22:14:44.046,1584,0.46699679419347084,0.4669966880793814,0.5330063195288125,0.7330087352217816,0.39967298075811236,-0.0500,1.0000,0.3500,10.361
2026-04-20 22:14:44.059,1585,0.46699679419347084,0.4669966880793814,0.5330063195288125,0.7330087352217816,0.39967298075811236,0.7000,1.0000,0.4000,13.446
2026-04-20 22:14:44.072,1586,0.46699679419347084,0.4669966880793814,0.5330063195288125,0.7330087352217816,0.39967298075811236,0.4000,1.0000,0.6500,13.913
2026-04-20 22:14:44.083,1587,0.46699679419347084,0.4669966880793814,0.5330063195288125,0.7330087352217816,0.39967298075811236,0.2500,1.0000,0.2500,12.072
2026-04-20 22:14:44.096,1588,0.46699679419347084,0.4669966880793814,0.5330063195288125,0.7330087352217816,0.39967298075811236,0.4000,1.0000,0.2500,8.147
2026-04-20 22:14:44.106,1589,0.46699679419347084,0.4669966880793814,0.5330063195288125,0.7330087352217816,0.39967298075811236,0.8000,1.0000,0.4000,11.987
2026-04-20 22:14:44.121,1590,0.46699679419347084,0.4669966880793814,0.5330063195288125,0.7330087352217816,0.39967298075811236,0.8000,1.0000,0.2500,9.190
2026-04-20 22:14:44.133,1591,0.46699679419347084,0.4669966880793814,0.5330063195288125,0.7330087352217816,0.39967298075811236,0.4500,1.0000,0.5000,9.973
2026-04-20 22:14:44.146,1592,0.46699679419347084,0.4669966880793814,0.5330063195288125,0.7330087352217816,0.39967298075811236,0.6500,1.0000,0.2000,9.803
2026-04-20 22:14:44.156,1593,0.46699679419347084,0.4669966880793814,0.5330063195288125,0.7330087352217816,0.39967298075811236,0.7000,1.0000,0.4000,10.636
2026-04-20 22:14:44.168,1594,0.46699679419347084,0.4669966880793814,0.5330063195288125,0.7330087352217816,0.39967298075811236,0.3500,1.0000,0.3000,10.259
2026-04-20 22:14:44.182,1595,0.46699679419347084,0.4669966880793814,0.5330063195288125,0.7330087352217816,0.39967298075811236,0.5000,1.0000,0.5000,11.459
2026-04-20 22:14:44.195,1596,0.46699679419347084,0.4669966880793814,0.5330063195288125,0.7330087352217816,0.39967298075811236,0.6000,1.0000,0.1000,9.491
2026-04-20 22:14:44.209,1597,0.46699679419347084,0.4669966880793814,0.5330063195288125,0.7330087352217816,0.39967298075811236,0.7000,1.0000,0.5500,13.627
2026-04-20 22:14:44.220,1598,0.46699679419347084,0.4669966880793814,0.5330063195288125,0.7330087352217816,0.39967298075811236,0.7000,1.0000,0.2500,8.017
2026-04-20 22:14:44.234,1599,0.46699679419347084,0.4669966880793814,0.5330063195288125,0.7330087352217816,0.39967298075811236,0.5000,1.0000,0.2500,15.809
2026-04-20 22:14:44.245,1600,0.46699679419347084,0.4669966880793814,0.5330063195288125,0.7330087352217816,0.39967298075811236,0.7000,1.0000,0.4500,12.956
2026-04-20 22:14:44.260,1601,0.46699679419347084,0.4669966880793814,0.5330063195288125,0.7330087352217816,0.39967298075811236,0.3500,1.0000,0.5500,10.871
2026-04-20 22:14:44.275,1602,0.46699679419347084,0.4669966880793814,0.5330063195288125,0.7330087352217816,0.39967298075811236,0.4500,1.0000,0.4000,11.182
2026-04-20 22:14:44.286,1603,0.46699679419347084,0.4669966880793814,0.5330063195288125,0.7330087352217816,0.39967298075811236,0.3500,1.0000,0.0500,10.846
2026-04-20 22:14:44.302,1604,0.46699679419347084,0.4669966880793814,0.5330063195288125,0.7330087352217816,0.39967298075811236,-0.2000,1.0000,0.4500,8.114
2026-04-20 22:14:44.314,1605,0.46699679419347084,0.4669966880793814,0.5330063195288125,0.7330087352217816,0.39967298075811236,0.5500,1.0000,0.2500,9.982
2026-04-20 22:14:44.330,1606,0.46699679419347084,0.4669966880793814,0.5330063195288125,0.7330087352217816,0.39967298075811236,0.4500,1.0000,0.6000,12.888
2026-04-20 22:14:44.342,1607,0.46699679419347084,0.4669966880793814,0.5330063195288125,0.7330087352217816,0.39967298075811236,0.5000,1.0000,0.4000,9.045
2026-04-20 22:14:44.359,1608,0.46699679419347084,0.4669966880793814,0.5330063195288125,0.7330087352217816,0.39967298075811236,0.8000,1.0000,0.6000,11.359
2026-04-20 22:14:44.371,1609,0.46699679419347084,0.4669966880793814,0.5330063195288125,0.7330087352217816,0.39967298075811236,0.4000,1.0000,0.6500,10.482
2026-04-20 22:14:44.388,1610,0.46699679419347084,0.4669966880793814,0.5330063195288125,0.7330087352217816,0.39967298075811236,0.4500,1.0000,0.2000,11.969
2026-04-20 22:14:44.404,1611,0.46699679419347084,0.4669966880793814,0.5330063195288125,0.7330087352217816,0.39967298075811236,0.4000,1.0000,0.2500,6.865
2026-04-20 22:14:44.415,1612,0.46699679419347084,0.4669966880793814,0.5330063195288125,0.7330087352217816,0.39967298075811236,0.5500,1.0000,0.1500,9.756
2026-04-20 22:14:44.431,1613,0.46699679419347084,0.4669966880793814,0.5330063195288125,0.7330087352217816,0.39967298075811236,0.3500,1.0000,0.5000,10.602
2026-04-20 22:14:44.443,1614,0.46699679419347084,0.4669966880793814,0.5330063195288125,0.7330087352217816,0.39967298075811236,0.1500,1.0000,0.0500,8.388
2026-04-20 22:14:44.459,1615,0.46699679419347084,0.4669966880793814,0.5330063195288125,0.7330087352217816,0.39967298075811236,0.5000,1.0000,0.6500,14.100
2026-04-20 22:14:44.470,1616,0.46699679419347084,0.4669966880793814,0.5330063195288125,0.7330087352217816,0.39967298075811236,0.0500,1.0000,0.5500,14.229
2026-04-20 22:14:44.486,1617,0.46699679419347084,0.4669966880793814,0.5330063195288125,0.7330087352217816,0.39967298075811236,0.3500,1.0000,0.4500,9.202
2026-04-20 22:14:44.501,1618,0.46699679419347084,0.4669966880793814,0.5330063195288125,0.7330087352217816,0.39967298075811236,0.7500,1.0000,0.4500,8.810
2026-04-20 22:14:44.512,1619,0.46699679419347084,0.4669966880793814,0.5330063195288125,0.7330087352217816,0.39967298075811236,0.5500,1.0000,0.3500,9.347
2026-04-20 22:14:44.529,1620,0.46699679419347084,0.4669966880793814,0.5330063195288125,0.7330087352217816,0.39967298075811236,0.5500,1.0000,0.5000,13.757
2026-04-20 22:14:44.541,1621,0.46699679419347084,0.4669966880793814,0.5330063195288125,0.7330087352217816,0.39967298075811236,0.8000,1.0000,0.2000,11.798
2026-04-20 22:14:44.556,1622,0.46699679419347084,0.4669966880793814,0.5330063195288125,0.7330087352217816,0.39967298075811236,0.6000,1.0000,0.4000,13.256
2026-04-20 22:14:44.568,1623,0.46699679419347084,0.4669966880793814,0.5330063195288125,0.7330087352217816,0.39967298075811236,0.4500,1.0000,0.2000,9.257
2026-04-20 22:14:44.583,1624,0.46699679419347084,0.4669966880793814,0.5330063195288125,0.7330087352217816,0.39967298075811236,0.9000,1.0000,0.2000,9.544
2026-04-20 22:14:44.593,1625,0.46699679419347084,0.4669966880793814,0.5330063195288125,0.7330087352217816,0.39967298075811236,0.6000,1.0000,0.2500,12.353
2026-04-20 22:14:44.610,1626,0.46699679419347084,0.4669966880793814,0.5330063195288125,0.7330087352217816,0.39967298075811236,0.8000,1.0000,0.0500,10.913
2026-04-20 22:14:44.632,1627,0.46699679419347084,0.4669966880793814,0.5330063195288125,0.7330087352217816,0.39967298075811236,0.3500,1.0000,0.4000,8.987
2026-04-20 22:14:44.644,1628,0.46699679419347084,0.4669966880793814,0.5330063195288125,0.7330087352217816,0.39967298075811236,0.4500,1.0000,0.4500,11.372
2026-04-20 22:14:44.661,1629,0.46699679419347084,0.4669966880793814,0.5330063195288125,0.7330087352217816,0.39967298075811236,0.6000,1.0000,0.1000,9.068
2026-04-20 22:14:44.672,1630,0.46699679419347084,0.4669966880793814,0.5330063195288125,0.7330087352217816,0.39967298075811236,0.6000,1.0000,0.4000,9.542
2026-04-20 22:14:44.688,1631,0.46699679419347084,0.4669966880793814,0.5330063195288125,0.7330087352217816,0.39967298075811236,0.7000,1.0000,0.3000,12.936
2026-04-20 22:14:44.699,1632,0.46699679419347084,0.4669966880793814,0.5330063195288125,0.7330087352217816,0.39967298075811236,0.5500,1.0000,0.2500,9.836
2026-04-20 22:14:44.717,1633,0.46699679419347084,0.4669966880793814,0.5330063195288125,0.7330087352217816,0.39967298075811236,0.4500,1.0000,0.2500,11.044
2026-04-20 22:14:44.733,1634,0.46699679419347084,0.4669966880793814,0.5330063195288125,0.7330087352217816,0.39967298075811236,0.1000,1.0000,0.4000,10.518
2026-04-20 22:14:44.742,1635,0.46699679419347084,0.4669966880793814,0.5330063195288125,0.7330087352217816,0.39967298075811236,0.3500,1.0000,0.4500,13.189
2026-04-20 22:14:44.757,1636,0.46699679419347084,0.4669966880793814,0.5330063195288125,0.7330087352217816,0.39967298075811236,0.4500,1.0000,0.4500,8.775
2026-04-20 22:14:44.767,1637,0.46699679419347084,0.4669966880793814,0.5330063195288125,0.7330087352217816,0.39967298075811236,0.4500,1.0000,0.3500,9.894
2026-04-20 22:14:44.781,1638,0.46699679419347084,0.4669966880793814,0.5330063195288125,0.7330087352217816,0.39967298075811236,0.3000,1.0000,0.1500,10.544
2026-04-20 22:14:44.791,1639,0.46699679419347084,0.4669966880793814,0.5330063195288125,0.7330087352217816,0.39967298075811236,0.2000,1.0000,0.0500,9.882
2026-04-20 22:14:44.806,1640,0.46699679419347084,0.4669966880793814,0.5330063195288125,0.7330087352217816,0.39967298075811236,0.1500,1.0000,0.2500,11.960
2026-04-20 22:14:44.818,1641,0.46699679419347084,0.4669966880793814,0.5330063195288125,0.7330087352217816,0.39967298075811236,0.2000,1.0000,0.5000,14.485
2026-04-20 22:14:44.835,1642,0.46699679419347084,0.4669966880793814,0.5330063195288125,0.7330087352217816,0.39967298075811236,0.4000,1.0000,0.6000,10.789
2026-04-20 22:14:44.852,1643,0.46699679419347084,0.4669966880793814,0.5330063195288125,0.7330087352217816,0.39967298075811236,0.3000,1.0000,0.1500,12.099
2026-04-20 22:14:44.864,1644,0.46699679419347084,0.4669966880793814,0.5330063195288125,0.7330087352217816,0.39967298075811236,0.7500,0.7500,-0.1000,10.561
2026-04-20 22:14:44.884,1645,0.46699679419347084,0.4669966880793814,0.5330063195288125,0.7330087352217816,0.39967298075811236,0.5000,1.0000,0.2500,9.027
2026-04-20 22:14:44.895,1646,0.46699679419347084,0.4669966880793814,0.5330063195288125,0.7330087352217816,0.39967298075811236,0.4000,1.0000,0.3000,14.170
2026-04-20 22:14:44.912,1647,0.46699679419347084,0.4669966880793814,0.5330063195288125,0.7330087352217816,0.39967298075811236,0.6000,1.0000,0.6500,9.966
2026-04-20 22:14:44.953,1648,0.46699679419347084,0.4669966880793814,0.5330063195288125,0.7330087352217816,0.39967298075811236,0.5500,1.0000,0.2500,10.909
2026-04-20 22:14:44.993,1649,0.46699679419347084,0.4669966880793814,0.5330063195288125,0.7330087352217816,0.39967298075811236,0.6500,1.0000,0.2000,12.109
2026-04-20 22:14:45.021,1650,0.46699679419347084,0.4669966880793814,0.5330063195288125,0.7330087352217816,0.39967298075811236,0.4500,1.0000,-0.0500,11.122
2026-04-20 22:14:45.041,1651,0.46699679419347084,0.4669966880793814,0.5330063195288125,0.7330087352217816,0.39967298075811236,0.4000,1.0000,0.3000,7.170
2026-04-20 22:14:45.069,1652,0.46699679419347084,0.4669966880793814,0.5330063195288125,0.7330087352217816,0.39967298075811236,0.6000,1.0000,0.4000,14.453
2026-04-20 22:14:45.087,1653,0.46699679419347084,0.4669966880793814,0.5330063195288125,0.7330087352217816,0.39967298075811236,0.4500,1.0000,0.6000,10.765
2026-04-20 22:14:45.113,1654,0.46699679419347084,0.4669966880793814,0.5330063195288125,0.7330087352217816,0.39967298075811236,0.4500,1.0000,0.5000,12.187
2026-04-20 22:14:45.129,1655,0.46699679419347084,0.4669966880793814,0.5330063195288125,0.7330087352217816,0.39967298075811236,0.6500,1.0000,0.5500,8.550
2026-04-20 22:14:45.153,1656,0.46699679419347084,0.4669966880793814,0.5330063195288125,0.7330087352217816,0.39967298075811236,0.7500,1.0000,0.5500,11.243
2026-04-20 22:14:45.185,1657,0.46699679419347084,0.4669966880793814,0.5330063195288125,0.7330087352217816,0.39967298075811236,0.1500,1.0000,0.4500,10.110
2026-04-20 22:14:45.198,1658,0.46699679419347084,0.4669966880793814,0.5330063195288125,0.7330087352217816,0.39967298075811236,0.4500,1.0000,0.4500,11.638
2026-04-20 22:14:45.219,1659,0.46699679419347084,0.4669966880793814,0.5330063195288125,0.7330087352217816,0.39967298075811236,0.4500,1.0000,0.2000,11.757
2026-04-20 22:14:45.231,1660,0.46699679419347084,0.4669966880793814,0.5330063195288125,0.7330087352217816,0.39967298075811236,0.7000,1.0000,0.4000,12.012
2026-04-20 22:14:45.248,1661,0.46699679419347084,0.4669966880793814,0.5330063195288125,0.7330087352217816,0.39967298075811236,0.7000,1.0000,0.2000,9.510
2026-04-20 22:14:45.263,1662,0.46699679419347084,0.4669966880793814,0.5330063195288125,0.7330087352217816,0.39967298075811236,0.4000,1.0000,0.2500,11.251
2026-04-20 22:14:45.297,1663,0.46699679419347084,0.4669966880793814,0.5330063195288125,0.7330087352217816,0.39967298075811236,0.4500,1.0000,0.5500,14.184
2026-04-20 22:14:45.312,1664,0.46699679419347084,0.4669966880793814,0.5330063195288125,0.7330087352217816,0.39967298075811236,0.8000,1.0000,0.3000,9.807
2026-04-20 22:14:45.330,1665,0.46699679419347084,0.4669966880793814,0.5330063195288125,0.7330087352217816,0.39967298075811236,0.5000,1.0000,0.3000,8.942
2026-04-20 22:14:45.349,1666,0.46699679419347084,0.4669966880793814,0.5330063195288125,0.7330087352217816,0.39967298075811236,0.7500,1.0000,0.3000,14.428
2026-04-20 22:14:45.359,1667,0.46699679419347084,0.4669966880793814,0.5330063195288125,0.7330087352217816,0.39967298075811236,0.5500,1.0000,0.4000,12.126
2026-04-20 22:14:45.377,1668,0.46699679419347084,0.4669966880793814,0.5330063195288125,0.7330087352217816,0.39967298075811236,0.6000,1.0000,0.3000,13.353
2026-04-20 22:14:45.390,1669,0.46699679419347084,0.4669966880793814,0.5330063195288125,0.7330087352217816,0.39967298075811236,0.3500,1.0000,0.1000,11.484
2026-04-20 22:14:45.408,1670,0.46699679419347084,0.4669966880793814,0.5330063195288125,0.7330087352217816,0.39967298075811236,0.8000,1.0000,0.5000,12.631
2026-04-20 22:14:45.418,1671,0.46699679419347084,0.4669966880793814,0.5330063195288125,0.7330087352217816,0.39967298075811236,0.3000,1.0000,0.5000,10.506
2026-04-20 22:14:45.435,1672,0.46699679419347084,0.4669966880793814,0.5330063195288125,0.7330087352217816,0.39967298075811236,0.5000,1.0000,0.3500,10.709
2026-04-20 22:14:45.452,1673,0.46699679419347084,0.4669966880793814,0.5330063195288125,0.7330087352217816,0.39967298075811236,0.5000,1.0000,0.4000,14.231
2026-04-20 22:14:45.462,1674,0.46699679419347084,0.4669966880793814,0.5330063195288125,0.7330087352217816,0.39967298075811236,0.4500,1.0000,0.4000,8.874
2026-04-20 22:14:45.478,1675,0.46699679419347084,0.4669966880793814,0.5330063195288125,0.7330087352217816,0.39967298075811236,0.9000,1.0000,0.3500,10.805
2026-04-20 22:14:45.487,1676,0.46699679419347084,0.4669966880793814,0.5330063195288125,0.7330087352217816,0.39967298075811236,0.6500,1.0000,0.3500,12.666
2026-04-20 22:14:45.503,1677,0.46699679419347084,0.4669966880793814,0.5330063195288125,0.7330087352217816,0.39967298075811236,0.4500,1.0000,0.1000,10.417
2026-04-20 22:14:45.513,1678,0.46699679419347084,0.4669966880793814,0.5330063195288125,0.7330087352217816,0.39967298075811236,0.5500,1.0000,0.4500,14.235
2026-04-20 22:14:45.529,1679,0.46699679419347084,0.4669966880793814,0.5330063195288125,0.7330087352217816,0.39967298075811236,0.3500,1.0000,0.6000,13.800
2026-04-20 22:14:45.538,1680,0.46699679419347084,0.4669966880793814,0.5330063195288125,0.7330087352217816,0.39967298075811236,0.1000,1.0000,0.3500,8.091
2026-04-20 22:14:45.554,1681,0.46699679419347084,0.4669966880793814,0.5330063195288125,0.7330087352217816,0.39967298075811236,0.5500,1.0000,0.4000,11.243
2026-04-20 22:14:45.570,1682,0.46699679419347084,0.4669966880793814,0.5330063195288125,0.7330087352217816,0.39967298075811236,0.6000,1.0000,0.3500,10.738
2026-04-20 22:14:45.579,1683,0.46699679419347084,0.4669966880793814,0.5330063195288125,0.7330087352217816,0.39967298075811236,0.5500,1.0000,0.6000,12.709
2026-04-20 22:14:45.595,1684,0.46699679419347084,0.4669966880793814,0.5330063195288125,0.7330087352217816,0.39967298075811236,0.2500,1.0000,0.4000,12.899
2026-04-20 22:14:45.604,1685,0.46699679419347084,0.4669966880793814,0.5330063195288125,0.7330087352217816,0.39967298075811236,0.5000,1.0000,0.3500,10.211
2026-04-20 22:14:45.620,1686,0.46699679419347084,0.4669966880793814,0.5330063195288125,0.7330087352217816,0.39967298075811236,0.5000,1.0000,0.3000,10.537
2026-04-20 22:14:45.630,1687,0.46699679419347084,0.4669966880793814,0.5330063195288125,0.7330087352217816,0.39967298075811236,0.4500,1.0000,0.3000,12.817
2026-04-20 22:14:45.646,1688,0.46699679419347084,0.4669966880793814,0.5330063195288125,0.7330087352217816,0.39967298075811236,0.1000,1.0000,0.5000,9.924
2026-04-20 22:14:45.662,1689,0.46699679419347084,0.4669966880793814,0.5330063195288125,0.7330087352217816,0.39967298075811236,0.2500,1.0000,0.3000,12.694
2026-04-20 22:14:45.671,1690,0.46699679419347084,0.4669966880793814,0.5330063195288125,0.7330087352217816,0.39967298075811236,0.4500,1.0000,0.2000,12.359
2026-04-20 22:14:45.686,1691,0.46699679419347084,0.4669966880793814,0.5330063195288125,0.7330087352217816,0.39967298075811236,0.1000,1.0000,0.2000,11.774
2026-04-20 22:14:45.695,1692,0.46699679419347084,0.4669966880793814,0.5330063195288125,0.7330087352217816,0.39967298075811236,0.5500,1.0000,0.2500,10.841
2026-04-20 22:14:45.712,1693,0.46699679419347084,0.4669966880793814,0.5330063195288125,0.7330087352217816,0.39967298075811236,0.5000,1.0000,0.1500,10.730
2026-04-20 22:14:45.721,1694,0.46699679419347084,0.4669966880793814,0.5330063195288125,0.7330087352217816,0.39967298075811236,0.5000,1.0000,0.7500,13.283
2026-04-20 22:14:45.737,1695,0.46699679419347084,0.4669966880793814,0.5330063195288125,0.7330087352217816,0.39967298075811236,0.4500,1.0000,0.4500,13.049
2026-04-20 22:14:45.746,1696,0.46699679419347084,0.4669966880793814,0.5330063195288125,0.7330087352217816,0.39967298075811236,0.5000,1.0000,0.4000,10.260
2026-04-20 22:14:45.762,1697,0.46699679419347084,0.4669966880793814,0.5330063195288125,0.7330087352217816,0.39967298075811236,0.6500,1.0000,0.5500,10.734
2026-04-20 22:14:45.779,1698,0.46699679419347084,0.4669966880793814,0.5330063195288125,0.7330087352217816,0.39967298075811236,0.7000,1.0000,0.3000,7.423
2026-04-20 22:14:45.788,1699,0.46699679419347084,0.4669966880793814,0.5330063195288125,0.7330087352217816,0.39967298075811236,0.5500,1.0000,0.4500,10.048
2026-04-20 22:14:45.804,1700,0.46699679419347084,0.4669966880793814,0.5330063195288125,0.7330087352217816,0.39967298075811236,0.7000,1.0000,0.4500,9.573
2026-04-20 22:14:45.814,1701,0.46699679419347084,0.4669966880793814,0.5330063195288125,0.7330087352217816,0.39967298075811236,0.7500,1.0000,0.4500,11.557
2026-04-20 22:14:45.832,1702,0.46699679419347084,0.4669966880793814,0.5330063195288125,0.7330087352217816,0.39967298075811236,0.3000,1.0000,0.5000,10.148
2026-04-20 22:14:45.841,1703,0.46699679419347084,0.4669966880793814,0.5330063195288125,0.7330087352217816,0.39967298075811236,0.4000,1.0000,0.2000,10.600
2026-04-20 22:14:45.858,1704,0.46699679419347084,0.4669966880793814,0.5330063195288125,0.7330087352217816,0.39967298075811236,0.5500,1.0000,0.2000,11.220
2026-04-20 22:14:45.878,1705,0.46699679419347084,0.4669966880793814,0.5330063195288125,0.7330087352217816,0.39967298075811236,0.6000,1.0000,0.0500,13.292
2026-04-20 22:14:45.888,1706,0.46699679419347084,0.4669966880793814,0.5330063195288125,0.7330087352217816,0.39967298075811236,0.7500,1.0000,0.1500,10.436
2026-04-20 22:14:45.908,1707,0.46699679419347084,0.4669966880793814,0.5330063195288125,0.7330087352217816,0.39967298075811236,0.5500,1.0000,0.1500,10.440
2026-04-20 22:14:45.918,1708,0.46699679419347084,0.4669966880793814,0.5330063195288125,0.7330087352217816,0.39967298075811236,0.7500,1.0000,0.5000,13.290
2026-04-20 22:14:45.938,1709,0.46699679419347084,0.4669966880793814,0.5330063195288125,0.7330087352217816,0.39967298075811236,0.4500,1.0000,0.3500,8.429
2026-04-20 22:14:45.949,1710,0.46699679419347084,0.4669966880793814,0.5330063195288125,0.7330087352217816,0.39967298075811236,0.7000,1.0000,0.6500,14.318
2026-04-20 22:14:45.968,1711,0.46699679419347084,0.4669966880793814,0.5330063195288125,0.7330087352217816,0.39967298075811236,0.3000,1.0000,0.4500,12.464
2026-04-20 22:14:45.979,1712,0.46699679419347084,0.4669966880793814,0.5330063195288125,0.7330087352217816,0.39967298075811236,0.6000,1.0000,0.4500,10.234
2026-04-20 22:14:45.998,1713,0.46699679419347084,0.4669966880793814,0.5330063195288125,0.7330087352217816,0.39967298075811236,0.4000,1.0000,0.1500,13.186
2026-04-20 22:14:46.017,1714,0.46699679419347084,0.4669966880793814,0.5330063195288125,0.7330087352217816,0.39967298075811236,0.3500,1.0000,0.1500,8.010
2026-04-20 22:14:46.028,1715,0.46699679419347084,0.4669966880793814,0.5330063195288125,0.7330087352217816,0.39967298075811236,0.0000,1.0000,0.0000,10.198
2026-04-20 22:14:46.047,1716,0.46699679419347084,0.4669966880793814,0.5330063195288125,0.7330087352217816,0.39967298075811236,0.4000,1.0000,0.5500,12.482
2026-04-20 22:14:46.059,1717,0.46699679419347084,0.4669966880793814,0.5330063195288125,0.7330087352217816,0.39967298075811236,0.2000,1.0000,0.3000,9.781
2026-04-20 22:14:46.078,1718,0.46699679419347084,0.4669966880793814,0.5330063195288125,0.7330087352217816,0.39967298075811236,0.5000,1.0000,0.3500,10.842
2026-04-20 22:14:46.088,1719,0.46699679419347084,0.4669966880793814,0.5330063195288125,0.7330087352217816,0.39967298075811236,0.3000,1.0000,0.5500,10.491
2026-04-20 22:14:46.106,1720,0.46699679419347084,0.4669966880793814,0.5330063195288125,0.7330087352217816,0.39967298075811236,0.4000,1.0000,0.4500,13.386
2026-04-20 22:14:46.126,1721,0.46699679419347084,0.4669966880793814,0.5330063195288125,0.7330087352217816,0.39967298075811236,0.4000,1.0000,0.6000,12.088
2026-04-20 22:14:46.136,1722,0.46699679419347084,0.4669966880793814,0.5330063195288125,0.7330087352217816,0.39967298075811236,0.6000,1.0000,0.3500,12.209
2026-04-20 22:14:46.155,1723,0.46699679419347084,0.4669966880793814,0.5330063195288125,0.7330087352217816,0.39967298075811236,0.7000,1.0000,0.5500,11.232
2026-04-20 22:14:46.164,1724,0.46699679419347084,0.4669966880793814,0.5330063195288125,0.7330087352217816,0.39967298075811236,0.2500,1.0000,0.2500,10.414
2026-04-20 22:14:46.181,1725,0.46699679419347084,0.4669966880793814,0.5330063195288125,0.7330087352217816,0.39967298075811236,0.7000,1.0000,0.5500,14.226
2026-04-20 22:14:46.191,1726,0.46699679419347084,0.4669966880793814,0.5330063195288125,0.7330087352217816,0.39967298075811236,1.0000,1.0000,0.7500,12.062
2026-04-20 22:14:46.208,1727,0.46699679419347084,0.4669966880793814,0.5330063195288125,0.7330087352217816,0.39967298075811236,0.3500,1.0000,0.5000,8.184
2026-04-20 22:14:46.226,1728,0.46699679419347084,0.4669966880793814,0.5330063195288125,0.7330087352217816,0.39967298075811236,0.5500,1.0000,0.7500,13.354
2026-04-20 22:14:46.237,1729,0.46699679419347084,0.4669966880793814,0.5330063195288125,0.7330087352217816,0.39967298075811236,0.5000,1.0000,0.5500,13.552
2026-04-20 22:14:46.254,1730,0.46699679419347084,0.4669966880793814,0.5330063195288125,0.7330087352217816,0.39967298075811236,0.6000,1.0000,0.3500,13.028
2026-04-20 22:14:46.263,1731,0.46699679419347084,0.4669966880793814,0.5330063195288125,0.7330087352217816,0.39967298075811236,0.1500,1.0000,0.3500,12.572
2026-04-20 22:14:46.280,1732,0.46699679419347084,0.4669966880793814,0.5330063195288125,0.7330087352217816,0.39967298075811236,0.6000,1.0000,0.6500,10.267
2026-04-20 22:14:46.289,1733,0.46699679419347084,0.4669966880793814,0.5330063195288125,0.7330087352217816,0.39967298075811236,0.3500,1.0000,0.4000,12.131
2026-04-20 22:14:46.306,1734,0.46699679419347084,0.4669966880793814,0.5330063195288125,0.7330087352217816,0.39967298075811236,0.6000,1.0000,0.6000,12.156
2026-04-20 22:14:46.316,1735,0.46699679419347084,0.4669966880793814,0.5330063195288125,0.7330087352217816,0.39967298075811236,0.4000,1.0000,0.5000,13.032
2026-04-20 22:14:46.333,1736,0.46699679419347084,0.4669966880793814,0.5330063195288125,0.7330087352217816,0.39967298075811236,0.5000,1.0000,0.0500,11.009
2026-04-20 22:14:46.350,1737,0.46699679419347084,0.4669966880793814,0.5330063195288125,0.7330087352217816,0.39967298075811236,0.3000,1.0000,0.1500,9.794
2026-04-20 22:14:46.361,1738,0.46699679419347084,0.4669966880793814,0.5330063195288125,0.7330087352217816,0.39967298075811236,0.6000,1.0000,0.4500,14.475
2026-04-20 22:14:46.523,1739,0.46699679419347084,0.4669966880793814,0.5330063195288125,0.7330087352217816,0.39967298075811236,0.2500,1.0000,0.6500,11.939
2026-04-20 22:14:46.533,1740,0.46699679419347084,0.4669966880793814,0.5330063195288125,0.7330087352217816,0.39967298075811236,0.4000,1.0000,0.1000,11.801
2026-04-20 22:14:46.543,1741,0.46699679419347084,0.4669966880793814,0.5330063195288125,0.7330087352217816,0.39967298075811236,0.9000,1.0000,0.2000,12.274
2026-04-20 22:14:46.553,1742,0.46699679419347084,0.4669966880793814,0.5330063195288125,0.7330087352217816,0.39967298075811236,0.5000,1.0000,0.2500,9.408
2026-04-20 22:14:46.562,1743,0.46699679419347084,0.4669966880793814,0.5330063195288125,0.7330087352217816,0.39967298075811236,0.6000,1.0000,0.4500,13.407
2026-04-20 22:14:46.572,1744,0.46699679419347084,0.4669966880793814,0.5330063195288125,0.7330087352217816,0.39967298075811236,0.4500,1.0000,0.1000,7.058
2026-04-20 22:14:46.581,1745,0.46699679419347084,0.4669966880793814,0.5330063195288125,0.7330087352217816,0.39967298075811236,0.4000,1.0000,0.2500,12.699
2026-04-20 22:14:46.591,1746,0.46699679419347084,0.4669966880793814,0.5330063195288125,0.7330087352217816,0.39967298075811236,0.5500,1.0000,0.1500,11.389
2026-04-20 22:14:46.600,1747,0.46699679419347084,0.4669966880793814,0.5330063195288125,0.7330087352217816,0.39967298075811236,0.5500,1.0000,0.2500,11.940
2026-04-20 22:14:46.608,1748,0.46699679419347084,0.4669966880793814,0.5330063195288125,0.7330087352217816,0.39967298075811236,0.6500,1.0000,0.4000,12.985
2026-04-20 22:14:46.618,1749,0.46699679419347084,0.4669966880793814,0.5330063195288125,0.7330087352217816,0.39967298075811236,0.5500,1.0000,0.1500,11.015
2026-04-20 22:14:46.628,1750,0.46699679419347084,0.4669966880793814,0.5330063195288125,0.7330087352217816,0.39967298075811236,0.7500,1.0000,0.5000,11.867
2026-04-20 22:14:46.637,1751,0.46699679419347084,0.4669966880793814,0.5330063195288125,0.7330087352217816,0.39967298075811236,0.1500,1.0000,0.5500,8.538
2026-04-20 22:14:46.647,1752,0.46699679419347084,0.4669966880793814,0.5330063195288125,0.7330087352217816,0.39967298075811236,0.6000,1.0000,0.3500,8.635
2026-04-20 22:14:46.657,1753,0.46699679419347084,0.4669966880793814,0.5330063195288125,0.7330087352217816,0.39967298075811236,0.4000,1.0000,0.5000,13.829
2026-04-20 22:14:46.667,1754,0.46699679419347084,0.4669966880793814,0.5330063195288125,0.7330087352217816,0.39967298075811236,0.3500,1.0000,0.3000,12.610
2026-04-20 22:14:46.677,1755,0.46699679419347084,0.4669966880793814,0.5330063195288125,0.7330087352217816,0.39967298075811236,0.9000,1.0000,0.3000,10.970
2026-04-20 22:14:46.687,1756,0.46699679419347084,0.4669966880793814,0.5330063195288125,0.7330087352217816,0.39967298075811236,0.5000,1.0000,0.3000,12.987
2026-04-20 22:14:46.697,1757,0.46699679419347084,0.4669966880793814,0.5330063195288125,0.7330087352217816,0.39967298075811236,0.2000,1.0000,0.4000,8.514
2026-04-20 22:14:46.706,1758,0.46699679419347084,0.4669966880793814,0.5330063195288125,0.7330087352217816,0.39967298075811236,0.5500,1.0000,0.1500,11.069
2026-04-20 22:14:46.716,1759,0.46699679419347084,0.4669966880793814,0.5330063195288125,0.7330087352217816,0.39967298075811236,0.6500,1.0000,0.6500,13.101
2026-04-20 22:14:46.726,1760,0.46699679419347084,0.4669966880793814,0.5330063195288125,0.7330087352217816,0.39967298075811236,0.3000,1.0000,0.0500,11.052
2026-04-20 22:14:46.734,1761,0.46699679419347084,0.4669966880793814,0.5330063195288125,0.7330087352217816,0.39967298075811236,0.0500,1.0000,0.4500,10.221
2026-04-20 22:14:46.743,1762,0.46699679419347084,0.4669966880793814,0.5330063195288125,0.7330087352217816,0.39967298075811236,0.4500,1.0000,0.2500,9.629
2026-04-20 22:14:46.752,1763,0.46699679419347084,0.4669966880793814,0.5330063195288125,0.7330087352217816,0.39967298075811236,0.7000,1.0000,0.6000,13.836
2026-04-20 22:14:46.761,1764,0.46699679419347084,0.4669966880793814,0.5330063195288125,0.7330087352217816,0.39967298075811236,0.5000,1.0000,0.2000,11.036
2026-04-20 22:14:46.770,1765,0.46699679419347084,0.4669966880793814,0.5330063195288125,0.7330087352217816,0.39967298075811236,0.3500,1.0000,0.2500,11.738
2026-04-20 22:14:46.780,1766,0.46699679419347084,0.4669966880793814,0.5330063195288125,0.7330087352217816,0.39967298075811236,0.7000,1.0000,0.2500,12.161
2026-04-20 22:14:46.789,1767,0.46699679419347084,0.4669966880793814,0.5330063195288125,0.7330087352217816,0.39967298075811236,0.6500,1.0000,0.1500,12.697
2026-04-20 22:14:46.800,1768,0.46699679419347084,0.4669966880793814,0.5330063195288125,0.7330087352217816,0.39967298075811236,0.5500,1.0000,0.4000,12.031
2026-04-20 22:14:46.812,1769,0.46699679419347084,0.4669966880793814,0.5330063195288125,0.7330087352217816,0.39967298075811236,0.4000,1.0000,0.1000,10.942
2026-04-20 22:14:46.822,1770,0.46699679419347084,0.4669966880793814,0.5330063195288125,0.7330087352217816,0.39967298075811236,0.2000,1.0000,0.2000,8.405
2026-04-20 22:14:46.833,1771,0.46699679419347084,0.4669966880793814,0.5330063195288125,0.7330087352217816,0.39967298075811236,0.4500,1.0000,0.4500,11.810
2026-04-20 22:14:46.844,1772,0.46699679419347084,0.4669966880793814,0.5330063195288125,0.7330087352217816,0.39967298075811236,0.6000,1.0000,0.3500,13.641
2026-04-20 22:14:46.856,1773,0.46699679419347084,0.4669966880793814,0.5330063195288125,0.7330087352217816,0.39967298075811236,0.4500,1.0000,0.4000,11.480
2026-04-20 22:14:46.866,1774,0.46699679419347084,0.4669966880793814,0.5330063195288125,0.7330087352217816,0.39967298075811236,0.9000,1.0000,0.3000,13.978
2026-04-20 22:14:46.878,1775,0.46699679419347084,0.4669966880793814,0.5330063195288125,0.7330087352217816,0.39967298075811236,0.5000,1.0000,0.1000,11.114
2026-04-20 22:14:46.889,1776,0.46699679419347084,0.4669966880793814,0.5330063195288125,0.7330087352217816,0.39967298075811236,0.6500,1.0000,0.1000,11.144
2026-04-20 22:14:46.899,1777,0.46699679419347084,0.4669966880793814,0.5330063195288125,0.7330087352217816,0.39967298075811236,0.5500,1.0000,0.7500,11.861
2026-04-20 22:14:46.911,1778,0.46699679419347084,0.4669966880793814,0.5330063195288125,0.7330087352217816,0.39967298075811236,0.6500,1.0000,0.3500,13.968
2026-04-20 22:14:46.921,1779,0.46699679419347084,0.4669966880793814,0.5330063195288125,0.7330087352217816,0.39967298075811236,0.4000,1.0000,0.3000,9.506
2026-04-20 22:14:46.933,1780,0.46699679419347084,0.4669966880793814,0.5330063195288125,0.7330087352217816,0.39967298075811236,0.5000,1.0000,0.6000,13.753
2026-04-20 22:14:46.943,1781,0.46699679419347084,0.4669966880793814,0.5330063195288125,0.7330087352217816,0.39967298075811236,0.4500,1.0000,0.2000,11.885
2026-04-20 22:14:46.955,1782,0.46699679419347084,0.4669966880793814,0.5330063195288125,0.7330087352217816,0.39967298075811236,0.2000,1.0000,0.5500,7.197
2026-04-20 22:14:46.965,1783,0.46699679419347084,0.4669966880793814,0.5330063195288125,0.7330087352217816,0.39967298075811236,0.5000,1.0000,0.5000,8.450
2026-04-20 22:14:46.976,1784,0.46699679419347084,0.4669966880793814,0.5330063195288125,0.7330087352217816,0.39967298075811236,0.5000,1.0000,0.3000,8.679
2026-04-20 22:14:46.988,1785,0.46699679419347084,0.4669966880793814,0.5330063195288125,0.7330087352217816,0.39967298075811236,0.7000,1.0000,0.0000,7.928
2026-04-20 22:14:46.999,1786,0.46699679419347084,0.4669966880793814,0.5330063195288125,0.7330087352217816,0.39967298075811236,0.2500,1.0000,0.3000,12.087
2026-04-20 22:14:47.011,1787,0.46699679419347084,0.4669966880793814,0.5330063195288125,0.7330087352217816,0.39967298075811236,0.5500,1.0000,0.2000,9.474
2026-04-20 22:14:47.022,1788,0.46699679419347084,0.4669966880793814,0.5330063195288125,0.7330087352217816,0.39967298075811236,0.3500,1.0000,0.3500,10.130
2026-04-20 22:14:47.035,1789,0.46699679419347084,0.4669966880793814,0.5330063195288125,0.7330087352217816,0.39967298075811236,0.4500,1.0000,0.2500,9.930
2026-04-20 22:14:47.046,1790,0.46699679419347084,0.4669966880793814,0.5330063195288125,0.7330087352217816,0.39967298075811236,0.3500,1.0000,0.5000,12.674
2026-04-20 22:14:47.058,1791,0.46699679419347084,0.4669966880793814,0.5330063195288125,0.7330087352217816,0.39967298075811236,0.6000,1.0000,0.2000,11.869
2026-04-20 22:14:47.071,1792,0.46699679419347084,0.4669966880793814,0.5330063195288125,0.7330087352217816,0.39967298075811236,0.4500,1.0000,0.1500,9.013
2026-04-20 22:14:47.081,1793,0.46699679419347084,0.4669966880793814,0.5330063195288125,0.7330087352217816,0.39967298075811236,0.3000,1.0000,0.5000,8.779
2026-04-20 22:14:47.094,1794,0.46699679419347084,0.4669966880793814,0.5330063195288125,0.7330087352217816,0.39967298075811236,0.5500,1.0000,0.8000,13.839
2026-04-20 22:14:47.104,1795,0.46699679419347084,0.4669966880793814,0.5330063195288125,0.7330087352217816,0.39967298075811236,0.4500,1.0000,0.4500,11.262
2026-04-20 22:14:47.116,1796,0.46699679419347084,0.4669966880793814,0.5330063195288125,0.7330087352217816,0.39967298075811236,0.4500,1.0000,0.5000,12.805
2026-04-20 22:14:47.126,1797,0.46699679419347084,0.4669966880793814,0.5330063195288125,0.7330087352217816,0.39967298075811236,0.4000,1.0000,0.5000,9.804
2026-04-20 22:14:47.139,1798,0.46699679419347084,0.4669966880793814,0.5330063195288125,0.7330087352217816,0.39967298075811236,0.5000,1.0000,0.4500,10.885
2026-04-20 22:14:47.152,1799,0.46699679419347084,0.4669966880793814,0.5330063195288125,0.7330087352217816,0.39967298075811236,0.4000,1.0000,0.3500,11.862
2026-04-20 22:14:47.163,1800,0.46699679419347084,0.4669966880793814,0.5330063195288125,0.7330087352217816,0.39967298075811236,0.5000,1.0000,0.4500,12.885
2026-04-20 22:14:47.176,1801,0.46699679419347084,0.4669966880793814,0.5330063195288125,0.7330087352217816,0.39967298075811236,0.5000,1.0000,0.8000,10.679
2026-04-20 22:14:47.187,1802,0.46699679419347084,0.4669966880793814,0.5330063195288125,0.7330087352217816,0.39967298075811236,0.4000,1.0000,0.3500,8.429
2026-04-20 22:14:47.200,1803,0.46699679419347084,0.4669966880793814,0.5330063195288125,0.7330087352217816,0.39967298075811236,0.3000,1.0000,0.4000,6.625
2026-04-20 22:14:47.210,1804,0.46699679419347084,0.4669966880793814,0.5330063195288125,0.7330087352217816,0.39967298075811236,0.2000,1.0000,0.4000,10.953
2026-04-20 22:14:47.223,1805,0.46699679419347084,0.4669966880793814,0.5330063195288125,0.7330087352217816,0.39967298075811236,0.6500,1.0000,0.2000,7.682
2026-04-20 22:14:47.233,1806,0.46699679419347084,0.4669966880793814,0.5330063195288125,0.7330087352217816,0.39967298075811236,0.4500,1.0000,0.5000,13.309
2026-04-20 22:14:47.246,1807,0.46699679419347084,0.4669966880793814,0.5330063195288125,0.7330087352217816,0.39967298075811236,0.4500,1.0000,0.2500,10.486
2026-04-20 22:14:47.259,1808,0.46699679419347084,0.4669966880793814,0.5330063195288125,0.7330087352217816,0.39967298075811236,0.6500,1.0000,0.4000,12.570
2026-04-20 22:14:47.268,1809,0.46699679419347084,0.4669966880793814,0.5330063195288125,0.7330087352217816,0.39967298075811236,0.5500,1.0000,0.2000,11.271
2026-04-20 22:14:47.281,1810,0.46699679419347084,0.4669966880793814,0.5330063195288125,0.7330087352217816,0.39967298075811236,0.4000,1.0000,0.5000,11.617
2026-04-20 22:14:47.290,1811,0.46699679419347084,0.4669966880793814,0.5330063195288125,0.7330087352217816,0.39967298075811236,0.4500,1.0000,0.2500,12.288
2026-04-20 22:14:47.301,1812,0.46699679419347084,0.4669966880793814,0.5330063195288125,0.7330087352217816,0.39967298075811236,0.5500,1.0000,0.5000,11.899
2026-04-20 22:14:47.311,1813,0.46699679419347084,0.4669966880793814,0.5330063195288125,0.7330087352217816,0.39967298075811236,0.4500,1.0000,0.3000,11.704
2026-04-20 22:14:47.324,1814,0.46699679419347084,0.4669966880793814,0.5330063195288125,0.7330087352217816,0.39967298075811236,0.5500,1.0000,0.3000,12.318
2026-04-20 22:14:47.336,1815,0.46699679419347084,0.4669966880793814,0.5330063195288125,0.7330087352217816,0.39967298075811236,0.3500,1.0000,0.4000,10.889
2026-04-20 22:14:47.346,1816,0.46699679419347084,0.4669966880793814,0.5330063195288125,0.7330087352217816,0.39967298075811236,0.3000,1.0000,0.8000,10.183
2026-04-20 22:14:47.360,1817,0.46699679419347084,0.4669966880793814,0.5330063195288125,0.7330087352217816,0.39967298075811236,0.6500,1.0000,0.5000,10.697
2026-04-20 22:14:47.369,1818,0.46699679419347084,0.4669966880793814,0.5330063195288125,0.7330087352217816,0.39967298075811236,0.6500,1.0000,0.6000,7.989
2026-04-20 22:14:47.382,1819,0.46699679419347084,0.4669966880793814,0.5330063195288125,0.7330087352217816,0.39967298075811236,0.4500,1.0000,0.0500,9.891
2026-04-20 22:14:47.392,1820,0.46699679419347084,0.4669966880793814,0.5330063195288125,0.7330087352217816,0.39967298075811236,0.2000,1.0000,0.4000,11.025
2026-04-20 22:14:47.406,1821,0.46699679419347084,0.4669966880793814,0.5330063195288125,0.7330087352217816,0.39967298075811236,0.6000,1.0000,0.3000,11.569
2026-04-20 22:14:47.416,1822,0.46699679419347084,0.4669966880793814,0.5330063195288125,0.7330087352217816,0.39967298075811236,0.6500,1.0000,0.6000,7.417
2026-04-20 22:14:47.430,1823,0.46699679419347084,0.4669966880793814,0.5330063195288125,0.7330087352217816,0.39967298075811236,0.3500,1.0000,0.2500,8.046
2026-04-20 22:14:47.444,1824,0.46699679419347084,0.4669966880793814,0.5330063195288125,0.7330087352217816,0.39967298075811236,0.0500,1.0000,0.4500,13.406
2026-04-20 22:14:47.453,1825,0.46699679419347084,0.4669966880793814,0.5330063195288125,0.7330087352217816,0.39967298075811236,0.3500,1.0000,0.4000,7.061
2026-04-20 22:14:47.467,1826,0.46699679419347084,0.4669966880793814,0.5330063195288125,0.7330087352217816,0.39967298075811236,0.4500,1.0000,0.3500,10.336
2026-04-20 22:14:47.477,1827,0.46699679419347084,0.4669966880793814,0.5330063195288125,0.7330087352217816,0.39967298075811236,0.6500,1.0000,0.4500,15.081
2026-04-20 22:14:47.489,1828,0.46699679419347084,0.4669966880793814,0.5330063195288125,0.7330087352217816,0.39967298075811236,0.4500,1.0000,0.3500,12.960
2026-04-20 22:14:47.498,1829,0.46699679419347084,0.4669966880793814,0.5330063195288125,0.7330087352217816,0.39967298075811236,0.4000,1.0000,0.3000,11.441
2026-04-20 22:14:47.510,1830,0.46699679419347084,0.4669966880793814,0.5330063195288125,0.7330087352217816,0.39967298075811236,0.5500,1.0000,0.4000,12.809
2026-04-20 22:14:47.524,1831,0.46699679419347084,0.4669966880793814,0.5330063195288125,0.7330087352217816,0.39967298075811236,0.7000,1.0000,0.4500,10.793
2026-04-20 22:14:47.532,1832,0.46699679419347084,0.4669966880793814,0.5330063195288125,0.7330087352217816,0.39967298075811236,0.7000,1.0000,0.0500,8.253
2026-04-20 22:14:47.545,1833,0.46699679419347084,0.4669966880793814,0.5330063195288125,0.7330087352217816,0.39967298075811236,0.4000,1.0000,0.3500,10.957
2026-04-20 22:14:47.555,1834,0.46699679419347084,0.4669966880793814,0.5330063195288125,0.7330087352217816,0.39967298075811236,0.6000,1.0000,0.2000,9.254
2026-04-20 22:14:47.568,1835,0.46699679419347084,0.4669966880793814,0.5330063195288125,0.7330087352217816,0.39967298075811236,0.4000,1.0000,0.4500,8.817
2026-04-20 22:14:47.579,1836,0.46699679419347084,0.4669966880793814,0.5330063195288125,0.7330087352217816,0.39967298075811236,0.3000,1.0000,0.4500,10.762
2026-04-20 22:14:47.593,1837,0.46699679419347084,0.4669966880793814,0.5330063195288125,0.7330087352217816,0.39967298075811236,0.4500,1.0000,0.7500,12.974
2026-04-20 22:14:47.605,1838,0.46699679419347084,0.4669966880793814,0.5330063195288125,0.7330087352217816,0.39967298075811236,0.3000,1.0000,0.3000,9.734
2026-04-20 22:14:47.620,1839,0.46699679419347084,0.4669966880793814,0.5330063195288125,0.7330087352217816,0.39967298075811236,0.5500,1.0000,0.3500,9.143
2026-04-20 22:14:47.634,1840,0.46699679419347084,0.4669966880793814,0.5330063195288125,0.7330087352217816,0.39967298075811236,0.1500,1.0000,0.1500,8.889
2026-04-20 22:14:47.646,1841,0.46699679419347084,0.4669966880793814,0.5330063195288125,0.7330087352217816,0.39967298075811236,0.3000,1.0000,0.5000,12.867
2026-04-20 22:14:47.660,1842,0.46699679419347084,0.4669966880793814,0.5330063195288125,0.7330087352217816,0.39967298075811236,0.4500,1.0000,0.3500,10.614
2026-04-20 22:14:47.670,1843,0.46699679419347084,0.4669966880793814,0.5330063195288125,0.7330087352217816,0.39967298075811236,0.5500,1.0000,0.6500,12.141
2026-04-20 22:14:47.684,1844,0.46699679419347084,0.4669966880793814,0.5330063195288125,0.7330087352217816,0.39967298075811236,0.7500,1.0000,0.3500,10.764
2026-04-20 22:14:47.695,1845,0.46699679419347084,0.4669966880793814,0.5330063195288125,0.7330087352217816,0.39967298075811236,0.5500,1.0000,0.4000,8.017
2026-04-20 22:14:47.711,1846,0.46699679419347084,0.4669966880793814,0.5330063195288125,0.7330087352217816,0.39967298075811236,0.2500,1.0000,0.3500,9.470
2026-04-20 22:14:47.726,1847,0.46699679419347084,0.4669966880793814,0.5330063195288125,0.7330087352217816,0.39967298075811236,0.9000,1.0000,0.3500,11.919
2026-04-20 22:14:47.735,1848,0.46699679419347084,0.4669966880793814,0.5330063195288125,0.7330087352217816,0.39967298075811236,0.5000,1.0000,0.1500,10.384
2026-04-20 22:14:47.750,1849,0.46699679419347084,0.4669966880793814,0.5330063195288125,0.7330087352217816,0.39967298075811236,0.6500,1.0000,0.2500,9.863
2026-04-20 22:14:47.762,1850,0.46699679419347084,0.4669966880793814,0.5330063195288125,0.7330087352217816,0.39967298075811236,0.7000,1.0000,0.4500,13.607
2026-04-20 22:14:47.776,1851,0.46699679419347084,0.4669966880793814,0.5330063195288125,0.7330087352217816,0.39967298075811236,0.8000,1.0000,0.7000,13.212
2026-04-20 22:14:47.786,1852,0.46699679419347084,0.4669966880793814,0.5330063195288125,0.7330087352217816,0.39967298075811236,0.1500,1.0000,0.5000,11.412
2026-04-20 22:14:47.801,1853,0.46699679419347084,0.4669966880793814,0.5330063195288125,0.7330087352217816,0.39967298075811236,0.4500,1.0000,0.1000,10.510
2026-04-20 22:14:47.817,1854,0.46699679419347084,0.4669966880793814,0.5330063195288125,0.7330087352217816,0.39967298075811236,0.3500,1.0000,0.3000,9.237
2026-04-20 22:14:47.829,1855,0.46699679419347084,0.4669966880793814,0.5330063195288125,0.7330087352217816,0.39967298075811236,0.8000,1.0000,0.2000,15.541
2026-04-20 22:14:47.845,1856,0.46699679419347084,0.4669966880793814,0.5330063195288125,0.7330087352217816,0.39967298075811236,0.6000,1.0000,0.5000,14.247
2026-04-20 22:14:47.856,1857,0.46699679419347084,0.4669966880793814,0.5330063195288125,0.7330087352217816,0.39967298075811236,0.8000,1.0000,0.5500,9.335
2026-04-20 22:14:47.872,1858,0.46699679419347084,0.4669966880793814,0.5330063195288125,0.7330087352217816,0.39967298075811236,0.6000,1.0000,0.2500,8.895
2026-04-20 22:14:47.882,1859,0.46699679419347084,0.4669966880793814,0.5330063195288125,0.7330087352217816,0.39967298075811236,0.4000,1.0000,0.1500,13.212
2026-04-20 22:14:47.899,1860,0.46699679419347084,0.4669966880793814,0.5330063195288125,0.7330087352217816,0.39967298075811236,0.4500,1.0000,0.2500,9.192
2026-04-20 22:14:47.910,1861,0.46699679419347084,0.4669966880793814,0.5330063195288125,0.7330087352217816,0.39967298075811236,0.4000,1.0000,0.5000,12.919
2026-04-20 22:14:47.926,1862,0.46699679419347084,0.4669966880793814,0.5330063195288125,0.7330087352217816,0.39967298075811236,0.5000,1.0000,0.3500,11.014
2026-04-20 22:14:47.941,1863,0.46699679419347084,0.4669966880793814,0.5330063195288125,0.7330087352217816,0.39967298075811236,0.2000,1.0000,0.4000,12.279
2026-04-20 22:14:47.952,1864,0.46699679419347084,0.4669966880793814,0.5330063195288125,0.7330087352217816,0.39967298075811236,0.4500,1.0000,0.6000,9.722
2026-04-20 22:14:47.967,1865,0.46699679419347084,0.4669966880793814,0.5330063195288125,0.7330087352217816,0.39967298075811236,0.7000,1.0000,0.2500,11.463
2026-04-20 22:14:47.977,1866,0.46699679419347084,0.4669966880793814,0.5330063195288125,0.7330087352217816,0.39967298075811236,0.5500,1.0000,0.5500,10.322
2026-04-20 22:14:47.993,1867,0.46699679419347084,0.4669966880793814,0.5330063195288125,0.7330087352217816,0.39967298075811236,0.3500,1.0000,0.2000,9.891
2026-04-20 22:14:48.003,1868,0.46699679419347084,0.4669966880793814,0.5330063195288125,0.7330087352217816,0.39967298075811236,0.7500,1.0000,0.5500,11.502
2026-04-20 22:14:48.018,1869,0.46699679419347084,0.4669966880793814,0.5330063195288125,0.7330087352217816,0.39967298075811236,0.5500,1.0000,0.7000,13.547
2026-04-20 22:14:48.033,1870,0.46699679419347084,0.4669966880793814,0.5330063195288125,0.7330087352217816,0.39967298075811236,0.5000,1.0000,0.2500,11.603
2026-04-20 22:14:48.042,1871,0.46699679419347084,0.4669966880793814,0.5330063195288125,0.7330087352217816,0.39967298075811236,0.8000,1.0000,0.3000,11.215
2026-04-20 22:14:48.058,1872,0.46699679419347084,0.4669966880793814,0.5330063195288125,0.7330087352217816,0.39967298075811236,0.5000,1.0000,0.5000,7.338
2026-04-20 22:14:48.066,1873,0.46699679419347084,0.4669966880793814,0.5330063195288125,0.7330087352217816,0.39967298075811236,0.5000,1.0000,0.1000,12.287
2026-04-20 22:14:48.081,1874,0.46699679419347084,0.4669966880793814,0.5330063195288125,0.7330087352217816,0.39967298075811236,0.7000,1.0000,0.6000,12.308
2026-04-20 22:14:48.092,1875,0.46699679419347084,0.4669966880793814,0.5330063195288125,0.7330087352217816,0.39967298075811236,0.3500,1.0000,0.4500,6.958
2026-04-20 22:14:48.107,1876,0.46699679419347084,0.4669966880793814,0.5330063195288125,0.7330087352217816,0.39967298075811236,0.5500,1.0000,0.6000,11.408
2026-04-20 22:14:48.116,1877,0.46699679419347084,0.4669966880793814,0.5330063195288125,0.7330087352217816,0.39967298075811236,0.4500,1.0000,0.5000,8.435
2026-04-20 22:14:48.130,1878,0.46699679419347084,0.4669966880793814,0.5330063195288125,0.7330087352217816,0.39967298075811236,0.0000,1.0000,0.2500,11.091
2026-04-20 22:14:48.145,1879,0.46699679419347084,0.4669966880793814,0.5330063195288125,0.7330087352217816,0.39967298075811236,0.4000,1.0000,0.2500,9.113
2026-04-20 22:14:48.155,1880,0.46699679419347084,0.4669966880793814,0.5330063195288125,0.7330087352217816,0.39967298075811236,0.5000,1.0000,0.7000,13.088
2026-04-20 22:14:48.170,1881,0.46699679419347084,0.4669966880793814,0.5330063195288125,0.7330087352217816,0.39967298075811236,0.3500,1.0000,0.3000,13.824
2026-04-20 22:14:48.179,1882,0.46699679419347084,0.4669966880793814,0.5330063195288125,0.7330087352217816,0.39967298075811236,0.4000,1.0000,0.5000,10.765
2026-04-20 22:14:48.193,1883,0.46699679419347084,0.4669966880793814,0.5330063195288125,0.7330087352217816,0.39967298075811236,0.4000,1.0000,0.3500,10.548
2026-04-20 22:14:48.202,1884,0.46699679419347084,0.4669966880793814,0.5330063195288125,0.7330087352217816,0.39967298075811236,0.3000,1.0000,0.8000,14.405
2026-04-20 22:14:48.219,1885,0.46699679419347084,0.4669966880793814,0.5330063195288125,0.7330087352217816,0.39967298075811236,0.5500,1.0000,0.4000,11.012
2026-04-20 22:14:48.233,1886,0.46699679419347084,0.4669966880793814,0.5330063195288125,0.7330087352217816,0.39967298075811236,0.7500,1.0000,0.2500,10.847
2026-04-20 22:14:48.243,1887,0.46699679419347084,0.4669966880793814,0.5330063195288125,0.7330087352217816,0.39967298075811236,0.8000,1.0000,0.4000,13.396
2026-04-20 22:14:48.259,1888,0.46699679419347084,0.4669966880793814,0.5330063195288125,0.7330087352217816,0.39967298075811236,0.4000,1.0000,0.1000,9.203
2026-04-20 22:14:48.268,1889,0.46699679419347084,0.4669966880793814,0.5330063195288125,0.7330087352217816,0.39967298075811236,0.7000,1.0000,0.3500,13.472
2026-04-20 22:14:48.284,1890,0.46699679419347084,0.4669966880793814,0.5330063195288125,0.7330087352217816,0.39967298075811236,0.5500,1.0000,0.5000,12.720
2026-04-20 22:14:48.294,1891,0.46699679419347084,0.4669966880793814,0.5330063195288125,0.7330087352217816,0.39967298075811236,0.1000,1.0000,0.6000,10.002
2026-04-20 22:14:48.309,1892,0.46699679419347084,0.4669966880793814,0.5330063195288125,0.7330087352217816,0.39967298075811236,0.7000,1.0000,0.2500,12.670
2026-04-20 22:14:48.319,1893,0.46699679419347084,0.4669966880793814,0.5330063195288125,0.7330087352217816,0.39967298075811236,0.6500,1.0000,0.3000,10.648
2026-04-20 22:14:48.335,1894,0.46699679419347084,0.4669966880793814,0.5330063195288125,0.7330087352217816,0.39967298075811236,0.7500,1.0000,0.3500,11.867
2026-04-20 22:14:48.350,1895,0.46699679419347084,0.4669966880793814,0.5330063195288125,0.7330087352217816,0.39967298075811236,0.9000,1.0000,0.4500,10.786
2026-04-20 22:14:48.359,1896,0.46699679419347084,0.4669966880793814,0.5330063195288125,0.7330087352217816,0.39967298075811236,0.6000,1.0000,0.2500,7.272
2026-04-20 22:14:48.373,1897,0.46699679419347084,0.4669966880793814,0.5330063195288125,0.7330087352217816,0.39967298075811236,0.5000,1.0000,0.2000,14.383
2026-04-20 22:14:48.383,1898,0.46699679419347084,0.4669966880793814,0.5330063195288125,0.7330087352217816,0.39967298075811236,0.3500,1.0000,0.4000,11.325
2026-04-20 22:14:48.400,1899,0.46699679419347084,0.4669966880793814,0.5330063195288125,0.7330087352217816,0.39967298075811236,0.5500,1.0000,0.5500,11.516
2026-04-20 22:14:48.410,1900,0.46699679419347084,0.4669966880793814,0.5330063195288125,0.7330087352217816,0.39967298075811236,0.7000,1.0000,0.2000,12.358
2026-04-20 22:14:48.426,1901,0.46699679419347084,0.4669966880793814,0.5330063195288125,0.7330087352217816,0.39967298075811236,0.5000,1.0000,0.2500,9.415
2026-04-20 22:14:48.442,1902,0.46699679419347084,0.4669966880793814,0.5330063195288125,0.7330087352217816,0.39967298075811236,0.5500,0.9500,-0.0500,10.109
2026-04-20 22:14:48.451,1903,0.46699679419347084,0.4669966880793814,0.5330063195288125,0.7330087352217816,0.39967298075811236,0.5000,1.0000,0.7000,10.786
2026-04-20 22:14:48.468,1904,0.46699679419347084,0.4669966880793814,0.5330063195288125,0.7330087352217816,0.39967298075811236,0.4500,1.0000,0.4000,10.390
2026-04-20 22:14:48.477,1905,0.46699679419347084,0.4669966880793814,0.5330063195288125,0.7330087352217816,0.39967298075811236,0.2000,1.0000,0.7000,10.292
2026-04-20 22:14:48.494,1906,0.46699679419347084,0.4669966880793814,0.5330063195288125,0.7330087352217816,0.39967298075811236,0.3500,1.0000,0.4000,9.559
2026-04-20 22:14:48.504,1907,0.46699679419347084,0.4669966880793814,0.5330063195288125,0.7330087352217816,0.39967298075811236,0.4500,1.0000,0.2500,11.763
2026-04-20 22:14:48.521,1908,0.46699679419347084,0.4669966880793814,0.5330063195288125,0.7330087352217816,0.39967298075811236,0.3000,1.0000,0.7000,10.614
2026-04-20 22:14:48.539,1909,0.46699679419347084,0.4669966880793814,0.5330063195288125,0.7330087352217816,0.39967298075811236,0.3000,1.0000,0.5000,9.432
2026-04-20 22:14:48.549,1910,0.46699679419347084,0.4669966880793814,0.5330063195288125,0.7330087352217816,0.39967298075811236,0.2500,1.0000,0.2000,7.378
2026-04-20 22:14:48.569,1911,0.46699679419347084,0.4669966880793814,0.5330063195288125,0.7330087352217816,0.39967298075811236,0.4000,1.0000,0.2000,9.696
2026-04-20 22:14:48.579,1912,0.46699679419347084,0.4669966880793814,0.5330063195288125,0.7330087352217816,0.39967298075811236,0.4500,1.0000,0.3000,6.920
2026-04-20 22:14:48.598,1913,0.46699679419347084,0.4669966880793814,0.5330063195288125,0.7330087352217816,0.39967298075811236,0.4500,1.0000,0.5500,13.535
2026-04-20 22:14:48.607,1914,0.46699679419347084,0.4669966880793814,0.5330063195288125,0.7330087352217816,0.39967298075811236,0.5000,1.0000,0.0500,6.470
2026-04-20 22:14:48.626,1915,0.46699679419347084,0.4669966880793814,0.5330063195288125,0.7330087352217816,0.39967298075811236,0.4500,1.0000,0.4500,13.199
2026-04-20 22:14:48.637,1916,0.46699679419347084,0.4669966880793814,0.5330063195288125,0.7330087352217816,0.39967298075811236,0.6000,1.0000,0.4500,12.392
2026-04-20 22:14:48.658,1917,0.46699679419347084,0.4669966880793814,0.5330063195288125,0.7330087352217816,0.39967298075811236,0.3500,1.0000,0.5500,11.528
2026-04-20 22:14:48.678,1918,0.46699679419347084,0.4669966880793814,0.5330063195288125,0.7330087352217816,0.39967298075811236,0.5000,1.0000,0.2500,10.587
2026-04-20 22:14:48.688,1919,0.46699679419347084,0.4669966880793814,0.5330063195288125,0.7330087352217816,0.39967298075811236,0.6500,1.0000,0.3000,11.765
2026-04-20 22:14:48.708,1920,0.46699679419347084,0.4669966880793814,0.5330063195288125,0.7330087352217816,0.39967298075811236,0.1500,1.0000,0.1000,8.742
2026-04-20 22:14:48.718,1921,0.46699679419347084,0.4669966880793814,0.5330063195288125,0.7330087352217816,0.39967298075811236,0.5500,1.0000,0.6500,10.094
2026-04-20 22:14:48.737,1922,0.46699679419347084,0.4669966880793814,0.5330063195288125,0.7330087352217816,0.39967298075811236,0.2500,1.0000,0.4500,7.073
2026-04-20 22:14:48.749,1923,0.46699679419347084,0.4669966880793814,0.5330063195288125,0.7330087352217816,0.39967298075811236,0.8000,1.0000,0.4000,13.060
2026-04-20 22:14:48.768,1924,0.46699679419347084,0.4669966880793814,0.5330063195288125,0.7330087352217816,0.39967298075811236,0.3500,1.0000,0.3500,13.220
2026-04-20 22:14:48.786,1925,0.46699679419347084,0.4669966880793814,0.5330063195288125,0.7330087352217816,0.39967298075811236,0.5000,1.0000,0.2000,9.402
2026-04-20 22:14:48.796,1926,0.46699679419347084,0.4669966880793814,0.5330063195288125,0.7330087352217816,0.39967298075811236,0.5000,1.0000,0.3000,10.621
2026-04-20 22:14:48.812,1927,0.46699679419347084,0.4669966880793814,0.5330063195288125,0.7330087352217816,0.39967298075811236,0.7000,1.0000,0.3000,9.652
2026-04-20 22:14:48.823,1928,0.46699679419347084,0.4669966880793814,0.5330063195288125,0.7330087352217816,0.39967298075811236,0.8500,1.0000,0.4500,13.718
2026-04-20 22:14:48.842,1929,0.46699679419347084,0.4669966880793814,0.5330063195288125,0.7330087352217816,0.39967298075811236,0.6500,1.0000,0.2500,15.373
2026-04-20 22:14:48.853,1930,0.46699679419347084,0.4669966880793814,0.5330063195288125,0.7330087352217816,0.39967298075811236,0.4000,1.0000,0.3500,11.258
2026-04-20 22:14:48.872,1931,0.46699679419347084,0.4669966880793814,0.5330063195288125,0.7330087352217816,0.39967298075811236,0.5000,1.0000,0.5500,10.206
2026-04-20 22:14:48.884,1932,0.46699679419347084,0.4669966880793814,0.5330063195288125,0.7330087352217816,0.39967298075811236,0.7000,1.0000,0.2000,12.367
2026-04-20 22:14:48.905,1933,0.46699679419347084,0.4669966880793814,0.5330063195288125,0.7330087352217816,0.39967298075811236,0.4500,1.0000,0.4000,12.275
2026-04-20 22:14:48.927,1934,0.46699679419347084,0.4669966880793814,0.5330063195288125,0.7330087352217816,0.39967298075811236,0.8000,1.0000,0.2000,11.329
2026-04-20 22:14:48.940,1935,0.46699679419347084,0.4669966880793814,0.5330063195288125,0.7330087352217816,0.39967298075811236,0.7000,1.0000,0.3000,10.454
2026-04-20 22:14:48.962,1936,0.46699679419347084,0.4669966880793814,0.5330063195288125,0.7330087352217816,0.39967298075811236,0.7000,1.0000,0.1000,12.129
2026-04-20 22:14:48.976,1937,0.46699679419347084,0.4669966880793814,0.5330063195288125,0.7330087352217816,0.39967298075811236,0.5000,1.0000,0.0500,12.584
2026-04-20 22:14:48.998,1938,0.46699679419347084,0.4669966880793814,0.5330063195288125,0.7330087352217816,0.39967298075811236,0.5000,1.0000,0.2000,8.562
2026-04-20 22:14:49.010,1939,0.46699679419347084,0.4669966880793814,0.5330063195288125,0.7330087352217816,0.39967298075811236,0.6000,1.0000,0.1500,11.060
2026-04-20 22:14:49.029,1940,0.46699679419347084,0.4669966880793814,0.5330063195288125,0.7330087352217816,0.39967298075811236,0.4000,1.0000,0.2000,7.032
2026-04-20 22:14:49.049,1941,0.46699679419347084,0.4669966880793814,0.5330063195288125,0.7330087352217816,0.39967298075811236,0.5500,1.0000,0.1000,12.756
2026-04-20 22:14:49.060,1942,0.46699679419347084,0.4669966880793814,0.5330063195288125,0.7330087352217816,0.39967298075811236,0.6500,1.0000,0.3500,12.526
2026-04-20 22:14:49.078,1943,0.46699679419347084,0.4669966880793814,0.5330063195288125,0.7330087352217816,0.39967298075811236,0.4000,1.0000,0.0500,15.085
2026-04-20 22:14:49.088,1944,0.46699679419347084,0.4669966880793814,0.5330063195288125,0.7330087352217816,0.39967298075811236,0.6500,1.0000,0.4000,13.707
2026-04-20 22:14:49.106,1945,0.46699679419347084,0.4669966880793814,0.5330063195288125,0.7330087352217816,0.39967298075811236,0.6000,1.0000,0.3000,12.178
2026-04-20 22:14:49.296,1946,0.46699679419347084,0.4669966880793814,0.5330063195288125,0.7330087352217816,0.39967298075811236,0.5000,1.0000,0.0500,7.939
2026-04-20 22:14:49.307,1947,0.46699679419347084,0.4669966880793814,0.5330063195288125,0.7330087352217816,0.39967298075811236,0.2500,1.0000,0.0500,6.737
2026-04-20 22:14:49.318,1948,0.46699679419347084,0.4669966880793814,0.5330063195288125,0.7330087352217816,0.39967298075811236,0.6000,1.0000,0.4500,9.915
2026-04-20 22:14:49.329,1949,0.46699679419347084,0.4669966880793814,0.5330063195288125,0.7330087352217816,0.39967298075811236,0.8500,1.0000,0.3000,10.525
2026-04-20 22:14:49.340,1950,0.46699679419347084,0.4669966880793814,0.5330063195288125,0.7330087352217816,0.39967298075811236,0.6500,1.0000,0.1000,8.465
2026-04-20 22:14:49.350,1951,0.46699679419347084,0.4669966880793814,0.5330063195288125,0.7330087352217816,0.39967298075811236,0.4500,1.0000,0.2000,9.502
2026-04-20 22:14:49.362,1952,0.46699679419347084,0.4669966880793814,0.5330063195288125,0.7330087352217816,0.39967298075811236,0.8500,1.0000,0.4000,10.643
2026-04-20 22:14:49.373,1953,0.46699679419347084,0.4669966880793814,0.5330063195288125,0.7330087352217816,0.39967298075811236,0.4500,1.0000,0.3500,11.719
2026-04-20 22:14:49.384,1954,0.46699679419347084,0.4669966880793814,0.5330063195288125,0.7330087352217816,0.39967298075811236,0.6500,1.0000,0.3500,11.787
2026-04-20 22:14:49.395,1955,0.46699679419347084,0.4669966880793814,0.5330063195288125,0.7330087352217816,0.39967298075811236,0.8000,1.0000,0.4000,13.048
2026-04-20 22:14:49.406,1956,0.46699679419347084,0.4669966880793814,0.5330063195288125,0.7330087352217816,0.39967298075811236,0.7000,1.0000,0.3500,13.151
2026-04-20 22:14:49.418,1957,0.46699679419347084,0.4669966880793814,0.5330063195288125,0.7330087352217816,0.39967298075811236,0.0500,1.0000,0.8500,15.802
2026-04-20 22:14:49.430,1958,0.46699679419347084,0.4669966880793814,0.5330063195288125,0.7330087352217816,0.39967298075811236,0.2000,1.0000,0.1000,8.142
2026-04-20 22:14:49.441,1959,0.46699679419347084,0.4669966880793814,0.5330063195288125,0.7330087352217816,0.39967298075811236,0.4000,1.0000,0.6500,13.876
2026-04-20 22:14:49.453,1960,0.46699679419347084,0.4669966880793814,0.5330063195288125,0.7330087352217816,0.39967298075811236,0.5000,1.0000,0.2500,9.989
2026-04-20 22:14:49.464,1961,0.46699679419347084,0.4669966880793814,0.5330063195288125,0.7330087352217816,0.39967298075811236,0.7000,1.0000,0.3000,14.862
2026-04-20 22:14:49.475,1962,0.46699679419347084,0.4669966880793814,0.5330063195288125,0.7330087352217816,0.39967298075811236,0.6000,1.0000,0.1500,11.946
2026-04-20 22:14:49.487,1963,0.46699679419347084,0.4669966880793814,0.5330063195288125,0.7330087352217816,0.39967298075811236,0.1000,1.0000,0.3500,8.377
2026-04-20 22:14:49.499,1964,0.46699679419347084,0.4669966880793814,0.5330063195288125,0.7330087352217816,0.39967298075811236,0.2500,1.0000,0.4500,9.585
2026-04-20 22:14:49.511,1965,0.46699679419347084,0.4669966880793814,0.5330063195288125,0.7330087352217816,0.39967298075811236,0.7500,1.0000,0.3000,9.357
2026-04-20 22:14:49.522,1966,0.46699679419347084,0.4669966880793814,0.5330063195288125,0.7330087352217816,0.39967298075811236,0.3500,1.0000,0.3000,9.956
2026-04-20 22:14:49.533,1967,0.46699679419347084,0.4669966880793814,0.5330063195288125,0.7330087352217816,0.39967298075811236,0.4500,1.0000,0.4500,10.195
2026-04-20 22:14:49.545,1968,0.46699679419347084,0.4669966880793814,0.5330063195288125,0.7330087352217816,0.39967298075811236,0.5000,1.0000,0.4500,8.979
2026-04-20 22:14:49.556,1969,0.46699679419347084,0.4669966880793814,0.5330063195288125,0.7330087352217816,0.39967298075811236,0.4000,1.0000,0.6000,10.081
2026-04-20 22:14:49.567,1970,0.46699679419347084,0.4669966880793814,0.5330063195288125,0.7330087352217816,0.39967298075811236,0.4500,1.0000,0.0500,15.187
2026-04-20 22:14:49.579,1971,0.46699679419347084,0.4669966880793814,0.5330063195288125,0.7330087352217816,0.39967298075811236,0.8000,1.0000,0.5500,11.670
2026-04-20 22:14:49.590,1972,0.46699679419347084,0.4669966880793814,0.5330063195288125,0.7330087352217816,0.39967298075811236,0.4500,1.0000,0.2500,7.965
2026-04-20 22:14:49.603,1973,0.46699679419347084,0.4669966880793814,0.5330063195288125,0.7330087352217816,0.39967298075811236,0.4000,1.0000,0.5500,13.244
2026-04-20 22:14:49.613,1974,0.46699679419347084,0.4669966880793814,0.5330063195288125,0.7330087352217816,0.39967298075811236,0.5000,1.0000,0.3500,10.881
2026-04-20 22:14:49.624,1975,0.46699679419347084,0.4669966880793814,0.5330063195288125,0.7330087352217816,0.39967298075811236,0.2500,1.0000,0.2000,13.963
2026-04-20 22:14:49.634,1976,0.46699679419347084,0.4669966880793814,0.5330063195288125,0.7330087352217816,0.39967298075811236,0.4500,1.0000,0.3500,10.208
2026-04-20 22:14:49.646,1977,0.46699679419347084,0.4669966880793814,0.5330063195288125,0.7330087352217816,0.39967298075811236,0.3500,1.0000,0.5500,9.932
2026-04-20 22:14:49.656,1978,0.46699679419347084,0.4669966880793814,0.5330063195288125,0.7330087352217816,0.39967298075811236,0.5500,1.0000,0.1500,9.666
2026-04-20 22:14:49.668,1979,0.46699679419347084,0.4669966880793814,0.5330063195288125,0.7330087352217816,0.39967298075811236,0.3000,1.0000,0.5000,11.078
2026-04-20 22:14:49.678,1980,0.46699679419347084,0.4669966880793814,0.5330063195288125,0.7330087352217816,0.39967298075811236,0.5500,1.0000,0.3500,8.841
2026-04-20 22:14:49.688,1981,0.46699679419347084,0.4669966880793814,0.5330063195288125,0.7330087352217816,0.39967298075811236,0.6000,1.0000,0.6000,13.478
2026-04-20 22:14:49.700,1982,0.46699679419347084,0.4669966880793814,0.5330063195288125,0.7330087352217816,0.39967298075811236,0.4500,1.0000,0.2500,9.491
2026-04-20 22:14:49.711,1983,0.46699679419347084,0.4669966880793814,0.5330063195288125,0.7330087352217816,0.39967298075811236,0.4500,1.0000,0.4000,11.683
2026-04-20 22:14:49.722,1984,0.46699679419347084,0.4669966880793814,0.5330063195288125,0.7330087352217816,0.39967298075811236,0.3000,1.0000,0.3000,8.952
2026-04-20 22:14:49.733,1985,0.46699679419347084,0.4669966880793814,0.5330063195288125,0.7330087352217816,0.39967298075811236,0.3000,1.0000,0.3000,6.953
2026-04-20 22:14:49.744,1986,0.46699679419347084,0.4669966880793814,0.5330063195288125,0.7330087352217816,0.39967298075811236,0.6500,1.0000,0.4500,14.274
2026-04-20 22:14:49.753,1987,0.46699679419347084,0.4669966880793814,0.5330063195288125,0.7330087352217816,0.39967298075811236,0.3000,1.0000,0.6500,11.081
2026-04-20 22:14:49.764,1988,0.46699679419347084,0.4669966880793814,0.5330063195288125,0.7330087352217816,0.39967298075811236,0.6000,1.0000,0.4000,12.485
2026-04-20 22:14:49.776,1989,0.46699679419347084,0.4669966880793814,0.5330063195288125,0.7330087352217816,0.39967298075811236,0.6000,1.0000,0.6000,10.609
2026-04-20 22:14:49.785,1990,0.46699679419347084,0.4669966880793814,0.5330063195288125,0.7330087352217816,0.39967298075811236,0.4000,1.0000,0.2000,13.899
2026-04-20 22:14:49.796,1991,0.46699679419347084,0.4669966880793814,0.5330063195288125,0.7330087352217816,0.39967298075811236,0.3500,1.0000,0.2000,11.858
2026-04-20 22:14:49.804,1992,0.46699679419347084,0.4669966880793814,0.5330063195288125,0.7330087352217816,0.39967298075811236,0.1500,1.0000,0.1500,7.990
2026-04-20 22:14:49.816,1993,0.46699679419347084,0.4669966880793814,0.5330063195288125,0.7330087352217816,0.39967298075811236,0.5000,1.0000,0.2000,10.794
2026-04-20 22:14:49.826,1994,0.46699679419347084,0.4669966880793814,0.5330063195288125,0.7330087352217816,0.39967298075811236,0.9000,1.0000,0.5000,12.728
2026-04-20 22:14:49.838,1995,0.46699679419347084,0.4669966880793814,0.5330063195288125,0.7330087352217816,0.39967298075811236,0.6000,1.0000,0.5000,10.586
2026-04-20 22:14:49.853,1996,0.46699679419347084,0.4669966880793814,0.5330063195288125,0.7330087352217816,0.39967298075811236,0.4500,1.0000,0.5000,11.226
2026-04-20 22:14:49.863,1997,0.46699679419347084,0.4669966880793814,0.5330063195288125,0.7330087352217816,0.39967298075811236,0.7500,1.0000,0.5500,11.471
2026-04-20 22:14:49.876,1998,0.46699679419347084,0.4669966880793814,0.5330063195288125,0.7330087352217816,0.39967298075811236,0.6000,1.0000,0.6000,13.384
2026-04-20 22:14:49.887,1999,0.46699679419347084,0.4669966880793814,0.5330063195288125,0.7330087352217816,0.39967298075811236,0.2500,1.0000,0.4000,8.931
2026-04-20 22:14:49.899,2000,0.46699679419347084,0.4669966880793814,0.5330063195288125,0.7330087352217816,0.39967298075811236,0.2500,1.0000,0.2500,7.959
