timestamp,episode,openness,conscientiousness,extraversion,agreeableness,neuroticism,stress,satisfaction,social_energy,total_reward
2026-04-28 00:30:30.223,0,0.0,0.0,0.0,0.0,0.0,0.0000,0.0000,0.0000,0.000
2026-04-28 00:30:30.377,1,0.002,0.005,-0.004,-0.004,-0.012000000000000002,0.0000,1.0000,0.2500,9.512
2026-04-28 00:30:30.447,2,0.0034578804936267514,0.01002742390127465,-0.00804242390127465,-0.0081448478025493,-0.02382,0.0000,1.0000,0.3000,4.131
2026-04-28 00:30:30.497,3,0.0031913293069262307,0.015319949138614754,-0.012364724138614756,-0.012908548277229509,-0.0354627,0.0000,1.0000,0.1000,3.134
2026-04-28 00:30:30.544,4,0.002450208665007929,0.020628800041998414,-0.016717903416998414,-0.017792220333996828,-0.0469307595,0.0000,1.0000,0.2500,6.184
2026-04-28 00:30:30.587,5,0.0019758613304726126,0.02580688688228048,-0.020954653706655477,-0.022500374710810955,-0.058226798107500005,0.0000,1.0000,-0.0500,2.917
2026-04-28 00:30:30.627,6,0.0016521565566574004,0.030878596949817896,-0.02509914727182727,-0.027080495831692038,-0.06935339613588751,0.0000,1.0000,0.2500,2.951
2026-04-28 00:30:30.666,7,0.0015690592903267698,0.03582708097916678,-0.029134323046346014,-0.031497614361408965,-0.0803130951938492,0.0000,1.0000,0.2000,8.385
2026-04-28 00:30:30.715,8,0.0016954938032215983,0.04065968068402933,-0.03306731412020088,-0.03576516198508794,-0.09110839876594147,0.0000,1.0000,-0.0500,9.452
2026-04-28 00:30:30.762,9,0.002158892479833067,0.045352019257036934,-0.0368735381916659,-0.0398331521218477,-0.10174177278445234,0.0000,1.0000,-0.1500,8.212
2026-04-28 00:30:30.796,10,0.002842014503147419,0.049928637886079014,-0.04057733403668855,-0.043749452675815245,-0.11221564619268556,0.0000,1.0000,0.1500,7.374
2026-04-28 00:30:30.843,11,0.0036827191820134,0.05440304133850519,-0.04419200704685558,-0.04753987692711274,-0.12253241149979528,0.0000,1.0000,0.3000,10.499
2026-04-28 00:30:30.884,12,0.004892653542806427,0.05873396068872296,-0.0476760919114481,-0.05112070871379676,-0.13269442532729836,0.0000,0.7000,-0.2000,8.207
2026-04-28 00:30:30.939,13,0.006272449542931714,0.06296231411773864,-0.0510703133721229,-0.05457262376178285,-0.14270400894738888,0.0000,1.0000,0.1000,4.375
2026-04-28 00:30:31.007,14,0.007796434438631293,0.06709426507820385,-0.05438064434377235,-0.057906805749818685,-0.15256344881317804,0.0000,1.0000,0.4500,3.630
2026-04-28 00:30:31.053,15,0.009395188847366107,0.07114471091696793,-0.05762179449355291,-0.061151923293445695,-0.16227499708098037,0.0000,1.0000,-0.0500,2.718
2026-04-28 00:30:31.090,16,0.011068853788643638,0.0751146216984158,-0.060794549021352014,-0.0643088073344488,-0.17184087212476565,0.0000,1.0000,0.1500,9.245
2026-04-28 00:30:31.126,17,0.012902820981813983,0.07898790237293957,-0.06388263078603174,-0.06734417522443206,-0.18126325904289417,0.0000,0.9500,-0.0500,8.533
2026-04-28 00:30:31.158,18,0.014709278667086774,0.08280308383734547,-0.06692439132424126,-0.07033401259606559,-0.19054431015725076,0.0000,1.0000,0.1500,6.295
2026-04-28 00:30:31.193,19,0.016488639487080473,0.08656103757978528,-0.06992052545437764,-0.07327900240712461,-0.199686145504892,0.0000,1.0000,0.0500,6.480
2026-04-28 00:30:31.230,20,0.018241309894774266,0.0902626220160885,-0.07287171757256197,-0.07617981737101774,-0.20869085332231863,0.0000,1.0000,0.1500,5.277
2026-04-28 00:30:31.258,21,0.019967690246352653,0.09390868268584718,-0.07577864180897355,-0.07903712011045247,-0.21756049052248386,0.0000,1.0000,0.0500,5.406
2026-04-28 00:30:31.290,22,0.021668174892657363,0.09750005244555947,-0.07864196218183894,-0.08185156330879569,-0.2262970831646466,0.0000,1.0000,0.1000,9.837
2026-04-28 00:30:31.318,23,0.023343152269267503,0.10103755165887608,-0.08146233274911135,-0.08462378985916374,-0.23490262691717692,0.0000,1.0000,0.1500,9.101
2026-04-28 00:30:31.345,24,0.024993004985228492,0.10452198838399294,-0.08424039775787469,-0.0873544330112763,-0.24337908751341927,0.0000,1.0000,0.1500,3.814
2026-04-28 00:30:31.368,25,0.026618109910450063,0.10795415855823305,-0.08697679179150657,-0.09004411651610715,-0.251728401200718,0.0000,1.0000,-0.1000,6.138
2026-04-28 00:30:31.400,26,0.028218838261793312,0.11133484617985956,-0.08967213991463396,-0.09269345476836555,-0.2599524751827072,0.0000,1.0000,0.2500,4.615
2026-04-28 00:30:31.435,27,0.02979555568786641,0.11466482348716167,-0.09232705781591445,-0.09530305294684006,-0.2680531880549666,0.0000,1.0000,0.1500,7.351
2026-04-28 00:30:31.464,28,0.031348622352548414,0.11794485113485424,-0.09494215194867574,-0.09787350715263746,-0.2760323902341421,0.0000,1.0000,0.1000,6.297
2026-04-28 00:30:31.488,29,0.032878393017260185,0.12117567836783143,-0.09751801966944561,-0.1004054045453479,-0.28389190438063,0.0000,1.0000,0.0000,7.208
2026-04-28 00:30:31.512,30,0.03438521712200128,0.12435804319231396,-0.10005524937440392,-0.10289932347716768,-0.2916335258149205,0.0000,1.0000,0.2000,10.317
2026-04-28 00:30:31.538,31,0.03586943886517126,0.12749267254442925,-0.10255442063378786,-0.10535583362501016,-0.29925902292769674,0.0000,1.0000,0.1500,6.363
2026-04-28 00:30:31.566,32,0.03733139728219369,0.13058028245626283,-0.10501610432428105,-0.10777549612063501,-0.3067701375837813,0.0000,1.0000,0.3500,6.291
2026-04-28 00:30:31.589,33,0.03877142632296078,0.1336215782194189,-0.10744086275941683,-0.11015886367882549,-0.3141685855200246,0.0000,1.0000,0.4000,9.109
2026-04-28 00:30:31.616,34,0.04018985492811637,0.1366172545461276,-0.10982924981802558,-0.11250648072364311,-0.3214560567372242,0.0000,1.0000,0.0000,9.844
2026-04-28 00:30:31.649,35,0.04158700710419463,0.13956799572793568,-0.1121818110707552,-0.11481888351278846,-0.32863421588616587,0.0000,1.0000,0.2000,9.011
2026-04-28 00:30:31.673,36,0.042963201997631706,0.14247447579201664,-0.11449908390469388,-0.11709660026009663,-0.3357047026478734,0.0000,1.0000,0.3000,7.695
2026-04-28 00:30:31.701,37,0.04431875396766723,0.1453373586551364,-0.11678159764612348,-0.11934015125619518,-0.3426691321081553,0.0000,1.0000,0.4000,4.497
2026-04-28 00:30:31.726,38,0.04565397265815223,0.14815729827530935,-0.11902987368143163,-0.12155004898735225,-0.34952909512653296,0.0000,1.0000,0.0000,7.476
2026-04-28 00:30:31.750,39,0.046969163068279945,0.15093493880117972,-0.12124442557621015,-0.12372679825254197,-0.356286158699635,0.0000,0.9000,-0.0500,5.081
2026-04-28 00:30:31.771,40,0.048264625622255745,0.15367091471916203,-0.123425759192567,-0.12587089627875384,-0.36294186631914044,0.0000,0.8500,0.0500,7.969
2026-04-28 00:30:31.793,41,0.04954065623792191,0.1563658509983746,-0.1255743728046785,-0.12798283283457254,-0.36949773832435334,0.0000,1.0000,0.5000,5.909
2026-04-28 00:30:31.819,42,0.05079754639435308,0.159020363233399,-0.12769075721260834,-0.13006309034205396,-0.37595527224948805,0.0000,1.0000,0.2500,5.627
2026-04-28 00:30:31.847,43,0.05203558319843778,0.161635057784898,-0.12977539585441922,-0.13211214398692314,-0.38231594316574574,0.0000,1.0000,-0.0500,5.502
2026-04-28 00:30:31.875,44,0.053255049450461216,0.16421053191812454,-0.13182876491660292,-0.1341304618271193,-0.3885812040182596,0.0000,0.6000,-0.2000,6.640
2026-04-28 00:30:31.904,45,0.054456223708704295,0.16674737393935268,-0.13385133344285388,-0.1361185048997125,-0.3947524859579857,0.0000,1.0000,-0.1000,6.238
2026-04-28 00:30:31.931,46,0.05563938035307373,0.1692461633302624,-0.13584356344121107,-0.1380767273262168,-0.4008311986686159,0.0000,1.0000,0.2000,9.179
2026-04-28 00:30:31.958,47,0.056804789647777625,0.17170747088030847,-0.1378059099895929,-0.14000557641632355,-0.40681873068858665,0.0000,1.0000,0.2000,8.137
2026-04-28 00:30:31.986,48,0.05795271780306096,0.17413185881710383,-0.13973882133974902,-0.1419054927700787,-0.41271644972825783,0.0000,1.0000,0.2500,4.841
2026-04-28 00:30:32.016,49,0.059083427036015046,0.17651988093484727,-0.1416427390196528,-0.14377691037852752,-0.41852570298233394,0.0000,1.0000,0.1500,7.076
2026-04-28 00:30:32.044,50,0.060197175630474824,0.17887208272082455,-0.143518097934358,-0.14562025672284962,-0.42424781743759893,0.0000,1.0000,0.1500,7.515
2026-04-28 00:30:32.070,51,0.061294217996017704,0.18118900148001219,-0.14536532646534261,-0.14743595287200686,-0.42988410017603496,0.0000,0.8500,0.0000,3.192
2026-04-28 00:30:32.101,52,0.06237480472607744,0.183471166457812,-0.14718484656836248,-0.14922441357892677,-0.4354358386733944,0.0000,1.0000,0.1000,6.111
2026-04-28 00:30:32.137,53,0.06343918265518628,0.18571909896094482,-0.14897707386983705,-0.15098604737524288,-0.4409043010932935,0.0000,0.8500,0.0000,6.816
2026-04-28 00:30:32.172,54,0.06448759491535848,0.18793331247653064,-0.15074241776178948,-0.15272125666461422,-0.44629073657689405,0.0000,1.0000,0.1000,6.591
2026-04-28 00:30:32.202,55,0.0655202809916281,0.19011431278938268,-0.15248128149536264,-0.15443043781464502,-0.45159637552824067,0.0000,1.0000,0.2000,8.736
2026-04-28 00:30:32.234,56,0.06653747677675367,0.19226259809754193,-0.1541940622729322,-0.15611398124742534,-0.4568224298953171,0.0000,0.8000,-0.1500,8.064
2026-04-28 00:30:32.267,57,0.06753941462510236,0.1943786591260788,-0.1558811513388382,-0.15777227152871395,-0.46197009344688733,0.0000,1.0000,0.0500,5.324
2026-04-28 00:30:32.298,58,0.06852632340572583,0.19646297923918762,-0.15754293406875564,-0.15940568745578323,-0.467040542045184,0.0000,1.0000,0.1000,7.751
2026-04-28 00:30:32.329,59,0.06949842855463995,0.1985160345505998,-0.1591797900577243,-0.16101460214394647,-0.47203493391450624,0.0000,1.0000,0.3000,11.316
2026-04-28 00:30:32.354,60,0.07045595212632035,0.2005382940323408,-0.16079209320685844,-0.1625993831117873,-0.47695440990578863,0.0000,1.0000,-0.0500,4.978
2026-04-28 00:30:32.380,61,0.07139911284442554,0.2025302196218557,-0.16238021180875556,-0.16416039236511049,-0.4818000937572018,0.0000,0.9500,-0.1500,4.799
2026-04-28 00:30:32.406,62,0.07232812615175917,0.20449226632752784,-0.16394450863162421,-0.16569798647963382,-0.4865730923508438,0.0000,1.0000,-0.1000,5.661
2026-04-28 00:30:32.430,63,0.07324320425948277,0.20642488233261494,-0.16548534100214984,-0.1672125166824393,-0.49127449596558115,0.0000,1.0000,0.0500,8.475
2026-04-28 00:30:32.456,64,0.07414455619559053,0.2083285090976257,-0.16700306088711758,-0.16870432893220272,-0.49590537852609745,0.0000,1.0000,0.2000,4.824
2026-04-28 00:30:32.480,65,0.07503238785265667,0.21020358146116133,-0.1684980149738108,-0.17017376399821968,-0.500466797848206,0.0000,1.0000,0.0500,4.889
2026-04-28 00:30:32.506,66,0.07590690203486683,0.2120505277392439,-0.16997054474920364,-0.1716211575382464,-0.5049597958804829,0.0000,1.0000,0.1000,8.155
2026-04-28 00:30:32.529,67,0.07676829850434383,0.21386976982315525,-0.1714209865779656,-0.1730468401751727,-0.5093853989422756,0.0000,1.0000,0.1000,9.424
2026-04-28 00:30:32.554,68,0.07761677402677868,0.21566172327580793,-0.1728496717792961,-0.1744511375725451,-0.5137446179581415,0.0000,1.0000,0.1500,4.859
2026-04-28 00:30:32.579,69,0.078452522416377,0.21742679742667081,-0.17425692670260667,-0.17583437050895692,-0.5180384486887694,0.0000,1.0000,0.1500,7.130
2026-04-28 00:30:32.603,70,0.07927573458013135,0.21916539546527075,-0.17564307280206756,-0.17719685495132256,-0.5222678719584378,0.0000,1.0000,0.3000,8.362
2026-04-28 00:30:32.630,71,0.08008659856142937,0.2208779145332917,-0.17700842671003655,-0.17853890212705273,-0.5264338538790613,0.0000,1.0000,0.3000,8.947
2026-04-28 00:30:32.655,72,0.08088529958300793,0.22256474581529231,-0.178353300309386,-0.17986081859514694,-0.5305373460708753,0.0000,1.0000,0.3500,8.469
2026-04-28 00:30:32.677,73,0.0816720200892628,0.22422627462806294,-0.17967800080474522,-0.18116290631621973,-0.5345792858798122,0.0000,0.9500,0.1000,5.923
2026-04-28 00:30:32.704,74,0.08244693978792386,0.225862880508642,-0.18098283079267405,-0.18244546272147644,-0.538560596591615,0.0000,1.0000,0.0500,8.980
2026-04-28 00:30:32.728,75,0.083210235691105,0.22747493730101237,-0.18226808833078395,-0.18370878078065428,-0.5424821876427408,0.0000,1.0000,0.0500,4.751
2026-04-28 00:30:32.765,76,0.08396208215573843,0.2290628132414972,-0.1835340670058222,-0.18495314906894447,-0.5463449548280997,0.0000,1.0000,0.4000,7.219
2026-04-28 00:30:32.785,77,0.08470265092340236,0.23062687104287474,-0.18478105600073486,-0.1861788518329103,-0.5501497805056782,0.0000,0.7000,-0.0500,4.891
2026-04-28 00:30:32.803,78,0.08543211115955132,0.23216746797723162,-0.18600934016072385,-0.18738616905541663,-0.553897533798093,0.0000,1.0000,0.0500,5.864
2026-04-28 00:30:32.829,79,0.08615062949215806,0.23368495595757313,-0.187219200058313,-0.1885753765195854,-0.5575890707911216,0.0000,0.8500,-0.0500,3.677
2026-04-28 00:30:32.853,80,0.08685837004977569,0.23517968161820954,-0.1884109120574383,-0.1897467458717916,-0.5612252347292548,0.0000,0.8000,0.1000,4.019
2026-04-28 00:30:32.875,81,0.08755549449902905,0.2366519863939364,-0.1895847483765767,-0.19090054468371473,-0.5648068562083159,0.0000,1.0000,0.0500,8.401
2026-04-28 00:30:32.897,82,0.08824216208154362,0.23810220659802733,-0.19074097715092805,-0.19203703651345902,-0.5683347533651912,0.0000,1.0000,0.1500,7.794
2026-04-28 00:30:32.920,83,0.08891852965032046,0.23953067349905693,-0.19187986249366412,-0.19315648096575713,-0.5718097320647134,0.0000,0.9500,0.4000,3.007
2026-04-28 00:30:32.944,84,0.08958475170556565,0.24093771339657108,-0.19300166455625917,-0.19425913375127077,-0.5752325860837427,0.0000,1.0000,0.2000,9.384
2026-04-28 00:30:32.969,85,0.09024098042998217,0.2423236476956225,-0.19410663958791527,-0.1953452467450017,-0.5786040972924866,0.0000,1.0000,0.5000,8.155
2026-04-28 00:30:32.993,86,0.09088736572353244,0.24368879298018817,-0.19519503999409654,-0.19641506804382666,-0.5819250358330993,0.0000,1.0000,0.3000,6.438
2026-04-28 00:30:33.017,87,0.09152405523767945,0.24503346108548535,-0.1962671143941851,-0.19746884202316925,-0.5851961602956028,0.0000,1.0000,0.3000,2.977
2026-04-28 00:30:33.038,88,0.09215119440911426,0.24635795916920306,-0.19732310767827232,-0.1985068093928217,-0.5884182178911688,0.0000,1.0000,0.1500,5.142
2026-04-28 00:30:33.063,89,0.09276892649297755,0.247662589781665,-0.19836326106309823,-0.19952920725192938,-0.5915919446228013,0.0000,1.0000,0.3500,7.582
2026-04-28 00:30:33.087,90,0.09337739259558289,0.24894765093494003,-0.19938781214715176,-0.20053626914315045,-0.5947180654534593,0.0000,1.0000,0.4500,8.376
2026-04-28 00:30:33.111,91,0.09397673170664915,0.25021343617091596,-0.20039699496494448,-0.20152822510600318,-0.5977972944716574,0.0000,0.9000,0.1500,8.629
2026-04-28 00:30:33.130,92,0.09456708073104941,0.2514602346283522,-0.20139104004047031,-0.20250530172941314,-0.6008303350545825,0.0000,1.0000,0.0500,10.545
2026-04-28 00:30:33.149,93,0.09514857452008367,0.2526883311089269,-0.20237017443986327,-0.20346772220347195,-0.6038178800287638,0.0000,1.0000,0.2500,6.618
2026-04-28 00:30:33.172,94,0.09572134590228241,0.253898006142293,-0.2033346218232653,-0.20441570637041986,-0.6067606118283323,0.0000,1.0000,0.4000,8.050
2026-04-28 00:30:33.197,95,0.09628552571374818,0.2550895360501586,-0.20428460249591632,-0.20534947077486357,-0.6096592026509073,0.0000,1.0000,0.4500,10.145
2026-04-28 00:30:33.220,96,0.09684124282804196,0.25626319300940625,-0.20522033345847757,-0.2062692287132406,-0.6125143146111437,0.0000,1.0000,0.2000,8.431
2026-04-28 00:30:33.241,97,0.09738862418562133,0.25741924511426517,-0.2061420284566004,-0.207175190282542,-0.6153265998919766,0.0000,1.0000,0.3500,6.181
2026-04-28 00:30:33.266,98,0.097927794822837,0.2585579564375512,-0.2070498980297514,-0.20806756242830388,-0.6180967008935969,0.0000,1.0000,0.2000,7.403
2026-04-28 00:30:33.289,99,0.09845887790049446,0.25967958709098793,-0.20794414955930512,-0.2089465489918793,-0.620825250380193,0.0000,1.0000,0.4000,8.208
2026-04-28 00:30:33.310,100,0.09898199473198704,0.2607843932846231,-0.20882498731591556,-0.2098123507570011,-0.6235128716244901,0.0000,0.9500,0.3000,5.703
2026-04-28 00:30:33.335,101,0.09949726481100724,0.2618726273853538,-0.20969261250617682,-0.2106651654956461,-0.6261601785501227,0.0000,0.9500,0.0000,8.565
2026-04-28 00:30:33.359,102,0.10000480583884212,0.26294453797457346,-0.21054722331858416,-0.21150518801321141,-0.6287677758718709,0.0000,1.0000,0.2500,5.507
2026-04-28 00:30:33.380,103,0.1005047337512595,0.26400036990495485,-0.2113890149688054,-0.21233261019301325,-0.6313362592337929,0.0000,1.0000,0.2500,9.111
2026-04-28 00:30:33.401,104,0.10099716274499061,0.2650403643563805,-0.21221817974427332,-0.21314762104011806,-0.633866215345286,0.0000,1.0000,-0.1000,6.564
2026-04-28 00:30:33.423,105,0.10148220530381576,0.2660647588910348,-0.2130349070481092,-0.2139504067245163,-0.6363582221151067,0.0000,1.0000,0.0500,10.483
2026-04-28 00:30:33.446,106,0.10195997222425852,0.2670737875076693,-0.21383938344238757,-0.21474115062364854,-0.6388128487833802,0.0000,1.0000,0.1500,5.351
2026-04-28 00:30:33.469,107,0.10243057264089464,0.26806768069505427,-0.21463179269075175,-0.21552003336429382,-0.6412306560516294,0.0000,1.0000,0.0500,8.084
2026-04-28 00:30:33.494,108,0.10289411405128122,0.26904666548462847,-0.21541231580039047,-0.21628723286382942,-0.643612196210855,0.0000,0.9500,0.0000,7.785
2026-04-28 00:30:33.520,109,0.10335070234051201,0.27001096550235903,-0.2161811310633846,-0.21704292437087197,-0.6459580132676922,0.0000,1.0000,0.1000,7.730
2026-04-28 00:30:33.542,110,0.10380044180540433,0.27096080101982367,-0.21693841409743383,-0.21778728050530888,-0.6482686430686768,0.0000,0.9500,-0.1000,7.226
2026-04-28 00:30:33.565,111,0.10424343517832327,0.27189638900452634,-0.21768433788597233,-0.21852047129772925,-0.6505446134226467,0.0000,1.0000,0.3000,7.179
2026-04-28 00:30:33.588,112,0.10467978365064842,0.27281794316945845,-0.21841907281768275,-0.2192426642282633,-0.6527864442213069,0.0000,0.6000,0.1000,7.420
2026-04-28 00:30:33.611,113,0.1051095868958887,0.27372567402191655,-0.2191427867254175,-0.21995402426483934,-0.6549946475579873,0.0000,1.0000,0.3500,8.986
2026-04-28 00:30:33.635,114,0.10553294309245037,0.2746197889115878,-0.21985564492453624,-0.22065471390086674,-0.6571697278446175,0.0000,1.0000,0.1500,6.105
2026-04-28 00:30:33.656,115,0.10594994894606362,0.27550049207791394,-0.2205578102506682,-0.22134489319235373,-0.6593121819269482,0.0000,0.9500,-0.1000,8.937
2026-04-28 00:30:33.680,116,0.10636069971187266,0.27636798469674523,-0.22124944309690817,-0.22202471979446842,-0.661422499198044,0.0000,1.0000,-0.2000,7.463
2026-04-28 00:30:33.710,117,0.10676528921619458,0.27722246492629404,-0.22193070145045454,-0.2226943489975514,-0.6635011617100733,0.0000,0.9000,0.0500,5.407
2026-04-28 00:30:33.730,118,0.10716380987795165,0.27806412795239965,-0.22260174092869772,-0.2233539337625881,-0.6655486442844223,0.0000,1.0000,0.2000,9.630
2026-04-28 00:30:33.752,119,0.10755635272978238,0.27889316603311365,-0.22326271481476725,-0.2240036247561493,-0.667565414620156,0.0000,1.0000,0.1000,9.234
2026-04-28 00:30:33.773,120,0.10794300743883564,0.2797097685426169,-0.22391377409254576,-0.22464357038480706,-0.6695519334008536,0.0000,1.0000,0.4000,10.996
2026-04-28 00:30:33.796,121,0.1083238623272531,0.2805141220144777,-0.22455506748115758,-0.22527391682903494,-0.6715086543998409,0.0000,1.0000,-0.0500,8.290
2026-04-28 00:30:33.827,122,0.10869900439234431,0.2813064101842605,-0.22518674146894022,-0.22589480807659942,-0.6734360245838432,0.0000,1.0000,0.2000,5.472
2026-04-28 00:30:33.867,123,0.10906851932645915,0.2820868140314966,-0.2258089403469061,-0.22650638595545045,-0.6753344842150856,0.0000,1.0000,0.0500,7.421
2026-04-28 00:30:33.901,124,0.10943249153656227,0.28285551182102414,-0.22642180624170252,-0.22710879016611868,-0.6772044669518593,0.0000,0.9000,0.0500,10.034
2026-04-28 00:30:33.931,125,0.10979100416351384,0.2836126791437088,-0.227025479148077,-0.2277021583136269,-0.6790463999475814,0.0000,1.0000,0.2000,9.931
2026-04-28 00:30:33.955,126,0.11014413910106113,0.2843584889565532,-0.22762009696085583,-0.2282866259389225,-0.6808607039483677,0.0000,0.6500,0.1500,6.162
2026-04-28 00:30:33.975,127,0.11049197701454522,0.2850931116222049,-0.228205795506443,-0.22886232654983865,-0.6826477933891422,0.0000,0.8500,0.1500,8.497
2026-04-28 00:30:33.995,128,0.11083459735932703,0.2858167149478718,-0.22878270857384633,-0.22942939165159107,-0.684408076488305,0.0000,1.0000,0.0000,5.959
2026-04-28 00:30:34.016,129,0.11117207839893713,0.2865294642236537,-0.22935096794523863,-0.2299879507768172,-0.6861419553409804,0.0000,0.8500,0.0000,9.394
2026-04-28 00:30:34.036,130,0.11150449722295307,0.2872315222602989,-0.22991070342606004,-0.23053813151516495,-0.6878498260108658,0.0000,1.0000,0.2500,10.217
2026-04-28 00:30:34.058,131,0.11183192976460878,0.2879230494263944,-0.23046204287466915,-0.23108005954243746,-0.6895320786207028,0.0000,1.0000,0.1500,11.441
2026-04-28 00:30:34.077,132,0.11215445081813964,0.2886042036849985,-0.2310051122315491,-0.2316138586493009,-0.6911890974413922,0.0000,1.0000,0.0500,5.889
2026-04-28 00:30:34.097,133,0.11247213405586755,0.28927514062972354,-0.23154003554807587,-0.2321396507695614,-0.6928212609797714,0.0000,0.9000,0.1000,9.714
2026-04-28 00:30:34.118,134,0.11278505204502953,0.2899360135202777,-0.23206693501485473,-0.23265755600801796,-0.6944289420650748,0.0000,1.0000,0.0000,6.506
2026-04-28 00:30:34.138,135,0.11309327626435409,0.2905869733174735,-0.2325859309896319,-0.2331676926678977,-0.6960125079340986,0.0000,1.0000,0.3000,12.893
2026-04-28 00:30:34.159,136,0.11339687712038878,0.2912281687177114,-0.23309714202478743,-0.23367017727787923,-0.6975723203150872,0.0000,0.7500,-0.2000,6.262
2026-04-28 00:30:34.180,137,0.11369592396358294,0.2918597461869457,-0.23360068489441563,-0.23416512461871103,-0.6991087355103609,0.0000,0.9500,0.0500,7.114
2026-04-28 00:30:34.200,138,0.1139904851041292,0.2924818499941415,-0.2340966746209994,-0.23465264774943037,-0.7006221044777055,0.0000,1.0000,0.0500,5.816
2026-04-28 00:30:34.219,139,0.11428062782756726,0.2930946222442294,-0.2345852245016844,-0.23513285803318892,-0.7021127729105399,0.0000,0.7000,-0.0500,8.178
2026-04-28 00:30:34.240,140,0.11456641841015375,0.2936982029105659,-0.23506644613415914,-0.23560586516269108,-0.7035810813168818,0.0000,0.5500,-0.3000,7.738
2026-04-28 00:30:34.262,141,0.11484792213400144,0.2942927298669074,-0.23554044944214675,-0.23607177718525071,-0.7050273650971286,0.0000,1.0000,-0.1000,4.793
2026-04-28 00:30:34.285,142,0.11512520330199141,0.2948783389189038,-0.23600734270051454,-0.23653070052747197,-0.7064519546206717,0.0000,1.0000,-0.1000,7.582
2026-04-28 00:30:34.309,143,0.11539832525246155,0.29545516383512027,-0.23646723256000682,-0.23698274001955988,-0.7078551753013615,0.0000,0.9500,0.3000,5.317
2026-04-28 00:30:34.333,144,0.11566735037367462,0.2960233363775935,-0.2369202240716067,-0.23742799891926647,-0.7092373476718411,0.0000,1.0000,0.1500,8.661
2026-04-28 00:30:34.356,145,0.11593234011806951,0.2965829863319296,-0.2373664207105326,-0.23786657893547747,-0.7105987874567635,0.0000,0.5000,0.0000,7.431
2026-04-28 00:30:34.379,146,0.11619335501629846,0.29713424153695067,-0.2378059243998746,-0.23829858025144532,-0.7119398056449121,0.0000,1.0000,0.3000,11.145
2026-04-28 00:30:34.401,147,0.11645045469105399,0.2976772279138964,-0.23823883553387648,-0.23872410154767365,-0.7132607085602384,0.0000,1.0000,0.1000,9.311
2026-04-28 00:30:34.425,148,0.11670369787068818,0.29821206949518797,-0.23866525300086833,-0.23914324002445855,-0.7145617979318348,0.0000,1.0000,0.2500,6.636
2026-04-28 00:30:34.447,149,0.11695314240262786,0.29873888845276014,-0.2390852742058553,-0.23955609142409168,-0.7158433709628573,0.0000,1.0000,0.1000,9.171
2026-04-28 00:30:34.470,150,0.11719884526658844,0.2992578051259687,-0.23949899509276745,-0.2399627500527303,-0.7171057203984145,0.0000,0.9500,0.0500,7.415
2026-04-28 00:30:34.495,151,0.11744086258758961,0.29976893804907917,-0.23990651016637593,-0.24036330880193935,-0.7183491345924382,0.0000,1.0000,0.2500,9.971
2026-04-28 00:30:34.519,152,0.11767924964877577,0.300272403978343,-0.24030791251388028,-0.24075785916991024,-0.7195738975735516,0.0000,1.0000,0.1000,9.270
2026-04-28 00:30:34.540,153,0.11791406090404413,0.3007683179186678,-0.2407032938261721,-0.2411464912823616,-0.7207802891099483,0.0000,1.0000,-0.0500,7.413
2026-04-28 00:30:34.563,154,0.11814534999048347,0.3012567931498878,-0.2410927444187795,-0.24152929391312616,-0.7219685847732991,0.0000,0.7500,-0.0500,7.999
2026-04-28 00:30:34.582,155,0.11837316974062621,0.3017379412526395,-0.2414763532524978,-0.24190635450442927,-0.7231390560016996,0.0000,0.9000,0.0000,5.787
2026-04-28 00:30:34.604,156,0.11859757219451682,0.30221187213384987,-0.24185420795371035,-0.24227775918686284,-0.7242919701616741,0.0000,0.9000,0.0500,7.680
2026-04-28 00:30:34.628,157,0.11881860861159907,0.3026786940518421,-0.2422263948344047,-0.2426435927990599,-0.725427590609249,0.0000,1.0000,0.0500,6.425
2026-04-28 00:30:34.649,158,0.11903632948242508,0.3031385136410645,-0.24259299891188862,-0.243003938907074,-0.7265461767501102,0.0000,0.8500,0.1000,7.079
2026-04-28 00:30:34.677,159,0.11925078454018871,0.3035914359364485,-0.2429541039282103,-0.2433588798234679,-0.7276479840988586,0.0000,1.0000,0.0500,9.675
2026-04-28 00:30:34.700,160,0.11946202277208588,0.30403756439740176,-0.24330979236928713,-0.24370849662611588,-0.7287332643373757,0.0000,0.6000,-0.0500,6.400
2026-04-28 00:30:34.719,161,0.1196700924305046,0.30447700093144076,-0.24366014548374781,-0.24405286917672414,-0.7298022653723151,0.0000,1.0000,0.0500,8.489
2026-04-28 00:30:34.739,162,0.11987504104404703,0.30490984591746917,-0.2440052433014916,-0.24439207613907327,-0.7308552313917304,0.0000,1.0000,0.1500,7.244
2026-04-28 00:30:34.758,163,0.12007691542838633,0.3053361982287071,-0.2443451646519692,-0.24472619499698717,-0.7318924029208544,0.0000,0.8500,0.0000,7.792
2026-04-28 00:30:34.778,164,0.12027576169696054,0.3057561552552765,-0.24467998718218967,-0.24505530207203235,-0.7329140168770416,0.0000,1.0000,-0.0500,6.679
2026-04-28 00:30:34.796,165,0.12047162527150614,0.30616981292644735,-0.24500978737445683,-0.24537947254095188,-0.733920306623886,0.0000,1.0000,0.0500,6.993
2026-04-28 00:30:34.819,166,0.12066455089243354,0.3065772657325506,-0.24533464056383997,-0.2456987804528376,-0.7349115020245277,0.0000,0.8000,0.1000,7.390
2026-04-28 00:30:34.841,167,0.12085458262904704,0.30697860674656235,-0.24565462095538237,-0.24601329874604505,-0.7358878294941598,0.0000,0.9500,0.2000,9.289
2026-04-28 00:30:34.862,168,0.12104176388961134,0.3073739276453639,-0.24596980164105164,-0.24632309926485438,-0.7368495120517473,0.0000,1.0000,0.2500,11.039
2026-04-28 00:30:34.884,169,0.12122613743126717,0.30776331873068347,-0.24628025461643588,-0.24662825277588157,-0.737796769370971,0.0000,0.7000,-0.1000,9.223
2026-04-28 00:30:34.905,170,0.12140774536979816,0.3081468689497232,-0.24658605079718934,-0.24692882898424334,-0.7387298178304065,0.0000,1.0000,0.1500,6.891
2026-04-28 00:30:34.924,171,0.12158662918925119,0.30852466591547734,-0.2468872600352315,-0.24722489654947968,-0.7396488705629504,0.0000,0.9000,0.1000,8.657
2026-04-28 00:30:34.947,172,0.12176282975141242,0.3088967959267452,-0.24718395113470304,-0.24751652310123748,-0.7405541375045062,0.0000,1.0000,0.2000,8.338
2026-04-28 00:30:34.970,173,0.12193638730514124,0.309263343987844,-0.2474761918676825,-0.24780377525471892,-0.7414458254419386,0.0000,1.0000,-0.1500,8.386
2026-04-28 00:30:34.990,174,0.12210734149556413,0.3096243938280263,-0.24776404898966725,-0.24808671862589812,-0.7423241380603095,0.0000,0.9000,0.0000,9.947
2026-04-28 00:30:35.012,175,0.12227573137313066,0.3099800279206059,-0.24804758825482223,-0.24836541784650965,-0.7431892759894049,0.0000,0.6000,0.0000,4.980
2026-04-28 00:30:35.035,176,0.1224415954025337,0.31033032750179684,-0.2483268744309999,-0.248639936578812,-0.7440414368495638,0.0000,1.0000,0.2000,5.845
2026-04-28 00:30:35.057,177,0.1226049714714957,0.3106753725892699,-0.2486019713145349,-0.2489103375301298,-0.7448808152968204,0.0000,0.3500,-0.4000,7.984
2026-04-28 00:30:35.078,178,0.12276589689942326,0.31101524200043085,-0.2488729417448169,-0.24917668246717786,-0.745707603067368,0.0000,1.0000,0.0500,9.883
2026-04-28 00:30:35.102,179,0.12292440844593192,0.3113500133704244,-0.24913984761864463,-0.2494390322301702,-0.7465219890213576,0.0000,1.0000,0.3000,7.036
2026-04-28 00:30:35.124,180,0.12308054231924294,0.311679763169868,-0.24940274990436495,-0.24969744674671765,-0.7473241591860372,0.0000,0.9500,0.0000,9.515
2026-04-28 00:30:35.148,181,0.1232343341844543,0.31200456672231996,-0.24966170865579948,-0.24995198504551688,-0.7481142967982467,0.0000,0.8000,0.1500,8.039
2026-04-28 00:30:35.166,182,0.12338581917168749,0.31232449822148517,-0.24991678302596249,-0.2502027052698341,-0.748892582346273,0.0000,1.0000,0.2000,9.203
2026-04-28 00:30:35.189,183,0.12353503188411218,0.31263963074816287,-0.250168031280573,-0.2504496646907866,-0.7496591936110789,0.0000,0.9000,-0.0500,10.755
2026-04-28 00:30:35.212,184,0.12368200640585049,0.3129500362869404,-0.25041551081136443,-0.2506929197204248,-0.7504143057069127,0.0000,0.6500,0.1000,10.247
2026-04-28 00:30:35.234,185,0.12382677630976273,0.3132557857426363,-0.250659278149194,-0.2509325259246184,-0.751158091121309,0.0000,0.8000,0.0500,6.993
2026-04-28 00:30:35.256,186,0.12396937466511629,0.3135569489564968,-0.2508993889769561,-0.2511685380357491,-0.7518907197544894,0.0000,0.6500,0.0000,7.082
2026-04-28 00:30:35.275,187,0.12410983404513955,0.3138535947221493,-0.25113589814230175,-0.25140100996521286,-0.752612358958172,0.0000,1.0000,0.0000,7.786
2026-04-28 00:30:35.295,188,0.12424818653446246,0.31414579080131705,-0.2513688596701672,-0.25162999481573467,-0.7533231735737994,0.0000,0.9000,-0.0500,7.977
2026-04-28 00:30:35.315,189,0.12438446373644552,0.3144336039392973,-0.2515983267751147,-0.25185554489349865,-0.7540233259701924,0.0000,1.0000,-0.0500,9.082
2026-04-28 00:30:35.338,190,0.12451869678039883,0.31471709988020785,-0.25182435187348795,-0.2520777117200962,-0.7547129760806395,0.0000,0.9500,0.0000,8.335
2026-04-28 00:30:35.361,191,0.12465091632869285,0.3149963433820047,-0.25204698659538566,-0.25229654604429474,-0.7553922814394299,0.0000,1.0000,0.1500,6.631
2026-04-28 00:30:35.388,192,0.12478115258376246,0.31527139823127465,-0.2522662817964549,-0.2525120978536303,-0.7560613972178385,0.0000,1.0000,0.1500,7.830
2026-04-28 00:30:35.411,193,0.12490943529500602,0.3155423272578055,-0.2524822875695081,-0.2527244163858259,-0.756720476259571,0.0000,0.7000,-0.2500,8.215
2026-04-28 00:30:35.432,194,0.12503579376558094,0.31580919234893845,-0.2526950532559655,-0.2529335501400385,-0.7573696691156774,0.0000,1.0000,0.1500,9.460
2026-04-28 00:30:35.452,195,0.12516025685909724,0.3160720544637044,-0.252904627457126,-0.2531395468879379,-0.7580091240789422,0.0000,0.7500,-0.1500,6.152
2026-04-28 00:30:35.473,196,0.12528285300621078,0.31633097364674884,-0.2531110580452691,-0.25334245368461883,-0.758638987217758,0.0000,0.6500,-0.1500,6.813
2026-04-28 00:30:35.492,197,0.12540361021111762,0.3165860090420476,-0.25331439217459006,-0.2535423168793495,-0.7592594024094916,0.0000,1.0000,0.3000,9.918
2026-04-28 00:30:35.512,198,0.12552255605795085,0.31683721890641686,-0.2535146762919712,-0.25373918212615926,-0.7598705113733493,0.0000,0.9000,-0.2000,9.393
2026-04-28 00:30:35.531,199,0.12563971771708157,0.3170846606228206,-0.2537119561475917,-0.25393309439426687,-0.7604724537027491,0.0000,1.0000,0.0000,8.722
2026-04-28 00:30:35.555,200,0.12575512195132535,0.3173283907134783,-0.2539062768053778,-0.2541240979783529,-0.7610653668972078,0.0000,0.7000,-0.0500,7.726
2026-04-28 00:30:35.575,201,0.12586879512205548,0.3175684648527761,-0.25409768265329713,-0.2543122365086776,-0.7616493863937497,0.0000,0.8000,0.1000,8.911
2026-04-28 00:30:35.597,202,0.12598076319522464,0.3178049378799845,-0.25428621741349766,-0.2544975529610475,-0.7622246455978434,0.0000,1.0000,0.1000,7.598
2026-04-28 00:30:35.616,203,0.12609105174729626,0.3180378638117847,-0.2544719241522952,-0.25468008966663175,-0.7627912759138757,0.0000,0.6500,0.1500,10.324
2026-04-28 00:30:35.635,204,0.12619968597108683,0.31826729585460795,-0.25465484529001076,-0.25485988832163226,-0.7633494067751676,0.0000,0.6500,-0.0500,8.644
2026-04-28 00:30:35.655,205,0.12630669068152053,0.3184932864167888,-0.2548350226106606,-0.2550369899968078,-0.7638991656735401,0.0000,0.9000,0.0500,7.805
2026-04-28 00:30:35.674,206,0.12641209032129772,0.318715887120537,-0.2550124972715007,-0.2552114351468557,-0.764440678188437,0.0000,0.8000,0.1000,7.708
2026-04-28 00:30:35.695,207,0.12651590896647824,0.3189351488137289,-0.2551873098124282,-0.25538326361965286,-0.7649740680156104,0.0000,0.8500,-0.0500,8.093
2026-04-28 00:30:35.717,208,0.12661817033198106,0.319151121581523,-0.2553595001652418,-0.25555251466535805,-0.7654994569953762,0.0000,0.9500,0.2500,9.518
2026-04-28 00:30:35.740,209,0.12671889777700135,0.31936385475780016,-0.25552910766276316,-0.2557192269453777,-0.7660169651404456,0.0000,0.8000,-0.0500,5.908
2026-04-28 00:30:35.761,210,0.12681811431034634,0.31957339693643316,-0.2556961710478217,-0.255883438541197,-0.7665267106633389,0.0000,0.6500,-0.0500,6.068
2026-04-28 00:30:35.784,211,0.12691584259569114,0.31977979598238665,-0.2558607284821044,-0.25604518696307904,-0.7670288100033889,0.0000,1.0000,0.1500,8.699
2026-04-28 00:30:35.803,212,0.12701210495675577,0.3199830990426509,-0.25602281755487283,-0.25620450915863285,-0.767523377853338,0.0000,1.0000,0.2500,7.142
2026-04-28 00:30:35.829,213,0.12710692338240442,0.32018335255701114,-0.25618247529154975,-0.25636144152125334,-0.768010527185538,0.0000,0.7500,0.0500,7.582
2026-04-28 00:30:35.852,214,0.12720031953166835,0.32038060226865595,-0.2563397381621765,-0.25651601989843453,-0.7684903692777549,0.0000,0.7500,0.0500,9.746
2026-04-28 00:30:35.877,215,0.12729231473869332,0.3205748932346261,-0.2564946420897438,-0.256668279599958,-0.7689630137385887,0.0000,1.0000,0.3000,8.489
2026-04-28 00:30:35.903,216,0.12738293001761292,0.32076626983610673,-0.25664722245839766,-0.25681825540595865,-0.7694285685325098,0.0000,0.9500,-0.0500,8.546
2026-04-28 00:30:35.924,217,0.12747218606734873,0.3209547757885651,-0.2567975141215217,-0.2569659815748693,-0.7698871400045222,0.0000,0.7500,-0.0500,7.382
2026-04-28 00:30:35.944,218,0.1275601032763385,0.32114045415173664,-0.2569455514096989,-0.2571114918512462,-0.7703388329044544,0.0000,0.7500,-0.1000,9.151
2026-04-28 00:30:35.965,219,0.12764670172719342,0.3213233473394606,-0.2570913681385534,-0.2572548194734775,-0.7707837504108875,0.0000,0.5000,-0.1500,9.202
2026-04-28 00:30:35.983,220,0.12773200120128553,0.3215034971293687,-0.25723499761647506,-0.25739599718137535,-0.7712219941547243,0.0000,0.8500,0.1000,7.471
2026-04-28 00:30:36.004,221,0.12781602118326624,0.3216809446724282,-0.2573764726522279,-0.2575350572236547,-0.7716536642424034,0.0000,1.0000,0.1500,8.673
2026-04-28 00:30:36.023,222,0.12789878086551723,0.3218557305023418,-0.2575158255624445,-0.25767203136529987,-0.7720788592787674,0.0000,0.8000,-0.0500,5.991
2026-04-28 00:30:36.045,223,0.12798029915253448,0.3220278945448067,-0.25765308817900784,-0.25780695089482036,-0.7724976763895859,0.0000,0.6500,0.0000,8.607
2026-04-28 00:30:36.067,224,0.12806059466524647,0.3221974761266346,-0.25778829185632274,-0.2579398466313981,-0.7729102112437422,0.0000,1.0000,0.4000,10.126
2026-04-28 00:30:36.086,225,0.12813968574526777,0.32236451398473503,-0.2579214674784779,-0.2580707489319271,-0.773316558075086,0.0000,0.7500,0.0500,7.514
2026-04-28 00:30:36.108,226,0.12821759045908876,0.322529046274964,-0.2580526454663007,-0.2581996876979482,-0.7737168097039597,0.0000,1.0000,0.1500,9.462
2026-04-28 00:30:36.128,227,0.12829432660220244,0.32269111058083955,-0.2581818557843062,-0.25832669238247896,-0.7741110575584004,0.0000,1.0000,-0.0500,9.204
2026-04-28 00:30:36.147,228,0.12836991170316941,0.3228507439221269,-0.2583091279475416,-0.2584517919967418,-0.7744993916950244,0.0000,0.7000,0.2000,7.132
2026-04-28 00:30:36.168,229,0.12844436302762188,0.323007982763295,-0.25843449102832844,-0.25857501511679065,-0.774881900819599,0.0000,0.9000,-0.1500,8.729
2026-04-28 00:30:36.187,230,0.12851769758220755,0.3231628630218456,-0.2585579736629035,-0.2586963898900388,-0.7752586723073049,0.0000,0.7500,-0.0500,7.506
2026-04-28 00:30:36.208,231,0.12858993211847444,0.3233154200765179,-0.25867960405796,-0.25881594404168823,-0.7756297922226953,0.0000,0.5000,-0.1000,3.973
2026-04-28 00:30:36.229,232,0.12866108313669733,0.32346568877537013,-0.25879940999709056,-0.25893370488106293,-0.7759953453393549,0.0000,0.8500,0.0000,6.193
2026-04-28 00:30:36.248,233,0.12873116688964686,0.3236137034437396,-0.2589174188471342,-0.259049699307847,-0.7763554151592645,0.0000,0.9500,0.0500,9.331
2026-04-28 00:30:36.269,234,0.12880019938630216,0.32375949789208347,-0.2590336575644272,-0.25916395381822926,-0.7767100839318756,0.0000,0.7500,0.2500,6.476
2026-04-28 00:30:36.289,235,0.12886819639550762,0.3239031054237022,-0.2591481527009608,-0.2592764945109558,-0.7770594326728975,0.0000,0.7500,0.0500,5.900
2026-04-28 00:30:36.309,236,0.128935173449575,0.3240445588423467,-0.2592609304104464,-0.2593873470932915,-0.777403541182804,0.0000,1.0000,0.2000,6.516
2026-04-28 00:30:36.331,237,0.12900114584783137,0.32418389045971147,-0.2593720164542897,-0.2594965368868921,-0.777742488065062,0.0000,0.7000,-0.1500,7.190
2026-04-28 00:30:36.353,238,0.1290661286601139,0.32432113210281577,-0.2594814362074754,-0.2596040888335887,-0.778076350744086,0.0000,1.0000,0.3500,11.701
2026-04-28 00:30:36.374,239,0.1291301367302122,0.32445631512127354,-0.25958921466436324,-0.25971002750108485,-0.7784052054829247,0.0000,0.7000,-0.1500,4.630
2026-04-28 00:30:36.393,240,0.12919318467925903,0.32458947039445446,-0.2596953764443978,-0.2598143770885686,-0.7787291274006808,0.0000,0.6500,-0.0500,7.287
2026-04-28 00:30:36.413,241,0.12925528690907015,0.32472062833853765,-0.2597999457977318,-0.25991716143224003,-0.7790481904896706,0.0000,0.9000,0.1000,6.257
2026-04-28 00:30:36.440,242,0.1293164576054341,0.3248498189134596,-0.25990294661076585,-0.26001840401075643,-0.7793624676323255,0.0000,0.7000,-0.0500,4.465
2026-04-28 00:30:36.458,243,0.12937671074135257,0.3249770716297577,-0.2600044024116044,-0.2601181279505951,-0.7796720306178406,0.0000,0.2000,-0.3000,7.420
2026-04-28 00:30:36.479,244,0.12943606008023228,0.32510241555531133,-0.26010433637543035,-0.26021635603133614,-0.779976950158573,0.0000,1.0000,0.0000,8.998
2026-04-28 00:30:36.498,245,0.1294945191790288,0.32522587932198166,-0.2602027713297989,-0.2603131106908661,-0.7802772959061944,0.0000,0.9500,0.1500,7.132
2026-04-28 00:30:36.517,246,0.12955210139134335,0.32534749113215194,-0.26029972975985194,-0.26040841403050313,-0.7805731364676015,0.0000,0.8500,0.2000,10.080
2026-04-28 00:30:36.537,247,0.1296088198704732,0.3254672787651697,-0.26039523381345414,-0.2605022878200456,-0.7808645394205875,0.0000,1.0000,0.0000,8.754
2026-04-28 00:30:36.556,248,0.12966468757241612,0.3255852695836921,-0.2604893053062523,-0.2605947535027449,-0.7811515713292787,0.0000,1.0000,0.1000,5.422
2026-04-28 00:30:36.575,249,0.1297197172588299,0.32570149053993674,-0.26058196572665854,-0.26068583220020375,-0.7814342977593395,0.0000,0.8000,0.4000,9.339
2026-04-28 00:30:36.597,250,0.12977392149994743,0.32581596818183767,-0.26067323624075867,-0.2607755447172007,-0.7817127832929494,0.0000,0.8500,0.2000,9.344
2026-04-28 00:30:36.614,251,0.1298273126774482,0.3259287286591101,-0.26076313769714726,-0.26086391154644273,-0.7819870915435552,0.0000,0.5000,-0.2000,8.218
2026-04-28 00:30:36.633,252,0.1298799029872865,0.3260397977292234,-0.26085169063169006,-0.2609509528732461,-0.7822572851704018,0.0000,0.7000,-0.1000,4.704
2026-04-28 00:30:36.653,253,0.1299317044424772,0.3261492007632851,-0.2609389152722147,-0.2610366885801474,-0.7825234258928458,0.0000,0.4500,0.0000,3.337
2026-04-28 00:30:36.671,254,0.12998272887584006,0.3262569627518358,-0.26102483154313144,-0.2611211382514452,-0.7827855745044532,0.0000,0.6500,-0.0500,10.250
2026-04-28 00:30:36.690,255,0.13003298794270246,0.32636310831055826,-0.26110945906998445,-0.2612043211776735,-0.7830437908868864,0.0000,0.9000,-0.0500,7.298
2026-04-28 00:30:36.709,256,0.13008249312356193,0.3264676616858999,-0.26119281718393467,-0.2612862563600084,-0.7832981340235831,0.0000,0.7500,0.0000,6.730
2026-04-28 00:30:36.728,257,0.1301312557267085,0.3265706467606114,-0.26127492492617566,-0.2613669625146083,-0.7835486620132294,0.0000,0.8500,0.1500,9.500
2026-04-28 00:30:36.747,258,0.13017928689080788,0.32667208705920225,-0.261355801052283,-0.26144645807688915,-0.7837954320830309,0.0000,0.7000,0.1000,7.550
2026-04-28 00:30:36.768,259,0.13022659758744576,0.3267720057533142,-0.26143546403649875,-0.2615247612057358,-0.7840385006017855,0.0000,0.7500,0.0000,7.357
2026-04-28 00:30:36.786,260,0.13027319862363407,0.3268704256670145,-0.26151393207595125,-0.26160188978764976,-0.7842779230927587,0.0000,1.0000,-0.1000,4.998
2026-04-28 00:30:36.807,261,0.13031910064427957,0.3269673692820093,-0.261591223094812,-0.261677861440835,-0.7845137542463673,0.0000,0.6500,-0.2000,10.265
2026-04-28 00:30:36.831,262,0.13036431413461538,0.3270628587427792,-0.2616673547483898,-0.2617526935192225,-0.7847460479326718,0.0000,0.7000,-0.2500,11.589
2026-04-28 00:30:36.853,263,0.13040884942259615,0.3271569158616375,-0.261742344427164,-0.2618264031164341,-0.7849748572136817,0.0000,1.0000,-0.1000,7.202
2026-04-28 00:30:36.874,264,0.1304527166812572,0.3272495621237129,-0.26181620926075655,-0.2618990070696876,-0.7852002343554765,0.0000,0.9500,-0.1500,7.053
2026-04-28 00:30:36.894,265,0.13049592593103834,0.3273408186918572,-0.2618889661218452,-0.2619705219636423,-0.7854222308401443,0.0000,0.2500,-0.0500,6.325
2026-04-28 00:30:36.914,266,0.13053848704207277,0.32743070641147937,-0.26196063163001754,-0.26204096413418765,-0.7856408973775422,0.0000,0.6000,0.0000,7.133
2026-04-28 00:30:36.932,267,0.13058040973644167,0.32751924581530717,-0.2620312221555673,-0.26211034967217484,-0.785856283916879,0.0000,0.7500,-0.1500,6.992
2026-04-28 00:30:36.954,268,0.13062170359039504,0.32760645712807757,-0.2621007538232338,-0.26217869442709224,-0.7860684396581258,0.0000,0.8500,0.0500,7.074
2026-04-28 00:30:36.972,269,0.13066237803653913,0.3276923602711564,-0.26216924251588525,-0.26224601401068587,-0.7862774130632539,0.0000,0.9500,0.0500,7.991
2026-04-28 00:30:36.992,270,0.13070244236599105,0.32777697486708907,-0.26223670387814696,-0.2623123238005256,-0.7864832518673052,0.0000,0.6500,0.0000,8.505
2026-04-28 00:30:37.012,271,0.13074190573050118,0.32786032024408274,-0.2623031533199748,-0.26237763894351773,-0.7866860030892956,0.0000,0.7000,-0.1000,8.942
2026-04-28 00:30:37.032,272,0.13078077714454367,0.3279424154404215,-0.26236860602017514,-0.26244197435936495,-0.7868857130429562,0.0000,0.8000,-0.1000,9.649
2026-04-28 00:30:37.050,273,0.1308190654873755,0.3280232792088152,-0.2624330769298725,-0.26250534474397447,-0.7870824273473118,0.0000,0.5000,-0.0500,8.684
2026-04-28 00:30:37.072,274,0.13085677950506489,0.32810293002068297,-0.2624965807759244,-0.26256776457281483,-0.7872761909371021,0.0000,1.0000,0.4000,9.100
2026-04-28 00:30:37.093,275,0.1308939278124889,0.3281813860703727,-0.26255913206428555,-0.2626292481042226,-0.7874670480730456,0.0000,0.8000,0.0500,10.076
2026-04-28 00:30:37.115,276,0.13093051889530158,0.32825866527931713,-0.2626207450833213,-0.2626898093826593,-0.7876550423519499,0.0000,0.6500,0.2500,8.184
2026-04-28 00:30:37.139,277,0.13096656111187205,0.3283347853001274,-0.26268143390707144,-0.2627494622419194,-0.7878402167166707,0.0000,0.4500,0.0000,6.750
2026-04-28 00:30:37.164,278,0.13100206269519396,0.32840976352062545,-0.2627412123984654,-0.26280822030829065,-0.7880226134659206,0.0000,0.5000,-0.1000,7.025
2026-04-28 00:30:37.189,279,0.13103703175476605,0.3284836170678161,-0.2628000942124884,-0.2628660970036663,-0.7882022742639319,0.0000,0.7000,0.1000,10.209
2026-04-28 00:30:37.213,280,0.13107147627844457,0.32855636281179884,-0.26285809279930106,-0.2629231055486113,-0.7883792401499728,0.0000,0.3000,-0.2500,4.096
2026-04-28 00:30:37.236,281,0.1311054041342679,0.3286280173696219,-0.26291522140731155,-0.26297925896538216,-0.7885535515477232,0.0000,0.8500,0.3000,8.724
2026-04-28 00:30:37.257,282,0.13113882307225389,0.32869859710907756,-0.2629714930862019,-0.2630345700809014,-0.7887252482745074,0.0000,0.5500,-0.1500,6.785
2026-04-28 00:30:37.279,283,0.13117174072617008,0.3287681181524414,-0.26302692068990885,-0.2630890515296879,-0.7888943695503898,0.0000,0.6000,0.1000,5.066
2026-04-28 00:30:37.307,284,0.13120416461527754,0.3288365963801548,-0.2630815168795602,-0.2631427157567426,-0.7890609540071339,0.0000,0.5500,0.0000,5.525
2026-04-28 00:30:37.330,285,0.13123610214604836,0.32890404743445245,-0.2631352941263668,-0.2631955750203914,-0.789225039697027,0.0000,0.5000,-0.1500,5.425
2026-04-28 00:30:37.353,286,0.13126756061385764,0.32897048672293566,-0.2631882647144713,-0.26324764139508555,-0.7893866641015715,0.0000,0.6500,0.0500,7.946
2026-04-28 00:30:37.375,287,0.13129854720464978,0.32903592942209164,-0.26324044074375424,-0.2632989267741593,-0.789545864140048,0.0000,0.6500,0.1000,8.053
2026-04-28 00:30:37.397,288,0.13132906899658003,0.3291003904807603,-0.26329183413259794,-0.2633494428725469,-0.7897026761779473,0.0000,0.6500,-0.0500,8.627
2026-04-28 00:30:37.418,289,0.13135913296163132,0.3291638846235489,-0.26334245662060896,-0.2633992012294587,-0.7898571360352781,0.0000,0.4000,-0.2000,8.249
2026-04-28 00:30:37.440,290,0.13138874596720684,0.3292264263541957,-0.26339231977129984,-0.2634482132110168,-0.7900092789947489,0.0000,0.8000,0.2500,4.194
2026-04-28 00:30:37.464,291,0.13141791477769874,0.32928802995888273,-0.2634414349747303,-0.2634964900128515,-0.7901591398098277,0.0000,0.8500,0.0000,8.016
2026-04-28 00:30:37.485,292,0.13144664605603326,0.3293487095094995,-0.26348981345010936,-0.26354404266265874,-0.7903067527126802,0.0000,0.5500,-0.1500,6.210
2026-04-28 00:30:37.508,293,0.13147494636519277,0.32940847886685704,-0.2635374662483577,-0.26359088202271885,-0.7904521514219901,0.0000,0.8500,-0.0500,8.148
2026-04-28 00:30:37.529,294,0.13150282216971487,0.32946735168385416,-0.26358440425463237,-0.26363701879237805,-0.7905953691506602,0.0000,0.8000,0.0500,5.359
2026-04-28 00:30:37.552,295,0.13153027983716914,0.32952534140859635,-0.2636306381908129,-0.2636824635104924,-0.7907364386134003,0.0000,0.6000,0.1000,6.727
2026-04-28 00:30:37.574,296,0.1315573256396116,0.32958246128746743,-0.2636761786179507,-0.26372722655783504,-0.7908753920341992,0.0000,0.9500,0.0000,5.854
2026-04-28 00:30:37.595,297,0.1315839657550174,0.32963872436815544,-0.2637210359386814,-0.2637713181594675,-0.7910122611536862,0.0000,0.8000,0.1500,9.862
2026-04-28 00:30:37.616,298,0.13161020626869216,0.3296947380762885,-0.2637661122600843,-0.2638150456739032,-0.7911470772363809,0.0000,0.5500,0.1500,4.109
2026-04-28 00:30:37.637,299,0.1316360531746618,0.32975029552587654,-0.2638110883572815,-0.2638583092491608,-0.7912798710778352,0.0000,0.6000,0.1000,7.478
2026-04-28 00:30:37.658,300,0.13166151237704185,0.3298040410929884,-0.26385392203192226,-0.2639004346104234,-0.7914106730116677,0.0000,0.8500,0.1500,8.062
2026-04-28 00:30:37.680,301,0.13168658969138622,0.32985870871776224,-0.26389870556319645,-0.2639427922118514,-0.7915395129164927,0.0000,0.6500,-0.2500,10.257
2026-04-28 00:30:37.699,302,0.13171129084601543,0.3299134715812209,-0.2639441902210862,-0.2639849720757862,-0.7916664202227454,0.0000,1.0000,0.0000,9.540
2026-04-28 00:30:37.722,303,0.1317356214833252,0.32996944916466286,-0.26399204685351024,-0.26402753732322953,-0.7917914239194042,0.0000,0.6500,-0.0500,7.637
2026-04-28 00:30:37.742,304,0.13175958716107533,0.330025528897716,-0.26404059835649224,-0.2640699349986426,-0.791914552560613,0.0000,0.7500,0.1500,7.228
2026-04-28 00:30:37.763,305,0.1317831933536592,0.33008229276172213,-0.2640907095773526,-0.2641124593723989,-0.7920358342722038,0.0000,0.5500,-0.2500,8.847
2026-04-28 00:30:37.785,306,0.13180644545335432,0.3301380703625746,-0.2641398669221098,-0.2641542784779521,-0.7921552967581208,0.0000,0.8000,-0.2000,8.462
2026-04-28 00:30:37.806,307,0.131829348771554,0.3301955692975248,-0.2641921239038614,-0.26419674929597725,-0.792272967306749,0.0000,0.6500,0.0000,7.673
2026-04-28 00:30:37.831,308,0.1318519085399807,0.3302547924816256,-0.26424747713064894,-0.2642398764183194,-0.7923888727971478,0.0000,0.7000,-0.2000,7.077
2026-04-28 00:30:37.852,309,0.13187412991188097,0.3303151782085405,-0.26430507639489814,-0.2642833820791143,-0.7925030397051905,0.0000,0.6500,-0.2500,7.303
2026-04-28 00:30:37.874,310,0.13189601796320274,0.3303749933964566,-0.264362314540541,-0.26432640277844965,-0.7926154941096126,0.0000,0.8000,0.0000,7.015
2026-04-28 00:30:37.896,311,0.1319175776937547,0.33043695891269725,-0.26442326544821415,-0.26437030194536665,-0.7927262616979684,0.0000,0.3500,-0.3000,6.080
2026-04-28 00:30:37.919,312,0.1319388140283484,0.3304988662406045,-0.2644846090338875,-0.264413978271985,-0.792835367772499,0.0000,1.0000,-0.1000,7.278
2026-04-28 00:30:37.939,313,0.13195973181792317,0.3305607152793459,-0.26454633794690485,-0.26445743461408044,-0.7929428372559115,0.0000,0.8000,-0.2000,7.421
2026-04-28 00:30:37.962,314,0.13198033584065433,0.3306198803728629,-0.26460450661176205,-0.26449936100622284,-0.7930486946970728,0.0000,1.0000,0.1500,10.203
2026-04-28 00:30:37.985,315,0.1320006308030445,0.3306773818264892,-0.26466063850141447,-0.26454027042073913,-0.7931529642766167,0.0000,0.9000,0.3000,6.534
2026-04-28 00:30:38.006,316,0.13202062134099884,0.33073695813160736,-0.26472033447266646,-0.26458203488068577,-0.7932556698124675,0.0000,0.4000,0.0000,6.399
2026-04-28 00:30:38.026,317,0.13204031202088387,0.33079444477432146,-0.2647773409776088,-0.2646225748648196,-0.7933568347652805,0.0000,1.0000,0.1500,9.725
2026-04-28 00:30:38.045,318,0.13205970734057063,0.33085348622786137,-0.2648371180506768,-0.2646637153044247,-0.7934564822438013,0.0000,0.4500,-0.1000,5.811
2026-04-28 00:30:38.063,319,0.13207881173046207,0.33091044737249303,-0.264894206436991,-0.26470364129388313,-0.7935546350101442,0.0000,1.0000,0.1500,5.604
2026-04-28 00:30:38.084,320,0.13209762955450513,0.3309694211936485,-0.2649547391380505,-0.2647444019403463,-0.793651315484992,0.0000,0.4500,-0.1500,9.089
2026-04-28 00:30:38.106,321,0.13211616511118757,0.33102882660975785,-0.2650163381520009,-0.26478520927824817,-0.7937465457527171,0.0000,0.6500,-0.1000,7.852
2026-04-28 00:30:38.126,322,0.13213442263451974,0.331088148499392,-0.26507822451289165,-0.2648258082834647,-0.7938403475664263,0.0000,0.7000,0.0000,6.117
2026-04-28 00:30:38.149,323,0.13215240629500194,0.331146949708905,-0.2651397363007041,-0.2648659828777147,-0.7939327423529299,0.0000,0.6500,-0.1500,10.502
2026-04-28 00:30:38.169,324,0.13217012020057692,0.3312061769349934,-0.2652022874637764,-0.26490620887040994,-0.7940237512176359,0.0000,0.7500,0.0000,8.333
2026-04-28 00:30:38.201,325,0.13218756839756826,0.3312637940787353,-0.26526281784846995,-0.2649454706362372,-0.7941133949493714,0.0000,0.9000,0.1500,10.169
2026-04-28 00:30:38.220,326,0.13220475487160474,0.33132034413882105,-0.2653221360376431,-0.264984042062327,-0.7942016940251309,0.0000,0.8000,0.1500,9.867
2026-04-28 00:30:38.238,327,0.13222168354853067,0.3313779098095603,-0.2653833602463107,-0.26502296684780285,-0.7942886686147539,0.0000,0.3000,-0.2000,6.800
2026-04-28 00:30:38.260,328,0.1322383582953027,0.3314364111207892,-0.2654463647801746,-0.265062207324272,-0.7943743385855326,0.0000,0.6500,-0.2000,8.377
2026-04-28 00:30:38.282,329,0.13225478292087317,0.3314958662332164,-0.26551117122733053,-0.2651017748540274,-0.7944587235067496,0.0000,0.6500,-0.3000,8.895
2026-04-28 00:30:38.301,330,0.13227096117706008,0.331555775112367,-0.26557702396789384,-0.26514142166754145,-0.7945418426541484,0.0000,0.7000,-0.3000,9.159
2026-04-28 00:30:38.321,331,0.1322868967594042,0.3316161210597479,-0.26564389246947506,-0.2651811416295615,-0.7946237150143362,0.0000,0.6000,-0.2000,6.420
2026-04-28 00:30:38.347,332,0.13230259330801314,0.33167390126066776,-0.265707267107657,-0.2652194355135261,-0.7947043592891211,0.0000,1.0000,0.3000,8.749
2026-04-28 00:30:38.373,333,0.13231805440839295,0.3317305891629888,-0.26576935273288876,-0.26525704219143875,-0.7947837938997843,0.0000,0.8000,0.2500,7.960
2026-04-28 00:30:38.394,334,0.13233328359226706,0.3317886960909381,-0.2658339110899866,-0.2652952194412642,-0.7948620369912875,0.0000,0.8000,-0.2000,11.926
2026-04-28 00:30:38.415,335,0.13234828433838305,0.33184526301154094,-0.26589649846658725,-0.26533248983062874,-0.7949391064364182,0.0000,0.9000,0.0500,6.864
2026-04-28 00:30:38.436,336,0.1323630600733073,0.3319027522262424,-0.2659608032294003,-0.26537008656310657,-0.7950150198398719,0.0000,0.8000,-0.1500,7.707
2026-04-28 00:30:38.454,337,0.1323776141722077,0.33196105805410114,-0.2660266618478379,-0.26540795882028617,-0.7950897945422738,0.0000,0.6500,0.1000,7.878
2026-04-28 00:30:38.474,338,0.13239194995962458,0.33201882057095533,-0.2660920295016189,-0.26544542863181475,-0.7951634476241397,0.0000,0.8000,0.0000,9.972
2026-04-28 00:30:38.492,339,0.13240607071023022,0.3320769755246105,-0.26615830495242393,-0.2654829658334473,-0.7952359959097776,0.0000,0.8500,-0.1500,6.646
2026-04-28 00:30:38.515,340,0.13241997964957677,0.3321354734119723,-0.266225409158484,-0.2655205476060611,-0.795307455971131,0.0000,0.9000,-0.0500,10.668
2026-04-28 00:30:38.535,341,0.13243367995483313,0.33219475733360915,-0.26629400205533144,-0.2655583974033784,-0.795377844131564,0.0000,0.7000,0.0000,8.098
2026-04-28 00:30:38.556,342,0.13244717475551063,0.3322514976907492,-0.2663590846002177,-0.2655948523008998,-0.7954471764695905,0.0000,0.7500,0.3000,7.475
2026-04-28 00:30:38.577,343,0.13246046713417797,0.33230951594220354,-0.2664263844064378,-0.2656318248747941,-0.7955154688225466,0.0000,0.6000,-0.3000,6.281
2026-04-28 00:30:38.600,344,0.1324735601271653,0.3323692662042409,-0.2664965781420969,-0.2656695440022574,-0.7955827367902084,0.0000,0.6000,-0.2000,6.375
2026-04-28 00:30:38.619,345,0.13248645672525783,0.3324302237336762,-0.2665688742537138,-0.265707749103473,-0.7956489957383552,0.0000,0.9000,-0.1500,6.600
2026-04-28 00:30:38.640,346,0.13249915987437896,0.33249142890115335,-0.2666418289251315,-0.265745962128662,-0.7957142608022799,0.0000,0.7000,0.0000,6.960
2026-04-28 00:30:38.661,347,0.13251167247626328,0.33255147326154977,-0.26671332518212515,-0.26578348059368895,-0.7957785468902457,0.0000,0.8000,0.1000,8.209
2026-04-28 00:30:38.681,348,0.13252399738911932,0.3326122379395021,-0.26678618046970665,-0.2658212467732214,-0.7958418686868921,0.0000,0.5500,-0.1000,4.383
2026-04-28 00:30:38.700,349,0.13253613742828255,0.33267325320815183,-0.26685968601927446,-0.26585902749049417,-0.7959042406565887,0.0000,0.7000,-0.2000,8.205
2026-04-28 00:30:38.720,350,0.1325480953668583,0.3327353742591113,-0.266935120502608,-0.26589725200267766,-0.7959656770467399,0.0000,0.6500,-0.1500,5.365
2026-04-28 00:30:38.741,351,0.13255987393635543,0.33279722860473804,-0.2670104211343389,-0.2659352357023942,-0.7960261918910388,0.0000,0.5000,0.0500,6.926
2026-04-28 00:30:38.759,352,0.1325714758273101,0.3328601034126555,-0.26708751467280667,-0.26597362378535255,-0.7960857990126733,0.0000,0.3500,0.0500,7.493
2026-04-28 00:30:38.781,353,0.13258290368990044,0.33292311540228975,-0.26716507226395075,-0.2660119761989843,-0.7961445120274832,0.0000,0.6500,-0.0500,7.222
2026-04-28 00:30:38.804,354,0.13259416013455194,0.33298717307157144,-0.26724445278046555,-0.2660507487561576,-0.7962023443470709,0.0000,0.4500,-0.1500,7.142
2026-04-28 00:30:38.826,355,0.13260524773253365,0.3330500223535493,-0.26732227130583575,-0.26608881596384093,-0.7962593091818648,0.0000,0.8000,0.0000,11.717
2026-04-28 00:30:38.849,356,0.13261616901654566,0.333112566498893,-0.26739987895721856,-0.2661266309647068,-0.7963154195441369,0.0000,0.8500,-0.0500,7.659
2026-04-28 00:30:38.870,357,0.13262692648129748,0.33317438492551255,-0.2674766411590147,-0.26616398496228766,-0.7963706882509748,0.0000,0.7000,0.1000,4.675
2026-04-28 00:30:38.892,358,0.13263752258407802,0.3332350685358132,-0.26755194061790444,-0.266200674879945,-0.7964251279272102,0.0000,1.0000,0.0000,5.537
2026-04-28 00:30:38.912,359,0.13264795974531685,0.333296338883295,-0.26762835607191443,-0.2662375629445053,-0.796478751008302,0.0000,0.4500,-0.2000,7.533
2026-04-28 00:30:38.933,360,0.1326582403491371,0.33335820599718147,-0.2677058990265395,-0.2662746555989056,-0.7965315697431775,0.0000,0.6000,-0.3000,8.144
2026-04-28 00:30:38.954,361,0.13266836674390003,0.33341975532329804,-0.2677831941652529,-0.2663114969729592,-0.7965835961970299,0.0000,0.7500,0.0500,6.547
2026-04-28 00:30:38.973,362,0.13267834124274153,0.3334804976546378,-0.26785950424455796,-0.26634784384895943,-0.7966348422540744,0.0000,0.8000,0.1500,8.991
2026-04-28 00:30:38.994,363,0.1326881661241004,0.3335405554920964,-0.2679350096343069,-0.26638375884236415,-0.7966853196202633,0.0000,0.5000,-0.1500,9.002
2026-04-28 00:30:39.015,364,0.13269784363223888,0.33360156555094506,-0.2680121620766375,-0.26642006165534377,-0.7967350398259594,0.0000,0.7500,-0.2000,8.657
2026-04-28 00:30:39.035,365,0.1327073759777553,0.33366225100771396,-0.2680890430555375,-0.26645611520053014,-0.79678401422857,0.0000,0.7000,0.0000,6.195
2026-04-28 00:30:39.065,366,0.132716765338089,0.33372132945719796,-0.268163725731604,-0.26649127957982205,-0.7968322540151415,0.0000,1.0000,0.2500,7.878
2026-04-28 00:30:39.085,367,0.13272601385801766,0.3337800833226858,-0.26823813055664875,-0.26652619728979765,-0.7968797702049143,0.0000,0.7000,0.1500,7.799
2026-04-28 00:30:39.105,368,0.1327351236501474,0.3338393839508085,-0.26831356141524343,-0.26656130526943217,-0.7969265736518406,0.0000,0.8000,0.0000,8.966
2026-04-28 00:30:39.125,369,0.13274409679539517,0.33389754893706075,-0.2683874916122864,-0.2665957635631479,-0.796972675047063,0.0000,0.9000,0.0500,9.651
2026-04-28 00:30:39.143,370,0.13275293534346425,0.33395420145833166,-0.26845935287109235,-0.2666293849873641,-0.7970180849213571,0.0000,0.7500,0.1000,9.036
2026-04-28 00:30:39.165,371,0.13276164131331228,0.33401016564797276,-0.2685303783953001,-0.2666625828183117,-0.7970628136475367,0.0000,0.8500,0.1500,8.987
2026-04-28 00:30:39.186,372,0.1327702166936126,0.33406465466534047,-0.2685993849725015,-0.26669496482708066,-0.7971068714428237,0.0000,0.7000,0.2000,9.639
2026-04-28 00:30:39.205,373,0.13277866344320843,0.33411765693734546,-0.26866635233589164,-0.266726526400667,-0.7971502683711813,0.0000,1.0000,0.1500,7.140
2026-04-28 00:30:39.225,374,0.13278698349156032,0.3341704755020726,-0.2687332321790342,-0.26675792021405065,-0.7971930143456136,0.0000,0.8500,-0.0500,10.781
2026-04-28 00:30:39.245,375,0.13279517873918692,0.3342230792328796,-0.2687999749913559,-0.26678913184250896,-0.7972351191304294,0.0000,0.7500,-0.1000,7.805
2026-04-28 00:30:39.266,376,0.13280325105809912,0.3342771055007273,-0.26886903405099694,-0.2668209810930418,-0.797276592343473,0.0000,0.4000,-0.2500,6.200
2026-04-28 00:30:39.285,377,0.13281120229222762,0.33432968607467123,-0.2689361042749142,-0.2668520349548736,-0.7973174434583209,0.0000,1.0000,0.1000,10.711
2026-04-28 00:30:39.304,378,0.1328190342578442,0.33438247058205944,-0.26900365740855287,-0.26688311932980463,-0.7973576818064461,0.0000,0.5500,0.0000,4.697
2026-04-28 00:30:39.327,379,0.13282674874397654,0.33443463640398813,-0.2690704568684139,-0.26691382398018737,-0.7973973165793494,0.0000,0.6000,0.0000,7.007
2026-04-28 00:30:39.349,380,0.1328343475128169,0.3344841547431878,-0.269133456843277,-0.26694313556311433,-0.7974363568306592,0.0000,0.9500,0.3000,10.312
2026-04-28 00:30:39.369,381,0.13284183230012464,0.3345335594940501,-0.269196455598643,-0.2669723220656727,-0.7974748114781993,0.0000,0.7500,-0.2500,9.140
2026-04-28 00:30:39.388,382,0.13284920481562276,0.3345839770251409,-0.26926114014991576,-0.26700194769643837,-0.7975126893060264,0.0000,0.5500,-0.1000,10.604
2026-04-28 00:30:39.409,383,0.1328564667433884,0.3346349960221698,-0.26932689102627594,-0.26703180780719477,-0.797549998966436,0.0000,0.5500,-0.0500,5.493
2026-04-28 00:30:39.429,384,0.1328636197422376,0.3346854472840645,-0.2693919519642227,-0.2670613187912005,-0.7975867489819394,0.0000,0.7000,-0.1000,7.733
2026-04-28 00:30:39.451,385,0.13287066544610404,0.33473569377463874,-0.26945686498451216,-0.26709066310925006,-0.7976229477472103,0.0000,0.5000,-0.0500,9.506
2026-04-28 00:30:39.473,386,0.1328776054644125,0.3347845612379693,-0.2695198663146696,-0.26711925459758634,-0.7976586035310022,0.0000,1.0000,0.1500,11.009
2026-04-28 00:30:39.494,387,0.13288444138244632,0.334833245731056,-0.26958274768743395,-0.2671476922344507,-0.7976937244780371,0.0000,0.5500,-0.0500,5.154
2026-04-28 00:30:39.513,388,0.1328911747617096,0.3348813676304055,-0.2696449373500954,-0.2671757871435916,-0.7977283186108666,0.0000,0.8500,-0.1000,5.390
2026-04-28 00:30:39.532,389,0.13289780714028396,0.3349277100926934,-0.26970460775496,-0.2672029318248097,-0.7977623938317036,0.0000,0.7500,0.3000,8.422
2026-04-28 00:30:39.551,390,0.1329043400331797,0.3349735044091409,-0.26976360359039253,-0.26722974283135653,-0.797795957924228,0.0000,0.7500,0.2500,7.941
2026-04-28 00:30:39.571,391,0.132910774932682,0.3350183609974786,-0.26982133826824883,-0.2672560262661236,-0.7978290185553646,0.0000,0.6500,0.2000,5.694
2026-04-28 00:30:39.591,392,0.13291711330869177,0.3350642537296814,-0.2698807704149726,-0.26728276994571426,-0.7978615832770342,0.0000,0.5500,0.0500,5.661
2026-04-28 00:30:39.612,393,0.1329233566090614,0.3351088451711673,-0.2699383917298947,-0.2673088060202441,-0.7978936595278786,0.0000,1.0000,0.1000,7.490
2026-04-28 00:30:39.632,394,0.13292950625992547,0.3351537054623651,-0.26999655530709427,-0.2673349204143231,-0.7979252546349604,0.0000,0.7500,-0.1000,8.295
2026-04-28 00:30:39.653,395,0.1329355636660266,0.33519845301239143,-0.27005468667543053,-0.26736092317408916,-0.797956375815436,0.0000,1.0000,-0.1000,7.667
2026-04-28 00:30:39.676,396,0.1329415302110362,0.3352441982601505,-0.27011444943971646,-0.2673873703479503,-0.7979870301782045,0.0000,0.4500,-0.3000,8.835
2026-04-28 00:30:39.698,397,0.13294670614402337,0.3352897858608347,-0.27017364115076886,-0.26741275026156125,-0.7980167573163,0.0000,0.8500,0.0000,8.107
2026-04-28 00:30:39.719,398,0.13294670614402337,0.33533600196902286,-0.27023306318660095,-0.2674367050735735,-0.7980451882654981,0.0000,0.9000,-0.2000,6.673
2026-04-28 00:30:39.737,399,0.13294670614402337,0.33538201558320524,-0.27028972319596983,-0.2674553323025114,-0.798070585933107,0.0000,0.9000,0.2000,8.693
2026-04-28 00:30:39.758,400,0.13294670614402337,0.3354300841341422,-0.2703490602832403,-0.2674738712266812,-0.7980950119022928,0.0000,0.5000,-0.2500,4.878
2026-04-28 00:30:39.778,401,0.13294035159593515,0.33547793560047234,-0.2704046758342198,-0.2674852092478816,-0.7981154840864731,0.0000,0.7500,0.0500,5.654
2026-04-28 00:30:39.799,402,0.13293263073900474,0.335523357962861,-0.2704559157359725,-0.2674935726967061,-0.7981346747698485,0.0000,0.9500,0.1000,10.283
2026-04-28 00:30:39.821,403,0.1329241122068952,0.33556863628455347,-0.27050658398928634,-0.2675008613571239,-0.7981529686009511,0.0000,0.8500,-0.1500,6.628
2026-04-28 00:30:39.840,404,0.13291394184795566,0.33561487926633266,-0.27055777156796085,-0.267506489798676,-0.7981698016213794,0.0000,0.6500,-0.2500,5.832
2026-04-28 00:30:39.864,405,0.13289955638236609,0.3356620629108922,-0.2706077310195264,-0.267506489798676,-0.7981834703718119,0.0000,0.4500,-0.1500,7.735
2026-04-28 00:30:39.885,406,0.1328835919378991,0.3357086690869425,-0.27065594000131643,-0.267506489798676,-0.7981957375837471,0.0000,0.7000,0.0500,8.601
2026-04-28 00:30:39.905,407,0.1328635741823609,0.33575655656060965,-0.27070353458194046,-0.2674999660380552,-0.7982049589356778,0.0000,0.3500,-0.1500,8.195
2026-04-28 00:30:39.932,408,0.1328386937566168,0.33580424619911026,-0.27074775400157025,-0.2674869164569277,-0.7982106000096368,0.0000,0.7000,-0.0500,6.538
2026-04-28 00:30:39.952,409,0.1328115611364507,0.3358520456351241,-0.27079079757583624,-0.26747097465615155,-0.7982106000096368,0.0000,0.5500,0.0500,9.326
2026-04-28 00:30:39.970,410,0.13278240790627754,0.33589778903757816,-0.2708295685339191,-0.2674513656622979,-0.7982106000096368,0.0000,1.0000,0.3500,9.227
2026-04-28 00:30:39.991,411,0.13275000176858068,0.33594265114904587,-0.2708650050803889,-0.26742703295874215,-0.7982106000096368,0.0000,0.9500,0.0000,7.868
2026-04-28 00:30:40.010,412,0.13271298037333665,0.3359876970520692,-0.2708977942637614,-0.2673966918078701,-0.7982106000096368,0.0000,0.5500,-0.0500,6.174
2026-04-28 00:30:40.029,413,0.1326726633699746,0.33603398244721583,-0.2709303970943551,-0.26736262879253325,-0.798204359477651,0.0000,0.3500,-0.2000,6.611
2026-04-28 00:30:40.050,414,0.13262791978276325,0.3360800689502516,-0.2709598997397813,-0.2673226159649683,-0.7981948583277118,0.0000,0.7000,-0.0500,8.482
2026-04-28 00:30:40.070,415,0.1325809396476812,0.33612521706223303,-0.27098665073747696,-0.26727920284749057,-0.7981835612272357,0.0000,0.7000,0.1000,9.766
2026-04-28 00:30:40.091,416,0.1325329796017226,0.33616981225294285,-0.2710120638455509,-0.26723425692644204,-0.7981713105079982,0.0000,0.8000,-0.0500,8.488
2026-04-28 00:30:40.112,417,0.13248284550659442,0.33621423078881174,-0.2710359051999606,-0.2671863733975738,-0.7981573145829767,0.0000,0.6500,-0.1000,6.899
2026-04-28 00:30:40.132,418,0.13243142237576191,0.3362605466331241,-0.27106187361568895,-0.2671377685187043,-0.7981421678987429,0.0000,0.4000,-0.2000,6.885
2026-04-28 00:30:40.151,419,0.13237990404186661,0.3363069599749927,-0.27108806315799594,-0.26708913343059465,-0.7981266707147558,0.0000,0.9000,-0.0500,7.392
2026-04-28 00:30:40.172,420,0.13232629317405098,0.3363545000626057,-0.2711146840700244,-0.26703831892983787,-0.7981094957825761,0.0000,0.6000,-0.1000,5.380
2026-04-28 00:30:40.192,421,0.13227067530181552,0.33640246274505015,-0.27114073510096626,-0.2669850862714158,-0.7980907043627543,0.0000,0.6000,-0.1000,8.377
2026-04-28 00:30:40.214,422,0.13221309631434716,0.3364511713760557,-0.27116672986076296,-0.2669296576195137,-0.7980703312253522,0.0000,0.5000,-0.1000,5.469
2026-04-28 00:30:40.234,423,0.13215129395514613,0.3364998863608198,-0.2711900488029683,-0.26686864614694233,-0.7980468723139814,0.0000,0.9000,0.2000,7.460
2026-04-28 00:30:40.255,424,0.1320856931055876,0.3365486320491351,-0.27121100975302764,-0.2668026298596269,-0.7980206149357841,0.0000,0.6000,0.0500,4.093
2026-04-28 00:30:40.275,425,0.13201975924043188,0.33659742710801843,-0.2712319491037815,-0.2667362380567801,-0.7979938733993661,0.0000,0.5500,-0.2000,4.924
2026-04-28 00:30:40.295,426,0.13195318098485848,0.3366472514978798,-0.2712541273173026,-0.26666954489488,-0.797966444053731,0.0000,0.5500,-0.1500,7.628
2026-04-28 00:30:40.318,427,0.1318862641155146,0.3366967692519129,-0.271275742427581,-0.2666022894452795,-0.797938534623211,0.0000,0.7000,-0.2000,7.578
2026-04-28 00:30:40.344,428,0.13182096023996054,0.3367469664824976,-0.2712995728359982,-0.26653756626985353,-0.7979114499946486,0.0000,0.7500,-0.2500,8.959
2026-04-28 00:30:40.366,429,0.13175418468480282,0.336797844036186,-0.27132356155214155,-0.2664712622658576,-0.7978831374770233,0.0000,0.4500,-0.2500,8.060
2026-04-28 00:30:40.386,430,0.13168566458549566,0.3368487094182699,-0.27134648614010937,-0.2664026667478029,-0.7978534188621779,0.0000,0.6500,-0.1000,5.988
2026-04-28 00:30:40.406,431,0.13161431837222778,0.33689792195934687,-0.27136516279187733,-0.26632951667844745,-0.7978215767495882,0.0000,0.9500,0.0500,9.067
2026-04-28 00:30:40.430,432,0.1315421315407224,0.33694613208203245,-0.27138188907416483,-0.26625478399641267,-0.7977889383943964,0.0000,0.9000,0.1000,9.742
2026-04-28 00:30:40.450,433,0.131469701516824,0.33699498717205134,-0.27139953264440136,-0.26618008837104107,-0.7977559056179554,0.0000,0.5000,-0.1000,9.478
2026-04-28 00:30:40.471,434,0.13139562186048537,0.33704414779009567,-0.27141664503744883,-0.26610338424683966,-0.7977215442779619,0.0000,0.6500,0.0000,7.724
2026-04-28 00:30:40.493,435,0.13131775988721006,0.33709229802457596,-0.27142982894197265,-0.2660211695149789,-0.7976844360168804,0.0000,0.7500,0.2000,4.278
2026-04-28 00:30:40.517,436,0.1312375474984806,0.3371414041393458,-0.27144298672526984,-0.2659363359442617,-0.7976455388163464,0.0000,0.3500,-0.1000,6.804
2026-04-28 00:30:40.538,437,0.1311566041169189,0.3371908289913326,-0.27145624068278335,-0.2658507236366903,-0.7976059356213782,0.0000,0.7500,-0.2000,7.347
2026-04-28 00:30:40.561,438,0.1310781261442096,0.33723993170655964,-0.27147075885705013,-0.2657682734759145,-0.7975677606464204,0.0000,0.6500,-0.3500,6.856
2026-04-28 00:30:40.582,439,0.13099913176278183,0.33728834589935436,-0.271484002233941,-0.26568482597228615,-0.797529029243881,0.0000,0.5500,-0.0500,7.886
2026-04-28 00:30:40.604,440,0.13091671647904046,0.33733639217615163,-0.2714945138601635,-0.2655966682389461,-0.797487808267023,0.0000,0.7000,0.0500,9.768
2026-04-28 00:30:40.623,441,0.13083491463612423,0.3373831171676802,-0.27150355173303026,-0.2655087021914732,-0.7974467904125306,0.0000,0.9000,0.0000,7.308
2026-04-28 00:30:40.644,442,0.13075446251025635,0.33742918641771363,-0.27151260353080703,-0.265422241787274,-0.797406469618792,0.0000,0.8500,-0.1000,5.687
2026-04-28 00:30:40.667,443,0.13067272220633558,0.3374732831810284,-0.2715179340730377,-0.26533311095189926,-0.7973650903303322,0.0000,1.0000,0.2500,10.049
2026-04-28 00:30:40.688,444,0.1305874032968692,0.33751740920396217,-0.2715179340730377,-0.2652392561544502,-0.7973211285911297,0.0000,0.6000,0.0000,7.444
2026-04-28 00:30:40.712,445,0.13050198728029588,0.3375612568470878,-0.2715179340730377,-0.265145165079899,-0.7972769083508492,0.0000,0.8000,-0.2000,10.344
2026-04-28 00:30:40.733,446,0.13041729635058444,0.33760415503231683,-0.2715179340730377,-0.2650515979619922,-0.7972329806452484,0.0000,0.9500,0.0000,9.418
2026-04-28 00:30:40.756,447,0.1303325752893282,0.3376473988770429,-0.2715179340730377,-0.26495819492300443,-0.797188844858238,0.0000,0.5000,-0.2000,7.687
2026-04-28 00:30:40.778,448,0.13024369317408752,0.3376893676014756,-0.2715179340730377,-0.26485863720508585,-0.7971417498614306,0.0000,0.9000,0.3000,7.628
2026-04-28 00:30:40.805,449,0.1301512390729072,0.337731991455309,-0.2715179340730377,-0.2647546748928453,-0.7970920911444631,0.0000,0.6500,0.0500,7.257
2026-04-28 00:30:40.827,450,0.13005837204248452,0.33777525282557924,-0.2715179340730377,-0.2646505107980638,-0.7970419774810767,0.0000,0.6500,-0.1000,8.686
2026-04-28 00:30:40.852,451,0.12996333439579472,0.3378181998769683,-0.2715179340730377,-0.2645433249699092,-0.7969902397748255,0.0000,0.6500,0.0500,6.186
2026-04-28 00:30:40.873,452,0.12986694441917346,0.3378598810377432,-0.2715106363265467,-0.26443373222724614,-0.7969374262044135,0.0000,1.0000,0.2500,7.785
2026-04-28 00:30:40.894,453,0.12976979497804036,0.3379015737983732,-0.27150293306271234,-0.26432316136547485,-0.796883934628117,0.0000,0.6500,-0.0500,6.714
2026-04-28 00:30:40.914,454,0.12966990521425728,0.3379417544646767,-0.271491216917282,-0.26420820896281566,-0.7968284470492869,0.0000,0.6500,0.1500,9.248
2026-04-28 00:30:40.934,455,0.1295663567072724,0.33798134180814976,-0.2714762525350069,-0.26408810942023364,-0.7967703537243669,0.0000,0.4500,0.2000,6.255
2026-04-28 00:30:40.953,456,0.12946193525043917,0.33802001751250754,-0.2714594184233858,-0.26396641755303796,-0.7967115143476853,0.0000,0.7500,0.2000,7.617
2026-04-28 00:30:40.972,457,0.12935763331201872,0.33805809182986496,-0.27144184041066,-0.26384461136687976,-0.7966525930260274,0.0000,0.8000,0.1500,9.683
2026-04-28 00:30:40.992,458,0.1292537150684917,0.33809590190077077,-0.27142419914779964,-0.26372321126209114,-0.7965937683014058,0.0000,0.6000,0.0000,8.038
2026-04-28 00:30:41.010,459,0.1291469726427815,0.33813318670611986,-0.271403963361585,-0.26359780916051295,-0.7965329039770962,0.0000,0.6000,0.1000,8.447
2026-04-28 00:30:41.030,460,0.12903987215522758,0.33817025226915187,-0.2713832350246555,-0.2634718458410342,-0.7964716464854983,0.0000,1.0000,0.0500,10.884
2026-04-28 00:30:41.048,461,0.1289341422557889,0.3382071000341195,-0.2713631676113862,-0.2633476265051075,-0.796411150576809,0.0000,0.8000,-0.1500,7.403
2026-04-28 00:30:41.070,462,0.1288273697712855,0.33824401980078067,-0.27134258593086374,-0.2632220781068953,-0.7963498097510459,0.0000,0.7500,0.0500,4.917
2026-04-28 00:30:41.090,463,0.12871983507203222,0.338280418400042,-0.27132078605118776,-0.26309527751318307,-0.7962878131696575,0.0000,0.9500,0.0000,7.024
2026-04-28 00:30:41.110,464,0.12861179093851516,0.33831624452701337,-0.2712978584599201,-0.26296753574205584,-0.7962253315671549,0.0000,0.5500,0.1500,6.507
2026-04-28 00:30:41.132,465,0.12850420073606744,0.3383524720597627,-0.2712759051584231,-0.26284062385509227,-0.7961630093680676,0.0000,0.5500,-0.2000,9.685
2026-04-28 00:30:41.152,466,0.12839329943312905,0.33838851172927326,-0.2712515311787256,-0.2627092268166062,-0.796098338699615,0.0000,0.4500,0.0000,7.719
2026-04-28 00:30:41.172,467,0.12827986653778395,0.3384242861885516,-0.2712251391446387,-0.2625743449435016,-0.7960318413498887,0.0000,0.8000,0.3000,6.885
2026-04-28 00:30:41.192,468,0.12816697762851512,0.3384601669051748,-0.2711993356308449,-0.2624402643924721,-0.795965569788839,0.0000,0.6500,-0.2000,5.890
2026-04-28 00:30:41.213,469,0.1280555653513242,0.33849701077816363,-0.2711760267527232,-0.26230865679785065,-0.7959001478334976,0.0000,0.4500,-0.2500,9.590
2026-04-28 00:30:41.235,470,0.12794258862008456,0.33853424833300505,-0.27115232992555666,-0.2621751823028468,-0.7958335501153486,0.0000,0.7500,-0.1500,6.327
2026-04-28 00:30:41.255,471,0.12782808631891215,0.338572155994048,-0.2711286847411496,-0.26204003063216164,-0.7957658045490377,0.0000,0.6500,-0.1500,7.663
2026-04-28 00:30:41.276,472,0.127710261448128,0.33860919475829804,-0.2711015837422732,-0.261900035956759,-0.7956957150968018,0.0000,0.8000,0.3500,9.278
2026-04-28 00:30:41.296,473,0.1275901006724829,0.33864602284133727,-0.2710726710901442,-0.26175684261438353,-0.7956239414677343,0.0000,0.6000,0.0000,6.405
2026-04-28 00:30:41.313,474,0.12746897473144983,0.33868351712741673,-0.2710441750128775,-0.2616127163815898,-0.7955513993917545,0.0000,0.8000,-0.1000,5.639
2026-04-28 00:30:41.335,475,0.12734801341021665,0.33871899884166473,-0.2710128296275822,-0.26146782393776363,-0.7954788439340372,0.0000,1.0000,0.3000,10.940
2026-04-28 00:30:41.356,476,0.12722651617794606,0.33875515997854194,-0.2709822050083436,-0.2613225769302918,-0.7954058099209484,0.0000,0.7000,-0.2000,6.639
2026-04-28 00:30:41.377,477,0.12710493952027968,0.33879195939668033,-0.27095254288327836,-0.26117756313191615,-0.7953326034954694,0.0000,0.7500,-0.0500,7.480
2026-04-28 00:30:41.396,478,0.12697997491767135,0.3388294021958992,-0.27092164435208005,-0.26102837343361646,-0.7952570207698346,0.0000,0.6500,0.0000,5.392
2026-04-28 00:30:41.415,479,0.12685215709657952,0.33886603532440074,-0.2708876854640744,-0.2608749939830632,-0.7951794199934026,0.0000,0.7000,0.1000,9.020
2026-04-28 00:30:41.436,480,0.12672590349500823,0.3389024516870677,-0.270854499690831,-0.26072361085942025,-0.7951027478634198,0.0000,0.6000,-0.2500,6.024
2026-04-28 00:30:41.455,481,0.1266018487498162,0.33893865336750495,-0.27082251241723887,-0.26057507100071137,-0.7950274291836239,0.0000,0.6500,-0.2500,9.823
2026-04-28 00:30:41.476,482,0.12647821595068956,0.3389737490705175,-0.2707892012743484,-0.26042655926362407,-0.79495228103395,0.0000,0.9000,0.1500,9.779
2026-04-28 00:30:41.496,483,0.12635326643251002,0.33900804156997,-0.27075386050588574,-0.26027590853719923,-0.7948761459658279,0.0000,0.9000,0.2500,8.843
2026-04-28 00:30:41.515,484,0.12622876390546214,0.33904241643532734,-0.270718993477951,-0.26012591294618104,-0.7948002014226336,0.0000,0.5500,-0.0500,8.777
2026-04-28 00:30:41.537,485,0.12610429028633088,0.3390765739697205,-0.2706838711401334,-0.2599758649283841,-0.7947241702942612,0.0000,1.0000,0.1500,8.047
2026-04-28 00:30:41.558,486,0.1259778643271318,0.3391108255022224,-0.27064763888283355,-0.2598232782189433,-0.7946467333365779,0.0000,0.4000,-0.0500,4.764
2026-04-28 00:30:41.579,487,0.12585166256611982,0.3391440302806503,-0.2706100358436297,-0.25967048423133315,-0.7945693431391259,0.0000,1.0000,0.1000,9.120
2026-04-28 00:30:41.599,488,0.12572652259281525,0.3391773206590543,-0.270573318198354,-0.2595191656710863,-0.7944925596354971,0.0000,0.9500,-0.0500,9.379
2026-04-28 00:30:41.620,489,0.12560007964062764,0.33921014656039067,-0.2705350835833484,-0.25936589422390394,-0.794414807832101,0.0000,0.9500,0.0500,9.892
2026-04-28 00:30:41.649,490,0.12547171449435207,0.3392413639611428,-0.27049320242722436,-0.25920927200790284,-0.7943356764135088,0.0000,0.7000,0.3500,9.472
2026-04-28 00:30:41.670,491,0.1253423150114996,0.33927131240491326,-0.2704487752353059,-0.25905065235879515,-0.7942557587570147,0.0000,0.9000,0.1000,9.338
2026-04-28 00:30:41.688,492,0.12521089997457646,0.3393011485836251,-0.2704028821961209,-0.25888930509013847,-0.7941744021678258,0.0000,0.7500,0.0000,10.495
2026-04-28 00:30:41.708,493,0.12507916153787277,0.33933055489456854,-0.2703561743146691,-0.25872732736752185,-0.7940927361772516,0.0000,0.6500,0.2000,7.919
2026-04-28 00:30:41.727,494,0.12494838666013033,0.339359004882963,-0.2703087191978857,-0.2585661716733497,-0.79401162016481,0.0000,1.0000,0.1000,10.695
2026-04-28 00:30:41.746,495,0.1248174567399216,0.33938707819788544,-0.2702606399119632,-0.2584046361319239,-0.7939303097821333,0.0000,0.6500,-0.0500,7.060
2026-04-28 00:30:41.764,496,0.12468800830019408,0.33941505964368535,-0.27021345401568353,-0.2582450449478242,-0.7938498974096488,0.0000,0.7000,-0.1500,9.110
2026-04-28 00:30:41.784,497,0.12455804252480071,0.33944239250611213,-0.2701649932404777,-0.25808445445096057,-0.7937690518479105,0.0000,0.8500,0.1500,9.323
2026-04-28 00:30:41.806,498,0.124428390314209,0.3394702094626408,-0.2701175098929046,-0.25792453862596343,-0.7936883283550453,0.0000,0.8500,-0.1000,9.507
2026-04-28 00:30:41.828,499,0.12430065616523521,0.33949766311393154,-0.2700708019048495,-0.257767012884175,-0.7936087979002125,0.0000,0.8500,0.0000,7.375
2026-04-28 00:30:41.850,500,0.12417335165096548,0.33952477357738686,-0.27002390654366243,-0.25760990250027294,-0.7935294694838486,0.0000,0.6500,-0.0500,10.077
2026-04-28 00:30:41.868,501,0.12404708230912749,0.3395515496042901,-0.26997724001330453,-0.25745401902195286,-0.7934507480635419,0.0000,0.7500,-0.0500,9.514
2026-04-28 00:30:41.888,502,0.12392120579177492,0.33957854602167586,-0.26993120571680296,-0.2572987831903944,-0.7933722066541117,0.0000,0.6500,-0.0500,10.525
2026-04-28 00:30:41.907,503,0.12379571530106669,0.3396063081087953,-0.2698866164446634,-0.25714445837615196,-0.7932938419517456,0.0000,0.5500,-0.1500,9.823
2026-04-28 00:30:41.927,504,0.12367220194604887,0.3396340017890072,-0.269843281233758,-0.2569927488174292,-0.7932167159054682,0.0000,0.8000,-0.2500,9.162
2026-04-28 00:30:41.949,505,0.12354839341962626,0.33966217390443265,-0.2698005048971545,-0.25684089799332216,-0.7931393148353982,0.0000,0.5000,-0.2500,6.559
2026-04-28 00:30:41.970,506,0.12342194147574519,0.3396908096617796,-0.2697566991775096,-0.25668576731626347,-0.7930600744178095,0.0000,0.7000,-0.1000,7.726
2026-04-28 00:30:41.988,507,0.12329671425457328,0.3397193404152064,-0.2697135893046867,-0.25653222979031526,-0.7929815745688519,0.0000,0.7500,0.0000,10.384
2026-04-28 00:30:42.007,508,0.12316972750712349,0.3397469572392561,-0.26966797183811225,-0.2563759017637578,-0.7929018269278983,0.0000,0.9500,0.2500,9.929
2026-04-28 00:30:42.025,509,0.12304226725528772,0.3397739504779631,-0.2696211390969984,-0.2562186429169775,-0.792821689964494,0.0000,0.8500,0.1500,10.019
2026-04-28 00:30:42.045,510,0.1229161022521655,0.33980140492614447,-0.26957589690570766,-0.25606335380017436,-0.7927423439521646,0.0000,0.6000,0.0000,7.366
2026-04-28 00:30:42.065,511,0.12278889133802368,0.33982932417579603,-0.2695306893505315,-0.2559069144811312,-0.7926622292059758,0.0000,0.7500,-0.1500,8.766
2026-04-28 00:30:42.085,512,0.1226629924848855,0.3398584958920428,-0.26948826938988724,-0.2557528625759323,-0.7925829187791743,0.0000,0.6000,-0.3000,7.118
2026-04-28 00:30:42.107,513,0.12253700084710564,0.3398888935289266,-0.26944766012826454,-0.25559931150758347,-0.7925034771638156,0.0000,0.5500,-0.2500,6.887
2026-04-28 00:30:42.130,514,0.12241152965346776,0.33991889708029427,-0.26940683987050545,-0.25544626873754545,-0.7924243142190709,0.0000,0.9000,-0.0500,6.623
2026-04-28 00:30:42.153,515,0.12228504771413994,0.33994877524158384,-0.26936519036900497,-0.2552918268558615,-0.7923444101761009,0.0000,0.8500,0.0500,4.063
2026-04-28 00:30:42.178,516,0.12215985014007619,0.33997931894065664,-0.26932542759944694,-0.2551394413057363,-0.7922652961178916,0.0000,0.4500,-0.2000,9.902
2026-04-28 00:30:42.201,517,0.12203515238693538,0.3400091987784563,-0.26928503395095976,-0.25498740116238544,-0.7921864500087635,0.0000,0.9000,0.0500,8.015
2026-04-28 00:30:42.227,518,0.12191173163911458,0.3400386883196631,-0.26924493741800964,-0.25483687929036913,-0.7921083909506209,0.0000,0.7500,0.0000,7.512
2026-04-28 00:30:42.249,519,0.12178972330767271,0.34006779622451105,-0.2692052407966337,-0.25468806040669484,-0.7920312101817915,0.0000,0.6000,-0.1500,7.852
2026-04-28 00:30:42.272,520,0.12166611292128353,0.34009731123769593,-0.26916511709499696,-0.2545373194298386,-0.7919528990045486,0.0000,0.6500,0.0500,7.702
2026-04-28 00:30:42.294,521,0.1215407787999506,0.34012644047669877,-0.2691232954149153,-0.2543840975221569,-0.7918733772344713,0.0000,0.7000,0.3000,8.498
2026-04-28 00:30:42.318,522,0.1214128823621318,0.3401554494168513,-0.269079614467433,-0.25422740915854997,-0.7917920867387411,0.0000,0.8500,0.3000,7.181
2026-04-28 00:30:42.340,523,0.12128354568550363,0.34018511618853076,-0.26903598905902243,-0.2540691393560429,-0.7917097764768626,0.0000,0.7000,-0.0500,5.142
2026-04-28 00:30:42.361,524,0.12115396674322709,0.34021465530211226,-0.2689920391697553,-0.25391049251791503,-0.7916272459917136,0.0000,0.8500,-0.1500,8.615
2026-04-28 00:30:42.383,525,0.12102623566757405,0.34024432050087994,-0.26894953840832153,-0.2537543822116231,-0.7915458895855015,0.0000,1.0000,-0.0500,7.413
2026-04-28 00:30:42.406,526,0.12089719834924606,0.3402748777547201,-0.2689075325686838,-0.25359698579803963,-0.7914636053861761,0.0000,0.3500,-0.0500,7.389
2026-04-28 00:30:42.427,527,0.12076799433173604,0.3403052778342984,-0.26886520708748807,-0.2534392979109902,-0.7913811539438692,0.0000,0.7500,0.1500,6.313
2026-04-28 00:30:42.447,528,0.12063806133634523,0.3403362915398439,-0.26882334290382254,-0.253280954104969,-0.791298161247768,0.0000,0.5500,-0.0500,6.808
2026-04-28 00:30:42.468,529,0.12050756864347328,0.34036714235090243,-0.2687808876879483,-0.2531217916883702,-0.7912147409805003,0.0000,0.5500,0.1000,6.678
2026-04-28 00:30:42.489,530,0.12037848854290059,0.3403983370869471,-0.268739916132311,-0.25296469365413793,-0.7911322088185123,0.0000,0.6000,-0.1000,6.671
2026-04-28 00:30:42.508,531,0.12025064277238426,0.34042860034458555,-0.26869839589965844,-0.25280878448313343,-0.7910504467246527,0.0000,0.9500,0.1500,12.566
2026-04-28 00:30:42.534,532,0.12012190082538537,0.3404584579818763,-0.2686556950545774,-0.25265148629656536,-0.7909680351535076,0.0000,0.8000,0.1000,6.698
2026-04-28 00:30:42.554,533,0.11999298314303762,0.34048816845299273,-0.268612681193381,-0.2524938887792499,-0.7908854551795603,0.0000,0.8500,-0.0500,5.833
2026-04-28 00:30:42.574,534,0.11986332898953479,0.3405179805762391,-0.268569353346304,-0.25233536856410543,-0.7908023337476288,0.0000,0.6500,-0.0500,10.028
2026-04-28 00:30:42.596,535,0.1197337902069105,0.34054688562884766,-0.26852476595613345,-0.2521765569525615,-0.7907192395095601,0.0000,0.6500,0.0500,7.581
2026-04-28 00:30:42.617,536,0.11960437969513694,0.3405756525574027,-0.2684800806804931,-0.2520178554932071,-0.7906361818111368,0.0000,0.5000,-0.0500,9.154
2026-04-28 00:30:42.636,537,0.11947442084026867,0.34060453116622597,-0.2684352207931014,-0.25185848681347955,-0.7905527103110089,0.0000,0.5000,0.0000,5.154
2026-04-28 00:30:42.658,538,0.11934379213302126,0.34063351446825324,-0.2683900944557236,-0.25169828528651317,-0.7904687447265816,0.0000,0.6500,0.0500,5.838
2026-04-28 00:30:42.678,539,0.1192126763934513,0.3406628528594047,-0.26834519879610086,-0.2515376197512036,-0.7903844076506331,0.0000,0.3000,-0.2000,5.920
2026-04-28 00:30:42.700,540,0.11908162715782909,0.34069277659735236,-0.26830124788393717,-0.2513773432673943,-0.7903000688093933,0.0000,0.8000,-0.1000,8.788
2026-04-28 00:30:42.719,541,0.11894997076562927,0.3407222895216812,-0.26825629803572354,-0.25121605942525144,-0.7902152797873642,0.0000,0.5500,0.0500,6.169
2026-04-28 00:30:42.740,542,0.1188171939570473,0.340751401459755,-0.26821002148847123,-0.25105308867819215,-0.7901296990924886,0.0000,0.9000,0.0500,8.964
2026-04-28 00:30:42.761,543,0.1186858539223555,0.34078061162433143,-0.2681648715289625,-0.25089209010747415,-0.7900450321892106,0.0000,0.8000,-0.1000,5.321
2026-04-28 00:30:42.780,544,0.11855339505890283,0.3408099143105251,-0.2681191355437878,-0.2507296532799849,-0.7899595760032943,0.0000,0.9000,0.0500,7.880
2026-04-28 00:30:42.800,545,0.11841919360113787,0.3408388145588136,-0.26807165493379626,-0.25056469891974975,-0.7898729153419906,0.0000,0.6500,0.2000,4.366
2026-04-28 00:30:42.820,546,0.11828526618096258,0.34086732101389616,-0.268023786775881,-0.2503999200844749,-0.7897863952677552,0.0000,0.7000,-0.1500,7.588
2026-04-28 00:30:42.841,547,0.1181508406733696,0.34089616850426635,-0.267976118256025,-0.25023465458282573,-0.7896995016621532,0.0000,0.5500,-0.0500,4.642
2026-04-28 00:30:42.862,548,0.1180152848939572,0.3409253477790092,-0.2679282137394369,-0.2500680547728209,-0.789611813691013,0.0000,0.4500,0.0000,7.666
2026-04-28 00:30:42.884,549,0.11788121873633114,0.3409546113262693,-0.26788144825645216,-0.24990348998757897,-0.7895250785628366,0.0000,0.7000,-0.2000,9.043
2026-04-28 00:30:42.905,550,0.11774809007367631,0.34098298875096855,-0.2678339978367554,-0.2497397387595821,-0.7894389287966541,0.0000,1.0000,0.1000,7.937
2026-04-28 00:30:42.925,551,0.11761435188023549,0.34101025510411115,-0.267784493417591,-0.24957462581394435,-0.7893523336364805,0.0000,1.0000,0.3000,10.710
2026-04-28 00:30:42.945,552,0.11748206880773132,0.3410378776003775,-0.2677365119710354,-0.2494116375290817,-0.7892666701023995,0.0000,0.6500,-0.1000,9.248
2026-04-28 00:30:42.966,553,0.11735122352624945,0.3410651249516375,-0.2676889447314577,-0.2492503850579571,-0.7891819272179529,0.0000,0.7000,-0.2000,3.437
2026-04-28 00:30:42.989,554,0.11722178772421449,0.3410924766406936,-0.26764249177272104,-0.24909107029823144,-0.7890980866769228,0.0000,0.5500,-0.1000,8.794
2026-04-28 00:30:43.010,555,0.11709373395217253,0.34111969346883003,-0.26759677572529794,-0.24893353695772638,-0.7890151307393165,0.0000,0.8500,-0.1000,10.749
2026-04-28 00:30:43.031,556,0.1169657788791422,0.34114701335948566,-0.26755129765261876,-0.24877619279804086,-0.788932204402395,0.0000,0.6000,0.0000,7.478
2026-04-28 00:30:43.052,557,0.11683792524191837,0.34117372401909757,-0.2675049906751446,-0.24861868523069008,-0.7888493100336679,0.0000,0.6000,0.0000,8.170
2026-04-28 00:30:43.072,558,0.11670903785580952,0.3412003122526972,-0.26745782795085987,-0.24845974398919937,-0.7887656913781761,0.0000,0.6500,-0.0500,7.442
2026-04-28 00:30:43.093,559,0.11658015201438633,0.3412265472600972,-0.2674101532193253,-0.24830063397684188,-0.788682039158446,0.0000,0.7500,0.1500,4.299
2026-04-28 00:30:43.112,560,0.11645077658529228,0.34125220246729143,-0.26736129894592675,-0.24814058697673275,-0.7885980264718172,0.0000,0.8000,0.2500,6.885
2026-04-28 00:30:43.131,561,0.11632105869393355,0.3412775164415606,-0.2673117208169361,-0.2479799183542819,-0.7885137519130204,0.0000,0.5000,0.0000,9.020
2026-04-28 00:30:43.153,562,0.11619226733334947,0.34130437209441666,-0.2672650889504512,-0.2478212614718073,-0.7884300619808751,0.0000,0.2000,-0.3000,6.760
2026-04-28 00:30:43.172,563,0.1160652671533428,0.3413306316873529,-0.26721877293105223,-0.24766470024356452,-0.788347533604491,0.0000,0.9000,0.1500,8.707
2026-04-28 00:30:43.193,564,0.11593718673211048,0.3413563046643182,-0.2671708724062118,-0.24750641074747262,-0.7882642529911355,0.0000,0.6500,0.2000,6.814
2026-04-28 00:30:43.213,565,0.11580929813672558,0.341381402513099,-0.26712225241863485,-0.24734809473642902,-0.7881810686666663,0.0000,0.8500,0.1000,5.198
2026-04-28 00:30:43.232,566,0.1156809767409826,0.3414063924516392,-0.2670731971475822,-0.24718915290524476,-0.7880975646875382,0.0000,0.7500,-0.0500,5.205
2026-04-28 00:30:43.254,567,0.1155546906481845,0.3414324278197278,-0.2670270817782078,-0.24703345265018656,-0.7880153869227696,0.0000,0.3500,-0.3500,6.728
2026-04-28 00:30:43.274,568,0.11542932319803645,0.3414587962858764,-0.2669820931497512,-0.2468791488482556,-0.787933791391978,0.0000,0.6500,-0.2000,9.974
2026-04-28 00:30:43.295,569,0.11530364943718076,0.3414850319341056,-0.26693671553269094,-0.24672437519461027,-0.7878519619125082,0.0000,0.7000,0.1000,10.348
2026-04-28 00:30:43.317,570,0.11517756050248028,0.3415106775846497,-0.26689019036527223,-0.24656875787394525,-0.7877698263550587,0.0000,0.7500,0.0500,9.192
2026-04-28 00:30:43.337,571,0.11505106725050596,0.34153620029419146,-0.2668432252568023,-0.24641254481657565,-0.7876873923967747,0.0000,0.8000,-0.0500,8.931
2026-04-28 00:30:43.361,572,0.11492587275079114,0.34156251349485006,-0.26679832552491933,-0.24625846342558644,-0.7876057958501849,0.0000,0.6500,-0.2500,6.163
2026-04-28 00:30:43.388,573,0.11480040006345633,0.3415895981202518,-0.26675441106973363,-0.24610440151001764,-0.7875239858483835,0.0000,0.3500,-0.2000,6.400
2026-04-28 00:30:43.410,574,0.11467453263507178,0.34161630097051815,-0.26670967418517105,-0.24594962699515885,-0.7874418851090359,0.0000,0.9000,0.0500,6.354
2026-04-28 00:30:43.432,575,0.11454827994312247,0.34164353021872357,-0.26666548324825606,-0.24579460653504873,-0.7873595003641182,0.0000,0.7500,-0.0500,8.780
2026-04-28 00:30:43.451,576,0.11442166523467924,0.34167037559258395,-0.26662048815071315,-0.24563891592153175,-0.7872768475191255,0.0000,0.8500,0.1500,4.649
2026-04-28 00:30:43.468,577,0.1142948419633005,0.34169662021310815,-0.26657446568149956,-0.24548265125277052,-0.7871940292777663,0.0000,0.7500,0.1000,8.564
2026-04-28 00:30:43.490,578,0.11416830443946387,0.34172339342709307,-0.26652943920912464,-0.24532703621672022,-0.787111375575675,0.0000,0.5000,-0.1000,6.612
2026-04-28 00:30:43.510,579,0.11404087488945856,0.34174978949664675,-0.2664832647551523,-0.24517004751439833,-0.7870281016197643,0.0000,0.8500,0.0000,8.025
2026-04-28 00:30:43.529,580,0.11391445422505371,0.3417751504046617,-0.26643622238214676,-0.24501389062216408,-0.7869454750680925,0.0000,1.0000,0.2000,9.511
2026-04-28 00:30:43.548,581,0.11378948023835948,0.34180104463380295,-0.26639095649201905,-0.24485993344101264,-0.7868637881598589,0.0000,0.8500,-0.3000,7.915
2026-04-28 00:30:43.568,582,0.11366547194322264,0.34182634910187654,-0.266345461623302,-0.2447069730527725,-0.7867827206097534,0.0000,0.7000,0.0000,7.959
2026-04-28 00:30:43.587,583,0.11354044190660859,0.3418515157285954,-0.26629909052217915,-0.24455258544531677,-0.7867009478289633,0.0000,0.7000,0.0500,6.669
2026-04-28 00:30:43.606,584,0.11341523887822808,0.3418765453255164,-0.26625241006376715,-0.2443979026303535,-0.7866190360116746,0.0000,0.6000,0.1000,9.368
2026-04-28 00:30:43.626,585,0.11329159613617935,0.34190143935902034,-0.2662065777936405,-0.24424523631909112,-0.7865381410322493,0.0000,0.5500,-0.1500,7.250
2026-04-28 00:30:43.646,586,0.11316880481807853,0.3419261972356101,-0.266161120076493,-0.24409364100638142,-0.7864577906660601,0.0000,0.8500,-0.0500,11.467
2026-04-28 00:30:43.667,587,0.11304582348480807,0.3419510410377878,-0.2661156755757472,-0.24394183909030925,-0.7863772909654031,0.0000,0.7500,0.0000,7.339
2026-04-28 00:30:43.687,588,0.11292311938090858,0.3419757478803846,-0.26607022129493824,-0.24379034206419994,-0.7862969537665038,0.0000,0.8000,0.0000,9.072
2026-04-28 00:30:43.709,589,0.11280026221338993,0.3420005382648912,-0.26602480096171266,-0.24363868639885308,-0.7862164925421362,0.0000,0.7000,-0.1000,8.556
2026-04-28 00:30:43.732,590,0.11267783472894173,0.34202432047713094,-0.2659781653424418,-0.24348710317764707,-0.7861362961198393,0.0000,0.8000,0.1500,10.262
2026-04-28 00:30:43.756,591,0.1125575461838689,0.34204928940278345,-0.26593474611209356,-0.2433389687975355,-0.7860575043286159,0.0000,0.2500,-0.4000,9.660
2026-04-28 00:30:43.776,592,0.11243936382535699,0.34207390311040864,-0.26589220838290994,-0.24319346856890076,-0.785980095653184,0.0000,0.7500,-0.1000,7.623
2026-04-28 00:30:43.796,593,0.11232041886504891,0.3420979522957661,-0.26584832551990156,-0.24304667273580374,-0.7859021578831011,0.0000,0.6500,0.2500,10.063
2026-04-28 00:30:43.816,594,0.11220242178407712,0.342122309900295,-0.2658055471052204,-0.24290129835858798,-0.7858248316495239,0.0000,0.5000,-0.3000,8.160
2026-04-28 00:30:43.842,595,0.11208693550817941,0.3421469699942701,-0.2657649060462703,-0.24275942632226682,-0.78574915920869,0.0000,0.6000,-0.2000,9.161
2026-04-28 00:30:43.863,596,0.11197256293138916,0.34217170636955796,-0.2657251314806008,-0.24261908066447704,-0.7856742094577813,0.0000,0.9500,0.1000,7.672
2026-04-28 00:30:43.883,597,0.11185852664080428,0.3421954422522909,-0.2656840898280636,-0.24247868639816267,-0.785599464418172,0.0000,0.6500,0.0500,8.565
2026-04-28 00:30:43.902,598,0.11174470669832881,0.3422190546331144,-0.2656430164739788,-0.24233852205234294,-0.7855248444233238,0.0000,0.7000,0.0000,10.181
2026-04-28 00:30:43.921,599,0.11163054619226266,0.34224233287736583,-0.2656012240520972,-0.24219773971264358,-0.7854499784865798,0.0000,0.8000,0.0500,8.728
2026-04-28 00:30:43.942,600,0.11151726651182811,0.3422652837328543,-0.2655595368059221,-0.24205797122454428,-0.785375681150914,0.0000,0.6500,0.0000,5.236
2026-04-28 00:30:43.965,601,0.11140418535532141,0.34228812204633635,-0.2655178220021594,-0.2419184142291412,-0.7853014978277642,0.0000,0.7000,0.0000,8.712
2026-04-28 00:30:43.985,602,0.11129141793744174,0.3423110603676528,-0.26547647514177775,-0.24177932857497672,-0.7852275056019811,0.0000,0.5500,-0.1500,7.761
2026-04-28 00:30:44.005,603,0.11117841959984326,0.34233324429595297,-0.2654338513863489,-0.2416395608052104,-0.7851533416389268,0.0000,0.7000,0.1000,9.168
2026-04-28 00:30:44.025,604,0.11106410842236933,0.3423551132446285,-0.2653898884462417,-0.24149788802172126,-0.7850782849253587,0.0000,0.5500,0.1000,8.347
2026-04-28 00:30:44.050,605,0.11095015282583906,0.34237624575168085,-0.2653450662813343,-0.2413563240106634,-0.7850034480046818,0.0000,0.8000,0.0500,7.557
2026-04-28 00:30:44.074,606,0.11083697470566166,0.3423968659147493,-0.2653000021759366,-0.24121554330478887,-0.7849291123994183,0.0000,0.9000,-0.1500,9.432
2026-04-28 00:30:44.097,607,0.1107257526998659,0.3424169859423168,-0.26525550007759,-0.24107712348308027,-0.7848560641232865,0.0000,0.8500,-0.1000,8.415
2026-04-28 00:30:44.120,608,0.11061407561784732,0.34243725084286536,-0.2652109199166041,-0.24093817208698162,-0.78478269596709,0.0000,0.7000,0.1000,7.603
2026-04-28 00:30:44.140,609,0.11050704096456418,0.34245571557596854,-0.26516447960247974,-0.24079610874187338,-0.7847082042717454,0.0000,0.8000,-0.1000,7.414
2026-04-28 00:30:44.159,610,0.11040540562579809,0.3424720335721902,-0.2651160115694818,-0.24065120404950657,-0.7846328112445845,0.0000,0.9000,-0.1000,7.627
2026-04-28 00:30:44.180,611,0.1103106142955399,0.3424856225399282,-0.2650646811133286,-0.24050166004407722,-0.7845557637357421,0.0000,0.6000,-0.0500,6.711
2026-04-28 00:30:44.201,612,0.11022568568863084,0.3424951069529477,-0.265009083131026,-0.24034578408190663,-0.7844765595611717,0.0000,0.4000,-0.1000,6.846
2026-04-28 00:30:44.222,613,0.11014681868649023,0.3425015563297717,-0.2649505104183807,-0.24018729850598,-0.7843967927651255,0.0000,1.0000,0.0500,6.169
2026-04-28 00:30:44.252,614,0.1100748666770612,0.3425015563297717,-0.26488812280763296,-0.24002382588161425,-0.7843153595745972,0.0000,0.8000,0.1500,9.001
2026-04-28 00:30:44.271,615,0.11000915435057748,0.3425015563297717,-0.26482240385243283,-0.23985568183316533,-0.7842323070037394,0.0000,0.8000,-0.1000,7.179
2026-04-28 00:30:44.291,616,0.1099511009065316,0.3425015563297717,-0.26475540734518516,-0.23968536991156056,-0.7841487143741434,0.0000,0.8000,-0.1500,4.958
2026-04-28 00:30:44.312,617,0.10990022957472331,0.3424957976347705,-0.26468418084780404,-0.2395097912779349,-0.7840633934535687,0.0000,0.7500,0.3500,7.801
2026-04-28 00:30:44.334,618,0.10985740135311553,0.342486647806744,-0.2646093389687941,-0.2393287653451526,-0.7839761812358348,0.0000,0.5500,0.0500,7.725
2026-04-28 00:30:44.356,619,0.10982116567713017,0.34247576025439747,-0.26453384266550867,-0.23914656296627912,-0.7838888000267605,0.0000,0.5000,-0.2500,5.386
2026-04-28 00:30:44.374,620,0.10979006626701694,0.34246217707740995,-0.26445514207301446,-0.2389602358192049,-0.783800015368362,0.0000,1.0000,0.2000,10.526
2026-04-28 00:30:44.394,621,0.10976641472370338,0.34244589338809844,-0.2643740346959976,-0.23877012937867972,-0.7837100014445055,0.0000,0.4500,-0.0500,8.052
2026-04-28 00:30:44.414,622,0.10974928893815876,0.3424267889676352,-0.2642900680324626,-0.23857622679433174,-0.7836187801059145,0.0000,0.8500,0.1500,8.049
2026-04-28 00:30:44.433,623,0.10973812404300193,0.3424045235886873,-0.26420243356427203,-0.2383778963460978,-0.7835261207672746,0.0000,0.8500,0.1500,10.920
2026-04-28 00:30:44.452,624,0.10973240296472946,0.34238038262415893,-0.26411348147681785,-0.2381779398990573,-0.7834331032325155,0.0000,0.7500,-0.1000,8.353
2026-04-28 00:30:44.475,625,0.10973240296472946,0.34235380753996786,-0.2640218674634387,-0.237975177975175,-0.7833392776075367,0.0000,1.0000,0.1500,9.419
2026-04-28 00:30:44.498,626,0.10973240296472946,0.342325214299517,-0.2639280585197239,-0.23776908414721976,-0.7832442768960977,0.0000,0.7500,0.0500,6.949
2026-04-28 00:30:44.519,627,0.1097397212059235,0.3422954585834371,-0.2638334181198406,-0.23756154923454753,-0.783148832792821,0.0000,0.7500,-0.0500,8.935
2026-04-28 00:30:44.539,628,0.10975112317306122,0.34226369590059014,-0.2637364296269837,-0.23735078221260528,-0.7830522611102405,0.0000,0.8500,0.2000,7.827
2026-04-28 00:30:44.562,629,0.10976946466289325,0.342229190801719,-0.2636367963351803,-0.23713614736671243,-0.7829544280523256,0.0000,0.7500,0.0500,6.912
2026-04-28 00:30:44.582,630,0.10979236693759961,0.3421927276680777,-0.26353526037217617,-0.2369191421158928,-0.7828558864292852,0.0000,0.7500,0.1000,5.612
2026-04-28 00:30:44.602,631,0.10981899308994247,0.3421538555048029,-0.2634300576865397,-0.23669645823849012,-0.7827550950720772,0.0000,0.9000,0.2000,3.959
2026-04-28 00:30:44.623,632,0.10984812998382444,0.342113916408033,-0.2633237166511665,-0.23647206724137299,-0.7826537044002756,0.0000,0.7500,0.0000,6.097
2026-04-28 00:30:44.645,633,0.10988208328055493,0.3420717520418,-0.2632146909432082,-0.2362434653226281,-0.7825507522842374,0.0000,0.7000,-0.1000,7.343
2026-04-28 00:30:44.664,634,0.10992284671248001,0.3420273169752536,-0.2631044216897989,-0.2360139573899717,-0.7824479027200453,0.0000,0.8000,0.0000,6.133
2026-04-28 00:30:44.685,635,0.10997089200761825,0.3419804660221104,-0.2629923654666414,-0.2357817224916342,-0.7823442817101293,0.0000,0.6000,-0.1500,9.429
2026-04-28 00:30:44.706,636,0.11002718047338232,0.3419299970870334,-0.2628771316772486,-0.23554659355128937,-0.7822401064191785,0.0000,0.7500,0.1000,11.361
2026-04-28 00:30:44.726,637,0.11008760496914856,0.3418779890318748,-0.26276010572868147,-0.23530786773055334,-0.7821345058888708,0.0000,0.5500,0.0000,8.268
2026-04-28 00:30:44.746,638,0.11015423780946487,0.3418237995897182,-0.2626414315653006,-0.2350669688152436,-0.7820283527525316,0.0000,0.7500,0.0500,6.384
2026-04-28 00:30:44.767,639,0.11022400755418252,0.3417683244229808,-0.26252075519302986,-0.23482155017932996,-0.781920249952624,0.0000,0.4000,-0.0500,5.080
2026-04-28 00:30:44.788,640,0.1102985218494453,0.34171022333534407,-0.26239721608494854,-0.23457337525555844,-0.7818114144231169,0.0000,0.9500,0.2500,7.709
2026-04-28 00:30:44.808,641,0.11037867581648263,0.3416503798744747,-0.26227235968748785,-0.23432268070039802,-0.7817017437713164,0.0000,0.5000,-0.2000,5.864
2026-04-28 00:30:44.835,642,0.11046105003895985,0.34158921224799793,-0.2621457298594667,-0.23406955953682665,-0.7815911801203039,0.0000,0.7500,0.1500,8.905
2026-04-28 00:30:44.859,643,0.11054719868183359,0.34152749675595445,-0.2620188118942394,-0.23381381569336032,-0.7814794315203732,0.0000,0.2500,-0.1500,5.860
2026-04-28 00:30:44.880,644,0.11063941128769876,0.3414630210962606,-0.2618891040332061,-0.23355476009506437,-0.7813667066682085,0.0000,0.9000,0.2500,9.519
2026-04-28 00:30:44.905,645,0.11073583790893293,0.3413961259197713,-0.2617569618856771,-0.2332941004714112,-0.7812537744220831,0.0000,1.0000,0.2000,12.239
2026-04-28 00:30:44.924,646,0.11083477971062261,0.3413285233746658,-0.26162487769015846,-0.23303435244838397,-0.7811414647118511,0.0000,0.8500,0.0000,9.715
2026-04-28 00:30:44.945,647,0.11093763570523377,0.3412592419873924,-0.26149118866275495,-0.23277266810675848,-0.7810285965978868,0.0000,0.9500,0.0500,8.440
2026-04-28 00:30:44.964,648,0.11104288230120567,0.34118954924575046,-0.2613571057909403,-0.2325088589178559,-0.7809147590932257,0.0000,0.5000,-0.1000,7.445
2026-04-28 00:30:44.985,649,0.11114935937276416,0.34111775099295344,-0.2612196476062129,-0.23224176874949873,-0.7807997978180604,0.0000,1.0000,0.5500,9.187
2026-04-28 00:30:45.005,650,0.11125989330378411,0.3410450609586316,-0.26108207913103004,-0.2319741395687501,-0.7806847804683933,0.0000,0.6500,-0.0500,7.128
2026-04-28 00:30:45.024,651,0.11137432812197919,0.3409706098275803,-0.26094267122427717,-0.23170413600884174,-0.7805690068323468,0.0000,0.6000,0.1000,8.267
2026-04-28 00:30:45.046,652,0.11149183731528949,0.3408963958210904,-0.26080459995202926,-0.2314343658651532,-0.7804532813928526,0.0000,0.6000,-0.2000,6.866
2026-04-28 00:30:45.067,653,0.11161314568505729,0.3408207870698391,-0.2606653871312882,-0.23116307224870966,-0.7803371338112105,0.0000,0.8000,-0.1000,7.710
2026-04-28 00:30:45.088,654,0.11173978598335535,0.34074273393187576,-0.26052393625568765,-0.23088975411212265,-0.7802205761105931,0.0000,0.8500,0.1000,8.383
2026-04-28 00:30:45.116,655,0.11186690695278925,0.3406635283055323,-0.2603804424557721,-0.23061412896971337,-0.7801031442079118,0.0000,0.9500,0.3000,8.053
2026-04-28 00:30:45.133,656,0.11199431721827426,0.3405834518700874,-0.2602355171547454,-0.23033725823637358,-0.7799852985231116,0.0000,1.0000,0.1500,10.159
2026-04-28 00:30:45.152,657,0.11212616656529116,0.3405031112064237,-0.26009150092975775,-0.23006001685391125,-0.7798673250122097,0.0000,0.3500,-0.2500,4.034
2026-04-28 00:30:45.170,658,0.11226066666716429,0.34042166700461185,-0.2599465672867466,-0.22978192121373053,-0.7797491918267694,0.0000,0.9000,0.0000,8.317
2026-04-28 00:30:45.192,659,0.1123988857078841,0.3403382576290612,-0.25979980506302247,-0.22950273614570693,-0.7796309969170794,0.0000,1.0000,0.1000,9.110
2026-04-28 00:30:45.213,660,0.11254438629932025,0.3402519303886553,-0.25965058437934396,-0.2292208822505839,-0.779512188880847,0.0000,0.5000,0.1000,7.497
2026-04-28 00:30:45.233,661,0.11269234906160387,0.3401636078410705,-0.2594988168082563,-0.22893686046150782,-0.7793927876679143,0.0000,1.0000,0.5000,7.464
2026-04-28 00:30:45.253,662,0.11284637087015265,0.3400737470606654,-0.2593467547736738,-0.22865260838734303,-0.7792736479349718,0.0000,0.6500,-0.2000,6.615
2026-04-28 00:30:45.271,663,0.11300350102400558,0.33998316606885387,-0.2591943962404775,-0.22836734235623166,-0.779154173459772,0.0000,0.7500,-0.0500,5.619
2026-04-28 00:30:45.291,664,0.11316599404834984,0.3398901139329396,-0.2590390295843827,-0.2280772939424563,-0.7790329178798798,0.0000,0.4000,0.0000,6.524
2026-04-28 00:30:45.314,665,0.11333264400593468,0.3397962727103669,-0.2588838922513231,-0.22778733591387937,-0.7789118971803562,0.0000,0.8000,-0.2500,7.999
2026-04-28 00:30:45.335,666,0.1135026284306266,0.3397013976430577,-0.25872823445223087,-0.2274968647601109,-0.7787908709092842,0.0000,0.8500,-0.1000,8.422
2026-04-28 00:30:45.355,667,0.11367637716748978,0.3396055609842995,-0.25857209209567733,-0.22720515636019276,-0.7786694590549148,0.0000,0.6000,-0.1000,6.447
2026-04-28 00:30:45.376,668,0.11385437551001495,0.3395081835288474,-0.2584153595478139,-0.226914201317215,-0.7785488018304756,0.0000,0.8000,0.0000,9.689
2026-04-28 00:30:45.397,669,0.11403613709868113,0.33940874050144615,-0.2582565235748095,-0.2266215964258328,-0.7784278289358236,0.0000,0.8000,0.1500,6.284
2026-04-28 00:30:45.418,670,0.11421984137237289,0.3393081632554251,-0.2580966176810261,-0.22632853794103938,-0.7783069057672082,0.0000,0.8500,0.2500,7.825
2026-04-28 00:30:45.437,671,0.11440853539477559,0.33920598582518585,-0.2579357577493844,-0.22603433721035074,-0.7781858045952655,0.0000,0.5500,0.0000,10.778
2026-04-28 00:30:45.457,672,0.11460130200425471,0.3391021931354773,-0.2577737331057605,-0.22573933653756353,-0.7780647004446033,0.0000,0.7000,0.1000,9.589
2026-04-28 00:30:45.478,673,0.11479708413142325,0.3389965881536764,-0.2576095287268351,-0.22544197331958854,-0.7779428613741707,0.0000,0.9500,0.3000,9.047
2026-04-28 00:30:45.501,674,0.114994851047027,0.3388900116843147,-0.25744425098000456,-0.22514327098204867,-0.7778205889964492,0.0000,0.7500,0.0500,4.859
2026-04-28 00:30:45.522,675,0.11519461216658403,0.33878271823452044,-0.2572779230898937,-0.22484201447489208,-0.777697212258922,0.0000,0.6500,0.1000,7.043
2026-04-28 00:30:45.541,676,0.11539886654926095,0.33867404503826454,-0.25711067037422186,-0.224539174526824,-0.7775733823152503,0.0000,0.5000,-0.2500,8.406
2026-04-28 00:30:45.562,677,0.11560692990972901,0.33856404881449703,-0.25694219548534386,-0.22423414125554078,-0.7774487801408795,0.0000,0.6000,0.0500,8.673
2026-04-28 00:30:45.584,678,0.11581623038347745,0.3384536904003151,-0.2567737844244243,-0.22392975784898755,-0.7773245872153973,0.0000,1.0000,0.1000,8.444
2026-04-28 00:30:45.604,679,0.11602805873210466,0.33834141044619487,-0.25660344271611263,-0.22362504938232222,-0.77720070600723,0.0000,1.0000,0.2000,11.914
2026-04-28 00:30:45.624,680,0.1162435440091273,0.3382278869635896,-0.2564319611910592,-0.22331822454355182,-0.7770760714495819,0.0000,0.6000,-0.0500,8.014
2026-04-28 00:30:45.646,681,0.1164645606227373,0.3381125920839252,-0.2562598390971673,-0.22301167269730182,-0.7769520102825924,0.0000,0.9500,-0.1000,10.764
2026-04-28 00:30:45.666,682,0.11669041166671228,0.33799640625947686,-0.2560880847414199,-0.2227054704432939,-0.7768283407823767,0.0000,0.6000,-0.2000,9.920
2026-04-28 00:30:45.686,683,0.1169164900330955,0.33788013372063325,-0.2559162153045633,-0.22239901126601416,-0.7767045587215637,0.0000,0.9000,0.0500,8.597
2026-04-28 00:30:45.708,684,0.11714264796549785,0.33776369838735126,-0.25574393294986497,-0.22209174375541058,-0.7765804075018017,0.0000,0.8500,0.0500,9.066
2026-04-28 00:30:45.730,685,0.1173708507600884,0.33764699086098743,-0.25557182731269995,-0.2217841668799684,-0.7764561640423575,0.0000,0.6500,0.0000,7.238
2026-04-28 00:30:45.751,686,0.11760024778129452,0.3375298531556067,-0.25539913421103916,-0.22147521575611925,-0.7763313354820138,0.0000,0.6000,0.0500,8.522
2026-04-28 00:30:45.771,687,0.11783322592712384,0.3374117867935342,-0.25522633510149606,-0.22116647889720745,-0.7762068407796832,0.0000,0.7000,-0.1000,8.102
2026-04-28 00:30:45.792,688,0.11806675619115276,0.33729349606211245,-0.25505372155504735,-0.22085892939322704,-0.7760829904901064,0.0000,0.8000,0.0000,9.370
2026-04-28 00:30:45.813,689,0.11830216198562302,0.3371741121984193,-0.2548798550764788,-0.220550117791331,-0.7759587771579464,0.0000,0.8500,0.1000,10.290
2026-04-28 00:30:45.836,690,0.1185391281045381,0.33705465961426667,-0.25470660758464725,-0.2202421620665139,-0.7758350037468977,0.0000,0.6500,-0.2000,7.012
2026-04-28 00:30:45.859,691,0.11877864689715473,0.33693448806190524,-0.2545329133302753,-0.2199332674205302,-0.7757109354977382,0.0000,0.7500,0.0500,10.231
2026-04-28 00:30:45.885,692,0.11901871150875869,0.3368146023923526,-0.2543601178525547,-0.21962562921404166,-0.7755874189548378,0.0000,0.8000,-0.0500,7.310
2026-04-28 00:30:45.906,693,0.11926082634287316,0.33669419530924966,-0.2541870729567224,-0.2193173576748479,-0.7754637111318281,0.0000,0.9000,-0.0500,6.545
2026-04-28 00:30:45.926,694,0.11950617651106904,0.3365728277203199,-0.2540134034627757,-0.21900793181095757,-0.7753396613802896,0.0000,0.5500,-0.1000,6.872
2026-04-28 00:30:45.947,695,0.11975590829694002,0.3364503847923695,-0.2538393593326283,-0.2186975525022966,-0.7752153989218734,0.0000,0.4500,-0.2500,7.349
2026-04-28 00:30:45.975,696,0.12000761232063449,0.3363265768205884,-0.25366362656088964,-0.21838556206985119,-0.7750906674155638,0.0000,0.8500,0.2500,7.952
2026-04-28 00:30:45.995,697,0.1202620957596173,0.33620236672385906,-0.2534882423361251,-0.2180737214675835,-0.7749661066798255,0.0000,0.5000,-0.1000,9.448
2026-04-28 00:30:46.014,698,0.12051684410993622,0.33607798619020696,-0.25331300044930266,-0.21776296362045458,-0.7748421253252691,0.0000,0.9500,-0.0500,9.373
2026-04-28 00:30:46.034,699,0.12077218822865446,0.335953165594928,-0.2531369774003809,-0.21745084775849646,-0.7747175704421708,0.0000,0.7500,0.1000,6.461
2026-04-28 00:30:46.056,700,0.12102683048340603,0.33582896461411493,-0.25296150914909965,-0.21713844506596885,-0.7745927127716855,0.0000,0.8000,0.1000,8.299
2026-04-28 00:30:46.076,701,0.12128299379059501,0.33570428585791795,-0.25278620578853717,-0.21682733228511938,-0.7744686150994265,0.0000,0.8000,-0.1500,10.417
2026-04-28 00:30:46.098,702,0.12154248476098473,0.33557910544423836,-0.2526111542393135,-0.21651588879027261,-0.7743444731491028,0.0000,0.5000,-0.1500,9.763
2026-04-28 00:30:46.117,703,0.12180408823198213,0.33545337427696537,-0.25243584335544966,-0.21620385389023405,-0.7742201689141764,0.0000,0.6500,0.0000,8.162
2026-04-28 00:30:46.137,704,0.12206691441419433,0.3353267233195336,-0.2522591173438868,-0.2158898231888517,-0.7740950925197687,0.0000,0.8500,0.2500,5.999
2026-04-28 00:30:46.156,705,0.12233172030850761,0.3351989190273451,-0.2520810614331546,-0.2155744326132918,-0.7739696203787075,0.0000,0.7500,0.1000,8.778
2026-04-28 00:30:46.175,706,0.12259779702147458,0.3350710271442271,-0.2519036193652756,-0.2152603071986563,-0.7738447986347358,0.0000,0.9000,-0.0500,9.451
2026-04-28 00:30:46.196,707,0.12286703372345742,0.33494266231382686,-0.25172681579452283,-0.21494733387344106,-0.7737206671524063,0.0000,0.6000,-0.0500,5.922
2026-04-28 00:30:46.216,708,0.12313930331842336,0.3348126547214917,-0.25154848598352475,-0.21463355016721886,-0.7735965372104668,0.0000,0.8000,0.1500,7.260
2026-04-28 00:30:46.236,709,0.12341268961288032,0.3346816884117553,-0.25136874853565816,-0.21431811755637126,-0.7734718185953687,0.0000,0.6500,0.0500,5.068
2026-04-28 00:30:46.257,710,0.1236875261483978,0.33455043779250154,-0.2511887895053225,-0.214001640079703,-0.7733466447830462,0.0000,0.7000,0.1000,6.987
2026-04-28 00:30:46.277,711,0.12396238379863371,0.3344188994566164,-0.2510086877415286,-0.213686061265387,-0.7732219884469896,0.0000,1.0000,0.2000,10.675
2026-04-28 00:30:46.297,712,0.12423762337629919,0.3342870195656274,-0.25082832502695446,-0.21337080279391607,-0.7730975739438246,0.0000,0.7500,-0.0500,10.147
2026-04-28 00:30:46.317,713,0.12451460239901878,0.33415502333878166,-0.25064878674059976,-0.2130572025323936,-0.7729740139582008,0.0000,1.0000,-0.2000,10.645
2026-04-28 00:30:46.341,714,0.12479019061564531,0.33402320922599565,-0.25046919287565456,-0.21274405583660286,-0.7728506316106014,0.0000,1.0000,0.1500,9.831
2026-04-28 00:30:46.362,715,0.12506429715614087,0.3338922242077125,-0.2502901723376606,-0.21243052146648692,-0.7727268445901323,0.0000,0.5500,0.0000,7.487
2026-04-28 00:30:46.384,716,0.12534063335309606,0.3337611951612027,-0.2501120894849192,-0.21211813929685028,-0.7726036411683092,0.0000,0.6000,-0.2500,8.050
2026-04-28 00:30:46.405,717,0.12561894704076856,0.33362883799957804,-0.2499321800799704,-0.21180344259040224,-0.7724796090508386,0.0000,0.7500,0.2000,8.941
2026-04-28 00:30:46.426,718,0.12589943449722293,0.33349604805686833,-0.24975233963802146,-0.21148870697660468,-0.7723556622707842,0.0000,0.7000,0.0000,7.128
2026-04-28 00:30:46.447,719,0.12618185115691158,0.3333622665408547,-0.24957153324296177,-0.21117320194314163,-0.7722315753211056,0.0000,0.8000,0.0000,7.747
2026-04-28 00:30:46.468,720,0.1264662287048733,0.3332280842943691,-0.2493903298570133,-0.21085600823182388,-0.7721067409122969,0.0000,0.4000,-0.1500,8.509
2026-04-28 00:30:46.489,721,0.12675317800620123,0.3330927987447723,-0.24920808744457315,-0.21053760613542058,-0.7719815748834448,0.0000,0.8000,0.0500,7.559
2026-04-28 00:30:46.511,722,0.12704130370016736,0.33295739175946937,-0.2490260817935433,-0.21021934960207475,-0.7718565087905687,0.0000,0.5500,-0.0500,9.307
2026-04-28 00:30:46.531,723,0.12732987758569647,0.3328209714605041,-0.24884246647069527,-0.20989973585497657,-0.7717310142628199,0.0000,0.8500,0.2500,9.503
2026-04-28 00:30:46.552,724,0.1276179064945321,0.33268472308153596,-0.24865871119220792,-0.20957934813894938,-0.7716050866615415,0.0000,0.9500,0.2000,7.787
2026-04-28 00:30:46.577,725,0.127906036003868,0.3325488520329757,-0.24847579417092383,-0.20926004036551032,-0.7714796016365253,0.0000,1.0000,0.1500,9.620
2026-04-28 00:30:46.600,726,0.12819674492322367,0.3324126378092546,-0.24829325272376235,-0.20894091513998345,-0.771354290662762,0.0000,0.5500,-0.1000,6.971
2026-04-28 00:30:46.622,727,0.1284903102416208,0.3322753288247518,-0.24810988659445818,-0.20862100949557186,-0.7712288601985056,0.0000,0.8500,0.0500,5.749
2026-04-28 00:30:46.643,728,0.12878465825107163,0.3321376241705753,-0.24792636946422886,-0.20830165031104705,-0.7711037989549336,0.0000,1.0000,0.2000,10.802
2026-04-28 00:30:46.663,729,0.12908085538506014,0.3319991856428437,-0.24774190661469842,-0.20798038224279,-0.7709779638551072,0.0000,0.6000,0.0000,6.565
2026-04-28 00:30:46.687,730,0.12937731338167247,0.33186164235982274,-0.2475589817031084,-0.20765998357367887,-0.7708523368041406,0.0000,0.5000,-0.2000,2.927
2026-04-28 00:30:46.709,731,0.1296770027858223,0.33172203802552197,-0.2473737130685956,-0.2073376345113526,-0.7707262470224437,0.0000,0.9500,0.2500,9.092
2026-04-28 00:30:46.733,732,0.12997760725283986,0.3315819007946581,-0.24718761595947755,-0.20701386051315687,-0.7705995752419647,0.0000,0.6500,0.1000,7.195
2026-04-28 00:30:46.754,733,0.1302800392642021,0.3314408216387841,-0.24700061080275765,-0.206689397612404,-0.7704727917777959,0.0000,0.8500,0.0000,10.301
2026-04-28 00:30:46.775,734,0.13058320541079813,0.33130045047302936,-0.2468151657510694,-0.2063662954834106,-0.7703465090290186,0.0000,0.5000,-0.3000,7.795
2026-04-28 00:30:46.798,735,0.13088962196990747,0.3311592855149174,-0.24662975667040354,-0.2060436335596622,-0.7702206421980888,0.0000,0.8000,0.0500,9.728
2026-04-28 00:30:46.819,736,0.1311969554332038,0.33101866846055983,-0.24644581993934822,-0.20572260957687588,-0.7700954547683303,0.0000,0.7000,-0.3000,10.731
2026-04-28 00:30:46.854,737,0.1315056698699045,0.3308773269858778,-0.2462614621583071,-0.2054021131074586,-0.7699707096458667,0.0000,1.0000,0.2000,8.420
2026-04-28 00:30:46.877,738,0.1318161726420157,0.330735655085164,-0.24607721959258794,-0.2050816723861499,-0.7698460724878117,0.0000,0.7500,-0.2000,6.109
2026-04-28 00:30:46.897,739,0.13212859551195047,0.3305932536381903,-0.24589230939918633,-0.20476025329619532,-0.7697211260535873,0.0000,0.8000,0.1000,6.870
2026-04-28 00:30:46.920,740,0.1324430548459851,0.33044956998567165,-0.2457063187831569,-0.20443899244207855,-0.7695965768474331,0.0000,1.0000,0.2500,11.214
2026-04-28 00:30:46.941,741,0.1327588827819638,0.33030583577597344,-0.2455206908613748,-0.20411776708639967,-0.7694720556251761,0.0000,0.4500,-0.0500,8.387
2026-04-28 00:30:46.960,742,0.1330755460824919,0.33016204507346836,-0.2453356542007963,-0.20379806576739803,-0.7693483081759119,0.0000,0.8500,-0.0500,7.899
2026-04-28 00:30:46.982,743,0.13339385660524677,0.33001709395126233,-0.24514919099602864,-0.20347706448647337,-0.7692241985175924,0.0000,0.7000,0.3000,8.288
2026-04-28 00:30:47.007,744,0.13371270623901096,0.32987247136191605,-0.24496374984191766,-0.20315757337797172,-0.7691007595142456,0.0000,0.9000,-0.1500,4.964
2026-04-28 00:30:47.028,745,0.13403384902415572,0.3297267183488803,-0.2447773937931236,-0.2028377925062182,-0.7689774559716417,0.0000,0.7000,0.0000,8.574
2026-04-28 00:30:47.050,746,0.13435618466233157,0.3295813936724716,-0.24459236500928597,-0.20251940229047688,-0.7688547384432869,0.0000,0.6000,-0.3000,7.665
2026-04-28 00:30:47.071,747,0.13467884469970529,0.32943613932967203,-0.2444075254251909,-0.20220098379147292,-0.7687319869937423,0.0000,0.9500,0.1000,7.827
2026-04-28 00:30:47.092,748,0.13500222935228684,0.329291301498046,-0.24422368400366998,-0.201883328777649,-0.7686095109957806,0.0000,0.6500,-0.1000,4.013
2026-04-28 00:30:47.113,749,0.1353255349546222,0.3291466034342477,-0.24404016677219076,-0.20156625593443336,-0.7684872890104003,0.0000,0.7500,-0.1500,9.237
2026-04-28 00:30:47.136,750,0.13564990104609118,0.329002193045293,-0.2438573459444343,-0.20124909539146468,-0.7683649491576284,0.0000,0.6500,-0.0500,7.435
2026-04-28 00:30:47.161,751,0.13597125473953556,0.32885840306399655,-0.2436745694683647,-0.2009323925901409,-0.7682426810064423,0.0000,1.0000,0.2500,9.239
2026-04-28 00:30:47.184,752,0.13629358504566388,0.32871393455656095,-0.24349102362612896,-0.20061515378116712,-0.7681203124466538,0.0000,0.9000,0.1500,9.682
2026-04-28 00:30:47.206,753,0.13661593353710547,0.3285693113510957,-0.2433068732194181,-0.2002964299237844,-0.7679972380314006,0.0000,0.5000,0.2000,5.730
2026-04-28 00:30:47.233,754,0.1369395983996701,0.3284245161677222,-0.24312295404799622,-0.19997792945906093,-0.767874316331273,0.0000,0.7000,-0.1000,9.326
2026-04-28 00:30:47.259,755,0.13726333378053923,0.32827969905003423,-0.24293864456170472,-0.1996580067170089,-0.7677506870300139,0.0000,0.4500,0.0000,6.011
2026-04-28 00:30:47.283,756,0.13758722532888987,0.32813470579922094,-0.24275436406651402,-0.19933890329102028,-0.7676275095032127,0.0000,0.9500,0.0500,8.912
2026-04-28 00:30:47.305,757,0.13790988382015062,0.32798948095138997,-0.2425694162057056,-0.1990199017266953,-0.7675044389183953,0.0000,1.0000,0.2500,10.721
2026-04-28 00:30:47.326,758,0.13823261106847767,0.3278438419986499,-0.24238378726220255,-0.1987003889093332,-0.7673812143735058,0.0000,0.8500,0.1500,9.192
2026-04-28 00:30:47.350,759,0.1385557519302602,0.3276978756746366,-0.2421975487987408,-0.19837979670397424,-0.7672575301455521,0.0000,0.5500,0.0500,8.646
2026-04-28 00:30:47.375,760,0.13887823384172668,0.32755253498643044,-0.24201234567899088,-0.1980606273290178,-0.767134399119442,0.0000,0.8500,-0.2000,6.507
2026-04-28 00:30:47.397,761,0.13920065545856902,0.32740668433227993,-0.24182688471593847,-0.1977431525079064,-0.7670122410844008,0.0000,1.0000,0.1500,9.342
2026-04-28 00:30:47.423,762,0.1395230291167061,0.3272606814533101,-0.24164115136875883,-0.19742548991870335,-0.766890025470839,0.0000,0.7500,0.0000,8.750
2026-04-28 00:30:47.448,763,0.139843280051827,0.32711518160780095,-0.24145588075173902,-0.19710941809249644,-0.7667684777559906,0.0000,0.9500,0.1500,9.752
2026-04-28 00:30:47.469,764,0.14016341726277004,0.3269692113615794,-0.24126981545820467,-0.19679290740714223,-0.7666468265131935,0.0000,1.0000,0.1500,11.134
2026-04-28 00:30:47.490,765,0.14048598351676378,0.326823000367966,-0.2410841000675278,-0.19647613850901416,-0.7665251046777826,0.0000,0.5000,0.0000,5.940
2026-04-28 00:30:47.514,766,0.1408081474345791,0.326676980798651,-0.24089840507005056,-0.19615893168025544,-0.7664031143730029,0.0000,0.6500,-0.0500,7.248
2026-04-28 00:30:47.537,767,0.14113029976840916,0.32653130605706526,-0.24071320564516138,-0.1958418273648264,-0.7662810874946967,0.0000,0.5500,0.0000,8.361
2026-04-28 00:30:47.559,768,0.1414526745596135,0.32638581526713945,-0.24052843471656654,-0.19552512485768,-0.7661592139337067,0.0000,0.8000,-0.1000,6.799
2026-04-28 00:30:47.582,769,0.1417746693118479,0.3262407147378322,-0.24034424330278925,-0.19520902741008297,-0.7660375437624102,0.0000,0.8500,-0.0500,10.360
2026-04-28 00:30:47.606,770,0.14209751394404252,0.32609540556507566,-0.24016022638076687,-0.19489366236685882,-0.7659162904028598,0.0000,1.0000,0.1500,8.872
2026-04-28 00:30:47.628,771,0.1424206287254125,0.3259499752130484,-0.2399758514382228,-0.1945772708444521,-0.7657945525705028,0.0000,0.6500,0.1000,7.947
2026-04-28 00:30:47.649,772,0.14274413139857742,0.32580449083383645,-0.23979157061025064,-0.1942610571192621,-0.7656729156384376,0.0000,0.7500,0.0000,7.979
2026-04-28 00:30:47.670,773,0.14306705964319913,0.32565950321127723,-0.23960782803583675,-0.19394497742108285,-0.7655512200481789,0.0000,0.7500,0.1000,6.551
2026-04-28 00:30:47.691,774,0.1433916503031254,0.32551412192544293,-0.23942393217832866,-0.1936284225296645,-0.7654293838168215,0.0000,0.5500,0.1000,7.626
2026-04-28 00:30:47.713,775,0.1437162889332578,0.32536866393942204,-0.23924022802214737,-0.1933129114759828,-0.7653080872409856,0.0000,0.9000,0.0000,8.278
2026-04-28 00:30:47.734,776,0.14404377346588956,0.32522171861959,-0.23905499711391778,-0.19299601775926006,-0.7651864697502645,0.0000,0.5500,0.1500,9.213
2026-04-28 00:30:47.756,777,0.14437141392662223,0.32507505614855653,-0.2388707933312539,-0.19268132414717892,-0.7650658802040993,0.0000,0.8500,-0.1500,10.599
2026-04-28 00:30:47.786,778,0.1447001984868201,0.3249278986517671,-0.2386865710894424,-0.19236776267014719,-0.764945979107266,0.0000,1.0000,0.0500,9.104
2026-04-28 00:30:47.806,779,0.1450299242722322,0.32478057362494106,-0.23850268622584808,-0.19205522602866257,-0.7648266309567032,0.0000,0.8000,-0.1000,9.220
2026-04-28 00:30:47.827,780,0.14535907278902563,0.3246338024664391,-0.23832003979839222,-0.19174513794376868,-0.7647083672836527,0.0000,1.0000,0.0000,10.297
2026-04-28 00:30:47.851,781,0.14569040902524544,0.3244866836171762,-0.23813770463106623,-0.19143546685774201,-0.7645903977190294,0.0000,0.5500,-0.2000,8.481
2026-04-28 00:30:47.872,782,0.14602012082479782,0.3243401979832133,-0.23795575951567471,-0.19112588761287955,-0.7644723144771721,0.0000,0.8500,0.0000,8.785
2026-04-28 00:30:47.897,783,0.14635006791314106,0.3241936727453385,-0.2377742059899446,-0.19081769270652948,-0.7643549320309677,0.0000,1.0000,0.0000,10.109
2026-04-28 00:30:47.921,784,0.1466810242760731,0.3240467973856916,-0.23759272887303354,-0.19051040171220723,-0.7642380878157577,0.0000,0.8500,0.0000,5.089
2026-04-28 00:30:47.942,785,0.14701056233428314,0.3238999538430841,-0.23741110031923388,-0.19020400577760513,-0.7641216819395173,0.0000,1.0000,0.1000,8.205
2026-04-28 00:30:47.963,786,0.14734083840447798,0.3237528330469154,-0.23722916924896084,-0.18989704684783795,-0.7640050626610037,0.0000,0.6000,0.1000,8.117
2026-04-28 00:30:47.982,787,0.14767021665344843,0.32360552823892275,-0.2370468374103057,-0.18959055667197974,-0.7638887225625905,0.0000,1.0000,0.2500,8.137
2026-04-28 00:30:48.003,788,0.1480011211460973,0.3234584209116603,-0.23686544000673695,-0.18928478953450234,-0.7637726934313724,0.0000,0.7500,-0.2000,9.785
2026-04-28 00:30:48.022,789,0.1483313847809423,0.32331223951593363,-0.23668585494748298,-0.18898178867128057,-0.7636578147903127,0.0000,1.0000,-0.2500,11.640
2026-04-28 00:30:48.047,790,0.14866211131652518,0.3231665522598845,-0.2365074912111715,-0.18868028725186176,-0.7635435611896108,0.0000,0.7000,-0.3000,8.418
2026-04-28 00:30:48.068,791,0.14899354936243592,0.32302084804602715,-0.23632915828601891,-0.18837817127260773,-0.7634290034190183,0.0000,0.5500,-0.1500,7.929
2026-04-28 00:30:48.091,792,0.14932449843075943,0.3228751409658456,-0.2361506434025345,-0.188075950996777,-0.7633143931042351,0.0000,0.8500,0.0500,8.888
2026-04-28 00:30:48.114,793,0.14965611446967805,0.32272972104656905,-0.2359729277879652,-0.18777447907398956,-0.7632000840799509,0.0000,0.7000,-0.0500,9.640
2026-04-28 00:30:48.135,794,0.14998824855878115,0.32258468674866675,-0.23579600611769735,-0.18747340661350678,-0.7630858773021161,0.0000,0.4500,-0.1500,8.004
2026-04-28 00:30:48.157,795,0.1503210751599255,0.3224400631260619,-0.235620071946135,-0.18717312611400128,-0.7629719627727766,0.0000,0.6000,-0.1500,8.072
2026-04-28 00:30:48.176,796,0.15065444018557322,0.32229470620398487,-0.235443069914372,-0.18687198109770384,-0.7628577982626877,0.0000,0.8500,0.2500,7.636
2026-04-28 00:30:48.200,797,0.1509868709205132,0.322150011079548,-0.23526664515706847,-0.18657069005821134,-0.7627433942600782,0.0000,0.6500,0.0000,7.100
2026-04-28 00:30:48.222,798,0.1513207151782832,0.3220047039328053,-0.2350899003628898,-0.1862696970215519,-0.7626292912484213,0.0000,0.9500,-0.1000,8.558
2026-04-28 00:30:48.243,799,0.15165473618924127,0.32185871264816596,-0.23491197194324798,-0.18596757357797972,-0.7625147930669823,0.0000,0.7500,0.2500,10.107
2026-04-28 00:30:48.264,800,0.15198927314828758,0.32171288559376227,-0.2347346275193945,-0.18566619511270718,-0.7624006253313464,0.0000,0.7000,-0.1500,8.501
2026-04-28 00:30:48.286,801,0.15232172831388133,0.32156796299407914,-0.23455829815356896,-0.1853663775901064,-0.7622870109823654,0.0000,1.0000,-0.1000,9.396
2026-04-28 00:30:48.309,802,0.15265520841921407,0.3214230104928023,-0.2343820136230903,-0.18506570531884034,-0.7621729757780141,0.0000,0.5500,0.0000,6.633
2026-04-28 00:30:48.329,803,0.1529904483510325,0.32127742851981916,-0.23420540116910157,-0.1847649945959049,-0.7620590777736653,0.0000,0.5500,-0.1000,8.524
2026-04-28 00:30:48.349,804,0.1533269117979815,0.321132039557159,-0.2340293940269133,-0.18446415351539056,-0.7619450654099882,0.0000,0.4500,-0.2000,5.678
2026-04-28 00:30:48.371,805,0.153664435243634,0.32098652856042104,-0.23385341572349375,-0.1841628255156055,-0.7618308391811565,0.0000,0.7500,0.0000,5.570
2026-04-28 00:30:48.392,806,0.15400195526140242,0.3208411300653264,-0.23367756455774655,-0.18386140164269812,-0.7617165359900245,0.0000,0.5500,0.0000,7.687
2026-04-28 00:30:48.414,807,0.15434055582693557,0.320695019117872,-0.2335009040030785,-0.183559348257395,-0.7616020952689615,0.0000,0.8500,0.1500,9.667
2026-04-28 00:30:48.435,808,0.15467854789814287,0.3205492812426038,-0.23332502322839976,-0.1832589931824511,-0.7614884095615106,0.0000,1.0000,-0.0500,9.715
2026-04-28 00:30:48.459,809,0.15501675579719648,0.320404779956337,-0.23315151980487117,-0.18296094892870163,-0.7613755692569886,0.0000,0.7000,-0.3000,7.266
2026-04-28 00:30:48.481,810,0.1553534481833881,0.32026074111390157,-0.23297880737354654,-0.18266522802390966,-0.7612637741684756,0.0000,1.0000,0.0000,10.012
2026-04-28 00:30:48.502,811,0.15569156569529763,0.32011621009978,-0.23280557656192832,-0.18236844763990676,-0.7611515715484796,0.0000,0.4500,-0.1000,5.344
2026-04-28 00:30:48.524,812,0.15603082872413962,0.319970859801883,-0.23263165812159117,-0.1820719576386545,-0.7610397181185257,0.0000,1.0000,0.0500,10.291
2026-04-28 00:30:48.547,813,0.1563718321684551,0.3198251730109683,-0.2324580027715456,-0.18177616095947258,-0.7609282946629183,0.0000,0.9000,0.0500,10.445
2026-04-28 00:30:48.571,814,0.15671322619052666,0.31967985496213686,-0.2322854271077931,-0.18148205681532714,-0.7608176244915146,0.0000,0.8500,-0.2000,5.758
2026-04-28 00:30:48.598,815,0.1570540460907917,0.3195347091179642,-0.23211276008752246,-0.18118739487749871,-0.7607066315862777,0.0000,0.6000,0.0500,7.540
2026-04-28 00:30:48.619,816,0.1573949845545332,0.3193897626195875,-0.2319408933786006,-0.1808945577898212,-0.7605965004956279,0.0000,0.8500,-0.0500,7.988
2026-04-28 00:30:48.640,817,0.15773577199715436,0.31924501619140566,-0.23176964690916832,-0.18060318115589205,-0.7604870488518746,0.0000,0.7500,-0.0500,7.999
2026-04-28 00:30:48.660,818,0.15807588901197991,0.31910081494682674,-0.23159906929935556,-0.18031228897309787,-0.7603777023867955,0.0000,0.8500,-0.0500,6.698
2026-04-28 00:30:48.690,819,0.15841662996804076,0.31895606318679043,-0.23142763152148216,-0.1800202794948186,-0.7602679341631107,0.0000,0.8000,0.2000,9.956
2026-04-28 00:30:48.709,820,0.15875800968564227,0.31881144072053336,-0.23125698187361296,-0.17972981044767666,-0.760158903102918,0.0000,0.7500,-0.1500,10.407
2026-04-28 00:30:48.732,821,0.1591015353642887,0.3186664789837787,-0.2310867076352818,-0.17944000266435542,-0.7600502867745579,0.0000,0.5500,-0.2500,6.585
2026-04-28 00:30:48.752,822,0.15944273792693972,0.3185219564455671,-0.23091607987741922,-0.17914930827811312,-0.7599411166381648,0.0000,0.8500,0.1500,6.411
2026-04-28 00:30:48.771,823,0.15978379276264268,0.3183773888710461,-0.23074525678065777,-0.17885828443790844,-0.7598317923375352,0.0000,0.6500,0.0000,8.569
2026-04-28 00:30:48.791,824,0.1601255044442541,0.3182322796348794,-0.23057380295923635,-0.17856691310179393,-0.7597224290184744,0.0000,0.7000,-0.0500,10.869
2026-04-28 00:30:48.811,825,0.16046806817013862,0.3180865992919181,-0.23040176375751306,-0.17827528895361858,-0.7596130813944826,0.0000,0.9500,0.0500,7.820
2026-04-28 00:30:48.833,826,0.16081064761013786,0.3179409857848256,-0.2302301051245644,-0.1779847203460562,-0.7595042441663648,0.0000,1.0000,-0.1500,9.464
2026-04-28 00:30:48.857,827,0.16115089823178302,0.31779591729525586,-0.23005870730586409,-0.17769501689447953,-0.7593957026063757,0.0000,1.0000,0.0000,8.193
2026-04-28 00:30:48.879,828,0.16149186637197868,0.31765022298299905,-0.22988665168946965,-0.17740522293235453,-0.7592872716011332,0.0000,1.0000,0.0000,8.806
2026-04-28 00:30:48.899,829,0.16183333195435076,0.317504325852322,-0.22971438124009774,-0.17711509005296866,-0.7591787212058989,0.0000,0.8000,0.1500,10.758
2026-04-28 00:30:48.921,830,0.1621750456732953,0.31735807771216484,-0.22954168686710777,-0.17682487811060826,-0.7590702184051206,0.0000,0.7000,0.0500,8.431
2026-04-28 00:30:48.943,831,0.16251646998121258,0.31721228863127565,-0.22936949988054442,-0.17653455240655333,-0.7589615433416476,0.0000,0.6000,-0.0500,6.977
2026-04-28 00:30:48.966,832,0.16285773722327726,0.3170667253315328,-0.22919764041276333,-0.17624447667782056,-0.758852936212774,0.0000,0.7500,0.0000,7.846
2026-04-28 00:30:48.985,833,0.1631993303602016,0.3169208422590618,-0.22902550093338658,-0.1759546091803208,-0.7587445125440407,0.0000,0.9000,0.0000,5.435
2026-04-28 00:30:49.005,834,0.1635406422552205,0.31677496525812326,-0.22885319683162095,-0.1756644198919169,-0.7586359258722938,0.0000,0.7500,-0.0500,5.182
2026-04-28 00:30:49.027,835,0.1638806655118437,0.31662876943357177,-0.2286800444854811,-0.175374168652497,-0.7585273873501087,0.0000,1.0000,0.3500,10.481
2026-04-28 00:30:49.047,836,0.1642207078117068,0.31648277546130993,-0.22850726157139467,-0.1750842432105213,-0.7584189606914525,0.0000,0.6500,-0.0500,7.909
2026-04-28 00:30:49.074,837,0.16456029955574722,0.31633725795130757,-0.2283351016183162,-0.17479472927879353,-0.7583106201088164,0.0000,0.8000,-0.0500,8.000
2026-04-28 00:30:49.098,838,0.16489875588954278,0.31619180599442476,-0.22816270162518446,-0.17450528802574494,-0.7582022989221542,0.0000,0.9500,0.1500,5.958
2026-04-28 00:30:49.120,839,0.16523784837990896,0.31604542542559755,-0.22798910026126917,-0.17421536599731383,-0.7580939689540271,0.0000,0.8500,0.1500,8.212
2026-04-28 00:30:49.140,840,0.1655789214305506,0.31589906734433987,-0.22781634951675384,-0.17392622499011004,-0.7579860233360631,0.0000,0.5500,-0.3000,8.924
2026-04-28 00:30:49.162,841,0.1659200373209466,0.31575215633938386,-0.22764282947027353,-0.17363698086144255,-0.757878163857812,0.0000,0.9000,0.0500,7.123
2026-04-28 00:30:49.183,842,0.1662614643806816,0.31560564463501883,-0.22746988183973585,-0.17334748134813097,-0.7577700763395685,0.0000,0.4000,-0.2000,6.826
2026-04-28 00:30:49.207,843,0.16660213875624857,0.31545916777046545,-0.22729668688606497,-0.17305774588724257,-0.7576618616228988,0.0000,0.9500,0.2000,9.923
2026-04-28 00:30:49.228,844,0.16694429366457214,0.31531180981738793,-0.22712279863455348,-0.17276821083113494,-0.757553966873786,0.0000,0.8000,0.0500,8.049
2026-04-28 00:30:49.249,845,0.16728683282881326,0.31516423977779245,-0.2269485781471498,-0.17247807737140827,-0.7574458254451331,0.0000,0.5500,0.0000,6.648
2026-04-28 00:30:49.269,846,0.16762931305294212,0.31501704504058586,-0.22677495969311892,-0.1721883432721595,-0.7573377893792521,0.0000,0.6000,-0.1500,6.774
2026-04-28 00:30:49.291,847,0.16797184621826358,0.3148703207165504,-0.22660210772815934,-0.17189900916901826,-0.7572298352236405,0.0000,0.5000,-0.1500,7.371
2026-04-28 00:30:49.311,848,0.16831522265847107,0.3147235691681507,-0.2264295698295745,-0.17161001514141885,-0.7571220574346667,0.0000,0.5500,-0.1000,4.335
2026-04-28 00:30:49.331,849,0.16865849742993821,0.3145772136796472,-0.22625734321244684,-0.17132028413676834,-0.7570138116721273,0.0000,0.5000,0.0000,4.378
2026-04-28 00:30:49.354,850,0.1690003157458518,0.3144306616957259,-0.2260843044033509,-0.17103019669503847,-0.7569054363518879,0.0000,1.0000,0.2500,7.247
2026-04-28 00:30:49.375,851,0.16934360329959472,0.31428358205231166,-0.2259111766488744,-0.17074077499742787,-0.7567975253625117,0.0000,0.8500,-0.1000,9.954
2026-04-28 00:30:49.397,852,0.16968730549922723,0.31413657297571324,-0.2257386723880195,-0.1704528366430681,-0.7566903379538282,0.0000,0.9000,-0.0500,9.638
2026-04-28 00:30:49.417,853,0.17003127287765699,0.31398924367355874,-0.22556564991190672,-0.1701642937051316,-0.7565829278672552,0.0000,0.6500,0.0000,6.335
2026-04-28 00:30:49.439,854,0.17037473928890118,0.313841686015544,-0.22539217180689447,-0.1698757883428982,-0.756475593221646,0.0000,1.0000,0.2500,10.869
2026-04-28 00:30:49.463,855,0.1707197023651613,0.3136935334254214,-0.2252180854774863,-0.16958632984081248,-0.7563679303098226,0.0000,0.6500,0.0500,8.572
2026-04-28 00:30:49.483,856,0.17106488134851844,0.3135453448673945,-0.2250440320876252,-0.16929692865178206,-0.7562603046236276,0.0000,0.6500,-0.1500,7.419
2026-04-28 00:30:49.504,857,0.17140987198329186,0.3133980353193538,-0.22487151554913884,-0.1690089925058734,-0.7561531912899646,0.0000,0.7500,-0.2500,5.456
2026-04-28 00:30:49.526,858,0.17175564944314803,0.31325051445934077,-0.22469928695489425,-0.16872229762112328,-0.7560467510045898,0.0000,0.7500,0.0000,6.860
2026-04-28 00:30:49.547,859,0.1721011986044645,0.3131030956972146,-0.2245273341407494,-0.16843636953206542,-0.7559406681884595,0.0000,0.8500,0.0000,9.235
2026-04-28 00:30:49.575,860,0.172445353066586,0.3129559587775229,-0.2243555275692376,-0.16815114857713684,-0.7558348680807172,0.0000,1.0000,0.0000,9.167
2026-04-28 00:30:49.597,861,0.17278991372419739,0.31280839202266986,-0.22418332650966635,-0.16786617739455423,-0.7557292999258413,0.0000,0.8500,0.1000,7.502
2026-04-28 00:30:49.619,862,0.1731338611200056,0.3126620347108692,-0.22401309185576532,-0.1675830766394682,-0.7556243642377349,0.0000,0.7000,-0.3000,7.497
2026-04-28 00:30:49.638,863,0.17347850682582583,0.31251501851343116,-0.2238423856175106,-0.16730076708611538,-0.7555199884914823,0.0000,1.0000,0.2000,9.834
2026-04-28 00:30:49.659,864,0.17382304941747131,0.3123673224121637,-0.22367077029871776,-0.1670186462636159,-0.7554158767118977,0.0000,1.0000,0.2500,8.809
2026-04-28 00:30:49.680,865,0.1741687804166814,0.3122196624154747,-0.22349967879724503,-0.16673692916286362,-0.7553119573979469,0.0000,0.6500,-0.1500,7.756
2026-04-28 00:30:49.702,866,0.17451360280470116,0.3120720713296246,-0.22332846581094576,-0.16645544917462402,-0.7552081390489839,0.0000,1.0000,0.2500,8.757
2026-04-28 00:30:49.723,867,0.1748594246663384,0.3119244192843591,-0.22315756243123328,-0.1661742854638594,-0.7551044937205068,0.0000,0.8500,-0.2000,7.298
2026-04-28 00:30:49.744,868,0.17520550668060658,0.3117771261605112,-0.22298710220830334,-0.1658926496255554,-0.7550005222451718,0.0000,0.5000,-0.0500,6.677
2026-04-28 00:30:49.764,869,0.17555239107611476,0.3116294905267455,-0.22281641148780618,-0.16561097709271244,-0.7548966177026039,0.0000,0.7500,-0.0500,8.873
2026-04-28 00:30:49.784,870,0.17589830284674857,0.3114822462491832,-0.22264609853486703,-0.16532983397312045,-0.7547928796853794,0.0000,0.9500,0.0000,7.993
2026-04-28 00:30:49.814,871,0.1762443932697158,0.3113352373445981,-0.22247618680841127,-0.16504878272073517,-0.7546891284214163,0.0000,0.5500,-0.0500,7.773
2026-04-28 00:30:49.837,872,0.17659014761492972,0.31118828335968446,-0.22230651053114345,-0.16476871101859225,-0.7545858528706153,0.0000,1.0000,0.1500,7.944
2026-04-28 00:30:49.858,873,0.17693669244121932,0.31104095748428706,-0.22213651570467952,-0.16448843820796352,-0.7544825694111317,0.0000,0.8000,0.1000,12.813
2026-04-28 00:30:49.880,874,0.1772842977514969,0.31089311043848383,-0.221965818906536,-0.16420698864392366,-0.7543788275453892,0.0000,0.4500,0.0000,7.367
2026-04-28 00:30:49.903,875,0.17763195667941117,0.31074532138955885,-0.22179545787118063,-0.16392643027557346,-0.7542755164609496,0.0000,0.9000,-0.1000,9.572
2026-04-28 00:30:49.931,876,0.17797995660187202,0.31059772792792933,-0.2216256644340225,-0.16364659800291725,-0.7541725192149705,0.0000,0.8500,-0.2500,8.592
2026-04-28 00:30:49.953,877,0.17832731748216357,0.31045069902778116,-0.2214566056533448,-0.1633673611515489,-0.7540696782313909,0.0000,1.0000,0.1000,9.016
2026-04-28 00:30:49.973,878,0.17867286566850102,0.3103048451290601,-0.22128864957276237,-0.16308833226190522,-0.7539666471750609,0.0000,0.7000,-0.1000,8.321
2026-04-28 00:30:49.993,879,0.17901795922353406,0.31015859240364874,-0.22111997679025724,-0.16280918304778216,-0.7538636553644567,0.0000,1.0000,0.1000,6.842
2026-04-28 00:30:50.014,880,0.17936339081097777,0.31001243345868806,-0.22095177295293636,-0.1625309132253003,-0.7537610795103338,0.0000,0.7000,-0.2500,10.455
2026-04-28 00:30:50.034,881,0.17970733208409606,0.309866550856489,-0.2207836269304816,-0.16225315943361682,-0.7536586922961065,0.0000,1.0000,0.1500,10.576
2026-04-28 00:30:50.056,882,0.18005113808342882,0.3097203871402561,-0.22061495380914933,-0.16197502762763866,-0.7535561860677743,0.0000,1.0000,0.0000,8.471
2026-04-28 00:30:50.079,883,0.18039564435178684,0.309573821811715,-0.22044582219491124,-0.1616964288288706,-0.7534535464649402,0.0000,0.6000,-0.0500,8.247
2026-04-28 00:30:50.100,884,0.18073879790447778,0.30942756614176864,-0.22027675971747218,-0.16141806192032557,-0.7533509451156029,0.0000,0.9000,-0.1000,9.587
2026-04-28 00:30:50.122,885,0.1810827357679552,0.3092812085077932,-0.22010760578147934,-0.16113897561056054,-0.7532480092838509,0.0000,0.8000,0.1500,5.004
2026-04-28 00:30:50.143,886,0.18142592811213637,0.3091352923996956,-0.21993895755552648,-0.16086038006803993,-0.7531452081855322,0.0000,0.8500,-0.1000,10.414
2026-04-28 00:30:50.164,887,0.18176898722081522,0.30898932413389435,-0.2197700703150198,-0.16058131310754822,-0.7530421841529651,0.0000,0.7500,-0.0500,8.599
2026-04-28 00:30:50.185,888,0.18211239352529698,0.308843177594363,-0.21960108493404754,-0.16030238850626213,-0.7529392756077149,0.0000,0.9000,0.1000,8.528
2026-04-28 00:30:50.206,889,0.18245584720928495,0.30869671916907326,-0.21943192257955288,-0.16002433371313493,-0.7528368796811761,0.0000,0.9500,0.1500,10.798
2026-04-28 00:30:50.226,890,0.18279857342428538,0.3085498212019739,-0.21926171660121238,-0.15974546268723097,-0.7527341852707458,0.0000,0.9000,0.3500,7.511
2026-04-28 00:30:50.247,891,0.1831415652806316,0.3084028428130309,-0.21909143714826912,-0.1594664226117353,-0.7526314261918193,0.0000,0.7500,0.1000,8.043
2026-04-28 00:30:50.271,892,0.18348498676189762,0.3082553938999523,-0.2189206357365062,-0.15918733866035004,-0.7525287625605582,0.0000,0.9500,0.1000,9.299
2026-04-28 00:30:50.294,893,0.18382888957357393,0.3081073476399482,-0.2187491607989007,-0.1589082319565989,-0.7524262366481032,0.0000,0.9000,0.1500,12.061
2026-04-28 00:30:50.314,894,0.18417259158395094,0.307959309422182,-0.21857752494359006,-0.1586287158706894,-0.7523235037958931,0.0000,0.7500,-0.0500,6.988
2026-04-28 00:30:50.338,895,0.18451550081692747,0.3078119956516871,-0.21840676316548038,-0.1583496780224177,-0.7522208287161396,0.0000,0.9500,0.0000,8.860
2026-04-28 00:30:50.360,896,0.184858191993185,0.3076651284047792,-0.2182365310030279,-0.15807059163542245,-0.7521180175051011,0.0000,0.5500,-0.2000,5.365
2026-04-28 00:30:50.382,897,0.1852009907659905,0.30751825157549717,-0.21806631387204178,-0.15779148633630302,-0.7520151990060331,0.0000,0.7500,0.0000,8.098
2026-04-28 00:30:50.405,898,0.1855433903682955,0.30737126818715893,-0.2178959917770008,-0.15751298740564817,-0.7519127101068139,0.0000,1.0000,0.0500,8.598
2026-04-28 00:30:50.427,899,0.18588596461680656,0.3072243851436258,-0.21772601269643263,-0.1572350536805259,-0.7518104785033743,0.0000,0.7000,0.0000,8.676
2026-04-28 00:30:50.448,900,0.18622745782345212,0.30707750885832874,-0.21755544995440965,-0.15695615291687448,-0.7517077614736376,0.0000,0.9000,0.2500,6.852
2026-04-28 00:30:50.474,901,0.18656851639983435,0.30693054533729497,-0.21738480154496656,-0.1566778727397595,-0.7516053763318918,0.0000,1.0000,-0.0500,10.408
2026-04-28 00:30:50.493,902,0.18690944435685186,0.3067834058442282,-0.21721386723094427,-0.15639957199517712,-0.7515030246884223,0.0000,0.9000,0.0000,4.986
2026-04-28 00:30:50.514,903,0.18724981736038468,0.30663680105212227,-0.21704378209208847,-0.15612234752474102,-0.7514010772989524,0.0000,0.8000,-0.2000,8.014
2026-04-28 00:30:50.535,904,0.18759025685365532,0.3064904033689888,-0.21687424849742398,-0.15584604498561405,-0.7512995388931781,0.0000,0.9500,-0.0500,7.480
2026-04-28 00:30:50.558,905,0.18793173310300632,0.30634373108031787,-0.2167047876705034,-0.15557022017520772,-0.7511983078015034,0.0000,0.6500,-0.0500,7.663
2026-04-28 00:30:50.579,906,0.18827473614373438,0.3061966121626603,-0.21653542642810544,-0.15529528506794227,-0.7510976330200254,0.0000,0.8500,-0.2500,8.991
2026-04-28 00:30:50.603,907,0.18861761757110249,0.3060492975047758,-0.21636573014705496,-0.1550202368807431,-0.7509969504379962,0.0000,0.9000,-0.1000,11.136
2026-04-28 00:30:50.628,908,0.1889604226707935,0.30590158911830806,-0.2161955104703342,-0.15474532833536944,-0.750896435916319,0.0000,1.0000,0.0000,9.613
2026-04-28 00:30:50.650,909,0.18930417905455219,0.3057536808333327,-0.21602548480819966,-0.15447106669440958,-0.7507962946316598,0.0000,0.9500,0.0500,10.404
2026-04-28 00:30:50.671,910,0.18964845367734837,0.3056056349635528,-0.21585553004991204,-0.15419717358317073,-0.7506963718210935,0.0000,0.9500,0.0000,11.032
2026-04-28 00:30:50.692,911,0.1899930956441604,0.30545730922173514,-0.2156854763217736,-0.15392391209778358,-0.7505968346072984,0.0000,0.8000,0.0500,8.538
2026-04-28 00:30:50.714,912,0.19033706046223625,0.305309641047536,-0.21551649170745724,-0.15365206038701065,-0.7504978377075041,0.0000,0.9500,-0.1000,9.482
2026-04-28 00:30:50.737,913,0.19068108326493255,0.3051618907096197,-0.21534772899968868,-0.15338138302764884,-0.7503994483456641,0.0000,1.0000,-0.1500,6.485
2026-04-28 00:30:50.760,914,0.19102600705799583,0.3050134574054896,-0.21517844903588806,-0.15311121805487862,-0.7503014857426729,0.0000,0.9500,0.1500,6.469
2026-04-28 00:30:50.783,915,0.19137007313582782,0.3048650283415579,-0.21500883489566086,-0.15284077031400195,-0.7502033805222184,0.0000,0.9500,0.0500,6.434
2026-04-28 00:30:50.803,916,0.19171534750811337,0.3047161498629149,-0.21483889575626508,-0.15257001342077467,-0.7501052329085064,0.0000,0.5000,-0.2000,7.891
2026-04-28 00:30:50.825,917,0.19206013772815503,0.30456724170686855,-0.21466877381945448,-0.15229928111434926,-0.7500071048393475,0.0000,0.9500,0.1000,9.004
2026-04-28 00:30:50.850,918,0.19240484021176832,0.30441894999577523,-0.21449952012915996,-0.15202874746628417,-0.7499089218224549,0.0000,0.5500,-0.2000,7.404
2026-04-28 00:30:50.870,919,0.19274856969576556,0.3042704192930808,-0.2143296741601674,-0.15175833768744396,-0.7498108603248846,0.0000,1.0000,0.3000,9.857
2026-04-28 00:30:50.892,920,0.19309283819566453,0.3041213778441955,-0.21415920127747337,-0.15148757330378912,-0.7497127490507121,0.0000,1.0000,0.1500,10.641
2026-04-28 00:30:50.910,921,0.19343614406293316,0.3039720849564254,-0.21398762955843567,-0.15121510257500506,-0.7496138473053645,0.0000,0.8500,0.3000,10.411
2026-04-28 00:30:50.933,922,0.193779204708313,0.3038231899925134,-0.21381654526725813,-0.15094270424868894,-0.7495148821243299,0.0000,0.8000,-0.1500,6.059
2026-04-28 00:30:50.958,923,0.19412224073427517,0.3036744032421644,-0.21364594790652663,-0.15067159360908627,-0.7494165335796441,0.0000,1.0000,0.0500,9.135
2026-04-28 00:30:50.977,924,0.19446575715090533,0.30352624241495124,-0.21347646615733298,-0.1504009030796599,-0.7493182384579495,0.0000,0.4500,-0.1500,6.112
2026-04-28 00:30:50.998,925,0.19480983274347888,0.3033775922299978,-0.213306586974298,-0.15013057880827063,-0.7492202486556654,0.0000,0.8500,0.0500,10.178
2026-04-28 00:30:51.019,926,0.1951540611339804,0.3032288425788681,-0.21313644893464562,-0.14985962263877717,-0.7491219676240657,0.0000,0.5500,0.1000,8.626
2026-04-28 00:30:51.041,927,0.19549796513220566,0.3030797672754657,-0.21296559770525167,-0.14958803949861374,-0.7490234543755937,0.0000,0.9000,0.1500,6.419
2026-04-28 00:30:51.063,928,0.19584199446902223,0.3029305037425794,-0.2127946926313464,-0.14931706747990495,-0.7489252936027836,0.0000,1.0000,0.0000,12.073
2026-04-28 00:30:51.082,929,0.19618620507379686,0.3027815234570413,-0.21262440346783784,-0.14904673926687806,-0.7488273837806775,0.0000,1.0000,0.0000,5.619
2026-04-28 00:30:51.104,930,0.196528928194368,0.3026328881548539,-0.2124539400828083,-0.14877571414288102,-0.7487290391190533,0.0000,1.0000,0.2500,8.311
2026-04-28 00:30:51.125,931,0.1968721140534145,0.30248417075206496,-0.21228377624585215,-0.1485056889267788,-0.7486312148004045,0.0000,1.0000,-0.1500,10.726
2026-04-28 00:30:51.145,932,0.19721463900672026,0.3023360734657917,-0.21211425659995917,-0.1482356666453105,-0.7485332367858633,0.0000,0.7500,0.0500,8.875
2026-04-28 00:30:51.169,933,0.19755733656747598,0.3021878485767659,-0.21194457118903814,-0.14796547831178344,-0.7484352075139113,0.0000,1.0000,0.1500,8.163
2026-04-28 00:30:51.192,934,0.19790087525572403,0.3020397598957917,-0.21177555962600117,-0.1476961405711265,-0.7483375693562933,0.0000,0.8000,-0.1000,8.155
2026-04-28 00:30:51.213,935,0.19824560077482575,0.3018910453160511,-0.21160618954485455,-0.14742728880500383,-0.7482403305324969,0.0000,0.8000,0.0000,12.684
2026-04-28 00:30:51.233,936,0.19859094080184453,0.30174119098485014,-0.21143530927392343,-0.14715790542949905,-0.7481431107156596,0.0000,1.0000,0.4500,9.394
2026-04-28 00:30:51.254,937,0.1989366098276543,0.30159126181071433,-0.21126448058173755,-0.14688871699086883,-0.7480460069536716,0.0000,0.7500,0.0000,8.306
2026-04-28 00:30:51.274,938,0.19928304641381445,0.30144168607770433,-0.21109452695174408,-0.1466201089197339,-0.747949104892693,0.0000,0.6000,-0.2000,6.915
2026-04-28 00:30:51.296,939,0.19962937020814184,0.3012920214262756,-0.21092460326345505,-0.14635219171175662,-0.7478525703722777,0.0000,1.0000,0.2000,7.771
2026-04-28 00:30:51.318,940,0.1999763482409957,0.30114225669690997,-0.21075458222171914,-0.14608367254790788,-0.7477557597746002,0.0000,0.7000,-0.0500,9.002
2026-04-28 00:30:51.340,941,0.2003239244268722,0.3009921444890315,-0.21058422457896936,-0.14581498156935005,-0.7476589500221678,0.0000,0.8000,0.0500,7.731
2026-04-28 00:30:51.370,942,0.20067143232702453,0.3008423396110853,-0.21041437527618315,-0.14554669796118042,-0.7475622670071732,0.0000,0.8000,-0.1500,6.474
2026-04-28 00:30:51.390,943,0.20101857433518056,0.30069246595096416,-0.21024429029809658,-0.145278305788101,-0.7474655467917235,0.0000,1.0000,0.1000,7.738
2026-04-28 00:30:51.413,944,0.20136559394379264,0.3005425122476557,-0.2100741011717856,-0.14501007241436736,-0.7473689258749026,0.0000,1.0000,0.0000,8.426
2026-04-28 00:30:51.433,945,0.2017126036455209,0.3003924283404252,-0.20990389562598316,-0.14474244951584606,-0.7472726426365051,0.0000,1.0000,0.0000,10.758
2026-04-28 00:30:51.456,946,0.20205974303185248,0.30024294894600795,-0.20973465738053976,-0.1444752053152548,-0.7471763975103584,0.0000,0.8000,-0.1000,9.065
2026-04-28 00:30:51.476,947,0.2024077336337274,0.30009281098285545,-0.2095648694353696,-0.14420828626457302,-0.7470804794944671,0.0000,1.0000,0.2000,10.666
2026-04-28 00:30:51.497,948,0.20275577031183303,0.2999430639883422,-0.20939572602862683,-0.1439417256135243,-0.7469846428309527,0.0000,0.8000,-0.0500,9.141
2026-04-28 00:30:51.518,949,0.20310396835672564,0.29979290344229154,-0.2092259257945178,-0.14367463802628946,-0.7468886459835288,0.0000,0.9500,0.1000,10.597
2026-04-28 00:30:51.540,950,0.20345213768926945,0.2996421100264125,-0.20905519702770203,-0.14340734380449233,-0.7467927039341357,0.0000,1.0000,0.4000,9.296
2026-04-28 00:30:51.562,951,0.20380010888667546,0.2994905932856991,-0.20888317895196273,-0.14313915528683666,-0.7466964954674088,0.0000,1.0000,0.3000,9.738
2026-04-28 00:30:51.583,952,0.2041478137342055,0.29933945400094913,-0.20871139666365993,-0.1428702325479255,-0.7465998254269595,0.0000,0.5500,-0.1500,6.725
2026-04-28 00:30:51.605,953,0.20449574244512825,0.29918815900900064,-0.20853936322729869,-0.1426009106277944,-0.7465029946250825,0.0000,0.8500,0.1000,7.987
2026-04-28 00:30:51.627,954,0.20484453003590733,0.2990368925052146,-0.2083676936723609,-0.1423318140573387,-0.7464062692798497,0.0000,0.8000,-0.0500,8.960
2026-04-28 00:30:51.649,955,0.20519294698416432,0.2988857934827937,-0.20819609389146337,-0.14206255071439786,-0.7463094185833222,0.0000,1.0000,0.1000,9.057
2026-04-28 00:30:51.669,956,0.20554180323907315,0.2987347960796396,-0.20802492556445762,-0.1417938723423297,-0.7462128348741244,0.0000,0.7500,-0.0500,7.760
2026-04-28 00:30:51.690,957,0.20589070038091645,0.2985845761334953,-0.2078549840989878,-0.1415257611886523,-0.7461163403179787,0.0000,0.6500,-0.2500,6.996
2026-04-28 00:30:51.711,958,0.20623951696942752,0.29843427127606215,-0.20768495406860127,-0.14125784361404356,-0.7460199636886772,0.0000,1.0000,-0.0500,11.234
2026-04-28 00:30:51.735,959,0.20658892602708762,0.298283938623022,-0.20751528642556039,-0.14099073575961887,-0.7459239987792148,0.0000,0.9500,-0.2500,9.277
2026-04-28 00:30:51.757,960,0.2069395287619109,0.29813323340156817,-0.20734560455754755,-0.14072410017760315,-0.7458283630602429,0.0000,0.7000,-0.1000,7.905
2026-04-28 00:30:51.778,961,0.20729004128767084,0.297981633741021,-0.20717440201262743,-0.14045645540566795,-0.7457324462695846,0.0000,1.0000,0.3000,8.788
2026-04-28 00:30:51.799,962,0.20764130552926646,0.29782963541738633,-0.20700280103700888,-0.14018849329651073,-0.7456364703908845,0.0000,0.7500,0.0500,8.469
2026-04-28 00:30:51.820,963,0.20799253812541918,0.29767763059386204,-0.20683102475590034,-0.13991994904538188,-0.7455402049822466,0.0000,0.6500,0.0000,6.387
2026-04-28 00:30:51.845,964,0.20834377912615404,0.29752580362370645,-0.206659453574336,-0.13965125488148544,-0.745443820071217,0.0000,0.7500,-0.2000,7.993
2026-04-28 00:30:51.868,965,0.20869606936365356,0.2973735342917218,-0.20648771025992171,-0.13938296551253693,-0.7453477480666929,0.0000,0.8500,0.1500,12.003
2026-04-28 00:30:51.889,966,0.2090483895309207,0.2972216611239977,-0.20631661333782625,-0.13911503357398813,-0.7452517556560992,0.0000,0.8000,-0.1500,10.113
2026-04-28 00:30:51.907,967,0.20940108568888982,0.2970697747969376,-0.2061457550733247,-0.13884762498171474,-0.745156028129476,0.0000,0.8000,-0.1500,7.586
2026-04-28 00:30:51.929,968,0.2097538351568989,0.2969180017544461,-0.20597496239915875,-0.13857982444307773,-0.7450600762307126,0.0000,0.9000,0.0000,8.398
2026-04-28 00:30:51.951,969,0.2101081398860643,0.2967662760531369,-0.20580491566474862,-0.13831277688373045,-0.7449644889096495,0.0000,0.5500,-0.2500,7.606
2026-04-28 00:30:51.975,970,0.21046234507732278,0.29661447986638306,-0.20563464226427258,-0.13804535851789507,-0.7448687337312042,0.0000,0.9500,0.1500,7.524
2026-04-28 00:30:51.997,971,0.21081709569698162,0.29646234183060305,-0.20546400161034692,-0.13777768626238251,-0.7447729369958102,0.0000,0.7500,-0.0500,8.684
2026-04-28 00:30:52.017,972,0.21117209498592462,0.29630989866863916,-0.20529289595984498,-0.13750954998912168,-0.7446769844598367,0.0000,0.7000,-0.1500,6.244
2026-04-28 00:30:52.040,973,0.21152667974241865,0.29615758273666304,-0.20512172882180651,-0.13724101372916753,-0.7445808000508671,0.0000,0.7500,0.0000,7.982
2026-04-28 00:30:52.061,974,0.21188148971936246,0.2960052851552543,-0.20495078790802126,-0.13697296715611357,-0.7444848558266356,0.0000,0.9500,-0.1000,8.443
2026-04-28 00:30:52.079,975,0.2122354638745977,0.29585318279133904,-0.20477969432788215,-0.1367043186153612,-0.7443885617441773,0.0000,0.8500,-0.0500,7.166
2026-04-28 00:30:52.096,976,0.2125893625202548,0.2957012114015167,-0.20460878178410472,-0.13643576445352476,-0.7442922820386997,0.0000,1.0000,0.0500,10.111
2026-04-28 00:30:52.124,977,0.21294358143804237,0.29554946863501996,-0.2044384278153769,-0.13616775941578932,-0.7441962196715214,0.0000,0.8500,-0.1000,9.435
2026-04-28 00:30:52.148,978,0.2132981550018331,0.2953975559352994,-0.20426803587111533,-0.13590006971115767,-0.7441003573873,0.0000,0.9500,0.0000,9.978
2026-04-28 00:30:52.175,979,0.21365335504774047,0.29524526446759025,-0.20409723268590893,-0.13563205734763578,-0.7440044283997331,0.0000,0.7000,-0.0500,8.379
2026-04-28 00:30:52.200,980,0.214009121530503,0.2950925405302855,-0.20392597499454376,-0.1353639025944937,-0.7439085362698461,0.0000,1.0000,0.1500,10.170
2026-04-28 00:30:52.227,981,0.21436410347332424,0.29493945366747065,-0.20375368560614926,-0.1350946528871384,-0.7438121873302946,0.0000,1.0000,0.3500,9.352
2026-04-28 00:30:52.257,982,0.2147198559891548,0.29478663680005984,-0.20358220825174855,-0.13482616928578728,-0.7437161538819179,0.0000,0.7000,-0.2500,7.653
2026-04-28 00:30:52.289,983,0.21507570373683524,0.29463363608955495,-0.2034104772096631,-0.1345575668251732,-0.7436201069026516,0.0000,1.0000,0.0000,8.799
2026-04-28 00:30:52.311,984,0.2154317775314392,0.2944805396000033,-0.20323866880958644,-0.1342889043322126,-0.7435240537908724,0.0000,0.8500,-0.1500,9.311
2026-04-28 00:30:52.334,985,0.21578796682358384,0.2943271176625699,-0.2030663773210672,-0.13401996590082846,-0.7434279440116671,0.0000,1.0000,0.2500,8.545
2026-04-28 00:30:52.358,986,0.21614480073242884,0.294173646766471,-0.20289425499999703,-0.13375116729431524,-0.7433319163252818,0.0000,0.7500,-0.0500,8.696
2026-04-28 00:30:52.380,987,0.21650162994111105,0.29402006880233267,-0.20272201055626365,-0.1334824633533788,-0.7432359626803021,0.0000,0.9500,-0.1000,8.756
2026-04-28 00:30:52.402,988,0.21685883188927388,0.2938664826105091,-0.20254986761152083,-0.1332137520527762,-0.7431400073548937,0.0000,0.6500,-0.2000,7.267
2026-04-28 00:30:52.424,989,0.21721615884932172,0.29371309827331,-0.2023780714344486,-0.1329451620916978,-0.7430440621789373,0.0000,0.8000,-0.0500,4.510
2026-04-28 00:30:52.444,990,0.21757348843838414,0.2935591031776115,-0.20220524928613087,-0.13267585570253862,-0.7429479114227611,0.0000,1.0000,0.2500,8.643
2026-04-28 00:30:52.464,991,0.21793119992024007,0.29340485832746604,-0.20203217129977843,-0.13240642913086634,-0.7428517629589729,0.0000,0.7000,0.0000,7.769
2026-04-28 00:30:52.484,992,0.21828871794326943,0.2932507283412765,-0.20185913982034898,-0.13213681378210856,-0.7427554913365103,0.0000,0.9500,-0.1000,9.169
2026-04-28 00:30:52.506,993,0.21864639861151328,0.2930968332426335,-0.20168642682453225,-0.13186700418961333,-0.7426590638169618,0.0000,0.5500,-0.2500,6.393
2026-04-28 00:30:52.528,994,0.2190042535058975,0.2929428785124165,-0.20151368690587526,-0.13159719781377363,-0.742562652761104,0.0000,0.9500,0.0500,9.699
2026-04-28 00:30:52.547,995,0.21936232380772208,0.2927881190265825,-0.20133968207502492,-0.13132652818872736,-0.7424660112178045,0.0000,1.0000,0.3500,11.091
2026-04-28 00:30:52.567,996,0.219720547452061,0.2926329896774191,-0.2011650899037126,-0.13105537741691756,-0.7423692215159892,0.0000,0.8000,0.0500,7.004
2026-04-28 00:30:52.589,997,0.22007830262198835,0.29247754086466116,-0.2009896248678746,-0.13078314003090308,-0.7422719683227681,0.0000,1.0000,0.2000,7.613
2026-04-28 00:30:52.612,998,0.22043652858607574,0.2923215031284078,-0.2008134709126324,-0.1305107923534963,-0.7421748071652758,0.0000,1.0000,0.4000,13.036
2026-04-28 00:30:52.634,999,0.2207952625721484,0.2921656307868451,-0.2006378044337878,-0.13023883583914472,-0.7420778001919313,0.0000,0.8500,-0.3000,8.178
2026-04-28 00:30:52.655,1000,0.22115446273248804,0.29200992038809787,-0.200462588992815,-0.12996720047784935,-0.7419809132614343,0.0000,0.9500,-0.1500,9.145
2026-04-28 00:30:52.680,1001,0.22151429228050631,0.2918544361951078,-0.20028796801813503,-0.12969590657038987,-0.7418841404591591,0.0000,0.6500,-0.3000,8.895
2026-04-28 00:30:52.704,1002,0.2218748704479446,0.2916990964858383,-0.2001139467287684,-0.12942525168548347,-0.7417876510006821,0.0000,0.8000,-0.1500,9.185
2026-04-28 00:30:52.725,1003,0.2222362304817444,0.2915442296396982,-0.19994100191563235,-0.12915530341274334,-0.7416913965866561,0.0000,0.6500,-0.3000,8.638
2026-04-28 00:30:52.748,1004,0.22259827315875522,0.29138935558933937,-0.19976837248959428,-0.12888578287595362,-0.7415953577964978,0.0000,1.0000,-0.0500,8.399
2026-04-28 00:30:52.770,1005,0.22296057943917186,0.29123462519138443,-0.19959603662426403,-0.1286163228508214,-0.7414993133045825,0.0000,0.8000,0.0000,7.841
2026-04-28 00:30:52.791,1006,0.22332343840571955,0.29107960887254297,-0.1994234786681731,-0.12834685623155564,-0.7414033369520048,0.0000,0.9500,0.0500,12.235
2026-04-28 00:30:52.810,1007,0.22368645588209635,0.2909243105872812,-0.19925044368277664,-0.12807686653704564,-0.7413071695102498,0.0000,0.7500,0.0500,7.170
2026-04-28 00:30:52.833,1008,0.22404908625695866,0.29076864416491094,-0.19907648124194902,-0.12780574132133726,-0.7412105262996599,0.0000,1.0000,0.1500,10.587
2026-04-28 00:30:52.855,1009,0.22441184500481615,0.2906125814344598,-0.1989018553476062,-0.12753401491736754,-0.7411136815300845,0.0000,0.9500,0.1000,9.229
2026-04-28 00:30:52.877,1010,0.22477516796789918,0.2904566428920627,-0.19872766545441378,-0.1272626332505452,-0.7410169780408223,0.0000,0.8000,-0.0500,8.046
2026-04-28 00:30:52.901,1011,0.22513901568292038,0.2903005748057062,-0.1985535032117197,-0.12699141147557108,-0.7409203868428459,0.0000,1.0000,-0.1000,9.446
2026-04-28 00:30:52.926,1012,0.22550383986020617,0.29014449712161056,-0.19837984786746893,-0.12672100511817624,-0.7408242057130751,0.0000,1.0000,-0.3000,9.679
2026-04-28 00:30:52.948,1013,0.22586918298458927,0.28998851238857487,-0.19820652410616302,-0.12645076581305784,-0.7407280848322589,0.0000,1.0000,-0.0500,9.125
2026-04-28 00:30:52.968,1014,0.22623426453691867,0.2898328324249539,-0.19803329891430393,-0.12617964588270628,-0.7406314474076453,0.0000,0.5500,-0.0500,4.569
2026-04-28 00:30:52.992,1015,0.2265999685547421,0.2896775699498418,-0.1978609310136966,-0.1259088814621746,-0.7405348833275696,0.0000,0.6500,-0.2000,7.258
2026-04-28 00:30:53.016,1016,0.2269656423274031,0.28952235109664104,-0.19768842599016742,-0.12563742100682218,-0.7404379602869344,0.0000,0.5000,-0.1000,8.543
2026-04-28 00:30:53.037,1017,0.22733216148991375,0.28936693130927293,-0.19751600363113173,-0.12536632039378695,-0.7403412673638936,0.0000,0.6500,-0.2500,9.619
2026-04-28 00:30:53.060,1018,0.22769910448084346,0.28921142039442144,-0.19734353077313055,-0.12509500992458364,-0.7402444922580901,0.0000,0.9000,-0.0500,9.427
2026-04-28 00:30:53.080,1019,0.22806634998202857,0.28905619425037593,-0.1971715099414589,-0.12482358843063802,-0.7401475904112126,0.0000,0.7500,-0.1500,7.884
2026-04-28 00:30:53.105,1020,0.2284339596647239,0.28890113178825194,-0.19699980476378168,-0.12455209299921152,-0.740050610639653,0.0000,0.6500,-0.0500,5.764
2026-04-28 00:30:53.129,1021,0.22880175890982044,0.2887459779466911,-0.19682791044600367,-0.12428014177183393,-0.7399534257800479,0.0000,0.6500,-0.1500,5.103
2026-04-28 00:30:53.151,1022,0.22916987885921733,0.28859099880565753,-0.19665634263716508,-0.12400815073523704,-0.7398561773062957,0.0000,0.6000,-0.0500,8.431
2026-04-28 00:30:53.174,1023,0.22953859886726596,0.2884355653902664,-0.19648431638571542,-0.12373607489502018,-0.7397589999654337,0.0000,1.0000,0.0000,10.520
2026-04-28 00:30:53.202,1024,0.2299076389873404,0.2882800604023957,-0.19631224224402893,-0.1234638182545958,-0.7396617500842069,0.0000,0.7500,-0.1500,6.946
2026-04-28 00:30:53.222,1025,0.23027726059358583,0.2881243474151341,-0.19614007194912372,-0.12319159471830575,-0.7395645687220146,0.0000,0.8000,-0.2000,9.300
2026-04-28 00:30:53.243,1026,0.2306475757880596,0.28796851608560126,-0.19596797604788518,-0.1229194549405016,-0.7394674587922461,0.0000,0.7000,-0.1500,7.193
2026-04-28 00:30:53.264,1027,0.23101777418142452,0.287812159033081,-0.19579474699274185,-0.12264590590672962,-0.7393697756333392,0.0000,1.0000,0.3000,8.218
2026-04-28 00:30:53.285,1028,0.2313884797831515,0.28765483987343604,-0.19562018979443774,-0.12237172330926513,-0.7392720161879445,0.0000,1.0000,0.3000,11.744
2026-04-28 00:30:53.307,1029,0.2317604262629131,0.2874976184797743,-0.1954463513802124,-0.12209829647109602,-0.7391746101497503,0.0000,0.6000,-0.2500,7.566
2026-04-28 00:30:53.329,1030,0.2321328781048758,0.28734000389067077,-0.1952719988465408,-0.12182437650235317,-0.7390770558146426,0.0000,1.0000,0.0000,10.892
2026-04-28 00:30:53.353,1031,0.23250606857885622,0.2871826172517776,-0.19509824585075605,-0.12155068315542406,-0.7389795577728593,0.0000,0.5000,-0.3500,7.690
2026-04-28 00:30:53.374,1032,0.2328801588676741,0.28702436290313804,-0.19492353522422937,-0.12127680501412544,-0.7388821842317485,0.0000,1.0000,0.2500,12.950
2026-04-28 00:30:53.397,1033,0.23325555027590322,0.28686541465103793,-0.19474830824874528,-0.12100304104584815,-0.7387850412238778,0.0000,1.0000,0.1000,8.252
2026-04-28 00:30:53.418,1034,0.23363181596040702,0.2867059016211758,-0.194572477175335,-0.12072889829553626,-0.7386878499907317,0.0000,1.0000,0.1500,7.363
2026-04-28 00:30:53.441,1035,0.23400836719623222,0.2865468404081908,-0.1943972451587191,-0.1204543628657046,-0.7385903494353382,0.0000,0.6000,-0.1500,5.939
2026-04-28 00:30:53.464,1036,0.23438615715684197,0.2863872758090296,-0.19422168242545756,-0.12017973621579531,-0.7384929290886059,0.0000,1.0000,0.1000,10.396
2026-04-28 00:30:53.487,1037,0.2347647805089516,0.28622766414992296,-0.19404631670412573,-0.11990512749335565,-0.7383955294431682,0.0000,0.6000,-0.0500,5.994
2026-04-28 00:30:53.510,1038,0.2351437560481197,0.2860677783215377,-0.19387050328401637,-0.11962984377598247,-0.7382978608155684,0.0000,0.6500,0.0500,7.478
2026-04-28 00:30:53.531,1039,0.23552274860584166,0.2859073129513816,-0.1936936161442483,-0.11935349156842404,-0.7381998028017087,0.0000,0.7500,0.3000,6.443
2026-04-28 00:30:53.552,1040,0.23590192915272445,0.28574598813643504,-0.19351515562374483,-0.11907543910052584,-0.7381011094926662,0.0000,1.0000,0.3000,9.649
2026-04-28 00:30:53.573,1041,0.23628208857854371,0.28558429788462697,-0.19333640419654124,-0.11879704064796381,-0.7380023345246894,0.0000,1.0000,0.0000,11.950
2026-04-28 00:30:53.595,1042,0.23666293712202932,0.28542233966033614,-0.19315729143209395,-0.11851787148431167,-0.7379032411688581,0.0000,0.8000,-0.1500,8.650
2026-04-28 00:30:53.616,1043,0.23704392632451413,0.2852601448701896,-0.19297753687064548,-0.11823735743596239,-0.7378035344870932,0.0000,0.8500,0.0000,8.540
2026-04-28 00:30:53.639,1044,0.2374256273022798,0.2850978692680476,-0.19279779909598457,-0.11795650207298952,-0.7377036773263425,0.0000,0.7500,-0.1500,9.694
2026-04-28 00:30:53.665,1045,0.23780831249055703,0.28493538465423407,-0.1926180581516399,-0.11767557007291268,-0.7376038340756546,0.0000,0.7000,-0.1500,9.463
2026-04-28 00:30:53.689,1046,0.23819118672966605,0.2847727064178969,-0.19243782434849832,-0.11739357330000577,-0.737503506820244,0.0000,1.0000,0.2500,7.689
2026-04-28 00:30:53.713,1047,0.23857479517484267,0.2846095926213219,-0.19225696065546735,-0.11711060671750846,-0.7374028035265184,0.0000,1.0000,-0.0500,9.900
2026-04-28 00:30:53.736,1048,0.23895966777592145,0.28444615472645035,-0.19207597506339782,-0.11682738622093145,-0.7373020542771014,0.0000,0.8000,-0.1500,12.602
2026-04-28 00:30:53.756,1049,0.23934495149434193,0.28428243139830683,-0.1918945377833809,-0.11654346569491335,-0.7372010263484045,0.0000,0.7500,0.1000,8.396
2026-04-28 00:30:53.777,1050,0.23973057411123136,0.28411809259961746,-0.19171212701968252,-0.11625866333788938,-0.737099711349307,0.0000,1.0000,0.3500,8.654
2026-04-28 00:30:53.798,1051,0.24011725335676906,0.28395257406023006,-0.19152825767823145,-0.11597321876514315,-0.7369983701553267,0.0000,1.0000,0.3000,12.747
2026-04-28 00:30:53.820,1052,0.2405047772086808,0.2837867261180524,-0.19134394499738694,-0.11568683274576336,-0.736896640566864,0.0000,1.0000,0.1500,8.565
2026-04-28 00:30:53.843,1053,0.24089313181892535,0.2836209648592438,-0.19116002694266365,-0.11540052339872237,-0.7367949276221932,0.0000,0.6000,-0.3000,7.379
2026-04-28 00:30:53.865,1054,0.24128232650316225,0.2834546072651465,-0.19097537746482413,-0.11511356148982063,-0.736693037459202,0.0000,0.9500,-0.0500,9.594
2026-04-28 00:30:53.888,1055,0.24167196240271224,0.28328819147162704,-0.19079060889477065,-0.11482594811238205,-0.7365908360909039,0.0000,0.8000,0.0500,8.168
2026-04-28 00:30:53.913,1056,0.24206227249205733,0.283121366980574,-0.190605356901426,-0.11453784130678978,-0.7364884901623318,0.0000,0.8500,0.0500,7.946
2026-04-28 00:30:53.936,1057,0.2424529940903088,0.28295440409957856,-0.19041975902675262,-0.11424868130478384,-0.7363856522127664,0.0000,0.8500,0.0000,7.787
2026-04-28 00:30:53.958,1058,0.24284524659656023,0.2827867174936636,-0.19023327694406103,-0.11395815777900642,-0.7362823134125774,0.0000,1.0000,0.0000,7.122
2026-04-28 00:30:53.981,1059,0.24323905147986608,0.28261897740197184,-0.19004730371365006,-0.11366802134791344,-0.7361791815115065,0.0000,0.8000,-0.2500,11.765
2026-04-28 00:30:54.008,1060,0.2436339219638787,0.2824512092945533,-0.18986158926926103,-0.11337777034074205,-0.7360759993069548,0.0000,0.7000,-0.2000,8.325
2026-04-28 00:30:54.031,1061,0.24403036626263105,0.28228260193000704,-0.1896751304579247,-0.11308721209800608,-0.7359728732798201,0.0000,1.0000,-0.1000,11.741
2026-04-28 00:30:54.052,1062,0.24442797954308543,0.28211377110918834,-0.1894887511806517,-0.11279674650020433,-0.7358698494204241,0.0000,0.8000,-0.2500,5.391
2026-04-28 00:30:54.074,1063,0.24482658899448356,0.2819442234339401,-0.1893015589005154,-0.11250575814216199,-0.7357667433760007,0.0000,1.0000,0.1500,10.987
2026-04-28 00:30:54.095,1064,0.24522533377093925,0.28177487608938584,-0.1891144719430722,-0.11221399033285794,-0.7356631975050362,0.0000,0.6000,-0.0500,7.910
2026-04-28 00:30:54.122,1065,0.24562387483387033,0.28160566908267687,-0.18892725280438216,-0.1119212526373602,-0.7355591315885502,0.0000,0.5000,-0.1500,6.260
2026-04-28 00:30:54.143,1066,0.246023005922588,0.281436203656486,-0.188739639757885,-0.1116276880675467,-0.7354547168220831,0.0000,0.9500,0.0500,9.972
2026-04-28 00:30:54.163,1067,0.24642319008598076,0.2812661722088314,-0.18855139063053322,-0.11133342790670986,-0.7353500957480419,0.0000,0.9000,0.0000,8.128
2026-04-28 00:30:54.184,1068,0.2468242590814256,0.2810957427067232,-0.18836270948749517,-0.11103857055620633,-0.7352452755756137,0.0000,0.9000,-0.1500,7.751
2026-04-28 00:30:54.204,1069,0.2472251523327063,0.28092476395520294,-0.18817275487681265,-0.11074196948500616,-0.7351397208382808,0.0000,1.0000,0.2000,5.350
2026-04-28 00:30:54.225,1070,0.2476273143034841,0.2807528341545415,-0.18798154290390395,-0.11044407139666255,-0.7350337553380057,0.0000,1.0000,0.1500,10.934
2026-04-28 00:30:54.247,1071,0.24803017970539848,0.2805802911641162,-0.18778945478652484,-0.11014522485738917,-0.7349274688933007,0.0000,1.0000,0.2000,8.900
2026-04-28 00:30:54.269,1072,0.24843392451511256,0.28040785096122994,-0.18759797664421513,-0.10984711759622862,-0.7348215263746075,0.0000,0.7500,-0.1500,6.450
2026-04-28 00:30:54.290,1073,0.24883851296319145,0.28023536251230097,-0.18740668673329414,-0.10954898997242478,-0.7347155857201858,0.0000,0.7500,-0.1000,7.099
2026-04-28 00:30:54.311,1074,0.24924396218409398,0.28006254144597104,-0.18721524592417116,-0.10925100494896661,-0.7346097995046085,0.0000,0.9500,0.0000,9.338
2026-04-28 00:30:54.335,1075,0.2496510182025016,0.27988836262262606,-0.18702208408152568,-0.10895167691774063,-0.7345036812089575,0.0000,1.0000,0.3500,10.210
2026-04-28 00:30:54.358,1076,0.2500590970643391,0.27971338190902173,-0.18682801575380092,-0.10865187968231131,-0.7343975287685578,0.0000,1.0000,0.1000,10.474
2026-04-28 00:30:54.378,1077,0.25046722896223544,0.27953786285548904,-0.18663294996978438,-0.10835104712457908,-0.734290993237005,0.0000,0.9500,0.3500,8.997
2026-04-28 00:30:54.402,1078,0.2508770185345956,0.27936134593158285,-0.18643672654537863,-0.10804908087877295,-0.7341841403142496,0.0000,1.0000,0.1000,10.479
2026-04-28 00:30:54.424,1079,0.25128786045600254,0.2791844863791002,-0.18624027928425074,-0.10774681814738153,-0.7340772247913082,0.0000,1.0000,0.0500,9.044
2026-04-28 00:30:54.446,1080,0.2516994799511878,0.27900736227167483,-0.18604350177160447,-0.10744378175982544,-0.7339699885647006,0.0000,0.7500,-0.0500,7.549
2026-04-28 00:30:54.470,1081,0.2521123960235,0.27882959514599115,-0.18584600063988102,-0.10713983683993943,-0.733862458812388,0.0000,1.0000,0.1000,11.718
2026-04-28 00:30:54.492,1082,0.25252579783433904,0.2786515956428106,-0.18564806404878081,-0.10683489783292396,-0.7337544900969917,0.0000,0.7500,-0.1000,10.902
2026-04-28 00:30:54.513,1083,0.25294004379662527,0.2784733979351896,-0.18545015033347415,-0.10653008420591432,-0.7336466336090236,0.0000,1.0000,0.2000,7.826
2026-04-28 00:30:54.533,1084,0.2533562255931464,0.2782944776498181,-0.18525172667001497,-0.10622482858319024,-0.7335387367541565,0.0000,1.0000,-0.0500,12.848
2026-04-28 00:30:54.555,1085,0.2537739151539674,0.2781152340360095,-0.18505330407419565,-0.10591949348214731,-0.7334308809789619,0.0000,0.9000,-0.1500,9.123
2026-04-28 00:30:54.578,1086,0.25419198841012197,0.2779356865187185,-0.18485458903699706,-0.1056141748647315,-0.7333231094083734,0.0000,0.8500,0.0000,9.036
2026-04-28 00:30:54.598,1087,0.25461055575551506,0.27775533051233725,-0.18465457320124495,-0.10530756021002242,-0.733214891928529,0.0000,1.0000,0.2000,10.767
2026-04-28 00:30:54.619,1088,0.25503016939762646,0.2775746907556084,-0.18445434825662932,-0.10500041209644065,-0.7331064786441462,0.0000,0.7500,-0.1000,9.949
2026-04-28 00:30:54.640,1089,0.25545083270755503,0.27739428200094757,-0.18425475747953649,-0.10469324831094069,-0.732997999760789,0.0000,0.7500,-0.1500,4.534
2026-04-28 00:30:54.662,1090,0.25587276616374194,0.27721308542654227,-0.1840540421586532,-0.1043844514042101,-0.7328889012594417,0.0000,1.0000,0.1500,9.285
2026-04-28 00:30:54.686,1091,0.2562945087336956,0.27703194825437527,-0.1838530890535263,-0.10407468818051727,-0.7327793047369274,0.0000,0.7000,0.0000,5.365
2026-04-28 00:30:54.709,1092,0.25671776432496857,0.2768498628286037,-0.18365101540639792,-0.10376384275734461,-0.73266940416613,0.0000,1.0000,0.0500,10.953
2026-04-28 00:30:54.731,1093,0.2571423500161288,0.27666736200800734,-0.1834485822983353,-0.10345224870534568,-0.7325592331178605,0.0000,0.9000,-0.0500,8.371
2026-04-28 00:30:54.752,1094,0.2575678202741557,0.27648468951789046,-0.1832461467428787,-0.10314050522022472,-0.7324490302588215,0.0000,0.9000,-0.1500,9.526
2026-04-28 00:30:54.774,1095,0.25799385182689705,0.2763015156122831,-0.18304288093458132,-0.10282757933334202,-0.7323383615413592,0.0000,0.9500,0.0500,9.612
2026-04-28 00:30:54.797,1096,0.2584202494057387,0.27611815812338647,-0.18283923707755279,-0.10251376196106678,-0.7322272929657794,0.0000,0.7000,-0.2000,5.542
2026-04-28 00:30:54.819,1097,0.25884893970841305,0.27593332983107727,-0.18263385968129425,-0.10219834452932425,-0.732115792050244,0.0000,1.0000,0.2000,12.459
2026-04-28 00:30:54.843,1098,0.2592789660846615,0.27574799136159883,-0.18242826646431978,-0.10188318584578553,-0.7320045480421941,0.0000,0.9500,-0.1000,11.904
2026-04-28 00:30:54.870,1099,0.2597103483440377,0.27556206469613553,-0.18222225807976478,-0.10156791850686746,-0.7318933967447053,0.0000,0.9000,-0.1000,10.812
2026-04-28 00:30:54.891,1100,0.26014214818001424,0.27537614386202974,-0.1820165245166315,-0.10125316511220879,-0.7317825009509229,0.0000,0.7500,-0.1500,6.336
2026-04-28 00:30:54.914,1101,0.26057383484348284,0.2751902022169836,-0.18181064016069653,-0.10093808649415904,-0.7316714477377547,0.0000,0.7500,0.1000,8.242
2026-04-28 00:30:54.936,1102,0.26100468211786026,0.27500373863522626,-0.18160370961405334,-0.1006227282746828,-0.7315603851977821,0.0000,1.0000,0.4000,9.415
2026-04-28 00:30:54.959,1103,0.26143574194607966,0.27481728519976284,-0.18139691565747684,-0.10030758299831785,-0.7314494265826768,0.0000,0.8500,-0.0500,8.578
2026-04-28 00:30:54.983,1104,0.26186812121685965,0.27463015757613074,-0.1811891717090291,-0.09999082032721036,-0.7313378278072792,0.0000,1.0000,0.1000,10.961
2026-04-28 00:30:55.014,1105,0.26230177376508895,0.27444184301123337,-0.18098000213229512,-0.09967332676289481,-0.7312261603107801,0.0000,1.0000,0.3500,11.001
2026-04-28 00:30:55.034,1106,0.262734467525044,0.2742536414404771,-0.18077071387062474,-0.09935591506931996,-0.7311145054914496,0.0000,0.7500,0.1000,8.606
2026-04-28 00:30:55.055,1107,0.2631678315231201,0.27406511455602783,-0.18056122140417288,-0.09903862870400519,-0.731002994655151,0.0000,1.0000,0.1000,9.825
2026-04-28 00:30:55.080,1108,0.2636019760112284,0.27387698658816373,-0.1803527332630671,-0.09872215760906329,-0.7308917917155137,0.0000,0.8000,-0.2000,8.480
2026-04-28 00:30:55.100,1109,0.2640363503590484,0.27368879583153494,-0.1801441892083459,-0.09840553455179336,-0.7307805284826655,0.0000,0.8000,-0.0500,7.327
2026-04-28 00:30:55.120,1110,0.2644712843006101,0.2734999930005072,-0.179934477759489,-0.09808704000017182,-0.7306684825121419,0.0000,0.9000,0.1000,8.957
2026-04-28 00:30:55.143,1111,0.2649079518367288,0.2733105321227892,-0.17972412469610982,-0.09776751828010319,-0.7305560874601044,0.0000,1.0000,-0.0500,6.789
2026-04-28 00:30:55.163,1112,0.26534674840772876,0.27312075035593664,-0.17951389717647878,-0.09744765703455176,-0.7304436028587805,0.0000,0.8500,-0.1500,7.627
2026-04-28 00:30:55.184,1113,0.265786334481249,0.2729299616142846,-0.17930186749627663,-0.09712530654768954,-0.7303301253718051,0.0000,1.0000,0.3500,8.944
2026-04-28 00:30:55.209,1114,0.26622732356853285,0.2727389021589607,-0.1790898764400167,-0.09680286896792593,-0.7302166720082313,0.0000,1.0000,-0.0500,10.227
2026-04-28 00:30:55.231,1115,0.2666699790007497,0.2725472210871786,-0.17887756098745894,-0.09648047456308746,-0.7301033956277974,0.0000,1.0000,-0.1000,10.366
2026-04-28 00:30:55.252,1116,0.26711327630253356,0.2723552054023021,-0.17866486985638438,-0.09615764816849859,-0.7299899868974513,0.0000,0.9000,-0.0500,10.323
2026-04-28 00:30:55.275,1117,0.2675569711273449,0.2721627977952656,-0.17845174847164091,-0.09583475696867641,-0.7298766437368427,0.0000,1.0000,0.0500,8.551
2026-04-28 00:30:55.298,1118,0.2680003567731557,0.2719702188750626,-0.17823804644419344,-0.09551093123268407,-0.7297628761283774,0.0000,0.7500,0.0500,8.481
2026-04-28 00:30:55.319,1119,0.2684450320548,0.27177741130621774,-0.1780245447399022,-0.0951875352468726,-0.7296493805492209,0.0000,0.7500,-0.3500,8.818
2026-04-28 00:30:55.344,1120,0.2688896874057776,0.2715847391889814,-0.1778113413112565,-0.09486458297398466,-0.7295360729558009,0.0000,0.6500,-0.1500,8.549
2026-04-28 00:30:55.368,1121,0.26933411531347895,0.27139147102717287,-0.1775970030372462,-0.09454069828121618,-0.729422448155878,0.0000,1.0000,0.4000,7.897
2026-04-28 00:30:55.390,1122,0.2697798424050216,0.2711975330011985,-0.17738207891510596,-0.0942165499554326,-0.7293088589978989,0.0000,1.0000,0.0500,10.378
2026-04-28 00:30:55.411,1123,0.2702260849505366,0.27100310668135635,-0.1771665254038635,-0.09389195114368978,-0.7291951666629307,0.0000,1.0000,0.0500,10.602
2026-04-28 00:30:55.433,1124,0.27067466417096603,0.2708077594744925,-0.176950135954914,-0.09356624713555817,-0.7290811519441596,0.0000,1.0000,-0.0500,11.354
2026-04-28 00:30:55.453,1125,0.27112313747357786,0.2706128234460824,-0.17673457190493305,-0.09324164466993803,-0.728967585194777,0.0000,0.9500,-0.1500,8.012
2026-04-28 00:30:55.472,1126,0.2715729634030536,0.2704172126854198,-0.17651817493629282,-0.09291582449190704,-0.7288535782651072,0.0000,0.9000,-0.1500,8.804
2026-04-28 00:30:55.493,1127,0.27202411903189083,0.27022092418658766,-0.1763009175451573,-0.09258872589168872,-0.7287391015518485,0.0000,1.0000,0.1500,7.629
2026-04-28 00:30:55.515,1128,0.2724779783116898,0.27002390015195743,-0.17608317068203694,-0.09226044957178182,-0.7286242198557629,0.0000,1.0000,-0.2500,7.344
2026-04-28 00:30:55.536,1129,0.2729338657282245,0.26982626063120047,-0.17586506792183904,-0.09193165486065139,-0.728509232828769,0.0000,1.0000,-0.1000,9.593
2026-04-28 00:30:55.557,1130,0.27339144600886806,0.2696282107965613,-0.17564693429222458,-0.09160289165639617,-0.7283943641269576,0.0000,1.0000,-0.1500,10.059
2026-04-28 00:30:55.580,1131,0.2738492692077524,0.26942975060227137,-0.17542845698319362,-0.09127465540657116,-0.728279861485649,0.0000,1.0000,0.1500,11.585
2026-04-28 00:30:55.602,1132,0.2743084167854621,0.2692312135769832,-0.1752101925189991,-0.09094608577972976,-0.7281652113570565,0.0000,0.8500,-0.1500,9.120
2026-04-28 00:30:55.625,1133,0.27476735958668397,0.2690327651826008,-0.1749920910002316,-0.0906179059132134,-0.7280507339444724,0.0000,0.8000,0.1000,8.574
2026-04-28 00:30:55.647,1134,0.27522858862862065,0.26883339548608826,-0.17477337899833587,-0.09028951799899601,-0.727936382827239,0.0000,1.0000,0.0500,12.991
2026-04-28 00:30:55.670,1135,0.2756911725696415,0.268633719235519,-0.17455455122081542,-0.08996070626173759,-0.7278218964307632,0.0000,0.7500,-0.2500,9.177
2026-04-28 00:30:55.692,1136,0.27615402222294383,0.2684341688879697,-0.17433603693774358,-0.08963211674303419,-0.7277074896616672,0.0000,0.6500,-0.1500,6.495
2026-04-28 00:30:55.713,1137,0.276617175949104,0.26823457808083717,-0.1741175519251738,-0.08930349360949343,-0.7275930761939978,0.0000,1.0000,0.0500,6.465
2026-04-28 00:30:55.734,1138,0.2770807708252094,0.26803450796437556,-0.17389840750342014,-0.08897434784375506,-0.7274785212316022,0.0000,1.0000,0.1500,10.299
2026-04-28 00:30:55.756,1139,0.2775445722429743,0.2678345790672285,-0.17367957719819735,-0.0886454165556826,-0.7273640381973404,0.0000,0.7500,-0.1000,9.053
2026-04-28 00:30:55.776,1140,0.27800780798884334,0.2676347910232911,-0.17346080654920326,-0.08831663899360746,-0.7272495968069926,0.0000,0.9000,0.2000,9.387
2026-04-28 00:30:55.800,1141,0.2784709348267438,0.2674349751338214,-0.17324208177647224,-0.08798829750264456,-0.7271353804078884,0.0000,1.0000,0.0500,11.848
2026-04-28 00:30:55.822,1142,0.2789350550741808,0.26723446470207474,-0.17302248557073235,-0.08765910624769481,-0.7270209127567498,0.0000,1.0000,0.0500,9.990
2026-04-28 00:30:55.848,1143,0.2794008524806676,0.26703370732003767,-0.17280301262140907,-0.0873297084308145,-0.7269064035566927,0.0000,0.7000,-0.2000,7.660
2026-04-28 00:30:55.873,1144,0.27986701806947467,0.26683231651052153,-0.17258254433388812,-0.08699940523700549,-0.7267916000195977,0.0000,1.0000,0.2000,8.336
2026-04-28 00:30:55.896,1145,0.280336086904161,0.2666297156312442,-0.17236096505639803,-0.08666779428732735,-0.7266764451166471,0.0000,1.0000,0.1500,10.942
2026-04-28 00:30:55.928,1146,0.28080622644419095,0.2664263822821801,-0.17213845477846365,-0.08633521633231771,-0.7265609898231964,0.0000,1.0000,0.1000,9.941
2026-04-28 00:30:55.951,1147,0.2812773806088571,0.2662225834603996,-0.1719154227437579,-0.08600190145569915,-0.7264452824319185,0.0000,0.8500,0.0000,10.767
2026-04-28 00:30:55.972,1148,0.2817510933626463,0.26601818379331327,-0.17169215060769732,-0.085667817807866,-0.726329340861236,0.0000,0.8000,-0.4000,6.586
2026-04-28 00:30:55.994,1149,0.2822234622983417,0.2658140089703294,-0.17146888841735994,-0.08533416660433887,-0.7262135592966339,0.0000,1.0000,0.2500,8.279
2026-04-28 00:30:56.016,1150,0.2826969033898217,0.2656095416908148,-0.17124534618911827,-0.08499973310340445,-0.7260974596924896,0.0000,1.0000,0.0500,7.012
2026-04-28 00:30:56.040,1151,0.2831712325622929,0.2654048986671391,-0.17102184541726584,-0.08466532989959236,-0.7259814191680501,0.0000,0.9500,-0.1000,9.085
2026-04-28 00:30:56.061,1152,0.2836460223498086,0.2651998221404965,-0.17079793062739085,-0.08433106096880506,-0.7258655541510416,0.0000,0.9000,0.0000,9.467
2026-04-28 00:30:56.083,1153,0.2841211782949929,0.26499467469149485,-0.1705738550798173,-0.0839961361419961,-0.7257493789118611,0.0000,0.8000,-0.1000,7.916
2026-04-28 00:30:56.107,1154,0.28459705750106024,0.2647889012062863,-0.1703490242506134,-0.08366075428980525,-0.7256331316643617,0.0000,1.0000,0.1500,8.319
2026-04-28 00:30:56.129,1155,0.2850753865532205,0.26458215125823464,-0.1701230047575272,-0.08332310963025448,-0.7255159971242838,0.0000,1.0000,-0.0500,9.358
2026-04-28 00:30:56.151,1156,0.2855551544557487,0.26437449868527113,-0.16989570797691422,-0.08298365394981215,-0.7253981827254478,0.0000,1.0000,0.1500,9.882
2026-04-28 00:30:56.175,1157,0.2860372601417094,0.26416616990055125,-0.16966781979232148,-0.08264275922583043,-0.725279817853309,0.0000,1.0000,-0.1000,5.838
2026-04-28 00:30:56.196,1158,0.2865193498850708,0.2639573454726464,-0.16943889980272464,-0.08230056391518167,-0.7251609265942278,0.0000,0.9000,0.2500,8.916
2026-04-28 00:30:56.223,1159,0.2870055449310682,0.2637467002494101,-0.16920802838421756,-0.08195566269193896,-0.7250411375733435,0.0000,1.0000,0.2000,10.924
2026-04-28 00:30:56.244,1160,0.2874904352276997,0.26353702448958394,-0.1689783950171042,-0.08161193451600778,-0.7249216927059886,0.0000,0.6500,-0.1500,5.367
2026-04-28 00:30:56.265,1161,0.2879786124562558,0.2633258043411397,-0.16874713474194242,-0.08126623929480445,-0.7248016504089423,0.0000,1.0000,0.1000,10.017
2026-04-28 00:30:56.286,1162,0.2884676918680596,0.26311398262091906,-0.1685150382332385,-0.08091945781824665,-0.7246812153730162,0.0000,0.9000,0.0500,9.238
2026-04-28 00:30:56.308,1163,0.28895822148959566,0.26290138168127597,-0.1682821220920062,-0.08057192635871,-0.7245606001463718,0.0000,0.9500,0.1500,10.400
2026-04-28 00:30:56.333,1164,0.28945259286316877,0.2626869306961611,-0.1680472493578493,-0.08022211934715275,-0.7244393096510618,0.0000,1.0000,0.2000,9.315
2026-04-28 00:30:56.357,1165,0.28995195816963926,0.2624699765812072,-0.16780956907076108,-0.07986887136767139,-0.7243169244502867,0.0000,1.0000,0.2500,11.408
2026-04-28 00:30:56.377,1166,0.2904519483864821,0.2622528076148515,-0.16757174494383326,-0.07951546453980028,-0.7241945135342638,0.0000,0.9000,0.1000,8.355
2026-04-28 00:30:56.399,1167,0.2909539243473465,0.2620350607084956,-0.16733358862254125,-0.07916148540055117,-0.7240719609437071,0.0000,0.9500,-0.0500,8.979
2026-04-28 00:30:56.422,1168,0.29145716248290177,0.2618166184707679,-0.16709469285919887,-0.07880684359408915,-0.7239492508485996,0.0000,1.0000,0.0000,10.325
2026-04-28 00:30:56.444,1169,0.2919604471210207,0.2615980894888914,-0.1668554810120887,-0.07845141452707154,-0.7238261688055212,0.0000,0.7500,0.0000,8.552
2026-04-28 00:30:56.468,1170,0.2924645176869012,0.2613795794572141,-0.1666166024539587,-0.07809622907680537,-0.7237032038295943,0.0000,0.7000,-0.3000,10.497
2026-04-28 00:30:56.492,1171,0.2929704684976925,0.2611600562230766,-0.1663765492246473,-0.07773967008881076,-0.7235798053817989,0.0000,1.0000,0.1500,7.964
2026-04-28 00:30:56.515,1172,0.2934777573836734,0.2609400172420901,-0.16613602610251557,-0.07738245212331431,-0.7234562063783998,0.0000,1.0000,0.0000,6.657
2026-04-28 00:30:56.536,1173,0.2939862766431852,0.26071955924478074,-0.16589509040967873,-0.07702442061677268,-0.7233323053550473,0.0000,0.9000,-0.0500,10.142
2026-04-28 00:30:56.558,1174,0.294494128915918,0.2604996943682652,-0.1656550507524204,-0.07666747153758828,-0.7232087972617162,0.0000,0.7000,-0.2500,7.023
2026-04-28 00:30:56.580,1175,0.29500322589821815,0.2602792735570975,-0.16541437669232012,-0.07630956295707834,-0.7230849483979783,0.0000,1.0000,0.0500,9.992
2026-04-28 00:30:56.603,1176,0.29551516445374715,0.2600585122237382,-0.16517381230725545,-0.07595054115720866,-0.7229606280517527,0.0000,0.7000,-0.3000,5.916
2026-04-28 00:30:56.625,1177,0.29602909815124695,0.25983651447564227,-0.16493181854817135,-0.07559020047520214,-0.7228359573648372,0.0000,1.0000,0.4500,10.122
2026-04-28 00:30:56.647,1178,0.296542143429563,0.25961457220991696,-0.16468978462635966,-0.07523044457335606,-0.7227115651941532,0.0000,0.9500,0.1000,9.742
2026-04-28 00:30:56.673,1179,0.29706030691049845,0.2593908321924828,-0.16444613161269786,-0.07486794269149467,-0.7225862494681817,0.0000,1.0000,-0.3000,10.549
2026-04-28 00:30:56.695,1180,0.2975774389934713,0.2591676339270357,-0.16420313014817728,-0.07450629212815822,-0.722461223960317,0.0000,0.8500,-0.2500,7.121
2026-04-28 00:30:56.720,1181,0.2980931800506562,0.25894497752028905,-0.16396053988407455,-0.07414501062163319,-0.7223362475130711,0.0000,0.8500,0.1500,8.848
2026-04-28 00:30:56.742,1182,0.2986143357047392,0.25872084400393086,-0.16371700821924445,-0.07378153542396963,-0.722210543494594,0.0000,1.0000,-0.2500,10.127
2026-04-28 00:30:56.764,1183,0.29913827158539485,0.25849531255392716,-0.16347188865424306,-0.07341607442528053,-0.7220841960559965,0.0000,1.0000,0.1000,7.622
2026-04-28 00:30:56.787,1184,0.2996653188070921,0.25826811226118607,-0.16322467554786124,-0.07304774500929354,-0.7219568316164607,0.0000,1.0000,0.3000,8.041
2026-04-28 00:30:56.809,1185,0.3001934006905754,0.25804082101849557,-0.16297780700269818,-0.07267997416288842,-0.7218297691962742,0.0000,1.0000,-0.1000,11.750
2026-04-28 00:30:56.842,1186,0.3007241701001149,0.25781288274993225,-0.16273039534538922,-0.07231039592522838,-0.7217019648340431,0.0000,0.7000,-0.1500,7.699
2026-04-28 00:30:56.864,1187,0.3012552567221436,0.25758486783222706,-0.1624828988619493,-0.07194052880652357,-0.7215740351907334,0.0000,0.8500,-0.0500,7.609
2026-04-28 00:30:56.886,1188,0.30178840892619524,0.2573557425578714,-0.1622341076488955,-0.07156912311680526,-0.7214456138482802,0.0000,1.0000,0.2000,9.447
2026-04-28 00:30:56.908,1189,0.3023246539367217,0.2571247395862649,-0.1619831602978104,-0.07119569688140552,-0.7213166516545418,0.0000,1.0000,0.5500,12.581
2026-04-28 00:30:56.929,1190,0.3028630514049366,0.25689326363053094,-0.16173189930332568,-0.07082104443393977,-0.7211871945980863,0.0000,0.8000,-0.1500,6.629
2026-04-28 00:30:56.951,1191,0.30340478941049603,0.25666031844525344,-0.1614792257551275,-0.07044477868974071,-0.7210572981979749,0.0000,1.0000,0.2000,9.329
2026-04-28 00:30:56.973,1192,0.30394904289608704,0.2564264592544275,-0.16122581505149317,-0.07006753541485798,-0.7209271415312738,0.0000,1.0000,-0.2500,6.105
2026-04-28 00:30:56.996,1193,0.304494919949257,0.25619193975481697,-0.16097187319929565,-0.0696898125012418,-0.7207969101198065,0.0000,0.9000,0.0000,8.480
2026-04-28 00:30:57.017,1194,0.30503753359402586,0.25595845299477094,-0.1607187810400219,-0.0693137377304004,-0.7206672445922789,0.0000,0.9000,0.2000,11.445
2026-04-28 00:30:57.038,1195,0.30558363416392315,0.2557233382820749,-0.16046406670290803,-0.06893590871175598,-0.7205371089264941,0.0000,1.0000,0.0000,11.336
2026-04-28 00:30:57.059,1196,0.3061334768222709,0.2554864429045188,-0.16020723362584258,-0.06855496392565352,-0.7204058605407149,0.0000,1.0000,0.0500,9.413
2026-04-28 00:30:57.082,1197,0.30668517002660023,0.25524909551621033,-0.15995030885294803,-0.06817385598159832,-0.7202746435762041,0.0000,0.9000,-0.3000,8.902
2026-04-28 00:30:57.109,1198,0.3072381379533144,0.2550108649043896,-0.1596922637577845,-0.06779160921598085,-0.7201430780043836,0.0000,1.0000,0.3500,10.576
2026-04-28 00:30:57.132,1199,0.3077942093706977,0.2547712781708446,-0.15943267233861383,-0.06740694958529748,-0.7200106450280908,0.0000,1.0000,0.2000,10.792
2026-04-28 00:30:57.155,1200,0.3083527048121495,0.25453095842538664,-0.15917249149794607,-0.0670210477752868,-0.7198777742127775,0.0000,1.0000,-0.0500,7.737
2026-04-28 00:30:57.179,1201,0.3089147090696205,0.2542892820477449,-0.15891103629596356,-0.06663328260725607,-0.7197443108742004,0.0000,0.9500,-0.0500,6.151
2026-04-28 00:30:57.207,1202,0.3094772305563856,0.25404766012857816,-0.15864982298345714,-0.066245548580687,-0.71961084948947,0.0000,0.7000,-0.1500,7.418
2026-04-28 00:30:57.232,1203,0.31004459170620324,0.2538040443883556,-0.15838640047494268,-0.06585418944287647,-0.7194760740021513,0.0000,1.0000,0.1000,8.535
2026-04-28 00:30:57.261,1204,0.3106133667391313,0.25355961430029766,-0.15812201069025003,-0.06546175160184838,-0.7193409627479846,0.0000,1.0000,0.0500,7.795
2026-04-28 00:30:57.286,1205,0.3111835706594034,0.2533150166355275,-0.15785762788169222,-0.06506855650785699,-0.7192055147593495,0.0000,0.7500,-0.0500,7.951
2026-04-28 00:30:57.308,1206,0.3117511367946088,0.25307122553370637,-0.1575939016369272,-0.06467672426101487,-0.7190705465514191,0.0000,0.8500,0.1500,7.723
2026-04-28 00:30:57.332,1207,0.3123226419801837,0.2528263433241667,-0.1573295249841931,-0.06428350791271713,-0.7189351590675901,0.0000,1.0000,-0.2000,10.825
2026-04-28 00:30:57.356,1208,0.31289267748936167,0.2525817481228012,-0.15706532613696259,-0.06389117607019092,-0.7188001420825343,0.0000,1.0000,0.1500,10.248
2026-04-28 00:30:57.379,1209,0.3134675672517332,0.25233533782225187,-0.15679940773497764,-0.06349611473459825,-0.7186642141237032,0.0000,1.0000,0.0000,9.538
2026-04-28 00:30:57.402,1210,0.31404795120355583,0.25208661592337794,-0.1565310000978081,-0.06309725169716779,-0.718526963211527,0.0000,1.0000,0.0500,6.479
2026-04-28 00:30:57.427,1211,0.31463021850021455,0.25183744187104984,-0.15626240385621257,-0.0626978287956264,-0.7183895454036815,0.0000,1.0000,-0.0500,10.895
2026-04-28 00:30:57.450,1212,0.31521170178553004,0.25158825626406595,-0.15599352019543616,-0.06229829294551767,-0.7182520740082686,0.0000,0.9500,0.0000,7.313
2026-04-28 00:30:57.471,1213,0.31579305001102426,0.2513390889131849,-0.15572435656354605,-0.06189777896912382,-0.718114108983769,0.0000,0.9000,0.1500,7.468
2026-04-28 00:30:57.493,1214,0.3163731067234579,0.2510905901941318,-0.15545612979349702,-0.06149882985856244,-0.7179767592323391,0.0000,1.0000,0.0000,11.804
2026-04-28 00:30:57.515,1215,0.3169576587990765,0.2508399740138334,-0.1551855183820547,-0.06109662450102961,-0.7178383107208733,0.0000,1.0000,0.1500,10.866
2026-04-28 00:30:57.539,1216,0.3175448687053134,0.25058799605925636,-0.15491343344727485,-0.06069281467409402,-0.7176994004164425,0.0000,1.0000,0.1500,10.506
2026-04-28 00:30:57.562,1217,0.31813432102798406,0.2503350578704804,-0.15464016176788317,-0.06028690393316043,-0.7175596797117566,0.0000,0.9500,0.1500,7.634
2026-04-28 00:30:57.584,1218,0.3187250946281903,0.2500811154914239,-0.1543655990049024,-0.05987978038379731,-0.7174196036486472,0.0000,1.0000,0.4500,12.276
2026-04-28 00:30:57.608,1219,0.3193186600272173,0.24982625270850486,-0.15409031526858621,-0.059471456065831145,-0.7172791573004498,0.0000,1.0000,0.1000,9.495
2026-04-28 00:30:57.632,1220,0.3199147263075073,0.2495700323702091,-0.15381345338953567,-0.05906129666713934,-0.717138132799008,0.0000,1.0000,0.2000,8.670
2026-04-28 00:30:57.657,1221,0.320511260202471,0.24931356894251774,-0.1535363732454624,-0.0586510249607481,-0.7169971129143653,0.0000,0.8500,-0.0500,8.420
2026-04-28 00:30:57.681,1222,0.32111255473709954,0.2490548880416716,-0.15325679396830977,-0.05823727578299178,-0.7168549086606544,0.0000,1.0000,0.3000,8.909
2026-04-28 00:30:57.704,1223,0.3217192080734433,0.24879397031694242,-0.15297505835758388,-0.057820736911284344,-0.7167118687642893,0.0000,1.0000,0.0500,11.219
2026-04-28 00:30:57.728,1224,0.3223264235487148,0.24853316453412555,-0.1526937287260694,-0.057404495809804015,-0.7165689497659351,0.0000,0.8000,-0.1500,10.086
2026-04-28 00:30:57.753,1225,0.3229389766576282,0.24826990815589062,-0.15240990792217454,-0.05698532964660929,-0.716425180883978,0.0000,1.0000,0.2000,14.220
2026-04-28 00:30:57.774,1226,0.3235529586142595,0.24800617804054886,-0.15212562861580867,-0.05656523002673724,-0.7162810637063827,0.0000,0.9000,0.0500,8.871
2026-04-28 00:30:57.803,1227,0.32416409361501214,0.247743510191404,-0.1518426370121561,-0.05614777975683854,-0.7161380056356723,0.0000,1.0000,0.1500,9.672
2026-04-28 00:30:57.824,1228,0.32477744294563826,0.2474796299956402,-0.15155798725427316,-0.05572778829243833,-0.7159939800528367,0.0000,1.0000,0.2500,8.835
2026-04-28 00:30:57.848,1229,0.32539213783796234,0.2472150304320433,-0.15127241247131615,-0.05530647145594121,-0.7158494716244044,0.0000,1.0000,0.2000,9.252
2026-04-28 00:30:57.872,1230,0.3260110406551298,0.246948916849574,-0.15098545112280895,-0.05488287369800598,-0.7157042012384874,0.0000,1.0000,0.0000,8.427
2026-04-28 00:30:57.893,1231,0.3266303382067438,0.24668270416396015,-0.15069846157771932,-0.0544592226769547,-0.7155589289953371,0.0000,0.9000,0.0000,8.147
2026-04-28 00:30:57.916,1232,0.32724776290777946,0.24641753033362773,-0.1504128429816682,-0.054037535670283174,-0.7154143790441168,0.0000,0.8500,-0.2500,8.993
2026-04-28 00:30:57.941,1233,0.3278721338327924,0.24614926061600076,-0.15012407068832812,-0.05361189695809635,-0.7152686272105444,0.0000,1.0000,0.3500,11.416
2026-04-28 00:30:57.962,1234,0.3284983428651629,0.24588026118502082,-0.14983467011801732,-0.05318552463847283,-0.7151226910001952,0.0000,1.0000,-0.0500,10.975
2026-04-28 00:30:57.985,1235,0.3291249850091498,0.24561114877185264,-0.1495452206590592,-0.05275904872658833,-0.7149767312378867,0.0000,0.9000,0.1000,8.170
2026-04-28 00:30:58.008,1236,0.3297545878959014,0.24534073594482436,-0.14925436767190964,-0.052330570957764624,-0.7148300956492186,0.0000,1.0000,0.0500,8.990
2026-04-28 00:30:58.029,1237,0.3303876668636644,0.24506944319502186,-0.1489630778208048,-0.05190096035069482,-0.7146831136207862,0.0000,0.8500,-0.3000,8.284
2026-04-28 00:30:58.053,1238,0.33101842551633454,0.24479934299258785,-0.14867314279262106,-0.0514729858107763,-0.7145366514877725,0.0000,0.7000,-0.1000,8.427
2026-04-28 00:30:58.078,1239,0.3316507871661891,0.24452857219469815,-0.1483824631189636,-0.051043814322866435,-0.714389758528332,0.0000,1.0000,0.0500,7.620
2026-04-28 00:30:58.103,1240,0.33228637908799474,0.24425692624418632,-0.14809120657435126,-0.05061324670396346,-0.7142423862902748,0.0000,1.0000,-0.1000,5.702
2026-04-28 00:30:58.127,1241,0.33292516320224,0.24398404025736825,-0.1477987507552136,-0.050180865170390845,-0.7140944171027029,0.0000,1.0000,0.0500,9.355
2026-04-28 00:30:58.150,1242,0.3335732297347969,0.24370757243127603,-0.14750303601677853,-0.04974393564136676,-0.7139450693759862,0.0000,1.0000,-0.1500,8.916
2026-04-28 00:30:58.173,1243,0.3342228852395814,0.24343039031890343,-0.14720657788828762,-0.04930605143087507,-0.7137954228788868,0.0000,1.0000,0.1000,10.036
2026-04-28 00:30:58.196,1244,0.3348704263720163,0.2431536556452294,-0.14691062171128008,-0.04887017888178611,-0.7136466703516131,0.0000,1.0000,0.1500,11.865
2026-04-28 00:30:58.218,1245,0.3355194221050089,0.24287609658022674,-0.1466136501414053,-0.04843305331264245,-0.7134974974109616,0.0000,1.0000,0.2500,8.839
2026-04-28 00:30:58.240,1246,0.33616854184817685,0.24259825529114826,-0.14631621780413914,-0.04799550587318131,-0.7133481840900052,0.0000,1.0000,0.2000,11.100
2026-04-28 00:30:58.260,1247,0.33682212524998645,0.24231882846277963,-0.146017245305398,-0.047555177457174566,-0.713197876664451,0.0000,0.9500,-0.1500,8.930
2026-04-28 00:30:58.281,1248,0.33747899567106093,0.24203835002231,-0.1457173754177607,-0.047113092462771754,-0.7130469538515937,0.0000,0.9000,-0.1000,7.734
2026-04-28 00:30:58.303,1249,0.3381360725368843,0.24175745417994002,-0.1454168669994738,-0.04667051666834547,-0.7128958899880863,0.0000,1.0000,0.1500,9.486
2026-04-28 00:30:58.325,1250,0.3388010377605189,0.24147335694008254,-0.14511316354785617,-0.04622329399808541,-0.7127433030349372,0.0000,1.0000,0.0500,9.821
2026-04-28 00:30:58.362,1251,0.3394676289541145,0.24118880901513245,-0.14480905466685165,-0.04577499281135033,-0.7125902894937434,0.0000,0.8500,-0.0500,7.816
2026-04-28 00:30:58.398,1252,0.3401306698405513,0.24090541190629802,-0.1445056110175672,-0.04532738369571607,-0.712437334283007,0.0000,0.7000,0.2000,7.624
2026-04-28 00:30:58.426,1253,0.3407999819345243,0.24061949090950793,-0.14419958084885362,-0.04487580012936501,-0.7122830228178532,0.0000,1.0000,0.2000,7.696
2026-04-28 00:30:58.450,1254,0.3414680165022463,0.24033444946870675,-0.1438946406079063,-0.044425264289086386,-0.7121290153257059,0.0000,0.7000,-0.2000,7.160
2026-04-28 00:30:58.472,1255,0.3421303130414448,0.24005202065355175,-0.1435925668232064,-0.04397868328717078,-0.7119763320953117,0.0000,0.7000,-0.1000,8.498
2026-04-28 00:30:58.495,1256,0.3428010794055822,0.2397666228812872,-0.143287829309668,-0.04352758548762828,-0.7118221327043799,0.0000,1.0000,-0.2000,10.306
2026-04-28 00:30:58.521,1257,0.34347381559405743,0.2394804294421285,-0.14298238625966295,-0.04307565106245896,-0.7116677139163716,0.0000,1.0000,0.1000,7.895
2026-04-28 00:30:58.542,1258,0.34414202813446537,0.23919586310342408,-0.14267849107798383,-0.0426263840206841,-0.7115142220439752,0.0000,1.0000,0.2000,6.934
2026-04-28 00:30:58.566,1259,0.344815026434737,0.23890940400125357,-0.14237259329353816,-0.04217380831337343,-0.7113595490287201,0.0000,0.9000,-0.0500,10.533
2026-04-28 00:30:58.592,1260,0.34548993410278245,0.23862232754182833,-0.1420661782196977,-0.04172025999253342,-0.7112045440450712,0.0000,0.9000,-0.1000,8.288
2026-04-28 00:30:58.613,1261,0.3461585860772604,0.23833762424951632,-0.14176202287798523,-0.04127021897751016,-0.7110506994216236,0.0000,0.7500,0.1500,9.558
2026-04-28 00:30:58.637,1262,0.34682620287396926,0.23805343689848224,-0.14145853014203705,-0.04082120556908487,-0.7108972396152408,0.0000,0.9500,0.1000,10.571
2026-04-28 00:30:58.660,1263,0.3474974294473391,0.23776739104674766,-0.141153078701125,-0.04037021676383176,-0.710743256734718,0.0000,1.0000,0.1000,10.513
2026-04-28 00:30:58.683,1264,0.34816569795504526,0.23748256462351977,-0.14084887787274364,-0.039921069491287216,-0.7105898897625355,0.0000,1.0000,-0.1000,10.552
2026-04-28 00:30:58.707,1265,0.34883803328396346,0.23719673118680829,-0.1405440610704419,-0.0394700935154619,-0.7104358601912091,0.0000,1.0000,-0.2000,5.203
2026-04-28 00:30:58.730,1266,0.3495136588423972,0.23690959552096866,-0.1402378223090469,-0.039016679875585394,-0.710280937344278,0.0000,0.9500,0.0000,8.160
2026-04-28 00:30:58.759,1267,0.3501912904853065,0.23662158296411473,-0.13993068658609883,-0.03856208908501083,-0.7101256451439033,0.0000,1.0000,0.0500,8.972
2026-04-28 00:30:58.781,1268,0.35087612405939084,0.23633109117170814,-0.13962135592017702,-0.03810368813527038,-0.7099690676719983,0.0000,1.0000,-0.1500,8.175
2026-04-28 00:30:58.803,1269,0.35155793367171706,0.23604200192100572,-0.13931361500289366,-0.03764753503106512,-0.7098132634866119,0.0000,0.7500,-0.2500,10.008
2026-04-28 00:30:58.827,1270,0.3522435085671636,0.23575117501003662,-0.13900410473954997,-0.037189319307953654,-0.7096568624060284,0.0000,1.0000,0.1000,7.310
2026-04-28 00:30:58.851,1271,0.3529306678529612,0.2354599836201722,-0.13869429761483845,-0.03673003865245247,-0.7095000199781756,0.0000,0.9000,-0.2000,8.239
2026-04-28 00:30:58.873,1272,0.35362709493233696,0.23516506149685662,-0.1383808310123386,-0.03626549403372161,-0.7093414782512841,0.0000,1.0000,0.1000,12.304
2026-04-28 00:30:58.896,1273,0.3543256817693882,0.2348697731940514,-0.13806732921594259,-0.03580020745217785,-0.709182657087084,0.0000,0.8500,-0.1000,7.943
2026-04-28 00:30:58.919,1274,0.3550284997668232,0.2345726106163716,-0.1377520098696854,-0.035332839609184354,-0.7090232638601145,0.0000,1.0000,0.1000,14.366
2026-04-28 00:30:58.941,1275,0.3557301319972802,0.23427606416813462,-0.13743753161844346,-0.03486682633796195,-0.7088643938859183,0.0000,0.8500,0.0000,10.909
2026-04-28 00:30:58.966,1276,0.35643377864033227,0.2339786560860773,-0.1371220881353917,-0.03439929544735841,-0.7087049805097463,0.0000,1.0000,0.1000,10.129
2026-04-28 00:30:58.990,1277,0.3571448150062023,0.23367807956913306,-0.13680323330286503,-0.03392671692264708,-0.7085438354245129,0.0000,1.0000,-0.0500,10.799
2026-04-28 00:30:59.014,1278,0.35785778069986274,0.23337714792259134,-0.13648409822246152,-0.03345269354441682,-0.7083820566942012,0.0000,0.6000,-0.2500,7.715
2026-04-28 00:30:59.039,1279,0.3585746582313257,0.23307438576976722,-0.13616292809405667,-0.032975924025396675,-0.7082193625193576,0.0000,1.0000,0.2500,10.672
2026-04-28 00:30:59.061,1280,0.3592957538195512,0.23276990129026573,-0.13584009000459818,-0.03249687324174432,-0.7080559582931703,0.0000,1.0000,0.2000,12.127
2026-04-28 00:30:59.082,1281,0.36001527159575547,0.23246617537831965,-0.13551809082366384,-0.03201889459548093,-0.7078929004931022,0.0000,0.7000,0.0500,9.866
2026-04-28 00:30:59.105,1282,0.36073870981085726,0.23216054130931582,-0.13519409346531377,-0.03153869072690632,-0.7077292071204667,0.0000,1.0000,0.2000,8.349
2026-04-28 00:30:59.129,1283,0.36146673827123604,0.23185274285959487,-0.1348678531134388,-0.03105588624604177,-0.7075647545361996,0.0000,1.0000,0.1500,11.283
2026-04-28 00:30:59.151,1284,0.36219471040375667,0.23154456074346227,-0.1345408916830502,-0.030572413583979247,-0.7074000637772804,0.0000,1.0000,0.3000,9.888
2026-04-28 00:30:59.172,1285,0.36291901393295656,0.2312379152191373,-0.13421543192284202,-0.030090918526872398,-0.7072359776722409,0.0000,0.9500,0.1500,9.682
2026-04-28 00:30:59.196,1286,0.3636401635192933,0.2309323774835052,-0.13389116228012485,-0.02961183034002112,-0.7070728180545195,0.0000,0.9500,0.0000,11.153
2026-04-28 00:30:59.221,1287,0.3643526020942388,0.23063025427343228,-0.13357028254268238,-0.02913797214799051,-0.7069114198021916,0.0000,1.0000,-0.1000,5.814
2026-04-28 00:30:59.242,1288,0.36505388187436244,0.23033287402358438,-0.133254217858614,-0.028670697763280368,-0.7067521277128502,0.0000,0.9500,-0.2000,6.368
2026-04-28 00:30:59.263,1289,0.3657447906688713,0.2300395423367033,-0.13294237474102663,-0.028210424038733195,-0.7065953238122403,0.0000,0.9500,0.0000,8.555
2026-04-28 00:30:59.286,1290,0.36642472500762757,0.22975040683543732,-0.13263449636978103,-0.027756138093430322,-0.7064404647542496,0.0000,1.0000,-0.0500,10.043
2026-04-28 00:30:59.309,1291,0.3670943062486157,0.22946488546025334,-0.1323300490926574,-0.02730809954050608,-0.7062878258603376,0.0000,1.0000,0.3500,14.892
2026-04-28 00:30:59.332,1292,0.3677533793903259,0.22918344294307286,-0.13202955299364544,-0.02686606041034603,-0.7061371669627254,0.0000,1.0000,0.1500,10.589
2026-04-28 00:30:59.358,1293,0.36840194905543644,0.22890601804837,-0.13173284672688254,-0.02642972668686636,-0.7059883563622615,0.0000,1.0000,0.2000,11.773
2026-04-28 00:30:59.383,1294,0.36904060517342036,0.22863265470669633,-0.13144031798876743,-0.025999641389509904,-0.7058416545860379,0.0000,1.0000,0.1000,9.229
2026-04-28 00:30:59.405,1295,0.3696689181402035,0.22836329269756242,-0.131151519632392,-0.02557494006691308,-0.7056966444635036,0.0000,0.7500,-0.2000,8.160
2026-04-28 00:30:59.427,1296,0.37028778687262376,0.22809807926021328,-0.13086720243725977,-0.025156637281830964,-0.7055537964662332,0.0000,1.0000,-0.1000,9.583
2026-04-28 00:30:59.449,1297,0.370897217278063,0.22783653755648536,-0.13058658676748286,-0.02474424874322929,-0.7054129876582588,0.0000,1.0000,0.0500,9.599
2026-04-28 00:30:59.474,1298,0.3714968998708222,0.227578716927979,-0.13030947301951873,-0.024337136532074796,-0.7052738867446716,0.0000,1.0000,-0.0500,7.684
2026-04-28 00:30:59.494,1299,0.37208740361347914,0.22732497585931682,-0.13003671194592506,-0.023935992314348134,-0.7051367499373145,0.0000,1.0000,0.0000,7.466
2026-04-28 00:30:59.518,1300,0.3726684131502371,0.22707473514093388,-0.12976715920663645,-0.023539863510666458,-0.7050012457488948,0.0000,1.0000,0.2000,6.142
2026-04-28 00:30:59.540,1301,0.3732405317983165,0.22682835501921883,-0.129501693073524,-0.02314949580448325,-0.70486765695955,0.0000,1.0000,-0.0500,6.239
2026-04-28 00:30:59.563,1302,0.37380374286355245,0.2265855700568617,-0.129239840916625,-0.022764498938495848,-0.7047358547999639,0.0000,1.0000,0.1000,9.955
2026-04-28 00:30:59.586,1303,0.3743582102132689,0.22634611980830097,-0.12898125891809378,-0.02238472942912421,-0.7046058326397443,0.0000,0.8500,0.0500,9.923
2026-04-28 00:30:59.609,1304,0.37490404546137546,0.22611005796519745,-0.12872604056622425,-0.02201013466643861,-0.7044775507510185,0.0000,1.0000,0.0500,8.629
2026-04-28 00:30:59.631,1305,0.37544152812923093,0.22587733292351475,-0.12847423426594118,-0.021640836693374466,-0.7043510830562706,0.0000,1.0000,0.1000,12.403
2026-04-28 00:30:59.652,1306,0.37595625034038394,0.22564779044003144,-0.12822206695564722,-0.021262224955144553,-0.7042228367485676,0.0000,1.0000,0.1000,9.345
2026-04-28 00:30:59.684,1307,0.3764442743619451,0.2254208655887129,-0.1279675754741891,-0.02086980301675483,-0.7040916457122928,0.0000,1.0000,0.3500,9.754
2026-04-28 00:30:59.707,1308,0.37690029871355535,0.22519745022999516,-0.12771082050308505,-0.020458585336363005,-0.7039561832499477,0.0000,0.8500,-0.1000,7.840
2026-04-28 00:30:59.729,1309,0.37733217559622123,0.22497718222955437,-0.1274531546244024,-0.020036023162997442,-0.7038182963005484,0.0000,1.0000,0.0000,10.749
2026-04-28 00:30:59.750,1310,0.3777375244354841,0.2247601180843234,-0.12719400281044846,-0.01959954888669843,-0.7036772769791337,0.0000,0.9000,0.0000,9.682
2026-04-28 00:30:59.773,1311,0.37811868914190977,0.2245460046268466,-0.12693374461862575,-0.01915135737237987,-0.7035338372040987,0.0000,1.0000,0.1000,9.441
2026-04-28 00:30:59.796,1312,0.37846868936354155,0.22433479845013837,-0.1266703175196401,-0.018684085990151374,-0.7033859328772892,0.0000,0.9000,0.1000,8.976
2026-04-28 00:30:59.818,1313,0.37878861836695504,0.22412635280707424,-0.12640401422450057,-0.018198789915934873,-0.703234030851253,0.0000,1.0000,0.2000,9.162
2026-04-28 00:30:59.841,1314,0.37908239070500954,0.22392124503016417,-0.12613661562163148,-0.017699467385804406,-0.7030790007261886,0.0000,0.7500,-0.2500,6.804
2026-04-28 00:30:59.866,1315,0.37935428511423913,0.22371890963413962,-0.12586834012463766,-0.017189960285126097,-0.7029218645334845,0.0000,1.0000,-0.1000,8.767
2026-04-28 00:30:59.889,1316,0.37960010300357205,0.22351961502112655,-0.1255984041955943,-0.01666594562989804,-0.7027613921910599,0.0000,0.8500,-0.1500,10.356
2026-04-28 00:30:59.911,1317,0.3798196645898838,0.22332341723060478,-0.12532683526709323,-0.01612711515373153,-0.7025974837904342,0.0000,0.9500,0.0500,7.907
2026-04-28 00:30:59.933,1318,0.3800195435721265,0.22312996186787298,-0.12505480682818906,-0.015579769732370975,-0.702431801780089,0.0000,1.0000,0.0500,9.484
2026-04-28 00:30:59.954,1319,0.3801993685201314,0.22293920787266683,-0.12478197502332877,-0.015023223102736558,-0.7022640219017323,0.0000,1.0000,0.2500,8.737
2026-04-28 00:30:59.980,1320,0.3803570298129606,0.22275111620801702,-0.1245079404667277,-0.01445535475029139,-0.7020937619617948,0.0000,1.0000,0.0000,10.782
2026-04-28 00:31:00.002,1321,0.38049194681618126,0.22256564679013668,-0.12423248506293803,-0.013875415224270113,-0.7019208232477193,0.0000,1.0000,0.1000,8.329
2026-04-28 00:31:00.026,1322,0.38060860438452027,0.22238265800502235,-0.12395664570299052,-0.01328778460345229,-0.7017464149398935,0.0000,1.0000,-0.1000,8.148
2026-04-28 00:31:00.048,1323,0.3807067270024396,0.22220262612016103,-0.12368081161271931,-0.012692086067919375,-0.7015701723332478,0.0000,0.9000,-0.2000,6.977
2026-04-28 00:31:00.073,1324,0.380785152226723,0.22202530026962633,-0.12340454409791461,-0.012087081928978054,-0.7013919940957336,0.0000,1.0000,0.0500,6.683
2026-04-28 00:31:00.097,1325,0.3808466754829355,0.221850125644278,-0.12312765729845428,-0.0114751178062535,-0.7012124882282619,0.0000,1.0000,0.3000,11.454
2026-04-28 00:31:00.119,1326,0.38088906776607456,0.22167737803856458,-0.12284994344479096,-0.010853922780851429,-0.7010309954922253,0.0000,1.0000,0.1000,8.872
2026-04-28 00:31:00.144,1327,0.3809141548319883,0.22150712623315405,-0.12257194921112372,-0.010225220133848672,-0.7008479221800946,0.0000,1.0000,-0.1000,10.557
2026-04-28 00:31:00.167,1328,0.38091984217572844,0.22133902313629547,-0.1222926935567515,-0.009586667774205488,-0.7006627712362298,0.0000,1.0000,0.1000,11.195
2026-04-28 00:31:00.188,1329,0.3809053432496722,0.22117303599249474,-0.1220117932052004,-0.008937230022025691,-0.700475172414621,0.0000,1.0000,0.4000,6.301
2026-04-28 00:31:00.208,1330,0.3808762543539998,0.22100903304152966,-0.12173040030728283,-0.008282276962036181,-0.7002864399451786,0.0000,1.0000,0.1500,11.174
2026-04-28 00:31:00.230,1331,0.3808300163048274,0.22084688193078145,-0.1214477936927812,-0.0076191578631895004,-0.7000960161587965,0.0000,1.0000,0.2000,9.648
2026-04-28 00:31:00.254,1332,0.38076463216911816,0.2206870678172111,-0.12116406563115474,-0.006945892076570463,-0.6999032310870927,0.0000,1.0000,0.2000,10.150
2026-04-28 00:31:00.279,1333,0.3806863888075163,0.22052935130552956,-0.12088067623333645,-0.006268729207585421,-0.6997098699490705,0.0000,1.0000,-0.0500,9.869
2026-04-28 00:31:00.301,1334,0.3805907345180602,0.22037359580404609,-0.12059628015988774,-0.005582933421968354,-0.6995147588177365,0.0000,1.0000,0.1000,11.925
2026-04-28 00:31:00.327,1335,0.38048296138841686,0.22021987637840587,-0.12031218802465769,-0.004893622226881162,-0.699319062735508,0.0000,1.0000,-0.0500,9.593
2026-04-28 00:31:00.350,1336,0.38036057020275815,0.22006826521094064,-0.12002793578409318,-0.00419826406070866,-0.6991221769069644,0.0000,1.0000,-0.0500,10.473
2026-04-28 00:31:00.373,1337,0.3802258227402125,0.2199185259771418,-0.11974379199414115,-0.0034989398485863977,-0.6989246923836214,0.0000,1.0000,0.0000,10.585
2026-04-28 00:31:00.399,1338,0.3800772947515874,0.21977093845723347,-0.11945957280038805,-0.002794060122943133,-0.698725974129403,0.0000,0.9000,0.0500,6.422
2026-04-28 00:31:00.420,1339,0.37991403853235306,0.21962567717713152,-0.11917547721623087,-0.0020827982312799044,-0.6985259283301758,0.0000,0.9000,-0.3000,7.525
2026-04-28 00:31:00.444,1340,0.3797363007796454,0.21948260438510106,-0.11889129771572118,-0.0013651779882812864,-0.6983245235145172,0.0000,0.8500,-0.2000,10.804
2026-04-28 00:31:00.468,1341,0.3795486973668704,0.2193412757065265,-0.11860758241678712,-6.455392599928596E-4,-0.6981229442477983,0.0000,1.0000,0.1000,11.391
2026-04-28 00:31:00.490,1342,0.3793490180141405,0.2192017691221103,-0.11832387584109756,7.840600006590035E-5,-0.6979205884178711,0.0000,1.0000,0.1000,10.198
2026-04-28 00:31:00.515,1343,0.3791368123413293,0.21906456752332915,-0.11804078761400341,8.069677603616851E-4,-0.6977173120950496,0.0000,1.0000,0.0500,6.389
2026-04-28 00:31:00.540,1344,0.3789152389535228,0.21892922731541495,-0.11775843794018669,0.0015373103072458504,-0.6975138720966135,0.0000,1.0000,0.1500,9.818
2026-04-28 00:31:00.562,1345,0.37868156861957397,0.21879582316308196,-0.11747620162883424,0.0022722658263324533,-0.6973095028868173,0.0000,0.8500,-0.0500,9.483
2026-04-28 00:31:00.589,1346,0.3784384294414909,0.218664428876076,-0.1171946603537075,0.0030094131008325913,-0.6971046475021604,0.0000,0.9500,0.0000,7.590
2026-04-28 00:31:00.611,1347,0.3781862564004849,0.218534911174667,-0.11691395851929982,0.0037482888393211757,-0.6968996227629277,0.0000,1.0000,0.0000,8.939
2026-04-28 00:31:00.641,1348,0.3779245984785169,0.2184072436110954,-0.1166338751017786,0.004489504272119243,-0.6966942202256795,0.0000,1.0000,0.0000,7.857
2026-04-28 00:31:00.662,1349,0.37765263204004124,0.21828109292765044,-0.11635376602146598,0.005234091019609536,-0.6964882690124262,0.0000,1.0000,0.0000,12.088
2026-04-28 00:31:00.683,1350,0.37737129990105434,0.2181564355011251,-0.116073706922591,0.005981307145039395,-0.6962818539176027,0.0000,1.0000,0.3000,9.931
2026-04-28 00:31:00.705,1351,0.37707889841540126,0.21803345421145492,-0.11579373000754467,0.006732705846532278,-0.6960747069333612,0.0000,0.9500,-0.1000,9.546
2026-04-28 00:31:00.726,1352,0.37677643626528495,0.21791192046081612,-0.11551361977637017,0.0074875792665646855,-0.6958669299545,0.0000,1.0000,0.2000,10.319
2026-04-28 00:31:00.750,1353,0.37646687381720845,0.21779232219390326,-0.11523483429103129,0.008242819629798245,-0.69565922400649,0.0000,1.0000,0.1500,10.519
2026-04-28 00:31:00.771,1354,0.37614471304362634,0.2176744275600088,-0.11495570781864489,0.00900407977413705,-0.6954502463898506,0.0000,1.0000,0.0000,9.079
2026-04-28 00:31:00.793,1355,0.37581438099137343,0.2175586174495356,-0.1146779209787266,0.009766823052963548,-0.6952410820169739,0.0000,0.9000,-0.2000,6.423
2026-04-28 00:31:00.815,1356,0.3754740048317025,0.21744414809581386,-0.11439976622928998,0.01053347474642882,-0.6950311149899316,0.0000,1.0000,0.3000,10.883
2026-04-28 00:31:00.839,1357,0.37512452193758233,0.21733089817433487,-0.11412129710419643,0.011303237597842236,-0.6948205571834911,0.0000,1.0000,0.2500,8.350
2026-04-28 00:31:00.866,1358,0.3747669308881706,0.21721915435375214,-0.11384324724242519,0.012075005690742264,-0.694609688942482,0.0000,1.0000,0.1500,9.216
2026-04-28 00:31:00.889,1359,0.3743993310666303,0.21710920018261984,-0.113565451862975,0.01285070782952813,-0.69439789722127,0.0000,0.6500,-0.1500,7.132
2026-04-28 00:31:00.914,1360,0.37402662752025057,0.2170007048146591,-0.11328886911726048,0.013625498694950344,-0.6941866138430132,0.0000,1.0000,-0.1000,10.142
2026-04-28 00:31:00.936,1361,0.3736479245141987,0.2168934435386648,-0.11301299694778849,0.014400414902652942,-0.6939756515583165,0.0000,1.0000,0.1000,10.661
2026-04-28 00:31:00.957,1362,0.3732614519806545,0.2167873977633034,-0.11273723924422599,0.01517741092565766,-0.6937644202190182,0.0000,1.0000,0.1000,10.014
2026-04-28 00:31:00.978,1363,0.37286730614571223,0.21668244734129125,-0.11246137485185899,0.015956576030027824,-0.6935528572953733,0.0000,1.0000,0.2500,11.333
2026-04-28 00:31:01.002,1364,0.37246558214385184,0.21657877950461832,-0.11218564965236627,0.016737840790101557,-0.6933409065490582,0.0000,1.0000,0.1500,5.428
2026-04-28 00:31:01.026,1365,0.3720547956806444,0.2164761716105431,-0.11190940826456167,0.017522832336450876,-0.6931282256100622,0.0000,1.0000,0.3500,11.205
2026-04-28 00:31:01.049,1366,0.3716384505760236,0.2163749130347025,-0.11163397047109666,0.01830796452135256,-0.6929156795589384,0.0000,1.0000,0.1000,7.756
2026-04-28 00:31:01.073,1367,0.37121682278272405,0.21627498460093836,-0.11135919248450396,0.019093187308110136,-0.6927031330433935,0.0000,1.0000,0.0000,8.310
2026-04-28 00:31:01.096,1368,0.3707894074371371,0.21617626504694054,-0.11108500790414828,0.019878940906547196,-0.6924906815321301,0.0000,1.0000,-0.0500,10.809
2026-04-28 00:31:01.117,1369,0.3703570522487424,0.21607883838163863,-0.1108117447581811,0.020664410593624644,-0.6922785073161399,0.0000,1.0000,0.0500,9.223
2026-04-28 00:31:01.141,1370,0.36992037530449123,0.2159822793901966,-0.11053898372989066,0.021449205757668222,-0.6920668094730563,0.0000,1.0000,0.2000,12.277
2026-04-28 00:31:01.165,1371,0.3694783313466216,0.21588708309502816,-0.11026713768608813,0.022234243891207504,-0.6918552391995796,0.0000,1.0000,-0.2000,8.443
2026-04-28 00:31:01.191,1372,0.36902921202764016,0.21579322948754115,-0.10999585326860521,0.023021224440875274,-0.6916434543009866,0.0000,1.0000,-0.0500,10.952
2026-04-28 00:31:01.215,1373,0.36857802480101026,0.21570039456518061,-0.10972572630429597,0.0238055011074253,-0.6914325180412628,0.0000,1.0000,0.1500,9.316
2026-04-28 00:31:01.236,1374,0.3681201860004596,0.21560856323668687,-0.1094557083389388,0.0245916312032653,-0.6912213863148752,0.0000,0.9500,0.0000,10.515
2026-04-28 00:31:01.258,1375,0.3676588415942474,0.21551832966360585,-0.10918752884875911,0.025376191533085547,-0.6910108793418526,0.0000,1.0000,-0.3000,7.476
2026-04-28 00:31:01.281,1376,0.36719370121621714,0.21542916184235686,-0.10892013253366642,0.026159946555865114,-0.6908007220838058,0.0000,1.0000,0.2000,11.317
2026-04-28 00:31:01.304,1377,0.36672394370907585,0.21534114590748651,-0.1086535005025719,0.026943688028052665,-0.6905907489703117,0.0000,1.0000,0.1500,12.093
2026-04-28 00:31:01.327,1378,0.3662505147870625,0.21525406190761961,-0.10838748773566428,0.027726679960350647,-0.6903811276932699,0.0000,1.0000,0.1500,12.720
2026-04-28 00:31:01.352,1379,0.3657718186435819,0.21516809924966704,-0.1081219751177274,0.02851048452926987,-0.6901714380699763,0.0000,0.9500,0.1000,7.827
2026-04-28 00:31:01.375,1380,0.36528985800799546,0.21508334260181342,-0.10785764345999362,0.02929307095947522,-0.6899622172066217,0.0000,1.0000,-0.1000,10.114
2026-04-28 00:31:01.400,1381,0.3648035486014975,0.21499926829045102,-0.10759343358713229,0.030075843380320027,-0.6897531749860637,0.0000,1.0000,0.3000,11.913
2026-04-28 00:31:01.422,1382,0.3643136455380579,0.21491627084961093,-0.10733012632161697,0.03085790431497727,-0.6895444842242894,0.0000,1.0000,-0.1500,3.711
2026-04-28 00:31:01.446,1383,0.3638217598325227,0.2148345377278721,-0.10706828144961639,0.0316377026086689,-0.6893364075722407,0.0000,1.0000,0.0000,12.168
2026-04-28 00:31:01.470,1384,0.3633274120607778,0.21475394880955812,-0.1068077139829419,0.032415739168211596,-0.6891289244923207,0.0000,1.0000,-0.1000,10.359
2026-04-28 00:31:01.492,1385,0.36283140586758256,0.2146745898545174,-0.10654880997610174,0.03319117492216395,-0.6889222769121858,0.0000,1.0000,-0.0500,8.733
2026-04-28 00:31:01.554,1386,0.36233238267439627,0.21459623972534328,-0.10629072135471991,0.0339656722629123,-0.6887159332087972,0.0000,1.0000,0.0500,8.878
2026-04-28 00:31:01.580,1387,0.3618293569082789,0.21451898450962975,-0.10603327484111935,0.034740269620510196,-0.6885095759471356,0.0000,0.8500,0.0500,8.809
2026-04-28 00:31:01.613,1388,0.36132120486373354,0.21444270760498507,-0.10577618415378741,0.03551606368481146,-0.6883030789487137,0.0000,0.9000,0.1000,5.926
2026-04-28 00:31:01.634,1389,0.3608117673434207,0.214367291780065,-0.10552028709235799,0.03628927907913116,-0.6880974412816283,0.0000,1.0000,0.0000,11.955
2026-04-28 00:31:01.656,1390,0.3602998862065577,0.21429272440808478,-0.10526515140898293,0.03706122809920983,-0.6878922352783331,0.0000,1.0000,0.1500,9.188
2026-04-28 00:31:01.681,1391,0.3597848140374686,0.2142189936902826,-0.10501052315099572,0.037832751671819605,-0.687687210539827,0.0000,1.0000,0.1500,10.357
2026-04-28 00:31:01.703,1392,0.35926475573559885,0.21414618706990804,-0.1047561394087951,0.0386056047852228,-0.6874819590593243,0.0000,0.8500,-0.0500,10.789
2026-04-28 00:31:01.723,1393,0.3587415184336932,0.21407459544892485,-0.1045028318925396,0.039377926655786474,-0.6872768624707127,0.0000,0.8000,-0.0500,9.437
2026-04-28 00:31:01.745,1394,0.35821634008264924,0.21400420127611366,-0.10425105883858826,0.04014839400727699,-0.6870723918197048,0.0000,0.9000,-0.1000,9.997
2026-04-28 00:31:01.766,1395,0.35768786653901236,0.21393458191446238,-0.10399978057430491,0.04091867131669247,-0.6868681280744691,0.0000,1.0000,0.0500,8.228
2026-04-28 00:31:01.788,1396,0.3571583137703775,0.21386582957262176,-0.10374974560143707,0.041686496145597884,-0.6866646683087843,0.0000,1.0000,0.1000,11.487
2026-04-28 00:31:01.810,1397,0.35662573409540205,0.2137977267147478,-0.10350008442981555,0.04245401387823047,-0.6864614564179794,0.0000,1.0000,0.0000,9.334
2026-04-28 00:31:01.834,1398,0.3560907761136204,0.21372996382900544,-0.10325037326152535,0.04322087127829707,-0.6862585201473985,0.0000,1.0000,0.5500,12.354
2026-04-28 00:31:01.858,1399,0.3555556753912793,0.2136625334960174,-0.10300116006871186,0.043984878935857466,-0.6860564060646264,0.0000,1.0000,0.4500,9.429
2026-04-28 00:31:01.880,1400,0.3550184389220473,0.21359633864481703,-0.10275352522331295,0.044747440983872344,-0.6858548278024289,0.0000,1.0000,-0.1500,8.531
2026-04-28 00:31:01.901,1401,0.3544801970052276,0.2135311588165497,-0.10250730003704475,0.04550767515782373,-0.6856539352003665,0.0000,1.0000,0.0500,9.566
2026-04-28 00:31:01.923,1402,0.35393886860815754,0.21346677831254712,-0.10226164641476924,0.046267806496197515,-0.6854532017332727,0.0000,1.0000,0.1500,11.264
2026-04-28 00:31:01.946,1403,0.35339785387504696,0.21340308257196844,-0.10201718674620243,0.04702457689369804,-0.685253409833764,0.0000,1.0000,-0.0500,10.222
2026-04-28 00:31:01.967,1404,0.35285532095246264,0.21334006329879682,-0.10177339507469163,0.0477799063038992,-0.685054034367828,0.0000,1.0000,0.0500,11.059
2026-04-28 00:31:01.988,1405,0.35231011756693936,0.21327781231138357,-0.10153017365430271,0.048534897935192695,-0.6848548284149389,0.0000,0.9500,0.0500,10.933
2026-04-28 00:31:02.009,1406,0.3517633442078974,0.2132163194085902,-0.10128773079622216,0.04928853594252209,-0.6846560043126327,0.0000,0.9000,0.1000,9.181
2026-04-28 00:31:02.032,1407,0.35121662854479474,0.2131551695562218,-0.10104594862098658,0.050039359731137725,-0.6844580556265103,0.0000,1.0000,0.4500,13.347
2026-04-28 00:31:02.054,1408,0.3506667730741804,0.21309455774065655,-0.10080416250018871,0.05079063269175567,-0.6842600143089624,0.0000,0.8500,0.2000,10.051
2026-04-28 00:31:02.078,1409,0.35011560433849515,0.21303447671390988,-0.10056298361753604,0.05154043620671148,-0.6840624916401334,0.0000,1.0000,0.2500,9.653
2026-04-28 00:31:02.100,1410,0.34956273839850277,0.21297521950776305,-0.10032275258408954,0.05228904614808283,-0.6838653780695053,0.0000,1.0000,-0.0500,10.173
2026-04-28 00:31:02.124,1411,0.3490091936591296,0.2129163704319126,-0.10008316154406323,0.05303563863932629,-0.6836689788220488,0.0000,1.0000,0.0000,9.813
2026-04-28 00:31:02.148,1412,0.3484558318705858,0.21285843051402323,-0.09984516658078234,0.05377914514577032,-0.6834734881417142,0.0000,1.0000,0.0000,5.554
2026-04-28 00:31:02.174,1413,0.3479023729655804,0.21280088015179163,-0.09960769812819059,0.054520316140080204,-0.6832786057224903,0.0000,1.0000,0.1500,10.885
2026-04-28 00:31:02.200,1414,0.347348484501731,0.212744118280284,-0.09937137127659466,0.0552592387287485,-0.683084338260826,0.0000,1.0000,0.1500,9.351
2026-04-28 00:31:02.222,1415,0.3467945141783474,0.21268793082243698,-0.09913602218232016,0.05599564943405392,-0.6828908331872522,0.0000,1.0000,-0.1000,8.217
2026-04-28 00:31:02.251,1416,0.3462388548682973,0.21263210915796757,-0.09890075842053683,0.05673143482218883,-0.6826975013135942,0.0000,1.0000,0.3000,8.187
2026-04-28 00:31:02.278,1417,0.3456827354765918,0.21257684827318654,-0.09866618325807495,0.057465298110535856,-0.6825046438788537,0.0000,1.0000,0.0500,10.670
2026-04-28 00:31:02.303,1418,0.345126269220266,0.21252214118212512,-0.09843242957417055,0.05819706950937141,-0.6823123948360831,0.0000,1.0000,0.0500,9.805
2026-04-28 00:31:02.331,1419,0.3445692261331019,0.21246848436810487,-0.09820024073305944,0.058926717336415926,-0.6821207435604758,0.0000,0.7000,-0.2000,7.821
2026-04-28 00:31:02.362,1420,0.3440116333715751,0.2124154585061506,-0.0979688723852671,0.059654552843928205,-0.6819295655649212,0.0000,1.0000,0.1000,8.026
2026-04-28 00:31:02.388,1421,0.3434537254223702,0.21236325483275623,-0.0977387753548932,0.060380192208788735,-0.6817390158305557,0.0000,1.0000,0.0000,8.959
2026-04-28 00:31:02.412,1422,0.3428955501421417,0.21231196179148584,-0.09750999072326905,0.061103656292666536,-0.6815489939199653,0.0000,0.8500,-0.0500,8.630
2026-04-28 00:31:02.435,1423,0.3423371558311292,0.21226136359317882,-0.09728230548203258,0.061824955459686436,-0.6813596017879304,0.0000,1.0000,0.0500,8.136
2026-04-28 00:31:02.459,1424,0.3417779497825747,0.21221155103747316,-0.09705549776784288,0.06254483413096298,-0.6811704727818643,0.0000,0.7500,0.0000,8.071
2026-04-28 00:31:02.482,1425,0.3412192676027602,0.21216211139597904,-0.09682949899361401,0.06326201854847578,-0.6809821489463231,0.0000,1.0000,0.1500,10.397
2026-04-28 00:31:02.508,1426,0.34066071990955465,0.2121134400846354,-0.09660485690227624,0.06397668715044406,-0.6807945765663007,0.0000,1.0000,-0.0500,8.454
2026-04-28 00:31:02.534,1427,0.34010256060075,0.2120649248374645,-0.09638054189188586,0.06468905982467048,-0.680607636229802,0.0000,1.0000,0.4500,11.278
2026-04-28 00:31:02.563,1428,0.33954439813061493,0.2120169646984305,-0.0961570151925024,0.06539938764647317,-0.6804211825150579,0.0000,0.9500,0.0500,6.948
2026-04-28 00:31:02.586,1429,0.33898682790181844,0.21196925579756654,-0.09593391225331843,0.06610730030501176,-0.6802352987116169,0.0000,1.0000,0.5500,8.500
2026-04-28 00:31:02.607,1430,0.3384300497166289,0.2119221903480718,-0.09571209655731525,0.06681224839475729,-0.6800502521375361,0.0000,1.0000,-0.1500,11.768
2026-04-28 00:31:02.629,1431,0.3378732153156387,0.21187556127864138,-0.0954910921308886,0.06751517262553551,-0.6798658696987202,0.0000,1.0000,0.1000,8.320
2026-04-28 00:31:02.651,1432,0.3373178452686313,0.21182946153200125,-0.09527146235062137,0.06821449677939151,-0.6796825677461262,0.0000,1.0000,0.1000,9.877
2026-04-28 00:31:02.677,1433,0.3367624787906896,0.21178398415825034,-0.09505287916506429,0.06891174255152897,-0.6794998711557929,0.0000,0.9500,0.0000,11.489
2026-04-28 00:31:02.703,1434,0.3362071250460162,0.21173931965853177,-0.09483556976750665,0.06960687931543046,-0.6793177139843916,0.0000,1.0000,0.0000,8.412
2026-04-28 00:31:02.726,1435,0.33565204494949147,0.21169535520226473,-0.09461937995010429,0.07029976745610604,-0.6791361039958195,0.0000,0.9000,-0.0500,11.490
2026-04-28 00:31:02.747,1436,0.33509781060163524,0.21165218337231254,-0.09440458546396889,0.07098981786131987,-0.6789551709018757,0.0000,1.0000,0.1500,9.996
2026-04-28 00:31:02.769,1437,0.33454371000939803,0.21160958840789212,-0.09419073333181557,0.07167783547044022,-0.6787747783089074,0.0000,1.0000,0.1000,7.061
2026-04-28 00:31:02.791,1438,0.3339912163305234,0.21156736446842267,-0.09397795134300067,0.07236241907309492,-0.6785953558154627,0.0000,1.0000,0.0500,9.683
2026-04-28 00:31:02.814,1439,0.3334395858483639,0.21152560467463402,-0.09376624028312508,0.07304425147981068,-0.6784167576786436,0.0000,1.0000,0.0000,7.335
2026-04-28 00:31:02.837,1440,0.3328883274244379,0.21148440475896058,-0.09355551387591284,0.07372388456705849,-0.6782387472788295,0.0000,0.9500,0.1000,11.058
2026-04-28 00:31:02.863,1441,0.33233790982189954,0.2114431566196935,-0.09334497197526065,0.07440118035798297,-0.6780614299789576,0.0000,1.0000,0.3500,12.477
2026-04-28 00:31:02.888,1442,0.33178901157303303,0.211401960459688,-0.09313504383012919,0.0750753450187486,-0.6778850781798358,0.0000,1.0000,0.2500,13.752
2026-04-28 00:31:02.912,1443,0.3312408676883198,0.21136121490066234,-0.09292607764866744,0.0757470129250782,-0.6777094357113239,0.0000,1.0000,0.1000,11.162
2026-04-28 00:31:02.935,1444,0.3306938098574221,0.21132111100333356,-0.0927184412906161,0.07641577976664422,-0.677534577493061,0.0000,1.0000,-0.1000,9.464
2026-04-28 00:31:02.957,1445,0.3301478272820025,0.21128173964347297,-0.09251232346133544,0.0770815880937609,-0.6773605496629596,0.0000,1.0000,-0.1500,6.461
2026-04-28 00:31:02.978,1446,0.32960267465724624,0.21124299001157268,-0.09230738735128934,0.07774484697520258,-0.6771871754657613,0.0000,1.0000,0.0000,8.529
2026-04-28 00:31:03.000,1447,0.3290586747768279,0.21120484933617434,-0.09210369317553507,0.07840526169375289,-0.6770145282061272,0.0000,1.0000,-0.2000,9.593
2026-04-28 00:31:03.023,1448,0.32851582454886535,0.21116661290386068,-0.09190017661115749,0.0790632132022006,-0.6768425946546973,0.0000,1.0000,0.4000,12.652
2026-04-28 00:31:03.048,1449,0.32797430518696524,0.21112927992937455,-0.09169848863902287,0.07971795521082532,-0.676671521083302,0.0000,1.0000,-0.0500,9.609
2026-04-28 00:31:03.073,1450,0.32743387977653954,0.21109233878804004,-0.09149775124546565,0.08037004124026169,-0.6765011911166714,0.0000,1.0000,0.1000,8.632
2026-04-28 00:31:03.101,1451,0.32689421342368047,0.21105538674573,-0.09129710867187606,0.08102016131821003,-0.6763313473857478,0.0000,1.0000,0.4500,10.404
2026-04-28 00:31:03.126,1452,0.3263557218877124,0.2110187221003346,-0.09109722920639897,0.0816676761434997,-0.6761622051058769,0.0000,1.0000,0.0500,9.731
2026-04-28 00:31:03.151,1453,0.3258186603652225,0.21098243981000286,-0.0908983735697956,0.0823122582943138,-0.6759938770190214,0.0000,1.0000,-0.1000,8.637
2026-04-28 00:31:03.177,1454,0.32528265156455144,0.2109464344913044,-0.09070023273405131,0.08295440161672726,-0.6758262067138613,0.0000,1.0000,-0.0500,9.290
2026-04-28 00:31:03.200,1455,0.3247474897977887,0.21091100037077176,-0.09050313820984726,0.08359422969145239,-0.6756590789847047,0.0000,0.9500,-0.0500,6.361
2026-04-28 00:31:03.222,1456,0.3242133759696851,0.21087612858329183,-0.09030722995307335,0.08423148163054818,-0.6754926417891854,0.0000,1.0000,-0.0500,10.755
2026-04-28 00:31:03.247,1457,0.32368065702170257,0.2108414139835247,-0.0901119357588611,0.08486607177906028,-0.6753269254239581,0.0000,1.0000,0.1000,9.974
2026-04-28 00:31:03.271,1458,0.3231493605470654,0.21080685480976402,-0.08991736834765689,0.08549790412287524,-0.6751620401137892,0.0000,1.0000,0.0000,10.534
2026-04-28 00:31:03.293,1459,0.3226187029619787,0.21077264751943878,-0.08972340419662188,0.08612785907546763,-0.6749975625885304,0.0000,1.0000,0.1500,10.204
2026-04-28 00:31:03.315,1460,0.3220890265303396,0.21073848885882676,-0.08952973182854718,0.08675571667972913,-0.6748336312663077,0.0000,1.0000,0.1500,8.864
2026-04-28 00:31:03.339,1461,0.3215602471768778,0.21070477624847414,-0.0893369783695288,0.08738133738498152,-0.6746702722319282,0.0000,1.0000,0.0500,9.548
2026-04-28 00:31:03.366,1462,0.3210323255741547,0.21067120952053808,-0.08914473513384993,0.08800488592942525,-0.6745075222146267,0.0000,1.0000,0.3500,9.775
2026-04-28 00:31:03.390,1463,0.3205055154536564,0.21063778521507423,-0.0889530651549013,0.0886261226776863,-0.6743454446734501,0.0000,1.0000,0.1500,10.504
2026-04-28 00:31:03.413,1464,0.31997972849979145,0.21060459687024602,-0.08876186899149642,0.08924527926741271,-0.6741837951671702,0.0000,1.0000,0.1500,10.092
2026-04-28 00:31:03.433,1465,0.31945495751047953,0.2105718412745991,-0.08857160018739631,0.08986215209342045,-0.6740227274343248,0.0000,1.0000,0.1000,5.452
2026-04-28 00:31:03.457,1466,0.31893156745358225,0.2105394122284193,-0.08838224890651213,0.09047639819092726,-0.6738623863853279,0.0000,1.0000,-0.0500,8.139
2026-04-28 00:31:03.484,1467,0.3184092719553027,0.21050720506830398,-0.088193472197054,0.09108846300425001,-0.6737025815787211,0.0000,1.0000,0.1500,11.305
2026-04-28 00:31:03.513,1468,0.31788814043460195,0.21047511840705987,-0.08800524837726457,0.09169825239209643,-0.673543438996036,0.0000,1.0000,0.0500,9.105
2026-04-28 00:31:03.533,1469,0.31736822563783834,0.2104431510054129,-0.0878175831062115,0.09230573355684715,-0.673384961804013,0.0000,1.0000,0.1500,11.038
2026-04-28 00:31:03.556,1470,0.31684949496418824,0.2104111046511074,-0.08763022659490549,0.09291100823407374,-0.6732271932460764,0.0000,1.0000,0.2500,13.749
2026-04-28 00:31:03.580,1471,0.3163321479740369,0.21037937479654278,-0.08744381573472927,0.09351369843275692,-0.6730701728133296,0.0000,1.0000,0.0000,11.127
2026-04-28 00:31:03.607,1472,0.31581652134732774,0.21034785878745751,-0.0872582751048118,0.09411353742606572,-0.6729139749079388,0.0000,1.0000,0.1500,9.091
2026-04-28 00:31:03.630,1473,0.31530189059390845,0.21031694800736997,-0.0870738546325248,0.09471119275902112,-0.6727582582860184,0.0000,0.8500,-0.1500,8.966
2026-04-28 00:31:03.652,1474,0.3147884617257778,0.21028613761954065,-0.08688990029085905,0.09530668317535261,-0.6726031221411284,0.0000,1.0000,0.0500,10.544
2026-04-28 00:31:03.677,1475,0.3142764492101518,0.21025552800811467,-0.08670672451856375,0.09589967093086671,-0.6724487243617784,0.0000,1.0000,0.0000,9.950
2026-04-28 00:31:03.701,1476,0.31376590631992585,0.21022501587858744,-0.08652412728683072,0.09649021443314244,-0.6722950159465054,0.0000,1.0000,0.1500,8.182
2026-04-28 00:31:03.725,1477,0.31325693609312527,0.2101946001761667,-0.08634218396362078,0.0970781833284033,-0.6721420699897632,0.0000,1.0000,0.1500,13.309
2026-04-28 00:31:03.748,1478,0.3127492960870509,0.2101646737571197,-0.08616137410348497,0.09766367583928133,-0.671989772963842,0.0000,0.9000,-0.2500,10.763
2026-04-28 00:31:03.769,1479,0.31224298778435516,0.21013513122585825,-0.08598148650199586,0.09824679868532028,-0.6718380680168045,0.0000,1.0000,-0.1000,11.224
2026-04-28 00:31:03.793,1480,0.3117380186009462,0.21010616483521052,-0.08580286113341218,0.09882742105961649,-0.6716870030588884,0.0000,1.0000,-0.1500,6.744
2026-04-28 00:31:03.815,1481,0.3112344811222185,0.21007717462972578,-0.08562462321405606,0.09940576109230737,-0.671536599610085,0.0000,1.0000,0.2000,11.475
2026-04-28 00:31:03.838,1482,0.3107323046986349,0.21004825849609965,-0.08544684158986023,0.09998190090218485,-0.6713867761112191,0.0000,1.0000,0.2500,10.308
2026-04-28 00:31:03.861,1483,0.31023142667923487,0.21001931787441017,-0.08526935843579188,0.10055595985099122,-0.6712375190557024,0.0000,1.0000,0.2500,13.378
2026-04-28 00:31:03.884,1484,0.3097317834524341,0.20999025545164132,-0.08509200127200045,0.10112807048606293,-0.6710887984645914,0.0000,1.0000,0.5500,11.583
2026-04-28 00:31:03.908,1485,0.3092333353478845,0.2099613672815905,-0.08491516432661664,0.10169816801523217,-0.670940561068733,0.0000,1.0000,0.0500,7.906
2026-04-28 00:31:03.930,1486,0.30873624389371984,0.20993265059876862,-0.08473893220042687,0.10226606504167461,-0.6707928922518085,0.0000,1.0000,0.1000,12.595
2026-04-28 00:31:03.952,1487,0.3082404591096277,0.20990410259640624,-0.08456328766700075,0.10283182463656776,-0.6706457756826829,0.0000,1.0000,0.1000,11.839
2026-04-28 00:31:03.974,1488,0.3077460898984869,0.20987572424439016,-0.08438831131945987,0.10339530698349608,-0.6704992872345118,0.0000,1.0000,0.2500,9.108
2026-04-28 00:31:03.996,1489,0.3072530220489981,0.2098476111329855,-0.08421405935852175,0.10395663633905264,-0.6703533365064561,0.0000,1.0000,0.3000,9.234
2026-04-28 00:31:04.020,1490,0.3067613217926779,0.20982005523406919,-0.08404099780426053,0.10451560205319671,-0.6702079483928581,0.0000,1.0000,-0.1500,8.420
2026-04-28 00:31:04.044,1491,0.3062711887028679,0.20979295021924957,-0.08386911157601433,0.10507199271126444,-0.6700632641852459,0.0000,1.0000,0.1000,9.933
2026-04-28 00:31:04.066,1492,0.3057823987334895,0.2097658949932891,-0.08369764202950157,0.10562632414909161,-0.6699191238086022,0.0000,1.0000,0.2500,9.614
2026-04-28 00:31:04.088,1493,0.3052948454315635,0.20973908422902615,-0.08352680052002419,0.10617865900926751,-0.6697754435814838,0.0000,1.0000,0.1500,6.742
2026-04-28 00:31:04.112,1494,0.3048086486998642,0.2097126144060069,-0.0833568157225328,0.1067287961043533,-0.6696323044774464,0.0000,1.0000,0.2000,8.413
2026-04-28 00:31:04.133,1495,0.30432346545513683,0.20968637954312125,-0.0831872900959485,0.10727726373401168,-0.6694894649897317,0.0000,1.0000,0.1500,11.107
2026-04-28 00:31:04.157,1496,0.30384005164828365,0.20966017987811075,-0.08301841995951999,0.10782317008570924,-0.6693474181876921,0.0000,1.0000,0.3000,12.287
2026-04-28 00:31:04.179,1497,0.30335750824419533,0.20963460607912804,-0.08285050953764286,0.10836741416533457,-0.6692055794436089,0.0000,0.8500,-0.0500,7.278
2026-04-28 00:31:04.200,1498,0.30287639666297184,0.20960974791827672,-0.08268408951143065,0.10890919467665597,-0.6690643419733038,0.0000,1.0000,-0.1000,9.966
2026-04-28 00:31:04.224,1499,0.30239690274654984,0.2095850029483959,-0.082518351843748,0.10944859706392233,-0.668923798645353,0.0000,1.0000,0.2000,12.351
2026-04-28 00:31:04.250,1500,0.3019187516079785,0.2095600741718939,-0.08235263387830234,0.1099861727235003,-0.6687837295762974,0.0000,1.0000,0.3000,10.602
2026-04-28 00:31:04.271,1501,0.30144221662367915,0.20953486535861077,-0.08218700792540802,0.11052158686607402,-0.6686443487389903,0.0000,1.0000,0.3500,11.935
2026-04-28 00:31:04.293,1502,0.300967294941497,0.20950987302744317,-0.08202221632766427,0.1110546044468827,-0.6685056510552254,0.0000,1.0000,0.0500,9.338
2026-04-28 00:31:04.316,1503,0.3004939170343036,0.2094850950469867,-0.08185824361559539,0.11158530082082796,-0.6683676216498103,0.0000,1.0000,0.0000,12.441
2026-04-28 00:31:04.342,1504,0.300021920159916,0.20946033024754687,-0.08169468528789668,0.11211399768077125,-0.668230155212201,0.0000,1.0000,0.2500,8.553
2026-04-28 00:31:04.370,1505,0.29955139629182076,0.20943557925338777,-0.08153156376645575,0.11264061253350276,-0.6680932707025643,0.0000,1.0000,0.3500,9.919
2026-04-28 00:31:04.396,1506,0.29908213440314013,0.20941103773720107,-0.08136907565997907,0.11316530234175662,-0.6679568687331248,0.0000,1.0000,-0.1000,8.087
2026-04-28 00:31:04.419,1507,0.29861408391062033,0.2093867055272125,-0.08120715605949956,0.11368816770952091,-0.6678208822024438,0.0000,1.0000,0.1500,8.662
2026-04-28 00:31:04.449,1508,0.2981473682541302,0.20936248119261444,-0.08104568500986042,0.11420914305295718,-0.6676853408881953,0.0000,1.0000,0.2500,8.799
2026-04-28 00:31:04.472,1509,0.29768215785349844,0.20933826401120617,-0.08088460474302094,0.11472807582750857,-0.6675503357284593,0.0000,1.0000,0.2500,9.672
2026-04-28 00:31:04.494,1510,0.2972182401547843,0.20931385524511043,-0.08072356328394462,0.11524528650102071,-0.667415810513493,0.0000,1.0000,0.2500,11.223
2026-04-28 00:31:04.514,1511,0.2967555061887132,0.20928945841352165,-0.0805628345600498,0.1157607934121749,-0.6672817315855231,0.0000,1.0000,0.4500,10.032
2026-04-28 00:31:04.536,1512,0.2962941190564826,0.20926527005668205,-0.08040275411676745,0.11627434294597176,-0.6671481374078138,0.0000,1.0000,0.2500,8.395
2026-04-28 00:31:04.557,1513,0.2958344607892039,0.20924089067081308,-0.08024292881594687,0.1167856719436695,-0.6670152318601555,0.0000,1.0000,0.1000,11.650
2026-04-28 00:31:04.579,1514,0.29537621181066004,0.20921681714180876,-0.08008386887386498,0.11729498320749376,-0.6668827776258237,0.0000,0.8000,0.0000,8.555
2026-04-28 00:31:04.602,1515,0.29491921562667905,0.2091931406950663,-0.07992577167480956,0.11780231526486544,-0.6667508330799119,0.0000,1.0000,-0.3000,13.572
2026-04-28 00:31:04.624,1516,0.29446354272716335,0.20916966405064086,-0.07976835893983414,0.11830770352206786,-0.6666194137248591,0.0000,1.0000,0.1500,10.047
2026-04-28 00:31:04.646,1517,0.29400937569623603,0.20914618310257704,-0.07961141722648472,0.11881103695354132,-0.6664886101706906,0.0000,1.0000,0.0000,11.101
2026-04-28 00:31:04.668,1518,0.2935571116255789,0.20912289675525825,-0.07945539241325017,0.1193117874707328,-0.6663585678644632,0.0000,1.0000,0.0000,10.914
2026-04-28 00:31:04.692,1519,0.29310588423668726,0.2090999996324796,-0.07930010507385654,0.11981093482281925,-0.666228813400476,0.0000,1.0000,0.0000,9.573
2026-04-28 00:31:04.717,1520,0.2926558751218865,0.20907728692587355,-0.07914534436912482,0.1203083658858932,-0.6660994411390233,0.0000,1.0000,0.0000,7.763
2026-04-28 00:31:04.740,1521,0.2922072350967259,0.209054658488992,-0.07899109956314904,0.12080390523552637,-0.6659705885809892,0.0000,1.0000,0.0500,10.549
2026-04-28 00:31:04.763,1522,0.29176002633394654,0.20903221374670966,-0.07883759029086002,0.12129740366366644,-0.6658423242708538,0.0000,1.0000,0.0000,8.621
2026-04-28 00:31:04.785,1523,0.29131430298298483,0.20900994719065938,-0.07868471992662893,0.12178889783647327,-0.6657145579216972,0.0000,0.9000,-0.1500,10.328
2026-04-28 00:31:04.808,1524,0.2908699783525347,0.20898766412279457,-0.0785322224154988,0.12227854010527156,-0.6655873136306484,0.0000,1.0000,0.3000,10.967
2026-04-28 00:31:04.830,1525,0.2904266629325395,0.20896555888848578,-0.07838024165275151,0.12276666934994325,-0.6654604419083742,0.0000,1.0000,0.0500,10.148
2026-04-28 00:31:04.854,1526,0.28998471943414217,0.2089434329054699,-0.07822852344770514,0.12325306599764355,-0.6653339845990264,0.0000,1.0000,0.1000,8.881
2026-04-28 00:31:04.880,1527,0.2895439282695294,0.2089211880915066,-0.0780769122747022,0.12373796763892239,-0.6652079314893256,0.0000,1.0000,0.2000,11.390
2026-04-28 00:31:04.904,1528,0.2891048641629242,0.20889921941508496,-0.07792624742974084,0.12422052560052674,-0.6650825276387184,0.0000,1.0000,-0.1000,9.926
2026-04-28 00:31:04.926,1529,0.2886671660240661,0.20887732802905273,-0.07777598748265206,0.12470132867980019,-0.664957528130704,0.0000,1.0000,0.2000,8.546
2026-04-28 00:31:04.949,1530,0.28823054133230414,0.20885580530041636,-0.07762665075759141,0.12518040607524025,-0.6648330125082235,0.0000,1.0000,-0.2500,6.762
2026-04-28 00:31:04.973,1531,0.2877951465195947,0.20883445121069172,-0.07747782506354277,0.12565782817728646,-0.6647088669032429,0.0000,1.0000,0.0000,3.530
2026-04-28 00:31:04.996,1532,0.28736109513354374,0.208813655515594,-0.07733017078023675,0.12613325438225895,-0.6645851653827475,0.0000,1.0000,-0.1500,9.720
2026-04-28 00:31:05.021,1533,0.28692838986271224,0.2087929210242453,-0.07718299239983424,0.12660689653551657,-0.6644619565712295,0.0000,1.0000,0.1500,9.988
2026-04-28 00:31:05.045,1534,0.2864975297809869,0.2087718567192662,-0.07703588274267752,0.12707841294870814,-0.664339418185925,0.0000,1.0000,0.3500,11.982
2026-04-28 00:31:05.072,1535,0.2860677564763558,0.2087509544635234,-0.07688928897789564,0.12754840237625628,-0.6642172579969251,0.0000,1.0000,0.0000,8.285
2026-04-28 00:31:05.093,1536,0.28563991182269427,0.20873001749159917,-0.07674317158014059,0.1280160905778147,-0.6640957300463417,0.0000,1.0000,0.2500,13.976
2026-04-28 00:31:05.118,1537,0.28521368642745054,0.20870914341528526,-0.07659754963044703,0.12848178342450536,-0.663974705440565,0.0000,1.0000,0.1500,10.033
2026-04-28 00:31:05.142,1538,0.28478884804362564,0.20868813468012035,-0.07645217185195079,0.12894573466154496,-0.6638542277008205,0.0000,1.0000,0.1000,8.232
2026-04-28 00:31:05.166,1539,0.2843656377131453,0.20866728826375835,-0.0763074413762643,0.12940764197049617,-0.6637342529816412,0.0000,0.9500,0.1000,10.975
2026-04-28 00:31:05.190,1540,0.28394372740004137,0.208646697946746,-0.07616336449099886,0.12986783345542213,-0.6636146454118791,0.0000,1.0000,0.0000,11.530
2026-04-28 00:31:05.213,1541,0.2835223642476258,0.208626263164417,-0.07601965074857282,0.13032707834758217,-0.6634952639253315,0.0000,1.0000,0.1000,12.407
2026-04-28 00:31:05.240,1542,0.28310211738253127,0.20860627720589908,-0.07587688821397921,0.1307846611044284,-0.663376255209664,0.0000,0.9000,-0.1500,8.427
2026-04-28 00:31:05.267,1543,0.28268312418573466,0.20858614538326617,-0.0757342592748354,0.13124071446427507,-0.6632576922624016,0.0000,1.0000,0.3500,9.767
2026-04-28 00:31:05.290,1544,0.28226507949046425,0.20856577423323885,-0.07559145510001082,0.13169566896336526,-0.663139405046681,0.0000,1.0000,0.3000,9.894
2026-04-28 00:31:05.313,1545,0.2818488978666476,0.2085453619782028,-0.07544919989426847,0.1321483570284001,-0.6630218190540448,0.0000,1.0000,0.0000,10.056
2026-04-28 00:31:05.338,1546,0.28143440248705404,0.20852500399183288,-0.07530748735869758,0.13259899654228685,-0.6629047835661226,0.0000,1.0000,-0.0500,7.841
2026-04-28 00:31:05.364,1547,0.2810208250525928,0.20850509358922834,-0.07516666530573873,0.13304820376603066,-0.662788055084143,0.0000,1.0000,-0.1000,9.467
2026-04-28 00:31:05.393,1548,0.2806085545583071,0.20848572795373685,-0.07502697713084798,0.13349554529842425,-0.6626717299100557,0.0000,1.0000,0.1000,8.565
2026-04-28 00:31:05.415,1549,0.28019722609211906,0.2084664043195503,-0.07488762865290448,0.13394160089356688,-0.6625557667127449,0.0000,1.0000,0.0000,9.691
2026-04-28 00:31:05.440,1550,0.27978678115519046,0.20844751010714624,-0.07474913356564003,0.13438628193924998,-0.662440096775999,0.0000,1.0000,-0.2000,11.728
2026-04-28 00:31:05.463,1551,0.2793778185701592,0.2084290463205879,-0.07461169201086396,0.1348289542508913,-0.6623249174754943,0.0000,1.0000,0.0500,9.459
2026-04-28 00:31:05.485,1552,0.2789698660283218,0.20841061123564297,-0.07447453073797314,0.13527033728884294,-0.6622100569058381,0.0000,1.0000,0.1500,7.737
2026-04-28 00:31:05.508,1553,0.2785629522973551,0.20839200962954202,-0.0743374130424435,0.13571046490321542,-0.66209556997414,0.0000,1.0000,0.2500,11.423
2026-04-28 00:31:05.533,1554,0.27815673047117545,0.20837334622320783,-0.07420040946657107,0.13614963558390755,-0.6619813689371287,0.0000,1.0000,0.3000,10.517
2026-04-28 00:31:05.558,1555,0.2777514872035705,0.2083546219856243,-0.07406359759961013,0.1365875626475839,-0.6618675287444625,0.0000,1.0000,0.1500,10.809
2026-04-28 00:31:05.581,1556,0.2773476855525855,0.208336225370145,-0.07392772222915585,0.137023555707397,-0.6617542103353778,0.0000,1.0000,-0.1000,10.186
2026-04-28 00:31:05.603,1557,0.27694493466348546,0.2083179568240285,-0.07379218830533468,0.13745826771284705,-0.6616411168383098,0.0000,1.0000,0.1000,10.295
2026-04-28 00:31:05.625,1558,0.27654312292555433,0.2082998117291254,-0.07365691300004343,0.13789185483632654,-0.661528171218838,0.0000,1.0000,0.0500,10.345
2026-04-28 00:31:05.646,1559,0.2761427242408359,0.20828208823206557,-0.07352266238627521,0.13832353759667773,-0.6614156912134723,0.0000,1.0000,0.0000,11.781
2026-04-28 00:31:05.669,1560,0.2757439591845374,0.2082643873875055,-0.07338893954833106,0.138753261543841,-0.6613037772247389,0.0000,1.0000,0.1000,10.896
2026-04-28 00:31:05.695,1561,0.2753464920179659,0.2082468048376147,-0.07325570601825478,0.13918139667585244,-0.6611922462381338,0.0000,1.0000,0.0000,12.139
2026-04-28 00:31:05.720,1562,0.2749507799788806,0.20822904780471374,-0.07312278439778708,0.13960751780468666,-0.661081358954873,0.0000,1.0000,0.1500,11.134
2026-04-28 00:31:05.742,1563,0.2745564114024779,0.20821160207833142,-0.07299078964982436,0.14003180591807057,-0.6609710006025213,0.0000,1.0000,0.0000,11.628
2026-04-28 00:31:05.765,1564,0.2741623085984609,0.20819456441811526,-0.07285940219899574,0.14045545008021953,-0.6608607054309641,0.0000,1.0000,0.1000,8.817
2026-04-28 00:31:05.788,1565,0.27376916124488787,0.20817783276345284,-0.07272859573020563,0.1408778516254638,-0.6607505991962805,0.0000,1.0000,0.1500,8.640
2026-04-28 00:31:05.811,1566,0.2733778453459106,0.20816139964871047,-0.07259877555037887,0.14129798369412055,-0.6606410973993986,0.0000,1.0000,-0.1000,7.492
2026-04-28 00:31:05.833,1567,0.27298732460681385,0.2081448718232315,-0.07246904295548488,0.14171712237362202,-0.6605318902228918,0.0000,1.0000,0.1000,7.185
2026-04-28 00:31:05.857,1568,0.27259861106239636,0.20812873788191324,-0.07234038052009166,0.14213401730633982,-0.6604232263744422,0.0000,1.0000,0.0000,5.414
2026-04-28 00:31:05.880,1569,0.27221083520191525,0.20811280027083673,-0.07221213102518163,0.14254975485207433,-0.6603147440059886,0.0000,1.0000,0.2000,9.113
2026-04-28 00:31:05.905,1570,0.27182443996370054,0.20809685880894774,-0.07208420110444068,0.14296391844125406,-0.6602066490772751,0.0000,1.0000,0.2500,9.748
2026-04-28 00:31:05.927,1571,0.27143924835866456,0.20808101196021292,-0.07195679341010452,0.1433765596346948,-0.6600989956132474,0.0000,1.0000,0.1000,9.935
2026-04-28 00:31:05.947,1572,0.27105524563735234,0.2080653515288415,-0.07182999056534274,0.14378769151543064,-0.6599917276133908,0.0000,1.0000,0.0000,9.736
2026-04-28 00:31:05.971,1573,0.2706723193821426,0.20804948986598668,-0.07170308735221566,0.14419769990999073,-0.6598847204294263,0.0000,1.0000,0.3500,8.965
2026-04-28 00:31:05.994,1574,0.2702903594998088,0.20803324142632856,-0.07157577944484626,0.14460678949812333,-0.6597779471634012,0.0000,1.0000,0.6500,12.605
2026-04-28 00:31:06.017,1575,0.26990959634537115,0.20801747852632468,-0.07144953119677346,0.1450142181152977,-0.6596715628174635,0.0000,1.0000,-0.1500,7.541
2026-04-28 00:31:06.041,1576,0.2695292230881568,0.20800199965408694,-0.07132369297092823,0.14542101281347014,-0.6595652191588223,0.0000,1.0000,0.0000,12.091
2026-04-28 00:31:06.066,1577,0.2691496859422306,0.2079867023016792,-0.07119832099440768,0.14582670277619897,-0.6594591253258779,0.0000,1.0000,-0.0500,11.498
2026-04-28 00:31:06.089,1578,0.2687714385643774,0.2079714910053254,-0.07107338561933856,0.1462308848203741,-0.6593533940285797,0.0000,1.0000,0.1500,7.977
2026-04-28 00:31:06.111,1579,0.2683950506703318,0.20795675191960059,-0.07094960682227684,0.1466328003062983,-0.6592481651863468,0.0000,1.0000,0.0500,8.413
2026-04-28 00:31:06.134,1580,0.2680198309191869,0.20794198998232744,-0.07082602357293544,0.1470334273512462,-0.659143219549263,0.0000,1.0000,0.1000,10.523
2026-04-28 00:31:06.158,1581,0.2676456542969893,0.20792721155076727,-0.07070275888061081,0.14743277473141217,-0.6590386697900313,0.0000,1.0000,0.2500,9.244
2026-04-28 00:31:06.182,1582,0.2672720274772571,0.20791280405062032,-0.07058012538370038,0.1478312608768041,-0.6589342466198077,0.0000,1.0000,0.1500,10.660
2026-04-28 00:31:06.208,1583,0.266900371863818,0.20789866431497894,-0.07045837153457236,0.14822748032695682,-0.6588303524644612,0.0000,1.0000,0.2000,7.679
2026-04-28 00:31:06.230,1584,0.26652888995188145,0.20788420877493813,-0.07033617769043128,0.1486235209034126,-0.658726542269346,0.0000,1.0000,0.3000,10.477
2026-04-28 00:31:06.253,1585,0.2661587882579564,0.2078699238235138,-0.07021447807300273,0.14901801305337636,-0.6586230199129341,0.0000,0.9500,0.1000,5.358
2026-04-28 00:31:06.276,1586,0.26578895460000995,0.20785570837527884,-0.07009288984761,0.149412084554658,-0.6585195534462658,0.0000,1.0000,0.1500,11.608
2026-04-28 00:31:06.300,1587,0.26542073088178547,0.20784155869756746,-0.0699718420670733,0.14980431851551812,-0.6584165767898725,0.0000,1.0000,-0.1500,9.772
2026-04-28 00:31:06.328,1588,0.26505350759026364,0.20782737869454315,-0.06985093885780735,0.1501954544272367,-0.6583138374936058,0.0000,1.0000,0.1500,10.397
2026-04-28 00:31:06.350,1589,0.26468716518037655,0.20781326944196402,-0.06973025578017997,0.15058560064295018,-0.658211258794683,0.0000,1.0000,0.2500,10.466
2026-04-28 00:31:06.374,1590,0.26432128130296323,0.20779961300045574,-0.0696104049282736,0.15097487518531982,-0.6581088789973774,0.0000,1.0000,-0.1500,7.463
2026-04-28 00:31:06.397,1591,0.26395713329970844,0.2077859215147094,-0.06949092764170521,0.1513622839511061,-0.6580069705358816,0.0000,1.0000,0.1000,9.879
2026-04-28 00:31:06.420,1592,0.2635931904575422,0.20777258165448295,-0.06937197259557276,0.15174920554492743,-0.6579051014025953,0.0000,1.0000,0.0000,8.467
2026-04-28 00:31:06.444,1593,0.2632296689878602,0.2077593956559202,-0.06925334432330771,0.15213548720705192,-0.6578033721088431,0.0000,1.0000,0.1500,9.502
2026-04-28 00:31:06.467,1594,0.2628673292217907,0.2077462684944352,-0.06913513829573568,0.15252038001547302,-0.6577020200044573,0.0000,1.0000,0.3000,11.598
2026-04-28 00:31:06.489,1595,0.2625059253431162,0.20773300388129123,-0.06901690490999342,0.15290430510655484,-0.6576008892716754,0.0000,1.0000,0.3000,13.091
2026-04-28 00:31:06.513,1596,0.26214462667834565,0.20771959875369128,-0.06889847986920981,0.15328805848279609,-0.6574998195695374,0.0000,1.0000,0.0500,12.521
2026-04-28 00:31:06.535,1597,0.2617841540491354,0.20770625093170964,-0.06878024617847635,0.15367089769446504,-0.6573988965443134,0.0000,1.0000,0.1000,8.797
2026-04-28 00:31:06.558,1598,0.2614239762146011,0.2076928622997374,-0.06866187750804217,0.1540534422226939,-0.6572979404203865,0.0000,1.0000,0.1500,9.947
2026-04-28 00:31:06.582,1599,0.26106477077331486,0.20767924390985368,-0.068543543559007,0.15443488403816755,-0.6571974037107476,0.0000,1.0000,0.2000,13.422
2026-04-28 00:31:06.607,1600,0.2607067119298082,0.20766520740383354,-0.06842490988239486,0.15481522152854157,-0.6570972339029179,0.0000,1.0000,0.3500,8.071
2026-04-28 00:31:06.632,1601,0.2603503332093656,0.20765114137173737,-0.06830669302316666,0.15519372866287656,-0.6569975640649398,0.0000,0.9500,-0.0500,9.280
2026-04-28 00:31:06.656,1602,0.25999523396027663,0.20763656869523642,-0.06818807537740292,0.1555710480448778,-0.6568982916874367,0.0000,1.0000,0.4000,12.526
2026-04-28 00:31:06.679,1603,0.2596405582056851,0.2076219779204283,-0.06806957324073998,0.15594779535409037,-0.6567991996726926,0.0000,1.0000,0.2000,13.364
2026-04-28 00:31:06.701,1604,0.2592869934469587,0.20760717555150837,-0.06795111611332948,0.15632334346525198,-0.6567005071989731,0.0000,1.0000,0.2000,9.532
2026-04-28 00:31:06.725,1605,0.2589330982544303,0.20759264620038714,-0.06783283666665332,0.1566990805074194,-0.6566016194627852,0.0000,1.0000,0.0000,10.937
2026-04-28 00:31:06.749,1606,0.258580078171303,0.20757819574413308,-0.06771493535734154,0.15707374766043256,-0.6565030275564038,0.0000,1.0000,0.0500,10.193
2026-04-28 00:31:06.771,1607,0.25822794079106176,0.2075636298234674,-0.06759688729540778,0.15744762454776975,-0.6564044975882396,0.0000,1.0000,0.4000,10.825
2026-04-28 00:31:06.795,1608,0.2578766295315173,0.20754913782924236,-0.06747924679258552,0.15782044736959783,-0.6563062992513344,0.0000,1.0000,-0.1000,9.665
2026-04-28 00:31:06.818,1609,0.2575264368651411,0.20753462647765192,-0.06736176043409475,0.15819212136415195,-0.6562083185321901,0.0000,1.0000,0.2000,11.036
2026-04-28 00:31:06.842,1610,0.25717635419038554,0.2075199086814826,-0.06724408341710977,0.1585636000501881,-0.6561104907422405,0.0000,1.0000,0.4000,13.340
2026-04-28 00:31:06.868,1611,0.2568270323547871,0.20750527037127067,-0.06712671084451527,0.15893416854870693,-0.6560128815797536,0.0000,1.0000,0.1000,9.420
2026-04-28 00:31:06.890,1612,0.2564795765025023,0.20749042207755997,-0.06700957728212177,0.15930279416712817,-0.655915859313544,0.0000,1.0000,0.3000,8.145
2026-04-28 00:31:06.914,1613,0.25613369838788136,0.20747565536461818,-0.06689286313849847,0.15966976894855628,-0.655819166512117,0.0000,0.9500,0.1000,8.506
2026-04-28 00:31:06.937,1614,0.25578806550442995,0.2074613580469624,-0.06677700438313709,0.16003608324603105,-0.6557226569369311,0.0000,1.0000,-0.1000,6.143
2026-04-28 00:31:06.962,1615,0.2554432819212389,0.20744723212820745,-0.06666170249687675,0.1604012856506156,-0.6556264785844396,0.0000,1.0000,0.0500,13.238
2026-04-28 00:31:06.988,1616,0.2550988099556549,0.20743337030304987,-0.06654686732158265,0.1607659449252773,-0.6555304017826837,0.0000,1.0000,0.0500,9.860
2026-04-28 00:31:07.010,1617,0.2547553113226037,0.2074195763006807,-0.06643232528313521,0.16112953474779382,-0.6554345468990549,0.0000,1.0000,0.1000,10.967
2026-04-28 00:31:07.033,1618,0.2544119694500661,0.20740575128355285,-0.06631781776474673,0.16149284763921656,-0.6553388031153541,0.0000,1.0000,0.0000,10.904
2026-04-28 00:31:07.059,1619,0.2540697757196767,0.20739180454246592,-0.06620336247858165,0.1618550143610106,-0.6552433237566804,0.0000,1.0000,0.3000,10.360
2026-04-28 00:31:07.084,1620,0.2537281232497564,0.20737812376457113,-0.0660893911749955,0.162216447909191,-0.6551479585985595,0.0000,1.0000,0.0500,9.488
2026-04-28 00:31:07.107,1621,0.2533874688263114,0.2073640332070096,-0.06597500573537274,0.16257702981714528,-0.6550528226992226,0.0000,1.0000,0.4000,11.641
2026-04-28 00:31:07.131,1622,0.25304673483033596,0.2073499206283357,-0.06586051846754816,0.1629376452297898,-0.6549576462977934,0.0000,1.0000,0.1500,12.826
2026-04-28 00:31:07.156,1623,0.25270765126530964,0.20733568547282855,-0.06574634937696132,0.1632965051940014,-0.6548629998088761,0.0000,1.0000,-0.0500,10.289
2026-04-28 00:31:07.182,1624,0.252370154144389,0.2073216202245489,-0.06563296315362421,0.16365349530745926,-0.6547689087783412,0.0000,1.0000,-0.0500,10.107
2026-04-28 00:31:07.210,1625,0.25203490545748114,0.20730762443189865,-0.06552032637739247,0.1640080437982855,-0.6546754900516617,0.0000,1.0000,-0.0500,7.768
2026-04-28 00:31:07.238,1626,0.25170016847629695,0.20729360529155955,-0.065407866727985,0.1643619343220636,-0.6545823101079311,0.0000,1.0000,0.0500,12.041
2026-04-28 00:31:07.270,1627,0.2513652486440809,0.20727965833076675,-0.06529545963393157,0.1647158904088033,-0.6544891006853076,0.0000,1.0000,0.0500,8.036
2026-04-28 00:31:07.300,1628,0.25103120938170204,0.20726539801781343,-0.06518283948568813,0.16506900527523866,-0.6543961740782813,0.0000,1.0000,0.2000,11.577
2026-04-28 00:31:07.323,1629,0.25069779731828457,0.2072512169200337,-0.06507043713250545,0.16542141305372274,-0.6543033718974786,0.0000,1.0000,0.3000,11.162
2026-04-28 00:31:07.348,1630,0.25036533217765583,0.20723720574792864,-0.06495846858013617,0.16577274995609262,-0.6542107737010915,0.0000,1.0000,0.1000,10.367
2026-04-28 00:31:07.374,1631,0.25003290600348516,0.20722336580365777,-0.06484666576166834,0.16612395899113216,-0.6541181090928873,0.0000,1.0000,0.1000,7.824
2026-04-28 00:31:07.399,1632,0.24970118394407548,0.20720921518286572,-0.06473461211763697,0.16647450521422016,-0.6540256839994933,0.0000,1.0000,0.2500,12.516
2026-04-28 00:31:07.421,1633,0.24937038089987196,0.20719485275255128,-0.06462246400174317,0.16682416206954415,-0.6539335061092288,0.0000,1.0000,0.2000,9.838
2026-04-28 00:31:07.446,1634,0.24904140925748833,0.2071804746005208,-0.06451065225346059,0.167171993459695,-0.6538417117704473,0.0000,0.9000,0.2000,7.746
2026-04-28 00:31:07.471,1635,0.24871437263785467,0.20716608085949517,-0.06439924902559271,0.16751786006225694,-0.6537503725828513,0.0000,1.0000,0.2500,11.363
2026-04-28 00:31:07.496,1636,0.24838898917306718,0.20715177315539443,-0.06428842783823394,0.16786192087923293,-0.6536595092789461,0.0000,1.0000,0.3000,9.910
2026-04-28 00:31:07.520,1637,0.24806580273260653,0.20713754363266024,-0.06417840229614116,0.16820356560016927,-0.6535693469033476,0.0000,1.0000,0.0000,11.586
2026-04-28 00:31:07.543,1638,0.24774370887090752,0.20712329644684313,-0.0640687049994352,0.1685439857606167,-0.6534795614845244,0.0000,1.0000,0.1000,12.577
2026-04-28 00:31:07.568,1639,0.2474224138107261,0.20710884278701036,-0.06395893319477053,0.1688836075504491,-0.6533900331522785,0.0000,1.0000,0.3500,10.080
2026-04-28 00:31:07.591,1640,0.24710231646006608,0.2070944693595752,-0.06384970729028483,0.169221817327302,-0.6533009519268752,0.0000,1.0000,0.0000,9.972
2026-04-28 00:31:07.615,1641,0.24678318622899695,0.20708007695282324,-0.06374072938371965,0.16955896953604488,-0.6532121684002987,0.0000,1.0000,0.0000,10.162
2026-04-28 00:31:07.639,1642,0.24646596137754823,0.2070658644162016,-0.06363257429875181,0.16989399398715432,-0.6531239588035762,0.0000,1.0000,0.2000,11.718
2026-04-28 00:31:07.661,1643,0.24614956038267263,0.20705163350481315,-0.06352458297107609,0.17022814544567066,-0.6530359611260462,0.0000,1.0000,0.2000,6.461
2026-04-28 00:31:07.685,1644,0.2458337632669027,0.20703747927412552,-0.06341688815219701,0.17056156128177902,-0.6529481652270157,0.0000,1.0000,0.1000,12.306
2026-04-28 00:31:07.708,1645,0.24551855792492855,0.20702320865125903,-0.063309198328507,0.17089435027442626,-0.6528605688978353,0.0000,1.0000,0.1000,7.807
2026-04-28 00:31:07.734,1646,0.2452046418712392,0.20700911089708082,-0.06320212177655951,0.1712256712926916,-0.6527733462239619,0.0000,1.0000,-0.1500,8.063
2026-04-28 00:31:07.758,1647,0.24489140225478798,0.20699470409743703,-0.06309460018531263,0.17155652493035478,-0.6526861614702854,0.0000,1.0000,0.4000,7.811
2026-04-28 00:31:07.783,1648,0.2445796838463523,0.20698018826190762,-0.06298728525519623,0.1718858550061124,-0.6525993660319962,0.0000,1.0000,0.1500,10.706
2026-04-28 00:31:07.809,1649,0.24426947499980192,0.2069655645178454,-0.06288017533616387,0.1722136739201748,-0.6525129562815122,0.0000,1.0000,0.2000,12.495
2026-04-28 00:31:07.835,1650,0.2439602423767126,0.20695150412719793,-0.06277414314958872,0.17254018100905635,-0.6524267977650765,0.0000,1.0000,-0.2000,9.332
2026-04-28 00:31:07.860,1651,0.2436525876101192,0.206937421406948,-0.06266850768315034,0.17286503074319096,-0.6523410877169187,0.0000,1.0000,-0.0500,10.695
2026-04-28 00:31:07.887,1652,0.2433463665818611,0.20692341162037414,-0.06256337533687595,0.17318832091232111,-0.6522557893683423,0.0000,1.0000,-0.1000,9.206
2026-04-28 00:31:07.910,1653,0.24304051289479014,0.2069094828707475,-0.062458492205301155,0.17351111434780334,-0.6521706363892771,0.0000,1.0000,0.2000,10.960
2026-04-28 00:31:07.933,1654,0.24273522831757208,0.20689553327330848,-0.062353753027070406,0.1738332634276798,-0.6520856760798535,0.0000,1.0000,0.2000,11.765
2026-04-28 00:31:07.958,1655,0.24243100052862454,0.20688175260250946,-0.06224956536630339,0.17415418568971094,-0.6520010310808437,0.0000,1.0000,-0.1000,11.641
2026-04-28 00:31:07.980,1656,0.24212841019913434,0.20686785488408171,-0.06214560185608385,0.17447347918482087,-0.6519168027289912,0.0000,0.9500,0.1500,10.671
2026-04-28 00:31:08.001,1657,0.24182659460025407,0.20685403093419164,-0.06204202067127558,0.17479184199069658,-0.6518328627210326,0.0000,1.0000,0.0500,12.434
2026-04-28 00:31:08.026,1658,0.24152595708973362,0.20684037417308632,-0.06193892739738806,0.17510893319713944,-0.6517491762620373,0.0000,1.0000,0.0500,8.380
2026-04-28 00:31:08.051,1659,0.241226821464225,0.20682688546050532,-0.06183654058958763,0.17542432036199482,-0.6516659603712442,0.0000,1.0000,0.0000,10.102
2026-04-28 00:31:08.076,1660,0.24092647720570465,0.2068135655570748,-0.06173404687870103,0.17574082395237867,-0.6515824002959172,0.0000,1.0000,0.2500,11.716
2026-04-28 00:31:08.099,1661,0.240627431542798,0.20680011939296186,-0.06163176613706051,0.17605597655118807,-0.6514992582741537,0.0000,1.0000,0.1000,10.045
2026-04-28 00:31:08.120,1662,0.24032915657789314,0.2067867407898951,-0.06152972218296092,0.17637031789744487,-0.6514162671562562,0.0000,1.0000,0.0500,9.072
2026-04-28 00:31:08.144,1663,0.24003184269780825,0.20677295350797448,-0.06142716111391072,0.17668396622411048,-0.6513333871677148,0.0000,1.0000,0.5000,9.186
2026-04-28 00:31:08.166,1664,0.23973506202304795,0.20675904430019168,-0.06132454083044347,0.176997099017976,-0.6512506458511853,0.0000,1.0000,0.0500,10.033
2026-04-28 00:31:08.190,1665,0.23943986138084528,0.20674501871322476,-0.06122213152803343,0.17730866730842978,-0.6511683048571603,0.0000,1.0000,0.1000,10.770
2026-04-28 00:31:08.213,1666,0.23914540064423812,0.20673107410618943,-0.06111988588487587,0.1776195199592727,-0.6510860206035712,0.0000,1.0000,0.2500,10.294
2026-04-28 00:31:08.241,1667,0.23885094682053623,0.2067166363111529,-0.06101698213865825,0.17793049959905924,-0.6510038323617388,0.0000,1.0000,0.5500,13.188
2026-04-28 00:31:08.265,1668,0.23855663036536348,0.2067020904699832,-0.06091385143631984,0.17824142727602027,-0.6509215933508078,0.0000,1.0000,0.3000,10.943
2026-04-28 00:31:08.289,1669,0.23826379422129967,0.20668772501612698,-0.060811441511422704,0.17855067307266398,-0.650839818442403,0.0000,1.0000,-0.1000,11.056
2026-04-28 00:31:08.311,1670,0.23797194747328881,0.20667402261775153,-0.060710220200583954,0.17885859402866755,-0.6507582512622999,0.0000,0.7500,-0.1500,5.956
2026-04-28 00:31:08.333,1671,0.23768050711051805,0.206660107668552,-0.060608860255718745,0.17916610612530656,-0.6506768777664088,0.0000,1.0000,0.2500,11.585
2026-04-28 00:31:08.359,1672,0.2373895012318784,0.2066463708397586,-0.06050782078228643,0.1794730937570541,-0.6505955708509639,0.0000,1.0000,0.2500,11.079
2026-04-28 00:31:08.382,1673,0.2370992439437897,0.20663261047122608,-0.0604069219395673,0.17977930902701927,-0.6505144529661188,0.0000,1.0000,0.1000,12.000
2026-04-28 00:31:08.407,1674,0.2368099746984109,0.20661921410470366,-0.060306759518250354,0.18008435568775247,-0.6504335383935846,0.0000,1.0000,0.1500,7.648
2026-04-28 00:31:08.433,1675,0.23652207399463676,0.20660608106617454,-0.06020719214012462,0.18038797262848513,-0.6503528365727668,0.0000,0.9000,0.1500,7.917
2026-04-28 00:31:08.456,1676,0.23623429133785392,0.20659330443978757,-0.060108094358683604,0.18069132640874375,-0.6502720822404277,0.0000,0.9000,0.0500,9.984
2026-04-28 00:31:08.481,1677,0.2359477160132633,0.20658048960834935,-0.06000919094587403,0.1809934901887853,-0.650191591906654,0.0000,1.0000,0.1500,9.762
2026-04-28 00:31:08.504,1678,0.2356615042496272,0.20656802312018724,-0.05991089612872308,0.1812950788162477,-0.6501111997911466,0.0000,1.0000,-0.1000,11.066
2026-04-28 00:31:08.529,1679,0.23537576322458323,0.20655551979974224,-0.05981270188029697,0.18159614396669033,-0.6500309754482474,0.0000,1.0000,0.3500,11.695
2026-04-28 00:31:08.554,1680,0.23509049176193236,0.2065430683724867,-0.059714827737207245,0.1818965736693423,-0.6499510051470275,0.0000,1.0000,-0.1000,11.181
2026-04-28 00:31:08.578,1681,0.23480710818741027,0.2065308592873048,-0.05961778079472575,0.18219496150219913,-0.6498715101327907,0.0000,1.0000,-0.1000,9.834
2026-04-28 00:31:08.603,1682,0.23452332960998712,0.2065189913123634,-0.0595211392790098,0.18249354092644954,-0.6497919203054514,0.0000,1.0000,0.0000,10.051
2026-04-28 00:31:08.626,1683,0.2342398699524401,0.20650707437588597,-0.05942449587259462,0.18279179419030023,-0.6497124132838276,0.0000,1.0000,0.1500,12.540
2026-04-28 00:31:08.652,1684,0.23395695059573124,0.2064952979091843,-0.05932819014492645,0.18308940570930257,-0.649633044321586,0.0000,1.0000,-0.1000,10.249
2026-04-28 00:31:08.679,1685,0.23367381569936566,0.2064835690590923,-0.05923189346392376,0.1833871786296518,-0.6495536239001148,0.0000,1.0000,0.2500,8.236
2026-04-28 00:31:08.704,1686,0.23339191303971984,0.2064719779602779,-0.05913614759576757,0.18368358496843953,-0.6494745584198077,0.0000,1.0000,-0.1000,8.948
2026-04-28 00:31:08.730,1687,0.233111296568515,0.20646052249145505,-0.059041049704858864,0.18397850289638482,-0.6493959480656665,0.0000,1.0000,-0.1500,10.768
2026-04-28 00:31:08.753,1688,0.23283152492726997,0.2064490128518374,-0.05894611548968394,0.18427254062122245,-0.6493175930784482,0.0000,1.0000,0.1500,10.105
2026-04-28 00:31:08.777,1689,0.23255157484334527,0.2064378311944981,-0.05885166173581659,0.1845665313719411,-0.649239236857592,0.0000,1.0000,0.0000,10.833
2026-04-28 00:31:08.802,1690,0.23227165617622833,0.20642658850554624,-0.058756983614802576,0.1848605993381927,-0.6491607579413029,0.0000,1.0000,0.2500,10.701
2026-04-28 00:31:08.826,1691,0.23199229267354496,0.20641528585699392,-0.05866225916121689,0.1851541843609643,-0.6490823326042734,0.0000,1.0000,0.1500,12.489
2026-04-28 00:31:08.852,1692,0.2317132795815548,0.20640392146934497,-0.05856760914701742,0.18544735288862857,-0.6490040841381192,0.0000,1.0000,-0.1500,11.810
2026-04-28 00:31:08.877,1693,0.23143364726833887,0.20639240854022772,-0.05847248687239012,0.1857412577258769,-0.6489255958992409,0.0000,1.0000,0.4500,6.646
2026-04-28 00:31:08.903,1694,0.23115459844223427,0.20638074665485723,-0.058377195276288804,0.1860346945579778,-0.6488471713036374,0.0000,1.0000,0.2500,10.734
2026-04-28 00:31:08.928,1695,0.23087662245446247,0.2063690318642547,-0.05828213131132675,0.18632702206362717,-0.6487690630844346,0.0000,1.0000,0.0000,11.218
2026-04-28 00:31:08.954,1696,0.2305989720280969,0.20635736466488902,-0.05818721482237751,0.18661897301475386,-0.6486910402009916,0.0000,1.0000,0.2000,6.298
2026-04-28 00:31:08.977,1697,0.23032146839521028,0.20634564818810072,-0.058092256431922756,0.18691077459122946,-0.6486130584400801,0.0000,1.0000,0.2000,7.941
2026-04-28 00:31:09.002,1698,0.2300447314892263,0.20633388303937342,-0.057997499138765285,0.18720173733561454,-0.648535359755659,0.0000,1.0000,0.1000,10.950
2026-04-28 00:31:09.029,1699,0.22976875781141864,0.20632197546131337,-0.05790262877632085,0.18749205020751747,-0.6484577704826654,0.0000,1.0000,0.3000,9.225
2026-04-28 00:31:09.052,1700,0.2294931359855731,0.20630992561116934,-0.05780771686605379,0.18778198565148488,-0.6483803617741396,0.0000,1.0000,0.0500,11.252
2026-04-28 00:31:09.078,1701,0.22921908866073754,0.2062984062562436,-0.0577139906309578,0.1880700551509076,-0.6483033515715596,0.0000,0.9500,0.0000,6.447
2026-04-28 00:31:09.103,1702,0.22894697914562867,0.20628711982194337,-0.057621096309665026,0.18835604320294536,-0.6482268323468426,0.0000,0.8000,-0.1000,8.567
2026-04-28 00:31:09.127,1703,0.22867521570866634,0.2062759696051302,-0.05752849086948993,0.1886415903575088,-0.6481504059953359,0.0000,1.0000,0.0500,8.226
2026-04-28 00:31:09.154,1704,0.22840361724589286,0.20626457385297828,-0.05743555688355126,0.18892706863652553,-0.648074027594622,0.0000,1.0000,0.2000,9.731
2026-04-28 00:31:09.176,1705,0.22813377875360316,0.20625283979727257,-0.05734263689653754,0.18921086348732932,-0.6479981787188087,0.0000,1.0000,0.3000,13.852
2026-04-28 00:31:09.208,1706,0.22786343018210745,0.20624096277368256,-0.057249370658340626,0.18949521629633015,-0.6479222059932241,0.0000,1.0000,0.1500,12.081
2026-04-28 00:31:09.232,1707,0.2275935972745261,0.20622903892212868,-0.05715615783079374,0.18977905444293836,-0.647846364750577,0.0000,1.0000,0.2000,10.647
2026-04-28 00:31:09.255,1708,0.22732596973653216,0.20621669500373865,-0.05706290371250573,0.19006084105586532,-0.6477711200303294,0.0000,1.0000,0.4500,11.841
2026-04-28 00:31:09.278,1709,0.22705892504046682,0.2062043112135023,-0.056969772573039666,0.19034200927143782,-0.6476960656938664,0.0000,1.0000,0.0000,11.574
2026-04-28 00:31:09.301,1710,0.2267939196870338,0.20619208202129288,-0.05687741773974893,0.19062100774357837,-0.6476215632497736,0.0000,1.0000,0.2500,10.520
2026-04-28 00:31:09.326,1711,0.22652897651366652,0.20618029498525936,-0.05678564939561632,0.19089977172830333,-0.6475469914315618,0.0000,0.9000,0.0500,8.037
2026-04-28 00:31:09.352,1712,0.22626372991566096,0.20616874689692974,-0.056694200118880426,0.19117866577677503,-0.6474723875196128,0.0000,1.0000,-0.1000,10.013
2026-04-28 00:31:09.376,1713,0.2259985049069875,0.20615772030920673,-0.05660353161425163,0.19145725867136237,-0.6473977892803766,0.0000,1.0000,-0.1000,9.089
2026-04-28 00:31:09.399,1714,0.22573279407825023,0.20614607372727745,-0.056511847693217994,0.19173659460874995,-0.6473231126602879,0.0000,1.0000,0.4500,13.214
2026-04-28 00:31:09.423,1715,0.22546786720585688,0.20613447471947524,-0.05642055086373346,0.19201500341853828,-0.6472487587091368,0.0000,1.0000,-0.0500,9.636
2026-04-28 00:31:09.446,1716,0.2252027061981344,0.2061229221892425,-0.05632929802418267,0.1922935736416353,-0.6471743858660659,0.0000,1.0000,0.0000,10.196
2026-04-28 00:31:09.471,1717,0.22493931947462695,0.20611094299200577,-0.05623775421414815,0.19257063565809787,-0.6471003687850003,0.0000,1.0000,0.3500,10.645
2026-04-28 00:31:09.494,1718,0.22467679825190334,0.20609929895103576,-0.05614700460183982,0.1928465819797237,-0.6470266497982641,0.0000,1.0000,-0.1000,10.873
2026-04-28 00:31:09.516,1719,0.22441474365107836,0.20608751557027277,-0.056056151059728165,0.19312211840258403,-0.6469530424229523,0.0000,1.0000,0.2500,11.361
2026-04-28 00:31:09.540,1720,0.22415442339599428,0.20607587806845726,-0.055966023096194126,0.19339576712712708,-0.646879948241362,0.0000,1.0000,-0.0500,6.401
2026-04-28 00:31:09.564,1721,0.2238936732906603,0.20606381928560466,-0.055875143237155235,0.1936700448055342,-0.6468067404228841,0.0000,1.0000,0.3500,10.357
2026-04-28 00:31:09.587,1722,0.2236326944935127,0.20605200389030867,-0.05578464319290515,0.19394435073402722,-0.646733553579866,0.0000,1.0000,-0.1000,7.975
2026-04-28 00:31:09.611,1723,0.22337334918275012,0.20604014517181302,-0.05569451495020258,0.1942170012014532,-0.6466608096715705,0.0000,1.0000,0.1000,8.548
2026-04-28 00:31:09.635,1724,0.22311325721045266,0.2060285294547973,-0.055604592244332875,0.1944902340787627,-0.646587912854038,0.0000,1.0000,-0.0500,9.854
2026-04-28 00:31:09.659,1725,0.2228519550422141,0.20601668083791158,-0.05551396026380467,0.19476481922059263,-0.6465146620769598,0.0000,1.0000,0.3500,11.943
2026-04-28 00:31:09.683,1726,0.22259075205669704,0.2060050724169362,-0.055423657180494586,0.19503921005778854,-0.6464413857790625,0.0000,1.0000,0.0500,6.894
2026-04-28 00:31:09.707,1727,0.22232945348860123,0.20599342131188705,-0.05533321209924388,0.19531374140239605,-0.646368037297026,0.0000,1.0000,0.2500,11.430
2026-04-28 00:31:09.730,1728,0.22206896861783074,0.2059817222068066,-0.055242929688417194,0.19558743866980222,-0.6462949291863358,0.0000,1.0000,0.0500,10.085
2026-04-28 00:31:09.754,1729,0.22180751388581363,0.2059701652578598,-0.05515248088493614,0.19586212535738745,-0.6462214470641531,0.0000,1.0000,0.1500,11.177
2026-04-28 00:31:09.776,1730,0.22154483650337625,0.20595836975619605,-0.05506140061595561,0.19613810954495486,-0.646147696836678,0.0000,1.0000,0.2000,11.196
2026-04-28 00:31:09.802,1731,0.22128330202876348,0.20594634209554755,-0.054970247790016365,0.19641305641677625,-0.6460742277388863,0.0000,1.0000,0.5000,11.643
2026-04-28 00:31:09.827,1732,0.22102214492728983,0.20593436858146086,-0.05487930225277384,0.19668755521581477,-0.6460008900763909,0.0000,1.0000,0.0500,11.944
2026-04-28 00:31:09.865,1733,0.22076099046850223,0.2059223557889637,-0.054788287106879,0.1969620621205201,-0.6459275470088047,0.0000,1.0000,0.1000,8.110
2026-04-28 00:31:09.899,1734,0.2205000031551491,0.20591058978528703,-0.05469763026436356,0.19723630371571302,-0.6458541972680237,0.0000,1.0000,0.0500,9.841
2026-04-28 00:31:09.930,1735,0.22023948927330597,0.20589897432883328,-0.05460730601544426,0.197509988436781,-0.6457809594285612,0.0000,1.0000,0.3000,11.420
2026-04-28 00:31:09.955,1736,0.21997703836739363,0.20588712892678987,-0.05451597432438446,0.19778585059336437,-0.645707064116971,0.0000,1.0000,0.5000,10.901
2026-04-28 00:31:09.978,1737,0.21971603102464804,0.20587515298928183,-0.05442479816237518,0.19806032518344213,-0.6456335251134822,0.0000,1.0000,0.4000,11.647
2026-04-28 00:31:10.003,1738,0.2194553421731648,0.20586332438601393,-0.05433395470173411,0.19833436528924558,-0.6455601027112176,0.0000,1.0000,0.0500,11.856
2026-04-28 00:31:10.028,1739,0.21919552009326257,0.20585183275351193,-0.054243781320787235,0.19860739537938915,-0.6454868497601961,0.0000,0.9500,-0.0500,5.585
2026-04-28 00:31:10.052,1740,0.21893710632861166,0.20584029254733735,-0.054154001867632105,0.1988789335055642,-0.6454140683527577,0.0000,1.0000,0.0000,9.420
2026-04-28 00:31:10.074,1741,0.21867924449470133,0.20582908483564652,-0.05406484921746723,0.19914974546544945,-0.6453414196905372,0.0000,1.0000,0.1000,7.566
2026-04-28 00:31:10.099,1742,0.2184233221173548,0.20581792052004252,-0.053976277719221595,0.1994185556292469,-0.6452692916997994,0.0000,1.0000,0.1000,11.009
2026-04-28 00:31:10.122,1743,0.21816911289974217,0.20580642831810522,-0.053887672353623586,0.19968577738744211,-0.6451976262156978,0.0000,1.0000,0.4500,11.304
2026-04-28 00:31:10.145,1744,0.21791609608903087,0.2057951727052582,-0.05379970789555984,0.19995168288695733,-0.645126251231816,0.0000,1.0000,0.0000,10.942
2026-04-28 00:31:10.168,1745,0.21766362131015737,0.2057838689556282,-0.05371183553598392,0.20021703239526162,-0.6450550449607729,0.0000,1.0000,0.1500,11.506
2026-04-28 00:31:10.198,1746,0.21741111536150115,0.2057726107217233,-0.053624094765938005,0.20048231866244137,-0.6449839063487108,0.0000,1.0000,0.0500,10.232
2026-04-28 00:31:10.220,1747,0.21716032646044647,0.20576111628502355,-0.05353637527156046,0.20074603438420954,-0.6449131475944025,0.0000,1.0000,0.2500,10.001
2026-04-28 00:31:10.247,1748,0.21691154696848292,0.20574985882186,-0.05344950220880557,0.20100761698821534,-0.6448428840251373,0.0000,0.8000,-0.1000,7.333
2026-04-28 00:31:10.272,1749,0.2166613573643858,0.2057386464062734,-0.053362415422284384,0.2012705160824782,-0.6447723433112592,0.0000,1.0000,0.0000,10.566
2026-04-28 00:31:10.295,1750,0.2164113521702826,0.20572729003234116,-0.05327514530688002,0.20153329964092034,-0.6447018392942774,0.0000,1.0000,0.0500,8.948
2026-04-28 00:31:10.318,1751,0.21616238273115523,0.20571616864576894,-0.053188432534218864,0.20179495952075044,-0.6446315441659359,0.0000,1.0000,0.0000,8.737
2026-04-28 00:31:10.342,1752,0.21591473637971278,0.20570490517092394,-0.0531018243056468,0.20205536434715538,-0.6445615706806258,0.0000,1.0000,0.2500,8.806
2026-04-28 00:31:10.366,1753,0.21566634520441366,0.20569359126812406,-0.053015025210267484,0.20231646914260126,-0.6444914858774758,0.0000,1.0000,0.1500,11.607
2026-04-28 00:31:10.391,1754,0.2154180068164551,0.20568260116060721,-0.05292875272598271,0.20257732399133424,-0.6444214458409254,0.0000,1.0000,-0.2500,9.070
2026-04-28 00:31:10.415,1755,0.2151703928337041,0.20567174490537898,-0.052842767714864264,0.20283745014557714,-0.6443514962898115,0.0000,1.0000,0.1000,9.441
2026-04-28 00:31:10.437,1756,0.21492299803150283,0.20566045933024504,-0.05275618281284802,0.2030975676490974,-0.6442815945615009,0.0000,1.0000,0.4000,12.241
2026-04-28 00:31:10.462,1757,0.21467521976864698,0.20564903469094747,-0.05266940529168091,0.20335803616690637,-0.6442117124881198,0.0000,1.0000,0.1500,7.477
2026-04-28 00:31:10.484,1758,0.21442820589120162,0.20563728421186628,-0.05258227888324773,0.2036179318812798,-0.6441419739098155,0.0000,1.0000,0.4500,10.907
2026-04-28 00:31:10.508,1759,0.21418182548729095,0.20562568203493425,-0.052495604635225776,0.2038770507676855,-0.644072468607026,0.0000,1.0000,0.0000,10.409
2026-04-28 00:31:10.530,1760,0.21393567554742846,0.20561403474282813,-0.05240890932600511,0.20413595860085906,-0.6440030134306015,0.0000,1.0000,0.1000,9.349
2026-04-28 00:31:10.554,1761,0.21369145242062035,0.2056021581555521,-0.05232238071817988,0.20439301934477813,-0.6439340723604078,0.0000,1.0000,0.2500,9.817
2026-04-28 00:31:10.578,1762,0.21344875610684347,0.20559024455663047,-0.05223616702392717,0.2046485692047527,-0.6438655051314042,0.0000,1.0000,0.3000,10.193
2026-04-28 00:31:10.602,1763,0.2132066511192177,0.20557866778839679,-0.05215067612134203,0.20490329213136194,-0.6437971588070333,0.0000,1.0000,-0.0500,9.090
2026-04-28 00:31:10.627,1764,0.21296493623005083,0.20556723744718075,-0.052065489076393134,0.20515755114272433,-0.6437289000083841,0.0000,1.0000,0.0500,8.953
2026-04-28 00:31:10.652,1765,0.2127220117429585,0.20555576645303747,-0.051979965404656624,0.20541300759626432,-0.6436603688213212,0.0000,1.0000,0.2000,9.906
2026-04-28 00:31:10.675,1766,0.21248069380300974,0.20554434508950362,-0.05189490464421878,0.20566683231014146,-0.6435922293097408,0.0000,1.0000,0.1000,8.740
2026-04-28 00:31:10.701,1767,0.21224199933888133,0.20553250700289766,-0.0518099430423218,0.20591817645975855,-0.643524817203256,0.0000,1.0000,0.5000,12.471
2026-04-28 00:31:10.726,1768,0.21200337167691372,0.2055205396660897,-0.05172475139044172,0.20616955014313076,-0.6434573720366087,0.0000,1.0000,0.4000,7.595
2026-04-28 00:31:10.748,1769,0.21176589747662328,0.20550872595465625,-0.05164006707892188,0.2064196922921143,-0.6433902068400595,0.0000,1.0000,0.1000,8.884
2026-04-28 00:31:10.773,1770,0.2115284762988942,0.20549678346322864,-0.05155515134298028,0.20666987674252713,-0.6433230064108626,0.0000,1.0000,0.3000,11.477
2026-04-28 00:31:10.795,1771,0.21129271556117926,0.2054852748231667,-0.05147133046491563,0.20691815053063095,-0.64325625303895,0.0000,0.9000,-0.2000,8.351
2026-04-28 00:31:10.819,1772,0.21105719737242676,0.20547381477488866,-0.051387672695484984,0.2071661238387535,-0.6431895928198046,0.0000,1.0000,-0.0500,11.283
2026-04-28 00:31:10.843,1773,0.21082315659420706,0.20546212329986804,-0.051304026693743045,0.20741273398694848,-0.6431232943962938,0.0000,1.0000,0.2500,11.785
2026-04-28 00:31:10.869,1774,0.21058938408224165,0.20545029954119692,-0.05122023838604331,0.2076591410969998,-0.6430570549368154,0.0000,1.0000,0.1000,12.476
2026-04-28 00:31:10.895,1775,0.21035677807154426,0.2054385370813087,-0.051136783460756105,0.20790438168297384,-0.6429910597134221,0.0000,1.0000,0.2000,9.258
2026-04-28 00:31:10.918,1776,0.2101244927715411,0.20542683209441961,-0.05105356451997564,0.20814920776049994,-0.6429252170248558,0.0000,1.0000,0.0000,11.171
2026-04-28 00:31:10.942,1777,0.20989205708830364,0.20541471707998704,-0.05096956183477297,0.20839448487823495,-0.6428592083516044,0.0000,1.0000,0.4500,12.794
2026-04-28 00:31:10.966,1778,0.20966139185344654,0.2054026615899643,-0.05088608142350841,0.20863796038120577,-0.6427936353433218,0.0000,1.0000,0.0000,7.380
2026-04-28 00:31:10.991,1779,0.20943023413654757,0.2053907685346609,-0.05080275178165293,0.20888181399115002,-0.64272797208985,0.0000,1.0000,0.2000,8.560
2026-04-28 00:31:11.016,1780,0.20920054563993237,0.20537828582518594,-0.05071889399089016,0.2091244931531482,-0.6426626677666468,0.0000,1.0000,0.5500,12.913
2026-04-28 00:31:11.037,1781,0.20897048603065138,0.2053657812246548,-0.0506349392258889,0.20936752276049958,-0.6425973018647393,0.0000,1.0000,0.1000,10.609
2026-04-28 00:31:11.063,1782,0.20874074048131758,0.20535288369018911,-0.05055054099964334,0.20961037226521,-0.6425320844230548,0.0000,1.0000,0.4000,9.405
2026-04-28 00:31:11.086,1783,0.20851133508696904,0.20534015803855712,-0.05046647290433437,0.20985279741779095,-0.6424669417708133,0.0000,1.0000,0.2000,10.860
2026-04-28 00:31:11.114,1784,0.20828246922733104,0.2053274142966523,-0.05038249626058473,0.21009469680341,-0.6424019201510562,0.0000,1.0000,0.0500,9.755
2026-04-28 00:31:11.147,1785,0.20805412501090062,0.20531446530083247,-0.05029840803382298,0.21033611627309856,-0.6423370972379925,0.0000,1.0000,0.3500,15.151
2026-04-28 00:31:11.169,1786,0.20782577969744523,0.205301314096648,-0.050214039701230645,0.2105776110920332,-0.6422722999043455,0.0000,1.0000,0.2500,10.385
2026-04-28 00:31:11.192,1787,0.20759776591862789,0.2052881520363145,-0.05012975999755131,0.2108187542346473,-0.6422076098209452,0.0000,1.0000,0.0500,10.785
2026-04-28 00:31:11.217,1788,0.20736996106202782,0.20527507585902335,-0.05004568548482744,0.21105961837787007,-0.64214299840599,0.0000,1.0000,0.2000,11.136
2026-04-28 00:31:11.241,1789,0.20714113348521151,0.20526208886923664,-0.04996151188158562,0.21130143469135532,-0.6420781563867828,0.0000,1.0000,0.3000,12.029
2026-04-28 00:31:11.263,1790,0.20691234737581796,0.20524918592110425,-0.04987745733596455,0.21154317382002943,-0.6420133095962245,0.0000,1.0000,0.2000,8.817
2026-04-28 00:31:11.286,1791,0.20668473189649492,0.20523645725358927,-0.049793979238462904,0.21178362980255847,-0.6419487800328666,0.0000,1.0000,0.1000,11.346
2026-04-28 00:31:11.309,1792,0.20645579756118887,0.20522353022331172,-0.04970985516624429,0.21202551142788872,-0.6418839042059425,0.0000,1.0000,0.3000,9.628
2026-04-28 00:31:11.336,1793,0.20622671099846238,0.20521049926947904,-0.0496255595412494,0.2122675720735802,-0.6418190148460767,0.0000,1.0000,0.2500,9.688
2026-04-28 00:31:11.364,1794,0.20599778333197888,0.20519717834020715,-0.049540891870492314,0.21250959310763165,-0.6417541905060917,0.0000,1.0000,0.4000,11.591
2026-04-28 00:31:11.390,1795,0.2057696315537693,0.20518365875701852,-0.04945614265110281,0.21275091257100692,-0.6416895846692965,0.0000,1.0000,0.2000,13.374
2026-04-28 00:31:11.414,1796,0.20554269510521783,0.2051703146963474,-0.04937190338106572,0.2129909677413331,-0.6416252275379603,0.0000,1.0000,-0.0500,7.530
2026-04-28 00:31:11.440,1797,0.20531600115570475,0.20515705598733922,-0.049287875181050086,0.21323071297100663,-0.6415609554584356,0.0000,1.0000,0.0500,7.183
2026-04-28 00:31:11.463,1798,0.20509193065968062,0.2051438811519825,-0.04920473144910126,0.2134677038458962,-0.6414974440156459,0.0000,1.0000,0.1000,6.030
2026-04-28 00:31:11.487,1799,0.20486819465053022,0.20513098048445952,-0.049122065420962,0.21370423025756383,-0.6414340009743733,0.0000,1.0000,0.1000,10.545
2026-04-28 00:31:11.510,1800,0.20464530972928788,0.20511825436185774,-0.049039818560317514,0.2139398561176175,-0.64137071720343,0.0000,1.0000,0.1500,7.178
2026-04-28 00:31:11.533,1801,0.20442275274152763,0.2051054173532559,-0.048957470882939946,0.21417521623326646,-0.6413075008361667,0.0000,1.0000,0.1000,9.650
2026-04-28 00:31:11.557,1802,0.2042001943135856,0.20509256702963083,-0.048875165585230806,0.2144105279424664,-0.6412443486841486,0.0000,1.0000,0.0500,12.311
2026-04-28 00:31:11.581,1803,0.2039784917004166,0.2050795160844665,-0.04879275775896991,0.21464509034828363,-0.6411813967709837,0.0000,1.0000,0.2500,9.104
2026-04-28 00:31:11.605,1804,0.2037566938813509,0.2050666421880881,-0.04871057617514493,0.21487966571328132,-0.6411184073346456,0.0000,1.0000,0.0500,6.707
2026-04-28 00:31:11.631,1805,0.2035364809075597,0.2050537591812264,-0.048628800628473044,0.21511263594144633,-0.6410558393816418,0.0000,1.0000,0.2000,12.792
2026-04-28 00:31:11.653,1806,0.20331637424859905,0.2050408633796216,-0.048547056849031704,0.21534548078489335,-0.6409933241417325,0.0000,1.0000,0.2000,12.290
2026-04-28 00:31:11.676,1807,0.20309646483505392,0.2050277672661929,-0.04846512419827935,0.2155781728374723,-0.6409309222256913,0.0000,1.0000,0.3000,11.307
2026-04-28 00:31:11.700,1808,0.20287657484342692,0.20501522296958868,-0.048383968671758974,0.2158106081397002,-0.6408684714101767,0.0000,1.0000,0.0000,7.188
2026-04-28 00:31:11.724,1809,0.20265774774109083,0.2050027520293649,-0.04830317212774473,0.21604195159552678,-0.6408062712186061,0.0000,1.0000,0.1000,9.845
2026-04-28 00:31:11.748,1810,0.20243627558665017,0.20499044507293787,-0.048221980649627336,0.21627583621602367,-0.6407434317681057,0.0000,1.0000,-0.1500,13.679
2026-04-28 00:31:11.772,1811,0.2022144163188881,0.20497849044449615,-0.048141204866959365,0.21650993907164867,-0.640680481147182,0.0000,1.0000,0.1000,11.589
2026-04-28 00:31:11.795,1812,0.20199272349518818,0.2049665089911832,-0.04806033428373348,0.21674396038923258,-0.640617477564721,0.0000,1.0000,0.1500,10.028
2026-04-28 00:31:11.820,1813,0.2017695921867256,0.20495459634472132,-0.04797915319514486,0.21697942369957207,-0.6405540618443087,0.0000,1.0000,0.2500,10.989
2026-04-28 00:31:11.846,1814,0.2015455863839537,0.20494246941098093,-0.04789734071332316,0.21721593643517223,-0.6404903377156039,0.0000,1.0000,0.4000,9.239
2026-04-28 00:31:11.871,1815,0.20132250865046514,0.20493041030599637,-0.04781584777012819,0.21745149336015024,-0.6404268329131045,0.0000,1.0000,0.0500,8.342
2026-04-28 00:31:11.898,1816,0.20110162439869708,0.20491842198559881,-0.04773503488404302,0.2176847958769181,-0.6403639034985862,0.0000,1.0000,0.2000,13.418
2026-04-28 00:31:11.923,1817,0.2008805684572239,0.2049062211746909,-0.047653846795445313,0.2179183821146414,-0.6403009191024562,0.0000,1.0000,0.3500,9.462
2026-04-28 00:31:11.947,1818,0.20065993738204352,0.20489400195604174,-0.04757283591299763,0.21815146883527203,-0.6402381409869466,0.0000,1.0000,0.1000,10.285
2026-04-28 00:31:11.972,1819,0.2004401069556292,0.2048822219049049,-0.04749266649517609,0.2183835443833338,-0.6401755470257102,0.0000,0.9500,-0.2500,7.995
2026-04-28 00:31:11.996,1820,0.20022140298162078,0.20487041359179797,-0.047412721947235406,0.21861451426456005,-0.6401132217466116,0.0000,1.0000,0.3000,8.718
2026-04-28 00:31:12.018,1821,0.20000209174801725,0.2048588592610478,-0.04733298961056977,0.21884597321884947,-0.6400507291032651,0.0000,1.0000,0.0500,7.844
2026-04-28 00:31:12.042,1822,0.19978409761040483,0.20484736831999242,-0.0472537025244762,0.2190760619867307,-0.6399885880029906,0.0000,1.0000,0.0500,6.658
2026-04-28 00:31:12.067,1823,0.19956635455750482,0.20483603124108793,-0.047174694239406186,0.21930582993781397,-0.6399264962668998,0.0000,1.0000,0.1500,11.542
2026-04-28 00:31:12.090,1824,0.19934812426700954,0.20482447680037352,-0.04709518530599933,0.21953623150183688,-0.6398642312612277,0.0000,1.0000,0.5000,12.203
2026-04-28 00:31:12.122,1825,0.19913016654032112,0.20481279917795148,-0.04701550643723021,0.21976646026150776,-0.6398019824087549,0.0000,1.0000,0.3000,8.013
2026-04-28 00:31:12.144,1826,0.19891302163362518,0.20480137321654723,-0.04693635518194952,0.21999578842982134,-0.6397398849745037,0.0000,1.0000,0.0500,9.383
2026-04-28 00:31:12.169,1827,0.19869605030240534,0.20479000512020135,-0.04685724410096814,0.22022498176267974,-0.6396777421937806,0.0000,1.0000,0.1000,9.557
2026-04-28 00:31:12.195,1828,0.1984786844144924,0.20477841656285356,-0.04677769350875347,0.2204546837511198,-0.6396154918509909,0.0000,1.0000,0.3500,11.065
2026-04-28 00:31:12.224,1829,0.19826332840725502,0.20476633271595573,-0.04669785485379629,0.22068265737061118,-0.6395536976185827,0.0000,1.0000,0.6500,13.976
2026-04-28 00:31:12.252,1830,0.19804682729376927,0.20475422495343604,-0.046617605857529255,0.2209118544584754,-0.6394915301385145,0.0000,1.0000,0.2500,10.761
2026-04-28 00:31:12.285,1831,0.19783007539574868,0.20474228031744593,-0.04653764072478463,0.22114113518521283,-0.6394294030340879,0.0000,1.0000,-0.0500,9.888
2026-04-28 00:31:12.312,1832,0.19761367784730638,0.20473039809236315,-0.04645784335926944,0.2213700378809295,-0.6393673512644148,0.0000,1.0000,-0.1000,8.053
2026-04-28 00:31:12.336,1833,0.19739906796799603,0.2047183031592944,-0.046378124259740174,0.22159729496813002,-0.6393056979888333,0.0000,1.0000,0.3500,12.870
2026-04-28 00:31:12.362,1834,0.1971847786381734,0.20470664951656445,-0.04629913307160728,0.22182401828450127,-0.6392441118377749,0.0000,0.8500,-0.2500,8.191
2026-04-28 00:31:12.386,1835,0.19697133680454654,0.20469487124516583,-0.0462201952142317,0.22204992985246325,-0.6391827670918819,0.0000,1.0000,0.2500,12.941
2026-04-28 00:31:12.410,1836,0.19675927730839465,0.204683251500627,-0.0461418675248416,0.2222743545957816,-0.6391217958381191,0.0000,1.0000,0.1000,11.417
2026-04-28 00:31:12.435,1837,0.19654671038429716,0.2046719779508574,-0.0460639948862767,0.22249905984489382,-0.6390607614407453,0.0000,1.0000,0.0000,9.818
2026-04-28 00:31:12.460,1838,0.19633492353237605,0.20466067338332383,-0.045986370967313575,0.22272291667189142,-0.6390000233708713,0.0000,1.0000,0.2000,10.970
2026-04-28 00:31:12.483,1839,0.19612365028606976,0.2046492398778836,-0.04590870714406651,0.22294630066017623,-0.6389394398686064,0.0000,1.0000,0.2500,11.506
2026-04-28 00:31:12.506,1840,0.19591334247766615,0.20463814268999267,-0.04583173469480062,0.2231685910544417,-0.6388790443130564,0.0000,1.0000,-0.1000,7.539
2026-04-28 00:31:12.531,1841,0.1957048565484994,0.2046271032966168,-0.04575528926721595,0.22338903927083842,-0.6388190901207369,0.0000,1.0000,0.2000,8.539
2026-04-28 00:31:12.558,1842,0.19549596757039167,0.2046159349626135,-0.04567857461964874,0.2236099315833394,-0.6387590611371979,0.0000,1.0000,0.3500,13.409
2026-04-28 00:31:12.583,1843,0.19528692262892602,0.20460463633026285,-0.045601570768189915,0.22383108541211036,-0.638698939399843,0.0000,1.0000,0.1500,10.617
2026-04-28 00:31:12.607,1844,0.19507710391975905,0.20459320937668798,-0.04552428035253555,0.2240529943239857,-0.6386387245676453,0.0000,1.0000,0.1500,12.932
2026-04-28 00:31:12.634,1845,0.19486831570981605,0.20458146960955462,-0.0454468373465711,0.2242739786320462,-0.6385788273381787,0.0000,1.0000,0.2000,12.610
2026-04-28 00:31:12.660,1846,0.19465907196490992,0.20456942516713475,-0.045368731891532815,0.22449564079705084,-0.6385187256306811,0.0000,1.0000,0.4500,11.925
2026-04-28 00:31:12.687,1847,0.19444995649345487,0.20455744970985712,-0.04529082218359057,0.2247170888264962,-0.6384587171363075,0.0000,1.0000,0.0000,11.634
2026-04-28 00:31:12.717,1848,0.1942424438430105,0.20454545094091922,-0.04521333890846858,0.22493689397412425,-0.6383991709718299,0.0000,1.0000,0.1500,11.299
2026-04-28 00:31:12.742,1849,0.1940352953379712,0.20453370651612854,-0.04513634607252995,0.22515619038180315,-0.6383397346459562,0.0000,0.9500,-0.2000,10.004
2026-04-28 00:31:12.767,1850,0.19383019477197408,0.204521749267037,-0.045059529147620764,0.22537355566593043,-0.6382807943694699,0.0000,1.0000,0.2500,10.445
2026-04-28 00:31:12.790,1851,0.19362625158482338,0.20450921362413255,-0.044982079128304715,0.2255900936263505,-0.6382220894776746,0.0000,1.0000,0.5000,10.180
2026-04-28 00:31:12.815,1852,0.19342269601666662,0.20449666385112875,-0.04490465420741109,0.22580628854658877,-0.6381634317545031,0.0000,1.0000,0.2500,13.180
2026-04-28 00:31:12.839,1853,0.19322194062218367,0.20448400532294886,-0.04482775409165371,0.22601974442460418,-0.6381054628311588,0.0000,1.0000,0.2500,9.015
2026-04-28 00:31:12.865,1854,0.19302007150481165,0.20447152387972012,-0.04475082690344345,0.22623423401176573,-0.6380472020569327,0.0000,1.0000,0.1500,8.610
2026-04-28 00:31:12.890,1855,0.19281801301589052,0.20445902384040887,-0.04467377586097542,0.2264489583190207,-0.6379888461588354,0.0000,1.0000,0.2000,10.856
2026-04-28 00:31:12.915,1856,0.19261736038421734,0.20444706725611936,-0.044597805311014156,0.22666207116434217,-0.6379307563944313,0.0000,0.8500,-0.0500,8.382
2026-04-28 00:31:12.941,1857,0.19241836889410244,0.204435270495036,-0.044522518818101764,0.226873416968387,-0.63787311176363,0.0000,1.0000,0.0500,9.710
2026-04-28 00:31:12.966,1858,0.192219233911966,0.20442382054259614,-0.04444770328715418,0.22708474084527197,-0.637815418681021,0.0000,0.9000,-0.1500,9.723
2026-04-28 00:31:12.989,1859,0.19202100478960682,0.20441262075394437,-0.044373443102589755,0.22729506819538334,-0.6377579064863178,0.0000,1.0000,0.1500,6.059
2026-04-28 00:31:13.012,1860,0.19182187218003083,0.20440166700966866,-0.04429931789964552,0.22750617994468583,-0.6377001609820675,0.0000,1.0000,0.1000,8.049
2026-04-28 00:31:13.038,1861,0.19162349949221244,0.2043906757376838,-0.04422535537966866,0.22771652474400775,-0.6376426352161141,0.0000,1.0000,0.1500,9.489
2026-04-28 00:31:13.063,1862,0.1914267373685954,0.20437982929019502,-0.04415193016573665,0.22792525006642783,-0.6375854302717706,0.0000,0.9000,0.0000,9.495
2026-04-28 00:31:13.087,1863,0.1912305395505715,0.20436885264850416,-0.04407844405248381,0.22813347900840425,-0.6375283604604342,0.0000,1.0000,0.3000,10.130
2026-04-28 00:31:13.117,1864,0.19103265762496408,0.20435792942698228,-0.04400460936017939,0.228343369012115,-0.637470862669702,0.0000,1.0000,0.0500,8.466
2026-04-28 00:31:13.141,1865,0.19083389203333698,0.2043470588256182,-0.0439306266676443,0.22855411873846976,-0.6374131386674631,0.0000,1.0000,0.1500,12.094
2026-04-28 00:31:13.164,1866,0.19063602604764843,0.20433614884750909,-0.04385680001909269,0.22876399397336566,-0.6373556304825014,0.0000,1.0000,0.1000,10.803
2026-04-28 00:31:13.189,1867,0.19043831392243085,0.20432492403671398,-0.0437824950395069,0.22897390603014925,-0.6372981169130882,0.0000,1.0000,0.4000,8.410
2026-04-28 00:31:13.214,1868,0.19024001530747778,0.20431384777198613,-0.04370829726422563,0.22918430316141722,-0.6372404884159689,0.0000,1.0000,0.0000,12.525
2026-04-28 00:31:13.237,1869,0.19003908304056408,0.20430292106314424,-0.0436335849962293,0.22939732119648007,-0.6371821217690896,0.0000,1.0000,0.1500,13.605
2026-04-28 00:31:13.261,1870,0.18983887421911422,0.20429195336224315,-0.04355898699487923,0.22960963810086354,-0.6371239315435775,0.0000,1.0000,0.1500,9.940
2026-04-28 00:31:13.283,1871,0.1896371506271485,0.20428067177437248,-0.04348349692328626,0.2298236585244237,-0.6370653207349096,0.0000,1.0000,0.4500,11.736
2026-04-28 00:31:13.305,1872,0.18943464718897657,0.20426935751026368,-0.04340771814360968,0.2300385087189857,-0.6370064708792985,0.0000,1.0000,0.1500,12.088
2026-04-28 00:31:13.329,1873,0.18923406070451645,0.20425791701033227,-0.043332223526928,0.2302515074890291,-0.6369480951774977,0.0000,1.0000,0.2000,7.947
2026-04-28 00:31:13.353,1874,0.1890326909735243,0.20424653447792754,-0.04325657814040082,0.23046529191585693,-0.6368894823820866,0.0000,1.0000,0.0500,11.255
2026-04-28 00:31:13.378,1875,0.18883170172038644,0.20423521170436698,-0.043181040323312166,0.23067872563445904,-0.6368308881359602,0.0000,1.0000,0.2000,9.060
2026-04-28 00:31:13.404,1876,0.188632761434688,0.204223947816484,-0.04310606273090163,0.2308901111492827,-0.6367727663948362,0.0000,1.0000,0.1500,10.428
2026-04-28 00:31:13.431,1877,0.18843473506604594,0.20421274759682873,-0.04303151111117371,0.23110046728106676,-0.6367149757237612,0.0000,1.0000,0.1000,11.286
2026-04-28 00:31:13.453,1878,0.18823625820324086,0.20420132788574777,-0.042956439000040085,0.2313114445488851,-0.6366569943891316,0.0000,1.0000,0.3500,10.176
2026-04-28 00:31:13.477,1879,0.18803844201666434,0.20419005996647216,-0.04288175373804273,0.231521688072379,-0.636599172797782,0.0000,1.0000,-0.1000,7.986
2026-04-28 00:31:13.502,1880,0.1878416443262119,0.20417894105271578,-0.04280750887086558,0.231730866838359,-0.6365415686660977,0.0000,1.0000,0.1000,6.837
2026-04-28 00:31:13.527,1881,0.18764638404918635,0.20416787754279914,-0.042733730297098815,0.2319384795021644,-0.6364843482865913,0.0000,1.0000,0.1500,10.865
2026-04-28 00:31:13.550,1882,0.1874512837796723,0.20415677737595822,-0.04265993636015367,0.23214594890005463,-0.6364271680853522,0.0000,1.0000,0.2500,8.936
2026-04-28 00:31:13.574,1883,0.18725836914667693,0.20414582898863337,-0.042586952096130296,0.23235112643381106,-0.6363705704354791,0.0000,1.0000,0.2000,12.114
2026-04-28 00:31:13.599,1884,0.18706594625376302,0.20413493617788506,-0.042514171379864754,0.2325557848065906,-0.6363140935080015,0.0000,1.0000,0.1500,9.186
2026-04-28 00:31:13.624,1885,0.18687291571329961,0.20412456442993843,-0.04244198225502906,0.23276081896143264,-0.6362574271091613,0.0000,1.0000,0.1000,9.334
2026-04-28 00:31:13.651,1886,0.1866797776031646,0.20411442438976618,-0.04237004113967499,0.23296590118017627,-0.6362006616815801,0.0000,1.0000,0.1500,10.211
2026-04-28 00:31:13.675,1887,0.18648493457655543,0.20410414285818498,-0.04229753162631063,0.23317270125352407,-0.6361435406086892,0.0000,1.0000,0.1500,13.288
2026-04-28 00:31:13.701,1888,0.1862911584214265,0.20409390705602043,-0.04222542929446256,0.23337835236836418,-0.636086758631043,0.0000,1.0000,0.2000,10.581
2026-04-28 00:31:13.724,1889,0.18609720244159786,0.20408380729381914,-0.04215352130917965,0.23358408539288458,-0.6360299674402529,0.0000,1.0000,0.1500,9.383
2026-04-28 00:31:13.749,1890,0.1859031141454017,0.2040737454863315,-0.04208163323377461,0.23378993323560668,-0.6359731397200022,0.0000,1.0000,-0.0500,11.221
2026-04-28 00:31:13.774,1891,0.18570827322482766,0.2040640979013378,-0.04201020999829452,0.23399629961147664,-0.6359161559912768,0.0000,1.0000,0.0000,8.305
2026-04-28 00:31:13.800,1892,0.18551465373122755,0.2040543930289413,-0.04193903934256609,0.23420144505537635,-0.6358595112514683,0.0000,1.0000,0.2000,10.252
2026-04-28 00:31:13.823,1893,0.18532108427711877,0.20404500348821206,-0.0418683861172117,0.2344063556545241,-0.6358029114154231,0.0000,1.0000,0.0500,9.730
2026-04-28 00:31:13.847,1894,0.18512690888241523,0.2040355534258085,-0.04179752345335986,0.23461187461476232,-0.6357461933872187,0.0000,1.0000,0.2000,10.671
2026-04-28 00:31:13.872,1895,0.18493345786920934,0.20402585720067865,-0.04172654047038465,0.23481673645783654,-0.6356897247408497,0.0000,1.0000,0.2000,11.269
2026-04-28 00:31:13.899,1896,0.18473894839016505,0.20401647670229844,-0.04165576193013534,0.23502250099806973,-0.6356329873970985,0.0000,1.0000,0.1500,10.199
2026-04-28 00:31:13.922,1897,0.1845439740344386,0.20400703855111166,-0.04158477609437802,0.23522876141198548,-0.6355761296803152,0.0000,1.0000,0.3500,12.174
2026-04-28 00:31:13.949,1898,0.1843478619865793,0.20399735454609588,-0.04151309340480624,0.2354363158804804,-0.635518944327078,0.0000,1.0000,0.1500,10.343
2026-04-28 00:31:13.974,1899,0.1841512032226062,0.20398761538887172,-0.04144104634062375,0.23564455915277815,-0.6354614777576105,0.0000,1.0000,0.4000,10.632
2026-04-28 00:31:13.998,1900,0.18395411805987694,0.2039780034535191,-0.04136907864160898,0.23585316766695924,-0.6354039001441203,0.0000,1.0000,-0.1000,10.383
2026-04-28 00:31:14.023,1901,0.1837587752025733,0.2039683354132287,-0.041297528572235565,0.2360600075409373,-0.6353468247349406,0.0000,1.0000,0.0500,11.946
2026-04-28 00:31:14.047,1902,0.18356386821664214,0.20395824415226518,-0.04122537706270855,0.23626668221805652,-0.6352897831276207,0.0000,1.0000,0.4000,9.138
2026-04-28 00:31:14.072,1903,0.1833695676490971,0.2039482885107929,-0.0411535803576342,0.23647268147409717,-0.6352328933003552,0.0000,1.0000,0.1500,10.063
2026-04-28 00:31:14.108,1904,0.1831753258145032,0.20393837049053243,-0.041081816699541696,0.23667863228523506,-0.6351759804870197,0.0000,1.0000,-0.0500,11.444
2026-04-28 00:31:14.134,1905,0.1829809866184319,0.20392849514980163,-0.04100998616176938,0.2368847430295019,-0.6351189371674945,0.0000,1.0000,0.2500,9.250
2026-04-28 00:31:14.158,1906,0.18278593873973162,0.20391847781740907,-0.040937800798711226,0.23709160387050185,-0.6350617523970687,0.0000,1.0000,0.2000,9.040
2026-04-28 00:31:14.180,1907,0.18259120712917978,0.2039084138966968,-0.0408655882865322,0.23729819950875192,-0.635004610741091,0.0000,1.0000,0.2500,9.225
2026-04-28 00:31:14.202,1908,0.18239664983930104,0.2038984857594896,-0.04079362195347934,0.23750455251934766,-0.634947511964355,0.0000,1.0000,0.0000,10.868
2026-04-28 00:31:14.225,1909,0.1822007768220248,0.2038884140434994,-0.04072107668230646,0.23771231950008487,-0.6348900499874157,0.0000,1.0000,0.2000,11.540
2026-04-28 00:31:14.248,1910,0.1820046758393648,0.20387875284256274,-0.0406491609153098,0.23792005137205802,-0.6348326021062687,0.0000,1.0000,-0.2000,8.752
2026-04-28 00:31:14.271,1911,0.18180801820023934,0.20386894429907496,-0.040576813927332304,0.23812846918650887,-0.6347749443767008,0.0000,1.0000,0.2000,8.450
2026-04-28 00:31:14.296,1912,0.1816131797951464,0.2038590837265546,-0.04050488291347934,0.23833506121271314,-0.6347177810181587,0.0000,1.0000,0.2500,9.533
2026-04-28 00:31:14.322,1913,0.18141792524434175,0.2038493557967096,-0.040432945717286124,0.23854208276785457,-0.6346604128613152,0.0000,1.0000,0.2500,8.768
2026-04-28 00:31:14.349,1914,0.18122152834777103,0.2038399442309073,-0.04036113376021116,0.23875013829751762,-0.6346026957403573,0.0000,1.0000,0.2500,10.913
2026-04-28 00:31:14.374,1915,0.18102342048798406,0.20383029067379643,-0.04028857208820246,0.23895999182764252,-0.6345445922291173,0.0000,1.0000,0.3000,11.581
2026-04-28 00:31:14.398,1916,0.18082594439103114,0.20382095162367747,-0.04021661122739514,0.2391690783225134,-0.6344866181012143,0.0000,1.0000,0.1500,10.967
2026-04-28 00:31:14.423,1917,0.18063069373194782,0.20381164591888376,-0.04014529697129486,0.2393758894110945,-0.6344292408876646,0.0000,1.0000,0.1500,7.430
2026-04-28 00:31:14.449,1918,0.1804349242369131,0.20380246145619885,-0.040074040354056734,0.2395831532295763,-0.6343717397725335,0.0000,1.0000,0.0000,9.104
2026-04-28 00:31:14.474,1919,0.1802406156415956,0.20379321307460874,-0.04000312668118996,0.23978892814876546,-0.6343146777980102,0.0000,1.0000,0.0000,13.328
2026-04-28 00:31:14.497,1920,0.18004606696345724,0.2037839948488225,-0.03993216639523633,0.2399949524691672,-0.634257524289805,0.0000,1.0000,0.1000,12.130
2026-04-28 00:31:14.520,1921,0.17984923073372602,0.20377507998235866,-0.039860989719637,0.24020319124547773,-0.6341996996613843,0.0000,1.0000,0.0000,8.328
2026-04-28 00:31:14.543,1922,0.1796525013277506,0.20376628317595943,-0.039789954396510493,0.24041131308997207,-0.6341418395991274,0.0000,1.0000,0.2000,12.359
2026-04-28 00:31:14.568,1923,0.17945367679307947,0.20375750788802327,-0.039718398742083605,0.240621541348002,-0.6340834272271064,0.0000,1.0000,0.0000,8.972
2026-04-28 00:31:14.591,1924,0.17925516275732808,0.2037487584197747,-0.039647033664657334,0.24083138581695238,-0.6340251669972972,0.0000,1.0000,0.0500,12.042
2026-04-28 00:31:14.613,1925,0.17905548444751257,0.2037399398323638,-0.039575277849100886,0.24104242492515185,-0.6339666199984225,0.0000,1.0000,0.0000,7.368
2026-04-28 00:31:14.639,1926,0.17885518649934198,0.20373096298360363,-0.03950309988748832,0.24125418570564944,-0.6339078885314822,0.0000,1.0000,0.1500,11.131
2026-04-28 00:31:14.665,1927,0.178655302410058,0.20372201556806108,-0.03943111278725863,0.2414654823554817,-0.6338493040577753,0.0000,1.0000,0.2000,6.967
2026-04-28 00:31:14.689,1928,0.178454365732154,0.20371327505290412,-0.039359215800785635,0.24167769287213806,-0.6337904996246986,0.0000,1.0000,-0.1000,9.126
2026-04-28 00:31:14.715,1929,0.17825252950659534,0.203704740931498,-0.03928740816873124,0.24189069508982236,-0.6337314752287043,0.0000,1.0000,-0.1000,10.906
2026-04-28 00:31:14.739,1930,0.1780529963402674,0.20369641008960718,-0.03921655834934606,0.24210122999039876,-0.6336731039952971,0.0000,1.0000,0.0000,9.473
2026-04-28 00:31:14.765,1931,0.1778554950825793,0.20368819225877266,-0.03914645821707357,0.2423096178205926,-0.6336153131975709,0.0000,1.0000,0.0500,10.306
2026-04-28 00:31:14.789,1932,0.17765681502750355,0.20367990096181915,-0.03907585340181547,0.2425193001208046,-0.6335571281772132,0.0000,1.0000,0.2000,7.413
2026-04-28 00:31:14.816,1933,0.17745762425203274,0.20367126824202927,-0.03900468149288676,0.24272960480160652,-0.6334988884546974,0.0000,1.0000,0.3500,14.357
2026-04-28 00:31:14.840,1934,0.17725954627355575,0.20366284304377819,-0.038934069338644045,0.2429387158445847,-0.6334408974579585,0.0000,1.0000,0.1000,8.574
2026-04-28 00:31:14.865,1935,0.17706218532913529,0.20365452975401885,-0.03886377500384685,0.24314707649207182,-0.6333830566675256,0.0000,1.0000,0.1000,5.965
2026-04-28 00:31:14.890,1936,0.1768633585471953,0.20364641387603877,-0.038793380196336345,0.24335682754008653,-0.6333248195325646,0.0000,1.0000,-0.1500,10.757
2026-04-28 00:31:14.913,1937,0.1766644953037849,0.2036383153440296,-0.03872300841364854,0.2435666006562334,-0.6332665796456363,0.0000,1.0000,0.2000,7.549
2026-04-28 00:31:14.938,1938,0.17646685571039297,0.2036300494165095,-0.038652767017335325,0.24377517255539305,-0.6332087214768827,0.0000,1.0000,0.2000,10.048
2026-04-28 00:31:14.965,1939,0.17626994056362277,0.20362143905875035,-0.03858219413442384,0.2439831881865167,-0.6331510487018452,0.0000,1.0000,0.3500,10.139
2026-04-28 00:31:14.989,1940,0.1760732792622145,0.20361285072802926,-0.03851169024849663,0.24419096017582292,-0.6330934121146664,0.0000,1.0000,0.2000,12.241
2026-04-28 00:31:15.012,1941,0.17587843400344227,0.2036039245073383,-0.03844113930262501,0.24439707968093274,-0.6330362355304581,0.0000,1.0000,0.5500,11.231
2026-04-28 00:31:15.034,1942,0.1756832003313537,0.2035953914813056,-0.038371051716216326,0.2446034137019479,-0.6329789327382659,0.0000,1.0000,0.0500,9.677
2026-04-28 00:31:15.065,1943,0.17548602394966156,0.2035871533982172,-0.03830092383347169,0.24481153983578913,-0.6329211474564937,0.0000,1.0000,-0.0500,10.830
2026-04-28 00:31:15.092,1944,0.1752887220260823,0.20357911606886336,-0.0382310368974568,0.2450197134326636,-0.6328633022087045,0.0000,1.0000,0.1500,9.327
2026-04-28 00:31:15.120,1945,0.17509287338494994,0.2035707289612809,-0.03816109421462132,0.2452265234266808,-0.6328059260960246,0.0000,1.0000,0.2000,13.419
2026-04-28 00:31:15.143,1946,0.17489712659774573,0.20356245082163504,-0.03809131367013219,0.2454331977857818,-0.6327485488811544,0.0000,1.0000,0.1500,10.237
2026-04-28 00:31:15.167,1947,0.1747033608344826,0.20355373915168862,-0.038021416309579996,0.24563807659949746,-0.6326917053538698,0.0000,1.0000,0.5000,12.565
2026-04-28 00:31:15.191,1948,0.1745112350444795,0.2035451438299746,-0.03795220498221879,0.24584117535456063,-0.6326353735425022,0.0000,1.0000,-0.1000,12.287
2026-04-28 00:31:15.217,1949,0.17431987547017805,0.20353675280465733,-0.03788352767890633,0.2460433762385056,-0.632579269512587,0.0000,1.0000,0.0000,10.398
2026-04-28 00:31:15.239,1950,0.17412676732081603,0.2035284709042881,-0.03781461305787329,0.24624724154764552,-0.6325227646764978,0.0000,1.0000,0.0500,13.746
2026-04-28 00:31:15.263,1951,0.17393175923003823,0.20352002665092372,-0.03774494664852616,0.24645311392712646,-0.6324657517775715,0.0000,1.0000,0.3500,10.482
2026-04-28 00:31:15.287,1952,0.17373882687083345,0.20351151218821575,-0.03767569476426723,0.2466569442983869,-0.632409258910793,0.0000,1.0000,0.2000,8.505
2026-04-28 00:31:15.313,1953,0.17354684093156314,0.20350302068538667,-0.037606814634413156,0.24685973555558527,-0.6323531035487499,0.0000,1.0000,0.0500,10.167
2026-04-28 00:31:15.338,1954,0.17335531428078668,0.20349482365765548,-0.03753845758494394,0.24706194641344104,-0.6322970297417412,0.0000,1.0000,0.0500,10.218
2026-04-28 00:31:15.360,1955,0.1731646379903107,0.20348673493878353,-0.03747050842004298,0.2472632258643472,-0.6322412015404989,0.0000,1.0000,0.0500,7.575
2026-04-28 00:31:15.385,1956,0.17297331313051334,0.2034786608768287,-0.03740245413105819,0.24746511791197232,-0.6321852464115169,0.0000,1.0000,0.1500,13.504
2026-04-28 00:31:15.407,1957,0.172783075977749,0.2034701483516475,-0.0373339770335961,0.24766617050791487,-0.6321295263478911,0.0000,1.0000,0.3500,11.172
2026-04-28 00:31:15.434,1958,0.1725939172335115,0.2034614777590376,-0.037265596631878714,0.2478661717737893,-0.6320741402574621,0.0000,1.0000,0.2000,14.244
2026-04-28 00:31:15.459,1959,0.17240661779793146,0.20345265131502882,-0.03719747857090452,0.2480643660337049,-0.632019250458539,0.0000,1.0000,0.3000,9.645
2026-04-28 00:31:15.481,1960,0.17221861575222966,0.20344385111873348,-0.037129255080127044,0.24826322451735777,-0.6319642160293019,0.0000,1.0000,0.1000,12.098
2026-04-28 00:31:15.504,1961,0.1720314935444261,0.2034348971080553,-0.03706108074478567,0.24846123156339706,-0.6319094616455686,0.0000,1.0000,0.1500,11.805
2026-04-28 00:31:15.526,1962,0.1718461295288831,0.20342561037138251,-0.03699281347507474,0.24865767293064236,-0.6318551135824239,0.0000,1.0000,0.6000,10.142
2026-04-28 00:31:15.552,1963,0.17166185793733138,0.2034162682658855,-0.03692473106974303,0.24885305315319356,-0.6318010336003713,0.0000,1.0000,0.2000,12.409
2026-04-28 00:31:15.576,1964,0.17147773419956094,0.20340677935406903,-0.03685653174724508,0.24904830531454575,-0.6317470570716562,0.0000,1.0000,0.3000,13.065
2026-04-28 00:31:15.599,1965,0.17129374462373906,0.2033973278836365,-0.03678838169321326,0.2492434364012638,-0.6316930738079405,0.0000,1.0000,0.1000,11.793
2026-04-28 00:31:15.624,1966,0.17110933704009723,0.20338801022188843,-0.03672022296927096,0.24943900196506327,-0.6316388813175176,0.0000,1.0000,0.4000,7.256
2026-04-28 00:31:15.651,1967,0.17092769616048328,0.2033787253409489,-0.03665283622108894,0.24963175900838383,-0.6315854117855286,0.0000,1.0000,0.0000,8.901
2026-04-28 00:31:15.674,1968,0.17074539192473542,0.20336947499136962,-0.03658523635764033,0.24982524088541086,-0.631531677492811,0.0000,1.0000,0.3000,10.980
2026-04-28 00:31:15.699,1969,0.17056369864903229,0.20335998704296734,-0.0365174976480191,0.2500181782445285,-0.6314781609014598,0.0000,1.0000,0.2500,12.424
2026-04-28 00:31:15.723,1970,0.17038181584856923,0.20335026717639806,-0.03644936213947828,0.25021142181985173,-0.6314245955355046,0.0000,1.0000,0.4500,8.162
2026-04-28 00:31:15.749,1971,0.17020029719885718,0.20334031687924833,-0.03638093377828552,0.2504044465627686,-0.631371083107627,0.0000,1.0000,0.2500,9.620
2026-04-28 00:31:15.778,1972,0.17001771223542425,0.203330323343275,-0.03631217183657375,0.2505985604687679,-0.631317302100152,0.0000,1.0000,0.3000,10.558
2026-04-28 00:31:15.806,1973,0.1698334307631887,0.20332046709390142,-0.03624318984679587,0.25079430324302604,-0.6312630952552571,0.0000,1.0000,0.1000,13.578
2026-04-28 00:31:15.834,1974,0.16964956368179462,0.20331056627447888,-0.03617431038373689,0.25098960081351346,-0.6312090579305922,0.0000,1.0000,0.3000,9.951
2026-04-28 00:31:15.857,1975,0.16946537966268962,0.20330089340282148,-0.03610562357897093,0.251185156907343,-0.6311548714789338,0.0000,1.0000,0.1000,6.883
2026-04-28 00:31:15.884,1976,0.16928274566469037,0.20329126599670055,-0.036037394342948385,0.25137913829849534,-0.6311010745320297,0.0000,1.0000,0.4000,11.004
2026-04-28 00:31:15.908,1977,0.16909987325834908,0.20328167914451709,-0.03596923249570999,0.2515732844432269,-0.6310472842753045,0.0000,1.0000,0.1000,14.822
2026-04-28 00:31:15.932,1978,0.16891579924157266,0.20327195081672012,-0.035900589732103444,0.25176867713339574,-0.6309932254459479,0.0000,1.0000,0.2000,13.100
2026-04-28 00:31:15.957,1979,0.16873110131820643,0.20326235638067836,-0.035831957554580504,0.25196465376776833,-0.6309389764934038,0.0000,1.0000,0.1500,10.281
2026-04-28 00:31:15.981,1980,0.16854781034956398,0.2032529856283365,-0.035764010899075556,0.2521591125694541,-0.630885077663764,0.0000,1.0000,0.1000,10.185
2026-04-28 00:31:16.009,1981,0.16836285774731558,0.20324338021054744,-0.03569529722983806,0.2523553495997625,-0.6308307639431022,0.0000,1.0000,0.4000,11.557
2026-04-28 00:31:16.037,1982,0.16817989269677378,0.20323381545512256,-0.035627171080969446,0.25254955461898193,-0.6307769768719347,0.0000,1.0000,0.0500,9.348
2026-04-28 00:31:16.070,1983,0.16799679126311676,0.20322447468087726,-0.03555934136616475,0.2527437879734407,-0.6307231503838933,0.0000,1.0000,0.0000,11.642
2026-04-28 00:31:16.096,1984,0.16781317173560817,0.20321507913737794,-0.03549123360759827,0.25293861949484747,-0.6306691281249901,0.0000,1.0000,0.2000,7.388
2026-04-28 00:31:16.119,1985,0.16762950518590095,0.2032058132998987,-0.035423337355540645,0.25313340982442517,-0.6306151229307995,0.0000,1.0000,0.0000,9.193
2026-04-28 00:31:16.146,1986,0.16744619872161748,0.20319676486244176,-0.03535595316202538,0.25332765422622955,-0.630561303810593,0.0000,1.0000,-0.0500,11.619
2026-04-28 00:31:16.170,1987,0.1672626995759179,0.20318774945950788,-0.03528856726084421,0.2535220768767389,-0.6305074335446793,0.0000,1.0000,0.1500,10.766
2026-04-28 00:31:16.193,1988,0.16707925035520668,0.20317876689807549,-0.03522120658235436,0.2537164620172297,-0.6304535393512416,0.0000,1.0000,0.1500,7.123
2026-04-28 00:31:16.218,1989,0.16689552602623717,0.2031695442589314,-0.03515344734910829,0.2539112176585219,-0.6303996068299716,0.0000,1.0000,0.2500,9.844
2026-04-28 00:31:16.240,1990,0.16671160486779518,0.2031602685588255,-0.03508561763441687,0.2541061496362913,-0.6303456835274002,0.0000,1.0000,0.1000,10.008
2026-04-28 00:31:16.265,1991,0.1665295245624326,0.20315112131589888,-0.03501850148659347,0.2542991276340882,-0.6302922812129984,0.0000,1.0000,0.1000,8.758
2026-04-28 00:31:16.291,1992,0.16634820656976448,0.20314164904310147,-0.034951080135733836,0.2544915120646695,-0.6302390613458311,0.0000,1.0000,0.3500,10.886
2026-04-28 00:31:16.314,1993,0.16616724594988927,0.20313240096560925,-0.03488411231628234,0.2546834043554029,-0.6301859588209967,0.0000,1.0000,0.2500,10.990
2026-04-28 00:31:16.337,1994,0.1659851577222543,0.2031233695485951,-0.03481724476429266,0.2548762698328065,-0.6301326316752313,0.0000,1.0000,-0.0500,10.164
2026-04-28 00:31:16.362,1995,0.16580366739570757,0.2031141920286704,-0.0347503322491994,0.25506859034510077,-0.6300794788215176,0.0000,1.0000,0.3000,7.324
2026-04-28 00:31:16.387,1996,0.1656220317916129,0.2031048706957881,-0.03468315753121517,0.25526113583513194,-0.630026279583627,0.0000,1.0000,0.2500,9.530
2026-04-28 00:31:16.412,1997,0.1654394449432126,0.20309585862976245,-0.03461613424003017,0.25545453733348705,-0.6299727679700391,0.0000,1.0000,0.0000,9.258
2026-04-28 00:31:16.438,1998,0.1652569759694809,0.20308687909287315,-0.03454927889570363,0.2556477326175224,-0.6299193756059267,0.0000,1.0000,0.0000,10.093
2026-04-28 00:31:16.461,1999,0.16507547505372372,0.20307766122877474,-0.03448230177648728,0.25584008372346245,-0.629866219052615,0.0000,1.0000,0.3500,11.042
2026-04-28 00:31:16.486,2000,0.1648957262274552,0.2030683874817543,-0.03441570395493163,0.25603069028389513,-0.6298135257148006,0.0000,1.0000,0.1000,9.000
