timestamp,episode,help_bob,decline_bob,delay_bob,help_carol,decline_carol,teach_carol,help_dave,decline_dave,suggest_dave
2026-04-20 22:13:30.344,1,0.6176333333333334,3.118133333333333,0.0028666666666666285,-3.392333333333333,5.103999999999999,-1.4583333333333333,4.279166666666667,-2.24,-6.035833333333333
2026-04-20 22:13:30.393,2,-0.3942115079365079,2.4665530045351467,2.285641099773243,-6.986809523809523,10.488231292517005,-2.0583877551020406,7.994666666666666,-6.485023148148148,-7.952356481481481
2026-04-20 22:13:30.439,3,-1.1737328722753548,2.463610371759996,4.061255609855235,-8.554906280491995,16.796491073224516,-1.0344965169630753,12.837579196729196,-8.725098977873978,-7.227949699374699
2026-04-20 22:13:30.470,4,-1.8761402331913009,1.7507365893621933,5.607692511218116,-10.556098699999449,21.314299843796128,-0.9711130821667977,16.054595247772173,-12.08194412406423,-7.670616523886628
2026-04-20 22:13:30.500,5,-2.3421904079204823,1.9756721959160453,8.345631114774964,-12.419246035873845,24.730303704350295,-1.6110643018265325,18.45351091926733,-15.0691859351689,-7.7315222005375155
2026-04-20 22:13:30.525,6,-4.062372980616668,0.821223665039615,10.125616950838785,-13.21922033904557,28.869883575205886,-1.9018207160182126,22.036973027987663,-16.28499003038718,-5.94610075322688
2026-04-20 22:13:30.553,7,-6.444256572870188,-1.276464122840256,11.148476126632533,-15.159252621836558,31.55671265915638,-3.578681848850083,24.066739688086106,-19.214320137434832,-5.80660436937413
2026-04-20 22:13:30.587,8,-8.125202257929319,-2.810557113973256,12.710783050966674,-16.85559245722754,34.02059595859937,-5.202389993401695,25.763745469023764,-22.829117603838597,-6.510239055568125
2026-04-20 22:13:30.616,9,-8.9955008465463,-3.851032381376157,14.807450518149507,-18.12371654334274,36.677750750887625,-6.282036263015582,27.08135580581402,-27.046203817586633,-7.785103088612526
2026-04-20 22:13:30.645,10,-9.553060186555037,-4.5313592925266235,17.257972808735072,-19.726041000555902,38.98737919857299,-7.780145537250293,30.012291428374162,-29.692691893128778,-7.3632847020027725
2026-04-20 22:13:30.678,11,-10.272753257864494,-5.6008317238847285,19.30485409798016,-21.532108797485005,40.83051762482452,-9.715549888971404,32.85649195048665,-32.55142214020208,-7.160528830514867
2026-04-20 22:13:30.700,12,-10.712904398669078,-6.424188083967934,21.658497508543736,-21.328028742635396,44.727453895437165,-9.773644901175063,36.568731611191794,-34.65275251820885,-6.201458408457964
2026-04-20 22:13:30.720,13,-11.657773564331745,-7.7340306212014704,23.46320446368869,-21.87873331880768,47.890154688023635,-10.68497243524345,38.31100948615817,-38.80489011583255,-7.3686494912618805
2026-04-20 22:13:30.736,14,-12.19949651501123,-8.765989994232035,25.280187406241183,-23.383418115598293,50.21621628759024,-12.295961459932736,39.989104503883986,-42.970523270687664,-8.4513899224054
2026-04-20 22:13:30.753,15,-12.795681082121542,-9.825841120561158,27.003406611155295,-25.32733239817689,52.16228997456499,-14.239069779915484,42.64518672652906,-46.254363927612346,-8.74059672561493
2026-04-20 22:13:30.772,16,-13.172376281425805,-10.894936694625589,28.79411729651771,-26.45415356185526,54.86500409288924,-15.419038439970757,46.87457438255259,-48.01261507012592,-7.578694820674268
2026-04-20 22:13:30.789,17,-13.780201653145097,-12.404514169565742,30.11571927530232,-27.501383794313096,57.51159575759121,-16.660258035434723,49.63489598112527,-51.30295261130915,-7.924859430398781
2026-04-20 22:13:30.813,18,-14.043751495849389,-13.559911349823683,31.94938289047377,-27.81332906420579,60.82082996712845,-17.07353180697426,51.44417585704533,-55.5258809710998,-9.0960609262246
2026-04-20 22:13:30.831,19,-14.334390127136938,-14.665347824231631,33.8880757822544,-28.5518169098372,63.70990126373283,-17.783319048083413,54.01344973942755,-59.02992979330158,-9.774980288350584
2026-04-20 22:13:30.868,20,-14.928664241681663,-16.12773443622061,35.47065255376934,-29.41736793318498,66.6350666246593,-18.3923031301978,55.602290862259245,-63.36001174511141,-11.418594973772114
2026-04-20 22:13:30.892,21,-15.23260854602433,-17.286243300372284,37.27355195923831,-31.03951876627301,68.77467565688026,-19.772148294883213,58.237638386424365,-66.3734729347781,-11.795123165970228
2026-04-20 22:13:30.912,22,-15.250548648085907,-18.184116881328013,39.35684591615249,-31.713419410339313,71.91490231100309,-20.046392169613945,60.22894883671508,-70.01884731605742,-12.802574870906279
2026-04-20 22:13:30.938,23,-15.59368634810319,-19.279633136317848,41.16543962925491,-32.980270366470386,74.36393941833488,-21.00039725871586,62.858409378079536,-73.09578495847967,-13.231869061907906
2026-04-20 22:13:30.959,24,-16.160554712151235,-20.629071076104395,42.702034267535154,-34.221486205754154,76.79081303964398,-21.91277351821299,65.4820881182231,-76.17603791082334,-13.644704119987836
2026-04-20 22:13:30.981,25,-16.793286860971822,-22.102239758965727,44.07958686107674,-35.11800079564057,79.52075055871455,-22.519942209637712,68.13609964803555,-79.25912996665254,-14.100309019473215
2026-04-20 22:13:31.010,26,-17.813973643437446,-23.94178928494299,45.013583768621984,-36.98891904507115,81.28784147395129,-24.150068598057523,71.38013586448842,-81.71851822021418,-13.928651075960909
2026-04-20 22:13:31.030,27,-18.44502597059835,-25.363368359133247,46.45419600655523,-37.84160738229116,84.0111501039234,-24.734727278005824,74.67704917763635,-84.15486375976481,-13.779933776301185
2026-04-20 22:13:31.046,28,-19.141031244196387,-26.894349532648008,47.636353906461835,-38.59130314487562,86.77340207874533,-25.229707156672628,77.61716567597072,-86.98860717387426,-13.987709970535368
2026-04-20 22:13:31.062,29,-19.584462820980917,-28.261789109158233,48.97106586490791,-39.403279145603264,89.45193180509139,-25.884894883071414,79.19477202430434,-91.23298014334837,-15.570491419698037
2026-04-20 22:13:31.078,30,-20.589309767218058,-30.189565039199106,49.798009274858956,-39.76942239060448,92.5631020962958,-26.19274759467578,82.24399730441675,-94.05047892959546,-15.657295074115678
2026-04-20 22:13:31.097,31,-20.96598128716606,-31.51346528003031,51.32454342265736,-41.58127055798834,94.26400789117639,-27.82663072614637,84.70302429562268,-97.4652597880834,-16.397674709827733
2026-04-20 22:13:31.113,32,-21.78516260336797,-33.25854627642123,52.504366314414504,-42.31796269044192,96.96400244634245,-28.315904825438743,86.79182527681921,-101.12269797131887,-17.4263290977612
2026-04-20 22:13:31.125,33,-22.27103888750888,-34.738304555398756,53.967650771761036,-42.511504739857486,100.13186992793064,-28.237449915478336,89.39131040776802,-104.13685155000894,-17.83842633105246
2026-04-20 22:13:31.139,34,-22.404782243136612,-35.92192996074094,55.68095968360997,-44.23233144701049,101.70012361416273,-29.661990223838664,91.30054947901311,-107.6718606759423,-18.746469445315554
2026-04-20 22:13:31.152,35,-23.308488741058387,-37.8716688396044,56.58583636816697,-45.00973253663552,104.14591433403059,-30.073582658550432,93.50338938793752,-110.88821689790313,-19.32535200803173
2026-04-20 22:13:31.168,36,-23.578291169482082,-39.24628804260947,58.08985936943465,-45.36131373026027,107.04052706271781,-29.929707284888536,95.96387964282539,-113.83908180164855,-19.678376753246734
2026-04-20 22:13:31.182,37,-23.884075555861504,-40.64636204352708,59.55610397726013,-47.38141784525237,108.22854411718801,-31.448767299570807,99.24044544843457,-115.98694168171109,-19.218164309830243
2026-04-20 22:13:31.195,38,-24.125218582260477,-41.91973458931905,61.14118787546039,-49.11602847997996,109.58307311097596,-32.6930086667061,102.51003513950755,-118.1333149198958,-18.756192870171674
2026-04-20 22:13:31.208,39,-24.72990111728619,-43.59649646118067,62.310797447234336,-49.66048138137226,112.08399971748105,-32.74464578588242,104.73493197253102,-121.32539850678366,-19.38258565958041
2026-04-20 22:13:31.220,40,-24.603707479921606,-44.637429742584864,64.12339086882133,-50.71390396894379,114.0799310955567,-33.332180028407656,107.43425183888509,-124.0336544325195,-19.547135636066123
2026-04-20 22:13:31.235,41,-25.090809578270402,-46.29482468933271,65.32106664843877,-51.73183418571723,116.10730961337241,-33.8045077256197,110.19744855670184,-126.67729363963653,-19.60671905945055
2026-04-20 22:13:31.247,42,-25.484358618145077,-47.92333008314685,66.53310166051924,-53.04647394261971,117.77787956558022,-34.5504146613835,112.94201043272169,-129.34972437641645,-19.65203633698285
2026-04-20 22:13:31.258,43,-25.88434191174169,-49.57657233368899,67.74394322596095,-53.80913030555206,119.89335698266419,-34.84351920143523,114.3345392549187,-133.38110883611634,-21.046785324267418
2026-04-20 22:13:31.268,44,-25.50395802628233,-50.46373684665237,69.74626555990422,-54.923158980839986,121.63850309633969,-35.45828946109299,116.54342042639594,-136.58996925281164,-21.654205177113937
2026-04-20 22:13:31.280,45,-25.424126482043974,-51.69316812546788,71.39686208799989,-56.41762387883028,122.93513849867381,-36.48665289182744,118.78035445458649,-139.78051090902704,-22.245489219601097
2026-04-20 22:13:31.292,46,-25.781415310266325,-53.319430693205305,72.59078943590902,-57.38873341389051,124.72483074459383,-36.98773945286724,119.60762596645311,-144.41016450810648,-24.238230116288012
2026-04-20 22:13:31.305,47,-26.355437140910468,-55.08388787715467,73.65248596767479,-58.17055892008317,126.60629533909803,-37.35312184636792,122.67809805259145,-146.8484943526757,-24.058911953344303
2026-04-20 22:13:31.317,48,-25.676341909259854,-55.612040948664394,75.95995506969088,-59.00127479083433,128.29366712844055,-37.901905192232405,124.35403013059353,-150.6377849574969,-25.28184346462003
2026-04-20 22:13:31.329,49,-26.54848200885641,-57.712726307147385,76.67057265374537,-59.39302486904191,130.3832296728073,-38.01535923336578,126.84377541188229,-153.5846184388864,-25.67037684906763
2026-04-20 22:13:31.342,50,-26.94441936210561,-59.35463872013982,77.82765345578821,-60.52937475318869,131.69205463100747,-38.84383200729541,129.37500585810707,-156.47942326802809,-26.043047185306914
2026-04-20 22:13:31.353,51,-26.788008428944433,-60.457010284111625,79.5569418300975,-61.15188552157809,133.42458239337262,-39.169091406100804,132.17324458002992,-159.12852765313946,-26.15098586009457
2026-04-20 22:13:31.365,52,-27.18299966232828,-62.11470091514651,80.70102032860544,-61.732936833940684,135.11584971905592,-39.45458151640935,134.40561356925593,-162.33130143799724,-26.789226187047618
2026-04-20 22:13:31.377,53,-27.387782446413908,-63.63152478380962,81.99464983720137,-62.52529432812765,136.50752955029319,-40.019806337851854,136.9103786076137,-165.2271694305864,-27.125993427955446
2026-04-20 22:13:31.392,54,-27.457424801037455,-65.00605133742236,83.45946100077174,-63.48368025204776,137.69814306138898,-40.764177835079906,139.35580864688234,-168.16494691455526,-27.458433237070594
2026-04-20 22:13:31.406,55,-27.85281314327339,-66.70475902548347,84.62851946308966,-64.58541543332434,138.70153410481612,-41.63735459891833,141.00449784356385,-171.9410651978304,-28.635461444699587
2026-04-20 22:13:31.420,56,-27.648278997882247,-67.80580074472445,86.41375352876499,-65.47333727408314,139.86752104659442,-42.304918598889664,143.23705782622366,-175.1586600297939,-29.248594209163283
2026-04-20 22:13:31.438,57,-28.11490398047409,-69.66610946053629,87.45840618029457,-66.04777985640588,141.3322337232477,-42.616472034809966,145.40033080155308,-178.36806012257145,-29.851483818145397
2026-04-20 22:13:31.455,58,-27.845393260188626,-70.81615465576394,89.20712496319197,-66.88323300667591,142.44183653831263,-43.26313139985345,148.92175594264683,-180.1956787698513,-29.083518675877052
2026-04-20 22:13:31.473,59,-28.001006981062762,-72.41494038422158,90.51907191915986,-67.23748615938841,143.99014583791333,-43.4245531646861,151.37824128135907,-183.06441487041198,-29.409858828343758
2026-04-20 22:13:31.487,60,-27.69496724036907,-73.5771759249238,92.25816811337124,-68.1128581100951,145.01186919896645,-43.99145593778895,154.6168819230966,-185.1604191641141,-28.934123036748225
2026-04-20 22:13:31.503,61,-27.362049973808073,-74.7410309192568,93.93906174276768,-69.20124892712522,145.80895634752915,-44.7039926924559,158.12908490361633,-187.00107441109745,-28.20635072532815
2026-04-20 22:13:31.517,62,-27.655901364210518,-76.55885682923008,94.89813983229101,-69.6447498968371,147.26083537515603,-44.71119839291654,160.31623834385817,-190.18800754904782,-28.800466085329745
2026-04-20 22:13:31.533,63,-27.204382021279727,-77.61733601979749,96.62831017336397,-70.41768915008224,148.40257841452825,-44.986442050574375,162.75945894369636,-193.13792892180768,-29.115679712878
2026-04-20 22:13:31.547,64,-27.120573038328303,-79.0700579037368,97.97088871169295,-71.19169439658037,149.556169289357,-45.26709297218096,165.48913238963976,-195.8283453845496,-29.129719803307378
2026-04-20 22:13:31.559,65,-27.139453122495524,-80.61711787892557,99.15894441568621,-72.03531286465005,150.660295855213,-45.59198703600355,167.1166135626425,-199.60812803684593,-30.226411266188105
2026-04-20 22:13:31.575,66,-27.44516844712218,-82.45349630438805,100.06828117299018,-72.78365670220089,151.874481788865,-45.80093511727594,169.83449972811985,-202.29660310016044,-30.24663681308681
2026-04-20 22:13:31.588,67,-27.697982734570985,-84.2977389332989,100.96375376202299,-73.22802066349615,153.32089714920815,-45.74834633412962,172.28123115008236,-205.2620841904862,-30.54125221928702
2026-04-20 22:13:31.605,68,-27.38121823371329,-85.60819549112438,102.39106327946298,-74.12782408980544,154.21628705312548,-46.1925224331596,175.0053240415959,-207.9567184205026,-30.549957587383055
2026-04-20 22:13:31.615,69,-27.29505090868969,-87.18532792627529,103.51067148547254,-74.87410287286177,155.22127266302627,-46.52114850897847,176.61723082787512,-211.71140982057318,-31.612672299567517
2026-04-20 22:13:31.633,70,-27.42347688668648,-88.97431518718146,104.42978300494778,-75.55877366519724,156.26372596147263,-46.78666840471645,180.0929844235384,-213.5735078829005,-30.823163881189885
2026-04-20 22:13:31.649,71,-27.876077358771905,-91.08448530371896,105.00867035593764,-76.1434407984336,157.41076532405916,-46.900434404963256,183.03391954671147,-215.96430655259178,-30.564235815197286
2026-04-20 22:13:31.663,72,-27.406152943036837,-92.29481975837626,106.48413172401516,-76.8229287945699,158.38869676256869,-47.12966038393326,184.62250251376398,-219.67340163154086,-31.633356905829913
2026-04-20 22:13:31.683,73,-27.025141017428492,-93.6096512887726,107.84887515387547,-77.34398405823796,159.5173520097844,-47.17275417097481,187.01044020960188,-222.60967534011914,-31.89158205996128
2026-04-20 22:13:31.696,74,-26.63035774485895,-94.92045703762908,109.20496981171515,-77.75469269258035,160.7256593362694,-47.14134299757856,189.94875594136016,-225.01793785112517,-31.611093588118912
2026-04-20 22:13:31.710,75,-26.299932762949116,-96.30541450091434,110.45462938947149,-78.47136771060262,161.63028462243471,-47.40087779296811,190.48211655554093,-229.82274293713786,-33.74707346780513
2026-04-20 22:13:31.722,76,-25.551124658116677,-97.2436248205318,112.15378896696278,-78.98494473677492,162.71769118859103,-47.44212949661149,192.3582474562856,-233.290455377652,-34.549445182907675
2026-04-20 22:13:31.735,77,-25.570641153619913,-98.97455779127688,113.04026553722562,-79.68431056184677,163.601520046935,-47.693912253525355,194.49595740105866,-236.50167778888505,-35.08646227765815
2026-04-20 22:13:31.751,78,-25.558182835426862,-100.7152594337282,113.8713091615942,-80.42967848450634,164.4015183510331,-48.00974522243281,196.61297015477922,-239.70238834944527,-35.59998775441217
2026-04-20 22:13:31.769,79,-25.438054095710893,-102.36322779845777,114.81036081611734,-80.98459434578383,165.32417428240862,-48.18031545589432,199.52726800058792,-242.10786841395708,-35.30833359866881
2026-04-20 22:13:31.788,80,-25.735220038207384,-104.48815441222054,115.26659872731459,-81.40095053222426,166.32228462815968,-48.2601813573626,200.57378690448937,-246.38628933464662,-36.87852574324591
2026-04-20 22:13:31.804,81,-25.74259929234421,-106.35117778346122,116.0177798851425,-81.90674021831481,167.18664984571515,-48.45421530325244,202.95665115795464,-249.34385342736485,-37.13134226729918
2026-04-20 22:13:31.825,82,-24.96002080639077,-107.4415351734338,117.54668482296871,-82.80481678625995,167.6301849936855,-49.04642775597883,205.35032826327253,-252.27686322560564,-37.38823830484712
2026-04-20 22:13:31.866,83,-24.26327431461468,-108.65666340831406,118.94686784811974,-83.3046327610556,168.46795802636973,-49.230004725796995,207.4761100543352,-255.46686097274292,-37.91599277338763
2026-04-20 22:13:31.877,84,-24.32267458354975,-110.665164716045,119.53519835208495,-83.7851628937191,169.29088128178105,-49.41219157692975,208.5432316537652,-259.7312889224575,-39.52054065600414
2026-04-20 22:13:31.888,85,-23.39209699469705,-111.71770049358054,121.0740572726012,-84.4398868734424,169.9103213134593,-49.78133597327769,210.13542202696306,-263.45243844381093,-40.575939498878064
2026-04-20 22:13:31.902,86,-23.377226795025866,-113.6946445328861,121.70729955576081,-84.92491297996132,170.67246635652833,-49.99118884518906,213.06063517610016,-265.85058134444915,-40.30585879200797
2026-04-20 22:13:31.911,87,-23.158731135212708,-115.48226352519336,122.53553008569291,-85.50707066050352,171.33291037664063,-50.29788704845343,215.98039215060948,-268.2441603864205,-40.0387959705016
2026-04-20 22:13:31.923,88,-22.47437944905552,-116.79436111846205,123.82420496913073,-85.78436265695937,172.22040173898026,-50.370197725821974,220.23038624489953,-269.3032091289678,-38.44962709147402
2026-04-20 22:13:31.935,89,-22.265674228466665,-118.5493727172644,124.63718726880283,-85.89826039007077,173.18441320492016,-50.3246203787963,223.67482143742205,-271.1585114889592,-37.659294618452535
2026-04-20 22:13:31.945,90,-21.772374514434315,-120.05516181262114,125.65448591133902,-86.0900682607913,174.01462276664157,-50.38787298059889,226.3081817740559,-273.81556280497983,-37.652862049388396
2026-04-20 22:13:31.954,91,-21.671640056488595,-121.96739615646273,126.25517534718892,-86.48402109286062,174.64362005983733,-50.63653672931522,228.1601707127926,-277.2687140122423,-38.43878489973698
2026-04-20 22:13:31.966,92,-21.164451354106816,-123.48564181054508,127.2723797502208,-86.83125864065123,175.33827534477373,-50.812875910434514,229.7561883946519,-281.0056798853799,-39.49904881259821
2026-04-20 22:13:31.980,93,-21.50611108385212,-125.86872282267002,127.41837034576965,-87.23167188260034,175.9676469108664,-51.03164969559953,231.3511344281767,-284.74788670346476,-40.55938061856564
2026-04-20 22:13:31.994,94,-21.28560154186882,-127.67045768700746,128.100839870312,-87.89046373772884,176.32797893300642,-51.52925056147024,233.98367581257276,-287.43164859221076,-40.53908593785181
2026-04-20 22:13:32.008,95,-20.361705683622695,-128.78143051836744,129.48932271427887,-88.36961276818664,176.8824714016156,-51.841526208231045,236.36764429380747,-290.37122875156655,-40.7942004654966
2026-04-20 22:13:32.021,96,-19.79895955128093,-130.24061117151138,130.51538763191,-88.82449078420346,177.44781624635655,-52.1446021445245,237.94384608108214,-294.1057622108386,-41.82439690544285
2026-04-20 22:13:32.034,97,-19.944042155425443,-132.4026785773269,130.84879069529035,-89.07535173181252,178.18224134535706,-52.26758035719594,241.11339812200472,-296.2365014683114,-41.24662228236143
2026-04-20 22:13:32.049,98,-19.78885449885974,-134.26974217151152,131.49698912406078,-89.21817566499328,178.9694879902695,-52.32408649379141,242.91921830986792,-299.7087091044913,-41.99439852462009
2026-04-20 22:13:32.061,99,-19.82195334330205,-136.35410396104726,131.93806422446204,-89.70499992303807,179.39850646077113,-52.71022390606288,244.20505145814536,-303.65811629339134,-43.24045147784485
2026-04-20 22:13:32.075,100,-19.348043828437866,-137.94650057100384,132.89103387669874,-90.02213671061259,180.01760785797813,-52.90498768331918,246.24173598653184,-306.8137148210916,-43.69372856993749
2026-04-20 22:13:32.088,101,-18.89698616768005,-139.5965990144635,133.7918129314908,-90.42368718205749,180.54801855688095,-53.16506636578978,248.26876400286864,-309.96820721969425,-44.147829704204966
2026-04-20 22:13:32.104,102,-18.34493693548951,-141.17601583927288,134.76637438530432,-90.9240322104789,180.96331907881014,-53.53186528714011,250.28854093378138,-313.10487216905744,-44.595536511276
2026-04-20 22:13:32.115,103,-17.824578182223657,-142.7848445371995,135.68113437822382,-91.18218183058325,181.60554046022725,-53.66038507250988,251.7984279406825,-316.71850347452727,-45.514838690986565
2026-04-20 22:13:32.125,104,-17.543857704085873,-144.66665949248278,136.33925623437813,-91.33091512942478,182.3450717155529,-53.65868000288443,254.57417668835149,-319.0598486593376,-45.15891755235245
2026-04-20 22:13:32.137,105,-16.75611498365558,-146.04437634589158,137.51265309494391,-91.91175665950608,182.648648166808,-54.0726203442979,256.0390636302259,-322.6810885929175,-46.08738988143671
2026-04-20 22:13:32.147,106,-16.002146311585143,-147.45662960214491,138.6358995946415,-92.18978413037775,183.27099378591413,-54.16178094646348,258.2131270488152,-325.58831589869476,-46.294605043537345
2026-04-20 22:13:32.158,107,-16.27509351476816,-149.89130991070235,138.75407329958674,-92.5951567961921,183.73970207225912,-54.39037260693302,260.17498725523006,-328.6754173661539,-46.70824931320007
2026-04-20 22:13:32.166,108,-16.053959596165807,-151.81968599072653,139.38865577943085,-92.91545713681512,184.2599914606734,-54.55126169433401,262.629356783414,-331.2585454789104,-46.61994681168503
2026-04-20 22:13:32.176,109,-15.971070127412162,-153.88660520257847,139.91212433423632,-93.34927860932109,184.64806572998492,-54.8050006324063,264.3312024973733,-334.57564892689925,-47.24083711195118
2026-04-20 22:13:32.185,110,-15.559074406828893,-155.6223253609614,140.7964798479091,-93.6793603008787,185.10981123436696,-54.988080346770076,266.21239798178027,-337.71291094659284,-47.66051090278425
2026-04-20 22:13:32.193,111,-15.394055314207584,-157.59293804745323,141.4388080752815,-94.1553662625335,185.40507542833623,-55.34804553745648,268.411361645628,-340.5348175472925,-47.77832641541857
2026-04-20 22:13:32.201,112,-14.949457222357161,-159.2879259571814,142.37918750593286,-94.25695412640773,186.03803775578845,-55.37248962866736,270.5841937785963,-343.4047182391392,-47.93499034587007
2026-04-20 22:13:32.213,113,-14.179979797078033,-160.68396278558296,143.6320242026644,-94.39877077258953,186.57440905323622,-55.50608588461412,272.48197024272974,-346.5531334896067,-48.362669911333896
2026-04-20 22:13:32.222,114,-14.19315181768376,-162.87836092803823,144.08219061428832,-94.60743199337352,187.0307750579916,-55.695337083451676,275.19084801798016,-348.8902983904583,-47.952469068081335
2026-04-20 22:13:32.229,115,-14.241503620697141,-165.11190072889906,144.4835267889108,-94.74782334264225,187.53948287183647,-55.82534551948362,277.6122508670251,-351.50105678846967,-47.812177937688624
2026-04-20 22:13:32.239,116,-13.94161468455512,-166.98372691222397,145.24061141084886,-95.00195458743666,187.91440727539597,-56.07598226892484,279.99947433770075,-354.15226589567413,-47.718650949283635
2026-04-20 22:13:32.247,117,-13.739273327438202,-168.94637715113024,145.89768362179046,-95.3894558117359,188.15203520580263,-56.427525323193606,283.19375690281976,-355.9748414383367,-46.813054508890794
2026-04-20 22:13:32.256,118,-13.101287492679113,-170.47250731455892,146.98913140478933,-95.46581817670089,188.69030503087941,-56.46641886006424,285.16374121603,-359.03775713364587,-47.1412267174881
2026-04-20 22:13:32.265,119,-12.625900570269353,-172.16984437241538,147.90560848635172,-95.65243165450003,189.10509054207964,-56.6286273805966,287.5804008369823,-361.6365912726633,-47.00298237014378
2026-04-20 22:13:32.271,120,-11.405256116344455,-173.13147845775165,149.57192634905928,-95.66532524305228,189.68448468521763,-56.62693960141511,289.21901719229425,-365.0104839932118,-47.629668956253845
2026-04-20 22:13:32.281,121,-10.928964447624413,-174.84649193846198,150.4984869110027,-95.75814734164598,190.14380624951738,-56.75610903793875,291.62825029197785,-367.6157192207952,-47.48574089964551
2026-04-20 22:13:32.287,122,-10.231180809821614,-176.34522159905572,151.64476562016938,-95.94627493541374,190.48237853735762,-57.01726867126736,292.8117751859551,-371.45805586537335,-48.574008172972896
2026-04-20 22:13:32.296,123,-9.853791588467555,-178.16389186858635,152.4883129407036,-96.12300200373112,190.81647911345226,-57.26689498034496,295.5102538600041,-373.79516304195454,-48.15560444271049
2026-04-20 22:13:32.303,124,-9.078760458321778,-179.5756334653161,153.75593505102452,-96.29458805461488,191.14472370908808,-57.497853898674066,297.90001989728034,-376.45045897938473,-48.06823775880857
2026-04-20 22:13:32.312,125,-8.825890735105846,-181.51834161424372,154.47887233870088,-96.47298419785042,191.45159983181324,-57.70929821583059,299.64634116707975,-379.75507510521993,-48.63997023357936
2026-04-20 22:13:32.321,126,-8.374073807868069,-183.24449846780172,155.43536530060928,-96.5463888780152,191.85620858559372,-57.82253520342325,300.6207055240987,-383.8571929990637,-50.00920145586059
2026-04-20 22:13:32.329,127,-7.738669568060001,-184.8052565358609,156.5596258596572,-96.63683059551849,192.23723622621642,-57.98562153951592,302.1151369436317,-387.4650303117081,-50.88272951077754
2026-04-20 22:13:32.341,128,-7.39320028436818,-186.66398782076135,157.3715880970817,-96.68650642916755,192.62657614872117,-58.133927469657884,304.630649282094,-390.0567309924647,-50.73849584886633
2026-04-20 22:13:32.351,129,-6.4111077164819665,-187.91138909533612,158.79482215211573,-96.88283806015146,192.85453063036954,-58.40997603532713,306.9157687290272,-392.890743346785,-50.828732320187555
2026-04-20 22:13:32.361,130,-5.7839654878446245,-189.52602341470524,159.8528116824307,-97.0992995712465,193.02817850717918,-58.724291004415534,307.4298607050449,-397.5175666849352,-52.71147238981378
2026-04-20 22:13:32.369,131,-5.708596511417816,-191.71695095388583,160.31287634938968,-97.30671444804085,193.18229231782175,-59.04918217358129,309.9349093213689,-400.1644496840626,-52.603595403516074
2026-04-20 22:13:32.380,132,-4.966580930187923,-193.265977573406,161.4024796557598,-97.35385826325499,193.48179439099044,-59.234789628075305,311.88085341176276,-403.3570383843803,-53.043050619253535
2026-04-20 22:13:32.390,133,-4.845622510579771,-195.44584691423773,161.882508815052,-97.42178105505734,193.7671157673022,-59.44679552608727,314.6566356235338,-405.7192368070274,-52.671059312032604
2026-04-20 22:13:32.402,134,-4.645033833867631,-197.58468498503282,162.41158845337338,-97.49167917013618,194.03918527240518,-59.68451117462529,316.3783372155282,-409.1376118394917,-53.36066194231487
2026-04-20 22:13:32.450,135,-4.054969043361969,-199.35948945713633,163.29903281399461,-97.45326192127399,194.4225770005184,-59.79996993572631,318.6419738942146,-412.01412230545,-53.49908312641127
2026-04-20 22:13:32.458,136,-3.4645459992927603,-201.13600285797074,164.1911490924387,-97.50575377355902,194.72000264129937,-59.98985827297842,320.15098493291765,-415.6471014815878,-54.39046623901464
2026-04-20 22:13:32.467,137,-2.597960434552595,-202.6474767020551,165.3438161940647,-97.50420393228326,195.07218500838184,-60.1080522174728,322.57307326908705,-418.35789277872004,-54.3516741060758
2026-04-20 22:13:32.476,138,-2.3149223817661797,-204.7469625669691,165.90208300036144,-97.6469206288485,195.28685357955106,-60.353279492336654,325.3103233577901,-420.7494878939601,-54.00910623053653
2026-04-20 22:13:32.484,139,-1.7425672787690158,-206.56112817586458,166.7586456950361,-97.66135243387396,195.63143785740328,-60.46314555078569,326.809036304612,-424.369762111911,-54.89452382472343
2026-04-20 22:13:32.493,140,-1.1287161013252773,-208.34521294121268,167.63877043778686,-97.67680905374684,195.97237386862273,-60.591679663526946,328.7814757120766,-427.513757242454,-55.293992672435
2026-04-20 22:13:32.501,141,-0.7817976136593674,-210.38569483786165,168.2549543216787,-97.78643388523608,196.2011315028912,-60.830769195685,330.00370097979106,-431.3962388517966,-56.43954385256808
2026-04-20 22:13:32.509,142,-0.40523820170965813,-212.3886717807581,168.87399368936852,-97.96147683842568,196.35923914710696,-61.13776081402873,331.22437124961374,-435.26901185302853,-57.589577115600704
2026-04-20 22:13:32.517,143,-0.4280757390122769,-214.81455690420285,169.06771175020967,-97.9898185377019,196.66016371203992,-61.28628744928482,333.7272363491535,-437.8450828865742,-57.43736479420061
2026-04-20 22:13:32.525,144,0.47873830487310953,-216.32500343953257,170.17556680154817,-97.97219013087614,197.01773966102994,-61.389495550636845,335.4033998161126,-441.22937409037985,-58.096171160115
2026-04-20 22:13:32.534,145,0.8985841384090747,-218.31638831962948,170.80119428615416,-98.1324921710891,197.1911586694935,-61.68736762947607,336.6173344339428,-445.08531604679405,-59.23381240419161
2026-04-20 22:13:32.543,146,1.2959512182877875,-220.32479526322805,171.40314327992323,-98.06786790296195,197.57389866918692,-61.78118479049995,339.61644817948275,-447.14956133969383,-58.574082973273185
2026-04-20 22:13:32.551,147,1.7326144430679467,-222.2805764748164,172.05855919837765,-98.00447976749123,197.94520292333834,-61.87480362841016,340.81689944819146,-450.99825602898807,-59.68450174145442
2026-04-20 22:13:32.562,148,2.177040432927297,-224.25202509024243,172.6983608038308,-98.0363858221108,198.22299995973157,-62.05737218403453,343.1399314385539,-453.69625843622094,-59.638464232083585
2026-04-20 22:13:32.573,149,2.5442919786187836,-226.2998024859034,173.26070516432455,-98.0802323721493,198.48334137664338,-62.25566062837169,345.55389976080653,-456.296718197978,-59.49676301765709
2026-04-20 22:13:32.582,150,3.1936786862593944,-228.0712889324407,174.10338583763874,-98.10395040472771,198.7480447582626,-62.43260794292787,347.5151108798558,-459.3557945701124,-59.809974832046926
2026-04-20 22:13:32.593,151,3.6152488107650895,-230.06209329502053,174.73080101495842,-98.14080842426709,198.99235595318748,-62.622428714191486,350.1988533001855,-461.68332075487376,-59.39167961741785
2026-04-20 22:13:32.602,152,4.777764090619666,-231.3124725739859,176.10590275935078,-98.22200639016575,199.17588336645952,-62.874797963797945,353.32666653964355,-463.5619574960345,-58.514596073370726
2026-04-20 22:13:32.612,153,5.43914517910985,-233.0728443094755,176.97961548708005,-98.18028935346115,199.46470277143877,-63.0257180568862,356.05833951015245,-465.8405720674412,-58.04882985734586
2026-04-20 22:13:32.620,154,5.885426688299722,-235.06330467895674,177.62701293102776,-98.29660044262245,199.59196109517904,-63.32929125015629,358.73751438455105,-468.16754261152965,-57.62626901352285
2026-04-20 22:13:32.629,155,6.810065974872895,-236.5895467639826,178.73263513955695,-98.25862457284813,199.87475390391023,-63.477328354553826,361.3662367524896,-470.54269548163273,-57.25312648117154
2026-04-20 22:13:32.639,156,7.020476090434389,-238.84511397935333,179.11498033692786,-98.21370182237415,200.16182383140253,-63.62263488224943,364.2616184900985,-472.63951108838086,-56.60690847063324
2026-04-20 22:13:32.653,157,7.699669580814844,-240.64810598386347,179.95727488552177,-98.19541634763206,200.4082149968351,-63.78140573747613,367.1487061097037,-474.7370766762746,-55.95312673733215
2026-04-20 22:13:32.664,158,8.636416653703675,-242.18796144332578,181.07080478159972,-98.205322093919,200.61890611393605,-63.96713765061979,370.5890437704066,-476.2789488656227,-54.76115932121853
2026-04-20 22:13:32.673,159,9.067339380967026,-244.24325302525097,181.6684543755746,-98.2888444489265,200.76344283584132,-64.22540205004748,372.7660408529634,-479.0896968974197,-54.85167735320604
2026-04-20 22:13:32.684,160,10.267229679456616,-245.53254370256178,183.0206059884966,-98.32200811649679,200.95534214645903,-64.44639601467175,374.4895913258637,-482.3463632277135,-55.387559488880235
2026-04-20 22:13:32.693,161,10.70445537369583,-247.58291873775775,183.60765569852015,-98.33717489084006,201.17530871617447,-64.64638705148539,376.15427304120044,-485.6325161711051,-55.96439063321206
2026-04-20 22:13:32.703,162,10.872772386285058,-249.9139003956344,183.9144065419605,-98.37664522826145,201.36664552861635,-64.8758759988878,377.991801653919,-488.73396461909874,-56.368753163895555
2026-04-20 22:13:32.711,163,11.590197716457602,-251.69728526516553,184.78013880092186,-98.32546560097131,201.64520016671793,-65.01876179847312,379.6935804154807,-491.96078095353204,-56.90397983046423
2026-04-20 22:13:32.722,164,12.591862951846718,-253.2318237688841,185.89732914238024,-98.39449348969619,201.79482404294626,-65.28589949913989,381.58403515117004,-495.00350916816285,-57.27669833889057
2026-04-20 22:13:32.733,165,13.848272685066785,-254.53150373518804,187.25819341784776,-98.39516799447912,201.99708949388926,-65.49041208432504,382.9851969702655,-498.53950410792805,-58.14262874319433
2026-04-20 22:13:32.741,166,14.55289485815863,-256.3814346019535,188.06652891340468,-98.3766963443474,202.17779870626742,-65.71572517278287,385.36459220578024,-501.079171703894,-58.02492286970576
2026-04-20 22:13:32.752,167,15.03008043891901,-258.4623544892918,188.6237570039704,-98.25005079006384,202.47556068316266,-65.81827362154918,387.96950747534436,-503.39506026286233,-57.67645745914894
2026-04-20 22:13:32.760,168,15.262161106122262,-260.81284683372337,188.90802624962785,-98.22815753688825,202.64691629391876,-66.04697684188915,389.62608085462807,-506.6547555462249,-58.26102902936656
2026-04-20 22:13:32.771,169,15.47904507862176,-263.1782282217967,189.1946334668255,-98.11846779479252,202.8982568169872,-66.16923647025605,391.4986804237751,-509.6893489042006,-58.61543881817556
2026-04-20 22:13:32.780,170,16.20836510118453,-265.0231215866718,190.008870317227,-98.07693540237109,203.07717041219064,-66.33791201284339,393.89807162778465,-512.184157440334,-58.42404839308479
2026-04-20 22:13:32.789,171,16.420155703499983,-267.38797081679013,190.2975033062535,-98.09181490755671,203.1911407781481,-66.54977730566496,396.518078113487,-514.4520277144949,-58.016250829090815
2026-04-20 22:13:32.797,172,16.872888272996093,-269.505543280051,190.83816405256826,-97.97885290838653,203.39085246990675,-66.67600549447037,398.37854508869873,-517.4707592353446,-58.367147653475236
2026-04-20 22:13:32.806,173,17.36503321385176,-271.59814022362696,191.406331009618,-97.95061784935335,203.47737293652233,-66.91541164986022,400.4529148762916,-520.2667895978955,-58.491720255107154
2026-04-20 22:13:32.816,174,17.564888632160077,-273.9870928993783,191.6912537390274,-97.86568973646911,203.58008858829157,-67.12808164006765,401.1099446020663,-524.4743966333859,-60.02953374514659
2026-04-20 22:13:32.822,175,18.28783860537054,-275.8354283321135,192.51328356855834,-97.72651820023515,203.7059334362995,-67.32353916823998,402.74739593677316,-527.7114718987831,-60.60232516961993
2026-04-20 22:13:32.833,176,19.052948896730033,-277.62074457462546,193.40198725832835,-97.61072444299313,203.79496057752417,-67.54895223681227,405.09205106632805,-530.2359618995471,-60.46789850661133
2026-04-20 22:13:32.842,177,19.5091139573536,-279.7215030615871,193.97012783201353,-97.49348800293976,203.8789044873337,-67.7791018429698,406.72917861273993,-533.4708130697454,-61.04121641113573
2026-04-20 22:13:32.855,178,20.233825741528587,-281.5619374449963,194.8049771261478,-97.30749660405287,204.02658459108173,-67.9395701824807,409.34200387840923,-535.7332112128971,-60.63730640355626
2026-04-20 22:13:32.863,179,20.701075333110992,-283.6578008647734,195.38755716747553,-97.08601514489322,204.20677487921114,-68.07652175737833,410.93012695313894,-539.0203117222651,-61.249334363759694
2026-04-20 22:13:32.874,180,21.139076739407447,-285.77973229984525,195.9461902102647,-96.92145867496383,204.3223598252153,-68.2889155621787,414.514419744134,-540.3109953230198,-59.86283986971668
2026-04-20 22:13:32.885,181,21.620328603391098,-287.866982805236,196.5373877004621,-96.70205397922821,204.46766145365999,-68.46368509285573,417.30195869765,-542.4035570047571,-59.27974479854664
2026-04-20 22:13:32.894,182,22.37457635547323,-289.6882601881572,197.38248489050872,-96.61831810549086,204.4658620373019,-68.7868414947481,419.64621213390603,-544.9367220862478,-59.1372289812825
2026-04-20 22:13:32.938,183,22.87126872193233,-291.77050356852516,197.96576206800827,-96.50185330328313,204.4893885970062,-69.08160089198962,421.5480215914168,-547.9104117583447,-59.43425782029997
2026-04-20 22:13:32.945,184,23.610986312366904,-293.61229598908204,198.7920020587921,-96.23848257065944,204.64312996540332,-69.2384157971191,424.1036327345479,-550.2182809722348,-59.06860702785377
2026-04-20 22:13:32.953,185,23.55388149895805,-296.25831069952403,198.82937100218192,-96.11267499326819,204.6407263398007,-69.5426644659023,426.48284414428025,-552.7000628868087,-58.86635043942233
2026-04-20 22:13:32.959,186,24.02898756040985,-298.3672252364354,199.41050080720922,-95.83192494908614,204.76885669389324,-69.7048626598224,428.59498627715465,-555.4556714512761,-58.93172038881192
2026-04-20 22:13:32.968,187,25.042551885148278,-299.9526611365769,200.51026174169064,-95.65380264577782,204.78984987229805,-69.96497023529888,430.9272486275812,-557.9918205848077,-58.77665481469524
2026-04-20 22:13:32.976,188,25.027308769828004,-302.59057241933317,200.55055116024792,-95.43388566420724,204.83765177024293,-70.19580311676506,432.0239875815603,-561.7617830590361,-59.870423399293536
2026-04-20 22:13:32.984,189,25.80662227225089,-304.44324613051,201.38192865518346,-95.12670295996175,204.94435904801688,-70.38114344004566,433.40098139292775,-565.2632384147746,-60.71809581302021
2026-04-20 22:13:32.991,190,26.323327771646387,-306.558102667074,201.9385567783651,-94.89223426128672,204.96734327123167,-70.65486538534024,435.04574434902884,-568.5083303206186,-61.29836619558732
2026-04-20 22:13:32.999,191,27.104252968122687,-308.4201164892755,202.7466688236101,-94.58028665288823,205.05612923708878,-70.84807979514545,437.6256021796912,-570.8232700690917,-60.940935151184625
2026-04-20 22:13:33.007,192,28.16300598988939,-310.0203275179202,203.8216605149591,-94.28004909024533,205.11881311976143,-71.07264178224737,439.71680426132895,-573.6258275070429,-61.07054607942611
2026-04-20 22:13:33.015,193,29.208770599510935,-311.6193732632692,204.8973614086295,-93.94303948185531,205.20699745834065,-71.26724640011831,441.7551881210393,-576.4756918821149,-61.24696656600847
2026-04-20 22:13:33.023,194,29.980779921730665,-313.4927090737259,205.70406865786464,-93.83415580541592,205.05081140859158,-71.7044969627916,444.644220428581,-578.4778427387034,-60.57679502418186
2026-04-20 22:13:33.031,195,29.95184628544752,-316.16408699561356,205.724898228843,-93.55493378401138,205.04961847247304,-71.98381707936264,447.971918695877,-580.0378646212935,-59.459828478423894
2026-04-20 22:13:33.039,196,30.45390150253056,-318.3148343591299,206.28187605598998,-93.20381446638956,205.11687941162683,-72.1665233843081,449.82994202053817,-583.0534895508112,-59.807590072697685
2026-04-20 22:13:33.048,197,30.679013686825716,-320.73579771498385,206.5889145425084,-92.95508152237394,205.0567835857387,-72.4634755306015,453.0958448620655,-584.6574664995929,-58.73892482132448
2026-04-20 22:13:33.055,198,30.90372141115079,-323.17331826967046,206.88415410648034,-92.56509834795122,205.142943527043,-72.6133080645547,453.7569502108608,-588.8783135775124,-60.2805040554819
2026-04-20 22:13:33.065,199,31.701962387203213,-325.0581923652818,207.72405678261654,-92.20977578985034,205.18355775760796,-72.78181988470027,455.3457685669788,-592.173102310986,-60.8961091423014
2026-04-20 22:13:33.073,200,31.68408358874426,-327.77277576725703,207.7409066473712,-91.89944836079073,205.17097897039213,-72.99846884797137,456.71520667457537,-595.6930733089937,-61.7284907208036
2026-04-20 22:13:33.081,201,33.04035204942853,-329.1341918694735,209.12068256304937,-91.50276710891866,205.23106199730307,-73.15113851977394,458.3056445490204,-598.9964952245961,-62.33995347503903
2026-04-20 22:13:33.088,202,33.03348528926733,-331.8805895867123,209.1257967517096,-91.2229745556762,205.18370714585694,-73.40836020180456,459.23788114943,-602.9664399903445,-63.620497826198545
2026-04-20 22:13:33.097,203,33.58377004530523,-334.08392820852583,209.67952573812994,-90.8929190409546,205.1687937562714,-73.63810318066113,460.38925940436616,-606.7176179016518,-64.67454211108527
2026-04-20 22:13:33.105,204,34.69103902315676,-335.74072358689614,210.77361314879923,-90.55854387836568,205.15471404328042,-73.87372153902595,462.47672980594734,-609.5401623109069,-64.79779409888576
2026-04-20 22:13:33.112,205,35.24533769364205,-337.9495124644032,211.3235666124266,-90.30337335267703,205.0608050812863,-74.19089892638063,464.6113598578358,-612.3170008762229,-64.86601870923695
2026-04-20 22:13:33.121,206,35.80134949536286,-340.1709390028684,211.8708628330971,-90.08406012339982,204.92914058196115,-74.54582590300579,466.2548906750267,-615.5843463655192,-65.42812943147104
2026-04-20 22:13:33.130,207,36.92867271560628,-341.84143135766055,212.97105320863906,-89.78726614020201,204.87169842060962,-74.8185682703096,468.6189425492185,-618.1315823307607,-65.29001530104708
2026-04-20 22:13:33.139,208,37.22109578466385,-344.35019290982206,213.2348535758472,-89.4176787577479,204.8703009577483,-75.03896184315911,469.5218251421026,-622.1509125384381,-66.63997009452021
2026-04-20 22:13:33.146,209,37.79696289347605,-346.5856852922397,213.778767726278,-89.05732588817564,204.84135156484606,-75.2834927908819,472.62691240513124,-623.9677509651128,-65.80878674446538
2026-04-20 22:13:33.156,210,38.37458271837401,-348.82491982168216,214.32241808669409,-88.67546235626686,204.82159712731203,-75.50441565700483,474.0673365698245,-627.454846842683,-66.64359809590971
2026-04-20 22:13:33.163,211,38.66894685776506,-351.3426601092126,214.58953164298435,-88.22991061996258,204.85421218863036,-75.6645711528704,475.6633464609945,-630.791868386275,-67.3278648799852
2026-04-20 22:13:33.172,212,39.52480020509273,-353.3159716347338,215.40629823239198,-87.82577632162634,204.83373878290138,-75.8657809403738,477.11211026452213,-634.2895547351679,-68.1735122244325
2026-04-20 22:13:33.180,213,40.3878132086377,-355.2904126214036,216.22812077369474,-87.58321777960029,204.62462607123155,-76.25683975614982,478.7161801280931,-637.6352585485681,-68.86012605100012
2026-04-20 22:13:33.187,214,40.980620978351205,-357.5402313408573,216.7698791712391,-87.12360469062166,204.61425654026436,-76.45619955943842,480.12842144516134,-641.1713800343035,-69.74190024106339
2026-04-20 22:13:33.196,215,41.567138942094786,-359.8017613115676,217.29822032944722,-86.7073673038205,204.54016916350295,-76.71864315757531,482.2753576743123,-643.9824646224774,-69.90541720228869
2026-04-20 22:13:33.203,216,42.4362893837936,-361.78516218920635,218.10076158014581,-86.24604945522559,204.5090889006948,-76.9425120621799,484.4587808845063,-646.763091870845,-70.03300472669291
2026-04-20 22:13:33.210,217,42.766526022691494,-364.3252482254426,218.3452406242506,-85.73685307296972,204.527646188312,-77.1197447690449,486.6003020344726,-649.5774168298797,-70.19340126414704
2026-04-20 22:13:33.218,218,44.22015583348118,-365.74431045071026,219.71087688878706,-85.23665948261785,204.527308386103,-77.32168228179388,488.0193389728958,-653.1239440494254,-71.08259383717565
2026-04-20 22:13:33.225,219,44.56786563618259,-368.27548157801556,219.97252680408374,-84.84922653314304,204.40484269870808,-77.6533851089606,489.93219935602474,-656.1712270103167,-71.46851172064345
2026-04-20 22:13:33.234,220,45.45373676555894,-370.2628175494402,220.78128870678788,-84.41074953397411,204.31107504415058,-77.96422287797212,492.60438044180796,-658.455315724042,-71.09934681762988
2026-04-20 22:13:33.240,221,46.34731489180176,-372.2446875395542,221.59529212926824,-83.93108325986562,204.24616450088362,-78.25077516478521,494.7497120006632,-661.2680442457753,-71.25875878063502
2026-04-20 22:13:33.249,222,47.23771063424164,-374.2383854022087,222.40319680538627,-83.37669530382875,204.2477510356108,-78.47184786116625,497.14022780516734,-663.8151632288102,-71.14274768512618
2026-04-20 22:13:33.256,223,48.15296817805715,-376.2186574336681,223.22352679093873,-82.83244884099754,204.23994533196668,-78.70653085244575,499.03823551460926,-666.8580998200569,-71.52131014374602
2026-04-20 22:13:33.264,224,48.76991632260506,-378.50133735867473,223.7458905578894,-82.37732972746882,204.12213033275742,-79.04705616156294,501.7029853449454,-669.1367927712267,-71.14772770149531
2026-04-20 22:13:33.271,225,49.39907614419995,-380.7923258573354,224.26418104109575,-81.65134773258552,204.26340051801554,-79.1402864455159,504.60083601083613,-671.1891546960564,-70.54443605885587
2026-04-20 22:13:33.279,226,50.01951177299346,-383.1020311781313,224.76285633350184,-81.11584861394263,204.21646104287473,-79.42109288983652,506.28396893708674,-674.4583035841173,-71.17066560261715
2026-04-20 22:13:33.288,227,50.935799991059476,-385.1206387502785,225.55798795660763,-80.51317980162308,204.24086388158827,-79.62991805424025,508.2003527653786,-677.4935610317987,-71.5695582048882
2026-04-20 22:13:33.328,228,51.58528063232317,-387.4122331045774,226.08378155345548,-80.15591155259342,204.02150741518378,-80.07741555822113,510.8128109864083,-679.828207565097,-71.27512688916305
2026-04-20 22:13:33.335,229,52.802523577746264,-389.13649473323926,227.1659213063952,-79.76042046386517,203.8378338948115,-80.49228012877799,513.9308123604484,-681.657468920559,-70.49068007482494
2026-04-20 22:13:33.342,230,52.85615484032036,-392.03140133913075,227.08404571085117,-79.05764778179613,203.9522762446591,-80.59609415210656,515.8258796061067,-684.704646932769,-70.92799286000755
2026-04-20 22:13:33.351,231,54.06696678868912,-393.78047221291854,228.1573993574575,-78.65881182747975,203.75617454677158,-81.00238102753057,517.934692399895,-687.5257290351382,-71.12662347881223
2026-04-20 22:13:33.359,232,54.7321803394087,-396.0790402181174,228.67683334913752,-78.00354301739304,203.81378763100227,-81.14361739779392,519.3467242487529,-691.039031659591,-72.0164406974356
2026-04-20 22:13:33.368,233,55.382285423050796,-398.3890625575494,229.1817836303121,-77.41781795693511,203.806513002697,-81.33468743647352,521.209287325631,-694.0957059455224,-72.4377369551386
2026-04-20 22:13:33.376,234,55.770862376318696,-400.9698528790024,229.4178792027665,-76.93723318920242,203.68404193612918,-81.65036544533113,523.3691892650012,-696.8504058028198,-72.56137886303438
2026-04-20 22:13:33.384,235,56.15687162111901,-403.5562426665673,229.6548013330336,-76.27494262808672,203.73924852137085,-81.78817606662864,525.5366486288684,-699.604185014916,-72.69447087527945
2026-04-20 22:13:33.393,236,57.68700567028579,-405.0023494904231,231.0457612294216,-75.72280405965867,203.6729382533498,-82.05397719837238,526.4600751054103,-703.6035046030798,-74.08050774140912
2026-04-20 22:13:33.401,237,58.943106002344734,-406.720703295457,232.17031108018523,-75.3363803362233,203.41661125812527,-82.51529317199531,529.0924030539472,-705.9014622088912,-73.75386289502502
2026-04-20 22:13:33.410,238,59.5925696463495,-409.0412642908929,232.6854436371948,-74.68508382153466,203.40978032611906,-82.7291559688682,530.7247062093043,-709.1839174290774,-74.40403219330244
2026-04-20 22:13:33.419,239,60.221116685345514,-411.3962726755156,233.149909852948,-74.24742255517495,203.18078806249912,-83.14600268334766,533.6041801475557,-711.2206385131393,-73.80681576496241
2026-04-20 22:13:33.428,240,61.15636536664035,-413.4592812295672,233.90767036522226,-73.68724391437101,203.0698926682653,-83.44105622205217,534.7854688102253,-714.9601725699247,-74.92335730737504
2026-04-20 22:13:33.437,241,61.83720546599253,-415.7872399834416,234.3933698725508,-73.17287419294227,202.9033240470966,-83.7860800522545,536.9195867823969,-717.7492189241456,-75.08860541009267
2026-04-20 22:13:33.447,242,62.26449984072412,-418.37682858224804,234.60977345191705,-72.71768770712326,202.66168044283478,-84.20528266732295,538.5303373440277,-721.0560828586512,-75.78037344567403
2026-04-20 22:13:33.457,243,63.25384380746227,-420.40455569357107,235.38748754848558,-72.05620297142434,202.62780275142694,-84.41730936122734,540.2032658613412,-724.2942279146,-76.40961044321682
2026-04-20 22:13:33.466,244,64.5247555502953,-422.1547374617478,236.44789219147216,-71.50187081096344,202.46470327364605,-84.75770567561207,542.3335619971422,-727.0745733143984,-76.57650281444508
2026-04-20 22:13:33.475,245,64.91551671042001,-424.7955178395177,236.61696276137567,-70.91519043248724,202.34057806372732,-85.05904191004795,544.7241412629306,-729.584077784982,-76.48726341350167
2026-04-20 22:13:33.483,246,65.34481399864676,-427.40512055080336,236.79790440711614,-70.23113632225818,202.3057859906492,-85.27488652243707,547.369680988908,-731.8299490556212,-76.13356377199344
2026-04-20 22:13:33.494,247,65.80238238203417,-429.98534861583016,236.99966171221166,-69.70257769412024,202.10228642134805,-85.6593115623961,549.9785151076034,-734.1090087512413,-75.80951449357656
2026-04-20 22:13:33.503,248,66.54238382900576,-432.29067488521133,237.47868104774759,-69.28416875419404,201.7914236406883,-86.14755726491502,552.0702260489281,-736.9102357009954,-76.00691367994416
2026-04-20 22:13:33.513,249,67.2571473700597,-434.6234969104349,237.92993600417432,-68.58507394376271,201.75641446546223,-86.36847894591283,553.7354357656147,-740.1420861358325,-76.62817845283607
2026-04-20 22:13:33.522,250,67.94886950881937,-436.9872239674066,238.35037708932492,-67.97285011771824,201.62881754432203,-86.68485222352739,555.8639695773325,-742.9092790585383,-76.7939011112411
2026-04-20 22:13:33.532,251,69.29050809460475,-438.71049855698016,239.40373388616126,-67.62135353268539,201.2436986044844,-87.2602727379805,557.2680822359354,-746.3934789356862,-77.68129583040307
2026-04-20 22:13:33.541,252,70.33181656046389,-440.7446635457656,240.14742440071515,-67.09774460129695,201.02428298706315,-87.67505276943278,558.6398589090533,-749.9111888018282,-78.59887164860203
2026-04-20 22:13:33.550,253,71.67907870999855,-442.4750581522469,241.2042979066697,-66.55327717886139,200.8242335150273,-88.07215571280615,559.5904230339758,-753.8526843803622,-79.95174115006452
2026-04-20 22:13:33.562,254,73.00316871629109,-444.23443578065053,242.22410717459408,-65.92525643900012,200.69774653767058,-88.39824935605944,561.2275276107101,-757.096864072674,-80.61163761066183
2026-04-20 22:13:33.570,255,73.78140201561247,-446.546832487504,242.6841587943183,-65.29800494870825,200.563688431836,-88.72542758142886,563.8416032849026,-759.3657250047236,-80.29780408820326
2026-04-20 22:13:33.581,256,74.57045667927639,-448.8557387848765,243.13298141325026,-64.62411267656249,200.47442668347884,-89.01378225796887,564.5294846857105,-763.5612614611881,-81.90280477405787
2026-04-20 22:13:33.592,257,75.85017449250856,-450.68514694541847,244.05919997178216,-63.949138767123145,200.3828523644301,-89.30356930409945,566.6569980179192,-766.3222927007203,-82.07423291320995
2026-04-20 22:13:33.602,258,76.5856670346662,-453.0682139384044,244.42205234037917,-63.42711257259034,200.13616256978307,-89.75036623223765,568.0681411861293,-769.8068860408285,-82.96911385225692
2026-04-20 22:13:33.612,259,77.32386620202591,-455.4525321156567,244.77906582217057,-62.86293349988257,199.93364886060857,-90.16162328885012,569.9721800174759,-772.8079162960863,-83.37307618828537
2026-04-20 22:13:33.620,260,77.90037964442418,-457.99882067174656,244.97852086122714,-62.11651988054835,199.8981751759538,-90.3983180183283,571.904888921252,-775.7800997279398,-83.74774781586763
2026-04-20 22:13:33.630,261,78.72406211985248,-460.3019501843835,245.40700244314854,-61.42230806978972,199.80628252535388,-90.6944857896016,572.8278077022671,-779.7606890865069,-85.13344532730997
2026-04-20 22:13:33.639,262,79.7825701418133,-462.3714847127118,246.06798896689702,-60.76556247416929,199.68009095746388,-91.03558548291986,574.7376509796533,-782.7662949936138,-85.54070795211017
2026-04-20 22:13:33.649,263,80.21152628390936,-465.0673729202596,246.10678861168407,-59.933000211467274,199.73452361510564,-91.20084940428654,576.6433442165104,-785.7766133904684,-85.94103200704467
2026-04-20 22:13:33.659,264,80.67546002086746,-467.7281149870032,246.18871904606968,-59.17855308046732,199.71249293282224,-91.44368004674247,578.2841175357495,-789.0406419488429,-86.60029534193828
2026-04-20 22:13:33.670,265,81.09688202802914,-470.4250621446353,246.24465858479664,-58.33485100904731,199.773337231933,-91.6137268146718,580.4456129673968,-791.7827574116295,-86.73835852203507
2026-04-20 22:13:33.683,266,82.14132842536377,-472.502121291921,246.92503028141064,-57.51143791089965,199.80420691536116,-91.82123523347803,581.5965634061852,-795.5334682052371,-87.88902065836184
2026-04-20 22:13:33.690,267,83.46383336939422,-474.3059756619444,247.88652223786133,-57.015135586095084,199.49082772231677,-92.36407031607096,582.519636158903,-799.5167105932493,-89.27346572995734
2026-04-20 22:13:33.699,268,84.85982271057051,-476.0362731004116,248.9181684489714,-56.453617014733815,199.23152721726473,-92.8577910018701,583.4753863423329,-803.4727820163677,-90.6401190181309
2026-04-20 22:13:33.706,269,85.11116468755792,-478.90834109800596,248.81011411735562,-55.58037431180674,199.26749192458243,-93.05929040319427,585.3915444223886,-806.4758775742038,-91.05580387936882
2026-04-20 22:13:33.715,270,85.99732613367894,-481.14971131884863,249.32284703660073,-54.97528481364017,199.0244073923387,-93.54323646812004,587.5683903086,-809.2222249874663,-91.21207721452393
2026-04-20 22:13:33.722,271,86.14647204210388,-484.1243506412636,249.0992558779912,-54.286655495656305,198.86400693845252,-93.9382137011773,588.9922774261455,-812.7207809854615,-92.1188695649373
2026-04-20 22:13:33.731,272,86.2930372312535,-487.0978925401192,248.8780710139872,-53.65919465167863,198.63426139589544,-94.39368321484307,591.1148217351953,-815.5272660060615,-92.32519735353107
2026-04-20 22:13:33.737,273,87.29869255230797,-489.2073641959189,249.52393945043593,-52.8353366123767,198.6014825339268,-94.65729006508396,593.0085531974646,-818.5665216148765,-92.76617859263446
2026-04-20 22:13:33.746,274,87.51972742363411,-492.1055287854003,249.37727311637568,-52.10727034910723,198.4778634347012,-95.01317445773175,593.9471834552858,-822.5594625017651,-94.16923469576031
2026-04-20 22:13:33.754,275,88.60072684303402,-494.1466320480389,250.09643306274333,-51.178224800871206,198.5608322039697,-95.16907279970314,595.8661190322305,-825.5691652458029,-94.5856237256757
2026-04-20 22:13:33.761,276,89.08521226142364,-496.7737397887519,250.23450147716653,-50.387767401002584,198.50897164014845,-95.45303205731487,597.5534896450404,-828.8136277320787,-95.23409124030684
2026-04-20 22:13:33.770,277,89.56872092749346,-499.40410407593913,250.37431565674547,-49.59575528330097,198.45448566296693,-95.73799242958414,599.2091086244487,-832.0870315331085,-95.90400658627112
2026-04-20 22:13:33.778,278,90.05614873259937,-502.03687436212465,250.51216900750723,-48.87788179089098,198.31418914234513,-96.11183629146772,601.1268452140702,-835.1017677344889,-96.31367286686637
2026-04-20 22:13:33.787,279,90.78462691545278,-504.42484409883457,250.89195897239523,-47.97904869544498,198.34777405346358,-96.31870460844316,603.0438638269981,-838.1149078067731,-96.72245080232143
2026-04-20 22:13:33.793,280,91.19582401171863,-507.1195316179665,250.96480569393086,-47.253521627603824,198.20196405517035,-96.6971068467251,605.5076256813645,-840.5787203265154,-96.58812867811224
2026-04-20 22:13:33.802,281,91.32991595740287,-510.0927237321441,250.76454610167744,-46.40089838075765,198.1656281714217,-96.97010839920486,607.1692487147573,-843.8453894153065,-97.2632776643731
2026-04-20 22:13:33.812,282,91.81239499918667,-512.7281818348707,250.90273014770833,-45.50252930168465,198.17309181278588,-97.20204124145822,609.0715357896324,-846.8766287719365,-97.70941815658308
2026-04-20 22:13:33.819,283,92.85190519404198,-514.8105999470033,251.59748469218584,-44.8730920866406,197.90836369123252,-97.69956119510266,611.0051545350012,-849.8828101993472,-98.13966609385174
2026-04-20 22:13:33.829,284,93.23220310825724,-517.5492543848944,251.6406410269571,-43.87747568177169,198.00777938451424,-97.83585506319356,612.2129767377693,-853.6164978227156,-99.3090830772465
2026-04-20 22:13:33.836,285,93.99141134667657,-519.9072317223837,252.0611571221396,-43.15049906436384,197.83426074380927,-98.24896279917363,613.6452730885222,-857.1226414379797,-100.26010925917606
2026-04-20 22:13:33.847,286,94.47308217696458,-522.5416552475434,252.20177819031488,-42.34380916428042,197.73268639376565,-98.59390695163644,614.8508813487491,-860.8423824620673,-101.43356681925484
2026-04-20 22:13:33.855,287,94.96201679110489,-525.1708790015288,252.33785340429057,-41.40176997766959,197.76444233497782,-98.80834673899986,617.0531214011187,-863.553673772899,-101.60156708118234
2026-04-20 22:13:33.865,288,95.49628121530866,-527.764177596299,252.5020837814948,-40.569322129327915,197.67556552087206,-99.13583617273383,619.2180151453412,-866.2942348334363,-101.80541287077985
2026-04-20 22:13:33.874,289,96.62432158789996,-529.7676934571044,253.25431208690543,-39.78035841479722,197.54160182824313,-99.50904201021058,621.1666475766168,-869.2602129000487,-102.23024312104677
2026-04-20 22:13:33.882,290,97.36470933423696,-532.1581239804437,253.6147425553638,-38.668435027863666,197.73023154801717,-99.55636128158893,622.8639335787901,-872.481874908767,-102.91060564509787
2026-04-20 22:13:33.893,291,97.4827688256189,-535.1760606191958,253.34128628960156,-38.02206260150603,197.4567090807439,-100.06650523828982,624.7951983777277,-875.4688750207999,-103.34863531651031
2026-04-20 22:13:33.901,292,98.85550537949919,-536.9406038272314,254.3184817049989,-37.39102956227453,197.15325853264463,-100.60506726346051,626.4685462767284,-878.7172689231433,-104.03800598928035
2026-04-20 22:13:33.959,293,99.60510577351674,-539.336197929112,254.66713475047013,-36.68753144699038,196.91439530934426,-101.07578035935771,627.4144802377532,-882.6957603178525,-105.45468690186784
2026-04-20 22:13:33.973,294,100.44245530013012,-541.654003790592,255.08894943135417,-35.91723755234922,196.7468878660568,-101.46993409791479,629.3395179841216,-885.6859543936184,-105.8845447003393
2026-04-20 22:13:33.988,295,101.51583098706053,-543.7417330909844,255.74380780339723,-35.06182384673485,196.6731011789664,-101.76753109731527,631.7242793121536,-888.2068551543783,-105.83928127313094
2026-04-20 22:13:33.998,296,102.22840564568284,-546.1837424849685,256.04700454956554,-34.18582382244685,196.62191209874584,-102.04324530036216,632.652734893885,-892.1774821037346,-107.23258099902698
2026-04-20 22:13:34.008,297,103.34091713019875,-548.2316641996282,256.74665700978335,-33.44591083971223,196.42617126075163,-102.44988522995769,633.810424784251,-895.9171499336237,-108.3897344614532
2026-04-20 22:13:34.018,298,103.82271726811146,-550.9175503736752,256.81596825734954,-32.653556426012656,196.26520078197757,-102.81856211458367,635.2297536540158,-899.3974046160299,-109.28856256616248
2026-04-20 22:13:34.026,299,104.58113198998304,-553.3300893910217,257.1590464210132,-31.877976645878896,196.08216258183714,-103.21303736258353,636.4147284043853,-903.1105312853244,-110.42133007190564
2026-04-20 22:13:34.035,300,105.3448412595398,-555.7500769179401,257.4976175716972,-31.212465576269256,195.7838354100668,-103.72686277634024,637.1133520567324,-907.3183542911529,-112.05065859860244
2026-04-20 22:13:34.043,301,105.8738916609446,-558.3999354832649,257.60503970433604,-30.055124760086468,195.97662041530614,-103.74809287970263,638.5147499112438,-910.8316269407052,-112.98446702340611
2026-04-20 22:13:34.050,302,106.31992618972669,-561.1308464432788,257.62345891938827,-29.249250560269093,195.8145571043825,-104.12400100421725,640.1980783875387,-914.0631165549935,-113.63481024647328
2026-04-20 22:13:34.057,303,107.08987992273448,-563.5469923878883,257.95260891505194,-28.372779785537848,195.7318091460773,-104.4248049519472,641.3574675316462,-917.8104210596584,-114.79378652608231
2026-04-20 22:13:34.064,304,108.49775880251185,-565.330452449605,258.92281441618337,-27.52115019486045,195.62661617616502,-104.74414765922023,643.0609868036463,-921.014520133519,-115.40317534800543
2026-04-20 22:13:34.072,305,108.95231701733077,-568.0784527415784,258.93018303799977,-26.768014759537127,195.4233311755091,-105.15705101223735,644.214188881754,-924.7682021176207,-116.55828185702435
2026-04-20 22:13:34.079,306,109.77479954813192,-570.4658749992566,259.30242217195365,-25.825972136578905,195.40576419159555,-105.36988724190233,645.6199675058854,-928.2624950241668,-117.44294174621086
2026-04-20 22:13:34.088,307,110.78542556249842,-572.6716934928133,259.8593997691766,-24.850436157094347,195.42235846720027,-105.54034742610745,648.0052699004029,-930.7766543803342,-117.34756744970205
2026-04-20 22:13:34.095,308,112.0212792531847,-574.65319664295,260.64460212137755,-24.193924649180477,195.11355457369922,-106.04242087206276,649.377840038535,-934.300959644534,-118.26180385943785
2026-04-20 22:13:34.104,309,112.47876575426034,-577.4174661827653,260.65129173414203,-23.199059655536967,195.13695442482754,-106.21840327579602,651.7262820183348,-936.84213683474,-118.19700535743642
2026-04-20 22:13:34.112,310,114.45477027094101,-578.6589007891595,262.1768009001241,-22.075950626481532,195.29122340318278,-106.25687208513969,652.4127969328983,-941.0468518147936,-119.8000543932236
2026-04-20 22:13:34.119,311,115.23227366430004,-581.0971374306965,262.50416833232805,-21.065598933811795,195.3295528066341,-106.41202210869176,654.7374652517378,-943.6131174659089,-119.76995839980141
2026-04-20 22:13:34.127,312,115.72873139563625,-583.807385386057,262.5621103221056,-20.2725162390654,195.15351737737473,-106.78171510385015,657.3509959978232,-945.8890322574988,-119.45076632153926
2026-04-20 22:13:34.134,313,115.86145287725346,-586.8845336943959,262.2521438351287,-19.810123111529325,194.64499834291726,-107.47537128694657,659.7656487912619,-948.3663718068868,-119.3287797824113
2026-04-20 22:13:34.143,314,116.81502729624184,-589.1439889168945,262.7614115292969,-18.901228929871156,194.57823540183344,-107.7259413063985,661.9178772051195,-951.104057180889,-119.46241228354236
2026-04-20 22:13:34.151,315,117.67841426989301,-591.4940573410369,263.1843599914046,-18.136760717976323,194.369570014341,-108.10095719048799,664.0627439803231,-953.8377608755181,-119.58855795112142
2026-04-20 22:13:34.160,316,117.80875932084555,-594.5718471024621,262.8822765249,-17.28239736568521,194.2526978075572,-108.37617099891065,665.2256200511935,-957.5399389262334,-120.6807077160419
2026-04-20 22:13:34.167,317,118.94414965249518,-596.645037268955,263.58318172977414,-16.558590634913024,193.98629063594575,-108.80250699479751,667.3242278539606,-960.3031762307353,-120.83303969022083
2026-04-20 22:13:34.176,318,119.67471680117609,-599.1295695623508,263.8722785789264,-15.795965019180493,193.74801933484363,-109.1957916924192,669.6566064906618,-962.8307361914491,-120.76745651113957
2026-04-20 22:13:34.184,319,120.17887195334818,-601.8473300678764,263.9207510539165,-14.825175169582423,193.71894760103356,-109.36719197595501,670.5687020556807,-966.7836874286954,-122.13419299154434
2026-04-20 22:13:34.193,320,120.73293471117866,-604.5224028913011,264.0108715658592,-14.056223875587856,193.4870385208017,-109.73518119505749,671.7066891502363,-970.5051324925522,-123.2738916492726
2026-04-20 22:13:34.202,321,121.1507851549545,-607.3416237900544,263.9544936800764,-13.203227610076198,193.33694302994348,-110.01313347445121,673.8203733577659,-973.2426592608787,-123.44638307314173
2026-04-20 22:13:34.210,322,121.7646715085266,-609.97161732824,264.0857391809878,-12.470011582252926,193.0576385241291,-110.4132805213298,674.7333834046075,-977.1766992198709,-124.8152704986493
2026-04-20 22:13:34.219,323,122.2826285315206,-612.7008986598761,264.1193808964016,-11.508496213522415,193.01138658853438,-110.56636718489318,676.5969525039427,-980.1623233624823,-125.24977091651198
2026-04-20 22:13:34.228,324,123.40489431170035,-614.8294242017288,264.7521537957355,-10.572442580830918,192.94175384102448,-110.73752844830567,679.224778708143,-982.378450102368,-124.9211029292817
2026-04-20 22:13:34.237,325,123.97795989924285,-617.5104626406326,264.83008846181264,-9.589688140663132,192.9238550582678,-110.85817258703192,682.102750001506,-984.3395723702774,-124.3336597359528
2026-04-20 22:13:34.245,326,124.82754636201506,-619.9137572517452,265.18298963455834,-8.715214424077644,192.78987505972907,-111.10432258348905,683.7348427473843,-987.5481194819431,-124.99929151184196
2026-04-20 22:13:34.253,327,125.35406370077679,-622.6398305398355,265.2083963341701,-7.837847039066068,192.66085880749722,-111.35349172379618,685.1350924165325,-990.9870621562786,-125.88781130077508
2026-04-20 22:13:34.262,328,125.55558325222427,-625.6891864386431,264.9063382815376,-6.827089217394766,192.66142846729122,-111.48024734023987,687.0171126712895,-993.9427551590367,-126.29208190457186
2026-04-20 22:13:34.268,329,126.90716117988855,-627.5909281753068,265.75033960972365,-6.283958059166889,192.19515614794688,-112.07274891726152,688.9082170294242,-996.8960650740414,-126.70434621414353
2026-04-20 22:13:34.277,330,127.26476751672233,-630.4862353637236,265.59726239992364,-5.281650496618498,192.18371231382596,-112.21253705958998,690.0885148708093,-1000.561381801445,-127.83946072228494
2026-04-20 22:13:34.285,331,127.69417299577961,-633.309133966552,265.50138143662525,-4.306820681605698,192.14694037309224,-112.37742496454096,692.2229592956709,-1003.2751104280586,-128.03541262660795
2026-04-20 22:13:34.294,332,128.45372416830392,-635.8115472938384,265.72408253183465,-3.534887136893298,191.9057176735433,-112.74338636328801,693.895595599045,-1006.4530919004065,-128.70034211993345
2026-04-20 22:13:34.302,333,129.1048427205667,-638.4279800604714,265.83455234126706,-2.653741734927574,191.76543533047507,-113.012249019359,696.2676870577194,-1008.9330505175154,-128.66488761955978
2026-04-20 22:13:34.311,334,129.7042021860741,-641.101577059343,265.88934568046017,-1.9842925844846084,191.40665870436442,-113.49978021992094,697.4510487822043,-1012.6018133829939,-129.80902725463204
2026-04-20 22:13:34.319,335,130.25157934337363,-643.8297261338815,265.8883558373118,-1.0730900899709068,191.2816914627909,-113.76063230069028,698.382835483592,-1016.5242617931368,-131.20803975043444
2026-04-20 22:13:34.327,336,131.67532073743564,-645.6868853266245,266.75088350807124,-0.6172720720778189,190.70218116896973,-114.4770110741754,699.3152790657834,-1020.4416417382406,-132.60732615535252
2026-04-20 22:13:34.335,337,132.22866278441705,-648.4201660468527,266.74161235181293,0.16815983586138195,190.43968967930485,-114.87175485087681,700.7347958615649,-1023.876624145061,-133.5239011217799
2026-04-20 22:13:34.343,338,132.99857146795537,-650.9380540943305,266.9482195362992,1.0802798879107962,190.29243414342636,-115.14820991492819,701.9063123943804,-1027.558750375333,-134.69544539167987
2026-04-20 22:13:34.352,339,133.71570844758685,-653.504341351657,267.10970890884903,1.548028953023846,189.6905899860216,-115.8828430861071,704.7649733160563,-1029.5541486845002,-134.1757557283993
2026-04-20 22:13:34.359,340,134.27265549804056,-656.2378017374741,267.0971816174845,2.4653647484747707,189.52947980899452,-116.18017821279419,706.397406693491,-1032.7749730002834,-134.87489305326187
2026-04-20 22:13:34.368,341,134.55599845746025,-659.2420597056056,266.8133527995123,3.1658619961557215,189.15068389377728,-116.69272534156147,706.8621874565385,-1037.1606230947687,-136.73572602866426
2026-04-20 22:13:34.377,342,135.44343148075643,-661.6442919004047,267.12813017916386,4.237629940485462,189.139027874926,-116.84294324981839,709.2333165644579,-1039.6449316310513,-136.69821885619652
2026-04-20 22:13:34.384,343,135.73290926019286,-664.644451742413,266.8385606173808,4.823155935241371,188.6392424575856,-117.48500701196326,711.6230922731982,-1042.1108726197397,-136.64135139103487
2026-04-20 22:13:34.394,344,137.16629473216264,-666.5027499327377,267.6882512837473,5.644452985281656,188.37082745482883,-117.90087642342486,713.5277021921986,-1045.0638872415327,-137.06935432163698
2026-04-20 22:13:34.401,345,137.99508839217458,-668.9608425766296,267.94118693604685,6.616757880379929,188.251004273361,-118.16169326969552,715.6616917208092,-1047.7838615034948,-137.26315579691945
2026-04-20 22:13:34.410,346,138.61635471998517,-671.6333311979442,267.97891521180765,7.312254350846793,187.85268349253298,-118.69448556297479,717.8163190094562,-1050.4875076640276,-137.4328301138424
2026-04-20 22:13:34.417,347,139.1794963366375,-674.3648592034722,267.95720311304996,8.424679005024773,187.86861175162412,-118.81774577394097,719.6964124232812,-1053.4675426652188,-137.8778390744823
2026-04-20 22:13:34.426,348,140.29044873783036,-676.5598619223166,268.4712480533307,8.907131653293767,187.24871096095555,-119.57581631569965,721.1104138134633,-1056.916386078683,-138.7836940941438
2026-04-20 22:13:34.433,349,141.736949537886,-678.4259242153277,269.30954953252177,9.638625912459231,186.87358988329123,-120.0877267129972,722.9952066805167,-1059.8952708743666,-139.23030866981549
2026-04-20 22:13:34.443,350,142.37511157596316,-681.1053785682863,269.335300505948,10.71354996877218,186.8339001971972,-120.27055650106175,725.1316852528247,-1062.6220675306506,-139.422216602266
2026-04-20 22:13:34.453,351,143.4931765384351,-683.3027757401865,269.83988520231236,11.939541139859804,186.9451707971452,-120.29861658284567,727.0292672460845,-1065.5824894638251,-139.8408492928122
2026-04-20 22:13:34.459,352,144.45808854050858,-685.6506863564215,270.19878138311105,12.426402187795599,186.3144447930968,-121.06252243142517,728.442272622575,-1069.0316538907562,-140.74683620802656
2026-04-20 22:13:34.469,353,145.30829991081913,-688.1227494428923,270.4332825540181,13.50736125885291,186.26852471737152,-121.24168192707613,730.6201117532534,-1071.7169214799528,-140.89229152148746
2026-04-20 22:13:34.477,354,146.15267878453213,-690.5916497147459,270.67138252589547,14.2416851773383,185.86854174338075,-121.77814730572071,732.292643808316,-1074.9084221246333,-141.5490306508696
2026-04-20 22:13:34.488,355,147.20557912257996,-692.8498041628429,271.1232499976363,15.226112876722402,185.7158464895758,-122.05575465818384,735.1688854630695,-1076.8956665062624,-140.99969187927104
2026-04-20 22:13:34.496,356,148.05051008805248,-695.3241975135994,271.36145682179693,16.329382260883,185.6779925824697,-122.2197723872717,736.0998956222137,-1080.8313421698201,-142.395652508733
2026-04-20 22:13:34.548,357,148.74589812619976,-697.949422305494,271.45135226408996,17.28093023687325,185.48828183822957,-122.53664768375674,737.9778427293188,-1083.8170564818636,-142.83730732207664
2026-04-20 22:13:34.565,358,149.74196064078453,-700.2726473570086,271.836644897765,18.16529862502861,185.2256329315147,-122.93664300789172,740.1124134424907,-1086.5491754156478,-143.02707288522564
2026-04-20 22:13:34.572,359,151.58269194932052,-701.749619519067,273.07051894530866,18.916742779784027,184.82285172226014,-123.48336953276028,741.2773014803427,-1090.255238494942,-144.19183132513515
2026-04-20 22:13:34.580,360,152.30742825707566,-704.3450464407748,273.18982701022196,19.78365500054575,184.53817435268394,-123.91969040899691,742.9458417335268,-1093.4524782699664,-144.84163819332727
2026-04-20 22:13:34.587,361,152.60853518597335,-707.359438116352,272.8892384413519,20.891950707359374,184.49326558292506,-124.10757374730956,744.8161429608354,-1096.4375015395542,-145.27908450692087
2026-04-20 22:13:34.595,362,153.63698149675193,-709.6465035194118,273.30944815660683,21.771538784890904,184.2108102144114,-124.52434980378514,746.4548669327129,-1099.6535990253628,-145.94657921198478
2026-04-20 22:13:34.603,363,153.88182273755174,-712.7205006397043,272.9408310235037,22.631530432489807,183.89871673092532,-124.96900294390626,749.5520338320517,-1101.4139317182003,-145.15807072010637
2026-04-20 22:13:34.610,364,154.72897679798763,-715.1910108310537,273.1788789260766,23.649876938769236,183.74446486154477,-125.25758476818618,750.961437535755,-1104.8672674907982,-146.0582445178874
2026-04-20 22:13:34.619,365,155.63854051091218,-717.6027140651206,273.47501954205353,24.26217101771326,183.18653580495805,-125.95171651721861,751.6532008596813,-1109.0413978880367,-147.67088398419128
2026-04-20 22:13:34.626,366,156.01031672562146,-720.5585690871216,273.22690469009325,25.383829018017074,183.1379080729354,-126.13711186515718,753.547990718942,-1112.0099933709514,-148.07799978567553
2026-04-20 22:13:34.633,367,157.04640349136668,-722.8524201215798,273.6469971346697,26.257444958012275,182.84272890179466,-126.57025751887463,754.9508353846938,-1115.4626404706546,-148.9674358512396
2026-04-20 22:13:34.640,368,157.29331780042338,-725.940003461873,273.27668871899743,27.016677499628926,182.42745114993537,-127.12227896681084,757.0627425107471,-1118.1991042236339,-149.1390409962248
2026-04-20 22:13:34.648,369,158.80952859854648,-727.7541258169313,274.18092929402087,27.51435519831119,181.7525241541563,-127.93197641741085,759.1694960554426,-1120.9394410166753,-149.30681044156356
2026-04-20 22:13:34.656,370,159.32603522827617,-730.5665949709073,274.0847655880043,28.63581219538359,181.7041023585538,-128.11846342789008,760.3070556682279,-1124.647578203189,-150.44459813351943
2026-04-20 22:13:34.665,371,160.2430815906708,-732.9827625918992,274.37634425701293,29.41367299955068,181.3043473441209,-128.6625204472252,761.4744099355071,-1128.3280041818955,-151.5510266851479
2026-04-20 22:13:34.674,372,160.89647604125625,-735.6706331467187,274.3926122867052,30.44542393984942,181.1568217142143,-128.95765063314735,764.0612326368371,-1130.5831193788847,-151.23358235030406
2026-04-20 22:13:34.681,373,162.76200181798106,-737.1502053806963,275.6143073969141,30.81686600324535,180.33899031236456,-129.91610800230043,765.4539484286527,-1134.0304267361194,-152.1106840600826
2026-04-20 22:13:34.689,374,164.29322041163863,-738.9634704242517,276.5013595188545,31.746521869179862,180.08294131871136,-130.3145029084763,767.8124398321066,-1136.5076789538539,-152.01925068709252
2026-04-20 22:13:34.697,375,166.22571858590234,-740.3783700344121,277.7864217051426,32.36820305660813,179.51628164846306,-131.0190571210616,769.4342851908513,-1139.7235686670874,-152.67187426672496
2026-04-20 22:13:34.705,376,166.48846603076456,-743.4725141865039,277.39224731640184,33.14916327750336,179.10468772240608,-131.56243482511258,771.2792352738362,-1142.717458354011,-153.09656071327717
2026-04-20 22:13:34.712,377,167.4231688838258,-745.8981182654051,277.6687307062252,34.18540350904393,178.94750679165472,-131.85676435789688,772.472879745395,-1146.361916202622,-154.1660865641964
2026-04-20 22:13:34.719,378,168.5625651390541,-748.1202674395453,278.1539434146294,35.09021146537754,178.66128439492638,-132.2841985502742,774.56578233082,-1149.1014644354836,-154.32637546128475
2026-04-20 22:13:34.726,379,169.29169879887496,-750.7569258031182,278.22896731926625,36.0072497058624,178.39041184369887,-132.69737154321382,777.2079448722336,-1151.2918718076721,-153.93942126745512
2026-04-20 22:13:34.734,380,170.49755446537912,-752.914214628521,278.77820109749666,37.0251317916455,178.22386153078563,-133.00424628971615,778.1117276329077,-1155.2191325937029,-155.29511102176764
2026-04-20 22:13:34.742,381,170.6955349886097,-756.0808924781538,278.3164758344441,37.93805830245589,177.94734268803012,-133.41638386993205,778.8213150781326,-1159.3460541075933,-156.84982295147887
2026-04-20 22:13:34.749,382,171.36276302894424,-758.7808133947859,278.3228515598404,38.98260422338987,177.80004365716567,-133.6943597878808,780.1807515748977,-1162.8239445656736,-157.75610535222543
2026-04-20 22:13:34.758,383,172.2307385195463,-761.2762230856051,278.5389322593797,39.85624761353651,177.48284397256802,-134.14294525200918,782.3410171806019,-1165.4977633008386,-157.8576191923516
2026-04-20 22:13:34.765,384,173.77338061755898,-763.0999547503296,279.4281386227354,40.864144182776,177.2983057956632,-134.46222566544085,783.9793615258197,-1168.6817957037042,-158.46607893418073
2026-04-20 22:13:34.774,385,174.7122723247653,-765.5345308283094,279.7063103856843,41.50120766046977,176.7444193246598,-135.15497230017633,785.8067495439557,-1171.6741873784117,-158.88057401715835
2026-04-20 22:13:34.781,386,175.24724921500083,-768.3702144739424,279.58232932901194,42.11110816824946,176.16260662177518,-135.87860595563242,787.4126989155669,-1174.8892196554596,-159.5226015735901
2026-04-20 22:13:34.790,387,175.91117776861168,-771.0758765168742,279.59159572470867,42.88098631677821,175.7440404266238,-136.43781782792996,788.5678916749014,-1178.5553382638257,-160.61207173565435
2026-04-20 22:13:34.800,388,176.44353069468582,-773.9131131540162,279.47269024310964,43.66289730754572,175.33742212714057,-136.9811712621384,788.7919047259969,-1183.1554581297491,-162.63139503529374
2026-04-20 22:13:34.807,389,177.1055256457894,-776.6181862801906,279.48548813650564,44.91588764032224,175.40378685602627,-137.0474189821523,791.3547183752544,-1185.411589934471,-162.3035883032753
2026-04-20 22:13:34.816,390,178.2417252515874,-778.8406860154348,279.980532135227,46.04132323286221,175.33819523806085,-137.24630583040513,792.4720159343644,-1189.1099635089236,-163.41788967319056
2026-04-20 22:13:34.824,391,179.16543754776671,-781.2698234998031,280.27207758139303,46.66581093638765,174.76785120481514,-137.95399901149747,793.3989970608507,-1192.99543290556,-164.71929926914515
2026-04-20 22:13:34.833,392,180.09446440520225,-783.7001061117032,280.5578269596627,47.603706745353364,174.50129699987625,-138.3564519982506,794.5095645287274,-1196.6918267179353,-165.83013591985437
2026-04-20 22:13:34.841,393,181.3630735507959,-785.791708166475,281.17620883833274,48.62297807292079,174.31474252256663,-138.67879011167483,797.0284718349379,-1198.9791778735532,-165.53713351370027
2026-04-20 22:13:34.850,394,182.50169006825323,-788.015896308856,281.6652992999392,49.68750767820138,174.17938929584346,-138.94535201443006,797.6990987692764,-1203.1169492933755,-167.1042636102552
2026-04-20 22:13:34.860,395,183.23376595615207,-790.6502809894918,281.73828705956817,50.325811929349946,173.61415243661276,-139.63342577110257,798.629600372068,-1207.0038272410425,-168.41887507913722
2026-04-20 22:13:34.869,396,184.37655456887367,-792.8747578278146,282.21807208441845,51.08029745167838,173.16678556996487,-140.1976142345916,800.269445481483,-1210.1854358688654,-169.03245274113158
2026-04-20 22:13:34.879,397,185.31727045007207,-795.3036843780008,282.49238087347504,51.97885516088556,172.85564731205312,-140.61286790065384,801.8468058464603,-1213.435617867657,-169.7088356684254
2026-04-20 22:13:34.887,398,186.7339481985699,-797.2628051725483,283.23437375181464,52.863695767576324,172.5334602109682,-141.03485244846428,803.7155469758058,-1216.4003489284953,-170.0961957258984
2026-04-20 22:13:34.897,399,187.68136647818753,-799.6984575132367,283.5037094371618,54.15381225808667,172.618371358535,-141.05579485219175,803.9404736167018,-1221.0088307184947,-172.12281756017663
2026-04-20 22:13:34.904,400,188.89854995598267,-801.8656604716408,284.046601905801,55.02729991875534,172.2887127707185,-141.49023201028552,805.8116886372928,-1223.9741738823025,-172.51064558224277
2026-04-20 22:13:34.913,401,189.57302228907398,-804.5753140491656,284.048245135138,55.92291475114199,171.97593634522903,-141.90318045644923,806.9687368125486,-1227.6452654332454,-173.60065865410013
2026-04-20 22:13:34.920,402,191.06824584658682,-806.4728835063028,284.85473350709367,56.84179513875048,171.679136805479,-142.29721175477468,809.3111294019938,-1230.125224332461,-173.49766074494696
2026-04-20 22:13:34.928,403,191.68157452267494,-809.2464050429178,284.7828435439327,57.60940301146604,171.22843668787016,-142.8383059273664,810.9473356026366,-1233.3131062833322,-174.10021792368067
2026-04-20 22:13:34.938,404,193.30845591379784,-811.005387170125,285.7277389954403,58.501934952882976,170.89682323764006,-143.2585445151548,812.5866868318792,-1236.5017144180647,-174.70658834560453
2026-04-20 22:13:34.945,405,193.99008215521022,-813.7118113499516,285.72313198158423,59.77782284077151,170.94943133986294,-143.2932656528097,815.4154591971594,-1238.4992403954254,-174.12252956447526
2026-04-20 22:13:34.954,406,194.74155478272445,-816.347179762307,285.78770390559146,60.8311949474964,170.7770460818554,-143.5573462949271,817.5381575274665,-1241.2034330694041,-174.25009822325632
2026-04-20 22:13:34.961,407,195.43061848153732,-819.048182772884,285.77652557435437,61.87279760469304,170.59545456517802,-143.82790759885586,819.4363248734944,-1244.1312309545544,-174.60259043008935
2026-04-20 22:13:34.970,408,196.92996586081279,-820.9408374803769,286.56353923750504,62.62379519126205,170.1272132569517,-144.39227773021972,821.0752010312469,-1247.3162134855486,-175.20945444856193
2026-04-20 22:13:34.977,409,197.41241162868906,-823.853490238869,286.32961975966543,63.500191402921885,169.7787373702885,-144.8393665746161,822.4582110839258,-1250.7582187459793,-176.07634346638275
2026-04-20 22:13:34.988,410,198.092465634978,-826.5713273073429,286.2922043673177,64.27694860706043,169.32363663227707,-145.3882791526719,824.5471657325552,-1253.4908374900028,-176.23746873188918
2026-04-20 22:13:34.997,411,198.84476826784402,-829.2221389271194,286.32281137689955,65.20029490054176,169.01600928774155,-145.78413372676943,826.1288239486967,-1256.7325054936498,-176.91586821415342
2026-04-20 22:13:35.004,412,199.96257050086248,-831.512059682862,286.7128130990519,66.3556350971777,168.94318470716084,-145.9404740973704,827.5159641226173,-1260.175243506045,-177.79031953372072
2026-04-20 22:13:35.015,413,201.0087274315437,-833.8722820512735,287.0305243970812,67.1307317044869,168.48531511765006,-146.47024146654124,829.3568756261802,-1263.1695253409634,-178.21235674516623
2026-04-20 22:13:35.021,414,202.04909342784464,-836.2326590580269,287.3500162783494,68.01624954197045,168.12521317742483,-146.89779231048678,830.7483174367866,-1266.6142167195233,-179.08940597692535
2026-04-20 22:13:35.031,415,202.4823643267515,-839.2071849949577,287.06043830229606,68.78264404285149,167.6474268079903,-147.44182467128104,832.6233847719085,-1269.5781310203945,-179.48319934493375
2026-04-20 22:13:35.039,416,202.76886625141833,-842.3267159368983,286.6304869488262,69.6786921614898,167.2916193163301,-147.86279588026665,833.7872851668291,-1273.2558944449684,-180.585621981823
2026-04-20 22:13:35.049,417,203.39462928960464,-845.1031651996312,286.5414419520095,70.60225377089155,166.95131921555026,-148.26875088260067,836.1128469929258,-1275.7732154442358,-180.52229289410627
2026-04-20 22:13:35.059,418,204.01737432379431,-847.8828606939695,286.4571192283914,71.52130191427632,166.60110606173902,-148.6799307501754,838.0175432380998,-1278.7111761743438,-180.880221639263
2026-04-20 22:13:35.065,419,204.7118021587467,-850.5924204486626,286.4415497451477,72.56305146856606,166.37220337696542,-148.97149956787678,840.1173508107687,-1281.4553266569733,-181.04245722150523
2026-04-20 22:13:35.075,420,205.67951033294614,-853.0332994919008,286.69361509737166,72.95068073526872,165.49358369124832,-149.91792652597627,842.2491066676755,-1284.1672725784497,-181.17198464438178
2026-04-20 22:13:35.082,421,206.65015732638068,-855.4758471034459,286.9451501535014,74.00531890045283,165.28153838199174,-150.19829807226134,844.1531137857476,-1287.1039530632283,-181.5268313646249
2026-04-20 22:13:35.136,422,207.6225773569091,-857.9205482383011,287.1944842453591,74.90149767445013,164.90674861537659,-150.64184764131596,845.9963729500203,-1290.1015211153301,-181.9486430317147
2026-04-20 22:13:35.143,423,209.13830394977813,-859.8300432745076,287.9835708192157,75.95528841806538,164.6869326641244,-150.93188984858025,846.7062929094154,-1294.231771144227,-183.49908715989912
2026-04-20 22:13:35.150,424,210.11755135603588,-862.2782261099974,288.22666145820295,77.00092027029295,164.4620432795527,-151.22934530451903,847.6137779054045,-1298.1676938184332,-184.85951115770598
2026-04-20 22:13:35.157,425,210.97922145808036,-864.8474868735973,288.3473517695705,78.19820234183278,164.3908003616946,-151.37019955553976,848.3254332736896,-1302.3016847744168,-186.41989878863998
2026-04-20 22:13:35.164,426,211.35001140133588,-867.906869311497,287.97656135926866,79.38320324559069,164.30424965069687,-151.5245507357038,849.71839794034,-1305.7535693398231,-187.2974605375241
2026-04-20 22:13:35.172,427,212.18499939505583,-870.5002628909424,288.0649678488661,80.43458371997687,164.0871660610588,-151.80331662698453,851.8200249848297,-1308.4955027466503,-187.46271302909716
2026-04-20 22:13:35.180,428,213.2462799635849,-872.8682835888316,288.37503944407166,81.60609000986534,163.99511746631214,-151.95284567657566,852.7585379153154,-1312.402062344991,-188.79597474200742
2026-04-20 22:13:35.188,429,214.11439571532878,-875.4281089145483,288.492461975814,82.51790637942453,163.64642733226458,-152.35922790651236,854.6325081364902,-1315.3699385442897,-189.18650474450698
2026-04-20 22:13:35.195,430,215.17823560328372,-877.7921127147316,288.8002872208346,83.16711744247506,163.0306290205813,-153.03099135764032,856.0201901014588,-1318.8237362670718,-190.0581020216694
2026-04-20 22:13:35.203,431,215.7497093353063,-880.6521368767956,288.61080373391036,83.81821974717532,162.42075564321314,-153.69275149990077,857.6340130438657,-1322.0544443710623,-190.7046928392257
2026-04-20 22:13:35.211,432,216.1309476752554,-883.7041741925497,288.2297422588702,84.73298632197185,162.0720893970904,-154.09274874173192,858.5352855011155,-1325.9907892914707,-192.05580835545481
2026-04-20 22:13:35.219,433,217.31491484502354,-885.9578046836527,288.6487472873331,85.7809178370646,161.85071340285322,-154.3686806806976,860.3731867925156,-1328.986983774375,-192.47357054693285
2026-04-20 22:13:35.227,434,218.4987362330422,-888.2089919629178,289.0707019425771,86.9594963365031,161.76019356756862,-154.51994564776894,861.9865818983675,-1332.2060547642714,-193.12012656776503
2026-04-20 22:13:35.235,435,218.9179918610923,-891.2212327905763,288.73033680379973,87.62040955125349,161.14977012081684,-155.19425144034153,863.1197797494988,-1335.9043847889595,-194.25484466082128
2026-04-20 22:13:35.244,436,219.56848543560952,-894.0040082707269,288.61284799921054,88.53777993576011,160.79443077214603,-155.6147327952605,865.479662713656,-1338.3812372006778,-194.16858541867268
2026-04-20 22:13:35.252,437,221.1781925673801,-895.834692455333,289.4428592999575,89.32765771023908,160.3136387564743,-156.16286606148313,866.3896304376253,-1342.3117102176125,-195.534338566339
2026-04-20 22:13:35.260,438,221.75943197349787,-898.7019392655604,289.23575041742544,90.13061819762146,159.84675951283276,-156.6985088223426,867.1013213170539,-1346.4426599325957,-197.09729240963355
2026-04-20 22:13:35.268,439,222.18378049464326,-901.7284401658447,288.8681297429592,91.19260245890847,159.632919770482,-156.98086594105092,869.2377315303584,-1349.149090102836,-197.2377509488913
2026-04-20 22:13:35.277,440,222.76785919310316,-904.5989986529296,288.65542147263034,91.96935602640264,159.12773558493268,-157.56019609182957,871.5702994948168,-1351.6573396132098,-197.17818769754956
2026-04-20 22:13:35.284,441,224.38640435478158,-906.4339235168393,289.4821363224101,93.04547073059818,158.91756402140723,-157.84892886728034,874.1302289390934,-1353.934388743483,-196.8930191035146
2026-04-20 22:13:35.291,442,225.04712942070697,-909.2281774542673,289.35402087936785,93.99850963274056,158.57815973868662,-158.26785946119838,876.265442915798,-1356.638679642575,-197.0375379821389
2026-04-20 22:13:35.299,443,225.7125984031125,-912.0219555194465,289.22211784963787,95.068582937339,158.35025194081805,-158.5758240825343,878.1475469054623,-1359.5985313556062,-197.4393775677782
2026-04-20 22:13:35.306,444,225.95490792193644,-915.2440575147616,288.6572483684915,95.86914126168718,157.85566655241973,-159.14787964684209,879.5727233285819,-1363.0146751553723,-198.29569112351365
2026-04-20 22:13:35.314,445,226.4636430613846,-918.2040342597757,288.3541838412405,97.20812571669008,157.90346962395117,-159.17928318806753,881.451072402337,-1365.9701652717442,-198.69337270601454
2026-04-20 22:13:35.321,446,227.82707167633666,-920.3067972136679,288.9090620821363,98.16189398839832,157.5648285677036,-159.5994856298353,882.3597562380575,-1369.8923856970148,-200.05766256543143
2026-04-20 22:13:35.330,447,228.59774985277315,-922.9914711887141,288.8838142374067,99.22424030615261,157.33152056275685,-159.9196498944346,883.9503656063539,-1373.1332400107415,-200.73924084743297
2026-04-20 22:13:35.338,448,229.44654948403615,-925.5949504234214,288.9424591777492,100.16042693919883,156.9685824640356,-160.3747228503009,885.8251774269064,-1376.0904132295448,-201.13430936992197
2026-04-20 22:13:35.345,449,230.2707028520157,-928.2294929798489,288.96994977531585,100.988463554163,156.49398083878455,-160.94305476756605,888.1280014185369,-1378.6191482717677,-201.10608575304855
2026-04-20 22:13:35.353,450,231.550379074643,-930.40957472482,289.44340397653986,101.94270102140527,156.13919319713102,-161.39359285813438,889.7734878674287,-1381.8024751958496,-201.7291204766639
2026-04-20 22:13:35.360,451,232.3253892778286,-933.101275341317,289.4041610366096,102.63589349767071,155.52469421621257,-162.1056324445576,891.4199215173223,-1384.9887429535083,-202.350710139652
2026-04-20 22:13:35.369,452,233.18140515137722,-935.7130185460936,289.44697954480864,103.73556775222409,155.30827026801114,-162.41614493863418,892.1296958965992,-1389.1113184931176,-203.9047601778889
2026-04-20 22:13:35.376,453,233.9586786691274,-938.4111193266457,289.4051310364739,104.70662015467305,154.95981428940783,-162.86118862897342,893.0343653885714,-1393.0405206870707,-205.26201717790372
2026-04-20 22:13:35.384,454,234.98173877039568,-940.8658631175189,289.60950305813907,105.69535788777543,154.62377484349977,-163.29921705495084,894.3860928125868,-1396.520338975703,-206.16442048669447
2026-04-20 22:13:35.393,455,236.00694329077552,-943.3229592296434,289.81142275276557,106.67941908985539,154.27760033778057,-163.75105996434368,895.7354986029015,-1400.0038780880507,-207.0645031175284
2026-04-20 22:13:35.400,456,236.4992082046295,-946.3145742004743,289.48430891019234,107.38586467206595,153.6541154044614,-164.47859443268098,897.8269756274607,-1402.7472161683827,-207.22125278729916
2026-04-20 22:13:35.408,457,236.74454863065938,-949.5544399780717,288.91087484259316,107.95224658605898,152.88090677365304,-165.35287669742797,899.4350439086322,-1405.9767482064815,-207.8618356201921
2026-04-20 22:13:35.416,458,238.46874417549742,-951.3176487334198,289.8128170823149,108.7879291127371,152.37416138636308,-165.96026934227038,901.5278243142636,-1408.7226879435061,-208.02069854786507
2026-04-20 22:13:35.424,459,239.1488488769501,-954.1297620872449,289.66391038893903,109.5073890581604,151.74769096923467,-166.68110277381996,903.3995219253292,-1411.6926201946928,-208.40760379033497
2026-04-20 22:13:35.432,460,240.52819617498378,-956.2443429464736,290.21607377672495,110.4975920743127,151.3938355323727,-167.13321839476183,905.4953330515982,-1414.437804000444,-208.5668213821126
2026-04-20 22:13:35.440,461,241.31049591504447,-958.9590131520574,290.16681405358975,111.34570108523724,150.89217616478777,-167.73183622375242,908.0725333733678,-1416.698348724702,-208.2401178053918
2026-04-20 22:13:35.448,462,241.806981670624,-961.9545575150883,289.83733884701655,112.32911173715767,150.52578332113472,-168.1929904722554,909.9391375063402,-1419.6713277408933,-208.6201993491698
2026-04-20 22:13:35.458,463,243.63210678795602,-963.6144952465924,290.83539658748873,113.3348173040279,150.1788692571792,-168.63728405765136,911.3224257060454,-1423.1330608271244,-209.48509853837442
2026-04-20 22:13:35.467,464,244.65958584128805,-966.0686165413135,291.0356074607381,114.33236117862522,149.82100351736804,-169.09388212265455,912.7059527030492,-1426.5994261136952,-210.34950108657162
2026-04-20 22:13:35.475,465,245.68888329023503,-968.523252446651,291.23307425547205,115.34455333619321,149.47660189702532,-169.5422074339831,914.3500712622159,-1429.8081105475515,-210.95162614923242
2026-04-20 22:13:35.485,466,246.0199170724358,-971.6763938750364,290.7372310325849,116.21244371288554,148.98363777693038,-170.13781810824506,915.2848326325644,-1433.730033959276,-212.26319605801274
2026-04-20 22:13:35.492,467,246.8649166796082,-974.3146632688827,290.7540072146146,117.05234267942059,148.45810689409868,-170.76450855911193,916.9320482159028,-1436.9412747606445,-212.8670638650084
2026-04-20 22:13:35.501,468,247.80983505220894,-976.8531788100144,290.87089778438644,117.90169329342531,147.94239521196755,-171.38227605281932,918.3197535917897,-1440.4156350022567,-213.73392880501052
2026-04-20 22:13:35.509,469,248.15843968950676,-979.9900214219306,290.3914985410017,118.77092029552543,147.44970822548163,-171.9785896685673,920.4179596369594,-1443.1777265034127,-213.88866647493884
2026-04-20 22:13:35.518,470,248.75990958658915,-982.8826595161814,290.1554632493107,119.77769636972232,147.0886708503415,-172.43895204775126,922.288885587968,-1446.1626914570193,-214.26514906579337
2026-04-20 22:13:35.531,471,248.84419770252904,-986.2937089768678,289.3999915431759,120.64798199946482,146.58930217585296,-173.03501783643767,922.7378664886523,-1450.5665865577514,-216.05915264767918
2026-04-20 22:13:35.538,472,249.26215928025636,-989.3651238690054,288.9819655414685,121.36415317913509,145.9326742437439,-173.79017079649833,925.3157733196209,-1452.839415199203,-215.72857089620925
2026-04-20 22:13:35.547,473,250.12891540388154,-991.9912968793657,289.01006860224663,122.64036723725323,145.8346550549668,-173.98606258558988,926.9246139111674,-1456.083391374464,-216.36705720938178
2026-04-20 22:13:35.556,474,250.64745519206065,-994.9697515694908,288.6862408032498,123.06199381369653,144.88428294023444,-175.03605512208603,928.6045697041432,-1459.255559346284,-216.92926758189995
2026-04-20 22:13:35.567,475,251.51916994347008,-997.6039084418483,288.7055129450012,123.93242711600658,144.3830094937716,-175.63412282946405,930.4738335748538,-1462.2395185161831,-217.3071966477877
2026-04-20 22:13:35.574,476,252.29634093159524,-1000.3327915730441,288.6301876779605,124.93904012708177,144.01756492483864,-176.0919533463438,933.0165342047688,-1464.5521030776374,-217.00941638171741
2026-04-20 22:13:35.585,477,252.8184150374929,-1003.3171719143456,288.297513780879,125.94563665739223,143.64918650447578,-176.54848526776968,935.0697619023802,-1467.351887051363,-217.19593988710812
2026-04-20 22:13:35.595,478,253.7759018556266,-1005.865273271325,288.3988257325034,126.68167004029095,143.0013268072713,-177.2848296835062,936.9729779165731,-1470.3005656579785,-217.53226723684463
2026-04-20 22:13:35.602,479,254.29962233146125,-1008.8543044069681,288.0602861903562,127.53936059230314,142.4728719645834,-177.9010840385682,938.8404301689344,-1473.2879665633056,-217.90583153815092
2026-04-20 22:13:35.613,480,255.2604893766876,-1011.4056045249961,288.1591877693363,128.54528750724776,142.08795388466135,-178.36866286958687,940.7102314568249,-1476.278737846541,-218.28080970690516
2026-04-20 22:13:35.622,481,256.3934703227052,-1013.7857783275613,288.4311085691693,129.42101446268686,141.56690204615577,-178.96536232997133,942.5429601098506,-1479.3041118238234,-218.6917492765311
2026-04-20 22:13:35.632,482,257.4404479224981,-1016.2496670102919,288.61649621005216,130.4344822978264,141.18487770845044,-179.42140554689882,944.9344355003983,-1481.77127504308,-218.54254044149872
2026-04-20 22:13:35.640,483,257.9628448274564,-1019.2357302504441,288.2826214547747,131.00971640837255,140.35843754316485,-180.32171819079278,945.607365725963,-1485.958303451527,-220.11185014741855
2026-04-20 22:13:35.651,484,259.62281772000006,-1021.0851304768727,289.08764073271,131.73995430457379,139.67386067690921,-181.08057103710718,948.4472542667044,-1487.977646217417,-219.51287982013258
2026-04-20 22:13:35.709,485,259.8805656697756,-1024.3422820134856,288.48639160744193,132.76453416086338,139.27580131637134,-181.54988005837268,949.5664811064711,-1491.7175624191802,-220.6322378185624
2026-04-20 22:13:35.718,486,260.6656324467498,-1027.0754953107864,288.40502375310155,133.64216977198348,138.73316005936658,-182.15879026770992,950.9863341394207,-1495.158906514564,-221.4526050214025
2026-04-20 22:13:35.726,487,261.4481803345989,-1029.811940937104,288.3263461792419,134.2267423091674,137.88613091917463,-183.06657405600802,953.1162799990102,-1497.8910461911046,-221.56069405528172
2026-04-20 22:13:35.735,488,261.791506220664,-1032.9883153087803,287.8117655746909,134.9646530729362,137.18281591507275,-183.82779599367427,955.0238296647663,-1500.8499579347092,-221.89323381247104
2026-04-20 22:13:35.744,489,263.00708632811427,-1035.2912700904858,288.17412003014545,135.85066389259774,136.62250410570076,-184.44802816296232,956.8956149393183,-1503.84956247338,-222.2646880643008
2026-04-20 22:13:35.753,490,263.7009956007475,-1038.1184966346063,288.0113730697603,136.29024122345757,135.6147740823476,-185.516389683612,958.9931007586488,-1506.624535331454,-222.41331584862996
2026-04-20 22:13:35.763,491,263.87325634678837,-1041.4732297724217,287.3230168619677,137.33025703547295,135.19352211939676,-185.9953006210032,960.6010452074304,-1509.8888167172688,-223.04766453380324
2026-04-20 22:13:35.772,492,264.83808275441777,-1044.0410149755573,287.42496128100413,138.53915987142037,134.93372904811105,-186.31257442148083,962.9173506493092,-1512.4425086895499,-222.96813989097654
2026-04-20 22:13:35.781,493,265.8091107213238,-1046.611020960731,287.52324579693845,139.59752615475549,134.5173811455125,-186.7837148218648,964.1125711232208,-1516.1101780376653,-224.00438794485746
2026-04-20 22:13:35.789,494,266.34294803057315,-1049.6242436232997,287.1673990771504,140.8151463339385,134.25140655955852,-187.10099417056213,967.395879421201,-1517.6854252919143,-222.95314638838093
2026-04-20 22:13:35.798,495,266.7944239396134,-1052.7266941441455,286.7167774168547,141.4279556745822,133.38484298971406,-188.0186391316757,969.3022828292825,-1520.6411499202516,-223.2844587819611
2026-04-20 22:13:35.807,496,267.60059982475707,-1055.475222324728,286.6208113120106,142.48949175093202,132.96691143437474,-188.48818656313355,971.3958469457465,-1523.4108991799403,-223.4329536079066
2026-04-20 22:13:35.816,497,268.04966482278525,-1058.578887930423,286.1717098242596,143.55647160568037,132.55193151632122,-188.95267000158313,973.3048278402576,-1526.3662264530958,-223.7696770506954
2026-04-20 22:13:35.826,498,268.85261523331405,-1061.3296366481377,286.0789788046076,144.7689638923832,132.2848178791268,-189.26753895703294,974.6915245430017,-1529.847373972141,-224.63289982851225
2026-04-20 22:13:35.834,499,270.09843470961414,-1063.638802102467,286.4285508667591,145.9687756762874,132.00928755768257,-189.59117373282484,975.6296054131085,-1533.7797876682282,-225.95099329183844
2026-04-20 22:13:35.843,500,270.6330757051035,-1066.660465697857,286.06608335700207,147.01401952958884,131.58261345459476,-190.06605719738388,977.0539678302532,-1537.2223102674643,-226.7780556772547
2026-04-20 22:13:35.852,501,271.16734780187534,-1069.6757756445363,285.70759318516093,148.06664857547898,131.16780109679203,-190.53139123892655,977.9532657271246,-1541.1881373518704,-228.1273056221257
2026-04-20 22:13:35.861,502,272.0555142985205,-1072.336237356646,285.70482435482796,149.2794829728296,130.9119337557276,-190.83484168747657,979.3386418737164,-1544.6668950972037,-228.988889733875
2026-04-20 22:13:35.871,503,272.49981386316966,-1075.4425188363361,285.2576048670822,150.03594909720206,130.19469071000438,-191.60162356215017,981.7341412609813,-1547.1356660289564,-228.84113396048187
2026-04-20 22:13:35.880,504,273.2981686697008,-1078.1916798144075,285.1690950334626,150.7994634456882,129.4803826701614,-192.36483215427788,983.4183379696588,-1550.3157419836275,-229.4066969194394
2026-04-20 22:13:35.890,505,273.47550239778013,-1081.5609535708581,284.4586662478326,151.7206412984,128.91974372274728,-192.9776892146636,985.0298100183538,-1553.5676113032641,-230.0449764331921
2026-04-20 22:13:35.898,506,274.451761885749,-1084.1333437592393,284.5462733948061,152.17827860058134,127.89104137778655,-194.06106896374177,987.1635150174644,-1556.298776680638,-230.15889850863897
2026-04-20 22:13:35.908,507,275.7849702710083,-1086.3515030905417,284.9850804176076,153.1014386805264,127.32412594012398,-194.6890515970886,988.5495729945369,-1559.7780784246963,-231.02146049565044
2026-04-20 22:13:35.918,508,276.6770024630877,-1089.0189950356269,284.9751148095813,154.3339461789065,127.06231675237214,-195.0122695597177,990.159988179851,-1563.0350934435335,-231.65833346803097
2026-04-20 22:13:35.927,509,277.83667495633586,-1091.422523594213,285.2293444942626,155.54370088264324,126.78209533621686,-195.3508103996028,991.7690524564617,-1566.2955795615467,-232.29369147874763
2026-04-20 22:13:35.937,510,278.4638004433495,-1094.3587766768967,284.95207625966805,156.3114808312273,126.06551805749923,-196.12990600941475,993.6384703187882,-1569.2953776989227,-232.66381187388833
2026-04-20 22:13:35.945,511,279.45064127183696,-1096.9408397091825,285.02881735083605,157.51730205676725,125.78856732061851,-196.4714027287927,996.2612868975114,-1571.5447678845164,-232.28645280504455
2026-04-20 22:13:35.954,512,281.15522961259694,-1098.8099819759952,285.81646241569865,158.42230551225663,125.20576416046232,-197.11858087225573,997.8352665630725,-1574.845718404164,-232.96125474856322
2026-04-20 22:13:35.963,513,282.144288831817,-1101.3930737188691,285.8909497730056,159.65314542722234,124.94558176964888,-197.4426029602793,1000.4216715904724,-1577.136184916475,-232.62234700362936
2026-04-20 22:13:35.973,514,283.3139500437269,-1103.794648226241,286.14910258755685,160.8798300364816,124.67909913221808,-197.77480522754135,1001.7702656055802,-1580.6631168124836,-233.52103213517725
2026-04-20 22:13:35.981,515,284.75120196161265,-1105.930671991218,286.67389687976436,162.10414211097168,124.40539927225463,-198.11385955742583,1003.9062185326775,-1583.4037042274285,-233.62937543654488
2026-04-20 22:13:35.991,516,285.39133617889684,-1108.8608233822736,286.3983168032261,163.18578306408665,123.98865014924309,-198.59682499815247,1004.8038879057485,-1587.3854114545306,-234.97617725606835
2026-04-20 22:13:36.001,517,286.82038086532674,-1111.0042119601235,286.9050685471128,163.9594858018517,123.26094070455817,-199.38238104445767,1006.9035158124576,-1590.166016803197,-235.12339369410233
2026-04-20 22:13:36.009,518,287.0053348864002,-1114.3966440914792,286.16412978332465,164.72455381367607,122.52817660719316,-200.1694392604386,1007.8790911006998,-1594.0694650440425,-236.39110297403496
2026-04-20 22:13:36.020,519,287.28430138590426,-1117.6983677323433,285.51441890382307,166.10712257939102,122.41097533033839,-200.34052200463444,1009.931486855701,-1596.888815562833,-236.5747755707048
2026-04-20 22:13:36.028,520,287.82675591689554,-1120.7305683943637,285.1314960476167,166.87882264554074,121.68565202918937,-201.12249941007724,1010.6029501312424,-1601.0867981295864,-238.13980704535606
2026-04-20 22:13:36.039,521,289.2686704440636,-1122.865028364562,285.64978576984805,167.79985359033643,121.10060274671275,-201.7675476423628,1011.2747786844699,-1605.2831464738103,-239.70685981518096
2026-04-20 22:13:36.048,522,290.5258653656824,-1125.1841134875142,285.986496846845,168.72644673338118,120.51103349160852,-202.41375533860176,1012.9584217448288,-1608.4656285670715,-240.2589049199299
2026-04-20 22:13:36.058,523,291.96451972501944,-1127.3167889409385,286.50640656319723,169.50450267127815,119.77531269314335,-203.2027968495426,1014.7879783656742,-1611.50380530698,-240.66727439031828
2026-04-20 22:13:36.069,524,292.6902634022008,-1130.162604255684,286.31152640337024,170.60310077460693,119.35579951596856,-203.68231595676173,1016.6153845030899,-1614.5443243771037,-241.07414966901146
2026-04-20 22:13:36.077,525,293.6839426722679,-1132.74420075337,286.3749272680697,171.5429645060746,118.77051883820786,-204.3289973306558,1017.9929236079632,-1618.0301497748528,-241.92202002724616
2026-04-20 22:13:36.086,526,294.6786589550077,-1135.3238459349654,286.4362772132066,171.86200371126668,117.5527982788353,-205.6044462315766,1019.1054466716316,-1621.782118514002,-243.0347296895787
2026-04-20 22:13:36.094,527,295.31759228588805,-1138.2626495427394,286.13921418372286,172.9555267087451,117.11577733003385,-206.0969106437198,1020.0364466327377,-1625.7125358135274,-244.32743940467842
2026-04-20 22:13:36.104,528,296.93771144472305,-1140.2220767996712,286.8188588043272,173.7307293406369,116.36330447947665,-206.9055542792681,1021.6768213835942,-1628.9346862331952,-244.91271120578716
2026-04-20 22:13:36.112,529,297.76525709334624,-1142.9738966496318,286.7078595321099,174.6830038213503,115.78785208153955,-207.54033586634247,1023.5832322825655,-1631.8945700532206,-245.23928526861354
2026-04-20 22:13:36.122,530,298.4964661056832,-1145.8201866259444,286.50494887477413,175.9435514745872,115.52146100144193,-207.87149317111033,1025.490580819616,-1634.856250265732,-245.56627699192555
2026-04-20 22:13:36.133,531,299.6622686398581,-1148.230899519365,286.7412774540322,176.8812785253989,114.93875651889886,-208.51692790328966,1026.6487798589446,-1638.5696997443047,-246.64641561798558
2026-04-20 22:13:36.141,532,300.2063310627967,-1151.268270211967,286.35251199019746,177.82878861249276,114.37378720536414,-209.14830991648265,1028.7810934885686,-1641.3070284871876,-246.75157034299542
2026-04-20 22:13:36.152,533,301.0333064746484,-1154.0276802295457,286.2427912508515,178.61882035642378,113.65556770225085,-209.93810241600295,1030.2008076543668,-1644.751721284089,-247.56411644150006
2026-04-20 22:13:36.160,534,302.3888150867319,-1156.257864740779,286.6669522134489,179.70463058241074,113.23139331116059,-210.43478924603076,1031.6187272127172,-1648.1952711163756,-248.37453715489607
2026-04-20 22:13:36.170,535,303.56751242592793,-1158.6589923904128,286.9194993378221,180.94798481825433,112.96446452631062,-210.7723062076153,1033.7054782501364,-1650.9712941621385,-248.5170902220627
2026-04-20 22:13:36.178,536,304.57513392582564,-1161.2281050766144,286.99903079097186,182.0439436144304,112.54666800180179,-211.2624082262164,1034.1519689925167,-1655.3903116327901,-250.30291935116003
2026-04-20 22:13:36.188,537,305.038810448908,-1164.3381588654888,286.5353900543872,182.65343857189794,111.65027260075667,-212.23039446482915,1036.019114492753,-1658.3914840234472,-250.67063866017028
2026-04-20 22:13:36.198,538,305.50479521250895,-1167.4461086430395,286.0693689989607,183.58938077069786,111.07658329766565,-212.88003133511845,1038.1092538882679,-1661.1702755707024,-250.8125212335402
2026-04-20 22:13:36.205,539,306.51879386851755,-1170.0076075982338,286.14592607508047,184.5192938602338,110.49694847619048,-213.53880774873932,1039.708241663238,-1664.438193685344,-251.43852881636363
2026-04-20 22:13:36.214,540,306.98609061721413,-1173.116436797666,285.6790024462176,185.6117376310907,110.07604034833628,-214.0431927219551,1040.6400410471158,-1668.3762627982278,-252.73122205717914
2026-04-20 22:13:36.222,541,308.2482239398701,-1175.4341284348855,285.99953367694013,186.5547472561343,109.50130551232621,-214.69895301802364,1042.2398585552783,-1671.6456935501367,-253.3566975740178
2026-04-20 22:13:36.232,542,309.1689282922092,-1178.0929135796625,285.9823969023176,187.50279684144013,108.93258985490196,-215.3441010220793,1044.3686709749022,-1674.3866729720467,-253.45428910516208
2026-04-20 22:13:36.242,543,310.5408594842498,-1180.2997194820628,286.41680932159994,188.60421689891368,108.51663231589971,-215.83824887333822,1045.7448493694092,-1677.8799720304332,-254.3004526028777
2026-04-20 22:13:36.253,544,311.1784109264178,-1183.2434496566193,286.12083264201544,189.54735655618603,107.93817747427846,-216.4926362117703,1046.412007791209,-1682.087136183326,-255.85771367528463
2026-04-20 22:13:36.263,545,312.631126282451,-1185.3796265286092,286.63362528530985,190.49445458309333,107.36627213151034,-217.13615266784356,1048.0575801257323,-1685.3214105665563,-256.44353899148234
2026-04-20 22:13:36.271,546,313.2753680799957,-1188.3291034567076,286.32998752831037,191.1299696002196,106.48119783301138,-218.08997990941072,1050.4155958355557,-1687.8447587238545,-256.31905587974444
2026-04-20 22:13:36.282,547,313.7503815473989,-1191.4512074443285,285.8548599342116,192.21108582422227,106.0365399345265,-218.6030755333313,1052.4683565718522,-1690.67461522533,-256.501637062128
2026-04-20 22:13:36.290,548,315.6456157758045,-1193.1551139855687,286.795502666177,192.99898616671493,105.28818933676109,-219.41976289028995,1054.3385602979583,-1693.6892041911674,-256.8642282307165
2026-04-20 22:13:36.301,549,316.2920301121649,-1196.110649294369,286.48428564783535,193.3220674840277,104.0666699139587,-220.7099469820386,1056.2124497006832,-1696.704430185726,-257.2294316332298
2026-04-20 22:13:36.310,550,316.84605600755583,-1199.1644211282294,286.0722504916977,194.60519769577925,103.79618784123399,-221.04769879590603,1058.5781260981703,-1699.2308719683354,-257.1096717075678
2026-04-20 22:13:36.321,551,317.329661754914,-1202.2903915473912,285.58842944469905,195.4012568465299,103.03986555984432,-221.87142093719373,1060.495566358139,-1702.2057489371173,-257.4402456771899
2026-04-20 22:13:36.328,552,317.5241686701054,-1205.7088156519485,284.81043620833697,196.04763088261103,102.12154988907217,-222.85826718056944,1061.6585532017125,-1705.9343517735363,-258.52294128185497
2026-04-20 22:13:36.339,553,318.6351173707583,-1208.2084906300408,284.94885306514556,196.6879964040891,101.19720635452774,-223.8533873454251,1063.5367998398526,-1708.948923179914,-258.8946736632398
2026-04-20 22:13:36.349,554,319.47913991076746,-1210.972624439424,284.8276030274554,197.81667017520996,100.76245174468164,-224.3579870355224,1064.8835676807191,-1712.4923181070885,-259.7933451188848
2026-04-20 22:13:36.359,555,320.75249608197163,-1213.3043502314226,285.1417678338933,198.6211562862002,99.99670449994251,-225.18863191968762,1067.7362161828526,-1714.5309283961296,-259.18169969711664
2026-04-20 22:13:36.370,556,322.76471260186736,-1214.8949866812573,286.20067951583013,199.56950265531302,99.37507602875765,-225.874666543326,1068.40861174276,-1718.7534993404618,-260.752417146461
2026-04-20 22:13:36.379,557,323.50385625123766,-1217.756708705121,285.9929607379535,200.36042264920232,98.59637712882115,-226.716766672913,1070.0623061635504,-1722.000318764693,-261.3450991635902
2026-04-20 22:13:36.390,558,324.96460100423195,-1219.898539397423,286.504889153556,201.17915366698222,97.84027647464957,-227.53521723888602,1071.9825594991482,-1724.9834997665093,-261.6720145977691
2026-04-20 22:13:36.399,559,325.9947004675954,-1222.4723856061119,286.5779630371119,202.65292465911568,97.73425489745648,-227.70609642673028,1074.1288995700068,-1727.7424412323708,-261.77536426623385
2026-04-20 22:13:36.410,560,327.26653299394854,-1224.804409751595,286.89495087991685,203.940840466408,97.44288232425862,-228.05865367170603,1075.7861664182249,-1730.9925623967738,-262.37066125003304
2026-04-20 22:13:36.422,561,328.6364520293006,-1227.043999606538,287.30629694471514,205.07855016970285,96.99910837258182,-228.56342093472273,1077.4412269061745,-1734.241393114587,-262.9625623463088
2026-04-20 22:13:36.430,562,329.3582530877191,-1229.9297722395286,287.07395797915495,205.5744494753812,95.9080887583051,-229.71967220136912,1078.1557579273842,-1738.4283413087255,-264.4932175338076
2026-04-20 22:13:36.442,563,330.1029464857479,-1232.7938859879669,286.8594008728961,206.5418374666043,95.28545658619471,-230.40794478344753,1080.0744015751159,-1741.4097154166582,-264.8178843537855
2026-04-20 22:13:36.451,564,330.6552051171442,-1235.8513883954465,286.4539410380522,207.3518169676529,94.50072706197575,-231.25835437825367,1081.4600195806952,-1744.9211511760993,-265.67070741606756
2026-04-20 22:13:36.463,565,331.49635089192566,-1238.6245810940177,286.3350423175912,208.49867201403015,94.05175445463816,-231.76620180240005,1083.0678986365897,-1748.2085109651994,-266.2992039395853
2026-04-20 22:13:36.471,566,332.7739520347188,-1240.964270480597,286.6503035219818,209.30888699644385,93.26482886690252,-232.6102241865282,1084.71666594471,-1751.453283931227,-266.8845420854153
2026-04-20 22:13:36.484,567,333.06393256519806,-1244.295180024747,285.97506005635313,210.13201452546687,92.48710337382114,-233.44650916368016,1086.0984320240293,-1754.965086626893,-267.7330930756717
2026-04-20 22:13:36.497,568,334.17501532857636,-1246.8082407849536,286.11989330358074,210.95797496937803,91.70692447141269,-234.2850602823234,1087.2571850430436,-1758.7000477970591,-268.80605677906
2026-04-20 22:13:36.505,569,335.7452608482512,-1248.863754275007,286.72465942107516,212.25467565069025,91.39668116538613,-234.65057183554336,1088.4185210018752,-1762.4350210628197,-269.88254180638603
2026-04-20 22:13:36.516,570,337.1232145707381,-1251.114693544942,287.13798338807493,213.40023428885016,90.9335402551005,-235.16528925845597,1090.7410346537604,-1765.0079564540656,-269.8002224761184
2026-04-20 22:13:36.524,571,338.6939816626408,-1253.1731330004616,287.74497279784686,214.2165499969463,90.13750137002977,-236.01404069477383,1092.12915055565,-1768.5174921130915,-270.657698820747
2026-04-20 22:13:36.535,572,339.61264863227666,-1255.8814086186167,287.69884396418786,215.3786830390942,89.68524864184954,-236.5192027410873,1093.3337143360602,-1772.2131351079806,-271.6992576220527
2026-04-20 22:13:36.543,573,340.98918545859186,-1258.1294370731437,288.11229451867933,216.21941064669807,88.90174803532435,-237.35780048506652,1094.499239702512,-1775.9515229563185,-272.785233450798
2026-04-20 22:13:36.554,574,342.2709672584427,-1260.4758672802218,288.4285216774361,217.39156272636788,88.44493245903423,-237.8688357862313,1095.8896740931177,-1779.4649459782293,-273.64526104053795
2026-04-20 22:13:36.566,575,342.754239300644,-1263.6227766170916,287.94544824031414,218.06537995979835,87.48758069555225,-238.87992928147307,1097.5461705570963,-1782.7136019457407,-274.24024972754967
2026-04-20 22:13:36.574,576,343.94001535765403,-1266.0679480356134,288.16308346265555,219.22199152769602,87.01315697861939,-239.40492452981096,1098.7114872383702,-1786.4537970733027,-275.3244660831585
2026-04-20 22:13:36.585,577,344.30323602020724,-1269.3390863892882,287.5549451481058,220.23033400319366,86.38305972609369,-240.08575514258573,1100.3676166331038,-1789.7058692605103,-275.91667696741035
2026-04-20 22:13:36.592,578,345.05410385545827,-1272.2189611424258,287.336813429903,220.90816133734106,85.41521344707337,-241.10330256575176,1102.2899420330068,-1792.6924320221797,-276.2426944817566
2026-04-20 22:13:36.605,579,346.33611316120476,-1274.5658730119862,287.6533893784755,221.9221696696759,84.77586448752605,-241.7963609117759,1104.397438142194,-1795.4954714414055,-276.38676526013603
2026-04-20 22:13:36.612,580,347.6182064190623,-1276.9139286713728,287.96867914853345,223.11041810984113,84.3136099165187,-242.31330846470104,1105.3388634016476,-1799.46748089831,-277.6969785029783
2026-04-20 22:13:36.625,581,348.17525510577656,-1279.9896805375347,287.5574581437908,223.96177409226956,83.51910795381005,-243.16452726830525,1107.9397211229482,-1801.7826230748296,-277.348862107888
2026-04-20 22:13:36.632,582,349.6506520661247,-1282.1452046253473,288.06678848431284,224.4724809586679,82.38757095149715,-244.35459067702965,1109.107991937384,-1805.5333284980488,-278.43625706484926
2026-04-20 22:13:36.644,583,350.20881942306016,-1285.223028958917,287.65307129331364,224.97923950774228,81.24524598641742,-245.55544847864218,1110.464914228715,-1809.09795861624,-279.3406006255983
2026-04-20 22:13:36.657,584,350.7930604744955,-1288.2739863223678,287.2638796111779,225.83814960667192,80.44374794784818,-246.4146558235715,1112.3551898064834,-1812.130471460198,-279.71425366724003
2026-04-20 22:13:36.664,585,352.272010267118,-1290.4316307534082,287.77244989214563,226.51354625455605,79.45622855928542,-247.4566861202951,1114.4305110612045,-1814.978840882968,-279.9005708012983
2026-04-20 22:13:36.677,586,353.02395286419267,-1293.3183542110398,287.55277719048706,227.6967509865081,78.97198905998323,-247.9935898601352,1116.0948996352236,-1818.2388182905036,-280.50155211217555
2026-04-20 22:13:36.684,587,353.6780491631654,-1296.2998762596653,287.239168486119,228.72833712867927,78.33789380531424,-248.6813753871446,1118.2103518198955,-1821.047041397904,-280.6479559683559
2026-04-20 22:13:36.696,588,355.15319207510043,-1298.458172562691,287.7515534996644,229.75434961697147,77.69469608099735,-249.3740896303959,1118.8871835007442,-1825.2896686516635,-282.2272974548858
2026-04-20 22:13:36.703,589,356.7028555673003,-1300.5428583703601,288.33686046250796,230.78110821007886,77.045788555596,-250.06635310495568,1120.5457840403058,-1828.5469550398386,-282.8202125968506
2026-04-20 22:13:36.714,590,357.5491284833493,-1303.3305492411137,288.2179300160337,231.62904786339956,76.21485440739536,-250.94127629398534,1122.613052317841,-1831.396011621464,-283.0036728310699
2026-04-20 22:13:36.727,591,358.4677997506488,-1306.044064336733,288.17413040088434,232.64919334153834,75.55704826078401,-251.64382857282808,1124.2301264434257,-1834.695680887577,-283.63736517174533
2026-04-20 22:13:36.734,592,359.21590001230544,-1308.9311282721594,287.9590629557441,233.33699396444712,74.55933492505625,-252.68685081504324,1125.3524302188578,-1838.4860660525314,-284.76050029667834
2026-04-20 22:13:36.811,593,359.6033976247646,-1312.1837403779962,287.3783654210365,234.35852405646216,73.89330907270902,-253.3969120418201,1126.0261316062258,-1842.7217800781593,-286.33221554390354
2026-04-20 22:13:36.820,594,360.3570897279683,-1315.0698085570166,287.1584302684212,235.74000946225578,73.58607584126565,-253.74868729418034,1128.3983263539817,-1845.2600936368558,-286.20919603815406
2026-04-20 22:13:36.826,595,361.3792210081242,-1317.6897564902351,287.20157992929364,237.11855168322995,73.27260560152074,-254.10421269516021,1130.545295797093,-1848.0230259517243,-286.30777080279205
2026-04-20 22:13:36.834,596,362.66835573036224,-1320.041876847221,287.50892039628474,238.15421966549746,72.61405315754061,-254.8020377351777,1132.1576460489327,-1851.3199074888473,-286.93846995685607
2026-04-20 22:13:36.842,597,364.0558173323346,-1322.2979909942933,287.9143386142455,239.53558283444102,72.29838286178038,-255.15801639064495,1133.7707075056674,-1854.6158933667964,-287.57100272687256
2026-04-20 22:13:36.851,598,364.7155715183231,-1325.284451066112,287.58829362299673,240.5746376159946,71.6405876451533,-255.85744039788207,1135.649750272526,-1857.6445985115492,-287.9355622427607
2026-04-20 22:13:36.859,599,365.7393375212571,-1327.9052369454346,287.62772607299326,241.78530342823257,71.14972159949767,-256.3876067480234,1137.9786523651408,-1860.2242799341693,-287.85170071897613
2026-04-20 22:13:36.867,600,366.92967204892545,-1330.3565641654752,287.8389659082581,242.64370713785468,70.30574969815568,-257.2677697308113,1139.4507555111654,-1863.6594773137454,-288.62697254086083
2026-04-20 22:13:36.875,601,367.5883576648891,-1333.3416125344663,287.5161205152069,243.16420387091134,69.12984293284451,-258.4824608196621,1141.026947499793,-1866.9926886956735,-289.302719203504
2026-04-20 22:13:36.884,602,368.4145218886775,-1336.15549322024,287.3658761480365,244.02844342287258,68.29490372387468,-259.3559246379339,1142.374930466823,-1870.5504138747897,-290.19969637284214
2026-04-20 22:13:36.891,603,369.0031286498927,-1339.207963184911,286.9744010019205,244.72414997569857,67.2815352065612,-260.4094535995554,1145.0085751285935,-1872.8199250279738,-289.80743588716956
2026-04-20 22:13:36.899,604,370.2930897807428,-1341.5609529583862,287.27805745436217,246.11508932321237,66.9648385678339,-260.7665785710403,1145.9492934245075,-1876.7843738425684,-291.11548771579515
2026-04-20 22:13:36.907,605,371.2470286814081,-1344.2501977781624,287.2492429216149,247.15197697543812,66.29407002630656,-261.47802199664255,1147.3384048727612,-1880.2987614301505,-291.97418549966164
2026-04-20 22:13:36.916,606,372.89947613804554,-1346.239321747599,287.921843224392,247.8503221763876,65.27444545862637,-262.5380390086396,1148.7269766746706,-1883.8129693847986,-292.8307905889361
2026-04-20 22:13:36.924,607,374.1187892573607,-1348.6637736960527,288.1608981935896,249.25737226949175,64.95785712265376,-262.89446367276616,1149.8904241498628,-1887.5505809123624,-293.9111572950965
2026-04-20 22:13:36.932,608,375.070211656253,-1351.357034949281,288.1335962450915,250.13827120455684,64.10986624348509,-263.78466341050085,1151.2315899410235,-1891.105292519588,-294.8053093781347
2026-04-20 22:13:36.940,609,375.6296955374205,-1354.4407210242132,287.71682281469566,250.84541360118953,63.081476661145224,-264.85712630743615,1151.9023461184563,-1895.3330474544393,-296.37234379666194
2026-04-20 22:13:36.947,610,376.092378716668,-1357.6231945786506,287.1999319906581,251.90533742691477,62.40516494395868,-265.57863888005295,1153.06533153101,-1899.0721037100418,-297.45131553597474
2026-04-20 22:13:36.956,611,376.92048353986604,-1360.4427718563577,287.0448300392899,252.42883813420985,61.19810942924095,-266.8296504656688,1154.9041905139384,-1902.1352700594678,-297.8598727311258
2026-04-20 22:13:36.963,612,377.6788028915829,-1363.3328372118665,286.8189454219557,253.1409144488989,60.176176512639266,-267.89601784463963,1156.8242182834026,-1905.1148063192209,-298.18925902124244
2026-04-20 22:13:36.972,613,378.87498590639643,-1365.7925797284108,287.02387066419044,254.02867602452167,59.3281074518282,-268.7930799347589,1159.6414282608512,-1907.1952351942818,-297.6185586293479
2026-04-20 22:13:36.980,614,379.8045656362778,-1368.5206838023755,286.9619460260413,255.44961664270767,59.01512252099568,-269.1545270120861,1161.968523528928,-1909.7669303521848,-297.53735566684827
2026-04-20 22:13:36.987,615,381.0997009744971,-1370.8833502273524,287.268524027342,256.341726906664,58.16963681228264,-270.04693930762926,1164.0719355705544,-1912.5622649563527,-297.6811339132284
2026-04-20 22:13:36.995,616,381.6620652575338,-1373.9756288692217,286.84726176104306,257.3976546036417,57.48720314350246,-270.77266262410285,1165.4234399435227,-1916.1098017958993,-298.5820384261461
2026-04-20 22:13:37.002,617,382.588406418452,-1376.7015139908253,286.7923629278731,257.74906156773363,56.10194588571167,-272.1980121099924,1167.0409528653213,-1919.3939521839836,-299.2194016812963
2026-04-20 22:13:37.011,618,384.5392456994407,-1378.4036374638556,287.7627643435315,258.62522397567517,55.24049265881039,-273.09751211183493,1168.2087803753852,-1923.129184851436,-300.31078972375724
2026-04-20 22:13:37.018,619,385.02770710081336,-1381.5689992829716,287.2737885252285,259.50850391661953,54.3790662716133,-273.99477250906864,1169.867051608084,-1926.371915720655,-300.91245040454345
2026-04-20 22:13:37.027,620,385.78458482535746,-1384.4699085536743,287.0521167267724,260.38980843352215,53.51304586302709,-274.89668597091236,1171.7121962695599,-1929.4252917764086,-301.32572223287247
2026-04-20 22:13:37.037,621,386.34494685475187,-1387.5663899569324,286.6385189041556,261.2816387157218,52.65702862415591,-275.7882572305511,1172.3896611463144,-1933.6446305644959,-302.90710874978555
2026-04-20 22:13:37.044,622,387.1990330604246,-1390.372395608978,286.5163717799354,262.5292270056506,52.15946189588579,-276.32283534952256,1174.2359962809428,-1936.6972930035831,-303.321609787021
2026-04-20 22:13:37.054,623,388.4198200708822,-1392.814949095085,286.76089525192344,263.9457225592996,51.83124906149801,-276.69324315578837,1174.913848098426,-1940.920201531908,-304.90384145384326
2026-04-20 22:13:37.062,624,388.88439507960385,-1396.0164585451546,286.244162122034,264.12109388339036,50.2561289959222,-278.3107453478639,1175.8173566280077,-1944.918195358891,-306.2598970605416
2026-04-20 22:13:37.071,625,389.91495015576754,-1398.6585710484503,286.28765230165396,265.01229836324643,49.39935249719165,-279.2102495605997,1177.2087100432368,-1948.4237631363626,-307.1227969363695
2026-04-20 22:13:37.079,626,390.5785114366664,-1401.6707887438893,285.9650747736767,265.54956021037066,48.18737314764877,-280.46387968893487,1179.0910068993644,-1951.440254012471,-307.49676078714265
2026-04-20 22:13:37.089,627,391.77845745920314,-1404.144060744736,286.1825697227081,266.61969038269547,47.50767637439349,-281.18421914701287,1180.9364977327639,-1954.4961136641332,-307.9102617803627
2026-04-20 22:13:37.098,628,392.8088919254763,-1406.7909244599402,286.2292331234893,268.0459986842439,47.18818130764783,-281.5457360661298,1181.653335024999,-1958.6847790889587,-309.45550394416716
2026-04-20 22:13:37.106,629,393.839824806638,-1409.4399461190476,286.2769116151237,268.5767994755209,45.96501341096989,-282.8112272456774,1183.803713724352,-1961.441391500409,-309.56696749760215
2026-04-20 22:13:37.115,630,394.6009806561683,-1412.35808360424,286.0544735897796,270.0146989981092,45.64245253726435,-283.17609344031587,1184.9332414049622,-1965.217334769325,-310.69527016782416
2026-04-20 22:13:37.122,631,395.0954183202194,-1415.5481310683651,285.5602294477417,271.0934001511592,44.95964623674736,-283.9029492615985,1186.8173289776087,-1968.2356097712855,-311.0703528823031
2026-04-20 22:13:37.132,632,396.0303494823142,-1418.2991149135726,285.5069157882573,272.1673464933133,44.26589466393279,-284.6434415597302,1188.2491314577958,-1971.7051972945558,-311.8969218727901
2026-04-20 22:13:37.139,633,397.0617455956818,-1420.9503508335174,285.554857111911,273.08066803936566,43.40395681327951,-285.5568008500121,1189.9062272705705,-1974.9483293436213,-312.49574007234014
2026-04-20 22:13:37.148,634,397.922671802873,-1423.7707365750766,285.4305267061766,273.97852420832055,42.52873082969218,-286.4868042132566,1190.6218893386638,-1979.1339280303052,-314.03727773237057
2026-04-20 22:13:37.155,635,399.6889896032454,-1425.684061995481,286.21433727732233,274.89444269590496,41.66736845012926,-287.40284021200983,1191.9766962735,-1982.6815665101112,-314.94079479090607
2026-04-20 22:13:37.164,636,401.1849857372645,-1427.867704706395,286.7289993341361,275.6232038461996,40.613407768733964,-288.51144586194727,1193.369893379043,-1986.1911352193301,-315.8047382567217
2026-04-20 22:13:37.174,637,401.5770250799127,-1431.1539317218278,286.1412764775155,276.35329877694556,39.55771088897642,-289.6202878842661,1194.7236147254564,-1989.7386091417638,-316.70728765617974
2026-04-20 22:13:37.181,638,402.6053436235851,-1433.8008723867001,286.1938434946641,276.8935687770805,38.31413747600285,-290.91668461459204,1196.380880175241,-1992.9833587795847,-317.30694596639904
2026-04-20 22:13:37.190,639,403.2662130768565,-1436.814422596197,285.87642429642534,277.99383335555825,37.63310899416,-291.65044742126287,1198.2632410956378,-1996.0031055037693,-317.6795787921805
2026-04-20 22:13:37.198,640,404.29425465259203,-1439.460936551298,285.9276195036594,279.63233286898543,37.492224445522425,-291.84373370249665,1200.8615173832588,-1998.3063656861666,-317.33738309013347
2026-04-20 22:13:37.207,641,405.7868641726027,-1441.6432610278969,286.44437554283974,281.09249031398133,37.17230497533437,-292.2153023640303,1202.0274865924123,-2002.0418543968685,-318.4251635163383
2026-04-20 22:13:37.214,642,407.55042762505246,-1443.5546979018352,287.22865316389687,282.35225309957957,36.65301914280324,-292.78520745975277,1202.4779459101997,-2006.4930924522214,-320.2267181206313
2026-04-20 22:13:37.223,643,408.31022758490747,-1446.4706190768336,287.00773360697184,283.80104363517273,36.32071003430756,-293.16580856669714,1204.0911503529114,-2009.7777337890727,-320.86048169251967
2026-04-20 22:13:37.233,644,408.8745482800725,-1449.582816091869,286.5890970405728,285.24628557411984,35.987899568382886,-293.5442609462708,1205.4778069200463,-2013.2863094554807,-321.7170259602875
2026-04-20 22:13:37.242,645,409.3635308255336,-1452.7661467990188,286.1008260923796,286.33519803001633,35.29920172573117,-294.27686007645,1207.0902853533817,-2016.5711975808606,-322.3502500065468
2026-04-20 22:13:37.253,646,409.6564122989012,-1456.1437159038283,285.4165860614994,287.06471593351097,34.250658777782654,-295.3703804876993,1208.7421772451928,-2019.8142203434747,-322.94117440952755
2026-04-20 22:13:37.261,647,410.88300471715786,-1458.591631680198,285.6601216059751,288.51556519048535,33.92586201430777,-295.73884452127277,1209.638314553723,-2023.809675779009,-324.2852111740125
2026-04-20 22:13:37.272,648,412.3826927008297,-1460.7694632823793,286.1696489654804,289.2388267843366,32.87307576155534,-296.834106943347,1210.5355937783524,-2027.8060631678943,-325.6318060959069
2026-04-20 22:13:37.280,649,412.5815116981849,-1464.2492339443775,285.37492714825174,290.32290332461537,32.17883016662985,-297.57025188220655,1212.1896937918268,-2031.0487054854088,-326.22707193870883
2026-04-20 22:13:37.291,650,413.5442501008112,-1466.9649936442045,285.34576430160297,291.4137219255556,31.487042127696483,-298.30489619304365,1213.8451046792084,-2034.2904680530826,-326.8254291252488
2026-04-20 22:13:37.303,651,414.6770224916021,-1469.511986117125,285.4862353136686,291.95456255319164,30.23999746776919,-299.5938690349746,1215.0111891793213,-2038.022185304608,-327.914447184944
2026-04-20 22:13:37.313,652,415.17287253181286,-1472.6994249867623,284.9901221014274,292.4988702952701,28.99645786377434,-300.8791033467448,1215.9525904051504,-2041.9820348998926,-329.2314910824528
2026-04-20 22:13:37.323,653,415.94055579203416,-1475.6204462251585,284.7621768821051,293.2316984163597,27.93181861986028,-301.98612760921134,1217.1213933220313,-2045.7190448955394,-330.3246794827545
2026-04-20 22:13:37.332,654,416.5381064000593,-1478.7129695826459,284.36336607038015,294.13925901533383,27.039524433658507,-302.9184958868899,1218.0250377483844,-2049.723421437168,-331.6807877132069
2026-04-20 22:13:37.342,655,417.40648225350435,-1481.536736741012,284.2327592435945,294.5070909326663,25.608106776515495,-304.3899548552347,1219.8733345967148,-2052.784296912753,-332.09430232568434
2026-04-20 22:13:37.351,656,418.4769073472198,-1484.160004955875,284.30199947962694,295.23291363525203,24.528985160002907,-305.5103742710969,1220.8164110344935,-2056.748706325348,-333.41354681885014
2026-04-20 22:13:37.361,657,419.446180027811,-1486.8845754435079,284.2711847009842,296.70148311162507,24.187998266341413,-305.8934549376704,1222.2115017965962,-2060.2606055408073,-334.2803183336186
2026-04-20 22:13:37.372,658,420.38471913412246,-1489.6407800040063,284.2089263077612,297.06909057011933,22.73832215251065,-307.38411855447754,1224.3261994018485,-2063.0543315221635,-334.4313022397315
2026-04-20 22:13:37.379,659,421.0562541290552,-1492.6663350566612,283.87447557248385,298.36115414984886,22.208517605356853,-307.95592346805114,1226.4794774357963,-2065.80981398666,-334.5470712566461
2026-04-20 22:13:37.391,660,421.62681766639406,-1495.7928391242788,283.4408249278808,299.10225120088614,21.12078018874919,-309.08764027516116,1227.9149184865696,-2069.2832973024765,-335.37977955838915
2026-04-20 22:13:37.400,661,422.1973548932969,-1498.9194440010735,283.0093031426819,300.7824770458845,20.968279684116233,-309.2841958783872,1230.067495283951,-2072.0396927635793,-335.4934026781586
2026-04-20 22:13:37.411,662,422.4960621836197,-1502.3149206415499,282.3109461449072,302.09588902527105,20.444655916903045,-309.8527259906828,1231.2011681198762,-2075.8145576901106,-336.6269201599569
2026-04-20 22:13:37.420,663,423.2621464406449,-1505.2411247850778,282.0850453396281,303.0357594093372,19.544885014557913,-310.8027649378643,1232.6372748023873,-2079.2882093447643,-337.46063482094337
2026-04-20 22:13:37.432,664,424.56901618659464,-1507.6281858344691,282.39890498790794,303.7824671807955,18.451371901993973,-311.95018706691525,1233.9984354423486,-2082.8373109361746,-338.36836816609866
2026-04-20 22:13:37.444,665,425.23740395811006,-1510.6529817506703,282.0710928952578,304.72843888510374,17.560187234995492,-312.89553278661276,1235.4340143503837,-2086.312633339262,-339.2005248270809
2026-04-20 22:13:37.452,666,426.10291364758297,-1513.477372412678,281.94350792887246,305.66693736190405,16.664497704538984,-313.84505639309975,1236.6059933139807,-2090.053501954672,-340.29802599629596
2026-04-20 22:13:37.465,667,428.0474553691026,-1515.2233798411244,282.89727303626177,306.7891921054737,15.952670928805418,-314.61163205663314,1238.499366614591,-2093.0770888275993,-340.6795278498068
2026-04-20 22:13:37.473,668,428.34484188723644,-1518.6184528141766,282.20331844714593,307.90012117109336,15.230009232185235,-315.3898522019278,1240.6194731883365,-2095.8729929368483,-340.8323503851771
2026-04-20 22:13:37.485,669,429.20953045740873,-1521.4494875094217,282.07715326086634,309.0260719102888,14.523312805600707,-316.1496091616135,1242.3213979399425,-2099.0863748864945,-341.4045100235657
2026-04-20 22:13:37.494,670,429.30944727837743,-1525.0511040860306,281.18239320230845,309.96789698142686,13.634376898553977,-317.09030715278953,1243.9517790258558,-2102.373486307229,-342.0519062346409
2026-04-20 22:13:37.507,671,429.9787700010617,-1528.0851411251385,280.8548862400069,311.08714905398,12.922757186370182,-317.8540212342118,1246.0425026802393,-2105.2010150050396,-342.24503062233697
2026-04-20 22:13:37.518,672,430.91774498685317,-1530.8473029330237,280.7990985300481,312.2107158799844,12.215623432715718,-318.6123601681771,1247.4488340399648,-2108.713352413487,-343.12425196715395
2026-04-20 22:13:37.532,673,431.9554144040024,-1533.5081861889742,280.8428238850253,313.32740716337076,11.505346449703941,-319.37402428168207,1248.1345442514357,-2112.94614913876,-344.7239723003764
2026-04-20 22:13:37.544,674,433.36235358558025,-1535.798928467665,281.25772660575126,314.2655247490473,10.61355994998009,-320.3138524137529,1249.3118516497877,-2116.6893340198594,-345.8319534925812
2026-04-20 22:13:37.552,675,433.8595429459281,-1539.0008531990957,280.76069154960527,315.3860585717075,9.903422350690699,-321.06724256082595,1249.7698679218684,-2121.1533964617524,-347.6628404773871
2026-04-20 22:13:37.565,676,434.52919948952365,-1542.03187129455,280.431323825351,316.3108130686536,8.996983101628121,-322.0173191872816,1251.1776339153625,-2124.667876031291,-348.54436082123607
2026-04-20 22:13:37.573,677,435.6699206128316,-1544.5920315258802,280.57114703430864,317.2400177950141,8.095613647367102,-322.96369965658107,1253.0791924000107,-2127.6916442446986,-348.9344906226397
2026-04-20 22:13:37.586,678,436.4415013793896,-1547.5203634058576,280.33966187569416,317.7933961641987,6.816939448441529,-324.2878991618765,1254.0309336588703,-2131.6685335341426,-350.27700356715786
2026-04-20 22:13:37.594,679,437.752752323836,-1549.9119339199553,280.6473274863359,318.35808061537324,5.543323621872323,-325.6060192779886,1256.6556500203696,-2133.972151095506,-349.94580484433027
2026-04-20 22:13:37.606,680,438.8970055769818,-1552.4747819800905,280.7834177086299,319.6767988302324,5.014713501402831,-326.17785381204845,1259.2800859713386,-2136.2764862311656,-349.6135351726241
2026-04-20 22:13:37.619,681,439.94241360503815,-1555.1418184889892,280.8178086840514,320.24386483287174,3.7295471984345983,-327.5025227802324,1260.4279625129748,-2140.059145193798,-350.7611917148856
2026-04-20 22:13:37.628,682,441.15749371327325,-1557.639543273843,281.02379411819874,321.18964032650564,2.8140915155711985,-328.4556969382669,1261.3795701556605,-2144.036459044862,-352.10325294141904
2026-04-20 22:13:37.640,683,442.57111504241476,-1559.93478944679,281.43357085926283,322.13552226137756,1.898696413975533,-329.409492893338,1262.9843846225476,-2147.361200900491,-352.7901519935062
2026-04-20 22:13:37.648,684,443.5136348079997,-1562.7010485352769,281.3724915473103,323.26493708093585,1.1683434827672319,-330.1766015510952,1263.4428580546107,-2151.8320126231197,-354.6227285306704
2026-04-20 22:13:37.661,685,443.9122727920215,-1566.0063620131814,280.7745312388857,323.83256491217423,-0.12178374888260654,-331.5003633908897,1264.8876219854792,-2155.3174806905067,-355.4718099755596
2026-04-20 22:13:37.669,686,445.31828972703806,-1568.2981529358199,281.1911559714486,324.58639109004264,-1.2265154832322436,-332.64041744200074,1266.5288901467425,-2158.6083101510444,-356.1271457406876
2026-04-20 22:13:37.682,687,446.25544726937204,-1571.0582269355712,281.14131723733544,325.53329706834717,-2.1401006642506086,-333.5877693018449,1267.218714082987,-2162.85083101939,-357.7363685150427
2026-04-20 22:13:37.695,688,446.7239916242703,-1574.2899298499603,280.62076502886043,326.6573772115526,-2.8740051025638413,-334.3533130545125,1268.896440645615,-2166.1077052257815,-358.3615224655018
2026-04-20 22:13:37.702,689,447.49203225519386,-1577.225515297381,280.3957308827436,327.7823613036003,-3.6074923892064534,-335.1195904624642,1270.5404378917683,-2169.3993292327946,-359.0187899242407
2026-04-20 22:13:37.714,690,448.0623067431538,-1580.3614737142532,279.96808119301943,328.53687481630044,-4.713738337122455,-336.2602036561501,1272.1848515893537,-2172.692879328643,-359.67593364052397
2026-04-20 22:13:37.722,691,448.5609410342764,-1583.5690356342463,279.468965436793,329.8587661624325,-5.25580293032044,-336.83697522817573,1273.7964794889613,-2176.0199730632985,-360.3669274222521
2026-04-20 22:13:37.733,692,449.49968323537206,-1586.331219551835,279.4165311986568,330.9924151791724,-5.987510965701772,-337.60467138021124,1275.9027068938647,-2178.8519452734,-360.5640606316833
2026-04-20 22:13:37.741,693,450.1655990688448,-1589.3650281492032,279.09544340164916,331.9398827341303,-6.908730878674005,-338.56016873554285,1277.551116359878,-2182.140948461317,-361.225672889786
2026-04-20 22:13:37.753,694,451.3028557187629,-1591.9309046083029,279.24140759941577,333.26690130838716,-7.452594132644216,-339.13944709697887,1278.9719829227454,-2185.658534464516,-362.123257484453
2026-04-20 22:13:37.764,695,452.04388477952114,-1594.894794960225,278.9880944549813,334.2133835484674,-8.379407892798225,-340.09893269821526,1280.191377219745,-2189.3765854766702,-363.2240456646687
2026-04-20 22:13:37.771,696,452.98413193468457,-1597.6588749983746,278.93249167490546,335.545436600404,-8.919760501920244,-340.67002555001164,1281.8752284577345,-2192.6311609896434,-363.85964824171276
2026-04-20 22:13:37.783,697,453.65502132643724,-1600.694688660805,278.60197628598394,336.30046560680415,-10.035947077968498,-341.81820495469475,1282.3396144269132,-2197.105139196296,-365.7147643267117
2026-04-20 22:13:37.866,698,454.4246094210345,-1603.62832297955,278.37455208661777,337.43124989753306,-10.779393591266361,-342.59672961280324,1284.253834499076,-2200.1273943704778,-366.1172435639838
2026-04-20 22:13:37.874,699,455.0918022278637,-1606.660068783337,278.0508221587197,338.19814770642006,-11.895083076783868,-343.7513337151036,1285.7053429235975,-2203.6154445972197,-366.9849035712313
2026-04-20 22:13:37.882,700,456.22831041501337,-1609.224568884122,278.1962679848624,339.15242796431403,-12.828456405540539,-344.7216839895427,1287.1585904879935,-2207.104703491588,-367.85409177171744
2026-04-20 22:13:37.889,701,457.0248317898087,-1612.1296931473146,277.99711178385456,339.9192361983253,-13.952170649036558,-345.8806845818898,1288.1177875255264,-2211.0873075481277,-369.219427670842
2026-04-20 22:13:37.897,702,457.32395985801423,-1615.5341357657305,277.2995885461526,341.071089931888,-14.689066837797979,-346.65416443236677,1290.7917950179185,-2213.3526604889817,-368.87240401347356
2026-04-20 22:13:37.905,703,457.9932661034036,-1618.567545912743,276.9701711644854,342.02839272287554,-15.624253906409015,-347.6257010327618,1291.956152970126,-2217.1294604511827,-370.03661535078885
2026-04-20 22:13:37.913,704,458.56220190177976,-1621.6980480355642,276.54288066866576,342.9907206232108,-16.559332256129508,-348.59454585290877,1294.1079175609304,-2219.919234981494,-370.2117807430557
2026-04-20 22:13:37.920,705,459.42958373150935,-1624.528559692047,276.4164646369468,344.149087310293,-17.29878145437383,-349.36719835183845,1295.7650376496194,-2223.205486233427,-370.88075003216807
2026-04-20 22:13:37.928,706,460.0995223005045,-1627.5575420300834,276.0867829566573,345.3052040599553,-18.041565615278913,-350.143751335697,1296.9570317502807,-2226.958582599057,-372.01363726199645
2026-04-20 22:13:37.936,707,461.1393355971386,-1630.2162494693798,276.1265065771435,346.83752797254226,-18.407657090850947,-350.5440198322225,1297.916820722593,-2230.9455098635867,-373.38151063123854
2026-04-20 22:13:37.944,708,461.9096863555714,-1633.147811826237,275.89493896751645,347.80246751892054,-19.34647242313669,-351.51610940249253,1299.5729041658765,-2234.233181320921,-374.0483125433335
2026-04-20 22:13:37.952,709,462.58270275903675,-1636.1821860801729,275.56056630286594,349.14729938415894,-19.90651059134685,-352.104734220934,1301.753479582422,-2236.997757216581,-374.19149900197544
2026-04-20 22:13:37.961,710,463.5255958362582,-1638.9459108756912,275.49549564154137,350.2939823570235,-20.6664375029921,-352.89063501774575,1303.8742613442819,-2239.8239317128996,-374.39353932866504
2026-04-20 22:13:37.969,711,463.99729073556176,-1642.1792565066978,274.9589177922389,351.2572973050461,-21.60868410038838,-353.854895225377,1306.0536762210925,-2242.590013545668,-374.5338262579938
2026-04-20 22:13:37.977,712,464.67044695941706,-1645.2119508072392,274.6226418508775,352.2155969821493,-22.556567314532767,-354.82141020925997,1307.73958187929,-2245.850639448566,-375.1707692171334
2026-04-20 22:13:37.985,713,465.0736718782886,-1648.5156522036882,274.01779374025756,353.56525517017343,-23.119134307305128,-355.402948738679,1308.6990402662263,-2249.8369258278162,-376.53506360543275
2026-04-20 22:13:37.993,714,465.74613968508754,-1651.549627975226,273.68432556273024,354.9139892987542,-23.685315750596597,-355.9863625043058,1309.658372138481,-2253.821910236311,-377.8986546963564
2026-04-20 22:13:38.001,715,466.6882790791867,-1654.3122103160772,273.6223676767785,356.4542859008732,-24.063213688613665,-356.37411540615955,1311.5427241930258,-2256.879441301957,-378.3315415518859
2026-04-20 22:13:38.009,716,467.6303053455569,-1657.0739988444664,273.5584855316199,357.99327440593066,-24.443816282220943,-356.76063653200674,1313.9212792270057,-2259.4442051833603,-378.269539059069
2026-04-20 22:13:38.017,717,468.50529021066274,-1659.904788839912,273.4246451474609,359.1473822167539,-25.210474648632086,-357.53129354549753,1314.6474059716174,-2263.6619968829996,-379.85989975028326
2026-04-20 22:13:38.025,718,469.07808954512217,-1663.0401467361576,272.9873530167716,360.10708912222395,-26.168436886372994,-358.4921691584421,1315.3415121259227,-2267.910235089827,-381.4807611163907
2026-04-20 22:13:38.033,719,469.5495301451247,-1666.276302813952,272.44997877732084,360.68445793804295,-27.51300166286074,-359.840425703772,1317.78079904958,-2270.4129856010154,-381.35550188597847
2026-04-20 22:13:38.041,720,470.49297166868064,-1669.0418841101612,272.3846182039138,361.07068556403294,-29.051085090743324,-361.3839733584596,1319.1999412120633,-2273.93695391594,-382.24785987673187
2026-04-20 22:13:38.049,721,471.3353745982855,-1671.9091977305886,272.21939561254385,362.0365989740961,-30.013451877486514,-362.353622303456,1320.35435843844,-2277.7236738523834,-383.40129164897337
2026-04-20 22:13:38.058,722,472.3797892273442,-1674.5740736560685,272.25562865099084,362.61783859933865,-31.36466066948041,-363.7136028083807,1321.8038390533404,-2281.2148117880142,-384.26028702230366
2026-04-20 22:13:38.065,723,474.4363640198465,-1676.2273529000292,273.30546432700487,363.58888684224405,-32.33088125891725,-364.6882562352627,1324.0101695601127,-2283.9476340406995,-384.35995246922573
2026-04-20 22:13:38.075,724,475.4805339029064,-1678.8941240306353,273.34172375691736,364.5588656625911,-33.29487612236483,-365.6610674425221,1325.1608084184206,-2287.7309665042408,-385.5096283211464
2026-04-20 22:13:38.083,725,476.15490583254973,-1681.93110545976,273.0055541022004,365.72188424112284,-34.064060675807184,-366.4396331805584,1327.0653321670063,-2290.7579288677157,-385.9009323711113
2026-04-20 22:13:38.093,726,476.661044340914,-1685.138257550574,272.49934572527764,366.30288744593355,-35.41406526797985,-367.7972488658706,1328.2481344410587,-2294.509196356676,-387.01629464729507
2026-04-20 22:13:38.104,727,477.5042754144827,-1688.0061297970833,272.33355520419497,367.2707949242339,-36.37829645176488,-368.7669061541571,1329.6613174388458,-2298.031476588971,-387.9027643976392
2026-04-20 22:13:38.113,728,478.82190561437943,-1690.4035262760808,272.63751244580595,368.43302449082427,-37.15071415417905,-369.54293269532104,1331.0402768401777,-2301.5892953413477,-388.8223336992643
2026-04-20 22:13:38.122,729,479.8054914448553,-1693.1370887189114,272.6025318951923,369.40204519734976,-38.12033228277611,-370.51252297531954,1332.9807420883199,-2304.5864070714574,-389.177424435938
2026-04-20 22:13:38.130,730,481.53390145500384,-1695.1263953815892,273.3089387861253,370.56596277290276,-38.89685655027708,-371.28839947484926,1334.6226773776723,-2307.8825160968036,-389.83163737923985
2026-04-20 22:13:38.139,731,482.1485029300121,-1698.2317876414718,272.898497136688,370.953189007977,-40.448564349426086,-372.8387212708438,1334.8524939924396,-2312.589459141107,-391.89836198318864
2026-04-20 22:13:38.147,732,482.82928054976026,-1701.2748917359504,272.5499587535827,371.9219347818335,-41.4177843247418,-373.80900417771096,1336.2639420600851,-2316.11187155209,-392.7814698451929
2026-04-20 22:13:38.156,733,484.35783537383026,-1703.4713435978626,273.05069586406563,372.6996549793821,-42.583438725712924,-374.9765739908665,1337.938045339453,-2319.369919311719,-393.3999756877945
2026-04-20 22:13:38.166,734,485.03919809328573,-1706.5186257312903,272.7030705451794,373.4807448253345,-43.753964606609195,-376.1480755444127,1339.8395823459032,-2322.3980107666584,-393.7874266598859
2026-04-20 22:13:38.174,735,486.4665330854964,-1708.821460482642,273.10220944832383,374.457267279727,-44.72918894278097,-377.12468738419875,1341.210377723603,-2325.954408351614,-394.7011218272496
2026-04-20 22:13:38.184,736,487.41735176905405,-1711.6002644533487,273.0277788831378,375.23904875660577,-45.90111098431204,-378.2988636066893,1342.8069709736283,-2329.285592573378,-395.3856141104398
2026-04-20 22:13:38.191,737,487.93183913371723,-1714.8162790331469,272.51494073047803,376.22067776408863,-46.87805613098135,-379.28040133983075,1344.4065446096772,-2332.6144995636364,-396.0706751595601
2026-04-20 22:13:38.201,738,488.88439466224,-1717.5921372058597,272.43463362733354,377.20280075795927,-47.8556806162135,-380.26390992156934,1345.321529711732,-2336.6251719854176,-397.4424032967221
2026-04-20 22:13:38.209,739,489.6718913324898,-1720.5331435622766,272.18539607020074,378.38227886765367,-48.63843016188613,-381.0519946019991,1347.2545773568015,-2339.61438832786,-397.79110393612734
2026-04-20 22:13:38.219,740,490.39821827315546,-1723.5364840377931,271.8736292211872,379.1710081635413,-49.816080396521954,-382.2352441918055,1349.6443070271791,-2342.1486969971643,-397.68322546545244
2026-04-20 22:13:38.229,741,492.20187707350937,-1725.4642046913466,272.6403159575733,380.3555255687586,-50.603047278793106,-383.02746026901013,1350.560730984538,-2346.159782616471,-399.05570159444403
2026-04-20 22:13:38.237,742,493.2590524004645,-1728.1388573617323,272.66106818676843,381.3471665472962,-51.58660453876671,-384.01863655907425,1352.693327817555,-2348.955181859962,-399.2168841023523
2026-04-20 22:13:38.248,743,493.6748168557494,-1731.4576069218342,272.0378937303096,382.53541567086137,-52.37216808322386,-384.81352652261097,1353.6095379861479,-2352.967028555415,-400.5913413010062
2026-04-20 22:13:38.258,744,494.09181066703627,-1734.775469306804,271.41263177665246,383.52554795895674,-53.35447611058847,-385.8061899941416,1355.2158496420705,-2356.289683909251,-401.27915061307107
2026-04-20 22:13:38.268,745,494.40531623162985,-1738.1973158795097,270.683097613112,384.3175553939794,-54.53929098608096,-386.9990353727251,1357.3448653076855,-2359.0866054934368,-401.43772661307685
2026-04-20 22:13:38.277,746,495.0317932778034,-1741.3083484796946,270.2648039220533,385.3127063469745,-55.524961138510214,-387.9942701079328,1358.9807561470877,-2362.3787682683983,-402.08816782885015
2026-04-20 22:13:38.291,747,496.19884098910813,-1743.8831326100724,270.38501959708015,386.3075245346862,-56.50686462623719,-388.98886532449563,1360.3902086946641,-2365.8994322077956,-402.9699016319184
2026-04-20 22:13:38.301,748,496.78321963928045,-1747.0431995702706,269.92001771805644,387.5016649644653,-57.29091960962033,-389.7882333603901,1360.8480427526547,-2370.3706967764656,-404.80187703483836
2026-04-20 22:13:38.310,749,497.2630538784193,-1750.3087149794915,269.34729785667275,388.4949208560836,-58.275484413684495,-390.78396057975147,1362.2910029184397,-2373.8537254513603,-405.6467020221913
2026-04-20 22:13:38.321,750,498.70235087022587,-1752.615461568398,269.7347197507939,389.88636202286455,-58.863851559753385,-391.3809320356044,1362.977387122027,-2378.092259827759,-407.2464391819886
2026-04-20 22:13:38.329,751,499.28688901589425,-1755.7777423116493,269.26937929806303,390.481819711499,-60.24925638318887,-392.77226157026394,1363.6622978212563,-2382.331775199131,-408.84546168076673
2026-04-20 22:13:38.340,752,499.8708304179758,-1758.939043874035,268.80522732159096,392.06739200324404,-60.64244974808778,-393.1720494192228,1364.8037582183958,-2386.115435006112,-409.9869922854222
2026-04-20 22:13:38.349,753,500.4544939999877,-1762.1000950016353,268.3413118044796,393.06149346292506,-61.63255656805028,-394.1660619780527,1366.7019023687199,-2389.1440078724386,-410.37176755119464
2026-04-20 22:13:38.360,754,501.35374765249713,-1764.9471351498262,268.1914016789877,393.85724347833303,-62.824504889348226,-395.35993142660556,1367.880110653546,-2392.8944573663384,-411.4794302146379
2026-04-20 22:13:38.370,755,502.52095825220766,-1767.5248016760374,268.31351229409677,394.4545910856241,-64.21682888575778,-396.75590230538205,1370.007532967129,-2395.6956311635167,-411.63535158412094
2026-04-20 22:13:38.378,756,503.208486224304,-1770.5816719205652,267.957637797267,395.05280453086135,-65.60796182396696,-398.15168093036584,1371.9044285330078,-2398.7258525611805,-412.01621497874623
2026-04-20 22:13:38.388,757,504.00156519828147,-1773.5376194415662,267.70488932138386,396.2487871266941,-66.40340890297283,-398.9494631769296,1372.8516706229714,-2402.7043640043285,-413.3433729703332
2026-04-20 22:13:38.396,758,504.9614043031806,-1776.3303169629312,267.61821673860555,397.0447274325329,-67.59666355411784,-400.1430572548056,1374.2563712384979,-2406.228339729863,-414.2175632532086
2026-04-20 22:13:38.407,759,505.1697629832385,-1779.871911674968,266.78470421160176,397.84050717540975,-68.78978900339392,-401.3381175894793,1375.3972397119599,-2410.0164210876032,-415.3583052024237
2026-04-20 22:13:38.415,760,506.02278772380805,-1782.7653934737386,266.60015812466065,398.83899230524236,-69.78548803444201,-402.3371568021058,1377.0685936888542,-2413.2751555097752,-415.9710636019757
2026-04-20 22:13:38.427,761,506.33327354589875,-1786.1995510220752,265.8758679250242,399.63769822818404,-70.98274000941917,-403.53593252213824,1377.7902666686418,-2417.484125696143,-417.53432973994296
2026-04-20 22:13:38.434,762,506.6428993093736,-1789.6326663155735,265.15331387056557,400.0365958733644,-72.57750526252778,-405.1319437631076,1380.4117914149615,-2419.794856189016,-417.19689973311733
2026-04-20 22:13:38.446,763,507.42859371772033,-1792.5863137012584,264.9100247289563,401.03590310147746,-73.57441282165027,-406.1323604992467,1381.6269650850581,-2423.513575108927,-418.265398538229
2026-04-20 22:13:38.457,764,508.21521355631893,-1795.538399568173,264.66426831519254,401.8377209504667,-74.77603249434438,-407.33521392017394,1383.4866590490074,-2426.585003228285,-418.6836810425787
2026-04-20 22:13:38.465,765,508.62921535265684,-1798.8655942529797,264.04272592358785,402.4404559792471,-76.18213421926724,-408.7422342594653,1385.3832416195116,-2429.6196619088696,-419.06329038378976
2026-04-20 22:13:38.476,766,510.05972634355226,-1801.173429153454,264.4435060330714,403.24565421694166,-77.3879614624992,-409.9513063116051,1387.4712536700063,-2432.463181924061,-419.2535713966926
2026-04-20 22:13:38.484,767,511.11558150481176,-1803.855537881418,264.4722891781975,404.0517161025432,-78.59480572350078,-411.1629715433543,1389.5983296581605,-2435.2682237152508,-419.4080904797551
2026-04-20 22:13:38.495,768,511.52692387932785,-1807.1843148180292,263.8549206701088,405.0606365102041,-79.60049919834248,-412.1729156767869,1390.5108862172094,-2439.2866167506527,-420.77710532816593
2026-04-20 22:13:38.503,769,512.3131751375355,-1810.140782945335,263.6117124281751,405.86731625483316,-80.80696162892048,-413.3835039151764,1392.181320633414,-2442.546853604728,-421.3875661422238
2026-04-20 22:13:38.514,770,513.6417445890048,-1812.5545347920495,263.9109870730172,406.8734700562481,-81.81203221415244,-414.3921143300856,1393.5869249110076,-2446.0726580839623,-422.2630501417714
2026-04-20 22:13:38.524,771,514.1191806104374,-1815.8201916067308,263.35799864485296,408.28515476056583,-82.41274774437312,-414.99912216413594,1394.729124628364,-2449.8646098133163,-423.40537680389417
2026-04-20 22:13:38.531,772,514.9054015458499,-1818.77574397765,263.11384169081947,409.091782961134,-83.61838617363338,-416.21350382068573,1395.871541998738,-2453.6585799162795,-424.54792058540943
2026-04-20 22:13:38.543,773,516.606796902272,-1820.814033739909,263.7868084431111,409.6968359777598,-85.02737990821845,-417.6288256505204,1397.2785524213957,-2457.1874701403503,-425.42452119103274
2026-04-20 22:13:38.550,774,517.1861788759192,-1823.9741869752127,263.3399996335213,410.3054131607159,-86.44250989785397,-419.0510251693011,1398.1946339758188,-2461.207885913613,-426.79765628191944
2026-04-20 22:13:38.561,775,517.9700746441472,-1826.9312957282277,263.0992599308428,411.929168858453,-86.84643624263428,-419.46079604451955,1399.1455274543123,-2465.1906419651623,-428.1346475333269
2026-04-20 22:13:38.569,776,519.4672077135232,-1829.1769105607652,263.5705717376177,412.9458716742815,-87.85670288058824,-420.4788418361677,1400.323076771625,-2468.9405355593776,-429.2386255688804
2026-04-20 22:13:38.580,777,520.457833765735,-1831.9276462516957,263.53362412488974,414.56981026367083,-88.25765005387215,-420.8857878510756,1401.5355430325253,-2472.650667468266,-430.3021887317281
2026-04-20 22:13:38.592,778,521.2430153588956,-1834.883812433613,263.2912823695053,415.58372021687046,-89.26814835274608,-421.9015217428785,1403.203717845337,-2475.906844914201,-430.91245576893135
2026-04-20 22:13:38.599,779,521.8233613549385,-1838.0458865209337,262.8415373112621,416.59892021634954,-90.28336127505948,-422.9184568162502,1405.327844223432,-2478.7074456229684,-431.06599074886185
2026-04-20 22:13:38.611,780,522.3381130078621,-1841.274587030727,262.3265110034972,418.0222048645128,-90.89405231505113,-423.5280231144525,1406.7305499733154,-2482.2282660497135,-431.9391883634563
2026-04-20 22:13:38.619,781,523.2923127626825,-1844.0624504712855,262.2520419171459,419.0394857714719,-91.91363585937995,-424.5451172552967,1408.3997965851518,-2485.4846460856184,-432.54941968965244
2026-04-20 22:13:38.631,782,523.9744315622269,-1847.1185970284837,261.90736477127973,420.463418840346,-92.52709497412211,-425.15422030947946,1408.8567983083199,-2489.9546783453175,-434.3765757383209
2026-04-20 22:13:38.639,783,524.9623559346422,-1849.8680452404608,261.87119798893536,420.8691886733799,-94.15602274664514,-426.77861579750095,1409.3136314673905,-2494.425762302285,-436.2042882311633
2026-04-20 22:13:38.652,784,525.2703779624009,-1853.3001957131096,261.15292699185045,421.88417713998825,-95.17609079856521,-427.7934505688214,1410.4927797906225,-2498.1786007320197,-437.3122269879044
2026-04-20 22:13:38.665,785,525.6794908886136,-1856.6290908019505,260.5399244247317,422.29182209123366,-96.80690180623473,-429.4198206834506,1411.9007821419257,-2501.7043568445174,-438.19087806724
2026-04-20 22:13:38.673,786,526.1907148467521,-1859.8569762715902,260.02815826332227,423.10881722908556,-98.03460405471344,-430.6430003456691,1413.308702213388,-2505.231171008104,-439.06947684346613
2026-04-20 22:13:38.685,787,526.4977152037558,-1863.2894806783033,259.31368112426617,424.5369210000852,-98.65166607743456,-431.25299280852363,1414.9452808721728,-2508.5300589561693,-439.71931005679204
2026-04-20 22:13:38.693,788,527.8251441979614,-1865.7037245082145,259.6152417122592,425.55560708809355,-99.67755527166427,-432.27036422817883,1415.9323920246118,-2512.478612655928,-441.0195809667619
2026-04-20 22:13:38.705,789,529.2542654825407,-1868.0154001117264,260.0216035781242,426.98534377317964,-100.29439151947793,-432.8801317984949,1417.1095269968541,-2516.230590956178,-442.1216600371552
2026-04-20 22:13:38.713,790,529.8666487108602,-1871.1429138851724,259.61283155292875,428.6240548916778,-100.70803831793833,-433.2894035335787,1418.7397106433536,-2519.5279944547783,-442.7669490775396
2026-04-20 22:13:38.724,791,530.2749411221067,-1874.4755157525374,258.9998160863004,429.85192318269964,-101.53399366697464,-434.1059492035275,1419.9143990757266,-2523.281312903074,-443.86551911207613
2026-04-20 22:13:38.732,792,531.6013183237488,-1876.8891905378161,259.3057246906333,430.8768042436536,-102.56664629046165,-435.1287687879343,1422.833261342347,-2525.2902563776574,-443.2215771530535
2026-04-20 22:13:38.744,793,532.1805197328919,-1880.0527273471523,258.86040008780236,431.6971982411083,-103.80183809805953,-436.35724068354983,1424.4633021529582,-2528.5899793108442,-443.86585928348916
2026-04-20 22:13:38.757,794,532.8631308341802,-1883.1151548909029,258.5161791146312,432.31153450998255,-105.2383330431291,-437.788556377576,1425.8667736250177,-2532.1150999325873,-444.73759292938814
2026-04-20 22:13:38.765,795,533.7145819884764,-1886.0086641646426,258.3419319809142,432.9249641502501,-106.67112434905532,-439.2183498515579,1427.5348927482387,-2535.3754952383515,-445.34440349316407
2026-04-20 22:13:38.776,796,534.4990652230999,-1888.9700225907172,258.10129066560836,434.35672031255706,-107.28511352644152,-439.8317494936688,1429.4660679519513,-2538.3682934142053,-445.6820343780302
2026-04-20 22:13:38.785,797,535.5531711313382,-1891.657558383737,258.13669171085,435.5861565212743,-108.104288884326,-440.65128767866094,1430.5992962991522,-2542.1560133115167,-446.8153839678338
2026-04-20 22:13:38.797,798,536.029166845537,-1894.922292689165,257.59330016216836,436.81815405349556,-108.9242109711149,-441.47433952819836,1432.4897966961835,-2545.186328587799,-447.19083585991535
2026-04-20 22:13:38.805,799,537.2542118925957,-1897.4398172093288,257.7964458075993,437.0235679015227,-110.77347954410594,-443.3265173275914,1433.4351826426055,-2549.161718898127,-448.5123994746751
2026-04-20 22:13:38.817,800,537.6624540486156,-1900.7738436762088,257.1845969967042,437.6406127027384,-112.21225598798793,-444.7673084291233,1434.7964839587696,-2552.7244641898214,-449.4197975595503
2026-04-20 22:13:38.831,801,538.6165458104483,-1903.5647794279093,257.11373594671034,439.4948924006711,-112.41812331953327,-444.9732636017831,1436.4615835122238,-2555.9826847291147,-450.02373103915494
2026-04-20 22:13:38.839,802,539.130785060506,-1906.7982894327465,256.5999356711747,440.72986065972503,-113.24046575683889,-445.79720269846325,1438.354469456606,-2559.0143257863997,-450.40157116066365
2026-04-20 22:13:38.922,803,540.3577917225516,-1909.3184476849906,256.7983512759216,441.75858058734445,-114.26733570894802,-446.8274503722853,1439.757112347238,-2562.539737158079,-451.27347982996434
2026-04-20 22:13:38.931,804,540.9373377265379,-1912.4841065574296,256.3527159080378,442.58289112727965,-115.49927617911862,-448.06476404016007,1441.6130012154583,-2565.6119423624227,-451.68919459509897
2026-04-20 22:13:38.938,805,542.3681911591747,-1914.7979044458154,256.7583368148643,443.6132313251744,-116.52547702632903,-449.0974987140307,1442.293051593917,-2569.8576503515974,-453.2750130931568
2026-04-20 22:13:38.947,806,543.4915587428276,-1917.4201495432685,256.8565888003066,444.64758035817675,-117.55238409491857,-450.13207995592046,1443.2384119892401,-2573.838013480656,-454.59383207749926
2026-04-20 22:13:38.955,807,543.9019703710126,-1920.7583083668505,256.24062399578395,445.6830301660506,-118.58026044000847,-451.1677898694565,1444.9028830568618,-2577.100807565068,-455.19313752757904
2026-04-20 22:13:38.964,808,545.0631496199173,-1923.3476498887728,256.3743159133839,446.7197101764815,-119.61163308026066,-452.20575039298006,1446.3012849291888,-2580.632518040286,-456.05859403118126
2026-04-20 22:13:38.973,809,546.1223424858453,-1926.0410198922195,256.4050603623304,447.5485164667531,-120.84896040768778,-453.4499776679404,1448.151084256594,-2583.7136589114994,-456.47049244379156
2026-04-20 22:13:38.984,810,547.0792443500856,-1928.8376881128108,256.3307484108349,448.3746337473935,-122.08423143965169,-454.690343867979,1449.8149795195732,-2586.981030617531,-457.06482860850167
2026-04-20 22:13:38.993,811,547.5938919375945,-1932.0741206052621,255.8163180847538,448.99301772663136,-123.52650939033637,-456.136987804685,1450.040615776722,-2591.6859604523597,-459.0954597466028
2026-04-20 22:13:39.003,812,548.0720438322792,-1935.349552520513,255.2653910179422,449.40621045094935,-125.1792309874324,-457.79293747616555,1451.6615381540144,-2594.995847848689,-459.7304568738982
2026-04-20 22:13:39.011,813,548.5505644748459,-1938.6265421096778,254.71320374841324,450.2349639130569,-126.4217303189753,-459.0370451944595,1452.8303588503907,-2598.7574891023537,-460.8149201538803
2026-04-20 22:13:39.021,814,549.3385580292858,-1941.5959883883395,254.4700938430698,450.85509529747884,-127.86916510370177,-460.4856128878903,1454.45226082749,-2602.06912291924,-461.44950827004544
2026-04-20 22:13:39.030,815,550.3981212579743,-1944.2935700636763,254.50197413931863,452.09690215134776,-128.6980166208256,-461.3134749354891,1456.075716446472,-2605.381784837512,-462.0858169089357
2026-04-20 22:13:39.039,816,550.706787067837,-1947.743176407723,253.78182190528887,453.34039670076623,-129.5269819468989,-462.1423486930363,1457.4724652320901,-2608.9205187273806,-462.9466688587012
2026-04-20 22:13:39.048,817,551.1181451958215,-1951.0926871422143,253.164390836425,454.37910546653893,-130.5662876976376,-463.1812584959049,1459.5899915221698,-2611.7397192554768,-463.08930079581387
2026-04-20 22:13:39.057,818,552.0087444387697,-1953.9633409769729,253.0260855683773,455.4175564610352,-131.60703106393,-464.2188237641256,1461.21395745972,-2615.052620491733,-463.7248628246495
2026-04-20 22:13:39.066,819,552.5894667495883,-1957.1409343240484,252.58118675989672,456.2479673457881,-132.8569968520846,-465.463472016372,1462.115393638469,-2619.0841858646645,-465.07675790124705
2026-04-20 22:13:39.074,820,553.3751650229443,-1960.1138968624216,252.34162641590132,456.87084125959,-134.31261639440396,-466.91611757633945,1463.2837734277662,-2622.846805483773,-466.15902546436354
2026-04-20 22:13:39.082,821,554.8111653698918,-1962.4384227086618,252.75243508212293,457.9090233447823,-135.35140669320228,-467.9535536274601,1464.9445641788795,-2626.1169766832973,-466.74765714592917
2026-04-20 22:13:39.089,822,555.0159142502447,-1965.9922119713058,251.9330458383944,458.9466745758307,-136.3920041315866,-468.9914750063195,1466.5178489734362,-2629.4744439226106,-467.42198590164435
2026-04-20 22:13:39.098,823,555.4255107220386,-1969.3371460648902,251.31853733051577,460.40036928381045,-137.01691911419022,-469.6113913587964,1467.192319306888,-2633.7306399895842,-468.9953004858416
2026-04-20 22:13:39.107,824,555.8014437711847,-1972.7190672121535,250.66659831769653,461.644798197578,-137.85028826134223,-470.4401573395021,1468.3606328224557,-2637.495733244883,-470.0768614975254
2026-04-20 22:13:39.115,825,556.4170174493404,-1975.862358484136,250.25558551868087,463.09705342822775,-138.47494034980508,-471.0606196799824,1469.2594863067443,-2641.5303696255783,-471.425203599197
2026-04-20 22:13:39.124,826,557.6814735453971,-1978.3576380671673,250.49531351851672,463.7199270133565,-139.93120971639848,-472.5147595884726,1470.6513786539776,-2645.0717859745214,-472.27978896548433
2026-04-20 22:13:39.132,827,558.6399442074893,-1981.1617852121192,250.42391492560967,464.34392802725296,-141.3891589449312,-473.9696557004021,1471.5489088932889,-2649.107844518401,-473.6263498856209
2026-04-20 22:13:39.141,828,558.948648084015,-1984.6155934471424,249.70321387736416,465.38527674539455,-142.43241364484933,-475.00961676493915,1472.4461157684102,-2653.145352152357,-474.9727037661056
2026-04-20 22:13:39.149,829,560.2812054430392,-1987.042082590286,250.0123378384753,466.0109421484583,-143.89506294390492,-476.47007422761243,1473.3886390275209,-2657.139666113561,-476.2749549581786
2026-04-20 22:13:39.160,830,561.7151805387963,-1989.3639895730948,250.4230753729815,467.26541929652575,-144.73236200174142,-477.30612386434666,1475.3636996580883,-2660.1027369937437,-476.5453368394441
2026-04-20 22:13:39.170,831,562.0211931359088,-1992.812009358026,249.70875310127647,468.5207791287222,-145.56857222981117,-478.14240194045493,1477.2057015720632,-2663.200387515491,-476.9499274334602
2026-04-20 22:13:39.179,832,562.7016613715466,-1995.8851827564622,249.3721862675277,469.566101668646,-146.61320815362197,-479.18906319958603,1479.1355576003675,-2666.208533722149,-477.26292968200545
2026-04-20 22:13:39.189,833,563.2803571629056,-1999.0608957752227,248.93242540900292,471.031041247737,-147.23950744790065,-479.81786571742185,1480.5254241058385,-2669.7567962353914,-478.11361573636594
2026-04-20 22:13:39.197,834,564.2355840036512,-2001.8618738754278,248.86738828968663,472.07875221794694,-148.28549798431254,-480.8660058453047,1481.4677135398456,-2673.7548488534244,-479.4135519826957
2026-04-20 22:13:39.207,835,564.7135416126415,-2005.141612956133,248.32303014597179,472.91681540429954,-149.54066242795227,-482.12308267315865,1484.115247797112,-2676.0463997885904,-479.005860081915
2026-04-20 22:13:39.215,836,565.4974490178342,-2008.1156858342529,248.0855753118697,473.5457853407176,-151.00531734518248,-483.59209341250295,1485.2326917409048,-2679.864837539734,-480.1234409459375
2026-04-20 22:13:39.224,837,565.9040708626592,-2011.4664667263246,247.47563537097423,474.59356950853163,-152.05093859308525,-484.6422053804263,1486.3962287935767,-2683.6372195963318,-481.19341017458476
2026-04-20 22:13:39.236,838,567.0626725765874,-2014.0663440175792,247.61693087887056,475.64304617955,-153.09762118134097,-485.6933530285186,1488.4999399249532,-2686.4698635096497,-481.32264724982923
2026-04-20 22:13:39.244,839,568.0193087187602,-2016.8709902525738,247.55185655618604,476.69338314067227,-154.1455105893376,-486.7451031015222,1490.603614681193,-2689.3026714972943,-481.45174402745766
2026-04-20 22:13:39.254,840,570.1055757371907,-2018.5481901602811,248.61374695937386,478.1631810041865,-154.77245197076908,-487.37551639443967,1492.2602152220688,-2692.579967340737,-482.0271838620763
2026-04-20 22:13:39.262,841,570.6188928624902,-2021.7999794781163,248.10050420242516,479.21366739335764,-155.82224155889696,-488.4267584896729,1492.706475626033,-2697.065615498494,-483.81159885495947
2026-04-20 22:13:39.271,842,571.9537424778313,-2024.230676920975,248.40945513069303,480.0532412147148,-157.08132939617335,-489.6851263981923,1494.5854087286812,-2700.120017916783,-484.16388109072744
2026-04-20 22:13:39.279,843,573.2882938736518,-2026.6616784061687,248.7191493995743,481.10435689953783,-158.13233073442814,-490.7354823125908,1496.194967171934,-2703.4430171086087,-484.78683551860155
2026-04-20 22:13:39.288,844,574.7251466938003,-2028.9903717957773,249.13245301487117,482.5785237801012,-158.7631586878362,-491.3676375706927,1498.0245444112581,-2706.543921687864,-485.18512536138394
2026-04-20 22:13:39.299,845,575.3062341423728,-2032.1732521593399,248.69044502209087,483.2103774071968,-160.23610977366934,-492.8435207140325,1499.4562952278466,-2710.0435559286957,-485.98160615944397
2026-04-20 22:13:39.307,846,575.9211452481248,-2035.323134054361,248.28000587592928,484.2652868716473,-161.28905758864516,-493.898599388422,1500.8878059482233,-2713.544210498942,-486.7772204644253
2026-04-20 22:13:39.316,847,576.8791971490191,-2038.13076234031,248.21517262778397,485.32043041889074,-162.3442252914878,-494.9578877255836,1502.0044453734777,-2717.3632361755003,-487.8934329526545
2026-04-20 22:13:39.324,848,577.6643566144412,-2041.1097743805055,247.97896523590094,486.3796097396501,-163.39702776513545,-496.0161683382703,1502.6761885214073,-2721.630750368891,-489.46094210195497
2026-04-20 22:13:39.332,849,577.9736445057234,-2044.5666438025867,247.2617441761962,486.8036936351326,-165.0850900717455,-497.7113793578637,1504.2887315451117,-2724.9583123864986,-490.08642361426126
2026-04-20 22:13:39.340,850,578.5567976627292,-2047.7490928574005,246.81297610580137,487.65288027304297,-166.35341071348267,-498.9880292166379,1505.6780960585636,-2728.508491595585,-490.9347999908423
2026-04-20 22:13:39.350,851,579.4130768531622,-2050.6584570319096,246.6378946522057,488.2927996813673,-167.8378297065401,-500.4813504874513,1507.607664738145,-2731.5184882978187,-491.2440659036955
2026-04-20 22:13:39.358,852,580.3052835151669,-2053.532304831712,246.4989160698479,489.14540939640233,-169.1143689118638,-501.7672514852245,1508.0561285047577,-2736.0119240872605,-493.0366424135041
2026-04-20 22:13:39.369,853,581.4703409570004,-2056.1341109827467,246.6342099445174,490.4275239691921,-169.96228357055156,-502.62551761572524,1508.5053898408753,-2740.506387793707,-494.83279631498533
2026-04-20 22:13:39.380,854,581.6758847397705,-2059.69606799757,245.81170397149072,491.49958642611756,-171.02652553398462,-503.70282304206467,1510.6634716048827,-2743.293778437915,-494.92324546104277
2026-04-20 22:13:39.389,855,582.909181512042,-2062.2315156270024,246.0172669000043,493.0036349090773,-171.6613734548866,-504.349906424931,1511.7889255160808,-2747.1134341292623,-496.04900227183583
2026-04-20 22:13:39.398,856,583.3893944898653,-2065.522777356673,245.4672639552274,494.2963337700909,-172.51103336920337,-505.2119727916164,1513.6790391813738,-2750.1676060184695,-496.41152826963526
2026-04-20 22:13:39.407,857,584.6238626335511,-2068.0597728373264,245.67234616810848,495.1579285463468,-173.79171405192076,-506.5078127785259,1515.255914935537,-2753.535982438281,-497.08770570063734
2026-04-20 22:13:39.418,858,585.2066725454947,-2071.249140767699,245.22595614405134,495.80409513595964,-175.28622589524426,-508.01535224136074,1515.4809069230912,-2758.256118400446,-499.11463401529664
2026-04-20 22:13:39.426,859,585.8935542627906,-2074.3362526110004,244.88184284801403,496.66414126632395,-176.56706474778062,-509.3085322719974,1516.8722349284142,-2761.8037171548312,-499.96725969116574
2026-04-20 22:13:39.437,860,586.9580917710169,-2077.0468559255937,244.91455386545107,497.7399737619924,-177.6329934291748,-510.38462478528857,1518.4854995230253,-2765.1270703600926,-500.5933017857154
2026-04-20 22:13:39.447,861,587.6467133774731,-2080.1364288862605,244.5674624908031,498.5982597186477,-178.91267523530087,-511.67414136595187,1520.0550792172498,-2768.4936774574126,-501.2659898659287
2026-04-20 22:13:39.455,862,588.4373649494562,-2083.1222523844704,244.32581076837167,499.669518812226,-179.977508850601,-512.747309349341,1522.702046780104,-2770.7827495365273,-500.86070549756846
2026-04-20 22:13:39.468,863,589.9834868291068,-2085.351230214632,244.8390777696139,500.7422771982082,-181.04330253435634,-513.8217742612734,1523.4193019562633,-2774.9996493189915,-502.3823089813692
2026-04-20 22:13:39.476,864,590.8415486366818,-2088.2674099187507,244.66447052973206,502.028929272066,-181.89438673317082,-514.6807910279099,1525.5710640895509,-2777.7827077545903,-502.4688367787013
2026-04-20 22:13:39.486,865,591.6307236858181,-2091.2510103985874,244.4242426206341,503.3209762234508,-182.7461348602806,-515.5434058040706,1527.4515287272811,-2780.8356099180523,-502.82293641511365
2026-04-20 22:13:39.495,866,592.1455473190991,-2094.507886338359,243.90957769575763,504.8295510697317,-183.38191473091518,-516.1904743894436,1528.392319414004,-2784.8273220857395,-504.1191648300537
2026-04-20 22:13:39.507,867,593.0404265346237,-2097.3853652914763,243.769864879547,505.9049523536754,-184.4513422254927,-517.2699808936729,1529.0638284786705,-2789.087602833224,-505.6856721077907
2026-04-20 22:13:39.518,868,593.3525759981331,-2100.8471977767754,243.04104075839282,507.19631930282435,-185.3051509388139,-518.1346691850238,1529.9584217119616,-2793.125721300628,-507.028115961336
2026-04-20 22:13:39.529,869,594.6939958730516,-2103.2824917488665,243.33964732966237,508.0611144413094,-186.58856217913356,-519.4322619608287,1531.6160718876267,-2796.402030832742,-507.6076526652551
2026-04-20 22:13:39.541,870,596.1413391977612,-2105.615514444954,243.74238945572642,508.70934628619057,-188.0915059480068,-520.9481792811042,1533.4530884381797,-2799.501564698501,-508.0096361544525
2026-04-20 22:13:39.549,871,596.350750626847,-2109.1893646042754,242.90405779305368,509.5726146783577,-189.38090120949437,-522.248804235581,1535.8287979227878,-2802.0627208691567,-507.8714602117175
2026-04-20 22:13:39.560,872,597.8003979805275,-2111.524955600826,243.30542273873607,510.43971394056894,-190.6712720689938,-523.5494148189714,1536.9927355954887,-2805.8355009507945,-508.9413447420681
2026-04-20 22:13:39.569,873,598.6005818631659,-2114.5134554193364,243.05188347249123,511.3060875065522,-191.9614517822367,-524.8512016768572,1538.3343943546747,-2809.4312353181217,-509.8355978674755
2026-04-20 22:13:39.579,874,599.0850901287178,-2117.8209018266803,242.4805830289619,512.6054056324031,-192.81778162699317,-525.7193520514793,1539.051498995381,-2813.649916585183,-511.3538020836728
2026-04-20 22:13:39.587,875,599.8876834582187,-2120.8114757595877,242.2252416350801,513.0397431296562,-194.543628669995,-527.4557200008486,1540.167312362045,-2817.4685312931692,-512.4694771667668
2026-04-20 22:13:39.599,876,601.2365692666132,-2123.252397482024,242.51736898926708,514.3417040262408,-195.40444858813854,-528.3249555505772,1541.9980561915465,-2820.5717939882843,-512.8677176878946
2026-04-20 22:13:39.610,877,602.0378854546422,-2126.2403454252594,242.26282743559165,515.4295361273826,-196.48449474809658,-529.4151290749356,1543.1589947433094,-2824.343601316292,-513.9327968097944
2026-04-20 22:13:39.618,878,602.6732242875463,-2129.3967119953645,241.8395509277069,516.299997814288,-197.78470071347488,-530.7268000253924,1544.988305159968,-2827.4488487443055,-514.3297828557431
2026-04-20 22:13:39.629,879,604.0234443779925,-2131.8390869449227,242.12854684852127,516.9543500436147,-199.30100406254826,-532.2534735480299,1547.092342616224,-2830.2802888816627,-514.4588387998011
2026-04-20 22:13:39.637,880,604.554626034532,-2135.1003841899665,241.5964363925272,517.8265253813867,-200.60066582310697,-533.5627516840785,1547.7629096456267,-2834.545325609013,-516.0238249977399
2026-04-20 22:13:39.648,881,604.8746498267928,-2138.575089779593,240.84938349918014,519.1368768491565,-201.46515540986815,-534.4372629354749,1549.3283182414893,-2837.9160506017747,-516.6940362008949
2026-04-20 22:13:39.659,882,605.5746120507912,-2141.670808013189,240.48090723900177,520.2304885798175,-202.5483544595549,-535.5304558485255,1550.939725908485,-2841.241930662185,-517.3182805017926
2026-04-20 22:13:39.670,883,606.4882836381886,-2144.553052216479,240.32605025654922,520.6661615982014,-204.29062395047427,-537.2841986322592,1551.8334179169528,-2845.284682249508,-518.6590075425194
2026-04-20 22:13:39.682,884,607.0813970677074,-2147.755596230876,239.85125734700281,521.3222506353472,-205.81349741804004,-538.8192641526268,1552.9978995671993,-2849.056703062426,-519.730957821688
2026-04-20 22:13:39.690,885,607.887947937533,-2150.743546851406,239.58985516842455,521.760983819159,-207.55375698215886,-540.5736225200754,1554.3401474713482,-2852.652461425835,-520.6258485505142
2026-04-20 22:13:39.702,886,608.9695773270417,-2153.4592980657503,239.59911280837187,523.0754949622448,-208.41949980498921,-541.4549802478753,1556.446523114675,-2855.4847866303453,-520.7566690526772
2026-04-20 22:13:39.710,887,610.2153412169782,-2156.0083425132493,239.77304284980647,524.1718047880998,-209.5027663913879,-542.5545558062673,1558.1046798138045,-2858.7659311675543,-521.3339540040653
2026-04-20 22:13:39.721,888,610.9164971799278,-2159.100771833314,239.40154147109124,525.0483898511673,-210.81035393449048,-543.8765710234951,1559.7183701068896,-2862.094491187883,-521.9592313088801
2026-04-20 22:13:39.728,889,611.5097517130337,-2162.3005096440666,238.92407903419422,525.9284097741696,-212.1160274672217,-545.197289234927,1560.3909859320243,-2866.3667033294832,-523.5292045797801
2026-04-20 22:13:39.741,890,612.420712168903,-2165.1793464479933,238.76967808059177,527.0276338199112,-213.2034069965387,-546.299380243518,1562.9956672447302,-2868.7080192878293,-523.1662419545632
2026-04-20 22:13:39.751,891,613.6637768432391,-2167.7253496169974,238.95077117685034,527.9044644826026,-214.51140050509215,-547.6215238343462,1564.4335153774946,-2872.216673530501,-523.9718433915845
2026-04-20 22:13:39.759,892,613.8752929882901,-2171.299376035715,238.10522880619516,529.2247060048867,-215.37871931832808,-548.5019701597976,1566.225795032322,-2875.368711766683,-524.4197452266926
2026-04-20 22:13:39.770,893,614.844015649926,-2174.116309095702,238.01639522898063,530.5419657937836,-216.25199915413287,-549.3854592354729,1567.3477599244168,-2879.190596633657,-525.5420098267455
2026-04-20 22:13:39.778,894,616.4013000959502,-2176.3421077912085,238.51811822580368,532.0785856469583,-216.90494141637606,-550.0478671551239,1569.9070152573038,-2881.5744149864063,-525.2266091810197
2026-04-20 22:13:39.790,895,617.7463098589576,-2178.778105030611,238.80854132341156,532.519293214938,-218.65583684486157,-551.8082269120563,1570.8048599666845,-2885.6183407063927,-526.5729008145264
2026-04-20 22:13:39.797,896,618.3354257227844,-2181.971433891602,238.34337225245895,532.9601038252047,-220.41111007820442,-553.573331008377,1572.689732685914,-2888.673006093245,-526.9307750520485
2026-04-20 22:13:39.809,897,618.9253533303198,-2185.1672108347457,237.8764967506987,534.5037639749357,-221.0661375389257,-554.2357960421892,1575.0666739077499,-2891.23469699368,-526.7924972661027
2026-04-20 22:13:39.820,898,619.5160525919983,-2188.3644944693815,237.4080742162327,535.3853223808405,-222.38409506050746,-555.5624177876559,1576.0081994391185,-2895.232740787481,-528.0892362733748
2026-04-20 22:13:39.828,899,620.758226348406,-2190.909179072675,237.59045340369113,535.8271282473197,-224.1464982100848,-557.3324421781542,1576.9031982876431,-2899.2791759487777,-529.4325039346828
2026-04-20 22:13:39.841,900,622.2115734484981,-2193.2423817902986,237.9855505872685,536.2688720585872,-225.9091371794687,-559.1012131238158,1578.0694325912261,-2903.0557317667526,-530.5059050868447
2026-04-20 22:13:39.849,901,623.1199871807579,-2196.1227468945194,237.83456864043643,537.3730168772096,-227.01112272673495,-560.2067562121051,1579.6836041466952,-2906.38382428404,-531.1314209552719
2026-04-20 22:13:39.861,902,625.3327645279965,-2197.698362467956,238.98721496566895,538.6970537409647,-227.89285383301927,-561.0899447847369,1581.0287578934156,-2909.9824249143303,-532.0281389781642
2026-04-20 22:13:39.868,903,626.2450212100314,-2200.575312207637,238.83269453013105,539.8005145827152,-228.9957444826615,-562.1938900756827,1582.4659714956565,-2913.488550765115,-532.8325459711947
2026-04-20 22:13:39.880,904,626.7307065260794,-2203.8797182364187,238.25170417228355,540.9038600367418,-230.10145121829504,-563.2973488347815,1584.080754087369,-2916.8164886559057,-533.4592971623033
2026-04-20 22:13:39.888,905,627.323182975905,-2207.0771246452236,237.77668424612304,542.6704802625778,-230.5447509273398,-563.7371381197692,1585.2021433730959,-2920.635797016463,-534.5799679256891
2026-04-20 22:13:39.901,906,627.9161530657448,-2210.2761791898247,237.2998412515227,544.2138728538371,-231.2088208475379,-564.3973298729156,1586.8169406772504,-2923.9604750848544,-535.207122606333
2026-04-20 22:13:39.992,907,628.9950803219992,-2212.987374971213,237.30952550793404,545.3145860320811,-232.3134744889499,-565.497047623473,1588.163135015601,-2927.55429235757,-536.1049687421328
2026-04-20 22:13:40.001,908,629.4815482818603,-2216.2927634060934,236.7235486405103,546.4158687939661,-233.41906070021204,-566.5962206274851,1590.0495978124288,-2930.608683524531,-536.4640490294217
2026-04-20 22:13:40.011,909,629.8050648577639,-2219.763595497627,235.9694199148672,547.738820440487,-234.30405150150278,-567.4741682727188,1591.1710067233214,-2934.42755205284,-537.585759052054
2026-04-20 22:13:40.021,910,630.2361826925784,-2223.1257298072005,235.32347162386105,548.6231549857839,-235.63240140217343,-568.7946913742462,1591.842988919167,-2938.6954316315364,-539.1541267501436
2026-04-20 22:13:40.031,911,631.0477626390177,-2226.1096906906155,235.05545572537926,549.7264273737717,-236.74051998781772,-569.8954869917964,1594.1723019778522,-2941.304941705767,-539.061216793742
2026-04-20 22:13:40.041,912,631.7513005749074,-2229.2020983465745,234.67843499622475,551.0483043774617,-237.6283156767385,-570.772929123598,1595.7845138223163,-2944.631705731626,-539.6870134759896
2026-04-20 22:13:40.052,913,633.2149558410131,-2231.5358570955123,235.06109632409337,552.5866456559048,-238.29743725357392,-571.4305760661252,1597.4908394686795,-2947.865483920943,-540.2224126743787
2026-04-20 22:13:40.063,914,633.4311271350176,-2235.115388598464,234.1966833495278,553.6862553938886,-239.40753879675344,-572.5283046833234,1599.105891845264,-2951.190025502882,-540.8491524836548
2026-04-20 22:13:40.072,915,634.5139410572359,-2237.8285492096315,234.20007176851774,554.5660899367737,-240.73678484113768,-573.847701309601,1600.989456207205,-2954.2441542540405,-541.2066849963253
2026-04-20 22:13:40.082,916,635.3239455268935,-2240.813620099311,233.9336982405075,555.8879367734378,-241.62361041960295,-574.7262777413353,1601.88548353119,-2958.285784975333,-542.5505244989081
2026-04-20 22:13:40.092,917,636.0251552874697,-2243.904989092531,233.56214506757445,556.5474211823004,-243.17239591105826,-576.2653834391557,1603.5443125216686,-2961.5627359078444,-543.1308284310171
2026-04-20 22:13:40.103,918,637.320541753203,-2246.401828115888,233.78420025746414,557.4241605092587,-244.49850266716192,-577.5823348727725,1605.4268575110118,-2964.615547766463,-543.4865581590091
2026-04-20 22:13:40.113,919,637.8570045507988,-2249.659252974217,233.2473783756612,558.3017098431444,-245.8245361574319,-578.8955983424371,1606.861490434982,-2968.116513668459,-544.2906080480133
2026-04-20 22:13:40.123,920,638.6651930110676,-2252.646542432247,232.9831701807697,559.6172119130783,-246.71443794633984,-579.7696181360138,1608.790136693824,-2971.1244084445084,-544.6006624975732
2026-04-20 22:13:40.132,921,639.2024961958926,-2255.9042305354333,232.44612238260885,560.055349025968,-248.4835843320608,-581.5236008897358,1610.6265442228319,-2974.2230690646807,-545.0023619694852
2026-04-20 22:13:40.143,922,640.0123348541028,-2258.8898256409293,232.18030707193705,561.3741391222757,-249.37152298434384,-582.3978985561185,1612.554576930487,-2977.2308420259887,-545.3109467139285
2026-04-20 22:13:40.153,923,640.3356126700659,-2262.36028535686,231.42658021471084,562.912822460038,-250.0405610784007,-583.0539591929848,1614.4349498537908,-2980.2849890243106,-545.6641704678017
2026-04-20 22:13:40.161,924,641.8525733449392,-2264.6358234719023,231.86739935558447,564.0124467490591,-251.15043936406494,-584.1471848449622,1616.0911859618093,-2983.562097317149,-546.2390572263797
2026-04-20 22:13:40.171,925,642.8263213165361,-2267.4524906513575,231.76437063659003,565.1077344423081,-252.26295144328358,-585.2434061031377,1617.97055467273,-2986.614074912763,-546.5923232777037
2026-04-20 22:13:40.180,926,644.0161745586747,-2270.054134122584,231.87583208734662,565.7635758064508,-253.81076215092264,-586.7736819807778,1619.1340189320204,-2990.380621283058,-547.6626354449154
2026-04-20 22:13:40.190,927,644.719199899867,-2273.1424413115055,231.49969948848428,566.8625907886318,-254.91722280824243,-587.8618348673039,1620.0735415360477,-2994.3702800924066,-548.9561797802846
2026-04-20 22:13:40.199,928,645.3665308947931,-2276.2874265537384,231.06773450307278,567.9588199097868,-256.0305089132251,-588.9582834187177,1621.683757120426,-2997.6872273755666,-549.5797571309429
2026-04-20 22:13:40.208,929,646.1787858330952,-2279.270715855264,230.7976328352457,568.6189572496039,-257.5841140434817,-590.4940103897745,1622.6239224088392,-3001.6756736380476,-550.8763742647649
2026-04-20 22:13:40.218,930,647.8595422561469,-2281.387106878551,231.39505368288485,569.500448637807,-258.92075328047736,-591.8115074932609,1623.6097687876195,-3005.6194660038486,-552.1279623923805
2026-04-20 22:13:40.228,931,648.887435636288,-2284.1541736785034,231.3423587879424,571.0380823245919,-259.60203908239987,-592.4701557655848,1625.715376766045,-3008.4435693592795,-552.2613724745039
2026-04-20 22:13:40.238,932,650.5125915918517,-2286.322278309081,231.88997907774413,571.9198273882922,-260.9375353441834,-593.7812410677482,1627.1031116090005,-3011.985393490565,-553.1107446015527
2026-04-20 22:13:40.247,933,651.5944739222341,-2289.034658439584,231.89426080106875,572.8027401080602,-262.2735935294844,-595.0934911092618,1628.4900990996027,-3015.5285566842213,-553.9590883818988
2026-04-20 22:13:40.257,934,651.8102420947439,-2292.6145089506426,231.03033104100024,574.345595166124,-262.9535066068248,-595.7473352764924,1629.8778389680285,-3019.072973881453,-554.8072693560896
2026-04-20 22:13:40.266,935,652.8934613892003,-2295.326655943237,231.0343683243593,575.2244152088114,-264.2981794536495,-597.0657031910016,1631.3122289424707,-3022.5717480169833,-555.6106533125762
2026-04-20 22:13:40.276,936,653.3810779731832,-2298.634967021541,230.4408680877581,576.3267248971264,-265.4217484886321,-598.1630661159668,1632.9218587217047,-3025.8931072702603,-556.2341303594475
2026-04-20 22:13:40.287,937,654.6812408922034,-2301.1323419353384,230.65969963193706,577.4283347629655,-266.54276375371217,-599.259838681221,1634.978932256014,-3028.7671419183166,-556.4114463856997
2026-04-20 22:13:40.297,938,655.8751271007483,-2303.737307354288,230.7677587162993,578.7489145042997,-267.443594353547,-600.1362036071937,1636.1888065170745,-3032.4895443601476,-557.4366510495353
2026-04-20 22:13:40.308,939,656.9606027571521,-2306.45224183789,230.76801653919853,580.0738174959176,-268.3405356579034,-601.0065605722857,1637.0827630208528,-3036.529413114583,-558.7779282118214
2026-04-20 22:13:40.317,940,657.9366424399972,-2309.274197649492,230.6634363113728,581.3942347220565,-269.24555559272824,-601.8868296861071,1638.1999781318875,-3040.3474538940854,-559.8955541386296
2026-04-20 22:13:40.327,941,658.4245495451551,-2312.583511047283,230.07030670528306,583.1572397026066,-269.7106880058588,-602.3241872139068,1639.6348640536244,-3043.850910908003,-560.6977435610656
2026-04-20 22:13:40.337,942,659.7806063957607,-2315.0258358241667,230.34374634240652,585.1453103920975,-269.9516032335417,-602.534866745807,1640.529127507749,-3047.895723231779,-562.039991067968
2026-04-20 22:13:40.348,943,661.2459653683503,-2317.3595849121166,230.7245032671025,586.025422698457,-271.30070229371364,-603.8553320180692,1641.9172401405533,-3051.4446042894697,-562.8867148444601
2026-04-20 22:13:40.358,944,662.6036075095631,-2319.801387260997,230.99369369997825,587.1343303602483,-272.4213744345495,-604.9464506018866,1643.0815367538253,-3055.2161011280828,-563.9577572909238
2026-04-20 22:13:40.367,945,663.5799938529539,-2322.6211059326406,230.88435007457386,588.0167883460638,-273.7657261224112,-606.2633076737437,1644.1995669274315,-3059.033118750127,-565.0756444376061
2026-04-20 22:13:40.378,946,664.015501488712,-2325.983843037538,230.2313029120251,588.6831138782466,-275.3296187288608,-607.7997966314506,1645.8107612970455,-3062.35648333418,-565.6999132506069
2026-04-20 22:13:40.387,947,664.7218347831193,-2329.0768944819038,229.84851163350265,589.5681348266593,-276.6767744979435,-609.1199755359485,1648.1851232425533,-3064.91522245298,-565.5614450239225
2026-04-20 22:13:40.397,948,665.2114815275293,-2332.39061708229,229.24449260041285,590.6754826804987,-277.7994812942533,-610.2171839662052,1649.8427793690848,-3068.189877852019,-566.140443011001
2026-04-20 22:13:40.405,949,666.4111620902227,-2334.9957733456044,229.34790244243501,591.7823389098622,-278.92198313147856,-611.3129289915124,1650.7387984384052,-3072.2276135395155,-567.4849551717817
2026-04-20 22:13:40.415,950,667.3910433504003,-2337.8198080844786,229.23189183263577,592.6657752250765,-280.2676455250923,-612.6312080148942,1651.411605379804,-3076.490601547093,-569.0552503811073
2026-04-20 22:13:40.424,951,668.8617645817678,-2340.154688754057,229.60559087509364,593.5467707341774,-281.6136061404081,-613.952285121108,1653.5194919410392,-3079.3175994873686,-569.1891558842206
2026-04-20 22:13:40.436,952,669.0818608491874,-2343.7432371836244,228.72498701677875,594.2119325196977,-283.1738615703294,-615.4896265708813,1654.909064030469,-3082.862042366571,-570.0396018015533
2026-04-20 22:13:40.447,953,669.7917980458215,-2346.840319753009,228.33690570346062,595.5396249971212,-284.07377812773166,-616.36726149649,1656.0747053619937,-3086.6310419162537,-571.1146271255298
2026-04-20 22:13:40.456,954,670.7727855879491,-2349.6663607000737,228.2196586754756,596.6423769347546,-285.19861856110526,-617.470415535334,1658.0019116282103,-3089.6357931138837,-571.4246174044906
2026-04-20 22:13:40.467,955,671.7029553765209,-2352.5438008572823,228.05032083412453,597.9681411147234,-286.10206463319656,-618.3511505164481,1659.6133913334222,-3092.954478865922,-572.0499149776612
2026-04-20 22:13:40.476,956,672.845021472623,-2355.208426488808,228.0935078698014,598.853670648482,-287.44930235565795,-619.6739361493109,1661.4493236344458,-3096.0492481923284,-572.4522620572172
2026-04-20 22:13:40.486,957,673.936710159147,-2357.9233321308334,228.08472192508805,599.5172715584408,-289.0218884902665,-621.221656750522,1663.600130635728,-3098.830082408715,-572.5395099285435
2026-04-20 22:13:40.494,958,674.8082189502753,-2360.857466017796,227.85488277192044,600.4040374594296,-290.36920029347846,-622.5457110222254,1664.764313313488,-3102.597525482911,-573.6125219733885
2026-04-20 22:13:40.505,959,676.391439617187,-2363.0792319975985,228.33414271005674,601.9552931460046,-291.05063534920635,-623.2038649217338,1665.928610401848,-3106.3652223511485,-574.6846022430708
2026-04-20 22:13:40.516,960,676.9433553308627,-2366.331691577694,227.78218721613717,603.2842334744263,-291.9548321542111,-624.0855698109071,1666.4218082354162,-3110.8048613582046,-576.4290580429077
2026-04-20 22:13:40.525,961,678.3070319346095,-2368.7757118618665,228.0383206569723,604.1722145938212,-293.2977329752008,-625.4063509893004,1667.9867871508504,-3114.17274672212,-577.0998200210031
2026-04-20 22:13:40.535,962,679.2443152094063,-2371.6487876067117,227.8627850565965,605.4977376926428,-294.2026547028731,-626.286757839912,1669.1980924068312,-3117.8975305628655,-578.1270009302692
2026-04-20 22:13:40.544,963,680.2295812773624,-2374.4740785777203,227.73231947352573,607.045434980676,-294.88410146791796,-626.9424214611471,1670.0944989289637,-3121.938860675555,-579.4714254309989
2026-04-20 22:13:40.556,964,680.9451230339399,-2377.568718493833,227.33289901816778,608.3732839541757,-295.78449801552796,-627.8201505785004,1671.4850385322015,-3125.48643680608,-580.3229813420812
2026-04-20 22:13:40.565,965,681.6126149502386,-2380.709991500588,226.88776396374345,609.2555084854619,-297.1288012489123,-629.1429323900012,1674.0881442355471,-3127.82126031822,-579.9626776477343
2026-04-20 22:13:40.578,966,683.1997438393706,-2382.9314665181496,227.3633255490573,610.3604758043932,-298.25436030042556,-630.2477780164893,1674.536155001276,-3132.3085962091563,-581.7540540382565
2026-04-20 22:13:40.590,967,684.7874241778961,-2385.1546753173952,227.839721472759,610.8067322734414,-300.04026065367634,-632.0128609693852,1676.417173158116,-3135.361380833106,-582.1089045603394
2026-04-20 22:13:40.599,968,685.8830822997286,-2387.870439824489,227.82501890771894,611.6962396231992,-301.38512084570135,-633.3367392251997,1677.5810128235817,-3139.1321501015427,-583.1798337914712
2026-04-20 22:13:40.610,969,686.4865044752224,-2391.0779552527483,227.31732733350913,612.3619139695663,-302.9509909311046,-634.8825523434482,1679.1909314237726,-3142.4575095440464,-583.8026103661592
2026-04-20 22:13:40.620,970,687.471258332869,-2393.9033444925813,227.18845975443813,613.0273633847086,-304.51661994172275,-636.428509477536,1680.0853612305896,-3146.5000912068645,-585.1447835101002
2026-04-20 22:13:40.631,971,687.6943892114875,-2397.4906719820337,226.2960690034416,614.1319937720699,-305.64568191494874,-637.5333231023136,1682.191224264692,-3149.3307270782175,-585.2758438537014
2026-04-20 22:13:40.640,972,688.4094992184289,-2400.585686831438,225.89759928679987,615.0235581505931,-306.9906578046459,-638.8513472864545,1684.0722052621968,-3152.3836453732943,-585.6296830740635
2026-04-20 22:13:40.652,973,689.3476372671631,-2403.4578606900895,225.72133206294205,615.9120364619422,-308.3379341141556,-640.1701715624298,1685.2362258758717,-3156.1535639236367,-586.7008121908551
2026-04-20 22:13:40.664,974,690.0628530031889,-2406.553183130913,225.32219602667868,617.0238272492903,-309.46128434996626,-641.263859826954,1686.8452859014044,-3159.476293817179,-587.3237361243547
2026-04-20 22:13:40.673,975,690.8905205940652,-2409.537419292774,225.0339431039701,618.1291151172508,-310.5913108463317,-642.363201772896,1688.2318200497348,-3163.021496585793,-588.1708990528064
2026-04-20 22:13:40.685,976,691.3379427782049,-2412.9038642251962,224.3629388296722,619.6758617823727,-311.2812987435811,-643.0216065555611,1689.8879575225767,-3166.2959738934055,-588.7484935927429
2026-04-20 22:13:40.694,977,692.8187531004281,-2415.238642587751,224.7236690505453,620.9977967650055,-312.19562671208587,-643.9029522885007,1691.5435515745753,-3169.568591629021,-589.325824370072
2026-04-20 22:13:40.707,978,693.0435854624942,-2418.831101970771,223.8249240060753,621.8822410667616,-313.54728237230614,-645.2207277826575,1692.705614787156,-3173.3339161245276,-590.3948423754299
2026-04-20 22:13:40.716,979,693.7636227386506,-2421.9296754520537,223.41846681866033,622.9851552899494,-314.6782961102588,-646.3164555261811,1693.6913056486726,-3177.278043763217,-591.6418971900632
2026-04-20 22:13:40.729,980,694.328151129339,-2425.1842614976754,222.8543091342522,624.0873761252083,-315.80812662370477,-647.4112908975948,1694.854536439932,-3181.0467600256793,-592.7122556884813
2026-04-20 22:13:40.739,981,696.1944195445772,-2427.1369365486057,223.591507047007,624.9727331669076,-317.1538212995777,-648.7225596525341,1696.9578321619035,-3183.875701870069,-592.8424283775995
2026-04-20 22:13:40.751,982,696.7585664393714,-2430.388810414161,223.02762208886708,625.851301796503,-318.50702455110854,-650.04047431673,1698.12069789573,-3187.6448552572747,-593.9123137185351
2026-04-20 22:13:40.764,983,697.9741888697987,-2432.9881992783176,223.11165430383076,626.736946175626,-319.8539527614535,-651.3512383099353,1700.2236490114992,-3190.474338632119,-594.0421414223302
2026-04-20 22:13:40.773,984,698.4689757175945,-2436.308815525048,222.47371296991813,628.5014387066252,-320.32141403822874,-651.7834623211585,1701.7904102432447,-3193.840004620771,-594.7131519965343
2026-04-20 22:13:40.785,985,699.3456832749445,-2439.2490530511773,222.21703996806028,629.6057970532796,-321.4458706360937,-652.874710064802,1703.448438484983,-3197.113928857939,-595.2940206395856
2026-04-20 22:13:40.794,986,699.6858379941405,-2442.7277693944948,221.42312728728885,630.7068830382034,-322.5733767651859,-653.9690890507051,1704.5686074629787,-3200.9267061211053,-596.4144307735842
2026-04-20 22:13:40.806,987,700.0255007298662,-2446.2078413625504,220.63017733811415,632.0341722543486,-323.47451634428444,-654.8381170749543,1706.452925440492,-3203.977505865244,-596.773515669495
2026-04-20 22:13:40.816,988,700.6344900940315,-2449.419582806346,220.10460247303698,633.1351584008229,-324.601906624672,-655.9329870376449,1707.8461462179139,-3207.5211986243053,-597.6294762964096
2026-04-20 22:13:40.832,989,701.7390966292938,-2452.134583095072,220.0736432908627,634.233490539902,-325.73537429633853,-657.0313419670537,1709.195334287324,-3211.109694912991,-598.529055962289
2026-04-20 22:13:40.846,990,702.4608556418414,-2455.230631071101,219.66165951822333,635.3427093088947,-326.8593890004803,-658.1185034383818,1710.3184892170523,-3214.9234932177737,-599.6526942825324
2026-04-20 22:13:40.855,991,703.4081811529511,-2458.100576837669,219.47708452686587,635.7817932815387,-328.655137463431,-659.8754228565188,1712.9223329167326,-3217.256446855158,-599.2940133355861
2026-04-20 22:13:40.869,992,704.6241866564483,-2460.701691110789,219.5618208274424,636.6644700719471,-330.0068864364252,-661.1904267414372,1714.0897875431722,-3221.025371249307,-600.3723614195185
2026-04-20 22:13:40.879,993,705.1911543955054,-2463.95141172013,218.99502647187077,637.9842497688454,-330.923591015883,-662.0703570340675,1715.4797236849824,-3224.5684834328435,-601.2246707574794
2026-04-20 22:13:40.893,994,706.295725644052,-2466.663325654213,218.96347340625076,639.0852585756791,-332.0601465676006,-663.1715738971742,1716.8698741313647,-3228.1110745491987,-602.0766286379275
2026-04-20 22:13:40.902,995,707.2863926117225,-2469.4872820742294,218.81647618408076,639.9700948401345,-333.41273763378155,-664.4903709071779,1718.528766544669,-3231.3836912692414,-602.659524134761
2026-04-20 22:13:40.916,996,708.1626288532399,-2472.4240174747088,218.55518195525218,641.5107503835612,-334.1093915490238,-665.1509634069815,1720.1874622975588,-3234.6552056335254,-603.2423827780448
2026-04-20 22:13:40.933,997,708.885348008977,-2475.5138718686394,218.13994178516975,641.954805476922,-335.9054408029793,-666.9071579245012,1721.3088407475611,-3238.4643524789058,-604.3628534910542
2026-04-20 22:13:40.943,998,709.4574492070666,-2478.7571431107635,217.567507268638,642.6193501069775,-337.4827076609718,-668.4462321407933,1723.1470716084727,-3241.5568940089324,-604.7663032520242
2026-04-20 22:13:40.957,999,710.1844018612877,-2481.849853583198,217.14489010962558,643.9468920041035,-338.3988372558277,-669.3249682521094,1724.3139582980325,-3245.3223703451595,-605.8447575731248
2026-04-20 22:13:40.966,1000,711.0638754435643,-2484.792632343503,216.87256335598772,645.7112687919312,-338.8758423169687,-669.7659825571254,1725.7495588440702,-3248.8201454319938,-606.6555275124917
2026-04-20 22:13:40.982,1001,711.6394893434019,-2488.040088016173,216.29671968453118,646.1555981305232,-340.6720482608639,-671.5249163364999,1727.6371197131377,-3251.8687915183964,-607.0183026841884
2026-04-20 22:13:40.993,1002,712.4833717501448,-2491.0213448689888,215.98725444070777,647.0369328123886,-342.0305550161475,-672.8457908400563,1728.8063619537554,-3255.637656654582,-608.1009997484408
2026-04-20 22:13:41.008,1003,713.212449836492,-2494.1181072519475,215.5601743945603,647.7008742967844,-343.60538901257576,-674.382758018915,1730.4286304584066,-3258.9544968346386,-608.7347649210845
2026-04-20 22:13:41.018,1004,713.8264721766824,-2497.3316095598343,215.01698907462438,648.5861275992684,-344.96252816008723,-675.7012904355893,1732.0946488774923,-3262.2290196103663,-609.3285549827392
2026-04-20 22:13:41.031,1005,714.9038650784138,-2500.0835571582197,214.9371638231976,649.4715125819642,-346.32095426759753,-677.0209015101277,1732.5473397106446,-3266.717798124742,-611.1377633034745
2026-04-20 22:13:41.045,1006,715.2519918479713,-2503.5668510174323,214.12485552147763,650.8012505575025,-347.24026891244387,-677.9011968899533,1733.9467893162646,-3270.2608703817236,-612.0013695447904
2026-04-20 22:13:41.054,1007,716.3675494033503,-2506.285126664394,214.0776129972835,652.1360279010486,-348.15511306173397,-678.7785537186971,1735.7984654641614,-3273.3529438124233,-612.4119801591575
2026-04-20 22:13:41.068,1008,717.3330456919794,-2509.1547840019794,213.87788895253988,653.6875901936297,-348.85325316878556,-679.4380546241422,1737.1556067908775,-3276.941193658857,-613.3168283579304
2026-04-20 22:13:41.079,1009,718.1835315357698,-2512.139669596071,213.5613690201511,655.2461858336864,-349.54384412603963,-680.0890527910915,1738.597779687811,-3280.44627674271,-614.1391274954856
2026-04-20 22:13:41.093,1010,719.1846057341015,-2514.974558562993,213.39269513040247,656.1347011278665,-350.9061374512943,-681.4112754067162,1739.9966491095722,-3283.992104482368,-615.0017423846381
2026-04-20 22:13:41.104,1011,720.537310534509,-2517.4595260292595,213.5748039153576,657.2408341823054,-352.05131828248517,-682.517247379167,1742.1134192376305,-3286.8175003534902,-615.1413021711836
2026-04-20 22:13:41.120,1012,721.6548654036797,-2520.178666812863,213.52500048925307,657.9081800446272,-353.6340744650331,-684.0621192252596,1743.9593635494864,-3289.912698402296,-615.5486350034002
2026-04-20 22:13:41.134,1013,722.0047514500872,-2523.6653747737696,212.70837799475572,658.7977346432722,-354.9973199271111,-685.3868445385733,1745.087550467802,-3293.7278068694513,-616.676710271835
2026-04-20 22:13:41.143,1014,723.3898438371565,-2526.118391337931,212.92622389624697,660.130644907433,-355.9187650888717,-686.26856716764,1746.4857282986593,-3297.273264588367,-617.537308921956
2026-04-20 22:13:41.157,1015,723.5069591122465,-2529.8415672149704,211.87106822705076,661.0242950033681,-357.27913390891376,-687.588617400622,1747.8831814248495,-3300.8202990173913,-618.3974279825743
2026-04-20 22:13:41.166,1016,723.8580709181697,-2533.331287965333,211.05079177277756,662.1407066740892,-358.41980308858655,-688.689228001848,1749.0116610153445,-3304.637374165357,-619.5261450896924
2026-04-20 22:13:41.179,1017,724.7429350334248,-2536.2856046246084,210.76619179039648,663.0315504022258,-359.78636411627326,-690.0153277527835,1750.13843828257,-3308.4545581107227,-620.6525871353955
2026-04-20 22:13:41.188,1018,726.3953116203741,-2538.471914067478,211.24728611117277,663.9234393948412,-361.1541931170763,-691.3437124713744,1751.308225933526,-3312.2286564062797,-621.7341327211965
2026-04-20 22:13:41.200,1019,727.5152595171865,-2541.191827389752,211.19404157843326,664.5942311713713,-362.74517921565854,-692.8964437033989,1752.4336674625338,-3316.0483637726174,-622.8598055461439
2026-04-20 22:13:41.213,1020,728.3676303389731,-2544.1790122078146,210.8745961602554,665.4882141745325,-364.11444198773006,-694.2281897949605,1754.2807726522717,-3319.147420844841,-623.2669540318935
2026-04-20 22:13:41.221,1021,728.7195693934297,-2547.668123606457,210.05457327548353,666.6090242409491,-365.2577751473605,-695.3337800126031,1755.2267960654503,-3323.146515882893,-624.5776137256353
2026-04-20 22:13:41.234,1022,729.3379506417499,-2550.8909181472163,209.50124816029575,667.7270096294266,-366.4063020207451,-696.4435707723736,1756.1733726346094,-3327.1471548573145,-625.8914446033199
2026-04-20 22:13:41.241,1023,730.4570026097174,-2553.611945242531,209.45051176217848,668.6196848268293,-367.7827959256382,-697.7825072938758,1757.7995365741126,-3330.470529541555,-626.5281248039599
2026-04-20 22:13:41.254,1024,730.924398863967,-2556.983768908577,208.7498561322067,670.1860000908345,-368.4862219839093,-698.4479999752408,1759.6923765725844,-3333.5247592622154,-626.8941364712342
2026-04-20 22:13:41.261,1025,732.1602086578453,-2559.5875733106545,208.81623386544322,670.6409471072965,-370.3054103660793,-700.2307398238503,1761.3595234174313,-3336.8053580085448,-627.4856326857392
2026-04-20 22:13:41.273,1026,732.8649298524512,-2562.724365292527,208.34671832106335,671.5399407915304,-371.68232451949086,-701.5708074525339,1762.5313732947293,-3340.580763623457,-628.5710539223638
2026-04-20 22:13:41.286,1027,733.7205151859649,-2565.7105926487457,208.02403857561993,672.6606330862664,-372.8384999077818,-702.6924154306053,1763.433649519625,-3344.6262731472098,-629.9243688787938
2026-04-20 22:13:41.294,1028,733.9559438755531,-2569.3174044748753,207.08163303885917,674.014764354803,-373.76492303017335,-703.5840314776967,1765.6387326860463,-3347.370465924462,-629.9748923604685
2026-04-20 22:13:41.306,1029,735.5798255279111,-2571.5371226559823,207.5280483656925,674.9166676171344,-375.1439616074813,-704.928258019408,1767.575468870859,-3350.3840487346906,-630.2961880550629
2026-04-20 22:13:41.314,1030,736.701043760407,-2574.259831414632,207.4737893869512,675.5946399411021,-376.7497059774746,-706.4999187216656,1768.7912131273752,-3354.1181722895753,-631.3392704222255
2026-04-20 22:13:41.327,1031,737.3204267651356,-2577.484353910072,206.91888500588254,676.7310330836544,-377.9001110667585,-707.6164888928892,1769.6946764324914,-3358.1664300877164,-632.694710598206
2026-04-20 22:13:41.335,1032,738.0261206538239,-2580.623087757081,206.44903154168702,678.0863890263273,-378.8322580373056,-708.514608013951,1771.0931447223338,-3361.7194261812115,-633.5543002674362
2026-04-20 22:13:41.348,1033,738.1444063127175,-2584.3516520582507,205.38602201220323,679.8969684469286,-379.3089627465921,-708.9591793224538,1772.2228760555015,-3365.5413008965525,-634.6839160034907
2026-04-20 22:13:41.356,1034,739.0020250753416,-2587.3416775735805,205.06078388012025,680.8044478468523,-380.6872127140538,-710.3046072579383,1773.3958166469176,-3369.3190094694446,-635.7693314888727
2026-04-20 22:13:41.370,1035,739.4753181490291,-2590.71690861669,204.35076660607683,682.3863058161791,-381.39034892426963,-710.9722823951327,1774.0739884776644,-3373.5913292614173,-637.3512710308933
2026-04-20 22:13:41.382,1036,740.4512603912243,-2593.5880430502984,204.1440503832375,682.8395863580129,-383.2209102435946,-712.7671614532428,1776.01294445405,-3376.6052329548593,-637.6776955504649
2026-04-20 22:13:41.390,1037,741.3086371025895,-2596.575229195926,203.8195836512847,684.6383904773969,-383.7034991894922,-713.211623871444,1777.4142103082274,-3380.156080790975,-638.5409380005449
2026-04-20 22:13:41.402,1038,742.6986670265588,-2599.0303839318794,204.02680015996933,685.5396156110539,-385.085679831921,-714.55303460132,1778.3193440284413,-3384.2024610698545,-639.8988379727912
2026-04-20 22:13:41.411,1039,743.558004087709,-2602.01864704329,203.69927445225903,685.9920549596673,-386.9168228341914,-716.3439502585824,1780.484304824179,-3386.989683801012,-639.9976391073226
2026-04-20 22:13:41.424,1040,744.8023562179461,-2604.62346765754,203.75779051609842,687.3373875156411,-387.8566933823289,-717.2410415021023,1781.616100711216,-3390.8100803422076,-641.1295877685378
2026-04-20 22:13:41.432,1041,745.5426573002172,-2607.7330918527505,203.31393865411926,688.4713098371114,-389.0075704974608,-718.3486875956735,1782.521051461786,-3394.85747798143,-642.4867558371944
2026-04-20 22:13:41.445,1042,745.8977269613632,-2611.2265582076193,202.4859215707937,690.2773852158707,-389.48567387053384,-718.7840062200987,1784.6420345764263,-3397.6883033753,-642.6263471055629
2026-04-20 22:13:41.459,1043,746.6672064406836,-2614.3048049979197,202.07336651659085,690.9484713929942,-391.0970442639768,-720.3504766299241,1786.762049272572,-3400.5190570248083,-642.7660786180752
2026-04-20 22:13:41.467,1044,748.8265733705498,-2615.9918647813,203.0527570569419,692.300156311665,-392.02876806476445,-721.2366587159124,1788.8826344246368,-3403.350850498853,-642.9057341096279
2026-04-20 22:13:41.481,1045,750.6010556344775,-2618.0637164320074,203.64828747123028,694.3344640161934,-392.2802702892663,-721.4424219685875,1791.004853599891,-3406.182120908904,-643.04674891583
2026-04-20 22:13:41.490,1046,751.4592563976036,-2621.0539784283765,203.3229096796763,695.4596070241271,-393.44141297707694,-722.5585341572222,1791.9108106236024,-3410.231797179414,-644.4058899506242
2026-04-20 22:13:41.506,1047,753.3557196594134,-2623.008735665404,204.03259090821726,696.8098485357963,-394.3796520281187,-723.4511131409217,1794.078408052871,-3413.0220205030273,-644.505749768292
2026-04-20 22:13:41.514,1048,754.3634551012357,-2625.853117087452,203.85269248170835,697.9402085603496,-395.5369947231729,-724.5634652769323,1794.985729503743,-3417.0733552545885,-645.866972620054
2026-04-20 22:13:41.528,1049,755.6094154457267,-2628.4615494851637,203.91057336027248,698.837212838592,-396.9318270302927,-725.9100433387313,1797.19638872468,-3419.8222992142996,-645.924735782614
2026-04-20 22:13:41.542,1050,756.8534082510403,-2631.0689070452077,203.97039145158593,700.1891347688295,-397.8753212189249,-726.803054145728,1798.103596233063,-3423.8752782958577,-647.2856840347439
2026-04-20 22:13:41.552,1051,757.712041433708,-2634.060304150671,203.64536512014723,701.320226433419,-399.03747805532,-727.9133729304044,1799.052847126398,-3427.885284576872,-648.6034180841301
2026-04-20 22:13:41.568,1052,759.2215182618932,-2636.3994623375715,203.97198512877355,702.6754856671168,-399.9749050511945,-728.7991827787592,1800.6380608648515,-3431.2588544024434,-649.28295099261
2026-04-20 22:13:41.576,1053,759.5760866051277,-2639.89113334889,203.14535609394972,703.5774363281281,-401.3668436644145,-730.139528525362,1801.3169542181824,-3435.536450279021,-650.8666452459335
2026-04-20 22:13:41.591,1054,761.2018526596281,-2642.1105432929644,203.59015701840718,704.7089126059917,-402.52907136383806,-731.250856997015,1802.9426620525055,-3438.8671700120203,-651.500686283234
2026-04-20 22:13:41.598,1055,761.7932334024576,-2645.366661670861,202.99866241880343,705.1678694882041,-404.36478691453544,-733.0368746915177,1805.8275818543848,-3440.9379342777597,-650.872754590147
2026-04-20 22:13:41.613,1056,762.5339949786731,-2648.4763743118147,202.55390918390862,706.5197854923284,-405.30844424067755,-733.929781079916,1807.0005537296142,-3444.722008105754,-651.9587908406293
2026-04-20 22:13:41.621,1057,763.2742509870867,-2651.58563205156,202.10982907797853,707.8714536419003,-406.251643268365,-734.8228331631299,1807.90473397874,-3448.7749560016327,-653.3149965188368
2026-04-20 22:13:41.635,1058,764.9035206726086,-2653.8063408602725,202.55383019014698,708.770862898353,-407.6495226603574,-736.1724764302315,1808.8533191071647,-3452.78510643237,-654.6300201715854
2026-04-20 22:13:41.649,1059,765.7651435650597,-2656.7966190567045,202.2243088594446,709.8976157233368,-408.823149972331,-737.2995648117968,1809.8018583817018,-3456.7961327314006,-655.9453919693667
2026-04-20 22:13:41.658,1060,766.5103543274502,-2659.906866492972,201.7717936373598,710.5743451311331,-410.4464848977591,-738.8789144485229,1811.202453940338,-3460.3533147294684,-656.8065058799934
2026-04-20 22:13:41.680,1061,767.0159016270738,-2663.2572889512576,201.07749480006797,711.2607479501122,-412.0629642849174,-740.4515415205825,1813.2806266470584,-3463.2317129952753,-656.9892213925143
2026-04-20 22:13:41.688,1062,767.3751815455558,-2666.7511868193856,200.23967031377984,713.0756374535463,-412.5503402258444,-740.8937635909095,1814.6815390013724,-3466.789398132084,-657.8511118823418
2026-04-20 22:13:41.705,1063,767.8536124114297,-2670.126491754413,199.52125462708875,714.2043709157261,-413.7232501594573,-742.0226179577138,1815.8555193364618,-3470.5738665670947,-658.9378807166124
2026-04-20 22:13:41.712,1064,768.7445896807923,-2673.090963460996,199.21409024164268,715.3383241436102,-414.8931962877888,-743.1477803736591,1817.0286522952215,-3474.3575560363174,-660.0224665108832
2026-04-20 22:13:41.726,1065,769.1040829502188,-2676.5884872899514,198.3752574568402,715.7951221013894,-416.74262643275904,-744.9526419395789,1817.7063919071434,-3478.6366363891807,-661.6040372985584
2026-04-20 22:13:41.837,1066,770.3546664772647,-2679.194264922044,198.42832734713124,717.3820452423225,-417.46126786188364,-745.6265925874188,1819.511982565435,-3481.786344094697,-662.055448486647
2026-04-20 22:13:41.845,1067,770.9797000268328,-2682.4246739926402,197.85607793949086,717.8383192215967,-419.3079661537748,-747.4281698576463,1821.1803325727694,-3485.0740250077465,-662.6447760166748
2026-04-20 22:13:41.854,1068,772.2562812158623,-2685.00394065072,197.9351943645929,719.4259994831532,-420.02270079515546,-748.095936183236,1822.1273204885656,-3489.081954862016,-663.955246025091
2026-04-20 22:13:41.863,1069,773.120484785198,-2687.995234400741,197.6022787286509,720.1070333474131,-421.64365244163406,-749.6695546623919,1823.570225817304,-3492.5953837997836,-664.7703859159442
2026-04-20 22:13:41.873,1070,773.9846848420852,-2690.9884781574933,197.26980956314844,720.7833313850871,-423.2695590886297,-751.248088643813,1824.9683808921438,-3496.151844809904,-665.6288341776658
2026-04-20 22:13:41.882,1071,774.6100525823904,-2694.2212770621245,196.69790210193318,722.1401189358495,-424.21298627164293,-752.1443587988505,1826.365921133105,-3499.7080397753894,-666.4868444384839
2026-04-20 22:13:41.890,1072,775.5015129854986,-2697.1881023786696,196.39060197355053,723.0460589244078,-425.60638060585393,-753.4910508311498,1828.4829896132119,-3502.54304121814,-666.6228255947657
2026-04-20 22:13:41.900,1073,776.7546132603659,-2699.7951479319,196.44246070439667,723.7218480300018,-427.2301045391562,-755.0679582963728,1829.8804771368277,-3506.0986727248405,-667.4807858047125
2026-04-20 22:13:41.909,1074,777.6220294923304,-2702.7885503319735,196.10651566073255,724.8529624819763,-428.39742405679266,-756.1896280499915,1832.0407219197216,-3508.8889049958943,-667.572189868209
2026-04-20 22:13:41.918,1075,778.2487638421654,-2706.0225432608872,195.5300279766697,726.4329845619009,-429.1138355294333,-756.8599045873724,1833.9291010373818,-3511.948027798563,-667.9308999871228
2026-04-20 22:13:41.927,1076,778.9708346725092,-2709.1617432876014,195.04845048698718,727.3384203155705,-430.5067596612756,-758.2066972771103,1835.3680698881915,-3515.456449315351,-668.7394522878916
2026-04-20 22:13:41.937,1077,779.8391727724255,-2712.1556548361377,194.7114963166522,728.4782923568437,-431.6650698258236,-759.3192972353534,1836.5378951304988,-3519.234515053246,-669.8184161623896
2026-04-20 22:13:41.946,1078,781.6010901708956,-2714.2574234721915,195.2676471389345,729.1543067057063,-433.2897681751912,-760.8988318544228,1838.380904528504,-3522.337799847833,-670.2220862014119
2026-04-20 22:13:41.956,1079,782.4711653436768,-2717.2517672274384,194.9286321384576,729.6104601458045,-435.13761686820806,-762.7013821122192,1839.549429633164,-3526.1159419960363,-671.2996972407157
2026-04-20 22:13:41.965,1080,782.7127311846659,-2720.874173427959,193.9614176862635,730.5189507978341,-436.5340446434502,-764.0530610088667,1841.7078881788216,-3528.904622878637,-671.3884918031691
2026-04-20 22:13:41.973,1081,783.7266125672695,-2723.724038427376,193.76796480124835,732.1094002764006,-437.2484687493894,-764.7221886729426,1843.8206411905824,-3531.739724522002,-671.5221208107913
2026-04-20 22:13:41.983,1082,785.3686956681362,-2725.945769161901,194.20286931812876,733.018138102177,-438.64576238963866,-766.0749891856594,1845.2154980044515,-3535.2951847458608,-672.3765403451812
2026-04-20 22:13:41.990,1083,786.1162790651615,-2729.0612968238597,193.74576730358743,733.9332148053202,-440.04039114119115,-767.426327553916,1846.8798935669324,-3538.5807396987752,-672.9598861254676
2026-04-20 22:13:41.999,1084,787.635131835033,-2731.4038963125813,194.062800749043,735.2971944082118,-440.987769548002,-768.3283539281637,1849.5331331291575,-3540.8767422967367,-672.5518634031092
2026-04-20 22:13:42.006,1085,789.0340831272592,-2733.86674463287,194.25961847784066,736.4375683614879,-442.1623081786124,-769.4598645903195,1851.1505058978203,-3544.209174396065,-673.1794765391217
2026-04-20 22:13:42.014,1086,789.900347125094,-2736.8613824635045,193.92515102050808,737.5822617784457,-443.3333510954582,-770.5875160184625,1853.310371692356,-3547.001354763426,-673.2678616188916
2026-04-20 22:13:42.022,1087,790.2609248775292,-2740.3629410711956,193.08332704382917,738.723039018408,-444.5109801126222,-771.7204223430314,1854.4345788298956,-3550.829346832372,-674.3922733666137
2026-04-20 22:13:42.031,1088,790.7415740615057,-2743.744009491184,192.36223824165768,739.6348539416701,-445.92254455770865,-773.0881595733132,1856.051737292288,-3554.1623933811647,-675.0202370258398
2026-04-20 22:13:42.040,1089,791.730052792088,-2746.6187684279344,192.14657707936246,740.5474882669645,-447.33490699201855,-774.4568422933985,1857.4434360781643,-3557.7204663782627,-675.8706671896401
2026-04-20 22:13:42.048,1090,792.4783250766932,-2749.7351552364457,191.68925902418528,741.4689367247782,-448.73883429989166,-775.8161543140201,1858.881302632585,-3561.231859295223,-676.6728024147646
2026-04-20 22:13:42.057,1091,793.2265556043882,-2752.852383340004,191.23165862277594,742.6182883361887,-449.91596485858986,-776.9473423759121,1860.9935629840097,-3564.070590300096,-676.8035660435738
2026-04-20 22:13:42.066,1092,794.0969639634638,-2755.8489674231473,190.8924779976495,743.5387438380598,-451.3200398435866,-778.3048917658261,1862.6570533790145,-3567.3592421632407,-677.3841289392861
2026-04-20 22:13:42.076,1093,795.863049534151,-2757.9492473347314,191.44703455086298,744.2221954317356,-452.9613734295715,-779.9001911762479,1864.3212692310583,-3570.648460308435,-677.9644557730106
2026-04-20 22:13:42.085,1094,796.6132049151844,-2761.0650492616865,190.98512562390334,744.6787340443277,-454.8331125185363,-781.7264772657941,1865.9847100930458,-3573.9377408770697,-678.5445251779414
2026-04-20 22:13:42.095,1095,797.3416760147496,-2764.2020705909854,190.49947560963568,745.596805593232,-456.2438809846274,-783.0919494746769,1866.880978944603,-3577.9926867686822,-679.8893610445378
2026-04-20 22:13:42.105,1096,798.3584240503794,-2767.05106686275,190.29854137696228,746.2869210209446,-457.8830403414111,-784.6873165205426,1868.4510555632703,-3581.375008414262,-680.5622913765129
2026-04-20 22:13:42.113,1097,798.8461156957135,-2770.4301421212385,189.56690264243696,747.4425239611974,-459.05582360488637,-785.8170786460373,1869.6187639466048,-3585.1588322419498,-681.6367994967761
2026-04-20 22:13:42.122,1098,799.8629748622809,-2773.2794480995963,189.36615859194325,748.1367925637695,-460.6905205668917,-787.4080516845155,1871.5064266592265,-3588.2248757970337,-681.9913616063839
2026-04-20 22:13:42.131,1099,800.8800580076183,-2776.1283918359413,189.16358021261632,749.0548393357473,-462.10113147340616,-788.7738233876537,1873.4409697978485,-3591.2445136144956,-682.298432575295
2026-04-20 22:13:42.140,1100,802.0180712310263,-2778.8557163433643,189.08398620422597,750.4335381893973,-463.05069775149644,-789.6778976491755,1875.010753154514,-3594.6306917427987,-682.9712337810805
2026-04-20 22:13:42.148,1101,802.4042579909283,-2782.3314764887464,188.25683996061062,751.3466114871025,-464.4661311530232,-791.0481791721024,1875.9548057258237,-3598.642751951888,-684.2698566198507
2026-04-20 22:13:42.157,1102,803.0327658360645,-2785.5643785398192,187.67356815405498,752.2606762365012,-465.881619540569,-792.4192778710625,1877.617312758874,-3601.934354661973,-684.8468912133103
2026-04-20 22:13:42.167,1103,803.759739551081,-2788.7007517342026,187.18882026999532,753.8681515896036,-466.60226602177295,-793.095461069329,1880.0478873976183,-3604.4591641307575,-684.6578664331707
2026-04-20 22:13:42.174,1104,804.267854743745,-2792.057014177054,186.4839391373393,755.7015304606755,-467.0975100900318,-793.5482317052933,1881.7098775112731,-3607.749666481635,-685.2343121392391
2026-04-20 22:13:42.184,1105,806.5653186152211,-2793.625464490363,187.5658742759245,756.844815030424,-468.28000077286424,-794.6913916406833,1883.8194590575479,-3610.593090374474,-685.362714803914
2026-04-20 22:13:42.192,1106,806.6869507799511,-2797.3711268886364,186.47026690070362,758.6787596840722,-468.77251140671507,-795.1448942433523,1884.9384735975323,-3614.4270450553654,-686.4818154154262
2026-04-20 22:13:42.203,1107,807.0515116751023,-2800.873462414425,185.61943769939438,759.594598919368,-470.1844935901448,-796.5191929962608,1886.327972699904,-3617.9894946209747,-687.3289081772747
2026-04-20 22:13:42.211,1108,808.3118661069792,-2803.4805159175735,185.66308355403567,760.9722160533672,-471.1341703528154,-797.4314207283097,1887.2701420552244,-3621.9995258711347,-688.6215981690842
2026-04-20 22:13:42.220,1109,809.5940014516666,-2806.0663665592488,185.72806223709298,762.1218134519418,-472.31174059650516,-798.5735485868191,1888.2125579424812,-3626.0108780227233,-689.9147087524148
2026-04-20 22:13:42.228,1110,809.8376946391362,-2809.69224160628,184.752954006055,763.2750474681513,-473.486022781511,-799.7135902417788,1890.59217318738,-3628.584219946543,-689.7696056664123
2026-04-20 22:13:42.238,1111,811.4865557618745,-2811.9133339920436,185.18230244768455,764.4229534382888,-474.6634036554164,-800.8538166743155,1891.533598252225,-3632.5928559063345,-691.0596971533307
2026-04-20 22:13:42.248,1112,812.6061613902883,-2814.6639718715637,185.08100613541046,765.5746623733418,-475.83760980201345,-801.9910034038269,1892.4269455053145,-3636.648218433222,-692.3992978588745
2026-04-20 22:13:42.256,1113,813.7466545092724,-2817.3935071454152,185.00005793721266,766.4952599403091,-477.24471752597566,-803.3630917416299,1893.368503835692,-3640.6553756941166,-693.6908373949632
2026-04-20 22:13:42.266,1114,815.3961604304919,-2819.6139566653546,185.42780556371778,767.6487332727058,-478.4188240399255,-804.5029732812782,1895.0285491346917,-3643.9446238080586,-694.2640370758684
2026-04-20 22:13:42.273,1115,816.6797582504255,-2822.201508411975,185.4888313404676,768.3410270474955,-480.05631297531346,-806.1062671525887,1896.640742274792,-3647.2832164560123,-694.8865232667258
2026-04-20 22:13:42.282,1116,817.840820512071,-2824.9110526986055,185.42809818352967,769.4919777002267,-481.235129382278,-807.2494979861805,1898.2534904023767,-3650.6225244731672,-695.509084873924
2026-04-20 22:13:42.290,1117,818.8386213105972,-2827.7839559212,185.20430761052623,770.1832390236815,-482.8717872940527,-808.8501740397795,1898.7485918247853,-3655.078379772117,-697.2478026082845
2026-04-20 22:13:42.300,1118,820.2224492301893,-2830.2706678691065,185.36924758649377,771.1062140631017,-484.275119496861,-810.216710143418,1899.9142997952265,-3658.865601242744,-698.3169892398063
2026-04-20 22:13:42.312,1119,820.9967904908074,-2833.3672324033555,184.92348060453153,772.024995525551,-485.6808289938678,-811.5852432689903,1900.8077746876527,-3662.9240571444334,-699.6576807491788
2026-04-20 22:13:42.319,1120,821.9945816112327,-2836.2392834283405,184.70010360212174,773.1722003510611,-486.85785121427284,-812.7249202359453,1901.4774027458743,-3667.2049229077647,-701.2207432103655
2026-04-20 22:13:42.329,1121,823.1557673328505,-2838.9493380246586,184.6376128377353,774.5436534037206,-487.8113883146915,-813.6397916676506,1902.1462864179257,-3671.485635661715,-702.7820070491824
2026-04-20 22:13:42.337,1122,823.5233964398034,-2842.4552918996255,183.778974355444,775.2329760024124,-489.4462569632127,-815.2340109989215,1903.804543071648,-3674.776809327507,-703.3524126758837
2026-04-20 22:13:42.348,1123,824.4019218762463,-2845.452798225252,183.43021919516076,776.3816281793308,-490.6195729557013,-816.3661439060105,1904.9184151698394,-3678.612162880627,-704.4657833289007
2026-04-20 22:13:42.356,1124,825.15714162702,-2848.5721389260566,182.96005360468968,777.5258474377653,-491.79660511435526,-817.5016663000392,1905.6357445055428,-3682.8430983373255,-705.9737881324957
2026-04-20 22:13:42.367,1125,825.9121344459224,-2851.689971245119,182.48961942002754,778.8920804345312,-492.7493813623854,-818.4120382581121,1907.788032997149,-3685.6400431826446,-706.0469707241298
2026-04-20 22:13:42.377,1126,826.4223828110646,-2855.055512563121,181.7719003839906,779.5802300237394,-494.3837831695564,-820.0050081478531,1909.494856978348,-3688.881514430594,-706.5634479531393
2026-04-20 22:13:42.385,1127,827.7087123105906,-2857.6471049375364,181.82831195919354,781.1879396875703,-495.1011381770962,-820.6821154216963,1910.6562055273973,-3692.667283665942,-707.6241241082398
2026-04-20 22:13:42.394,1128,828.8324310400441,-2860.400381349174,181.72505671832,782.3291760874039,-496.28371535672164,-821.8235544330221,1911.3229494722125,-3696.9479123925967,-709.1800423818145
2026-04-20 22:13:42.402,1129,829.8545229975999,-2863.2579544038404,181.51674280715753,783.706980076208,-497.23147452329516,-822.7276385642699,1913.153562509701,-3700.066660461267,-709.5753982860886
2026-04-20 22:13:42.413,1130,830.4884419779831,-2866.5035547144944,180.92110445450578,784.6291996237409,-498.63596180236334,-824.0892205617347,1913.8710368604236,-3704.298331575038,-711.0843112444788
2026-04-20 22:13:42.422,1131,830.9983911144823,-2869.8691492690873,180.20626695160672,785.7749602273819,-499.8161871450109,-825.2266377705705,1915.5284693587323,-3707.5902294299576,-711.6527793445679
2026-04-20 22:13:42.434,1132,832.4054090786502,-2872.3370519142145,180.39021763428815,786.6966437537059,-501.2208557687854,-826.5878437272122,1916.8639235302132,-3711.203372487799,-712.5425981353554
2026-04-20 22:13:42.442,1133,833.0365725869356,-2875.5787247727076,179.80099546268232,786.9252648794716,-503.3202539620115,-828.6438785754452,1917.5315523705478,-3715.4844602916583,-714.1005699820028
2026-04-20 22:13:42.454,1134,834.7064753767365,-2877.779559439514,180.25379650267973,788.0711323226969,-504.5015976799452,-829.780802364963,1919.1402856988143,-3718.824894639456,-714.7197045280211
2026-04-20 22:13:42.466,1135,835.2154069866881,-2881.141764745684,179.54505168305522,788.9927490309676,-505.90627249782517,-831.1409863079588,1920.0808339877176,-3722.833728088746,-716.0066418603254
2026-04-20 22:13:42.475,1136,836.2336570279281,-2883.9953858321637,179.34315395893827,791.0629452416437,-506.1612410666482,-831.3507681637628,1922.2343453932313,-3725.6311178812043,-716.0810479946739
2026-04-20 22:13:42.488,1137,836.9660463455598,-2887.135642735165,178.85472879709224,792.2226047508603,-507.3302705043749,-832.4732081543087,1924.3387583027975,-3728.4783930881235,-716.2046190631996
2026-04-20 22:13:42.496,1138,838.8820368168014,-2889.093927159318,179.549356052995,793.5978515340518,-508.28579115567806,-833.3820239191556,1925.9963146266145,-3731.769321354163,-716.7726127401431
2026-04-20 22:13:42.507,1139,840.023454165291,-2891.8270216018636,179.4696008023315,794.7400849909134,-509.47555266894733,-834.5238487537849,1927.654170634948,-3735.0592255076617,-717.3419671760103
2026-04-20 22:13:42.515,1140,840.8984567623894,-2894.824882117445,179.12549084571236,795.6578620455067,-510.89158395255174,-835.8889336552035,1929.0397112442497,-3738.6214019952477,-718.1832373470651
2026-04-20 22:13:42.526,1141,841.794784209063,-2897.8006906349647,178.8030129034273,796.3492387904092,-512.538660561205,-837.4849611240071,1930.6960880638,-3741.9116392918013,-718.7502741920835
2026-04-20 22:13:42.537,1142,842.426413179697,-2901.042693657492,178.21426652350866,797.5048528865209,-513.7241302801009,-838.6198818616036,1932.57519296463,-3744.9795096126945,-719.095131301676
2026-04-20 22:13:42.545,1143,843.833112561266,-2903.50999929098,178.39958737115893,798.1978143522314,-515.3727341059989,-840.2201588956882,1934.6766058091448,-3747.8248202775353,-719.2175638168445
2026-04-20 22:13:42.557,1144,844.5867681537458,-2906.6308165010205,177.9315846405129,798.6564607334561,-517.2546246488881,-842.0552038260134,1936.7791274557121,-3750.6694875159997,-719.3410988377005
2026-04-20 22:13:42.565,1145,845.4833660841265,-2909.607539478221,177.6089483567809,799.8128666562075,-518.4403851474007,-843.1926669338307,1937.991132929409,-3754.4038695623694,-720.353998249309
2026-04-20 22:13:42.576,1146,846.4805900840855,-2912.4843986400742,177.3865410307809,801.2006551967763,-519.3969424018219,-844.1021493601135,1938.9309646456466,-3758.4107292101216,-721.6401615815297
2026-04-20 22:13:42.584,1147,847.2341157245993,-2915.6068291014494,176.92050803097803,802.8190561465341,-520.1226878383081,-844.7820572012521,1940.3658732905299,-3761.9234472344206,-722.4326560942999
2026-04-20 22:13:42.597,1148,847.7217101305608,-2918.9975367205366,176.1888816184558,803.7392722732892,-521.5481347060852,-846.163448407653,1942.1969511652323,-3765.0405155030485,-722.8288151231245
2026-04-20 22:13:42.609,1149,848.2316628422091,-2922.3670903705306,175.47805381726354,804.8946154319017,-522.7399489641006,-847.3096222390833,1942.642184043976,-3769.543751317348,-724.6096989564492
2026-04-20 22:13:42.618,1150,848.9660049390155,-2925.5149514982345,174.98837235935943,806.5278325610603,-523.4530031193403,-847.97665728089,1944.5717750811161,-3772.5616192108464,-724.9062865669864
2026-04-20 22:13:42.629,1151,849.0882275260132,-2929.276790059616,173.88687391074075,807.4578261323144,-524.871536433235,-849.3484531978686,1945.7339053037776,-3776.3447535687806,-725.9697805444459
2026-04-20 22:13:42.638,1152,850.7423910780109,-2931.506898304718,174.31885913617802,808.1486650585585,-526.5318817721667,-850.9608491294532,1946.8456419659917,-3780.1766105628717,-727.0817073510809
2026-04-20 22:13:42.651,1153,851.2528959655735,-2934.880878968477,173.60834926643022,809.5419099853887,-527.4923237766519,-851.8736850283323,1948.452431395022,-3783.5151943829896,-727.6996463289059
2026-04-20 22:13:42.660,1154,852.9059287164224,-2937.1121780705016,174.04178527130844,810.4732750453579,-528.9123875417762,-853.2476954519728,1949.1190915620457,-3787.792633582099,-729.2542752416114
2026-04-20 22:13:42.672,1155,854.1700281344388,-2939.7334448348743,174.08792933638438,812.0929793193964,-529.6449669487798,-853.935887956778,1950.9956574389064,-3790.859060039301,-729.5975188280098
2026-04-20 22:13:42.681,1156,855.8465123298613,-2941.943142510672,174.5461746323602,813.4773123514117,-530.6137320389714,-854.8592518522673,1951.8834216876442,-3794.9140555657295,-730.9293376557877
2026-04-20 22:13:42.693,1157,857.0118823247957,-2944.6626003677447,174.49346984383254,814.8702991952409,-531.5740027758945,-855.7722781514333,1953.5367340781556,-3798.202281189779,-731.4933630632548
2026-04-20 22:13:42.707,1158,857.8883785095751,-2947.671887913256,174.15036942897515,816.7274813517398,-532.0723598505105,-856.2255493876282,1955.632312254831,-3801.0467149537826,-731.612991828273
2026-04-20 22:13:42.715,1159,858.4996917627457,-2950.948410799869,173.5393714186856,817.1895764650133,-533.9656408480863,-858.0731377081776,1957.2851435721177,-3804.3345401956235,-732.175692925726
2026-04-20 22:13:42.729,1160,859.3790375503459,-2953.957733497745,173.19337038898306,818.112950356751,-535.3970696790867,-859.4579708712807,1958.172530438333,-3808.389013619403,-733.5069444734156
2026-04-20 22:13:42.737,1161,860.6464872111558,-2956.578637890948,173.23619346954519,819.2675752009777,-536.5986282975686,-860.6123930039474,1959.3826404204817,-3812.1193299919087,-734.5161207409874
2026-04-20 22:13:42.749,1162,861.7905126253999,-2959.321538918653,173.157776159593,820.6682970450239,-537.5552956382509,-861.523551447685,1961.0358855433435,-3815.4048269070577,-735.0804408120636
2026-04-20 22:13:42.757,1163,862.5454065730883,-2962.4517327641984,172.6907405954963,822.2913792718215,-538.2902133854883,-862.2126377721976,1962.1438565523943,-3819.234021386515,-736.1886371545202
2026-04-20 22:13:42.769,1164,863.0559665754463,-2965.8261033783397,171.9805411263945,823.4482936367548,-539.4924523273885,-863.3693740925246,1963.846744732323,-3822.468834442495,-736.7031019950819
2026-04-20 22:13:42.781,1165,864.0773516062419,-2968.6906523780144,171.78181280085963,824.6079400587012,-540.6964555532808,-864.5289309436776,1965.228224196665,-3826.026659669396,-737.5406815246027
2026-04-20 22:13:42.789,1166,865.0985895960466,-2971.555542952435,171.58267457876218,825.5442931783484,-542.1237190652563,-865.9105629260032,1967.1044702344918,-3829.089727520294,-737.8853892297094
2026-04-20 22:13:42.801,1167,866.3642047815359,-2974.1752625014647,171.62697584108273,826.4812068394235,-543.5516160478012,-867.2932972012974,1969.4737022947709,-3831.6589133864472,-737.7353587033474
2026-04-20 22:13:42.810,1168,867.5077353023273,-2976.917573105616,171.54874325926946,827.4136646811023,-544.9839472699852,-868.6812615712423,1972.3372991817694,-3833.7330575931796,-737.092497234258
2026-04-20 22:13:42.822,1169,868.528299021029,-2979.7809963166515,171.35136937025646,829.0422947219586,-545.7211789847984,-869.3727220962819,1974.163823395888,-3836.8452978211953,-737.4875271164622
2026-04-20 22:13:42.831,1170,869.4018664785651,-2982.788774368262,171.01048399988227,830.4343170397425,-546.6952314308111,-870.3011700994821,1977.0769348783224,-3838.8707224787163,-736.7937834794888
2026-04-20 22:13:42.843,1171,870.3976033881053,-2985.6744926715883,170.79154216075466,830.9035346444715,-548.5939069891167,-872.1548757188876,1979.1248510838655,-3841.7615620103034,-736.9661283966932
2026-04-20 22:13:42.857,1172,871.0070034830529,-2988.9458672120218,170.18219123375522,832.0678052065596,-549.7957304625585,-873.3098414747294,1980.506756336028,-3845.317800456879,-737.8042451035844
2026-04-20 22:13:42.865,1173,871.7606251151745,-2992.074385412991,169.7175481933878,833.4679010742351,-550.7597628576134,-874.2274689721596,1982.3833219232856,-3848.379954360468,-738.1498540250092
2026-04-20 22:13:42.878,1174,872.5148188852579,-2995.2044315755434,169.25238562890559,835.0956064478526,-551.4964412396951,-874.9184214517347,1983.0497963755856,-3852.6510079022623,-739.7046162684627
2026-04-20 22:13:42.887,1175,873.4129885969547,-2998.1887611755496,168.9334873289856,836.495678813495,-552.4622300031957,-875.8351657680104,1983.7160019100554,-3856.9205110698736,-741.2584614085081
2026-04-20 22:13:42.899,1176,874.8210333330094,-3000.662228474959,169.12354351576207,837.1951618852745,-554.1278862123357,-877.4512364571139,1985.048116309521,-3860.52206185565,-742.1462454283555
2026-04-20 22:13:42.907,1177,875.8417321073464,-3003.525269238356,168.92391492389538,837.6587973704737,-556.0299974676561,-879.3053348752792,1987.1947262602987,-3863.308907395501,-742.2211085114614
2026-04-20 22:13:42.919,1178,876.8629661792838,-3006.3887780431587,168.72400502206682,838.3542121701721,-557.7004140180193,-880.9278743871437,1988.0831055871395,-3867.355515953867,-743.5540224166314
2026-04-20 22:13:42.927,1179,877.350695528586,-3009.784312100757,167.99206659415964,839.9890070699836,-558.4332441623645,-881.6151663152855,1988.97185076711,-3871.404056309067,-744.8875134894548
2026-04-20 22:13:42.940,1180,878.7599098016658,-3012.2581926262246,168.18011596639082,841.3960224490535,-559.394030218169,-882.5307766290335,1989.860205179945,-3875.4540986825127,-746.2201771432735
2026-04-20 22:13:42.953,1181,880.4127650787627,-3014.487002963372,168.61218391480833,842.7983108910796,-560.359548562477,-883.450679381706,1991.0687232570754,-3879.1809945351943,-747.228723138986
2026-04-20 22:13:42.961,1182,881.1667715799052,-3017.6149488196065,168.14632944937975,843.966487601484,-561.5622890958838,-884.6106964810931,1992.1772012287302,-3883.0062860829457,-748.3374187040921
2026-04-20 22:13:42.974,1183,882.4543697358971,-3020.2118274707755,168.21158358846142,844.9022175343626,-562.9975864990645,-886.0029039858425,1993.8303368044312,-3886.288108791765,-748.9051523920858
2026-04-20 22:13:42.984,1184,883.5976253262647,-3022.9527635034697,168.13398214409477,846.0778085698211,-564.1900079033558,-887.1527570090165,1995.7062758735005,-3889.3475410520327,-749.2510805549302
2026-04-20 22:13:43.002,1185,884.4736522950127,-3025.9594649036885,167.79037231917374,847.2442951477034,-565.3906876460871,-888.3109365462961,1997.1371194873113,-3892.8513909123176,-750.039952723662
2026-04-20 22:13:43.010,1186,884.5956194795848,-3029.7218573914465,166.69075881768404,848.6474679420257,-566.3547924727911,-889.232551120657,1998.2466341385887,-3896.6776347914497,-751.1495170358733
2026-04-20 22:13:43.023,1187,886.5166162523552,-3031.686741904045,167.38975727383607,849.5820181279946,-567.7886173846223,-890.6232769051293,1999.676908744637,-3900.182429281087,-751.9359755701631
2026-04-20 22:13:43.037,1188,887.1487861611952,-3034.9379661893913,166.80388192859613,851.4529044080472,-568.286738899614,-891.080488514031,2000.6139243367784,-3904.1819201259837,-753.2159824513998
2026-04-20 22:13:43.046,1189,888.022992788937,-3037.943180399009,166.46273198867536,852.3844446814614,-569.7255526743398,-892.4777173161224,2002.4878035386648,-3907.2453655554123,-753.5581921936915
2026-04-20 22:13:43.061,1190,888.8960633337525,-3040.9482217702157,166.1223281242977,854.0239358665119,-570.45628420482,-893.1692881079096,2003.8681563702344,-3910.803278990605,-754.3943636160445
2026-04-20 22:13:43.069,1191,889.5031533098087,-3044.2182192597384,165.51555186580794,855.8985326721026,-570.9532229701405,-893.6288421901086,2005.2991584535241,-3914.3106598567815,-755.1797308739604
2026-04-20 22:13:43.083,1192,890.6432075281837,-3046.9556198014716,165.4397209142559,856.8368581233494,-572.3884633471846,-895.0267682811483,2007.394620116268,-3917.153346122193,-755.299712738789
2026-04-20 22:13:43.091,1193,891.6629626351257,-3049.8150613179264,165.2404645580889,858.4830283032746,-573.1161782803468,-895.7154075561127,2009.2169690510718,-3920.2689567276357,-755.6917969692116
2026-04-20 22:13:43.105,1194,892.6613767128662,-3052.6962908019623,165.01845823696388,859.1876385741887,-574.7857837681842,-897.3465189165211,2010.5967016225968,-3923.8278902670645,-756.5267620112202
2026-04-20 22:13:43.119,1195,894.1923231000936,-3055.0463597453636,165.32651011423664,860.8284223336781,-575.5209655088765,-898.0444404642275,2012.1466505673163,-3927.2173634506985,-757.1906923123535
2026-04-20 22:13:43.130,1196,895.7237385770075,-3057.397408892076,165.63557484798187,861.5308514453325,-577.1961174088525,-899.6839055733966,2013.9680234378663,-3930.3359122248266,-757.5817100841682
2026-04-20 22:13:43.143,1197,896.4776690408144,-3060.524850327356,165.1699333528033,862.4720574432223,-578.6347297543105,-901.0873639047746,2015.1261183994188,-3934.1188595828094,-758.6366617834304
2026-04-20 22:13:43.152,1198,897.3756035428644,-3063.507165272958,164.85058317374285,863.6505566757914,-579.8401866508929,-902.2581872474598,2016.7786513640308,-3937.4086779881154,-759.1980997216201
2026-04-20 22:13:43.166,1199,898.0064378207013,-3066.752991986554,164.2669120763246,864.5976286844806,-581.2778783710316,-903.661706197517,2018.3793758992742,-3940.7497867291463,-759.8102911079359
2026-04-20 22:13:43.175,1200,899.0247048739702,-3069.6119382753814,164.0705052582904,866.0143246036267,-582.2454007307724,-904.5945677836701,2021.5140719495369,-3942.556200837732,-758.88857721637
2026-04-20 22:13:43.189,1201,900.0192709114017,-3072.4957415292856,163.85144024792828,866.7230983272904,-583.9234541370188,-906.236768130811,2022.8945352492713,-3946.117319980655,-759.7237716605359
2026-04-20 22:13:43.204,1202,900.6257237380559,-3075.7680300808665,163.24533121595522,868.3729391131254,-584.6636509145508,-906.9383611094013,2024.000905320722,-3949.9498901191937,-760.8299121912983
2026-04-20 22:13:43.212,1203,901.3769043298927,-3078.896199856233,162.7842398440147,870.0418940813875,-585.3846849546214,-907.6203654440661,2024.885306236782,-3954.00310207375,-762.1565784729837
2026-04-20 22:13:43.226,1204,902.6624275955547,-3081.491271130681,162.85634084224506,871.216624533725,-586.6012293048802,-908.7954137433567,2025.770341059672,-3958.0575235370047,-763.4839858181755
2026-04-20 22:13:43.235,1205,903.9246386203789,-3084.110800893044,162.90419232888266,872.6263501786307,-587.5839466146838,-909.7351323718045,2027.5936244138077,-3961.1744147974923,-763.8758962924016
2026-04-20 22:13:43.250,1206,904.6554098476314,-3087.2625834784953,162.41701052780834,873.5758837021369,-589.0291169733714,-911.1381417863855,2028.7019795897015,-3965.005989387894,-764.9840219468396
2026-04-20 22:13:43.258,1207,905.1423048967465,-3090.6588948289,161.68674238468063,874.7609087120368,-590.2398380712673,-912.3057036566086,2030.3539593045243,-3968.2918966440393,-765.5464878230207
2026-04-20 22:13:43.273,1208,906.5287595673393,-3093.1579941592445,161.8540163477909,875.7077986743892,-591.6913974719839,-913.7156449999329,2031.9548410837165,-3971.627667283673,-766.1602562668888
2026-04-20 22:13:43.281,1209,907.4277033805429,-3096.144477536902,161.53455327933517,876.1871999819951,-593.6093104647143,-915.5924494106039,2032.8921202538158,-3975.6282511263844,-767.4401726778773
2026-04-20 22:13:43.294,1210,908.0599941153588,-3099.3971987632517,160.94831902719798,877.1381187556522,-595.0571906334301,-916.9988730666017,2034.4929845504291,-3978.9635198782626,-768.054016950905
2026-04-20 22:13:43.309,1211,908.836634259337,-3102.503679794817,160.5080837353396,878.7977679362408,-595.7983380083177,-917.6981238029997,2035.599127018686,-3982.792860146382,-769.1610454310248
2026-04-20 22:13:43.317,1212,909.2012187148525,-3106.0209666879923,159.65727212906762,879.2738532986513,-597.7234276332844,-919.5821681368761,2037.9114503724481,-3985.4149881493718,-769.0577252510698
2026-04-20 22:13:43.330,1213,909.954373783649,-3109.149611929037,159.19408581758807,880.4666859759001,-598.9327397442945,-920.7503171186393,2039.33913604664,-3988.92007980652,-769.8354685227978
2026-04-20 22:13:43.338,1214,911.2184803617042,-3111.7680695740464,159.23871469212042,881.4153677958557,-600.3860666887284,-922.1635232586667,2040.6612859394663,-3992.5309922220326,-770.7170983930671
2026-04-20 22:13:43.352,1215,911.8513339218076,-3115.0189144304977,158.64950727246338,882.6005848021032,-601.6054563143421,-923.3407791108707,2041.1016243513031,-3997.0230388431096,-772.477784273615
2026-04-20 22:13:43.360,1216,912.4831865185023,-3118.2682093697626,158.06194193284557,883.7861987913672,-602.8264610383408,-924.5175365757422,2041.7615792672923,-4001.2953141638745,-774.017797078355
2026-04-20 22:13:43.373,1217,913.1147160904623,-3121.5179030122986,157.47558752164394,884.9806953866889,-604.0383510558004,-925.6855730205102,2042.8628633705173,-4005.1268001788208,-775.1186390353631
2026-04-20 22:13:43.387,1218,914.2567936832746,-3124.2589208043964,157.3992815387492,886.4003803212014,-605.025791254431,-926.6316410093023,2044.7321243850483,-4008.190140431629,-775.4554771472806
2026-04-20 22:13:43.394,1219,915.9094463637689,-3126.490269031341,157.83311408235443,887.5963214422603,-606.2374929035165,-927.8049476393377,2046.6524124176758,-4011.2000518743357,-775.7410960044999
2026-04-20 22:13:43.526,1220,916.4195475312466,-3129.8634477796227,157.12616123861483,889.2625027339208,-606.9787306249704,-928.5082534738333,2047.0931853909633,-4015.6890698825764,-777.5047095599567
2026-04-20 22:13:43.534,1221,917.4170034416701,-3132.749053730979,156.90536328285472,890.6889272634005,-607.9618704982942,-929.452733935764,2048.689241181007,-4019.0248045475814,-778.1143885678295
2026-04-20 22:13:43.543,1222,918.9474193562343,-3135.1024517126402,157.21770036226022,891.6412615828837,-609.4189941359053,-930.8716668845705,2050.7276678016533,-4021.918505165338,-778.2831555815518
2026-04-20 22:13:43.551,1223,919.457492447032,-3138.476317755178,156.5108830585219,893.0632226710351,-610.4062713250817,-931.8195225888006,2051.442029815109,-4026.137202531743,-779.7788300732581
2026-04-20 22:13:43.560,1224,920.4776040891606,-3141.3403210106394,156.31472346467834,894.4858952631708,-611.3935615813027,-932.7677942338445,2053.091884991149,-4029.421079982374,-780.3392084525074
2026-04-20 22:13:43.569,1225,921.3519759336633,-3144.3509137699107,155.97385153159382,895.6794180240017,-612.6094613073739,-933.9462524107315,2053.9758723987393,-4033.4711273948137,-781.6654188388745
2026-04-20 22:13:43.579,1226,922.1058839939072,-3147.483594813311,155.51032295740515,896.8683075819648,-613.8281067816395,-935.1277865388879,2055.1323555672384,-4037.249279757829,-782.7192530432627
2026-04-20 22:13:43.587,1227,923.9044112709887,-3149.57206792359,156.0905301991875,897.8242187041094,-615.2797559593571,-936.5441765268661,2056.5607381463387,-4040.753423583712,-783.4991666033735
2026-04-20 22:13:43.596,1228,924.2707834464912,-3153.0945512526996,155.23574808855548,898.3025477495075,-617.2101185386664,-938.4397771673302,2057.495934777085,-4044.7508384701237,-784.7729692722897
2026-04-20 22:13:43.605,1229,925.0263669327015,-3156.229267181462,154.76865523176764,899.7395046000289,-618.1796117260395,-939.3751921394629,2058.873579328327,-4048.3063417186418,-785.6058397494002
2026-04-20 22:13:43.614,1230,926.5823081714302,-3158.5631918956865,155.10202833946266,900.9286831147951,-619.3962834177893,-940.5568679146152,2059.8087231757427,-4052.302680395368,-786.8809386519539
2026-04-20 22:13:43.624,1231,927.0706532107,-3161.9643492714226,154.3692457257651,902.5944878507247,-620.1351982512975,-941.2608563958024,2061.2368269166636,-4055.805468364215,-787.6621401208703
2026-04-20 22:13:43.637,1232,929.137783969882,-3163.787648450498,155.21601803998524,903.3054317772117,-621.8291372815225,-942.919964580255,2063.328015747074,-4058.6465949030153,-787.7804444156749
2026-04-20 22:13:43.647,1233,929.7708026606128,-3167.045152687691,154.62959759562563,904.9692638197656,-622.5685104407478,-943.6227205550847,2064.263961752341,-4062.6450869517494,-789.0573589338126
2026-04-20 22:13:43.658,1234,930.7698164904456,-3169.9371016734276,154.40869932799447,906.3965253188238,-623.5452110082548,-944.5622533139857,2065.915187501719,-4065.929634355664,-789.6199425086963
2026-04-20 22:13:43.667,1235,931.6474270394053,-3172.9521391053513,154.065139362956,907.5866458274868,-624.7593170318955,-945.7368497479649,2066.851345769443,-4069.9294587771974,-790.8971639698102
2026-04-20 22:13:43.678,1236,932.6706923141187,-3175.8236662405743,153.86662445127433,909.2558222285214,-625.4924539537237,-946.4293259671962,2069.166095274032,-4072.5515178727387,-790.7951443477427
2026-04-20 22:13:43.688,1237,933.3044917380048,-3179.0849084063216,153.27903171907406,909.7278329698635,-627.4234224650984,-948.3175820654013,2070.051582968174,-4076.6039315752632,-792.1233723166723
2026-04-20 22:13:43.698,1238,934.4504729599548,-3181.834915217069,153.20193382102755,910.9130319294114,-628.6420446556665,-949.4947582284072,2071.6524669235555,-4079.941388364226,-792.7368652969985
2026-04-20 22:13:43.707,1239,935.985917816743,-3184.1950262622113,153.51447724591628,911.3861244261734,-630.57370598342,-951.3864167947938,2073.4736370356345,-4083.0584780640615,-793.1278748308063
2026-04-20 22:13:43.717,1240,936.4983119123842,-3187.580663435583,152.80138576141536,912.3409623770553,-632.0259963670395,-952.7984616932556,2073.9157443207887,-4087.5542510533573,-794.896824500469
2026-04-20 22:13:43.727,1241,937.5229713609722,-3190.453960609072,152.6004586405215,913.7684435522452,-633.0057856408279,-953.7357599742493,2074.79932057364,-4091.607348149991,-796.2224275419262
2026-04-20 22:13:43.736,1242,937.8910755118534,-3193.9845143531325,151.7411224594942,914.9549175062359,-634.2272783755797,-954.9138941799223,2076.228731631976,-4095.1150778046663,-797.0030102903664
2026-04-20 22:13:43.746,1243,938.3812966616467,-3197.3933918905727,151.00540675338485,916.6251162897049,-634.9678389182941,-955.611136402054,2077.658602177316,-4098.623601699774,-797.7841047963293
2026-04-20 22:13:43.755,1244,939.0165749702675,-3200.6583414829815,150.41421426598006,917.5773278087961,-636.4280443333317,-957.0290085127775,2078.8158896842756,-4102.404975966869,-798.8383818487599
2026-04-20 22:13:43.764,1245,940.4320652265731,-3203.144052625701,150.60235108670375,918.7657298777816,-637.6498945956587,-958.2091714900037,2080.6364387967787,-4105.522195478962,-799.2289391272453
2026-04-20 22:13:43.773,1246,940.8002932323491,-3206.679571776066,149.74262952234997,920.1939153594471,-638.6294665647614,-959.147201318499,2081.571860224533,-4109.5234197659565,-800.5025271602913
2026-04-20 22:13:43.783,1247,941.4370315148004,-3209.948052309315,149.148877678125,921.1489559246277,-640.0835045214868,-960.558345392146,2082.4548036008155,-4113.576902308338,-801.827278689109
2026-04-20 22:13:43.792,1248,942.5881693503306,-3212.703112173655,149.0673975225928,922.5819835202111,-641.060125306787,-961.49252529979,2084.32508372662,-4116.643786803585,-802.1641163267708
2026-04-20 22:13:43.801,1249,943.4724107218289,-3215.7256614145444,148.71647923431433,923.771139258356,-642.2823755310951,-962.6735420562361,2086.909580205461,-4118.9950117265225,-801.7869070455088
2026-04-20 22:13:43.810,1250,944.5015633384528,-3218.605507442031,148.50875040259515,924.7229241078378,-643.7423124493776,-964.0906306850004,2087.572655860579,-4123.2677368001605,-803.3338945926441
2026-04-20 22:13:43.819,1251,945.4069981069815,-3221.609210824828,148.1779539895415,925.9110615135495,-644.9668544228884,-965.2699630070025,2088.950200849197,-4126.825661489536,-804.1667986975037
2026-04-20 22:13:43.829,1252,946.41580387943,-3224.5085326894905,147.95043262205903,926.862202482607,-646.4277699014058,-966.6853997908422,2091.092833626116,-4129.616721523556,-804.232730052013
2026-04-20 22:13:43.838,1253,947.3010900555057,-3227.530218199417,147.5991679819029,927.8138648527473,-647.8887905649331,-968.1006399406333,2092.5217143327063,-4133.123172058148,-805.0131620385233
2026-04-20 22:13:43.848,1254,948.3099886469676,-3230.4269733938186,147.37198919617566,929.2398612250181,-648.8760745112195,-969.0439175749535,2094.1198057898227,-4136.461251325031,-805.6237927537337
2026-04-20 22:13:43.858,1255,949.0722707040632,-3233.5705066138335,146.8952634226011,930.67135721054,-649.8581543343795,-969.983643519245,2095.77003934658,-4139.748271978367,-806.1830507935648
2026-04-20 22:13:43.867,1256,949.8348334057356,-3236.7151378600106,146.418264683371,931.6247205101796,-651.3205647786433,-971.4032380510989,2098.0837625772197,-4142.37272540143,-806.079546199383
2026-04-20 22:13:43.879,1257,950.5977831508942,-3239.8597696402594,145.94038290287594,932.8152092210752,-652.546343666031,-972.5852911368224,2099.7342710983094,-4145.660610053795,-806.6387502082684
2026-04-20 22:13:43.888,1258,951.0942167167599,-3243.2714218122173,145.1950771797267,934.4856114804279,-653.2935840324695,-973.2891025130663,2101.1646582132985,-4149.1704135389045,-807.4205503206708
2026-04-20 22:13:43.899,1259,953.1527838580247,-3245.1202520114884,146.01438901235593,936.150266671208,-654.0454730718393,-973.9961046821766,2102.3230319034124,-4152.953256533094,-808.4761328368343
2026-04-20 22:13:43.908,1260,953.7915816227735,-3248.389150341477,145.41397009613274,937.3456966736074,-655.2677246020377,-975.1734058707558,2104.1978677045463,-4156.020604870879,-808.8169571150329
2026-04-20 22:13:43.919,1261,954.4298410261445,-3251.6584065524958,144.81384610241716,938.7701016367231,-656.2618084719903,-976.1228352515195,2105.3567620534877,-4159.8044494581245,-809.8732594102681
2026-04-20 22:13:43.927,1262,955.4407874627343,-3254.555534301858,144.58481487478716,940.6735163649806,-656.7763039471671,-976.593210723238,2105.7998433764465,-4164.304843822569,-811.6461190606865
2026-04-20 22:13:43.938,1263,956.2049590705791,-3257.6995095584857,144.10611628698283,941.8661920166645,-658.0023923484141,-977.7769057346283,2106.687469318714,-4168.362441901335,-812.9772758971599
2026-04-20 22:13:43.949,1264,956.8448140209315,-3260.968240072531,143.50039532576963,943.7883463393406,-658.4981622745804,-978.2319452160415,2108.1202533434084,-4171.873665475988,-813.7629048566324
2026-04-20 22:13:43.958,1265,956.9692301127316,-3264.7513476663903,142.3800231680619,944.2637040248442,-660.4403130349104,-980.1332818558767,2109.058571767703,-4175.880274384042,-815.0444477799343
2026-04-20 22:13:43.970,1266,957.7517281091829,-3267.880359106578,141.9133388868541,945.4539124234057,-661.6641299853246,-981.3152435301771,2110.9356516370894,-4178.948781683639,-815.3875907390035
2026-04-20 22:13:43.981,1267,959.0158997895614,-3270.526865382699,141.9303926231646,946.4027569394772,-663.1302753864428,-982.7389020142036,2112.317724466922,-4182.511715875075,-816.2242420903698
2026-04-20 22:13:43.992,1268,960.6873389488012,-3272.7664403088775,142.3557287444607,947.831326629364,-664.1177143683625,-983.6842752967802,2114.91026486694,-4184.86518434059,-815.8494139845623
2026-04-20 22:13:44.002,1269,961.4527195109557,-3275.913832111715,141.87358287022,949.0185596707332,-665.3478631108835,-984.8719258178384,2117.4517176274057,-4187.270132433674,-815.5255384917884
2026-04-20 22:13:44.013,1270,961.702275469616,-3279.5767193270976,140.87592838108867,949.973530968913,-666.8123504379978,-986.2943029900312,2119.8229789732045,-4189.845432351324,-815.3726622901853
2026-04-20 22:13:44.024,1271,962.4675470964756,-3282.7222327509826,140.39381056394348,951.8928827503564,-667.3138790397664,-986.7524081212208,2120.266514666989,-4194.345976053551,-817.1462274357403
2026-04-20 22:13:44.032,1272,963.1085604291123,-3285.9929574243683,139.78593323691345,953.086729211722,-668.5426246885866,-987.937455821532,2121.375846231906,-4198.1806684065505,-818.2552886816004
2026-04-20 22:13:44.042,1273,963.7500904470031,-3289.265312606182,139.1764360838941,954.2757232278066,-669.7761389641008,-989.1266401612625,2123.2512730139647,-4201.248229471236,-818.5971128986727
2026-04-20 22:13:44.051,1274,965.29973921467,-3291.6309591432437,139.47519410917243,955.4662950715096,-671.0096698296882,-990.3175693187532,2124.4099550753185,-4205.031135125756,-819.6535722142935
2026-04-20 22:13:44.061,1275,966.7085110255864,-3294.137729404747,139.63288318839906,956.1855614473461,-672.7156712727522,-991.9810528396183,2126.0118774406556,-4208.372297916347,-820.2672454865693
2026-04-20 22:13:44.070,1276,967.8661373171697,-3296.8944747360015,139.54161338871015,956.6663163567148,-674.6600793382237,-993.8836667769879,2127.392369417068,-4211.9358924883345,-821.1020711289235
2026-04-20 22:13:44.080,1277,968.4894966482645,-3300.1842824276537,138.91868372980136,958.3442525825147,-675.408149727247,-994.5910013025168,2129.2681688462108,-4215.005142815894,-821.4433832072211
2026-04-20 22:13:44.091,1278,968.7390363520516,-3303.847601710043,137.9202412835522,958.825693633169,-677.354653665349,-996.4979920630401,2129.7120983337363,-4219.5077240775845,-823.2192033115009
2026-04-20 22:13:44.100,1279,969.2550045024527,-3307.244283880477,137.1878562997052,960.0215770082046,-678.5895884837178,-997.6942606058749,2132.084575909899,-4222.08295252149,-823.0673268240463
2026-04-20 22:13:44.110,1280,970.1467397380121,-3310.2666142798003,136.8291182188205,961.2228486719454,-679.8212171367654,-998.8878557921621,2133.2455460475776,-4225.869623139768,-824.1269805660993
2026-04-20 22:13:44.121,1281,970.5222371518555,-3313.804557158717,135.9527639967569,962.4316188651975,-681.0441277004109,-1000.0747139026062,2134.628342661118,-4229.43476440745,-824.9643780244203
2026-04-20 22:13:44.132,1282,971.290257091171,-3316.9513701237624,135.46734914454686,963.3935660951054,-682.5145460751986,-1001.5091738132954,2135.29453900793,-4233.718150282191,-826.5186504910978
2026-04-20 22:13:44.139,1283,972.1843976068758,-3319.973616470571,135.105034824226,964.3595338585128,-683.9812113139931,-1002.9402283044224,2136.6269573491377,-4237.336358874947,-827.4068006382713
2026-04-20 22:13:44.152,1284,972.8270844528378,-3323.2459985538517,134.492879670288,965.3212928843317,-685.4511093251389,-1004.3741497923917,2137.735776785357,-4241.1750259467235,-828.515658822508
2026-04-20 22:13:44.161,1285,973.2033605132891,-3326.7849343746498,133.61508872741783,966.2830038836449,-686.9198939583669,-1005.8077285440502,2139.117610215326,-4244.740301800967,-829.3512963649054
2026-04-20 22:13:44.175,1286,974.0972435377739,-3329.8083405053444,133.25396705662988,967.4914259978176,-688.1429817849732,-1006.9943716254552,2141.4891395607374,-4247.31600258784,-829.1981853503532
2026-04-20 22:13:44.187,1287,975.2425778324579,-3332.5809650167957,133.14323740450965,968.6925531950998,-689.3732549065528,-1008.1882775100999,2143.31423249865,-4250.437721951941,-829.5903448580976
2026-04-20 22:13:44.196,1288,975.8859134618762,-3335.8554405951922,132.52820901757138,970.3757380568393,-690.1206238835537,-1008.8991117687835,2145.412159881337,-4253.286262671604,-829.7096419728836
2026-04-20 22:13:44.208,1289,977.8309914402319,-3337.8290115752925,133.21434827529808,970.8546850992103,-692.0737876298491,-1010.8151943804622,2146.5717686787916,-4257.072980447105,-830.7663455834173
2026-04-20 22:13:44.216,1290,978.3482516331737,-3341.2293011987776,132.47496954941286,971.5739198873588,-693.7885702065813,-1012.4929399505671,2147.50929593407,-4261.081442703916,-832.0437375628379
2026-04-20 22:13:44.229,1291,979.2575509885702,-3344.238219566321,132.12750173000057,972.2975414172679,-695.5024956820608,-1014.1693825295372,2148.837581877445,-4264.6985437982385,-832.9292679337235
2026-04-20 22:13:44.239,1292,980.0106556435048,-3347.4019851262406,131.62520604441644,973.50273080626,-696.737463858546,-1015.3675224308796,2149.723527942257,-4268.759377217537,-834.2577058714635
2026-04-20 22:13:44.254,1293,981.0446893061056,-3350.284137309407,131.40515754811855,974.9454621353356,-697.7378162410745,-1016.3296312972918,2150.6599638625294,-4272.767169588297,-835.5320955636499
2026-04-20 22:13:44.267,1294,981.8121963759933,-3353.4331856073177,130.91948123590242,976.8691004205929,-698.258071627503,-1016.8105975128432,2151.3756772896973,-4276.996749217257,-837.0276789345822
2026-04-20 22:13:44.277,1295,982.1879966776205,-3356.9751993326718,130.0423112914848,978.0759557610511,-699.4965356316088,-1018.0090990561616,2154.1871465676595,-4279.13090937246,-836.4288766538061
2026-04-20 22:13:44.289,1296,983.864759529747,-3359.2166037395154,130.4661091470406,979.28458705952,-700.7376674628051,-1019.2095639871349,2155.735845132069,-4282.528656521089,-837.0928033384672
2026-04-20 22:13:44.297,1297,984.2412941668863,-3362.7606464738587,129.58719908506012,980.0070711400775,-702.4655973933483,-1020.895330099114,2158.05134001685,-4285.160315350563,-836.9873493441803
2026-04-20 22:13:44.308,1298,984.6184381474905,-3366.306743236595,128.7073301993001,980.9755170300501,-703.9489837037896,-1022.3376149872992,2159.2084145710246,-4288.950352702259,-838.0385055664511
2026-04-20 22:13:44.316,1299,985.1218410096324,-3369.728734593636,127.95198924340713,981.9425713509744,-705.4379901435373,-1023.787037496547,2160.365005872082,-4292.740344175139,-839.0880573316489
2026-04-20 22:13:44.328,1300,986.0020310192365,-3372.774751976387,127.57477267501646,983.3975553338493,-706.4414952837448,-1024.750628227063,2162.9506814535303,-4295.100097220997,-838.7065623253878
2026-04-20 22:13:44.342,1301,986.2530364780687,-3376.447996288925,126.56988521655354,985.1025845193487,-707.1952407082302,-1025.4652381716216,2164.3269943861146,-4298.668885922288,-839.5342636597619
2026-04-20 22:13:44.351,1302,987.4141044683261,-3379.2103799767574,126.47613346069576,986.5670444258546,-708.1910984311219,-1026.422114078579,2166.250624572639,-4301.689554523243,-839.8126265540311
2026-04-20 22:13:44.363,1303,988.1826731025437,-3382.364333816397,125.99089306982052,988.2677119360512,-708.9518840326047,-1027.1455268074064,2167.4600044617127,-4305.425506491245,-840.8068671630333
2026-04-20 22:13:44.372,1304,988.4337515030288,-3386.03666319399,124.98734013381944,989.7272037094946,-709.95525168614,-1028.1121340139307,2168.5629359691957,-4309.268337769811,-841.9097124808691
2026-04-20 22:13:44.389,1305,988.6851736727351,-3389.708507918303,123.98218463960905,991.1900695360993,-710.9556334506566,-1029.0755874466704,2170.3804131275606,-4312.3970324276115,-842.2971851152887
2026-04-20 22:13:44.398,1306,989.4398845177844,-3392.878609296392,123.4778745777288,991.9222523224623,-712.6889466055919,-1030.7703737873173,2171.4836686952967,-4316.241611825277,-843.4002176832653
2026-04-20 22:13:44.411,1307,990.211132483413,-3396.032581692877,122.9878491424923,993.1445103912472,-713.9331582149745,-1031.9773130242497,2173.6310200112393,-4319.0435202995395,-843.4617438407345
2026-04-20 22:13:44.425,1308,991.5015323091181,-3398.6676052437238,123.015126173555,993.8808151965524,-715.6630587141508,-1033.6717182381167,2174.514475670332,-4323.110175814709,-844.7872406920998
2026-04-20 22:13:44.434,1309,992.020392768161,-3402.0737773499754,122.271702007359,995.1067381108695,-716.9028252808481,-1034.875932584026,2175.39773450887,-4327.1777000485845,-846.1121435006477
2026-04-20 22:13:44.446,1310,992.9175415383588,-3405.100602381268,121.90690136085783,996.3316892338345,-718.1417731941171,-1036.0797075629687,2177.2173589779354,-4330.3097630823595,-846.49980632075
2026-04-20 22:13:44.454,1311,994.2207970462254,-3407.720516935807,121.94873528204333,997.7915390034146,-719.1443058054473,-1037.0471757837945,2178.3751529224774,-4334.104780532894,-847.5503690181464
2026-04-20 22:13:44.466,1312,995.2318916193437,-3410.63395938514,121.69603983733785,999.4910999505388,-719.9081303121387,-1037.7753704656072,2179.5328648217364,-4337.900092742939,-848.6011181048764
2026-04-20 22:13:44.475,1313,995.3584487089726,-3414.4332768845375,120.55794592169894,1000.462057051741,-721.4002591849036,-1039.2316903678372,2180.857808228316,-4341.529408977647,-849.4840908218455
2026-04-20 22:13:44.487,1314,996.5225097521934,-3417.1939177485297,120.45817680759943,1001.4374247400445,-722.8910379297413,-1040.6861391819007,2182.2896275402572,-4345.050172752064,-850.2582643261924
2026-04-20 22:13:44.494,1315,997.2935583533153,-3420.3459418338875,119.96741300922706,1002.169942399002,-724.6249504239108,-1042.3818198352647,2183.1714793565243,-4349.119266068125,-851.5815611090394
2026-04-20 22:13:44.507,1316,997.545766610978,-3424.017167305073,118.95828495660415,1003.8825093729596,-725.3808332040431,-1043.0994195026005,2184.7682974852833,-4352.472386851211,-852.1884959981459
2026-04-20 22:13:44.520,1317,998.9617603409899,-3426.525860528166,119.11226035206964,1005.3415005444652,-726.39048522248,-1044.072003381681,2185.8711275727715,-4356.320266257724,-853.2912326306935
2026-04-20 22:13:44.529,1318,1000.3918923644442,-3429.0211050061143,119.28035763996516,1006.3138197469964,-727.8871058027621,-1045.5308104715323,2187.0277447905314,-4360.114502842474,-854.3397613440324
2026-04-20 22:13:44.541,1319,1001.0241387875778,-3432.3149667662656,118.64816112691173,1007.7788650549141,-728.8898682329312,-1046.4949174088977,2188.6792034938735,-4363.414356173863,-854.8927969530855
2026-04-20 22:13:44.550,1320,1002.3146547794619,-3434.9506705451436,118.67525488178975,1009.2397336683345,-729.8979253115623,-1047.4622263196215,2190.2761621460527,-4366.767295703997,-855.4993997794431
2026-04-20 22:13:44.562,1321,1003.4785969698397,-3437.7132561399853,118.57662238978256,1010.2111801892764,-731.3963218494181,-1048.9196296181383,2193.136461108946,-4368.856186203774,-854.8404806091374
2026-04-20 22:13:44.571,1322,1004.2495565286356,-3440.867701727534,118.0857582682216,1010.9402481522577,-733.1372907138135,-1050.6206952126968,2194.0718310413267,-4372.869846182257,-856.1069845001977
2026-04-20 22:13:44.584,1323,1005.679089476987,-3443.362773393716,118.2544654287234,1012.1575657978593,-734.3872627073619,-1051.829757373048,2195.943712609629,-4375.947980754785,-856.4397933839559
2026-04-20 22:13:44.597,1324,1006.3095921101387,-3446.6565002385933,117.62390298620309,1013.3751547497656,-735.637027352032,-1053.039262536873,2197.8694822864027,-4378.9720125628155,-856.7181932866607
2026-04-20 22:13:44.606,1325,1006.8279823037009,-3450.0606973628846,116.88099985764752,1013.6218194866678,-737.8584298960435,-1055.2205486443704,2198.8055641470446,-4382.98750537792,-857.987397726575
2026-04-20 22:13:44.619,1326,1007.7256308806504,-3453.085505021524,116.51518427398543,1015.5736288863567,-738.3760398105919,-1055.6982615069103,2200.6248102066543,-4386.120697654628,-858.3746694837421
2026-04-20 22:13:44.627,1327,1008.4977760712894,-3456.238379940702,116.02186619095785,1017.7745623181677,-738.6453637688847,-1055.9302702952102,2202.7197779289218,-4388.978876118654,-858.4882103236822
2026-04-20 22:13:44.641,1328,1009.9165608631582,-3458.74533058806,116.1737973603453,1019.2345114389419,-739.6562617796267,-1056.904073414542,2204.5392672103617,-4392.112712989212,-858.8755537767158
2026-04-20 22:13:44.651,1329,1011.6133889709522,-3460.9734580234303,116.60260174802023,1020.4541949637163,-740.9068286081966,-1058.1162997473161,2205.918576846962,-4395.68782110161,-859.7056050787128
2026-04-20 22:13:44.665,1330,1012.3870434532563,-3464.1253086710985,116.10528281513336,1021.6738171267853,-742.1576383991909,-1059.329186340296,2208.068768267161,-4398.4927774372045,-859.7673218707647
2026-04-20 22:13:44.678,1331,1012.7680665882317,-3467.6696592092235,115.21593811717761,1022.1605497995223,-744.1413209909248,-1061.275879498156,2210.44124734302,-4401.0759940048665,-859.6091962039999
2026-04-20 22:13:44.686,1332,1013.8076688101305,-3470.55735800397,114.98435342334095,1023.3813891470131,-745.3914994825294,-1062.489027431107,2212.592851019948,-4403.880332133487,-859.673575435676
2026-04-20 22:13:44.699,1333,1014.4544523657419,-3473.838493783978,114.36114045263476,1024.365687474702,-746.877759275157,-1063.9384018873727,2214.19670072139,-4407.232528341595,-860.2859660043954
2026-04-20 22:13:44.706,1334,1014.9743543658296,-3477.2474141456128,113.61034632373841,1026.0759532995785,-747.6391968201887,-1064.660563656549,2216.2959169396436,-4410.09045169489,-860.4025266945492
2026-04-20 22:13:44.719,1335,1015.6103605077509,-3480.5422639119256,112.97324576858655,1026.8059022124148,-749.3814779925593,-1066.3633487680422,2217.9522135649295,-4413.392315689641,-860.9622475882642
2026-04-20 22:13:44.728,1336,1015.6103605077509,-3484.4754900259195,111.69755671126791,1028.2743593631117,-750.3875152512791,-1067.3293442057823,2218.8918850734135,-4417.41303048338,-862.2405864486734
2026-04-20 22:13:44.741,1337,1016.3867348777827,-3487.6339642050907,111.19731084047757,1029.0136869748037,-752.1261677768383,-1069.028394474454,2219.5572046460497,-4421.70832694757,-863.792927227346
2026-04-20 22:13:44.755,1338,1017.4181499779396,-3490.5372821984633,110.95253977615825,1029.9931831406316,-753.6255252112455,-1070.4877635540242,2220.9401444537666,-4425.286283708516,-864.6270039678129
2026-04-20 22:13:44.764,1339,1017.6726791400723,-3494.216020081907,109.93447845476335,1030.7333590568564,-755.3665844673711,-1072.1880441187639,2222.3231638222187,-4428.8623946665275,-865.4612366690492
2026-04-20 22:13:44.777,1340,1018.4367286259622,-3497.3864881601344,109.42502718244211,1031.4656118854655,-757.1167922224946,-1073.896644900066,2223.2629063450913,-4432.883251968047,-866.7409242137319
2026-04-20 22:13:44.787,1341,1020.1261880524322,-3499.632405520203,109.84249336723505,1032.6904878580197,-758.375483091611,-1075.1136226553529,2224.6469609098817,-4436.459902092062,-867.5764468985702
2026-04-20 22:13:44.801,1342,1021.0404392166402,-3502.6533733966926,109.48477892516945,1033.1873573925754,-760.363090031618,-1077.0590633905194,2225.9786452183725,-4440.089034020871,-868.4646039535965
2026-04-20 22:13:44.810,1343,1021.2948727315319,-3506.3354055266154,108.46673214421517,1034.173053657819,-761.8623970529522,-1078.517011008942,2227.361443089285,-4443.666506444197,-869.2990622956844
2026-04-20 22:13:44.825,1344,1022.2095900148579,-3509.3577322128867,108.10807168137212,1034.906532766939,-763.6137733007014,-1080.2281169396915,2228.965500027962,-4447.021463194758,-869.9113164084764
2026-04-20 22:13:44.832,1345,1022.9739823940902,-3512.5302689759283,107.59826245365643,1035.640531853699,-765.3649395385446,-1081.9399323634882,2229.8518862178203,-4451.094945829733,-871.2412233546293
2026-04-20 22:13:44.846,1346,1023.623208847716,-3515.8185271551,106.9712134115304,1036.619168085838,-766.8722715756096,-1083.406894515871,2231.9531032071427,-4453.953562890886,-871.3579056417084
2026-04-20 22:13:44.862,1347,1024.793523081263,-3518.584391285992,106.86372861792648,1037.1074304411059,-768.868038627539,-1085.360413205295,2233.505505901964,-4457.360033964488,-872.023230211239
2026-04-20 22:13:44.871,1348,1025.8374217594987,-3521.479455884118,106.62713169473406,1038.576664861467,-769.8835963495608,-1086.3329199198984,2234.001240583218,-4461.822504978714,-873.7445589538058
2026-04-20 22:13:44.886,1349,1026.8809580998088,-3524.3741136429435,106.39121275549405,1040.0521687536889,-770.8955382754317,-1087.3024154345321,2235.553067778596,-4465.229316328266,-874.4095619466478
2026-04-20 22:13:44.895,1350,1027.0089433879052,-3528.183906507444,105.23981419727208,1041.2733270186316,-772.1619983686587,-1088.5237124505873,2237.9270536298127,-4467.813105020173,-874.2517869082369
2026-04-20 22:13:44.909,1351,1027.904192193353,-3531.228486574484,104.85574021097857,1042.2486194651658,-773.6727940639533,-1089.9871159880884,2239.087731586647,-4471.610640735417,-875.3071126663882
2026-04-20 22:13:44.917,1352,1028.4149453514062,-3534.6583506079196,104.08938177205403,1042.9851196819038,-775.4229930159538,-1091.6903585461598,2240.24789824526,-4475.407802593072,-876.3618884087509
2026-04-20 22:13:44.934,1353,1028.9246984347023,-3538.088505985946,103.32462172148064,1043.725648280195,-777.1670002743709,-1093.3873839166008,2241.852999227359,-4478.761327146141,-876.9753875074382
2026-04-20 22:13:44.947,1354,1029.828167791437,-3541.1236371566133,102.95425521315082,1045.1918845350797,-778.184248633454,-1094.3569407316845,2243.237113455984,-4482.3366633257065,-877.8111120021834
2026-04-20 22:13:44.955,1355,1030.476010640369,-3544.4125312505453,102.33131235937488,1046.9005407425873,-778.959965951155,-1095.081751639695,2245.0640040217454,-4485.468789018766,-878.2028495784166
2026-04-20 22:13:44.969,1356,1031.1103794780588,-3547.7140603082335,101.6969531310696,1048.3755272232079,-779.9696456739874,-1096.0386259869704,2246.2252367378924,-4489.266211876752,-879.2600984089645
2026-04-20 22:13:44.977,1357,1031.237239604889,-3551.5229231300996,100.55553984371939,1049.5965703889237,-781.2338374008933,-1097.2489304145097,2247.881980497669,-4492.568134211004,-879.8205584264231
2026-04-20 22:13:44.992,1358,1032.5443177811073,-3554.150036873692,100.5964893187041,1050.5682176250266,-782.748984074483,-1098.7066785560987,2248.821264101149,-4496.588874559873,-881.0985721669068
2026-04-20 22:13:45.000,1359,1033.0507339161034,-3557.577811142463,99.83682107630334,1052.0488750668767,-783.7557914482761,-1099.654422846078,2250.0345303510567,-4500.334480372121,-882.1009368791723
2026-04-20 22:13:45.014,1360,1033.5565156978116,-3561.0062306673954,99.0781175981952,1053.2689940874616,-785.0225188389836,-1100.8628626508005,2251.4686678371177,-4503.8574035353395,-882.8799345941057
2026-04-20 22:13:45.029,1361,1034.0620238802394,-3564.436305923168,98.32005239594493,1054.7324347646368,-786.0464560855293,-1101.8290451429525,2252.8483617043125,-4507.433454305984,-883.7107160953112
2026-04-20 22:13:45.038,1362,1034.4405110836956,-3567.992647487605,97.43749070365237,1055.9541302389414,-787.3147134499967,-1103.039221468792,2253.732871546522,-4511.505321250843,-885.0376629098117
2026-04-20 22:13:45.054,1363,1035.3371778343533,-3571.0293142753294,97.07556662640249,1056.446526940663,-789.3139304515129,-1104.9807738097834,2255.5538597147815,-4514.639581322785,-885.4254298444436
2026-04-20 22:13:45.064,1364,1037.3035905978704,-3572.9956850098074,97.78367293637005,1058.1505222083404,-790.1035125243275,-1105.7112808332502,2257.2060040799097,-4517.940837674507,-885.9786341896695
2026-04-20 22:13:45.083,1365,1038.073871542577,-3576.1573535385746,97.29755018946682,1058.6375383215122,-792.1117038077659,-1107.6595934235866,2258.5826070235835,-4521.516536031104,-886.8054747399531
2026-04-20 22:13:45.092,1366,1038.5922564382356,-3579.5691602432976,96.56216925536502,1059.3735954497859,-793.8700025053292,-1109.3572475943686,2259.9591930144184,-4525.0929219838445,-887.6320932283867
2026-04-20 22:13:45.111,1367,1039.3615551096661,-3582.729809175199,96.0777239733699,1060.8582615638802,-794.8800711006397,-1110.3065107975465,2261.3354993961057,-4528.6682421386095,-888.458739814766
2026-04-20 22:13:45.119,1368,1040.6498920804408,-3585.372926140034,96.1107956651519,1062.094314597926,-796.1402567431958,-1111.5065897082316,2262.4917717074604,-4532.464304159551,-889.5063219813545
2026-04-20 22:13:45.134,1369,1042.331496418044,-3587.6227675187374,96.53703265796754,1063.0690799766219,-797.6623812326834,-1112.968432542019,2264.6928893834215,-4535.215171659352,-889.5078161629452
2026-04-20 22:13:45.151,1370,1042.9757341939355,-3590.909946991944,95.92580016518187,1064.5436587496306,-798.6845903237739,-1113.9318218957442,2265.573641322981,-4539.286793621112,-890.8290402398665
2026-04-20 22:13:45.160,1371,1043.7454685428354,-3594.072570025346,95.44047281192253,1065.2809383093424,-800.4442013403642,-1115.6328187858362,2267.0048604883436,-4542.808441490257,-891.5998924078986
2026-04-20 22:13:45.175,1372,1044.5144971709792,-3597.2348234585884,94.95673841398805,1066.5055467801778,-801.7165395751426,-1116.845282296434,2268.3813678632023,-4546.384423597756,-892.4263923513115
2026-04-20 22:13:45.183,1373,1045.1580734306497,-3600.522475546398,94.34828662362531,1067.2373434231367,-803.4829187056237,-1118.5528031914416,2269.2629503566022,-4550.454754540975,-893.7486699665828
2026-04-20 22:13:45.201,1374,1045.927511972766,-3603.6854583507443,93.86391359158532,1067.96994445861,-805.2508870966695,-1120.261953185087,2270.364654160311,-4554.303993354725,-894.8504627851459
2026-04-20 22:13:45.334,1375,1047.3590169430374,-3606.1880601524394,94.03868965846779,1070.1723800624607,-805.5483519004833,-1120.5001413553734,2271.0251100783053,-4558.593685106919,-896.3912793285625
2026-04-20 22:13:45.343,1376,1048.7905836134191,-3608.691046368034,94.21362757024058,1071.648084852025,-806.5727626474807,-1121.4642421301744,2273.445862596674,-4561.123854602574,-896.1726271387469
2026-04-20 22:13:45.352,1377,1049.954292489411,-3611.462369109692,94.12100232144508,1072.6242490106663,-808.0972889314965,-1122.9287891971744,2274.8217770254396,-4564.699100863347,-896.9988120041878
2026-04-20 22:13:45.361,1378,1051.2442425497632,-3614.107074979412,94.15343146901647,1074.0938126506899,-809.1283637135646,-1123.8984815907747,2275.5368193325285,-4568.934423147595,-898.4844457267927
2026-04-20 22:13:45.370,1379,1052.6758642591558,-3616.609572406577,94.32826945192429,1075.5633481370494,-810.159927245018,-1124.8682408180207,2276.747258843315,-4572.6753387344115,-899.4754641940334
2026-04-20 22:13:45.380,1380,1053.5883379509678,-3619.631559273258,93.98427124514716,1076.0578839288344,-812.1688454197717,-1126.8144473192483,2278.342787271222,-4576.031087739431,-900.0810239396085
2026-04-20 22:13:45.390,1381,1054.3582116147688,-3622.7953293894825,93.49916287112967,1076.7899329334118,-813.940557323931,-1128.5237846826747,2280.213968665437,-4579.111016462994,-900.4115672528847
2026-04-20 22:13:45.400,1382,1054.735008088651,-3626.3521852326867,92.6205056611348,1078.506612458023,-814.7304202138782,-1129.2507203381492,2281.3684402435897,-4582.90595979267,-901.4565163795872
2026-04-20 22:13:45.410,1383,1055.506100446242,-3629.516826769486,92.13341991994335,1079.9848642342818,-815.7585582420264,-1130.2146691859014,2282.303387165716,-4586.920043115042,-902.7212079894776
2026-04-20 22:13:45.421,1384,1056.545061472237,-3632.413702141383,91.91361115730794,1080.7179032437512,-817.5327580223719,-1131.9245497540146,2283.9536763979568,-4590.220248569967,-903.2721956538253
2026-04-20 22:13:45.430,1385,1057.1904813101426,-3635.7048466451006,91.29984931132444,1081.9465983138382,-818.8126605498001,-1133.1404692575668,2285.824586193103,-4593.301519467175,-903.6026749460661
2026-04-20 22:13:45.440,1386,1057.710090780211,-3639.122968508477,90.56014535913683,1082.4417574817078,-820.8265902854272,-1135.090626553424,2286.5394831223166,-4597.537211322016,-905.0866861511099
2026-04-20 22:13:45.450,1387,1058.104034478602,-3642.6685170028086,89.69302672290476,1084.1664915484025,-821.6128550848757,-1135.8116747364045,2287.9136358975393,-4601.1134725482025,-905.9103392393095
2026-04-20 22:13:45.459,1388,1058.4823478976357,-3646.2304555443975,88.81013877760296,1085.4075290634833,-822.880642196789,-1137.0123065348055,2289.286652058363,-4604.689167143822,-906.7328952596401
2026-04-20 22:13:45.469,1389,1059.5223905394234,-3649.1297539219104,88.58955481714844,1086.384211674823,-824.411467009599,-1138.4766289506815,2290.6049239751105,-4608.319298637897,-907.6110329756142
2026-04-20 22:13:45.479,1390,1059.7743652646332,-3652.817278179182,87.58165662200439,1088.3446543955433,-824.9600659921214,-1138.9582105277768,2292.142464851824,-4611.730367242427,-908.2699329493713
2026-04-20 22:13:45.489,1391,1060.6729394515721,-3655.859295253988,87.21928898890934,1090.0694444973767,-825.7457325493392,-1139.679187012033,2293.459927240293,-4615.361293170122,-909.1483563446228
2026-04-20 22:13:45.498,1392,1061.7128563513725,-3658.7586604639996,86.99829479035819,1090.8043179375973,-827.523538495889,-1141.3932451549458,2294.776648030569,-4618.993675179768,-910.0262004270304
2026-04-20 22:13:45.507,1393,1061.8389920075165,-3662.5701393205327,85.86383987222308,1091.5454483378778,-829.2946370500215,-1143.101078113673,2296.3125720271278,-4622.407668777107,-910.6843093837059
2026-04-20 22:13:45.516,1394,1063.004952489542,-3665.3416054150143,85.76844171438086,1093.5111015017578,-829.840281255332,-1143.5848054319079,2297.1895080473123,-4626.479630624896,-911.9995399014642
2026-04-20 22:13:45.526,1395,1063.9034907762764,-3668.37956005742,85.40487312333194,1094.2465225112035,-831.6167615679108,-1145.3010485923369,2298.9985125354483,-4629.617478868764,-912.3811154871636
2026-04-20 22:13:45.535,1396,1065.0692607961112,-3671.148209795234,85.30775133415925,1095.4735200714908,-832.9038175485376,-1146.5275150276325,2300.9205710725714,-4632.642621217392,-912.6490230082078
2026-04-20 22:13:45.545,1397,1065.7009982047612,-3674.451188789267,84.67568467520682,1096.7049447789707,-834.1840677899135,-1147.7470770628825,2302.567148371994,-4635.9432097578965,-913.1926822871021
2026-04-20 22:13:45.554,1398,1066.474039896659,-3677.612910783573,84.18364205673227,1097.4466586478713,-835.9552187187687,-1149.4575098503153,2304.650593745606,-4638.805065378029,-913.2976392450764
2026-04-20 22:13:45.564,1399,1068.0323530519343,-3679.9866164015843,84.47892510144325,1097.4466586478713,-838.4693883734436,-1151.9105634447112,2306.020386152672,-4642.38077332876,-914.1161634425575
2026-04-20 22:13:45.573,1400,1069.464508320243,-3682.4860535672797,84.64751642415558,1098.4332501578322,-839.9950265743614,-1153.375521007157,2307.6658857673897,-4645.681751727231,-914.6582853200952
2026-04-20 22:13:45.581,1401,1070.8976895688743,-3684.9858094894817,84.81434518133975,1099.9084108141699,-841.0303736942762,-1154.3488490071475,2309.473120941227,-4648.82106783253,-915.0386747939694
2026-04-20 22:13:45.591,1402,1071.9376470183051,-3687.879711231562,84.58789059577634,1101.6337021076854,-841.8151635183153,-1155.070312557165,2311.1758249964823,-4652.065091171473,-915.5236394161659
2026-04-20 22:13:45.599,1403,1073.0916744185329,-3690.660401891436,84.47419248154192,1102.6122801177119,-843.3469353508913,-1156.5382365076464,2312.0510938836387,-4656.136771366943,-916.8366025865909
2026-04-20 22:13:45.609,1404,1074.513237417044,-3693.174599662346,84.62687922712436,1103.8482830425032,-844.6203779188019,-1157.7493555763936,2314.6856487348846,-4658.448726879544,-916.3888530971476
2026-04-20 22:13:45.618,1405,1075.1481750972725,-3696.476535745124,83.99204920247581,1105.329119269324,-845.6480174296831,-1158.716789309997,2315.560339115879,-4662.520612450057,-917.701070558929
2026-04-20 22:13:45.628,1406,1075.7959265342251,-3699.7648923591037,83.36999947793718,1106.5530051804205,-846.9330807770455,-1159.9416016801374,2316.654825424584,-4666.373633124,-918.795221532545
2026-04-20 22:13:45.638,1407,1077.0905547152129,-3702.404591948977,83.39535922743731,1107.5378930787629,-848.457221638205,-1161.4030216113974,2318.024005890297,-4669.950385940284,-919.6125700783357
2026-04-20 22:13:45.646,1408,1077.7373580676742,-3705.691257996603,82.7740165487581,1109.2571514246374,-849.2475959646533,-1162.1308649709867,2319.8296421187433,-4673.090380790793,-919.9921022347028
2026-04-20 22:13:45.657,1409,1078.903051346726,-3708.4572071560165,82.67480428205734,1109.9980223199816,-851.0169396689834,-1163.8386574523745,2321.4173750575446,-4676.449253108253,-920.5906890403786
2026-04-20 22:13:45.666,1410,1079.6748679583952,-3711.6165914788608,82.183465049385,1111.4782399924811,-852.0463468419081,-1164.8036621841154,2323.005435696326,-4679.806656590707,-921.1894498083493
2026-04-20 22:13:45.677,1411,1080.446250678454,-3714.7751188373113,81.69352052510347,1112.7069305655602,-853.3266506880219,-1166.0188341711396,2324.3176618428447,-4683.439563978683,-922.0643455461334
2026-04-20 22:13:45.685,1412,1081.0780477589924,-3718.073744809236,81.06196836349869,1113.690353969409,-854.850943811446,-1167.477813391882,2325.4684510224274,-4687.233663247102,-923.1009308671219
2026-04-20 22:13:45.696,1413,1081.8493004339675,-3721.232415023686,80.57167187442943,1114.6737249089235,-856.3739282655732,-1168.9368520907346,2327.882905404231,-4689.762497837517,-922.8722301514057
2026-04-20 22:13:45.710,1414,1082.604301826801,-3724.4057961289127,80.06835528041906,1115.6509422803078,-857.9035925150692,-1170.4026291917837,2329.745448637974,-4692.843531538588,-923.1938720370857
2026-04-20 22:13:45.720,1415,1083.1230442482913,-3727.8156367536917,79.32940278865557,1117.1235178484444,-858.9375656437272,-1171.3735039174087,2332.102034900419,-4695.430994163373,-923.021037643791
2026-04-20 22:13:45.731,1416,1083.6417480053728,-3731.2265206726356,78.5898494532509,1118.870325774861,-859.695176611406,-1172.0685282358686,2334.676395685174,-4697.8006072748785,-922.6291096007798
2026-04-20 22:13:45.739,1417,1084.5376310541833,-3734.260790003481,78.22816460585037,1120.097359868957,-860.972220767398,-1173.282750577595,2335.9847464742534,-4701.435963020005,-923.5010250347768
2026-04-20 22:13:45.751,1418,1085.4322310437115,-3737.2953766284713,77.86831445200102,1121.073861605365,-862.5009483123481,-1174.7480209599057,2338.615652841992,-4703.748614439206,-923.0487420948666
2026-04-20 22:13:45.760,1419,1086.058458768144,-3740.598725914952,77.24203346417833,1121.8185399379981,-864.2609739739752,-1176.4435507825729,2339.487223925096,-4707.821010185751,-924.3558246143642
2026-04-20 22:13:45.770,1420,1086.7019200604207,-3743.8851220336646,76.63271173435555,1123.0513537017505,-865.532768507293,-1177.6507266470105,2340.851452640752,-4711.398497340267,-925.1665164244747
2026-04-20 22:13:45.781,1421,1087.5783454207515,-3746.940223928197,76.25718338577367,1124.7850302214113,-866.3028737026384,-1178.3574910085804,2341.938000240386,-4715.252857469985,-926.2531134518484
2026-04-20 22:13:45.790,1422,1087.9715903413924,-3750.4790947917377,75.3993823650757,1125.530136185571,-868.0623936403522,-1180.0536496240977,2342.58994048167,-4719.5428564876,-927.7745128144714
2026-04-20 22:13:45.801,1423,1089.6689290468926,-3752.7123100046174,75.84748073520724,1126.751013831355,-869.3475986950673,-1181.2745881917233,2344.171312360484,-4722.9044678038,-928.3671245403194
2026-04-20 22:13:45.810,1424,1091.471381214635,-3754.8394400725942,76.40257249066906,1127.9710375995205,-870.6347713162667,-1182.4946740040727,2345.040815976467,-4726.977172104549,-929.67101647816
2026-04-20 22:13:45.821,1425,1092.2385303676008,-3758.0016253732506,75.92266852857855,1129.6858911743886,-871.4282227972591,-1183.2199109802968,2346.40460720234,-4730.554867972865,-930.481213314372
2026-04-20 22:13:45.831,1426,1093.255586084388,-3760.9125883849038,75.69155880147578,1130.1738536295884,-873.4479813691987,-1185.1714203991735,2348.480680798536,-4733.4209060877765,-930.5804879663983
2026-04-20 22:13:45.842,1427,1093.7730749612138,-3764.321976696638,74.96197325178339,1131.646732743954,-874.4850797941592,-1186.1425020507072,2350.00259216848,-4736.840571411052,-931.2326355249235
2026-04-20 22:13:45.851,1428,1095.075134993171,-3766.945093978407,75.01904378084481,1132.875685214802,-875.7675001113201,-1187.3583956824018,2351.3657613266637,-4740.417220395034,-932.0421637632036
2026-04-20 22:13:45.862,1429,1095.6992048407717,-3770.2472475517707,74.39556532889901,1133.860492027793,-877.2949592400988,-1188.818894375677,2353.0056767121846,-4743.716936054227,-932.5756761110882
2026-04-20 22:13:45.874,1430,1096.8589816521817,-3773.0133086649566,74.3067389835338,1135.3425546915284,-878.3265350520877,-1189.7846402539517,2353.9344043418214,-4747.728547628389,-933.8207392296363
2026-04-20 22:13:45.882,1431,1098.786565199201,-3775.0119340489728,74.98479684793223,1136.32159522684,-879.8604373074622,-1191.2537086464176,2355.297539456652,-4751.304005744849,-934.6299211498578
2026-04-20 22:13:45.893,1432,1099.6965984618332,-3778.0279272146972,74.64605101930788,1137.7959390381382,-880.8985373023929,-1192.2256147284922,2357.6471315241993,-4753.891161176908,-934.4518807489574
2026-04-20 22:13:45.902,1433,1100.981075467516,-3780.6691242356505,74.68212997844287,1139.2766265517096,-881.9300014971478,-1193.191030978909,2359.16895382301,-4757.306986467422,-935.1042835998184
2026-04-20 22:13:45.912,1434,1102.7997836669806,-3782.7744284642918,75.25569456073374,1140.2619175533346,-883.4574622379122,-1194.6518210686927,2360.039204778186,-4761.375958714755,-936.409797789802
2026-04-20 22:13:45.921,1435,1103.4212475307313,-3786.076535716601,74.63363739110841,1141.2471993739273,-884.9848177568192,-1196.1135313748816,2361.1867747059423,-4765.169547113981,-937.4406360045467
2026-04-20 22:13:45.932,1436,1103.937655882634,-3789.483010218499,73.90864299002823,1142.7216147454733,-886.0228019028531,-1197.0852817815357,2363.264290720253,-4768.0334438253485,-937.5414862539462
2026-04-20 22:13:45.943,1437,1104.8264466567946,-3792.5177507311264,73.55604027225976,1143.706107324042,-887.5496492510945,-1198.5447661983553,2364.135999445633,-4772.103630470866,-938.8489891959694
2026-04-20 22:13:45.952,1438,1105.3225868312843,-3795.9452636635574,72.81160159046446,1145.1726232927572,-888.5942314196907,-1199.522611347547,2365.7784097519343,-4775.402317566067,-939.3864023585024
2026-04-20 22:13:45.963,1439,1106.5825789166984,-3798.60872625597,72.83229947004256,1146.6404538138481,-889.6386435105975,-1200.5007997371433,2367.5810588059203,-4778.541724932338,-939.7645562359887
2026-04-20 22:13:45.972,1440,1107.222742475317,-3801.8924707276396,72.23310413031636,1148.3575573412854,-890.4335348079883,-1201.2270298303115,2369.2241834631623,-4781.841410246003,-940.3032797485267
2026-04-20 22:13:45.983,1441,1108.3798451769899,-3804.6593322407984,72.15016487028022,1150.0817192403067,-891.2215116479531,-1201.946524529856,2370.3724257528465,-4785.635673143842,-941.3359768976064
2026-04-20 22:13:45.992,1442,1109.5374685033967,-3807.4264221000726,72.06516666251885,1151.547008962473,-892.2694349832385,-1202.9235141207,2371.7382631906876,-4789.211804323282,-942.1495236731289
2026-04-20 22:13:46.002,1443,1110.3030652494322,-3810.5857868467638,71.58614168906695,1152.5225992180658,-893.8052009696435,-1204.385927109735,2372.609655177733,-4793.282374410675,-943.456739021516
2026-04-20 22:13:46.014,1444,1111.8542736085171,-3812.960178680493,71.89210555697747,1153.742369246439,-895.0976179348381,-1205.6051825700176,2373.974823799116,-4796.858531762794,-944.269058651182
2026-04-20 22:13:46.022,1445,1112.7460627869968,-3815.996013772981,71.53664336649246,1154.9772104756744,-896.3751219616995,-1206.8112325455095,2375.5591777028353,-4800.216598593774,-944.865219321184
2026-04-20 22:13:46.033,1446,1112.870801946524,-3819.799129459571,70.4138002438753,1155.9605157953529,-897.9038289405669,-1208.2685163216363,2377.2020110571398,-4803.516792145767,-945.4033185183239
2026-04-20 22:13:46.041,1447,1113.906109996087,-3822.6916401331323,70.20043655112636,1156.9505652638866,-899.4245989725085,-1209.7179016520288,2379.0637571444495,-4806.598897311612,-945.7237250663011
2026-04-20 22:13:46.052,1448,1114.6921365455935,-3825.8355779852272,69.73568314922065,1158.4357779593913,-900.451037907625,-1210.6718982336072,2380.1544488036384,-4810.451262704042,-946.8143539320556
2026-04-20 22:13:46.061,1449,1115.2107860359638,-3829.2491668671214,69.00055006066883,1158.9304882033196,-902.4664447579382,-1212.6142852073453,2381.520468124361,-4814.027865439749,-947.6277944173244
2026-04-20 22:13:46.074,1450,1115.7299778146523,-3832.6645463582668,68.2633376914337,1159.4174307442045,-904.4875126642391,-1214.5617084888686,2382.392446175672,-4818.098578500795,-948.9357939036518
2026-04-20 22:13:46.084,1451,1115.9810226752052,-3836.3471889784973,67.25930773103242,1160.3916421404483,-906.0225574209477,-1216.0229167610175,2383.758609912806,-4821.674994879255,-949.7490868137926
2026-04-20 22:13:46.096,1452,1117.0190775725118,-3839.242734824427,67.04119668473864,1162.1041745702519,-906.8197910389042,-1216.746495976182,2386.3314808716777,-4824.044322707754,-949.3564433891878
2026-04-20 22:13:46.108,1453,1117.5380181784453,-3842.657735594762,66.30330635732264,1162.8500398407944,-908.5846726657156,-1218.4383292170025,2387.4213361584652,-4827.896550468957,-950.4464913887244
2026-04-20 22:13:46.116,1454,1118.308403966638,-3845.820926209745,65.81671190992553,1163.0938781780617,-910.8533089905267,-1220.6330502287421,2389.5583848881956,-4830.70212853946,-950.4903751766706
2026-04-20 22:13:46.128,1455,1118.952909819267,-3849.1096312484888,65.20499139782304,1164.083631251541,-912.3752528910812,-1222.0808785408753,2390.924986791071,-4834.277625254039,-951.304717653344
2026-04-20 22:13:46.138,1456,1119.849501179555,-3852.1462793620312,64.84343623958425,1165.0587288892543,-913.914044682218,-1223.5440375992905,2392.0733533670827,-4838.071030983842,-952.336771211717
2026-04-20 22:13:46.150,1457,1120.2274478674717,-3855.7021226794395,63.96201177575028,1166.2775691180257,-915.2103958632771,-1224.7630219352252,2393.2215024788115,-4841.864342314356,-953.3686605765844
2026-04-20 22:13:46.160,1458,1121.3921028648545,-3858.4714710842295,63.86664035855902,1167.4962652303482,-916.5067607646613,-1225.9815841401053,2394.864180352846,-4845.163332982718,-953.9071992858342
2026-04-20 22:13:46.173,1459,1121.643883331134,-3862.15324743962,62.85970621984674,1168.7232364365252,-917.796485492893,-1227.1924537015957,2396.665387801227,-4848.302608668792,-954.2843654992187
2026-04-20 22:13:46.186,1460,1122.1488128802653,-3865.583573740165,62.102460527259,1169.949892698273,-919.0858841184867,-1228.403360926885,2397.753626907128,-4852.154064229702,-955.3727777092049
2026-04-20 22:13:46.195,1461,1123.0481594560072,-3868.6208306705416,61.737584590987765,1171.4212602294078,-920.1318328800443,-1229.371050116644,2399.6707628156564,-4855.176998416289,-955.631561614308
2026-04-20 22:13:46.210,1462,1123.9472338727703,-3871.6593694948397,61.373100881280386,1172.4053330754675,-921.6649573176404,-1230.8276055438032,2401.687199841587,-4858.100679518485,-955.790093394718
2026-04-20 22:13:46.219,1463,1124.846494107458,-3874.6985927137066,61.009005303876684,1173.3962315198714,-923.1899855235843,-1232.275672831072,2403.2689509780325,-4861.45989708788,-956.3838068456138
2026-04-20 22:13:46.231,1464,1126.8017072193004,-3876.6827119590703,61.699170724891964,1175.3627515660803,-923.7395996171033,-1232.748007162931,2404.8507163437307,-4864.820326453006,-956.9774335431422
2026-04-20 22:13:46.240,1465,1127.8423441250716,-3879.5812955580086,61.476218048084995,1176.3455829330305,-925.2712769870033,-1234.2028263126542,2406.1557374306362,-4868.458762251125,-957.8475714783274
2026-04-20 22:13:46.251,1466,1128.883010164916,-3882.47983426267,61.252853012125136,1176.8331551915555,-927.2987209046848,-1236.152837921331,2407.737737700571,-4871.820353197457,-958.4407691160245
2026-04-20 22:13:46.264,1467,1130.317880486884,-3884.984898062832,61.42345290147992,1177.572197973461,-929.0761723696544,-1237.8516181952173,2407.955334265554,-4876.5479036276665,-960.3996837231161
2026-04-20 22:13:46.273,1468,1131.216639785465,-3888.025812297809,61.059796934293466,1178.8160698212741,-930.3519275875456,-1239.0483356183636,2409.3204683006256,-4880.129092719925,-961.210810825721
2026-04-20 22:13:46.285,1469,1132.3834415357278,-3890.800209325312,60.964155809094606,1179.816233486169,-931.8727660625435,-1240.4897616870571,2410.6851169858833,-4883.709601944417,-962.0209900428582
2026-04-20 22:13:46.295,1470,1133.55091980647,-3893.5749375131018,60.868445688513575,1181.5492198285847,-932.6607232677001,-1241.198152988404,2412.0488210878743,-4887.289804531633,-962.8306104879182
2026-04-20 22:13:46.307,1471,1133.6773061831,-3897.392410815543,59.730719829413765,1182.7703084493016,-933.9604448303822,-1242.418917112746,2413.5690601664637,-4890.713392998217,-963.4821769079921
2026-04-20 22:13:46.316,1472,1135.633787493436,-3899.3792698693596,60.42373651207625,1184.2445580483763,-935.0089646203473,-1243.3886374249641,2414.715323542533,-4894.5121604682345,-964.5085890621618
2026-04-20 22:13:46.328,1473,1136.6606951156361,-3902.2954565400078,60.18520004351589,1184.9935197539164,-936.7833887894114,-1245.0835817570364,2415.6440907495735,-4898.527318029075,-965.7514443545978
2026-04-20 22:13:46.343,1474,1137.7028181768646,-3905.198185590371,59.960165395359454,1185.9873778564845,-938.3140598143078,-1246.5347137749357,2417.719062477295,-4901.396574281826,-965.8486761822473
2026-04-20 22:13:46.352,1475,1138.4784758084388,-3908.3697417972726,59.466047313595524,1187.210195112502,-939.6163949806644,-1247.7572831907003,2420.2294949735588,-4903.831047635936,-965.5116232189235
2026-04-20 22:13:46.366,1476,1139.2404823819618,-3911.5549591555837,58.95771395398298,1188.693459427587,-940.6590187301463,-1248.7196282561536,2421.594392843231,-4907.411837443504,-966.3229383441055
2026-04-20 22:13:46.375,1477,1141.0590197906492,-3913.683706945077,59.50755389934597,1189.4272757817644,-942.451247263906,-1250.4316782117294,2422.7427032166856,-4911.211243191959,-967.3531947490798
2026-04-20 22:13:46.387,1478,1141.975356878927,-3916.7146602758535,59.15494282505599,1189.9168564567447,-944.487627785901,-1252.3894947572671,2424.544796448081,-4914.35810791861,-967.7299512741396
2026-04-20 22:13:46.396,1479,1142.8785907320475,-3919.759036637516,58.78717613339233,1190.8960284203338,-946.0360661959032,-1253.8583864392053,2425.4756917192544,-4918.3768702477455,-968.9786897928843
2026-04-20 22:13:46.408,1480,1144.1754848969033,-3922.407485584402,58.81414188502487,1191.882923756706,-947.5767403524768,-1255.3188345178735,2427.0613071194994,-4921.742360708732,-969.5742939785922
2026-04-20 22:13:46.416,1481,1144.809959480182,-3925.7186638762964,58.179509210953235,1192.8702295594126,-949.1179511927406,-1256.7795827051623,2428.210497820032,-4925.544176826386,-970.6057696735568
2026-04-20 22:13:46.429,1482,1145.3316105104004,-3929.1429472949226,57.43122466502425,1194.3541624391514,-950.161849325606,-1257.7411357834858,2429.6369159994138,-4929.069177986027,-971.3597944382357
2026-04-20 22:13:46.442,1483,1146.5027673087845,-3931.918618170959,57.330091830880114,1196.0911509882567,-950.954040754877,-1258.4500746081287,2431.442130511593,-4932.216359171959,-971.7377185830701
2026-04-20 22:13:46.450,1484,1146.6301195536707,-3935.738308095271,56.184125202737725,1197.3150049064113,-952.2606066956679,-1259.6737695153033,2432.374459456355,-4936.237781501473,-972.9905438381704
2026-04-20 22:13:46.463,1485,1147.6739021068859,-3938.640816069775,55.95647846777995,1199.0526067803398,-953.0526778377399,-1260.38255126915,2434.182595075763,-4939.384596868138,-973.369955627096
2026-04-20 22:13:46.473,1486,1148.0553442230496,-3942.2053229831654,55.06633254962213,1200.0480118823425,-954.5870123444571,-1261.8339673787189,2436.268868366968,-4942.2537782056625,-973.4732946114611
2026-04-20 22:13:46.487,1487,1149.2254870574643,-3944.9809315382104,54.96608790669301,1202.0230807028438,-955.1414024234,-1262.3072514455387,2437.91644914363,-4945.559836790015,-974.0154704165387
2026-04-20 22:13:46.495,1488,1150.2687164325866,-3947.8842643895364,54.73964387525942,1203.736035243522,-955.9564797462035,-1263.0414597806937,2438.792447498017,-4949.638437369125,-975.3296781173551
2026-04-20 22:13:46.509,1489,1151.2999021077972,-3950.8001442812374,54.4974418094569,1205.2215087492941,-956.9999882695151,-1264.0051374027921,2440.2214120333642,-4953.164155848241,-976.0910667541143
2026-04-20 22:13:46.527,1490,1151.948806318728,-3954.0959526556853,53.87417908237597,1206.6911633186294,-958.0588735091229,-1264.9847508319206,2441.154931604846,-4957.185431150793,-977.3477280181995
2026-04-20 22:13:46.535,1491,1152.991720304615,-3956.9967386383687,53.646266430461196,1208.1773366420975,-959.1019730999238,-1265.9492968614609,2443.574725799602,-4959.719822350009,-977.1184906147256
2026-04-20 22:13:46.548,1492,1153.6262163218337,-3960.3056539290897,53.012062833285945,1209.1734488397246,-960.6353786024576,-1267.4042422127943,2444.9470402691068,-4963.302114045396,-977.9381586894818
2026-04-20 22:13:46.557,1493,1154.5419156839346,-3963.3335485318566,52.65732806861044,1210.896954127597,-961.4415304345571,-1268.131639917609,2446.539364293446,-4966.66568253695,-978.539618079549
2026-04-20 22:13:46.571,1494,1155.713009270857,-3966.107092626197,52.55498861139299,1211.149908716469,-963.7190779848959,-1270.3304640115412,2447.9122030869025,-4970.249431362518,-979.3597065507752
2026-04-20 22:13:46.580,1495,1157.1410331989869,-3968.6246158732692,52.70528930378626,1212.138824018865,-965.2606878528572,-1271.7942118139201,2451.0488474252556,-4972.0699409564495,-978.4166432228627
2026-04-20 22:13:46.600,1496,1157.535867886099,-3972.177650510177,51.81919048920817,1214.1323593908974,-965.7969178038894,-1272.2543125612694,2452.2599905160287,-4975.816560415975,-979.4016659079972
2026-04-20 22:13:46.615,1497,1158.4426675906545,-3975.218675906863,51.445805144462646,1215.374960905098,-967.0836708996161,-1273.4667136467492,2452.9195811343643,-4980.116215958558,-980.9401756889624
2026-04-20 22:13:46.625,1498,1159.4882249999823,-3978.120901480816,51.210691227944814,1216.6106408004712,-968.3778470279241,-1274.6876444534887,2454.075472725861,-4983.919721838705,-981.9839437955092
2026-04-20 22:13:46.640,1499,1161.8465834244103,-3979.710857391728,52.28807021228209,1218.3448017722474,-969.172600105016,-1275.4101167665603,2455.0115668503004,-4987.942762367339,-983.248414953176
2026-04-20 22:13:46.649,1500,1162.2312188008927,-3983.275402988868,51.39027423139629,1219.3348003925405,-970.7117640681961,-1276.8776289056186,2456.1112966496917,-4991.801448068501,-984.3486038316152
2026-04-20 22:13:46.663,1501,1163.4068292903698,-3986.050288772098,51.28120618080067,1220.5635713963595,-972.0114953858847,-1278.106117198264,2457.4301458353734,-4995.440366604185,-985.2278940351124
2026-04-20 22:13:46.672,1502,1163.6637562007127,-3989.744616334725,50.253260365164024,1221.553551679334,-973.550021808958,-1279.573237587181,2459.081225585689,-4998.7479778195675,-985.775140066846
2026-04-20 22:13:46.687,1503,1164.4442540677505,-3992.9156752740237,49.749399062453065,1222.0592042835501,-975.5729009097246,-1281.5249920801102,2460.180405211432,-5002.607789567559,-986.874021574245
2026-04-20 22:13:46.701,1504,1164.8301609988205,-3996.481385073094,48.849622109609186,1223.0558835655684,-977.1033887923605,-1282.9846632054762,2461.831857062816,-5005.915030015507,-987.4211030796669
2026-04-20 22:13:46.710,1505,1165.611036445961,-3999.6523299488035,48.34435245003278,1224.5362435008983,-978.1510804748378,-1283.9598319235286,2463.372664381635,-5009.333921362316,-988.0815462776648
2026-04-20 22:13:46.724,1506,1166.5217568089063,-4002.6953116541886,47.96706293749483,1225.2801264200918,-979.9358597787763,-1285.6709426999792,2464.6946090411666,-5012.971312599011,-988.962734637185
2026-04-20 22:13:46.732,1507,1167.4414362339319,-4005.7296501600854,47.598102201191764,1227.0282386296687,-980.7166733100687,-1286.3786369899406,2466.0719227977556,-5016.552726828882,-989.7888829445837
2026-04-20 22:13:46.746,1508,1168.8777470302127,-4008.2485794904655,47.743807948062184,1228.2643454468948,-982.0119660997167,-1287.5998879445403,2467.72435573035,-5019.858546141581,-990.339281284769
2026-04-20 22:13:46.757,1509,1170.4527550992814,-4010.6298700038915,48.026298497469135,1229.5012412139442,-983.3086002329145,-1288.8215869544208,2469.1015466082445,-5023.440967066012,-991.1653126328312
2026-04-20 22:13:46.773,1510,1171.6324079356239,-4013.407708645911,47.912120648800865,1230.7463242548772,-984.5978988197548,-1290.0370511441408,2471.4150776428046,-5026.086717477855,-991.0544023580587
2026-04-20 22:13:46.783,1511,1172.0205140883595,-4016.9765690014247,47.00617803841074,1232.7359068615037,-985.1419445463852,-1290.5065351238609,2472.8467022908344,-5029.612678922867,-991.8232590875831
2026-04-20 22:13:46.797,1512,1172.6751464495553,-4020.2779866198994,46.36652709718945,1233.4883811310572,-986.9230579401675,-1292.2120929438422,2474.4990876448373,-5032.918316107265,-992.3726145738016
2026-04-20 22:13:46.812,1513,1173.0630238226315,-4023.8455746618583,45.46143893102672,1234.9715285116329,-987.9730626866977,-1293.1885676120087,2475.656144754747,-5036.720514613304,-993.4196016490351
2026-04-20 22:13:46.822,1514,1173.9748691477125,-4026.888868579398,45.0821164528636,1236.209204409176,-989.2694756567545,-1294.4111616900445,2477.2552580865554,-5040.082255462346,-994.0266849453391
2026-04-20 22:13:46.837,1515,1174.756997178413,-4030.0613602037397,44.57544775943531,1237.4396451232224,-990.5745381589066,-1295.641673055916,2478.9096232253105,-5043.390071812104,-994.5786155667902
2026-04-20 22:13:46.846,1516,1175.539185792125,-4033.2340908660053,44.068527410756666,1238.1926785594305,-992.3567459164173,-1297.3475402704025,2481.0043517481054,-5046.257550314361,-994.6884400793388
2026-04-20 22:13:46.863,1517,1176.7175679952927,-4036.0108928464074,43.956176179606345,1239.6749474109668,-993.4076980112711,-1298.3228853428518,2481.8865766630684,-5050.3368379760395,-996.011255160741
2026-04-20 22:13:46.873,1518,1177.3713752012907,-4039.3110177897465,43.31843000931473,1240.673433253439,-994.9430873103981,-1299.7837637567995,2484.42345537843,-5052.762105385969,-995.6807946140799
2026-04-20 22:13:46.890,1519,1178.2826454964284,-4042.3528719256574,42.93979429632109,1241.180236072925,-996.9707018207223,-1301.7369193998306,2485.747004753992,-5056.4011180982925,-996.5631401308126
2026-04-20 22:13:46.906,1520,1179.4598159918232,-4045.1288703902314,42.82876421677948,1241.926334350343,-998.7602770846037,-1303.4523390859135,2487.6217002377016,-5059.488190407126,-996.8943513063522
2026-04-20 22:13:46.915,1521,1180.765196018062,-4047.7767431181533,42.84717612773855,1242.4188132261609,-1000.8039623161478,-1305.4219583657311,2489.2759454873353,-5062.795576874979,-997.44657653662
2026-04-20 22:13:46.931,1522,1182.3460824332246,-4050.1484359646315,43.14269374857327,1244.1500372732403,-1001.6099273739594,-1306.1532254117117,2490.379368052899,-5066.65408724782,-998.5499115144858
2026-04-20 22:13:46.942,1523,1183.6508615684706,-4052.7963945036477,43.16181851439254,1245.8815540881717,-1002.4168051738222,-1306.884690471213,2491.537634487473,-5070.458222826159,-999.5990316471144
2026-04-20 22:13:46.957,1524,1184.9655440687463,-4055.4349297335857,43.189554574223635,1246.8893455453203,-1003.9480118241382,-1308.3399582427758,2493.4129916575985,-5073.544873398633,-999.9305987986975
2026-04-20 22:13:46.966,1525,1186.6659295741856,-4057.6874676963625,43.60381150268542,1248.3741854720417,-1005.0028834258694,-1309.316943713288,2494.8476023536855,-5077.072283207012,-1000.7052850616368
2026-04-20 22:13:46.982,1526,1187.8427402679476,-4060.4637702151995,43.494056329475534,1250.1056623141023,-1005.8120738237287,-1310.048077122589,2496.282416400635,-5080.60068351791,-1001.4820753206266
2026-04-20 22:13:46.999,1527,1188.4858742231133,-4063.772937956247,42.8510260983328,1251.0983906677043,-1007.3623992984261,-1311.5179342731378,2497.663972812543,-5084.18346487503,-1002.3135412949281
2026-04-20 22:13:47.135,1528,1189.1379363556214,-4067.0714587466246,42.21884209906701,1252.8313055742608,-1008.174284980548,-1312.249052640084,2499.3745440784382,-5087.436918600305,-1002.8155833826942
2026-04-20 22:13:47.145,1529,1189.3950903750813,-4070.764975122391,41.19044968143348,1253.8330615833659,-1009.7176631482271,-1313.710863797027,2500.7032777520703,-5091.072908038033,-1003.7014326945364
2026-04-20 22:13:47.155,1530,1189.7814266586854,-4074.3315331489175,40.289163452162256,1255.320160627221,-1010.7761246215649,-1314.689391434995,2502.0856048179635,-5094.656612926249,-1004.5337172474199
2026-04-20 22:13:47.165,1531,1190.9589805332766,-4077.107486334386,40.17745456055094,1256.0753747165647,-1012.5646921569557,-1316.3982730533403,2502.971841271685,-5098.737422604031,-1005.8626091001192
2026-04-20 22:13:47.176,1532,1191.8713327591342,-4080.149782728369,39.79772526341589,1256.576176371956,-1014.6073842078044,-1318.3617957159372,2505.401228019901,-5101.274345027821,-1005.6470976414291
2026-04-20 22:13:47.188,1533,1192.396085248233,-4083.5808159740745,39.02925669167423,1257.077031049257,-1016.6499019687359,-1320.3256074929798,2506.340695116398,-5105.299784635526,-1006.9215170880067
2026-04-20 22:13:47.202,1534,1193.8413972201802,-4086.0915473647956,39.182033394763295,1258.5623317580641,-1017.7076338848555,-1321.303702327413,2508.386974969378,-5108.217900914164,-1007.0894928239913
2026-04-20 22:13:47.216,1535,1194.0997964792696,-4089.789416193394,38.1484164258134,1260.0368188158898,-1018.774875430817,-1322.286775640104,2510.487085163807,-5111.082373058657,-1007.2038941705644
2026-04-20 22:13:47.227,1536,1195.1486277665176,-4092.695400326647,37.90733612743522,1261.028001787315,-1020.3263737736726,-1323.7522656760805,2512.36505428751,-5114.1684485898,-1007.5385814142701
2026-04-20 22:13:47.238,1537,1195.8019712294733,-4095.997068211886,37.27141914121287,1262.0204784748319,-1021.8786980886224,-1325.2192886987436,2513.4713795828156,-5118.026688265401,-1008.6448316502382
2026-04-20 22:13:47.249,1538,1196.7215526745542,-4099.031330797174,36.90251099106637,1263.5221547374451,-1022.9224522741863,-1326.1778604363378,2514.906835955717,-5121.555805949479,-1009.4222955173312
2026-04-20 22:13:47.260,1539,1197.3744683134628,-4102.331237407113,36.267406097805136,1264.7510134362517,-1024.2394528443874,-1327.4064838139077,2516.5095797812455,-5124.917753240591,-1010.0322228059686
2026-04-20 22:13:47.271,1540,1198.551098513719,-4105.1071355407485,36.15726684948369,1265.7419807491376,-1025.7933083772489,-1328.8704399253597,2518.112675815343,-5128.278962279477,-1010.6423280676674
2026-04-20 22:13:47.282,1541,1199.8558115116543,-4107.753831093035,36.176015050471726,1266.2417085035693,-1027.8376069603896,-1330.8251821460456,2519.2207621645025,-5132.136316803364,-1011.7499728105701
2026-04-20 22:13:47.293,1542,1200.7651198932751,-4110.795217015592,35.799684123052366,1266.986701220646,-1029.636445883728,-1332.5333787591162,2520.878739713174,-5135.443772836612,-1012.3088246022435
2026-04-20 22:13:47.305,1543,1202.0686686894405,-4113.4409827572445,35.8187694569276,1268.2311723102746,-1030.9356595568315,-1333.7414565321124,2522.3147123158737,-5138.971791794982,-1013.0888529041498
2026-04-20 22:13:47.315,1544,1202.9870742830446,-4116.471787366239,35.45184489971194,1269.466289053939,-1032.2441299887837,-1334.9583402677283,2524.3610030698005,-5141.888718994546,-1013.2567793108946
2026-04-20 22:13:47.326,1545,1204.1631467872064,-4119.245324029764,35.341416072468846,1270.4558958958382,-1033.7972867469823,-1336.4197021994414,2525.9646258056137,-5145.248771323903,-1013.8678827815226
2026-04-20 22:13:47.336,1546,1204.815224797463,-4122.542188691255,34.707801272880566,1270.9553756844496,-1035.8404896615311,-1338.37107388598,2528.009759087635,-5148.166497632197,-1014.0356382986628
2026-04-20 22:13:47.347,1547,1205.8624144777302,-4125.4443317964715,34.46842423004564,1271.6906091679268,-1037.6467682244452,-1340.085900511996,2530.1623361168827,-5150.9770071750845,-1014.0955969424298
2026-04-20 22:13:47.357,1548,1206.248260345614,-4129.008194560877,33.567749125936494,1272.9324066139611,-1038.944063382727,-1341.2905490883945,2530.8803343875306,-5155.223951642087,-1015.5928682543415
2026-04-20 22:13:47.367,1549,1207.1571969981267,-4132.049532407583,33.19132517002985,1273.4403659784816,-1040.9765132021248,-1343.2305533809563,2531.9888062663795,-5159.081713307618,-1016.7015319847743
2026-04-20 22:13:47.378,1550,1208.4609717079684,-4134.69640154881,33.21097964344644,1274.174616679614,-1042.7814728800759,-1344.943430754531,2533.593730514469,-5162.443140524507,-1017.3132035048799
2026-04-20 22:13:47.388,1551,1209.6359683265368,-4137.472006729782,33.10264032984369,1275.4071593862136,-1044.0865415757576,-1346.157399982464,2535.6955733764257,-5165.308424996602,-1017.4282082571871
2026-04-20 22:13:47.399,1552,1210.149399374021,-4140.910336201958,32.33231376839148,1276.4045062324603,-1045.6273571440877,-1347.6085598153352,2536.1388303679637,-5169.832641693815,-1019.2009816867755
2026-04-20 22:13:47.409,1553,1211.0680611555638,-4143.943436524558,31.967307382980376,1277.6385206331868,-1046.9324332924696,-1348.8245750849378,2537.74431106447,-5173.194353152701,-1019.8123355281908
2026-04-20 22:13:47.420,1554,1211.9760496047604,-4146.986369172247,31.59325170963051,1279.1355907507389,-1047.9749183564932,-1349.7779840283056,2539.847289940814,-5176.0591530938555,-1019.928397640712
2026-04-20 22:13:47.430,1555,1212.1043701018746,-4150.807989150731,30.43952044402949,1280.3877519923578,-1049.2622820212166,-1350.9767912496318,2540.9566680684648,-5179.9171516835895,-1021.037700928904
2026-04-20 22:13:47.442,1556,1212.872957055651,-4153.986800584563,29.927341611928313,1280.8781180411377,-1051.3117091328081,-1352.9384803180278,2543.005682959023,-5182.834076688037,-1021.2065276633454
2026-04-20 22:13:47.453,1557,1213.6428621372638,-4157.1645456848055,29.413883669522495,1282.3837350817334,-1052.3448916259422,-1353.8832513362838,2544.6107263144245,-5186.195648593135,-1021.8184185888294
2026-04-20 22:13:47.463,1558,1214.689955279191,-4160.066675323223,29.17499803155745,1283.8635369154765,-1053.4049721774234,-1354.8549048078683,2546.2165703469664,-5189.5578247577405,-1022.4307355358638
2026-04-20 22:13:47.475,1559,1215.9942362370018,-4162.712020397652,29.193035590283642,1285.0983150077675,-1054.7108053767247,-1356.0722083709961,2548.3725318658458,-5192.3702665124565,-1022.4929524599854
2026-04-20 22:13:47.486,1560,1216.2514873308692,-4166.404110925435,28.163828948457184,1285.834587326004,-1056.5160134680773,-1357.7894670414137,2549.037704032909,-5196.672275993309,-1024.0448386785522
2026-04-20 22:13:47.497,1561,1217.6853469599337,-4168.919245630695,28.309375954808903,1286.8168975399853,-1058.076689815674,-1359.262787950252,2549.7562032013234,-5200.921505631386,-1025.5440536520643
2026-04-20 22:13:47.508,1562,1218.861971172671,-4171.692547241191,28.197017782652583,1287.8084512840512,-1059.6294270129133,-1360.72830028506,2550.4218989384135,-5205.224182134048,-1027.096955716
2026-04-20 22:13:47.520,1563,1219.910037270726,-4174.595590128815,27.95611389770532,1288.8007417584051,-1061.1832383643693,-1362.1951464399085,2551.3099315828713,-5209.3042283572995,-1028.4290041578968
2026-04-20 22:13:47.529,1564,1220.562949390246,-4177.893402501195,27.319803005527696,1289.5471467721227,-1062.9826151451077,-1363.9082901894262,2552.9696010041403,-5212.612555232424,-1028.9896773179437
2026-04-20 22:13:47.541,1565,1221.731531712006,-4180.675403112615,27.199314254364094,1291.0402370018742,-1064.0346519739926,-1364.875363396695,2554.575432683178,-5215.972791830643,-1029.6022787791499
2026-04-20 22:13:47.553,1566,1222.3763253540906,-4183.9799960271375,26.55481942096905,1292.0336806958067,-1065.5884512867576,-1366.344032996079,2556.508862432139,-5219.005563817978,-1029.886981336371
2026-04-20 22:13:47.563,1567,1223.6828414891095,-4186.623327708638,26.569809387920046,1293.519530050613,-1066.650610795672,-1367.3202869310287,2559.3818724215935,-5221.098487867145,-1029.2305405769628
2026-04-20 22:13:47.585,1568,1224.4661997921426,-4189.791303740965,26.05891254544595,1294.52222904793,-1068.1977485956702,-1368.7809923127231,2560.100445480802,-5225.347086448796,-1030.7293962044414
2026-04-20 22:13:47.601,1569,1224.725319323595,-4193.484790692276,25.022050519999848,1296.2822135184454,-1068.9888428440513,-1369.4861676029286,2561.653789618464,-5228.762425492468,-1031.3951238725087
2026-04-20 22:13:47.613,1570,1225.7750888055978,-4196.387510298359,24.7769621775542,1297.269204680326,-1070.5535782070435,-1370.966663444971,2562.5942373168527,-5232.790033188916,-1032.6730360462307
2026-04-20 22:13:47.625,1571,1226.6873859580128,-4199.426369589799,24.39625226314334,1298.2734886750216,-1072.1013995077715,-1372.4310746116616,2563.2602842718748,-5237.093011082038,-1034.2270016376972
2026-04-20 22:13:47.645,1572,1227.606936528603,-4202.458185218553,24.0225582269753,1300.0251696111245,-1072.8999560587315,-1373.1458900150826,2564.147670901235,-5241.173187919594,-1035.5582555491862
2026-04-20 22:13:47.669,1573,1229.4473490087526,-4204.570772493271,24.567078735106847,1301.267664326494,-1074.2083644073866,-1374.372287025349,2565.9747822743734,-5244.313736480148,-1035.948510825437
2026-04-20 22:13:47.684,1574,1229.8365131895953,-4208.135390348383,23.659109883331002,1302.5193475068422,-1075.5089950253964,-1375.5913487676569,2567.3595546638066,-5247.897756206248,-1036.7834839362238
2026-04-20 22:13:47.703,1575,1230.3560233762912,-4211.569535219478,22.87976076057067,1303.2615055300894,-1077.3212331768632,-1377.3229822929502,2569.4132731876034,-5250.813875756279,-1036.9537454278318
2026-04-20 22:13:47.714,1576,1230.485864482972,-4215.393282952015,21.710962606945223,1304.499468202616,-1078.6394707460893,-1378.5611457029033,2571.2451641922594,-5253.952627081444,-1037.3466699710702
2026-04-20 22:13:47.727,1577,1230.6157860333149,-4219.216846963223,20.54180764279731,1306.2430940972677,-1079.4532631429115,-1379.2969841110187,2572.684671840745,-5257.485166184168,-1038.1325186455745
2026-04-20 22:13:47.737,1578,1231.2651506498642,-4222.521297569955,19.89232008949491,1307.4919409129077,-1080.7623966576743,-1380.5307185879747,2574.1245918793807,-5261.018411593743,-1038.919262323995
2026-04-20 22:13:47.751,1579,1231.3950301183572,-4226.345141058461,18.72357140453951,1308.4923913251193,-1082.3192099987177,-1382.0123843968975,2575.73577426183,-5264.380935014162,-1039.5362524614513
2026-04-20 22:13:47.765,1580,1231.7843535432858,-4229.909689526653,17.814853016748287,1309.2446017423863,-1084.1236319481043,-1383.7420923396728,2577.62094319835,-5267.467667913847,-1039.8785238078478
2026-04-20 22:13:47.776,1581,1233.4898184985516,-4232.158073040995,18.22252208944937,1310.4864751849445,-1085.4383800102225,-1384.9834912262093,2579.5576184158213,-5270.502308956008,-1040.1681025327157
2026-04-20 22:13:47.790,1582,1234.533644542023,-4235.06736123842,17.969427590811037,1310.9834982071166,-1087.498256855947,-1386.9714942058133,2580.892770915189,-5274.137718153877,-1041.0582985401402
2026-04-20 22:13:47.802,1583,1235.4414341163485,-4238.112775615415,17.580402983003992,1312.4823616650085,-1088.5571548479597,-1387.9587863520223,2582.05750362881,-5277.944377803932,-1042.119203356213
2026-04-20 22:13:47.817,1584,1236.0961099354972,-4241.410969634318,16.93851064026849,1313.4834713044027,-1090.1114450519437,-1389.4429648482935,2583.2231909755055,-5281.751071898928,-1043.1811497213562
2026-04-20 22:13:47.827,1585,1237.0094116908979,-4244.449283366032,16.556338716911082,1314.4848730312438,-1091.665142151127,-1390.9276285052958,2585.3314038990206,-5284.614764174778,-1043.300716418385
2026-04-20 22:13:47.842,1586,1238.1886161035757,-4247.22148505751,16.43944943670403,1315.4857018336627,-1093.2173413417916,-1392.4115264469124,2587.1642605212714,-5287.75243647127,-1043.6941388376652
2026-04-20 22:13:47.859,1587,1239.3620296761078,-4249.999697255408,16.315882358211798,1316.9903726326802,-1094.2649348938874,-1393.392342995696,2588.5519068423496,-5291.334948790888,-1044.5329624802853
2026-04-20 22:13:47.871,1588,1240.5473872402602,-4252.765348331335,16.203882377543557,1318.7373291664305,-1095.0705437222541,-1394.1314686514609,2589.2196188149724,-5295.636859747811,-1046.090453530441
2026-04-20 22:13:47.886,1589,1241.5913505654457,-4255.6724359200025,15.95029471593224,1319.4835503420234,-1096.8779262469207,-1395.873399509966,2590.8290035124332,-5298.996967430951,-1046.7058939537742
2026-04-20 22:13:47.897,1590,1241.8507850982917,-4259.3640094378225,14.912361777845785,1321.2393164267023,-1097.676430027716,-1396.6074103283122,2592.7641440973234,-5302.029920761251,-1046.994573035437
2026-04-20 22:13:47.912,1591,1242.2401694977573,-4262.9253613083565,14.003811477515166,1322.7461037904013,-1098.722974287855,-1397.5909486045916,2593.9798191011837,-5305.781665785303,-1048.0013567128499
2026-04-20 22:13:47.923,1592,1242.7607321603384,-4266.356404388276,13.223752494276239,1324.2659217740127,-1099.7567945337908,-1398.5627838445093,2595.3127362363143,-5309.416730773243,-1048.8900638483697
2026-04-20 22:13:47.937,1593,1243.6810344468634,-4269.3876088181705,12.843595854039611,1325.5310395877325,-1101.0469795413405,-1399.790341829052,2596.2538358902552,-5313.444548077307,-1050.1701619304272
2026-04-20 22:13:47.948,1594,1244.467922974003,-4272.5546246795175,12.326825328185254,1326.2857366174278,-1102.8494566457903,-1401.5310362994317,2597.9142107519383,-5316.753184453048,-1050.7311774209916
2026-04-20 22:13:47.963,1595,1245.915894959464,-4275.062072963956,12.468577202328582,1327.5582330840043,-1104.134220552244,-1402.7547299469247,2599.2994953395173,-5320.33640819687,-1051.5670594425483
2026-04-20 22:13:47.977,1596,1246.9682383697536,-4277.964939198572,12.21503083987941,1329.0608673808258,-1105.1883033396564,-1403.7461127696326,2600.737853319682,-5323.868052834919,-1052.3502262304582
2026-04-20 22:13:47.988,1597,1247.3597310864632,-4281.528502792347,11.30070111815515,1330.3193219611094,-1106.484746392107,-1404.9793501695826,2602.3456903498886,-5327.23046858071,-1052.9641869864051
2026-04-20 22:13:48.002,1598,1248.2822495734167,-4284.563605235567,10.914540623354666,1330.823934367365,-1108.5348155149875,-1406.9659719904187,2603.953001290098,-5330.593932203162,-1053.5774015722182
2026-04-20 22:13:48.013,1599,1248.5445833570318,-4288.260003479188,9.865232862301978,1332.0762018069133,-1109.8367876598313,-1408.2052098964443,2605.0627850138944,-5334.455307535366,-1054.6870953320858
2026-04-20 22:13:48.026,1600,1249.3338511906918,-4291.429244466358,9.34326118109021,1333.3341102114696,-1111.131460293886,-1409.438620383306,2606.617547421868,-5337.87132766334,-1055.3534072912494
2026-04-20 22:13:48.037,1601,1250.9148019544705,-4293.80745635116,9.612904087701848,1333.8325495656636,-1113.18517954062,-1411.4319711277822,2608.5005524487306,-5340.9597316253785,-1055.6923570614722
2026-04-20 22:13:48.050,1602,1251.1765244700987,-4297.503880020168,8.565884737076296,1335.334597566003,-1114.2369546178486,-1412.423642689883,2609.834552637877,-5344.597650635148,-1056.5813828525597
2026-04-20 22:13:48.064,1603,1252.0989902313802,-4300.53974881764,8.1801405103801,1336.8442177992265,-1115.2830298642673,-1413.4103412030724,2611.274028570493,-5348.130749827476,-1057.366554460652
2026-04-20 22:13:48.075,1604,1253.5484880380466,-4303.049025163159,8.320449320916957,1338.0996095758617,-1116.5848533899812,-1414.6534174370804,2612.3868254561107,-5351.991217540839,-1058.47939373485
2026-04-20 22:13:48.090,1605,1254.6022235866978,-4305.954584425284,8.064470748346833,1340.110209182691,-1117.1321894560408,-1415.1414141329806,2614.2717546277995,-5355.079266048097,-1058.820780182394
2026-04-20 22:13:48.100,1606,1255.525440871776,-4308.99220647363,7.676366007233444,1341.365507526093,-1118.434947032831,-1416.3847912278948,2616.3796445767334,-5357.944740527808,-1058.939227038837
2026-04-20 22:13:48.116,1607,1255.7880646164651,-4312.691167194337,6.626524635146207,1342.1216032923771,-1120.2387451540856,-1418.1285215554892,2618.4872321790435,-5360.810754484904,-1059.0575934602884
2026-04-20 22:13:48.126,1608,1256.9750135331453,-4315.468025302435,6.498912740238612,1343.1276057207601,-1121.7931843009794,-1419.6223083495945,2620.371624586401,-5363.899958349292,-1059.397700006077
2026-04-20 22:13:48.140,1609,1257.634595897981,-4318.773187864251,5.843411034872007,1344.8827184335266,-1122.5977257853783,-1420.3656099268583,2621.039064739526,-5368.20747784612,-1060.9554036670093
2026-04-20 22:13:48.155,1610,1258.4257154474517,-4321.946559223135,5.319144522756326,1345.8948229056373,-1124.147155314673,-1421.8525890751482,2622.4795471411817,-5371.742792816902,-1061.7413055960935
2026-04-20 22:13:48.165,1611,1258.8200369372878,-4325.517245670989,4.398708041928775,1347.6568629903663,-1124.947707653674,-1422.5896605518967,2623.422214896852,-5375.775834285678,-1063.0246525718533
2026-04-20 22:13:48.179,1612,1259.6112498899463,-4328.692709331912,3.874406778598747,1349.1691701111113,-1125.9973968307597,-1423.5769778330714,2624.8626887585883,-5379.310918066355,-1063.8101854983863
2026-04-20 22:13:48.189,1613,1260.5331047992977,-4331.737083616219,3.4836832337761354,1349.925493146615,-1127.8035406249055,-1425.3208123277911,2625.9754575039647,-5383.173757881969,-1064.9229825433015
2026-04-20 22:13:48.205,1614,1261.3225627313282,-4334.912659287354,2.963020019282544,1351.6792242106303,-1128.6111140460957,-1426.063504328204,2627.140949302878,-5386.983951243281,-1065.9837650652064
2026-04-20 22:13:48.214,1615,1262.246984611393,-4337.954607876249,2.5758439265465674,1352.6904139289668,-1130.1618038993008,-1427.5466312105036,2629.628485847964,-5389.471308947237,-1065.7214018823981
2026-04-20 22:13:48.229,1616,1263.0368494763254,-4341.13103997807,2.0540913562695655,1353.444857751659,-1131.9678310842733,-1429.2849223371336,2630.5708004021412,-5393.503066563527,-1067.0033987210768
2026-04-20 22:13:48.244,1617,1263.4301084457284,-4344.704201055669,1.136419331062803,1354.4418088199623,-1133.5315594702627,-1430.7802902038115,2631.2384741858036,-5397.809260502355,-1068.5606488057374
2026-04-20 22:13:48.254,1618,1264.7491657815096,-4347.353700482926,1.1421653507915452,1354.697724525323,-1135.8356709739883,-1433.0146537106357,2632.677749755465,-5401.343097277668,-1069.345206345564
2026-04-20 22:13:48.270,1619,1265.408770514661,-4350.662777483285,0.48837612186446266,1356.1985775265741,-1136.8954027673735,-1434.003775312581,2633.566564085725,-5405.426210495131,-1070.6783662777148
2026-04-20 22:13:48.280,1620,1266.0684415337216,-4353.971989919683,-0.16643507232345922,1357.7062165592174,-1137.9471073010523,-1434.9852100627925,2634.2327171408556,-5409.73088263095,-1072.2326566000806
2026-04-20 22:13:48.294,1621,1267.388696235307,-4356.622669852693,-0.16183635680249053,1358.7014913664934,-1139.5100923296618,-1436.4779732799323,2635.8923518184374,-5413.041176299138,-1072.7918916162043
2026-04-20 22:13:48.304,1622,1268.5750593184607,-4359.407869280646,-0.2907698760176401,1359.213216223212,-1141.5570766041228,-1438.4538853851668,2637.552260970283,-5416.351662444579,-1073.3516706144285
2026-04-20 22:13:48.319,1623,1269.3665096866052,-4362.586963359515,-0.8141257386891645,1360.7129964919598,-1142.6159577476542,-1439.4418816416878,2638.440911144331,-5420.434228968607,-1074.685289681482
2026-04-20 22:13:48.328,1624,1270.5574769044654,-4365.366028340242,-0.9375590288253994,1361.721853134663,-1144.1654796561202,-1440.9196234723147,2639.330236025998,-5424.516488127945,-1076.0195508815407
2026-04-20 22:13:48.343,1625,1270.8207302948235,-4369.074239287078,-1.9903497351964583,1363.2126316627005,-1145.2327836517568,-1441.9141446617252,2639.7756076125806,-5429.043611183566,-1077.8006769716958
2026-04-20 22:13:48.358,1626,1272.141137658174,-4371.725351524815,-1.9856151854998605,1364.7189775596737,-1146.286477516295,-1442.8944033991388,2640.9405211901762,-5432.8499942213975,-1078.861332171846
2026-04-20 22:13:48.368,1627,1272.8011237721933,-4375.036671586194,-2.639393225744015,1365.4795578331075,-1148.085801756954,-1444.6183415744822,2642.550760384069,-5436.211103735627,-1079.4775031115398
2026-04-20 22:13:48.382,1628,1273.7240580932933,-4378.085783880697,-3.030728102847566,1367.0006937640555,-1149.124752510014,-1445.582786983389,2644.2123640647965,-5439.52017727761,-1080.0409329021609
2026-04-20 22:13:48.391,1629,1275.3094668775027,-4380.47175141096,-2.7589132167268953,1368.2436836381478,-1150.4420630961326,-1446.8253647600586,2645.5469344797943,-5443.156416533993,-1080.9308228265622
2026-04-20 22:13:48.406,1630,1276.3660820769555,-4383.385637442413,-3.014346648691837,1369.2521651123363,-1151.993066592124,-1448.299953982576,2647.379304036302,-5446.295863758666,-1081.3237255339595
2026-04-20 22:13:48.416,1631,1277.1562915084085,-4386.565584621104,-3.535041762796798,1370.25296209668,-1153.552236084268,-1449.7820874245074,2648.5440532860703,-5450.1038743821,-1082.383842890213
2026-04-20 22:13:48.433,1632,1278.3474382189213,-4389.345229870686,-3.654727493707249,1370.9975316112034,-1155.365752520294,-1451.5191735722092,2650.1537839959965,-5453.467443321126,-1082.9991518006245
2026-04-20 22:13:48.448,1633,1278.6099780828706,-4393.053975558109,-4.703866208367002,1372.7574185076116,-1156.1634812322407,-1452.24040017726,2651.5938624371115,-5457.001088821701,-1083.7851422743388
2026-04-20 22:13:48.458,1634,1279.003027855125,-4396.631435784523,-5.621147499833492,1373.2606897570904,-1158.2159737222262,-1454.2157789613934,2652.707884576238,-5460.860714904046,-1084.8993310303028
2026-04-20 22:13:48.473,1635,1279.396204844919,-4400.208828181097,-6.538093507187912,1374.0115281100086,-1160.0193137454255,-1455.9411115828414,2653.822845464522,-5464.7202170804785,-1086.0140935333602
2026-04-20 22:13:48.483,1636,1279.7891951334682,-4403.785956092214,-7.455759084694305,1374.5066389622102,-1162.0782076748374,-1457.9216263901076,2655.9325813211817,-5467.585007402983,-1086.134126479641
2026-04-20 22:13:48.498,1637,1280.5788595934798,-4406.965497703995,-7.975475961519439,1376.0002140397066,-1163.139055766742,-1458.904413767612,2658.3169978645114,-5470.175338412542,-1085.979663061356
2026-04-20 22:13:48.507,1638,1281.6316615859328,-4409.882637938746,-8.234242616189619,1377.0060376768702,-1164.6866771802447,-1460.37404319415,2659.2084272931843,-5474.257979573778,-1087.3167883725343
2026-04-20 22:13:48.523,1639,1282.2911762035121,-4413.19311407282,-8.886846430712046,1378.2517503108163,-1165.99428252175,-1461.6043360360145,2660.818945644886,-5477.621047626397,-1087.9324790736246
2026-04-20 22:13:48.538,1640,1283.2169100924093,-4416.238229962517,-9.27515204111417,1378.9946383566855,-1167.804562365292,-1463.3377000769497,2662.4296087897333,-5480.984375643714,-1088.5482876048477
2026-04-20 22:13:48.549,1641,1284.6710886340159,-4418.755275653503,-9.135702030983948,1379.7373604744153,-1169.6152398516451,-1465.071164306366,2664.040272751287,-5484.3471454219,-1089.1640272567508
2026-04-20 22:13:48.565,1642,1285.7266493797867,-4421.6728658872225,-9.396420155512391,1380.7434607477126,-1171.1635306024234,-1466.541240820568,2665.8734506820633,-5487.487660881206,-1089.5573835189234
2026-04-20 22:13:48.575,1643,1286.1220725646342,-4425.2516220990465,-10.319253867065775,1381.2385575206338,-1173.222336182559,-1468.5220644161504,2667.706421495885,-5490.628484694359,-1089.950432301185
2026-04-20 22:13:48.593,1644,1286.3856127027814,-4428.961212464708,-11.373004913071393,1382.48366885014,-1174.5299876989639,-1469.7513353948427,2669.5920949811,-5493.716888902304,-1090.2916079016964
2026-04-20 22:13:48.603,1645,1287.838123601468,-4431.481467500396,-11.236407880442009,1384.246075965093,-1175.3190544252707,-1470.4615647578482,2672.250495356015,-5496.033308501467,-1089.8615767836343
2026-04-20 22:13:48.618,1646,1289.4245725458195,-4433.868174371501,-10.964898574576063,1385.7539642408774,-1176.3642847501123,-1471.4272572682848,2673.1429596206594,-5500.116820068898,-1091.2003482766684
2026-04-20 22:13:48.633,1647,1289.5560411026245,-4437.7102913375975,-12.149129581211952,1387.0065357619842,-1177.665284771684,-1472.6479759141787,2674.5853335544407,-5503.651330266402,-1091.9922905991268
2026-04-20 22:13:48.645,1648,1290.082811446745,-4441.158249678492,-12.93918359159479,1387.9953056555148,-1179.2296746391733,-1474.1311765029816,2675.7029645149946,-5507.510472856786,-1093.1097421892578
2026-04-20 22:13:48.663,1649,1290.8756301394765,-4444.339583116097,-13.464300176952879,1388.489416935098,-1181.2882925615686,-1476.10780558037,2677.0949797791727,-5511.095093821741,-1093.9534829369525
2026-04-20 22:13:48.673,1650,1292.063652755309,-4447.124939403503,-13.594105574986818,1389.493886229037,-1182.836064880177,-1477.573474993432,2678.2636285376498,-5514.902234546655,-1095.0216112702979
2026-04-20 22:13:48.691,1651,1292.9899629645638,-4450.170749772898,-13.984443262948028,1390.9833682024482,-1183.8981650481696,-1478.5525912299975,2680.925109525736,-5517.216467688353,-1094.5977293316591
2026-04-20 22:13:48.701,1652,1294.0472777864918,-4453.084438187587,-14.242517994152367,1392.2181816486363,-1185.2137522304047,-1479.787031509955,2683.3135017228974,-5519.804364975738,-1094.4477669238322
2026-04-20 22:13:48.717,1653,1295.7674746364216,-4455.33593081178,-13.838097445528772,1392.966609808684,-1187.0148761960183,-1481.5067899824485,2684.034866828465,-5524.058508537855,-1095.9633983868941
2026-04-20 22:13:48.727,1654,1296.5593875544976,-4458.516645876785,-14.361965907722576,1393.9615215089134,-1188.569203575505,-1482.9791558515733,2685.426628827662,-5527.6416091683095,-1096.8074055217273
2026-04-20 22:13:48.743,1655,1297.4829438113059,-4461.567338174776,-14.754052063985647,1394.4632521922586,-1190.6170918684775,-1484.9445106274534,2686.768064790127,-5531.275128103952,-1097.7017313281742
2026-04-20 22:13:48.759,1656,1298.6716996056261,-4464.352297790524,-14.87869168024213,1396.9725599666192,-1190.6587084582015,-1484.9028211683285,2688.6071381893494,-5534.410761153145,-1098.0984940444416
2026-04-20 22:13:48.768,1657,1300.2544587288398,-4466.743122581887,-14.609440074898448,1398.4614760491459,-1191.7210645340647,-1485.881322731437,2689.9473484149453,-5538.0441472152,-1098.9918455539434
2026-04-20 22:13:48.786,1658,1301.9716087203549,-4468.998966057534,-14.205396549617532,1399.4485656482875,-1193.28451860734,-1487.361554516792,2691.612242628039,-5541.352298190964,-1099.5609408065013
2026-04-20 22:13:48.795,1659,1302.2339570945655,-4472.708989952866,-15.255041721645515,1400.9363356871445,-1194.3463142988107,-1488.339125841877,2693.004614109096,-5544.934098500212,-1100.4060933190817
2026-04-20 22:13:48.811,1660,1302.8939715358144,-4476.02259951673,-15.908383226056486,1402.4161579018978,-1195.4157217529585,-1489.3255296331336,2694.671135720575,-5548.2417785794605,-1100.9781717814149
2026-04-20 22:13:48.820,1661,1303.8203991344383,-4479.070850526979,-16.29562962193012,1403.4034673866358,-1196.979020860187,-1490.8062418468655,2696.0153216957415,-5551.871750659415,-1101.8736272791082
2026-04-20 22:13:48.837,1662,1304.3464174803792,-4482.521120874157,-17.0856836979766,1405.1476351358426,-1197.7865961626712,-1491.529761731324,2697.4589311524537,-5555.403084581206,-1102.6736130990785
2026-04-20 22:13:48.854,1663,1304.7413679291885,-4486.10275626032,-18.007172875683214,1405.8889395372457,-1199.5998823232746,-1493.259731954159,2699.3513574246813,-5558.485808040103,-1103.0246542364155
2026-04-20 22:13:48.865,1664,1305.9323345973523,-4488.889349064418,-18.13396605297533,1407.132751146631,-1200.9110406426487,-1494.4864325466615,2702.0146081062535,-5560.797685817455,-1102.6055772056257
2026-04-20 22:13:48.882,1665,1306.8575920850187,-4491.942546962796,-18.527287413334655,1407.6263920604483,-1202.971879318074,-1496.462477856333,2704.3561899316237,-5563.431060929921,-1102.5084381510296
2026-04-20 22:13:48.893,1666,1307.7822651744837,-4494.996197206298,-18.920054471719887,1409.617910748513,-1203.534341272925,-1496.9386253762068,2705.9278549846463,-5566.834101708711,-1103.181824010179
2026-04-20 22:13:48.909,1667,1307.914212694046,-4498.844701190527,-20.107625299960304,1411.6177624253928,-1204.087831429838,-1497.4063922001458,2707.869570285754,-5569.867217633805,-1103.486500994344
2026-04-20 22:13:48.923,1668,1308.8380085187437,-4501.902813173044,-20.503607553051356,1413.3622330636458,-1204.8959486661174,-1498.1297751871552,2708.768603765349,-5573.943680264219,-1104.834991593361
2026-04-20 22:13:48.942,1669,1311.2250817878657,-4503.498215465193,-19.436047434301525,1414.86002389174,-1205.9507984922745,-1499.1000774810739,2710.438809088435,-5577.250366644857,-1105.4144039907067
2026-04-20 22:13:48.955,1670,1312.1507328564778,-4506.55488089837,-19.82905765046806,1415.8473432366425,-1207.5167830892658,-1500.5809316613697,2712.109026186471,-5580.5579422884575,-1105.9932249240917
2026-04-20 22:13:48.975,1671,1313.3426706820158,-4509.3454456406935,-19.955377251867716,1417.362945093541,-1208.555270698384,-1501.5351558988039,2713.506207559685,-5584.139135251414,-1106.8445732748926
2026-04-20 22:13:48.994,1672,1313.606452880219,-4513.064676026025,-21.010037007239358,1418.3514701443196,-1210.121815042453,-1503.0180065182046,2714.454049765788,-5588.16999950237,-1108.1458715779997
2026-04-20 22:13:49.004,1673,1314.2688900731105,-4516.385709394565,-21.667138557182152,1419.0938854037638,-1211.9374444836906,-1504.7501031317136,2716.5746868612223,-5591.028295515321,-1108.2750522143501
2026-04-20 22:13:49.021,1674,1315.991646361558,-4518.646856502206,-21.263232741000408,1420.0927850996038,-1213.497071462748,-1506.227680649303,2717.4744273269193,-5595.108073359062,-1109.6248601585517
2026-04-20 22:13:49.031,1675,1316.5192973302653,-4522.1036397471335,-22.055472714586365,1421.3465552056753,-1214.799886778191,-1507.4489963561791,2718.5997470092175,-5598.9634786391025,-1110.7502289761621
2026-04-20 22:13:49.047,1676,1317.3139073697057,-4525.292659250961,-22.581049456576483,1422.3521071689252,-1216.3489348504684,-1508.9167658595375,2720.496072518698,-5602.047149770094,-1111.1043702693512
2026-04-20 22:13:49.056,1677,1318.7731287347765,-4527.816239276414,-22.442717181178477,1423.1021592099742,-1218.153403689754,-1510.6398607291133,2721.396052756914,-5606.126822239801,-1112.454486378237
2026-04-20 22:13:49.071,1678,1320.0986671916105,-4530.473553419808,-22.439507922798104,1424.8416031198892,-1218.9681636586374,-1511.373610952179,2723.5643137045345,-5608.93748726303,-1112.534594635081
2026-04-20 22:13:49.087,1679,1320.8935267143122,-4533.662204220936,-22.966719374337874,1425.838086852801,-1220.5243020353298,-1512.848209756764,2724.736750686378,-5612.743672586197,-1113.609896500803
2026-04-20 22:13:49.098,1680,1321.5559816396587,-4536.98297456104,-23.62510479460284,1426.8430686245638,-1222.0720120979208,-1514.3151083754406,2725.635400663378,-5616.823564475723,-1114.958098048716
2026-04-20 22:13:49.115,1681,1322.0844135262112,-4540.437989581898,-24.418111339177187,1428.103083931698,-1223.3638426920868,-1515.5275683833843,2727.3533370886926,-5620.083292154777,-1115.4859693447804
2026-04-20 22:13:49.125,1682,1322.747574600072,-4543.760064213664,-25.078159884883043,1429.1081109749007,-1224.910237372524,-1516.994922532488,2728.476776417573,-5623.938458907206,-1116.6095349534276
2026-04-20 22:13:49.143,1683,1324.339588073196,-4546.152777010162,-24.807941526965145,1430.6077206725809,-1225.961931269971,-1517.9683934594543,2730.1466257647553,-5627.2479344074,-1117.1864813303578
2026-04-20 22:13:49.154,1684,1324.869995779778,-4549.605916009,-25.598425122462366,1431.8590016493752,-1227.2598957821795,-1519.1881065691757,2732.3141733770844,-5630.059435177475,-1117.2647767082103
2026-04-20 22:13:49.172,1685,1326.327133113983,-4552.133361946045,-25.46222899998642,1432.6003666020029,-1229.0694201673293,-1520.91846003447,2734.433295270813,-5632.91942727294,-1117.3923714643895
2026-04-20 22:13:49.189,1686,1327.519912166395,-4554.925313836505,-25.589006693742768,1433.8442155399418,-1230.3778729852759,-1522.1461835019454,2735.3315686787114,-5636.9995414890145,-1118.7397667947548
2026-04-20 22:13:49.199,1687,1328.446564636049,-4557.984657465016,-25.98295038157972,1434.8652848237302,-1231.909206688971,-1523.5959636815016,2736.5034907541763,-5640.805273229296,-1119.8142095691246
2026-04-20 22:13:49.216,1688,1329.6424592556493,-4560.7747820796585,-26.108024815139327,1435.6074993987659,-1233.7213667394387,-1525.3271887873702,2738.8957673529935,-5643.390366267292,-1119.6696752902567
2026-04-20 22:13:49.226,1689,1330.7040078666357,-4563.699086745028,-26.367691430399063,1437.85935325599,-1234.0257101166715,-1525.5505337848763,2740.293075714844,-5646.970476141954,-1120.521029937582
2026-04-20 22:13:49.243,1690,1331.099849488048,-4567.2878040448095,-27.291803782000542,1438.3542925253103,-1236.0872660874843,-1527.530933326307,2742.6851393507436,-5649.555033066741,-1120.37673178517
2026-04-20 22:13:49.252,1691,1332.29310468968,-4570.079373648426,-27.420288239227517,1438.6016866781777,-1238.396642254666,-1529.7583023179466,2745.029970625749,-5652.187067088996,-1120.281040151435
2026-04-20 22:13:49.271,1692,1332.55782201546,-4573.800840395241,-28.47903679127505,1439.3447338303106,-1240.2117202794284,-1531.4917811163782,2747.4235937126077,-5654.771032479429,-1120.1379377288658
2026-04-20 22:13:49.281,1693,1334.1515927140701,-4576.194233947264,-28.210509196787807,1440.343599255254,-1241.771933220904,-1532.9703018747123,2748.8215337116976,-5658.35033930792,-1120.9908916825193
2026-04-20 22:13:49.296,1694,1334.8154378537172,-4579.517636897073,-28.872121350904813,1441.607755645212,-1243.068594288028,-1534.186110965459,2750.266997190732,-5661.881843605404,-1121.7956258401343
2026-04-20 22:13:49.312,1695,1336.673320952392,-4581.646175582299,-28.33803076306169,1442.3520711260744,-1244.885082695449,-1535.9226019328717,2751.4400830999434,-5665.686068006716,-1122.8732952792323
2026-04-20 22:13:49.322,1696,1337.4689146819026,-4584.837674345309,-28.865753485218928,1443.1038399001482,-1246.6916521552073,-1537.6503640197564,2753.0637896240883,-5669.03991851698,-1123.5014733913144
2026-04-20 22:13:49.338,1697,1338.1323688125021,-4588.162191361348,-29.52546014125724,1444.1034751212494,-1248.2497014446117,-1539.1299231680546,2754.1907755766556,-5672.89004017073,-1124.628373089502
2026-04-20 22:13:49.347,1698,1338.531236726114,-4591.752240424813,-30.45148425551293,1444.8554583427558,-1250.0558185865389,-1540.8586624330665,2756.3124376923147,-5675.745160810535,-1124.7594393740399
2026-04-20 22:13:49.366,1699,1338.9286926898906,-4595.344675356229,-31.378738363827072,1446.0958041693912,-1251.3731705613054,-1542.0990148634974,2756.9879696288317,-5680.046275891889,-1126.3360613027742
2026-04-20 22:13:49.375,1700,1339.4594360777874,-4598.804443143969,-32.174958432680405,1447.3365655919306,-1252.6890156433876,-1543.3395547653427,2758.1137588700913,-5683.8974971909365,-1127.4619102638574
2026-04-20 22:13:49.392,1701,1341.0552859946972,-4601.199834078429,-31.907625270193446,1447.8331416159476,-1254.7506140542878,-1545.325484309289,2760.010421346994,-5686.978270636287,-1127.8180871067802
2026-04-20 22:13:49.408,1702,1341.7197264609185,-4604.5248373372915,-32.5696845517195,1449.074732836172,-1256.0677407862572,-1546.5672414200274,2761.409275299395,-5690.555953859726,-1128.671818955305
2026-04-20 22:13:49.417,1703,1342.6497845957374,-4607.582239380256,-32.96432242721553,1449.3230782057592,-1258.3771712289079,-1548.800735807393,2761.6346570455134,-5695.307364739471,-1130.6990182017773
2026-04-20 22:13:49.436,1704,1343.5781290345249,-4610.640742866062,-33.35992601419213,1450.811115571701,-1259.4453607857013,-1549.792783601362,2763.3069517747813,-5698.613125987899,-1131.281973133831
2026-04-20 22:13:49.445,1705,1344.639949094625,-4613.564800695655,-33.6219181309713,1452.5551628452215,-1260.2585464276542,-1550.5292641902724,2764.8859862003865,-5702.012085593657,-1131.9589122576767
2026-04-20 22:13:49.462,1706,1345.9668445155255,-4616.223568797322,-33.61901381620919,1453.7958153065356,-1261.5752958244311,-1551.7696797802075,2766.3327500561345,-5705.542797489878,-1132.7687222286988
2026-04-20 22:13:49.472,1707,1346.8943668861768,-4619.280879062697,-34.014223848871715,1455.0509998483951,-1262.8759645737973,-1552.9946114479312,2767.5076741614125,-5709.346403845104,-1133.8510767555192
2026-04-20 22:13:49.491,1708,1348.2199618441869,-4621.93998166028,-34.01026705586515,1456.0499494548983,-1264.433033151873,-1554.4744025352265,2768.6354391957743,-5713.196498564911,-1134.9792204312078
2026-04-20 22:13:49.500,1709,1348.8809171732223,-4625.263707540125,-34.670934180365656,1457.2978234487837,-1265.7420534891037,-1555.706650723376,2769.5842091718914,-5717.224866238113,-1136.2855151234348
2026-04-20 22:13:49.518,1710,1349.9426688468807,-4628.187619479654,-34.931629795728036,1458.784838936715,-1266.8105440636648,-1556.6980910860668,2771.2564238257655,-5720.530823989367,-1136.86892044006
2026-04-20 22:13:49.534,1711,1350.3401097198123,-4631.7755872855005,-35.858851196388514,1459.543195848905,-1268.6062382312982,-1558.4156930589768,2772.6563808719875,-5724.108934201875,-1137.724310851079
2026-04-20 22:13:49.544,1712,1351.9334352732906,-4634.168042595699,-35.590833900435676,1460.293381100848,-1270.4091173996756,-1560.1399797881709,2773.83109622177,-5727.913408962642,-1138.8057570570415
2026-04-20 22:13:49.562,1713,1352.3314143463704,-4637.756532866938,-36.519097276246306,1462.0409454129474,-1271.2147972652465,-1560.8664780184695,2774.282411327095,-5732.443048810158,-1140.6114026581936
2026-04-20 22:13:49.571,1714,1353.1289693638575,-4640.946610429027,-37.05069733066515,1462.783841619301,-1273.0271137811442,-1562.5995499285382,2775.637055387883,-5736.070753026832,-1141.5145811549899
2026-04-20 22:13:49.588,1715,1353.9265292841364,-4644.137859742036,-37.582262223766605,1463.535023055366,-1274.8316017254235,-1564.326160438252,2777.0385989093443,-5739.651815955067,-1142.3710962748353
2026-04-20 22:13:49.599,1716,1354.3255742987187,-4647.728876106603,-38.512915989184066,1464.2863809432915,-1276.6361997665624,-1566.053684291876,2778.4402090978197,-5743.231887025873,-1143.2281175329097
2026-04-20 22:13:49.617,1717,1356.5870101965675,-4649.457720474566,-37.581925609368035,1466.0220406461872,-1277.457647292013,-1566.797698228293,2780.1140028522946,-5746.5393392608985,-1143.8127073878986
2026-04-20 22:13:49.634,1718,1357.7844292803115,-4652.249735796239,-37.71624790289063,1467.0299354747779,-1279.00826917792,-1568.2709359485646,2781.2897710799766,-5750.34429982851,-1144.895605532908
2026-04-20 22:13:49.643,1719,1358.8486234158675,-4655.175352464811,-37.98311470815479,1468.0388048026964,-1280.560274791871,-1569.7456970583748,2782.193936403409,-5754.420609553196,-1146.2519221355328
2026-04-20 22:13:49.662,1720,1359.5140768819485,-4658.500769961907,-38.64996962476912,1468.7918331207381,-1282.3684770297468,-1571.477142526196,2782.872016876143,-5758.722649415007,-1147.834282691172
2026-04-20 22:13:49.672,1721,1359.9144179800933,-4662.09169710972,-39.58363734366235,1469.5522987068305,-1284.1682919900534,-1573.2004246505046,2783.5500250498244,-5763.024024373192,-1149.4156942666968
2026-04-20 22:13:49.690,1722,1360.713872227856,-4665.284181786447,-40.11874267584292,1470.8018412138983,-1285.4785778562089,-1574.4347052954035,2785.9472775932913,-5765.6054703527525,-1149.2774810073554
2026-04-20 22:13:49.699,1723,1361.646635109861,-4668.344017417723,-40.51986320935849,1471.8022528472873,-1287.0369228290415,-1575.91682612696,2787.3495952570097,-5769.182334613411,-1150.1360680909484
2026-04-20 22:13:49.716,1724,1362.1795824359501,-4671.8055709859755,-41.322729614453664,1473.825599769693,-1287.5718924047248,-1576.3743036150456,2788.4801295502725,-5773.031930955095,-1151.267006730465
2026-04-20 22:13:49.724,1725,1363.5137896347549,-4674.466445671532,-41.326038608473176,1474.5854156669834,-1289.3708757862698,-1578.0955173458347,2789.8827148709383,-5776.610122396409,-1152.1256637751728
2026-04-20 22:13:49.742,1726,1364.8479416188798,-4677.126960746365,-41.32995155417945,1476.3391265242583,-1290.1773375790704,-1578.8249484113007,2791.7844956489316,-5779.6901735370475,-1152.4872860463724
2026-04-20 22:13:49.759,1727,1365.6485006879766,-4680.320639402714,-41.86649387109544,1476.5950612128659,-1292.4797953632612,-1581.0514501340988,2793.459849714151,-5782.996806257347,-1153.0758167909585
2026-04-20 22:13:49.770,1728,1366.7144414173472,-4683.24787343043,-42.13663917217443,1478.1064391561258,-1293.5256808634492,-1582.0208540438919,2795.0924869032274,-5786.347622968019,-1153.7113561005692
2026-04-20 22:13:49.788,1729,1367.3829179637569,-4686.571868137563,-42.80502589349673,1478.8582413784382,-1295.3321830214165,-1583.749843191818,2796.9544444503267,-5789.469750289748,-1154.1216284805241
2026-04-20 22:13:49.797,1730,1368.3155484964002,-4689.630004290011,-43.20581277953727,1479.8575063839423,-1296.890708814805,-1585.2289508125873,2798.633316319741,-5792.774200945964,-1154.7168049065313
2026-04-20 22:13:49.816,1731,1369.5128195877705,-4692.423778793692,-43.34169508479656,1480.8495971649124,-1298.457826102462,-1586.7173188954066,2800.854087697424,-5795.537012788626,-1154.7705023516369
2026-04-20 22:13:49.826,1732,1369.6462243324856,-4696.2824723486665,-44.5423759905639,1481.8501364651165,-1300.0178185276745,-1588.1984085414947,2802.5330179373846,-5798.841431434443,-1155.3655567361566
2026-04-20 22:13:49.846,1733,1370.1794928141223,-4699.741042328859,-45.34235291881932,1482.594450110952,-1301.8347059643752,-1589.9352292874853,2803.6698775071513,-5802.686885208955,-1156.5027855782223
2026-04-20 22:13:49.865,1734,1370.8454580481712,-4703.066394355454,-46.010374727306996,1483.6029007593604,-1303.387040824808,-1591.4085825894992,2804.85122984989,-5806.488786180902,-1157.5982540955395
2026-04-20 22:13:49.875,1735,1371.6436610879557,-4706.259264562025,-46.54673334747057,1484.1071535482374,-1305.4436773908794,-1593.3861699248998,2806.4889363822413,-5809.83531784376,-1158.238960591997
2026-04-20 22:13:49.893,1736,1372.7086666071393,-4709.185282698669,-46.81544459619391,1484.8514924397602,-1307.25954988233,-1595.1231910207223,2807.899153703084,-5813.409630903466,-1159.1084118221113
2026-04-20 22:13:49.903,1737,1374.0397148607028,-4711.846254249083,-46.818695511781584,1485.8436226044612,-1308.8259160713862,-1596.6112320246882,2809.807715007106,-5816.485896830278,-1159.4790387375951
2026-04-20 22:13:49.922,1738,1375.2384341715008,-4714.639596900177,-46.95428168230112,1487.3389855193227,-1309.8878531966006,-1597.5948838041745,2811.217527858247,-5820.060787237349,-1160.3477905079978
2026-04-20 22:13:49.932,1739,1376.1711982533689,-4717.698453002335,-47.355553018485566,1488.850090804977,-1310.933439113726,-1598.5637233155496,2812.1294026072414,-5824.13455236024,-1161.7156302788287
2026-04-20 22:13:50.099,1740,1378.0346648247112,-4719.8262232808465,-46.82594492368806,1490.097613422111,-1312.2417757491712,-1599.7959058168385,2813.31150233905,-5827.93793208604,-1162.8123457947124
2026-04-20 22:13:50.111,1741,1379.2325361888932,-4722.619307933266,-46.960675116709844,1491.0961468833098,-1313.796639459117,-1601.2746261544562,2814.493467637016,-5831.741535737711,-1163.9087807066978
2026-04-20 22:13:50.121,1742,1380.430320124393,-4725.414128750864,-47.09702870795848,1492.3506774250648,-1315.0966935759398,-1602.498854124991,2815.903799969289,-5835.316758349613,-1164.7772776059926
2026-04-20 22:13:50.132,1743,1380.6969384088652,-4729.13964060425,-48.163626438577936,1493.60646653167,-1316.3978964792288,-1603.7247966360806,2817.541605317427,-5838.664625685147,-1165.417970135814
2026-04-20 22:13:50.142,1744,1381.7619008629595,-4732.066763372714,-48.43087780236763,1494.8704870758304,-1317.692156123463,-1604.9434116870802,2818.90798980554,-5842.283671730077,-1166.3286422076324
2026-04-20 22:13:50.151,1745,1382.6931957182771,-4735.1265752542495,-48.83044345042984,1495.8783077045184,-1319.2421350541097,-1606.4177896503895,2820.8153017750283,-5845.3608926651195,-1166.6975394740803
2026-04-20 22:13:50.161,1746,1383.092540047301,-4738.719217413161,-49.76231744114647,1496.8708348234404,-1320.8078336817348,-1607.9067734728876,2822.267482944631,-5848.893539297205,-1167.5216415000507
2026-04-20 22:13:50.170,1747,1383.7582459108742,-4742.045749056596,-50.42921900751338,1497.8640775069148,-1322.3729855761874,-1609.3965954307018,2823.6762358564406,-5852.469455751142,-1168.3886819655415
2026-04-20 22:13:50.180,1748,1384.0246847632477,-4745.771730941673,-51.495085074292724,1498.865660704968,-1323.931742280139,-1610.8802272700323,2825.3552922548743,-5855.773513063942,-1168.9841511997909
2026-04-20 22:13:50.189,1749,1384.4245302932936,-4749.364826024358,-52.42808954705129,1499.8753114206575,-1325.483206782302,-1612.3570187449322,2826.535982837584,-5859.576222537574,-1170.0783561094063
2026-04-20 22:13:50.200,1750,1384.8247850986343,-4752.957834063261,-53.36211527002078,1501.133499228693,-1326.7857315002243,-1613.5863042082296,2827.9442684388437,-5863.151043893661,-1170.9450411174423
2026-04-20 22:13:50.210,1751,1386.5560078901556,-4755.220794824515,-52.96632490324608,1502.65543136037,-1327.8247557419513,-1614.551849960509,2829.5803161246067,-5866.498108990626,-1171.584498504981
2026-04-20 22:13:50.220,1752,1387.4897451502702,-4758.281751885121,-53.36852221413669,1504.162730013899,-1328.8792322960103,-1615.5322470765902,2830.5335923896478,-5870.527546161718,-1172.9059963494306
2026-04-20 22:13:50.229,1753,1388.1567941236606,-4761.61069530838,-54.03793602089695,1505.1585127837172,-1330.447374260562,-1617.025568798947,2831.9846049316384,-5874.058303489811,-1173.7283332085885
2026-04-20 22:13:50.238,1754,1389.2239757915174,-4764.54021384241,-54.30955220886147,1507.156302243086,-1331.0129117518027,-1617.5154651367798,2833.66336830782,-5877.361693562451,-1174.3235485100918
2026-04-20 22:13:50.247,1755,1390.2917960356324,-4767.469977368568,-54.583353086715015,1508.174027741082,-1332.5580418114419,-1618.9852579614994,2835.8394763839174,-5880.166375822656,-1174.4199553444284
2026-04-20 22:13:50.256,1756,1391.7597918447423,-4769.999836595231,-54.45797832635092,1508.6867972748717,-1334.6092195091474,-1620.9610202742233,2837.2902557725824,-5883.695939269111,-1175.2421244064303
2026-04-20 22:13:50.265,1757,1392.4314009135092,-4773.325603209357,-55.129683273971146,1509.4325646962325,-1336.4264057883256,-1622.7016823332312,2838.4267829152645,-5887.539918221534,-1176.3787068567487
2026-04-20 22:13:50.274,1758,1393.2331942794335,-4776.520358975436,-55.668579261425485,1511.4352476951776,-1336.9864177136544,-1623.182413580339,2839.108061274285,-5891.8377698053055,-1177.9686523964385
2026-04-20 22:13:50.284,1759,1393.9009930070663,-4779.850277057083,-56.34168155727663,1513.1883082002585,-1337.7947784775217,-1623.91061075408,2840.2873776083206,-5895.638003075654,-1179.060249184326
2026-04-20 22:13:50.293,1760,1396.0347757583331,-4781.715460676123,-55.550112625626966,1515.4368965878075,-1338.107246036972,-1624.1426688424795,2840.9687708326587,-5899.9349438608415,-1180.6499327352592
2026-04-20 22:13:50.303,1761,1397.6336799583796,-4784.113806926922,-55.29242579056249,1517.1805306330984,-1338.9249435389722,-1624.878574554261,2842.6014103702028,-5903.279785985108,-1181.2869505972192
2026-04-20 22:13:50.311,1762,1398.3014115498463,-4787.442501047061,-55.96520913876294,1518.1885001983067,-1340.4781501453572,-1626.348817765402,2844.5039533579456,-5906.354393244294,-1181.652197250254
2026-04-20 22:13:50.321,1763,1398.9723660477498,-4790.769115402677,-56.63658569002432,1519.4527330456938,-1341.7753312111745,-1627.5632089924336,2845.953070920673,-5909.882869533241,-1182.470768408795
2026-04-20 22:13:50.329,1764,1399.5063585423936,-4794.232647499941,-57.445267079549154,1519.9565240081786,-1343.832526772254,-1629.5373532345968,2847.9003787102956,-5912.914205678706,-1182.7925922498264
2026-04-20 22:13:50.339,1765,1401.2425889296285,-4796.494169765494,-57.05130115422828,1520.6997933559587,-1345.6508005871754,-1631.2724047219879,2849.3492974103865,-5916.4427548944495,-1183.6107192856075
2026-04-20 22:13:50.349,1766,1402.179675914,-4799.555843310454,-57.45729233781534,1522.1868713282845,-1346.7267474484634,-1632.2639047156515,2850.5267881427494,-5920.241885309552,-1184.700101736063
2026-04-20 22:13:50.358,1767,1402.7172059753868,-4803.016981005946,-58.26333515739109,1523.6813388253986,-1347.7952699701837,-1633.2454898388555,2852.882253219144,-5922.862121305539,-1184.6118803955574
2026-04-20 22:13:50.369,1768,1402.8514681198055,-4806.881235412693,-59.4727584809551,1524.4328504115445,-1349.6066202703485,-1634.9697831930587,2854.5580837399457,-5926.162303010821,-1185.2046021906965
2026-04-20 22:13:50.378,1769,1403.5205283594858,-4810.211895349538,-60.14922057195898,1526.1730892041537,-1350.4286870667331,-1635.702748205212,2855.9633112567785,-5929.73336018538,-1186.0682033535993
2026-04-20 22:13:50.388,1770,1405.3896899783326,-4812.342242919372,-59.626006967978185,1527.1715424390582,-1351.9931943766921,-1637.1777386413646,2857.4126423010075,-5933.260812582538,-1186.8884314232907
2026-04-20 22:13:50.396,1771,1406.5935189819807,-4815.137941523891,-59.76853026411576,1527.9236108465113,-1353.8070310441449,-1638.9025598678497,2859.542086665452,-5936.107829588189,-1187.0270885603568
2026-04-20 22:13:50.406,1772,1407.7973567461204,-4817.9339448805995,-59.911202894246856,1528.9152874482768,-1355.383281688608,-1640.3898244128698,2861.71533327055,-5938.910981374404,-1187.1216092517268
2026-04-20 22:13:50.415,1773,1408.4668514666848,-4821.2650654221725,-60.58914494601154,1530.4037838995437,-1356.4635827036946,-1641.3822733928705,2862.848366862553,-5942.753062288869,-1188.2543798188422
2026-04-20 22:13:50.425,1774,1409.8066059999321,-4823.926047927903,-60.597706144507875,1531.4051135978832,-1358.031475511291,-1642.8624736671468,2864.251739385857,-5946.323775715123,-1189.1157249839857
2026-04-20 22:13:50.437,1775,1410.87689793284,-4826.856266066441,-60.87768513227523,1532.1499457833268,-1359.8561495227168,-1644.6003407670673,2865.970265353558,-5949.5790554173755,-1189.6614980617371
2026-04-20 22:13:50.446,1776,1411.947061465484,-4829.786568715176,-61.15816151501049,1534.143869434903,-1360.4314779133076,-1645.087769706183,2867.1474270165045,-5953.3757480548165,-1190.7504663609307
2026-04-20 22:13:50.457,1777,1412.7568040556075,-4832.977348859167,-61.69775748784101,1535.1446491436734,-1361.9987083194767,-1646.5671762300756,2869.047048356665,-5956.447727508934,-1191.1141343108181
2026-04-20 22:13:50.466,1778,1413.6966628715566,-4836.0373541927665,-62.10774295970912,1535.9063613036292,-1363.8058804516288,-1648.2848461046672,2870.4488291040716,-5960.016742416874,-1191.9735300841471
2026-04-20 22:13:50.476,1779,1414.9018072443125,-4838.832934982399,-62.25279996098359,1536.906580630897,-1365.3736025328253,-1649.7630574382183,2872.3912963023085,-5963.042743345543,-1192.2897182000415
2026-04-20 22:13:50.486,1780,1415.572221135683,-4842.163681475465,-62.93376531394669,1537.4112603559206,-1367.4378262477467,-1651.7376637792704,2874.062060475658,-5966.339671449194,-1192.876668743421
2026-04-20 22:13:50.497,1781,1416.3780460746357,-4845.359277643664,-63.479917148503674,1539.1648382387486,-1368.2540228806233,-1652.463316853613,2875.68724905411,-5969.682571880933,-1193.5083363360975
2026-04-20 22:13:50.507,1782,1417.0487924766537,-4848.690929783863,-64.16224984105884,1540.165333808895,-1369.8233036326258,-1653.941380917845,2876.1388963458094,-5974.199751345101,-1195.3145960679046
2026-04-20 22:13:50.516,1783,1418.125960594623,-4851.616630441974,-64.43859934931335,1541.4228012961075,-1371.1367820991668,-1655.1618377804289,2877.539500970178,-5977.768408172553,-1196.1728504510681
2026-04-20 22:13:50.527,1784,1419.2023440448124,-4854.542410942927,-64.7146007528424,1543.1861472993378,-1371.9457229171064,-1655.877717721353,2877.9919799233135,-5982.286839293891,-1197.9821461419658
2026-04-20 22:13:50.537,1785,1420.2778563095333,-4857.468949368785,-64.98941605265722,1544.1782726337854,-1373.5254710290671,-1657.365872862745,2879.8913065859956,-5985.359703401577,-1198.345292349166
2026-04-20 22:13:50.549,1786,1420.9479990164127,-4860.8010972494185,-65.66897809139309,1544.6835689340517,-1375.5924552961592,-1659.3410229200595,2880.8410383696682,-5989.383378818049,-1199.658283382547
2026-04-20 22:13:50.559,1787,1421.2182162217828,-4864.533925688653,-66.74929543500538,1545.4369914614106,-1377.4117685598271,-1661.0681688790423,2882.7862808347954,-5992.412465442917,-1199.9766318567044
2026-04-20 22:13:50.571,1788,1422.023927855589,-4867.732332523975,-67.29479619822659,1547.1925945474434,-1378.229433619764,-1661.7943389138065,2884.643339096325,-5995.530652726756,-1200.3854062562227
2026-04-20 22:13:50.581,1789,1422.4297003470697,-4871.331206551904,-68.24135553651878,1548.4427346805107,-1379.5530490411006,-1663.0259890284067,2886.2299259940546,-5998.91937343904,-1201.0652487653344
2026-04-20 22:13:50.593,1790,1425.1027958657287,-4872.662247293508,-66.92058350155355,1549.9410088947948,-1380.6286844973258,-1664.009312836004,2887.6343095806146,-6002.491017647038,-1201.9279704117641
2026-04-20 22:13:50.607,1791,1426.1791738032425,-4875.588951545862,-67.19627795468043,1551.6768741570065,-1381.4665347798757,-1664.7535026924202,2889.3096649822996,-6005.79205666475,-1202.5195079622458
2026-04-20 22:13:50.618,1792,1426.9854587328027,-4878.78624660811,-67.74284723263612,1553.1643689961343,-1382.5536036844485,-1665.7451862673195,2891.2561546691754,-6008.822308802292,-1202.8404098414592
2026-04-20 22:13:50.630,1793,1428.1967319295,-4881.577804183113,-67.88333585022271,1553.9088117555284,-1384.3856880991993,-1667.482270977046,2892.8877158229725,-6012.166948766968,-1203.476312737122
2026-04-20 22:13:50.639,1794,1428.6016890064466,-4885.17508669362,-68.82845041746167,1555.4179864797288,-1385.4551132345493,-1668.4566346306608,2893.8390356103664,-6016.192535933855,-1204.7934707907161
2026-04-20 22:13:50.652,1795,1429.4063764539974,-4888.3725857968475,-69.37221224843915,1556.6690643556651,-1386.781899011198,-1669.6886465372893,2895.741707536322,-6019.266943860954,-1205.1591845252788
2026-04-20 22:13:50.664,1796,1430.4817233426093,-4891.300844970424,-69.64658865637966,1557.6716294508067,-1388.3567354186084,-1671.1692215225933,2896.875507957445,-6023.10950656832,-1206.2929190592783
2026-04-20 22:13:50.677,1797,1431.553106364704,-4894.233974102791,-69.9268866006953,1559.161383964762,-1389.4456722824043,-1672.1626611620027,2898.507261874104,-6026.454634807631,-1206.929526124238
2026-04-20 22:13:50.692,1798,1431.8239225859152,-4897.968646790019,-71.0100199826718,1559.6576728042583,-1391.528737111601,-1674.1478230998846,2899.912398361262,-6030.026779100659,-1207.7928347160214
2026-04-20 22:13:50.702,1799,1433.3028083239662,-4900.495908625009,-70.8864597299519,1560.8987239871158,-1392.866540855914,-1675.3886310417188,2900.907695484723,-6034.007986822542,-1209.0653371184271
2026-04-20 22:13:50.716,1800,1433.9746400359538,-4903.8315333380315,-71.57014325286826,1561.6533251511494,-1394.6915053768303,-1677.1177848443938,2902.3127192929815,-6037.58030358463,-1209.9287509094988
2026-04-20 22:13:50.727,1801,1434.646680423078,-4907.167262411845,-72.25422798374522,1562.666129744059,-1396.2584735104203,-1678.5893416362176,2903.7173946857865,-6041.152688160218,-1210.791802188271
2026-04-20 22:13:50.740,1802,1435.3239716732849,-4910.49770513295,-72.931792819248,1563.688685240926,-1397.8163579756304,-1680.0507086242233,2904.894756097984,-6044.951838902297,-1211.8801585374576
2026-04-20 22:13:50.750,1803,1437.0624319566102,-4912.766851371917,-72.54708430823356,1564.9507112041472,-1399.1358537890367,-1681.274030566742,2907.023065397209,-6047.80044238209,-1212.017655750926
2026-04-20 22:13:50.763,1804,1438.1346894736787,-4915.70251665097,-72.82888648913591,1565.9454291752156,-1400.7232114676888,-1682.7664781265223,2909.7382584931856,-6050.062443423992,-1211.569087553768
2026-04-20 22:13:50.776,1805,1439.2072304066407,-4918.638198057309,-73.11107889974977,1566.9498525321521,-1402.3000582301936,-1684.2493776428933,2911.3701535290343,-6053.4080088492055,-1212.205158317429
2026-04-20 22:13:50.786,1806,1440.686223003587,-4921.1677278055695,-72.98679844781536,1568.21326861211,-1403.6189116061232,-1685.475412148218,2913.544189149905,-6056.211198750691,-1212.3003010707089
2026-04-20 22:13:50.799,1807,1441.2223620279494,-4924.639800561552,-73.8049103601497,1568.9698174856705,-1405.4448677569821,-1687.2095873167168,2914.949329491824,-6059.7825210266865,-1213.1635924931986
2026-04-20 22:13:50.809,1808,1442.0293906153552,-4927.841881245378,-74.3518907888831,1570.2333844047862,-1406.7635152214177,-1688.4367648198286,2917.6198870598196,-6062.087214791893,-1212.761245249655
2026-04-20 22:13:50.822,1809,1443.7741064371626,-4930.107258757102,-73.96142718556447,1571.247890278123,-1408.3309549696467,-1689.912704836316,2919.522206813751,-6065.160419024755,-1213.1269463201356
2026-04-20 22:13:50.832,1810,1444.0448252771077,-4933.846479948716,-75.04498648392861,1572.7600653505037,-1409.3996894804354,-1690.8905721839503,2920.4734869373397,-6069.185247395047,-1214.4444852857125
2026-04-20 22:13:50.847,1811,1444.8525063324516,-4937.04972129493,-75.59243976089947,1574.2635729024134,-1410.4776952011493,-1691.8785304499268,2923.1013978458345,-6071.534247862037,-1214.0862770556394
2026-04-20 22:13:50.857,1812,1445.1239125314994,-4940.790211777597,-76.67755107524687,1576.0265583422276,-1411.296670406384,-1692.608760405255,2923.5551326077516,-6076.057776554086,-1215.9015423109188
2026-04-20 22:13:50.870,1813,1445.8035862952208,-4944.122223739861,-77.35692050801788,1577.7984737241964,-1412.1063941025009,-1693.3302252881638,2924.7775071165133,-6079.812429902245,-1216.948374426195
2026-04-20 22:13:50.884,1814,1446.2115440765376,-4947.725261970046,-78.30824480711681,1579.579776971756,-1412.907018574636,-1694.0438040042648,2925.2313855909188,-6084.335678616894,-1218.763771375865
2026-04-20 22:13:50.895,1815,1446.8840073764336,-4951.062807796153,-78.99348223145499,1580.8362382959244,-1414.2331597701443,-1695.2831696595738,2926.453997248466,-6088.090637495184,-1219.8119685813388
2026-04-20 22:13:50.909,1816,1447.4202372928885,-4954.534610130963,-79.81229041054509,1581.5935362786697,-1416.0589100944248,-1697.0215780168694,2928.088264849322,-6091.434630416077,-1220.450537889914
2026-04-20 22:13:50.918,1817,1447.95635259091,-4958.006055678948,-80.63050018283035,1582.359876112577,-1417.875745367992,-1698.7514613037308,2930.306694620927,-6094.194129634876,-1220.5051934959797
2026-04-20 22:13:50.931,1818,1448.6278867474564,-4961.342479841059,-81.31264378072323,1584.1153784796957,-1418.7023181494199,-1699.4913574501195,2931.259114074024,-6098.219351859238,-1221.8260020142716
2026-04-20 22:13:50.941,1819,1449.6999306437092,-4964.278064910022,-81.59330436456226,1585.6382040828132,-1419.7605727151101,-1700.4632955677275,2932.2117423449436,-6102.245351751691,-1223.1471614639372
2026-04-20 22:13:50.953,1820,1450.6413432061697,-4967.344092764395,-82.00351010370284,1586.9028482244246,-1421.0762564708768,-1701.6934542556974,2933.121833382705,-6106.314313964358,-1224.5120307500229
2026-04-20 22:13:50.966,1821,1451.447562529952,-4970.5441213199565,-82.54874092079821,1588.150061903838,-1422.4083655032628,-1702.9410359729384,2935.027743459151,-6109.386831493233,-1224.8817899513829
2026-04-20 22:13:50.977,1822,1452.7895374026452,-4973.207981848971,-82.5588256977914,1589.6647190293477,-1423.4734058479116,-1703.9232638633607,2937.1183952527963,-6112.275393104264,-1225.0665686034124
2026-04-20 22:13:50.991,1823,1453.3251343612358,-4976.678005391036,-83.37454497271702,1590.6631089216803,-1425.0548662139554,-1705.4212148017498,2939.024701820321,-6115.348612846717,-1225.436274829114
2026-04-20 22:13:51.000,1824,1453.9962951264238,-4980.012475613303,-84.05596573430617,1591.6780218726794,-1426.619658425974,-1706.9009537470895,2940.475393721514,-6118.876664130916,-1226.2607636470266
2026-04-20 22:13:51.014,1825,1454.9386655215405,-4983.0763950749515,-84.46813930985137,1592.4273200181487,-1428.4524664872908,-1708.6488961530995,2941.9262814131143,-6122.40475499307,-1227.0852739785448
2026-04-20 22:13:51.023,1826,1456.011259993367,-4986.010550483134,-84.75175731891777,1593.442514549527,-1430.0178316015167,-1710.1293209756655,2942.3814298892503,-6126.928639887225,-1228.905933943767
2026-04-20 22:13:51.036,1827,1456.4173852173349,-4989.609973699866,-85.69972373701708,1594.4486752405535,-1431.5905474262706,-1711.617150005004,2944.0598910298645,-6130.229333848779,-1229.502793599514
2026-04-20 22:13:51.046,1828,1457.0889472397275,-4992.945319763269,-86.38270199881829,1595.7045847283887,-1432.9136314638054,-1712.8559266517818,2945.467537945564,-6133.80018326578,-1230.3695548312623
2026-04-20 22:13:51.058,1829,1457.8962919204916,-4996.146490576853,-86.93045717154918,1597.2192515783208,-1433.9791788068128,-1713.837630053755,2946.1503534060857,-6138.096682478565,-1231.9628594244275
2026-04-20 22:13:51.073,1830,1458.839417347405,-4999.211810735792,-87.342739613886,1598.2260530529645,-1435.5523940021853,-1715.3268085894003,2947.601290582015,-6141.624577341716,-1232.7874930920057
2026-04-20 22:13:51.081,1831,1459.7820660177813,-5002.276764883406,-87.75488045002452,1599.4737778539693,-1436.8843698582696,-1716.5744924352125,2949.2796974053017,-6144.925534040717,-1233.3843726706866
2026-04-20 22:13:51.095,1832,1460.5834741156177,-5005.4826081043675,-88.30755903090648,1599.9729261125158,-1438.9633916513242,-1718.5706291803372,2950.005052559659,-6149.179460595099,-1234.9336014578528
2026-04-20 22:13:51.105,1833,1462.1922465648106,-5007.881399143462,-88.0534120300222,1601.2206164145264,-1440.2935900207867,-1719.8182782478166,2951.1851617591155,-6152.978376815603,-1236.027614399633
2026-04-20 22:13:51.118,1834,1463.671711105029,-5010.409742108962,-87.92965290415947,1602.733825717055,-1441.357835062607,-1720.7996115378332,2952.5932740699586,-6156.549904800272,-1236.8945502399254
2026-04-20 22:13:51.127,1835,1464.479366248054,-5013.61020405135,-88.47860806552835,1604.7370621506427,-1441.9331329938836,-1721.2901295050588,2954.954745619821,-6159.1676052820585,-1236.809024859802
2026-04-20 22:13:51.142,1836,1465.0222751933748,-5017.074820307357,-89.29259569231459,1605.7433205305579,-1443.5062545676326,-1722.7777880743822,2957.3152132319024,-6161.785272730688,-1236.7232374478642
2026-04-20 22:13:51.157,1837,1465.6938631315197,-5020.409752668238,-89.97616867179279,1606.0010086154814,-1445.825951006012,-1725.0128210890712,2959.448050989617,-6164.630187599895,-1236.864881402595
2026-04-20 22:13:51.167,1838,1466.495460129392,-5023.615843677776,-90.53049951039092,1607.0060048002915,-1447.3979536592599,-1726.4988853876187,2961.3969082432914,-6167.66003868195,-1237.1916417333782
2026-04-20 22:13:51.181,1839,1467.167475562151,-5026.952260565049,-91.21468528994734,1608.2773616889315,-1448.7038857967837,-1727.7183280197619,2962.805559077672,-6171.230165236176,-1238.059608667009
2026-04-20 22:13:51.189,1840,1467.3030044594714,-5030.825281209706,-92.4349893572451,1609.5408594458988,-1450.018684159748,-1728.9474030753993,2964.256747023068,-6174.757672772985,-1238.8854409450105
2026-04-20 22:13:51.201,1841,1469.0470630835694,-5033.089060129461,-92.04480930961887,1610.7960338419389,-1451.3413774141827,-1730.1853034195826,2965.6235537883863,-6178.370559601376,-1239.796776270911
2026-04-20 22:13:51.211,1842,1470.1240862384866,-5036.019050385516,-92.32055770001325,1611.2946467332483,-1453.4204523074486,-1732.179944809887,2966.8049928925325,-6182.169156028521,-1240.8937770991652
2026-04-20 22:13:51.224,1843,1471.0703298100007,-5039.080361715352,-92.72635665950637,1612.5671514673445,-1454.7264517594745,-1733.4021344553155,2968.2143623636985,-6185.739785405236,-1241.7627539768687
2026-04-20 22:13:51.234,1844,1471.0703298100007,-5043.0880397207575,-94.07874475586117,1614.3233517326648,-1455.5506946295677,-1734.142939231872,2970.0800441763295,-6188.853265773458,-1242.1766715517094
2026-04-20 22:13:51.248,1845,1471.3407482104199,-5046.824719488988,-95.16029374821609,1615.8303174566865,-1456.6243469897638,-1735.1336989938668,2970.535978126731,-6193.376364881953,-1244.0006357298935
2026-04-20 22:13:51.263,1846,1471.4758454076116,-5050.695488526754,-96.37621154117078,1617.0795049330768,-1457.9556323831189,-1736.382655847828,2972.1736041367258,-6196.718591760939,-1244.6426833986714
2026-04-20 22:13:51.272,1847,1472.1462558736268,-5054.030156695005,-97.05526890718532,1618.0865074295707,-1459.5277756188943,-1737.873060041631,2973.583263627536,-6200.289568970896,-1245.51206612298
2026-04-20 22:13:51.285,1848,1473.2208184565195,-5056.960953114203,-97.32901746388814,1619.3423134443633,-1460.8512785110213,-1739.1129887245802,2974.7231165483777,-6204.12980775461,-1246.651663519729
2026-04-20 22:13:51.295,1849,1473.894440857339,-5060.293688074402,-98.00242426799728,1620.608179599348,-1462.1669804281112,-1740.3453484291222,2975.4073967520126,-6208.425349604358,-1248.2479315653022
2026-04-20 22:13:51.310,1850,1475.500684972229,-5062.693793097387,-97.7449100850632,1620.866348515209,-1464.4894181960879,-1742.5845045486135,2976.7766251228386,-6212.036674963393,-1249.1607437484754
2026-04-20 22:13:51.319,1851,1476.437125234455,-5065.764653430135,-98.15868390219104,1622.6227910822888,-1465.3128573678282,-1743.3255306153997,2978.872720966852,-6214.921331269516,-1249.347398052324
2026-04-20 22:13:51.332,1852,1476.9772325903336,-5069.232721778071,-98.96881062262686,1623.8960758259393,-1466.6188303345946,-1744.5490213715948,2980.740674326917,-6218.033949170667,-1249.7626380573163
2026-04-20 22:13:51.345,1853,1477.6541164047185,-5072.565561756714,-99.64574182520637,1625.4018928128344,-1467.6908876925777,-1745.5392613826507,2981.9236313281417,-6221.83155540215,-1250.8628433326505
2026-04-20 22:13:51.354,1854,1478.7325733389212,-5075.497735546774,-99.92199203288274,1626.6577896034917,-1469.0121717460986,-1746.7787220494808,2983.1060541505494,-6225.628823414026,-1251.9623569322566
2026-04-20 22:13:51.367,1855,1479.5402530020376,-5078.7009344661965,-100.46983636228535,1627.4063253000274,-1470.841357734479,-1748.5254479834832,2985.013816706789,-6228.700132242516,-1252.3348646437403
2026-04-20 22:13:51.376,1856,1481.0196359053232,-5081.232544492162,-100.34487350281155,1628.6712501825405,-1472.155935381957,-1749.7571168986865,2988.144844561003,-6230.548136119033,-1251.482630718848
2026-04-20 22:13:51.390,1857,1481.4257499008847,-5084.837734809325,-101.29294503747774,1629.6785516443533,-1473.7281939823974,-1751.2473792856758,2989.5543082535087,-6234.117515617989,-1252.351877771315
2026-04-20 22:13:51.399,1858,1482.7651773356051,-5087.511102170726,-101.30884042403216,1630.9273151764698,-1475.0594445022866,-1752.4964395732995,2991.190815457821,-6237.4593582638,-1252.992758779705
2026-04-20 22:13:51.413,1859,1483.5734346701115,-5090.715897945226,-101.85745836339419,1631.6763600733705,-1476.890765746353,-1754.2443302016513,2992.102202349512,-6241.527386273747,-1254.3596843944442
2026-04-20 22:13:51.422,1860,1484.5171421490038,-5093.784968317457,-102.26985928277058,1632.4503961611583,-1478.696716303106,-1755.9660368273207,2993.0140654727725,-6245.595262345489,-1255.7274868494765
2026-04-20 22:13:51.436,1861,1485.4610892252772,-5096.853598820844,-102.68240696022592,1634.4625222761165,-1479.2634449038558,-1756.4479963197039,2994.736113262077,-6248.853543341895,-1256.285531871101
2026-04-20 22:13:51.451,1862,1486.6707160287285,-5099.656398024945,-102.83001858065191,1635.4606216225673,-1480.8455299726284,-1757.9452256547079,2996.913863928908,-6251.655785776354,-1256.387302480165
2026-04-20 22:13:51.460,1863,1487.7443252384019,-5102.5950324794185,-103.11257749074932,1636.4678000849349,-1482.42095009199,-1759.4346244642397,2998.3231296739064,-6255.225948124979,-1257.2566183906322
2026-04-20 22:13:51.475,1864,1488.4169000065485,-5105.935638270621,-103.7960418682325,1637.724860897621,-1483.7466657349728,-1760.6744116392833,2999.5043817287424,-6259.02442345269,-1258.3531838812962
2026-04-20 22:13:51.484,1865,1489.625894652681,-5108.738404018716,-103.94211595740586,1638.9819656401012,-1485.0716922123383,-1761.914344403734,3000.912623960045,-6262.594757934689,-1259.2208190359165
2026-04-20 22:13:51.499,1866,1490.4338240733514,-5111.941674945354,-104.49033927970562,1639.9810073056963,-1486.6543277190933,-1763.4124701935755,3001.5952078717346,-6266.889750450296,-1260.8134858237997
2026-04-20 22:13:51.508,1867,1491.2411624635054,-5115.144505661783,-105.03746455203526,1640.9967927946411,-1488.2199575653863,-1764.8939596119346,3003.2731370959145,-6270.189554677676,-1261.4103032403145
2026-04-20 22:13:51.523,1868,1492.7209022799864,-5117.674318694508,-104.91310472429916,1643.0201055259981,-1488.777335486053,-1765.368724010446,3003.9986282236728,-6274.442338232483,-1262.9597651152299
2026-04-20 22:13:51.539,1869,1492.9924880070296,-5121.412545059283,-105.99825840735267,1644.7779004775377,-1489.6009271920523,-1766.1105708815214,3005.3648761184645,-6278.055375007623,-1263.870563316055
2026-04-20 22:13:51.548,1870,1494.2093676834058,-5124.206188721032,-106.14081264527385,1645.2779074657699,-1491.6826571001984,-1768.1107169485347,3006.5460953159286,-6281.853775217058,-1264.9665440258518
2026-04-20 22:13:51.564,1871,1496.093808545474,-5126.332861360808,-105.61855441275594,1646.5524061184801,-1492.9900930343365,-1769.3360032300425,3007.2297773818655,-6286.149564238141,-1266.5614050529416
2026-04-20 22:13:51.573,1872,1497.30529392091,-5129.132569433357,-105.77126582144173,1647.5685831464182,-1494.5563430278803,-1770.819030405221,3008.4115495444607,-6289.947573735849,-1267.659221233586
2026-04-20 22:13:51.590,1873,1497.9877805055098,-5132.461225511408,-106.45361536967476,1648.826406478486,-1495.8807520343184,-1772.0602426666646,3010.0914823092917,-6293.24790801944,-1268.2591983955074
2026-04-20 22:13:51.601,1874,1498.6615382748387,-5135.798175686157,-107.14337912648182,1649.575772606189,-1497.7131851150223,-1773.8088329832124,3012.2281233260987,-6296.092776171332,-1268.4033355698043
2026-04-20 22:13:51.618,1875,1499.3352867952522,-5139.134707394839,-107.83294612103198,1650.3250558807774,-1499.545466449715,-1775.5569992275853,3013.680663813145,-6299.622522473853,-1269.2316260084904
2026-04-20 22:13:51.634,1876,1500.14499705584,-5142.334861262826,-108.38569304590189,1651.0910278603833,-1501.3610171377845,-1777.288034365004,3014.6349582902594,-6303.649874186194,-1270.5577160416897
2026-04-20 22:13:51.644,1877,1501.2270479915283,-5145.2617927799065,-108.66596146869372,1652.856594348741,-1502.1784597816793,-1778.0203652856235,3017.4968575931252,-6305.769410185422,-1269.975118266818
2026-04-20 22:13:51.661,1878,1501.7719359860826,-5148.726412459309,-109.48349604149786,1654.8721937023602,-1502.7451811867381,-1778.5034185163124,3018.864175756664,-6309.383906502368,-1270.8866736590655
2026-04-20 22:13:51.671,1879,1502.9824898565873,-5151.526089711857,-109.63451324599214,1656.3882546118657,-1503.8119132364734,-1779.4860339360225,3020.316037221318,-6312.9126587515875,-1271.7130942440165
2026-04-20 22:13:51.686,1880,1504.0567585727222,-5154.462140897288,-109.92132265024489,1656.888084555106,-1505.894989744128,-1781.484942720844,3021.7250372405415,-6316.484106983547,-1272.5814954783064
2026-04-20 22:13:51.696,1881,1504.9947959224457,-5157.53423586908,-110.34327604584587,1657.646027147,-1507.7190594854992,-1783.2248911266104,3023.632344164437,-6319.557861738338,-1272.9518541741768
2026-04-20 22:13:51.711,1882,1505.5389418083917,-5161.000679353196,-111.15936858748611,1659.1455097199118,-1508.802232108135,-1784.2246743646137,3025.270287551426,-6322.901927964448,-1273.5934153224666
2026-04-20 22:13:51.720,1883,1506.3558829648653,-5164.194012402329,-111.70430832444404,1660.662217794573,-1509.8683665633498,-1785.2079639366243,3027.407595052858,-6325.747071006812,-1273.7372486967517
2026-04-20 22:13:51.736,1884,1507.8316013465321,-5166.728886527039,-111.59221397950152,1661.9286051798208,-1511.1840089481143,-1786.4412634871617,3029.546163619335,-6328.590738728444,-1273.88308768196
2026-04-20 22:13:51.751,1885,1509.7169321213698,-5168.855083912071,-111.07077076588776,1662.929030370062,-1512.7657772166203,-1787.9416971657479,3030.6892690978893,-6332.428921268132,-1275.026021026592
2026-04-20 22:13:51.762,1886,1511.2021455275426,-5171.382078748392,-110.9510171032285,1664.1960362620964,-1514.0810439079921,-1789.1766211778097,3032.6410055189817,-6335.4583296233195,-1275.3611584699502
2026-04-20 22:13:51.777,1887,1512.4060998918012,-5174.191564212024,-111.11368583771983,1665.7049688876195,-1515.1537633702508,-1790.1691402909341,3033.5554540633602,-6339.52519965273,-1276.7333003924687
2026-04-20 22:13:51.786,1888,1513.755679462146,-5176.8564424722435,-111.13091712009084,1667.2290863941325,-1516.2096637985674,-1791.1450986473108,3035.1966361879067,-6342.86604386495,-1277.3781591604622
2026-04-20 22:13:51.803,1889,1514.969311476396,-5179.658690327988,-111.28537239001686,1668.48718537456,-1517.5317679134484,-1792.3873649983418,3036.8380417895487,-6346.207392617614,-1278.023056571947
2026-04-20 22:13:51.812,1890,1515.1060481697211,-5183.539035147652,-112.51714648598802,1669.9868249505914,-1518.6118318907006,-1793.387106742059,3038.520916573219,-6349.508131013781,-1278.6277071525
2026-04-20 22:13:51.827,1891,1515.918844602488,-5186.74350496462,-113.07427816230228,1671.2692155902246,-1519.910239088145,-1794.6053944639277,3039.4366055326254,-6353.577647743754,-1280.0014038375784
2026-04-20 22:13:51.844,1892,1516.9963465566605,-5189.683497845887,-113.3668723035292,1672.2783815287992,-1521.4836315756725,-1796.0991876033193,3040.5813929022256,-6357.41960529076,-1281.1464246499102
2026-04-20 22:13:51.854,1893,1518.2214963009662,-5192.476355636876,-113.51383584566572,1673.2874014670829,-1523.0568490757973,-1797.5927933765852,3041.9957696869806,-6360.992475038796,-1282.0213127586524
2026-04-20 22:13:51.870,1894,1519.7013239669202,-5195.013892642163,-113.40728540562282,1675.0554863657367,-1523.8716388515638,-1798.327653625979,3044.17830223065,-6363.796905450861,-1282.127054451258
2026-04-20 22:13:51.879,1895,1519.9758545990069,-5198.756956923519,-114.50567966025076,1676.3308461567306,-1525.1793094956395,-1799.554972892503,3045.09427141621,-6367.86909453861,-1283.500942765966
2026-04-20 22:13:51.895,1896,1520.927358952928,-5201.823045900661,-114.92880090470719,1677.340378582333,-1526.7535247891412,-1801.0496699132448,3047.0085416730326,-6370.943574207993,-1283.8776137177642
2026-04-20 22:13:51.905,1897,1522.016486879382,-5204.750794234593,-115.21431848046875,1678.3500982183125,-1528.3274577399584,-1802.5445861929998,3048.8830387176326,-6374.058044917238,-1284.2960053729023
2026-04-20 22:13:51.925,1898,1523.3691450182007,-5207.414631761801,-115.23536128760712,1679.3605920807192,-1529.9024460471587,-1804.0405234907128,3049.8014641087334,-6378.129792775357,-1285.6727988584582
2026-04-20 22:13:51.934,1899,1524.858834980992,-5209.941622232617,-115.11854960983644,1680.1204792806368,-1531.7282864665774,-1805.7872205897688,3052.4464671638425,-6380.474652879102,-1285.323928595844
2026-04-20 22:13:51.950,1900,1525.3978933302537,-5213.419482203334,-115.95231399225746,1680.8805693315285,-1533.5546372721299,-1807.5342701838385,3054.5925469142376,-6383.3187919112825,-1285.4739983109966
2026-04-20 22:13:51.965,1901,1527.015052125052,-5215.8189806796345,-115.70896349914707,1682.1421308061956,-1534.8802594147803,-1808.77999287533,3056.199748256264,-6386.702112183213,-1286.1628603711733
2026-04-20 22:13:51.975,1902,1528.2416161723318,-5218.6094232185005,-115.85724023912533,1683.6550929155983,-1535.9551356893458,-1809.775207429648,3057.616770318489,-6390.275419546051,-1287.0407817001924
2026-04-20 22:13:51.991,1903,1529.0451050403929,-5221.82321925416,-116.42957659850144,1684.4236464375404,-1537.7745729014644,-1811.5151814155258,3059.761602305437,-6393.120414781279,-1287.1896102624735
2026-04-20 22:13:52.000,1904,1530.2607636466557,-5224.624270784167,-116.5883566949445,1685.9534075879983,-1538.8337429094202,-1812.4954022011873,3060.9889991316045,-6396.882899570212,-1288.2556177651172
2026-04-20 22:13:52.016,1905,1530.8106799507852,-5228.091717341003,-117.4131549208439,1686.45501441864,-1540.9194861498536,-1814.5021177154279,3063.173938217044,-6399.6877367009365,-1288.3642293590856
2026-04-20 22:13:52.026,1906,1532.427503492823,-5230.490934019452,-117.1695256760223,1687.976440580416,-1541.9872210223655,-1815.4899016351644,3064.0911292811975,-6403.761304951198,-1289.7401964317237
2026-04-20 22:13:52.043,1907,1533.1037092313175,-5233.830412243486,-117.86660837733395,1689.498279825079,-1543.0555046170562,-1816.4775835260511,3066.506045488948,-6406.3376954314335,-1289.6188891155791
2026-04-20 22:13:52.059,1908,1533.3783299254108,-5237.570340113285,-118.96454495263808,1690.518493693182,-1544.6267966877394,-1817.968271011523,3068.651996696802,-6409.183263714486,-1289.7681667764502
2026-04-20 22:13:52.068,1909,1534.0541953414727,-5240.908872806692,-119.66091301694824,1691.2728320043934,-1546.4665872567875,-1819.7281415242155,3070.069271439776,-6412.758437748765,-1290.6461441158813
2026-04-20 22:13:52.087,1910,1535.5323234070474,-5243.444148514565,-119.55368287946776,1692.5467964799263,-1547.7882413815998,-1820.970404586212,3071.2570273619426,-6416.563516592144,-1291.7533815955578
2026-04-20 22:13:52.097,1911,1536.2076948869064,-5246.782344429412,-120.24873945798947,1694.0644338711902,-1548.8672753053495,-1821.9687196860045,3072.714683511788,-6420.099194462899,-1292.591204668948
2026-04-20 22:13:52.118,1912,1536.8929420626816,-5250.111286483898,-120.93409927224404,1695.0872303112822,-1550.4415902782025,-1823.4629505269033,3073.902188486743,-6423.904509289529,-1293.6977431176624
2026-04-20 22:13:52.130,1913,1538.6446131148646,-5252.373752662736,-120.55108967387666,1696.0937999863531,-1552.032854488335,-1824.972940560622,3075.359887314191,-6427.440439872773,-1294.53482105884
2026-04-20 22:13:52.148,1914,1539.3194616887026,-5255.711685219275,-121.24413553248158,1696.6049545162016,-1554.1184127690105,-1826.9766298755615,3076.5080815212887,-6431.287008960578,-1295.682933781119
2026-04-20 22:13:52.157,1915,1540.0036930371805,-5259.041018738951,-121.92836712576919,1697.359583797768,-1555.960857795569,-1828.737352669774,3077.4671146057385,-6435.323072016594,-1297.021450738344
2026-04-20 22:13:52.174,1916,1540.1408145424098,-5262.918623208982,-123.16147274330179,1698.6332885562197,-1557.2838933803926,-1829.9784028902359,3078.8860984815133,-6438.899225254435,-1297.900582021854
2026-04-20 22:13:52.190,1917,1541.7570886207363,-5265.317817707859,-122.91668827674654,1700.6942535914377,-1557.8200613448164,-1830.4314914335712,3080.764030295107,-6442.015535189657,-1298.3202109882798
2026-04-20 22:13:52.200,1918,1543.3836466851396,-5267.706195186346,-122.66277849145258,1702.2096452993633,-1558.9016885865474,-1831.427503780693,3082.682257781897,-6445.0922203486325,-1298.7000766428914
2026-04-20 22:13:52.216,1919,1544.5976768380635,-5270.505911611447,-122.81965095263776,1703.9931943596075,-1559.7153900204592,-1832.1547617684037,3084.8704690348777,-6447.899284737408,-1298.810589491123
2026-04-20 22:13:52.225,1920,1546.2127766891915,-5272.904730643514,-122.57468949399757,1705.2483738258884,-1561.0571402600385,-1833.4098566957225,3086.2501413265695,-6451.515152785962,-1299.730272816124
2026-04-20 22:13:52.242,1921,1547.0249079138493,-5276.105933636503,-123.13123297324684,1706.7633845208989,-1562.1386204173423,-1834.4054607930163,3087.8999745705055,-6454.861128757353,-1300.3812067008332
2026-04-20 22:13:52.253,1922,1547.435417148725,-5279.7083128116465,-124.08900743564922,1707.5249726269117,-1563.973815015092,-1836.1542526175413,3089.3598247714144,-6458.397857284966,-1301.2237532686008
2026-04-20 22:13:52.271,1923,1548.5119552221786,-5282.64513639012,-124.38139599742516,1708.0357859230242,-1566.060769657992,-1838.153986773722,3090.2808437408808,-6462.473432636473,-1302.6053595579351
2026-04-20 22:13:52.289,1924,1549.187470607545,-5285.983022826127,-125.07643600995907,1709.049257239934,-1567.6461237970832,-1839.6524093502676,3091.4715525006527,-6466.279374538863,-1303.7175515457197
2026-04-20 22:13:52.298,1925,1550.4012032981557,-5288.783213996638,-125.2330782308386,1710.574113372173,-1568.7203402523353,-1840.6401430215356,3093.392455336755,-6469.355886825752,-1304.1002672144882
2026-04-20 22:13:52.316,1926,1552.0157718151522,-5291.18231865611,-124.98709514032721,1711.8390882821873,-1570.0548980509604,-1841.88761524543,3094.8140850685954,-6472.93275986761,-1304.9830260999122
2026-04-20 22:13:52.326,1927,1553.0923929230598,-5294.120317134014,-125.27932111117768,1713.113191584941,-1571.3808293475824,-1843.1282913280602,3096.46613071998,-6476.279272332438,-1305.6353463512216
2026-04-20 22:13:52.343,1928,1554.040647068803,-5297.186384873338,-125.69839685884733,1713.8683337729428,-1573.2272182493207,-1844.8901474774448,3099.117482995943,-6478.625704462994,-1305.2882507047282
2026-04-20 22:13:52.353,1929,1554.5868055893254,-5300.654171231759,-126.5173326074883,1714.6399813407056,-1575.0555752934438,-1846.6349381425453,3100.3087462556214,-6482.432502443379,-1306.4018665461256
2026-04-20 22:13:52.369,1930,1555.5341579063952,-5303.720470018565,-126.93480997921759,1716.6856042415322,-1575.609239168082,-1847.1042750281883,3101.9624005209744,-6485.777596892073,-1307.0557413601684
2026-04-20 22:13:52.379,1931,1556.7466808910572,-5306.521920796103,-127.08787800326942,1717.95948207355,-1576.9346392264117,-1848.343723024527,3104.8479915167736,-6487.891351238415,-1306.4796877800386
2026-04-20 22:13:52.396,1932,1557.6859159808341,-5309.596271326821,-127.51416435112527,1718.964629148344,-1578.5294281142328,-1849.8517539485524,3106.3094297541566,-6491.428578894531,-1307.3270430361908
2026-04-20 22:13:52.414,1933,1559.2999583917972,-5311.997025465947,-127.2657871940051,1720.4905245655325,-1579.6037930827913,-1850.840899389546,3107.2714111177975,-6495.4662552278105,-1308.6751008760723
2026-04-20 22:13:52.426,1934,1559.8382982452179,-5315.474703462463,-128.0942773066528,1721.765071907181,-1580.929741877499,-1852.0812255232513,3107.9646540801186,-6499.773432595667,-1310.2932032243493
2026-04-20 22:13:52.445,1935,1560.7785478523194,-5318.55099225493,-128.52284531889978,1722.7709993020378,-1582.5246292763616,-1853.5907834473358,3109.851309017528,-6502.887681577997,-1310.7175423782048
2026-04-20 22:13:52.455,1936,1561.454035287366,-5321.8919459156605,-129.21676797576313,1723.7870245535412,-1584.1120537608108,-1855.0935657218663,3111.7761839170203,-6505.964061877128,-1311.1041035263029
2026-04-20 22:13:52.473,1937,1562.2664348734277,-5325.095596323398,-129.77359663383785,1725.3159092483736,-1585.188064712858,-1856.084507752911,3113.662873449733,-6509.078185939578,-1311.5286513322073
2026-04-20 22:13:52.483,1938,1563.087147670513,-5328.290338890861,-130.32051416432117,1726.3237957469703,-1586.7856597107427,-1857.5962990035098,3114.856008396875,-6512.886549326583,-1312.6458067118324
2026-04-20 22:13:52.501,1939,1564.0267836460414,-5331.365768074028,-130.747684171552,1727.3398820460602,-1588.3737114302016,-1859.0990748865447,3116.0107614587405,-6516.733106591789,-1313.8006074345578
2026-04-20 22:13:52.520,1940,1564.8382861510945,-5334.569891511345,-131.30282549253556,1728.3473027654202,-1589.9698465698696,-1860.6102516021353,3117.6659271373524,-6520.078986542108,-1314.4556451134567
2026-04-20 22:13:52.529,1941,1565.7780155425787,-5337.645817365658,-131.72897200474682,1729.3726023059928,-1591.550032027552,-1862.1057185001368,3118.8210709116456,-6523.924742695768,-1315.6108239166858
2026-04-20 22:13:52.547,1942,1566.7260161662487,-5340.7138065731415,-132.14674995517902,1730.381694748141,-1593.1469517600888,-1863.6191559429758,3119.745503777181,-6528.002137944407,-1316.997544175875
2026-04-20 22:13:52.557,1943,1567.5386427643737,-5343.91905092927,-132.7030467411813,1731.1382313767667,-1594.9961037370686,-1865.3845300614619,3120.7081437690863,-6532.042856153659,-1318.346700209289
2026-04-20 22:13:52.576,1944,1568.2150354860946,-5347.261710610825,-133.39763181736615,1732.4083004136983,-1596.332451677264,-1866.6378470894247,3123.365936260228,-6534.389478155194,-1318.0017070342867
2026-04-20 22:13:52.585,1945,1569.2938769962384,-5350.203174450612,-133.69300880430922,1733.6703323879499,-1597.6780746897566,-1867.9000928350242,3124.0974990042946,-6538.661846219648,-1319.5816886828156
2026-04-20 22:13:52.606,1946,1571.0493841593816,-5352.467370053456,-133.31171841617063,1734.4365327356736,-1599.520768347166,-1869.660075522436,3125.484100716823,-6542.278589213928,-1320.5061542149926
2026-04-20 22:13:52.616,1947,1572.6672402113272,-5354.868252052843,-133.06735163781713,1735.9605237080334,-1600.6058896531283,-1870.662281171765,3127.1780254952805,-6545.5874200121925,-1321.1232232760651
2026-04-20 22:13:52.804,1948,1573.8834975370514,-5357.6710048123905,-133.22578142883228,1736.7344542718588,-1602.439589007111,-1872.4129868494383,3128.140479929855,-6549.627844153595,-1322.4716328658942
2026-04-20 22:13:52.813,1949,1575.5117185333938,-5360.0615395841205,-132.9717407267367,1738.2563066430662,-1603.523621031819,-1873.4137182934253,3129.5657965803834,-6553.206222951735,-1323.3589530466434
2026-04-20 22:13:52.823,1950,1576.0610366538438,-5363.53134930267,-133.79593496141973,1738.7608338012772,-1605.6247046692754,-1875.4324206442307,3130.490989545198,-6557.285537521906,-1324.7467914876206
2026-04-20 22:13:52.832,1951,1578.0798116914905,-5365.531028377185,-133.1484424093211,1739.518140347059,-1607.4736757278986,-1877.1992647839666,3131.9545586441227,-6560.827320576295,-1325.5961966423315
2026-04-20 22:13:52.843,1952,1578.9034783947297,-5368.72644552743,-133.69756777427733,1740.0230671892084,-1609.5749531318822,-1879.219350246365,3132.8792159736668,-6564.907707442869,-1326.9835887830902
2026-04-20 22:13:52.854,1953,1580.5205352557607,-5371.127641798216,-133.45237804221003,1741.5464198775999,-1610.6585124271714,-1880.221390960918,3134.535438888727,-6568.256187189752,-1327.6387752223584
2026-04-20 22:13:52.865,1954,1581.3338459120891,-5374.333458230491,-134.01070270129176,1742.8258463371108,-1611.9874838386977,-1881.4676972557427,3135.4604762415092,-6572.336837013712,-1329.0263256191263
2026-04-20 22:13:52.876,1955,1581.883193777448,-5377.804268376378,-134.83465331860862,1744.359141532891,-1613.063720244023,-1882.4628804913061,3136.3852334816133,-6576.417607805718,-1330.41357025359
2026-04-20 22:13:52.887,1956,1582.9620291224653,-5380.74624732077,-135.12932805822354,1745.386990725272,-1614.646048516505,-1883.9640216211992,3137.3482221763784,-6580.460534926448,-1331.7628139566468
2026-04-20 22:13:52.898,1957,1584.5802592885768,-5383.148893077494,-134.88426887522184,1747.1812614773014,-1615.4622722283323,-1884.6976114807928,3139.2368866233724,-6583.578896853682,-1332.187502035285
2026-04-20 22:13:52.908,1958,1584.9918556052398,-5386.757482549843,-135.84469169240302,1748.6986356325983,-1616.5572963242232,-1885.7091273724207,3140.4313105949313,-6587.391364691874,-1333.3057038702896
2026-04-20 22:13:52.917,1959,1586.2072382528386,-5389.562612507569,-136.0001831349592,1749.7271770946923,-1618.1422648904888,-1887.2097070857471,3142.087958640518,-6590.741785447225,-1333.9609636831476
2026-04-20 22:13:52.927,1960,1587.2946125014196,-5392.496794254008,-136.2832902006872,1751.252845554945,-1619.230233889282,-1888.2127427040837,3143.0132977755593,-6594.824040735201,-1335.3490877380073
2026-04-20 22:13:52.936,1961,1588.9205566525857,-5394.8921082819425,-136.02697045303074,1752.2812774025936,-1620.8157189385236,-1889.7130904213195,3143.9772245640193,-6598.869016128061,-1336.700292498793
2026-04-20 22:13:52.946,1962,1590.2717941557373,-5397.561872709868,-136.04272662205904,1753.5533334821987,-1622.1570387279735,-1890.9682318549812,3146.4058254585384,-6601.449669957633,-1336.5864323410578
2026-04-20 22:13:52.957,1963,1591.2198626019633,-5400.634170276527,-136.4600440383942,1754.8246333963648,-1623.498318332575,-1892.2219709381036,3148.1020598950026,-6604.763428282008,-1337.2043960746273
2026-04-20 22:13:52.967,1964,1592.4260506365251,-5403.448302150022,-136.61843624303035,1755.8350709618078,-1625.1011225580983,-1893.7378611150764,3149.065938069665,-6608.80952082918,-1338.5546998193627
2026-04-20 22:13:52.978,1965,1592.5626320787421,-5407.331965364275,-137.84653896857589,1756.846273343706,-1626.7041715035382,-1895.254569924682,3150.029964256071,-6612.856110444397,-1339.905413425828
2026-04-20 22:13:52.988,1966,1593.2378988273997,-5410.676437492295,-138.53724836972896,1757.8581463562873,-1628.307087548461,-1896.7725138585852,3150.724717188092,-6617.172332740539,-1341.5262987226827
2026-04-20 22:13:53.001,1967,1594.3149893564982,-5413.618541038659,-138.82559970371685,1758.625734406258,-1630.1545715120376,-1898.5352320146842,3152.3457873024645,-6620.5617530259715,-1342.221103765989
2026-04-20 22:13:53.012,1968,1595.2631185477348,-5416.6903980883,-139.24306587523998,1759.890170170638,-1631.505577275723,-1899.7993244369293,3154.2742162514332,-6623.64404814784,-1342.6082095115382
2026-04-20 22:13:53.023,1969,1595.9462367070025,-5420.028438836472,-139.9262617610007,1760.6570557090556,-1633.353203804767,-1901.559218680589,3155.2006645110887,-6627.7287423284815,-1343.9975964605644
2026-04-20 22:13:53.033,1970,1597.1606887751157,-5422.836227177448,-140.07868780092286,1761.9285263713048,-1634.6959717278892,-1902.8132291913264,3156.203035912259,-6631.738313401639,-1345.3129862902342
2026-04-20 22:13:53.044,1971,1598.2459607950068,-5425.77312188737,-140.35956311470025,1763.1998522584468,-1636.0391138408918,-1904.0666567256242,3157.861974546944,-6635.090225485924,-1345.9700750999828
2026-04-20 22:13:53.055,1972,1598.648081606689,-5429.392491059725,-141.3226010884392,1764.2094681443934,-1637.6437102073658,-1905.5811914689143,3159.7898582550847,-6638.172404943859,-1346.3567238719095
2026-04-20 22:13:53.064,1973,1599.0576223686594,-5433.00419835335,-142.278226588283,1764.9665393680436,-1639.5008654314556,-1907.3480785936085,3162.2179667557107,-6640.753630316794,-1346.241980530311
2026-04-20 22:13:53.076,1974,1599.4669737341665,-5436.616126081583,-143.23341115513114,1765.732920022087,-1641.348823244844,-1909.1067695406186,3164.8776025607453,-6643.103041883346,-1345.896060746964
2026-04-20 22:13:53.086,1975,1600.817157475935,-5439.287662754262,-143.2480590800036,1767.0040089047704,-1642.6924572686241,-1910.36009341677,3166.0348064061905,-6646.955206456934,-1347.0531068346038
2026-04-20 22:13:53.096,1976,1601.6291426008813,-5442.497374831384,-143.80231511581874,1767.7699972039973,-1644.5402112906045,-1912.1170627433917,3168.1555176807997,-6649.843948721784,-1347.2463012319563
2026-04-20 22:13:53.108,1977,1602.707242791116,-5445.441109843483,-144.09203464676025,1769.5538634925826,-1645.3696508351725,-1912.85552496623,3169.3508773995013,-6653.658435193916,-1348.3650597045544
2026-04-20 22:13:53.121,1978,1602.9810916316815,-5449.189892947692,-145.18760548183732,1770.3101558386586,-1647.224849389586,-1914.620124128536,3171.317064310828,-6656.702528027682,-1348.7141873332705
2026-04-20 22:13:53.133,1979,1603.665144008637,-5452.528541309375,-145.87202718040422,1770.8235139590836,-1649.323550585525,-1916.6293525886476,3173.2456972712193,-6659.784397693537,-1349.1018733972205
2026-04-20 22:13:53.142,1980,1604.7510504327888,-5455.46524748722,-146.153211945804,1771.589594572348,-1651.170440733195,-1918.3869074051197,3174.674120407231,-6663.3671391801645,-1349.9918956768897
2026-04-20 22:13:53.154,1981,1604.7510504327888,-5459.4878895460315,-147.5196287818608,1772.3557758190989,-1653.0181741757897,-1920.1444925801034,3176.567082876676,-6666.485472529456,-1350.4186113302137
2026-04-20 22:13:53.164,1982,1605.9658800940435,-5462.29665849168,-147.6715801467177,1774.1402192990458,-1653.8479219464427,-1920.8834482222935,3178.2281033939344,-6669.8351766989435,-1351.077503625578
2026-04-20 22:13:53.176,1983,1606.7849138261724,-5465.501403528944,-148.21771791698217,1775.1587634811428,-1655.4441735223065,-1922.3881689171296,3179.424681222845,-6673.649102229636,-1352.199183039044
2026-04-20 22:13:53.186,1984,1607.4684106257175,-5468.842525701127,-148.9009024201707,1776.1676840652058,-1657.0498353590845,-1923.9016157672886,3180.351329726991,-6677.731927988759,-1353.5886087845897
2026-04-20 22:13:53.196,1985,1608.1531758257383,-5472.183303279538,-149.58561747201784,1777.4660566903126,-1658.3669650691893,-1925.1256213597514,3183.049971423833,-6680.042751242788,-1353.2059829353364
2026-04-20 22:13:53.205,1986,1608.6927179857898,-5475.669899251932,-150.41628746751647,1778.7368382907855,-1659.7122603681817,-1926.3779241235509,3184.2075468319695,-6683.893176408878,-1354.3640485938445
2026-04-20 22:13:53.216,1987,1609.506943968373,-5478.883706714628,-150.9734024070566,1780.5312218927043,-1660.5341949571864,-1927.107486208346,3185.633772805877,-6687.47405718369,-1355.2517356321991
2026-04-20 22:13:53.227,1988,1611.2634633711464,-5481.154496333671,-150.58795702671023,1782.05536834555,-1661.627139281143,-1928.1083509655025,3186.790314270927,-6691.324441821633,-1356.4081926145786
2026-04-20 22:13:53.237,1989,1612.7465313507037,-5483.699280634668,-150.47714334822018,1783.5894719586788,-1662.7109126804485,-1929.1007550985262,3187.7532595325083,-6695.367410772586,-1357.7574079684068
2026-04-20 22:13:53.248,1990,1614.2394426969774,-5486.2346135436055,-150.35894175849648,1784.8718065142714,-1664.047976762027,-1930.3474691451497,3189.178702931183,-6698.947577350899,-1358.64448483333
2026-04-20 22:13:53.257,1991,1615.8602618240764,-5488.64247461533,-150.11231911214972,1786.669510480562,-1664.8699063570755,-1931.079103050332,3189.641314902879,-6703.4921528052655,-1360.495318588973
2026-04-20 22:13:53.268,1992,1616.9403422620169,-5491.589728848872,-150.4050327722189,1787.9518864528013,-1666.2063031097925,-1932.3255631913194,3191.8375971824594,-6706.3036078544,-1360.612281543277
2026-04-20 22:13:53.278,1993,1618.9629776922286,-5493.593508697701,-149.7555667574386,1788.7099871376026,-1668.0667341817682,-1934.0943536191357,3192.9941788411024,-6710.155359481244,-1361.7687810393857
2026-04-20 22:13:53.289,1994,1619.7775200872384,-5496.805497300334,-150.31391881116397,1790.2346028365134,-1669.16050699126,-1935.0953061552564,3193.9198441748126,-6714.238824527935,-1363.1574273032677
2026-04-20 22:13:53.301,1995,1620.326256232609,-5500.282485449695,-151.13680114646812,1791.2541165167338,-1670.7588986604967,-1936.6016061076928,3195.3076360631185,-6717.859908388995,-1364.08249418405
2026-04-20 22:13:53.310,1996,1621.003247101546,-5503.631090926517,-151.8319837695924,1793.2929676776344,-1671.336796676678,-1937.088506981875,3196.2328269307895,-6721.943628281503,-1365.470160898921
2026-04-20 22:13:53.321,1997,1621.953919402164,-5506.705592872723,-152.2518555461574,1794.8358322087975,-1672.4104770686552,-1938.0719681749026,3197.927724513318,-6725.256781492784,-1366.0864484336903
2026-04-20 22:13:53.332,1998,1622.3650945254924,-5510.320618737967,-153.21155165122252,1795.8556993347788,-1674.0077599236477,-1939.5792715477576,3199.583505147606,-6728.608012468581,-1366.740626191077
2026-04-20 22:13:53.343,1999,1623.0418370087073,-5513.670456645047,-153.9049975080423,1796.1173850855805,-1676.363410715521,-1941.845297476479,3201.2397441917374,-6731.959213631434,-1367.395393887347
2026-04-20 22:13:53.352,2000,1624.6611398087002,-5516.077446411547,-153.656862920235,1796.8759538477937,-1678.2225272923188,-1943.6153354875237,3202.860218433642,-6735.347017238036,-1368.0898907322637
