timestamp,episode,help_bob,decline_bob,delay_bob,help_alice,decline_alice,teach_alice,help_dave,decline_dave,suggest_dave
2026-04-26 18:48:03.420,1,1.6315666666666666,-3.0294333333333334,0.8212,-2.7423333333333333,4.181666666666667,4.867666666666667,0.9283333333333332,-4.281428571428571,0.7785714285714287
2026-04-26 18:48:03.488,2,4.127118253968254,-4.264723015873016,2.198086507936508,-8.776271428571429,6.689742857142858,3.789680952380951,2.444799118165784,-10.932135938023817,-0.9339359380238164
2026-04-26 18:48:03.529,3,5.3864914862914866,-6.2835233972376825,2.3995452174809317,-13.695386617983589,9.96742189280977,4.236573263661142,5.438831942380132,-15.74315027173396,-1.7374097955434837
2026-04-26 18:48:03.561,4,6.740521528308294,-7.218503861218146,3.9090936300161085,-18.345257713026108,13.664748161575602,5.017337172564611,8.924427489600369,-19.772402347067704,-2.37693583025119
2026-04-26 18:48:03.596,5,6.926528811394068,-9.137979037521811,4.888281354837805,-22.348310815831287,17.802089240054507,6.229034737694119,12.370873625713772,-23.634388094150175,-3.1439338789209637
2026-04-26 18:48:03.630,6,6.663229600150384,-11.088906794090745,5.661978772865443,-27.953883599176926,19.896049304178373,5.613853221582807,14.377967769136358,-28.87001181347297,-5.425606883667655
2026-04-26 18:48:03.666,7,6.664702275140613,-12.78578832119722,6.639075423812799,-30.897989111840676,24.778084920469052,7.3344656699234445,17.928947819944728,-32.38967715779499,-6.128291659854531
2026-04-26 18:48:03.693,8,7.106283125552342,-14.734707740736384,7.281064691834616,-34.56081270692326,28.5759221448021,8.038261664975558,22.62150428132471,-34.75147444663331,-5.889855310430529
2026-04-26 18:48:03.726,9,7.836930898119086,-16.37870131708861,7.939925518570344,-41.02288853015025,29.62225495842461,6.037258413630805,26.92741266990597,-37.23271948046007,-5.7870690353980265
2026-04-26 18:48:03.751,10,8.694465869969928,-17.92580429423373,8.569914237389765,-45.77858510006426,32.244222592045226,5.820154612062015,30.30414611633933,-40.69411119925299,-6.918112777043266
2026-04-26 18:48:03.779,11,9.316909875836547,-19.96675147445472,8.801551996894666,-49.44381480789225,35.79989188447131,6.610456800518247,33.955239316836334,-44.115666559210005,-8.325183469601678
2026-04-26 18:48:03.813,12,10.25878501339504,-21.747441957646522,9.159714160814412,-51.23084226452365,41.18078530526004,9.288997894809754,38.00014391372645,-47.12597082379436,-9.391342585689074
2026-04-26 18:48:03.840,13,11.203953494326147,-23.49034047132189,9.52595117360755,-53.959504579792814,45.55333236687725,10.903646433669213,42.27229048507645,-49.59832805771965,-10.019508662299174
2026-04-26 18:48:03.918,14,12.436070152149602,-25.00399515911742,10.09253874942824,-58.45408820611091,48.03986406755956,10.667002648272561,43.46524822325788,-55.201318804363225,-14.04194127659891
2026-04-26 18:48:03.973,15,13.284439655432047,-26.88610439717807,10.18851694343157,-62.080414876571105,51.31483731007564,11.389720923575927,47.557634097696265,-58.08881846886404,-15.37710074039938
2026-04-26 18:48:04.008,16,14.193234900135906,-28.652039297154936,10.531935165014103,-64.9858935116187,55.35010064245821,12.910631411248993,52.47616105649097,-60.19987368134466,-15.749990403585498
2026-04-26 18:48:04.044,17,15.288060081577257,-30.345574029067702,10.984646016983627,-69.88677076906671,57.326800809126944,12.31857353917835,56.88310644512858,-62.843586156113126,-16.599876725122773
2026-04-26 18:48:04.066,18,15.808583545130178,-32.57763496622119,11.1536776336134,-74.80829528993543,59.224871088240036,11.775819644577034,60.282564697380366,-66.50604273260075,-18.62658884805038
2026-04-26 18:48:04.090,19,17.161806884291423,-33.884728602052874,12.407368229981016,-78.30111110593256,62.3515869804447,12.53092343931339,65.85123700125581,-67.98905014478467,-18.560838572767207
2026-04-26 18:48:04.118,20,17.594012566825143,-36.00772901528684,12.966325666955576,-81.42891394966824,65.66547960706471,13.398727263340028,70.14450490548678,-70.71239163670185,-19.750927351968308
2026-04-26 18:48:04.138,21,18.044824502920235,-38.19788709450144,13.558657849308041,-84.46730707523588,68.91182665627132,14.175511520955697,72.63240390733148,-75.26182284645769,-22.68488201031792
2026-04-26 18:48:04.159,22,19.074093621787846,-39.81142841482895,14.777471248460287,-87.173764943298,72.37385260991873,15.131802649675919,75.28320264330213,-79.64288506926407,-25.47726425513581
2026-04-26 18:48:04.188,23,20.59499237879034,-40.908212279659345,16.432191348676447,-90.43147760855167,75.26102265213801,15.39825589633265,79.1956293645633,-82.80876980849361,-27.027917761896884
2026-04-26 18:48:04.208,24,21.02731467843501,-42.942233196217224,17.21250735248311,-92.6686276444767,79.10848539489423,16.555845578902932,82.8127584407875,-86.34539835920849,-28.889064841977834
2026-04-26 18:48:04.228,25,21.71190213871918,-44.69302114237756,18.291730252122655,-95.82686827869458,81.99531846568163,16.788532906931543,87.68704530424532,-88.5420736646351,-29.50135077209759
2026-04-26 18:48:04.259,26,21.967720829706177,-46.83482204005461,19.00723405460793,-97.77163764353635,86.04582494745142,18.21608443173777,92.86158002301195,-90.46194290271252,-29.796179230020496
2026-04-26 18:48:04.284,27,22.302467644689806,-48.89036259450804,19.738056117507888,-100.55973274328385,89.20548156509982,18.792104211517564,96.09366912163735,-94.39668741295962,-31.98962132405796
2026-04-26 18:48:04.306,28,22.625173279511856,-50.937545599856286,20.43721760187083,-103.75446634904257,91.92517440978898,18.972007236507668,98.98385137207742,-98.70048089359469,-34.518036603957704
2026-04-26 18:48:04.325,29,23.327136788858525,-52.50953462442526,21.561694103656812,-106.41447783700359,95.05942600716816,19.71155926578953,104.04779712595241,-100.86626471380725,-34.894124393088646
2026-04-26 18:48:04.352,30,24.167720685633892,-53.98790332532474,22.70780021433488,-109.23762092727935,97.9593639193572,20.241525884424096,107.46394160756475,-104.65046707037396,-36.88407755330946
2026-04-26 18:48:04.368,31,24.521859978354627,-55.911492085276805,23.336469197961815,-112.33983371223584,100.55493491095076,20.40410982449898,110.71364068734182,-108.64611076086852,-39.02449791630723
2026-04-26 18:48:04.383,32,24.832393636707828,-57.85636001412108,23.93541057521103,-115.0465461357986,103.54491507587902,20.842196421914164,114.82267430085903,-111.77764282455612,-40.23137210878909
2026-04-26 18:48:04.398,33,24.82947189219193,-60.039525555574166,24.307185931274955,-118.7897034957322,105.42420121287921,20.118176225429558,119.953619767151,-113.81088351299385,-40.275018368017946
2026-04-26 18:48:04.417,34,25.58712398554116,-61.483225574440574,25.46640214984307,-120.44449656189519,109.29370482948536,21.478419958588987,122.93063444216205,-118.03245448134436,-42.440424257720615
2026-04-26 18:48:04.436,35,26.404560401845306,-62.90869027408617,26.680383380640187,-122.76881263729969,112.5375006615347,22.182637713019055,127.54251567333725,-120.66483621599315,-43.10628358167399
2026-04-26 18:48:04.452,36,27.579101878644316,-63.919646140323856,28.30726734760887,-125.31640584370645,115.52783994970616,22.57338815104353,133.0770332183799,-122.38986803888307,-42.832678943357074
2026-04-26 18:48:04.474,37,28.134099798429858,-65.53105589724619,29.334660741076938,-129.20905773428302,117.13331408530918,21.553260621978872,136.10288866115658,-126.65718453587193,-45.034995972159095
2026-04-26 18:48:04.492,38,28.700545316412565,-67.12744038673145,30.33828834014477,-131.7273610800339,120.09802447119996,21.873708617776305,139.84383978934707,-130.19427313715875,-46.490569152563516
2026-04-26 18:48:04.511,39,29.13557635101887,-68.82510918601214,31.16371163811302,-135.07514540462353,122.24793081959422,21.34944994339666,143.57010147451373,-133.7582853767064,-47.90145030457433
2026-04-26 18:48:04.537,40,29.909551988955076,-70.1744618210741,32.30350608813412,-138.0969052921666,124.71918510256737,21.088605372534897,147.8109272712134,-136.8440648528632,-48.76787156115109
2026-04-26 18:48:04.558,41,30.384574277817173,-71.85574055926078,33.122400695104936,-141.6880107506542,126.64573870733406,20.25171183254845,150.54056255293656,-141.34795691276892,-51.03620413592521
2026-04-26 18:48:04.578,42,30.891188571547012,-73.48532970956538,33.98795402237962,-144.15145640896344,129.72247353923737,20.503957666628352,153.4390444480164,-145.60243824568985,-53.036356600771306
2026-04-26 18:48:04.595,43,31.152028851073887,-75.3160526267168,34.62310673910281,-147.47673969841665,131.9714517315518,19.91471785685226,157.28377360774846,-148.90506186339482,-54.02304861312376
2026-04-26 18:48:04.609,44,31.788524927551283,-76.67637682918934,35.77788069283617,-150.82648384123604,134.20053353597552,19.316703748425653,159.68487925202825,-153.64306573859375,-56.47239726764476
2026-04-26 18:48:04.627,45,31.878107295199726,-78.5679566438901,36.48432828709808,-154.183790959453,136.46264478651352,18.72866576434256,165.22906657210004,-155.25059532402298,-55.84742209961955
2026-04-26 18:48:04.639,46,32.287022065817155,-80.16098558228448,37.529711947962205,-156.95368838584835,139.2547030062564,18.662531811354114,169.30482315249733,-158.3404826431376,-56.71375997814223
2026-04-26 18:48:04.654,47,32.52705822774267,-81.93400317023219,38.38241721602683,-160.51473109618394,141.20816284374,17.79264851041591,173.8718982757839,-160.89229201908742,-57.013329438577955
2026-04-26 18:48:04.669,48,33.12640496154889,-83.31593191620222,39.62258289235187,-164.62366158444544,142.5932720149859,16.371578514738992,179.18000298860125,-162.6795775713531,-56.64344257856458
2026-04-26 18:48:04.681,49,33.60363784926557,-84.83060393473393,40.717118518326984,-166.50321307628136,146.21998902174153,17.15504479554235,182.07945915250434,-166.86880748152527,-58.679883870252525
2026-04-26 18:48:04.696,50,33.36769439240651,-87.09441171139859,41.0652043604497,-169.7371628077842,148.4287669404063,16.555302414135905,187.60077910943315,-168.44316102988893,-58.089007365962274
2026-04-26 18:48:04.708,51,33.60220543530564,-88.89738199575498,41.879097613293986,-171.58365137224843,151.9947589525242,17.314097801171073,190.48594031629892,-172.65183161170498,-60.091197698517234
2026-04-26 18:48:04.723,52,33.70478496394718,-90.80221771540255,42.57818147502945,-174.2891500115107,154.72974505274968,17.249501515787554,195.73162905654857,-174.52710217217677,-59.72441798727636
2026-04-26 18:48:04.738,53,34.59189092393254,-91.92286461176326,44.03887610479645,-178.3180182415662,156.0830595726962,15.833291689258424,199.81542304798543,-177.5772718348639,-60.50612840202642
2026-04-26 18:48:04.749,54,35.18769858448113,-93.37780011181407,45.19246053222581,-180.43686333229925,159.3127493166854,16.291117773503757,202.72171135193773,-181.82313985980673,-62.52070778811943
2026-04-26 18:48:04.762,55,35.98470926493107,-94.61145728634088,46.54012598304429,-183.0971969860564,162.0087787136329,16.216820017075452,205.62652710205384,-186.02843263811033,-64.45447584482466
2026-04-26 18:48:04.773,56,36.788296497778624,-95.83771835402386,47.87482737266576,-185.7228315367579,164.72171081494756,16.160094421271733,208.95407393324336,-189.7756467977405,-65.9130724358687
2026-04-26 18:48:04.788,57,37.704351196041316,-96.95039078792354,49.28479123075276,-188.57558226845066,167.17382446140456,15.862374330237541,212.76844706598868,-193.04875678463782,-66.8899286576352
2026-04-26 18:48:04.801,58,38.0135554957286,-98.68838456780075,50.10641760346947,-192.25862969046497,168.78298590186463,14.769051255650087,217.0663865200797,-195.8277386886845,-67.39749512283242
2026-04-26 18:48:04.813,59,38.57990800035689,-100.17621846447825,51.180090807156034,-194.8783642033378,171.46770612438272,14.719574868976112,219.21797045398628,-200.76855256532446,-70.05561499156802
2026-04-26 18:48:04.827,60,39.19591335941242,-101.63197701229436,52.320725953604786,-198.01789651084445,173.5869208133558,14.136451099748486,223.96675572329576,-203.11117019128508,-70.0922135234993
2026-04-26 18:48:04.839,61,40.225621779692474,-102.68801576779039,53.90034835965323,-201.1211117803881,175.67355677003496,13.593746837285646,227.9978338575402,-206.1805984295673,-70.88500938408302
2026-04-26 18:48:04.853,62,40.934202111574,-104.05378778633562,55.1933774093081,-203.43517441880607,178.52714797444617,13.816673515725311,232.54834463950917,-208.75142657778068,-71.16913912263178
2026-04-26 18:48:04.867,63,41.452303935263856,-105.64093124113391,56.275851551054586,-205.97956669357498,181.13115741996964,13.77060438945397,237.56989725912948,-210.86376562324713,-70.99999276682057
2026-04-26 18:48:04.880,64,42.240728317709326,-106.9853012263254,57.61985996396926,-208.01858702575265,184.24254231215832,14.227729218211058,241.37859627470306,-214.1610240896782,-71.95854619002769
2026-04-26 18:48:04.894,65,43.18100277912585,-108.16518301076329,59.158568320483354,-210.05527601314634,187.33256366407818,14.710257232977888,245.87858099078682,-216.7562419135632,-72.20814528004092
2026-04-26 18:48:04.906,66,43.20806165457934,-110.28467227146558,59.76125768235999,-213.10024581250832,189.36808465140567,14.187620128780889,249.2394887647992,-220.50413730843755,-73.65239625415465
2026-04-26 18:48:04.921,67,43.902083722609994,-111.75687087327734,61.02947788029321,-216.89501503049047,190.63847859972486,12.91493302583803,253.5097077171141,-223.3402097028906,-74.14099459909765
2026-04-26 18:48:04.936,68,44.22652638430454,-113.61655359943637,61.92087747316629,-220.45569538298773,192.18221167833738,11.88118475733934,257.0633373299839,-226.89721805540398,-75.3409083145355
2026-04-26 18:48:04.947,69,45.41818388915668,-114.6000052459013,63.66733679718807,-222.4847578495957,195.24144166811493,12.358153669789152,262.27879230303733,-228.7892414701629,-74.87844692651026
2026-04-26 18:48:04.960,70,45.67785105389462,-116.48128021673516,64.49886776204502,-225.53243043801652,197.306485764421,11.814643714851156,265.60093024393507,-232.57331674884838,-76.30409323534215
2026-04-26 18:48:04.970,71,46.28560449941611,-117.9962457779051,65.70586670554363,-229.08741816622643,198.84662576588934,10.763281681618153,269.6333324858263,-235.64772079915272,-77.01189706213316
2026-04-26 18:48:04.983,72,46.41200908930014,-119.98558915383828,66.4249935228006,-232.1197244939116,200.87846473581882,10.241855476420982,270.8147703591002,-241.54325317842446,-80.53998853807018
2026-04-26 18:48:04.997,73,46.89749948667626,-121.57372941172594,67.54991361296825,-235.41259563238924,202.6597225236733,9.475396758462757,275.28291944406664,-244.1536924315899,-80.76261349115167
2026-04-26 18:48:05.010,74,47.23217499599659,-123.28597100603776,68.57957147302521,-238.1917998220949,204.9229242070932,9.22382222269644,278.35066102569795,-248.18581981874595,-82.3989648410779
2026-04-26 18:48:05.031,75,47.397770730203206,-125.2106378294558,69.37756601981593,-241.21041600954482,206.92224424615966,8.727539421382229,284.2622718485456,-249.39382559438295,-81.19491437911871
2026-04-26 18:48:05.050,76,48.60450785928904,-126.11208415989154,71.18619120432405,-242.70221052294895,210.40446039977402,9.721365028830148,286.86401719041044,-253.90605586659555,-83.31542489293582
2026-04-26 18:48:05.063,77,48.972083507185125,-127.8248609731515,72.20050129426488,-245.18252639618817,212.8797487224782,9.725013051257665,291.8163617358528,-256.0363990308719,-83.06190470663023
2026-04-26 18:48:05.078,78,49.790324435420885,-129.06238713652277,73.7095996272018,-247.14375302107774,215.80911496679624,10.235420801398966,294.3914397077503,-260.53742370348334,-85.15272220266431
2026-04-26 18:48:05.089,79,50.215958707885164,-130.69804403747384,74.7870775596029,-250.26653478350696,217.46945290339815,9.55150038957327,297.91316542154283,-264.09518721079445,-86.29141858871745
2026-04-26 18:48:05.102,80,50.8493107656637,-132.13689377508192,76.06112816546434,-252.91030788747838,219.588749742306,9.371077641217846,302.1461368455412,-266.9494910547695,-86.7277416390964
2026-04-26 18:48:05.115,81,50.995430435236045,-134.05975150662906,76.8831368781677,-256.237879083683,220.98323709450878,8.52588056373187,305.22157668957584,-270.99353178575325,-88.3431980783229
2026-04-26 18:48:05.127,82,51.39204832954722,-135.7120185295092,77.99721387754407,-258.61499226717956,223.25171154560059,8.611974684737692,309.90101088758945,-273.39230404459283,-88.28922882670602
2026-04-26 18:48:05.140,83,51.96909215403694,-137.14897629424917,79.33776367551846,-260.25791794198165,226.2174501782558,9.384818049474383,314.81453723798654,-275.55141180310244,-87.971664426088
2026-04-26 18:48:05.179,84,52.6398378133286,-138.46375724411064,80.81017494669291,-262.5775175104333,228.4473427505747,9.455238815211093,318.765013553737,-278.6700738625205,-88.60065567384227
2026-04-26 18:48:05.189,85,53.74591194560016,-139.34257483092,82.73811267671083,-265.97882310933676,229.5661596883657,8.433033875310405,324.36996247476486,-280.12360597600554,-87.55430668553886
2026-04-26 18:48:05.198,86,54.67269303245401,-140.4301254824987,84.46391966339122,-268.4599678457584,231.50573890527411,8.31388862176306,328.5772920708968,-282.9768301657689,-87.94965727642172
2026-04-26 18:48:05.208,87,55.2302018199008,-141.87378839255558,85.83507835866695,-270.68469534938515,233.65968277959357,8.444483847926827,332.54707916209844,-286.0704879328268,-88.59356248542275
2026-04-26 18:48:05.218,88,55.20351821009951,-143.88253099610674,86.65577574039062,-272.6834181142711,235.99742589802327,8.765362940541673,336.50534531946886,-289.1701026087935,-89.23768241253607
2026-04-26 18:48:05.228,89,55.54065745703764,-145.5257195608415,87.85008697046634,-275.567636921771,237.42451798147056,8.203621340360717,340.48859176334287,-292.22924631131275,-89.82863358372794
2026-04-26 18:48:05.243,90,55.87156151476512,-147.17744658465602,89.05280343609546,-276.8850974489188,240.372902384388,9.204897549634799,344.14664153764693,-295.5785400457084,-90.6880886499401
2026-04-26 18:48:05.255,91,55.741928835151924,-149.31433513773086,89.73873028283357,-279.5083408583314,241.967121449365,8.912132427811121,348.53879890846656,-298.18279623086335,-90.77220998420246
2026-04-26 18:48:05.266,92,56.02195336544435,-151.0427045950969,90.819995976251,-282.349820129855,243.29403791945072,8.4157098780295,353.12809980390045,-300.59092010233616,-90.6591727620315
2026-04-26 18:48:05.280,93,56.159135895728106,-152.8835244459166,91.80953638536623,-283.5215287467255,246.2679930489604,9.584159786406623,357.00994326369596,-303.71562775295564,-91.22935617656371
2026-04-26 18:48:05.291,94,56.48740527086452,-154.49814573864177,93.03710086410564,-285.2143716918718,248.668029370197,10.207322009019824,360.38070253262214,-307.3490115931174,-92.30930721352594
2026-04-26 18:48:05.303,95,55.95951938292333,-156.97678047081152,93.39403780127017,-287.9462913023634,250.01140235874578,9.790092019475198,363.74679799171554,-310.9780228217134,-93.38813154789395
2026-04-26 18:48:05.317,96,56.567042847146546,-158.32165888003757,94.86805985731323,-290.5978852959477,251.39724301434464,9.437424797453515,368.39765176677173,-313.33448256817377,-93.19786452259196
2026-04-26 18:48:05.331,97,56.80151906650015,-160.08764614227604,95.91644483732252,-292.72298094279824,253.2856976407993,9.612430236464343,371.5955670236119,-317.15044954626234,-94.48169485626813
2026-04-26 18:48:05.347,98,57.70720373560049,-161.21021337525002,97.59890229011644,-295.46541110568614,254.53285016693653,9.16126966430873,374.54264767416305,-321.21453168985386,-96.02605761713643
2026-04-26 18:48:05.359,99,58.21374866718566,-162.72990020789362,98.86384635345739,-299.01305014135744,254.9307226305992,7.909709903600984,378.4330164496361,-324.3351299368408,-96.60620443240784
2026-04-26 18:48:05.373,100,58.7500570422646,-164.22479729472298,100.15020289278722,-301.57716608862665,256.2590500833897,7.632228324745411,382.3140027510668,-327.44211898132323,-97.18479148311536
2026-04-26 18:48:05.384,101,59.191666028581324,-165.80659087538626,101.33071669037359,-303.4746039387815,258.20063388063977,7.99019848881208,385.4967739503477,-331.2566542353903,-98.46514673356072
2026-04-26 18:48:05.393,102,59.70143881040476,-167.31183935264013,102.58052914376826,-305.43452023077356,260.02852949978103,8.26823994063507,389.1890673668881,-334.5624930951573,-99.22489133005054
2026-04-26 18:48:05.405,103,60.17990436038854,-168.88793502762869,103.75398527371564,-306.9150348978627,262.27684661540576,8.999472020038949,394.2236998326968,-336.532975125771,-98.65549817541246
2026-04-26 18:48:05.418,104,60.46779245395943,-170.68399485663,104.71353774175284,-308.15599017837246,264.722320280131,9.942548196082573,397.59858062146753,-340.1800201684147,-99.74053685725013
2026-04-26 18:48:05.430,105,61.665785949386056,-171.59310582030116,106.5785336296531,-310.419995289578,266.11503557194567,9.854741687134297,401.506344289564,-343.30160932770707,-100.32572253916301
2026-04-26 18:48:05.443,106,61.53001791997408,-173.82753092301277,107.1315530814778,-313.4878117918989,266.70138645124376,8.978274174984199,407.013771136772,-344.8116182973539,-99.32047199386376
2026-04-26 18:48:05.452,107,61.24361465417354,-176.20939561573962,107.55810620634136,-314.72825086994465,269.0954797432572,9.926360310294125,410.4590236552302,-348.37954386596255,-100.34800742294182
2026-04-26 18:48:05.466,108,61.93959622231457,-177.6063468158313,108.95757143822692,-316.4632725823515,270.95437867398545,10.368698490305404,414.6078018476603,-351.25534219936134,-100.66180609888102
2026-04-26 18:48:05.476,109,62.14567049091655,-179.49374426431007,109.8672812167336,-318.9878889543947,272.01617758238837,10.024173957653074,419.7174922689791,-353.16953312110695,-100.01394538091515
2026-04-26 18:48:05.486,110,62.17401255603261,-181.5822047949804,110.55475540916156,-321.39858035934947,273.133369587174,9.76555587960747,424.12283496974294,-355.78922631124175,-100.07299095961636
2026-04-26 18:48:05.497,111,62.97189539564062,-182.90422335014915,112.00261016102482,-322.95698882504337,275.0666094363065,10.350230184137677,427.1178595563116,-359.8027177295832,-101.52672381847506
2026-04-26 18:48:05.507,112,63.41782483129501,-184.58577894559872,113.0908896958943,-324.5008724257829,276.9774923152773,10.938384126501079,432.1898178607942,-361.7148753302702,-100.86558800178176
2026-04-26 18:48:05.517,113,64.3606725560731,-185.78044741749636,114.65985040975981,-326.0826583754247,278.8185875835309,11.475318123808314,435.4160582317367,-365.45928665588116,-102.03128918737694
2026-04-26 18:48:05.526,114,64.96288587594049,-187.3177324723764,115.89531573994283,-328.49485443074997,279.7977635954184,11.173883889698526,440.23026451376717,-367.6334125350551,-101.61430447454647
2026-04-26 18:48:05.537,115,65.46721745915232,-188.92732694914588,117.04862352340942,-331.0477726366566,280.64148452490997,10.757015641725875,444.6133108488236,-370.2512901803096,-101.64877469932539
2026-04-26 18:48:05.548,116,65.16370001299502,-191.3322328030856,117.38819969141404,-332.27693241607915,282.7994917266368,11.64896784097035,448.3052766908607,-373.5718370970024,-102.38146045377349
2026-04-26 18:48:05.557,117,66.03283631986916,-192.56739923395583,118.8758358353543,-334.05364710533917,284.40996967121595,11.978467204894704,452.3312945865588,-376.52098431034494,-102.74343808578993
2026-04-26 18:48:05.568,118,65.98686194554621,-194.7184197563698,119.41537544744345,-335.4899701715174,286.3599331154757,12.646356457556632,456.8728542358481,-378.95470575491265,-102.58315893702574
2026-04-26 18:48:05.576,119,66.60169062591919,-196.21249878924263,120.60534735320277,-338.0947216428234,287.1159163351698,12.142495000836428,461.24014183780645,-381.5717318616235,-102.58642362916179
2026-04-26 18:48:05.585,120,67.89589763892617,-197.0161944778198,122.47995479992434,-340.17627597371717,288.35733279874904,12.159470666686568,465.6884088555819,-384.0993347245636,-102.4985979561688
2026-04-26 18:48:05.596,121,68.01846193236277,-198.9929998306865,123.19340992795345,-341.4552436099077,290.37426140468347,12.94468037602353,468.2958526020232,-388.4670942247199,-104.24072184411823
2026-04-26 18:48:05.604,122,69.15896718672003,-199.9519736212601,124.93485851497994,-343.0461980716583,292.050678882376,13.393911952098986,471.87636424223655,-391.8526094656052,-105.03042579557061
2026-04-26 18:48:05.615,123,69.50086202811505,-201.71651427187012,125.85766497927133,-345.2977626139382,293.01952273366163,13.165311819268686,476.94057815596693,-393.76063349998503,-104.36805338955492
2026-04-26 18:48:05.628,124,70.80064044125143,-202.52545519908315,127.74399240025559,-347.60305586150366,293.93485547219245,12.893612475921499,479.85225033540803,-397.8212648814827,-105.88588807210552
2026-04-26 18:48:05.637,125,71.25548020899284,-204.17415352700675,128.7881495033855,-349.83287543380396,294.93954446968274,12.702591859935898,485.356504346161,-399.2713789062335,-104.82159429385277
2026-04-26 18:48:05.648,126,72.0759595612583,-205.45693932050497,130.18709028328442,-351.8207559004136,296.18686637726415,12.746915530057596,489.2156827571333,-402.372337567518,-105.39412446929245
2026-04-26 18:48:05.659,127,73.16881630224141,-206.46039210434893,131.83610760373256,-353.15565194180584,298.0656433737039,13.438680194417268,491.9393103882772,-406.6259206475057,-107.10275065227582
2026-04-26 18:48:05.671,128,73.77668965339693,-207.94023299746829,133.0138652429074,-354.8438556418043,299.5885364978218,13.764571211209358,493.77724634606506,-411.7643668650262,-109.69843259972552
2026-04-26 18:48:05.682,129,74.59453548075179,-209.21100527952754,134.3938247641705,-357.24540583187155,300.38847821731275,13.366362994986027,497.38747993615345,-415.13777434717286,-110.5169282849296
2026-04-26 18:48:05.690,130,75.21634753405796,-210.68586936031892,135.55295064811406,-358.37058016096637,302.4488369422023,14.254600296967364,501.24560805408703,-418.2614397046387,-111.06963286755972
2026-04-26 18:48:05.700,131,75.79799742241454,-212.21915174997838,136.662144535716,-360.23527035221355,303.7417783034976,14.386814607940545,504.2335021776952,-422.2730924050773,-112.51916909952135
2026-04-26 18:48:05.708,132,76.1717708568003,-213.96702248922247,137.5605448164057,-362.69801463755846,304.3971551931143,13.897283754961895,509.690566598047,-423.8223761722025,-111.48943609882667
2026-04-26 18:48:05.718,133,76.91737252432712,-215.34938761811344,138.84172990624748,-365.3795344154032,304.8186058547699,13.183125980769514,512.4119097282138,-428.0987783745965,-113.17889660843272
2026-04-26 18:48:05.728,134,77.06883978632445,-217.31522821137816,139.53629588813678,-367.08239583428076,306.1749389922599,13.442400307249095,516.7002809334866,-430.7900832655049,-113.27918265697187
2026-04-26 18:48:05.736,135,77.28331251757628,-219.22872289503528,140.27754138824355,-368.9944124219346,307.29996023390015,13.492424341532692,519.6628879520554,-434.77928700072863,-114.68287255827074
2026-04-26 18:48:05.747,136,78.25428345288701,-220.40211347434013,141.74522681313118,-370.26572593234187,309.0423766376433,14.157327118935935,523.4852981137414,-437.8880517582543,-115.21934559685269
2026-04-26 18:48:05.798,137,78.48898057924987,-222.31194936318926,142.46177041422874,-372.6316692157383,309.67902819728306,13.732594701922103,526.6201462115115,-441.69373809829244,-116.45220723228506
2026-04-26 18:48:05.808,138,79.49544071802063,-223.41799583008242,143.97700072538225,-374.9050430945372,310.39203449442164,13.403937366174143,530.2652234926388,-444.9809583928005,-117.16645702660983
2026-04-26 18:48:05.818,139,79.66494730324578,-225.34953646837337,144.65109472430115,-377.0719367359727,311.1874407415674,13.177837325587221,531.6485477524988,-450.50898131899066,-120.11553494304795
2026-04-26 18:48:05.828,140,80.03469033519168,-227.05556724851766,145.5312257324084,-378.13728684868045,313.0691084494722,14.041530808905783,535.445135837644,-453.604089587625,-120.64019839190281
2026-04-26 18:48:05.837,141,80.75477957026257,-228.39994172702436,146.77363154264546,-379.1920535972353,314.9404770260452,14.897570604588058,539.8457921574264,-456.084447100236,-120.55733949978278
2026-04-26 18:48:05.847,142,80.90768990310616,-230.3235239211656,147.44816204387868,-380.9216126643492,316.11594833248756,15.056169421818712,544.1465386763323,-458.65439263552304,-120.5795496693059
2026-04-26 18:48:05.857,143,81.32116281379152,-231.98675115405342,148.38436442370167,-382.64613112129706,317.28545832870526,15.215320149541526,547.9326846545571,-461.72631139609086,-121.11602591223887
2026-04-26 18:48:05.866,144,81.4701330643358,-233.91903997875207,149.06433300551797,-384.52893426090384,318.25958759911856,15.19021913843575,550.1034356691945,-466.39602121893114,-123.28341514712679
2026-04-26 18:48:05.876,145,82.08657651329915,-235.38625562648733,150.2230740449631,-386.30638778315927,319.30239893219334,15.25846295771628,552.775370342474,-470.5713495082115,-124.95209798659953
2026-04-26 18:48:05.888,146,82.82714851729162,-236.74754844957047,151.46660791785717,-388.0767220624085,320.33151159632956,15.331097322482718,555.4423039677181,-474.7380933839521,-126.61822073223242
2026-04-26 18:48:05.896,147,83.57005720315863,-238.1183648742586,152.70713186230608,-389.0021474328764,322.1971749069549,16.241474370668687,559.9025256351156,-477.09786129764785,-126.48451664322533
2026-04-26 18:48:05.909,148,85.00460592955953,-238.8030880140264,154.63619256850342,-390.6612096423345,323.3071410467206,16.420591687440538,563.8643235692724,-479.95931798445747,-126.8526254309052
2026-04-26 18:48:05.917,149,86.58818487823791,-239.32784304721676,156.73334841558835,-392.32532340618445,324.3959895598567,16.60870749456313,567.032892916513,-483.62866165707794,-128.02265655644166
2026-04-26 18:48:05.926,150,87.06618558902024,-240.95817413985856,157.72710706636266,-393.6198556432435,325.84598465565824,17.17588413935734,569.9523887398894,-487.5505862279896,-129.44108369348308
2026-04-26 18:48:05.936,151,87.46130170532689,-242.68164779305724,158.60259462713822,-395.182174199562,327.00162635016625,17.476377631609267,574.6731703279801,-489.67385186313163,-129.04962678561628
2026-04-26 18:48:05.944,152,88.097677805572,-244.16717105502084,159.70422422478754,-396.6494691745817,328.2369884330926,17.860095205795385,579.9890237500803,-491.1977131564359,-128.0318910442438
2026-04-26 18:48:05.955,153,88.48641992954028,-245.88960633853267,160.5811321998774,-398.47294876797844,329.1034612108139,17.9078438600363,583.5803737955642,-494.44420510881827,-128.7270134338003
2026-04-26 18:48:05.967,154,88.4347689715427,-248.03030670125096,161.04875644971267,-400.15232720348706,330.1229814171655,18.1224953996749,587.0850690204585,-497.7684224245382,-129.4993705431814
2026-04-26 18:48:05.977,155,89.3240126780584,-249.23155954854934,162.4565689315105,-402.1575841008589,330.8228495253733,18.026384943527848,591.3536557211258,-500.3208291483842,-129.52285182869258
2026-04-26 18:48:05.988,156,90.27678299439357,-250.38259799182538,163.91527599600064,-403.8646078055766,331.7776789600516,18.200992257389938,595.6178567355308,-502.8751925983536,-129.5429846310094
2026-04-26 18:48:05.998,157,90.80556811400191,-251.94374350099778,164.9430748904236,-405.4833700006149,332.79824871563005,18.461901768116213,599.380035496177,-505.94162958217913,-130.06431182901517
2026-04-26 18:48:06.007,158,91.12368898659032,-253.7115811542657,165.77130902836916,-407.16042272317696,333.7259079754116,18.649290219102987,603.9063951217138,-508.2434892920698,-129.827152524313
2026-04-26 18:48:06.020,159,91.33999398171674,-255.58445469384594,166.48828671361395,-409.01733197439637,334.4661256031048,18.65154226992849,608.3548092835441,-510.62922120154883,-129.66818419696503
2026-04-26 18:48:06.031,160,92.03121617283091,-256.9922299927252,167.67560032268864,-410.16517186220216,335.9100334068537,19.356510686399332,612.2989087569634,-513.5287065804492,-130.01455100789371
2026-04-26 18:48:06.042,161,92.83835598646061,-258.2836788482648,168.9655535168095,-410.9717118263015,337.66325604097636,20.38148259832487,616.0675619005373,-516.6088413435969,-130.533558636243
2026-04-26 18:48:06.053,162,93.27242408972845,-259.95156679248385,169.88796884633007,-412.7670548753574,338.41253326797937,20.42220705580735,620.0159079106038,-519.5193255361461,-130.88035756058665
2026-04-26 18:48:06.061,163,93.92649584929664,-261.40830322033787,171.01498377835694,-414.44962980840216,339.2645005305089,20.582125088508224,624.8263995798549,-521.5714550781995,-130.36671724041764
2026-04-26 18:48:06.070,164,94.55911361159202,-262.88185591287504,172.12997933208314,-416.0135808476242,340.22661684768406,20.855186396646186,629.5454977985185,-523.7077142511937,-129.94889751755517
2026-04-26 18:48:06.078,165,94.94513394030366,-264.5935141643095,173.00112375169158,-417.7044776766983,341.0485478291495,20.999248463771558,632.6347516705857,-527.4629923864034,-131.16474263001504
2026-04-26 18:48:06.086,166,95.76121419994406,-265.8839383924165,174.292418718365,-419.30926386138435,341.95394421000907,21.22982899460504,636.9114983672962,-530.0229501927356,-131.1785134439825
2026-04-26 18:48:06.094,167,95.88761407929356,-267.85471315576586,174.90750187776274,-420.66798485018853,343.0848124809829,21.676947551034935,642.2214502557624,-531.5478807397636,-130.1627216168368
2026-04-26 18:48:06.101,168,96.56978364822831,-269.2611935146662,176.0980134662439,-422.6189977729526,343.59855219479505,21.52722423454987,644.1926261220314,-536.4142562130314,-132.48096103665017
2026-04-26 18:48:06.109,169,97.15305501573387,-270.77065936306286,177.18956075681723,-424.435044551591,344.2378732492074,21.50853359911497,647.7858661835563,-539.6597267372459,-133.1703968509238
2026-04-26 18:48:06.117,170,98.11214159142953,-271.9213511054417,178.62928574684227,-426.3142742456352,344.81561929482905,21.422802626882657,651.5507751765484,-542.7334658614353,-133.68825379292812
2026-04-26 18:48:06.125,171,98.76844309902341,-273.38182814151054,179.75726007876375,-427.4446290682556,346.11727289902194,22.066284220124135,654.0331307577806,-547.0976870795342,-135.50103939005086
2026-04-26 18:48:06.134,172,99.2765678468402,-275.017746933102,180.71619497945613,-428.34646461117075,347.63094121245047,22.925338539442745,658.0646226288272,-549.9167286971975,-135.77137687396748
2026-04-26 18:48:06.142,173,100.12196932232631,-276.3237950964266,182.02221771865112,-430.42742121473094,347.9644964715991,22.592711337600083,660.7276122121892,-554.1144045998035,-137.4130856104171
2026-04-26 18:48:06.152,174,101.0654401614783,-277.53613416556715,183.4158186318848,-431.843662381267,348.93745074579635,22.918212052330215,664.1584339526494,-557.5468669723882,-138.28203584091608
2026-04-26 18:48:06.162,175,101.74362661375463,-279.0133692223611,184.54949034142604,-433.1981381563561,349.9637460109872,23.316749998975705,669.0622722904079,-559.5102637243627,-137.69033542195893
2026-04-26 18:48:06.173,176,102.43186128543101,-280.49279722300093,185.68375719460246,-434.5596643600156,350.97270434449837,23.708585880216503,673.3594190114335,-562.0805745328619,-137.70992684715526
2026-04-26 18:48:06.184,177,103.30035366194012,-281.7961159076281,186.98421059576117,-436.67460015701977,351.21873389576575,23.340342190968965,677.5604919294083,-564.7336287675521,-137.7993329209779
2026-04-26 18:48:06.193,178,104.12873133629972,-283.14286073930396,188.23040946282757,-438.01580851209576,352.2185359440854,23.744715102664134,682.1802959475428,-566.9650959683004,-137.4550475247692
2026-04-26 18:48:06.204,179,104.78638643036147,-284.661262198754,189.31191053091655,-439.570761190914,352.9720814312259,23.9077213082088,687.4849401743044,-568.5136352670115,-136.42146972710003
2026-04-26 18:48:06.214,180,105.9704101265742,-285.659683003649,190.9149570707078,-441.051417664923,353.7715782621062,24.134927056644642,691.8481023212602,-570.9995175623125,-136.3333140203506
2026-04-26 18:48:06.225,181,106.7545829184882,-287.0506661446076,192.12911312547413,-442.5279268573699,354.5614974393079,24.364233733582314,696.9802958011844,-572.7118085998753,-135.47886926602038
2026-04-26 18:48:06.237,182,107.71748521424341,-288.27196432454235,193.5223302988435,-443.31631243536026,356.0198204126244,25.259255846843526,700.067485497414,-576.4785537522331,-136.6838553056608
2026-04-26 18:48:06.291,183,107.68991788376097,-290.4991107914953,193.90879089547923,-445.1442311955903,356.4078629811332,25.092052870270383,704.7706768593691,-578.6182011034252,-136.25578923750788
2026-04-26 18:48:06.301,184,108.71694056635735,-291.6831106962284,195.32893142672836,-446.7995451294328,356.9569422107777,25.092862657729732,709.205269951664,-581.0062045077282,-136.08560000135282
2026-04-26 18:48:06.309,185,109.1911411782218,-293.4260741194273,196.18363296633623,-448.2813635079344,357.6682995365846,25.252053697739242,713.633705941225,-583.3938821172823,-135.91801651198568
2026-04-26 18:48:06.317,186,110.19203928778508,-294.6527240994416,197.56092022281516,-449.6996573732941,358.4343433452921,25.452845425113534,717.2775594222609,-586.557768858733,-136.50876414056802
2026-04-26 18:48:06.326,187,110.67208718268459,-296.39613526315514,198.41664378834642,-450.6023036838519,359.6791721606512,26.130588317647,721.6913925637485,-588.9529287958102,-136.32224106396507
2026-04-26 18:48:06.334,188,110.96899188330151,-298.3295674345086,199.08813963731382,-452.36821856447904,360.0604674467043,25.953372017972548,726.8755179329029,-590.5722149446254,-135.3586587396766
2026-04-26 18:48:06.345,189,111.48894261466822,-300.0477817934137,199.98887512659883,-453.27410910917007,361.3019496650467,26.63540181765646,730.6119012670949,-593.6454405349373,-135.85669417874888
2026-04-26 18:48:06.354,190,112.46097341222848,-301.31632904544693,201.3304704267995,-454.43198829263366,362.2587271452255,27.044359286117608,733.5090355795434,-597.5716807649461,-137.21541623174673
2026-04-26 18:48:06.363,191,113.21305474121165,-302.8055863689146,202.44527916371496,-455.4614877907652,363.2991175053655,27.553468710404562,738.2080635592017,-599.7090373968155,-136.7829283654361
2026-04-26 18:48:06.374,192,114.03622547746099,-304.2208237372641,203.62543032913104,-457.3674936158937,363.4545543353859,27.19708287946552,742.2229600898248,-602.52940230632,-137.0357191151473
2026-04-26 18:48:06.384,193,114.57568442938789,-305.9362799830875,204.50233126713596,-458.971536490238,363.911670426269,27.152178789466053,744.4411451291778,-607.139801371857,-139.0774004523139
2026-04-26 18:48:06.395,194,115.5684708625637,-307.20236754001064,205.83551409465755,-459.80443722790426,365.13269969441933,27.890211623020814,748.4431825316177,-609.9564917493832,-139.32424404814066
2026-04-26 18:48:06.404,195,116.59713303241622,-308.4381967975937,207.20868203579198,-461.5441883061184,365.43092811489475,27.71449522619777,752.9597693395721,-612.2572247807324,-139.06296866324837
2026-04-26 18:48:06.414,196,117.11063886086467,-310.19859481616317,208.05712046761104,-462.8217972373739,366.17843725027114,27.996156409597194,756.9692989669231,-615.0718461911549,-139.3209997550487
2026-04-26 18:48:06.423,197,118.44989792984585,-311.1473492558347,209.7203054040294,-464.4964777228651,366.5168963364267,27.874098990052843,760.7308804441374,-618.1399699286019,-139.8390449830069
2026-04-26 18:48:06.432,198,119.46147781159907,-312.42366108656046,211.06157195183243,-465.40814923755977,367.61631991231616,28.50038701423,765.9412879271418,-619.7599793661949,-138.9172947444107
2026-04-26 18:48:06.442,199,120.07925741909321,-314.0921239928646,212.00980199903793,-466.8658745895036,368.15783381007554,28.570248055005965,769.4550552003225,-623.0848775876423,-139.6974273858749
2026-04-26 18:48:06.451,200,120.67769180811729,-315.79208550209006,212.91933327731005,-467.9168861974285,369.084599418753,29.0376370924157,772.9784398875329,-626.3994330179695,-140.48662610998193
2026-04-26 18:48:06.460,201,121.43041097263735,-317.32459843520917,213.99528668015947,-469.20092053702496,369.7681568387224,29.254553042830693,776.3164906840774,-629.8909739070453,-141.45015080057306
2026-04-26 18:48:06.469,202,122.25084276267552,-318.7958586777906,215.1342840773072,-470.03848268761595,370.87768951181715,29.907114564091785,780.845267581796,-632.1934089223386,-141.22239377489257
2026-04-26 18:48:06.478,203,123.55277858329917,-319.7763317354741,216.77013663382246,-471.35681401909534,371.49185100159764,30.0651807680809,784.8591708662335,-635.0006768819005,-141.49012861520515
2026-04-26 18:48:06.486,204,124.82123527797629,-320.79366349367467,218.37890520905208,-472.4163435781771,372.3447866994518,30.471588695089228,790.2259672471919,-636.4460287714288,-140.38745676109158
2026-04-26 18:48:06.495,205,125.9388374179983,-321.9785015966215,219.8280286157641,-473.71053355558166,372.9412979966831,30.630564635702395,795.5841985266983,-637.8879748904275,-139.2881553070231
2026-04-26 18:48:06.502,206,127.03868350232752,-323.20285001399964,221.24060229324365,-475.03977398358734,373.487062775752,30.74825393835119,799.3337167372151,-640.9445768612397,-139.8067512278453
2026-04-26 18:48:06.511,207,128.09804452526666,-324.45968963609556,222.63071634372568,-476.4521887339632,373.94554812845604,30.78282255940307,804.1963846216257,-642.8930722134731,-139.2205023035227
2026-04-26 18:48:06.518,208,128.69183057574028,-326.1795977843624,223.55866956417765,-477.8088285995851,374.44190611787434,30.86202824182844,808.2082337135935,-645.6982761627636,-139.49432065262675
2026-04-26 18:48:06.526,209,130.00923406048614,-327.1692664703013,225.20926593644882,-479.3054863203621,374.7857896007096,30.80339312147407,812.2253240136104,-648.505874674066,-139.77222261586886
2026-04-26 18:48:06.535,210,131.06897479944044,-328.42534498458434,226.59009064900366,-480.65539107469283,375.2686235032033,30.900584617127695,815.0621920502842,-652.4990500598536,-141.24237273102997
2026-04-26 18:48:06.543,211,131.63916517657614,-330.1765713295255,227.4775869634232,-481.59115498890947,376.1431285942428,31.40087469672513,818.398091035302,-655.9811575415293,-142.2041290135282
2026-04-26 18:48:06.553,212,132.6747234389973,-331.46076980401654,228.82535554361925,-482.88743946558355,376.6513967315554,31.5417568168496,821.0431717036204,-660.1400965611176,-143.83786644091094
2026-04-26 18:48:06.560,213,132.74814182580297,-333.70048954776007,229.21475317701623,-484.3686961046788,376.9740921847362,31.503653884065553,825.9664065720195,-662.0047101426677,-143.16973138844494
2026-04-26 18:48:06.568,214,134.53427972407997,-334.22748558358103,231.31957869643762,-484.9801491627736,378.14957239421494,32.33165459853308,829.1105005674201,-665.6559511388067,-144.2842531244134
2026-04-26 18:48:06.577,215,135.10043018712355,-335.9755350964934,232.2073829448145,-486.079608459337,378.82162083465755,32.65058461165293,832.9263447570071,-668.6223491190419,-144.71099412784653
2026-04-26 18:48:06.584,216,136.1378802412006,-337.2588531498091,233.5500320956614,-487.34574511256915,379.31375377083543,32.790428640109944,835.133220369234,-673.2069257801469,-146.7484423689629
2026-04-26 18:48:06.593,217,136.77010788883365,-338.9459752836009,234.49875426547726,-488.6133278817958,379.8029954609951,32.934086094714544,839.1244254727178,-676.011412266981,-146.99740745985943
2026-04-26 18:48:06.600,218,137.59972108069238,-340.43384135785857,235.65326641723235,-489.56573319829994,380.60579072011194,33.39847363044824,841.7601314863986,-680.1778496716078,-148.61533878755282
2026-04-26 18:48:06.608,219,138.43486934980663,-341.92777891635257,236.81041561664583,-491.03250640440075,380.87673951710946,33.34168318913653,845.2528396890388,-683.4976435735762,-149.38546265885566
2026-04-26 18:48:06.617,220,139.4718630151271,-343.216219724293,238.1610774800966,-492.1193302504948,381.5221375563137,33.668385705278276,849.17398820618,-686.398185585437,-149.72600740059315
2026-04-26 18:48:06.624,221,139.76122046869756,-345.2588118070696,238.74551902395993,-493.14436349182427,382.2107923975171,34.04923240069749,854.2879188996033,-688.1041936629094,-148.87046207472926
2026-04-26 18:48:06.634,222,140.86838569671445,-346.4875725444336,240.15455172445306,-494.40868532123034,382.63670852057965,34.18041083589269,857.8629904871166,-691.3424963137919,-149.5421729381734
2026-04-26 18:48:06.643,223,141.6213071227496,-348.07713349555564,241.21366326379436,-496.01237526486307,382.7251048022878,33.975015555240674,863.6518766018521,-692.3693962915794,-148.00093213077685
2026-04-26 18:48:06.652,224,142.69121266065378,-349.3431927074489,242.60602956100092,-497.4353529929453,382.9781324490305,33.94566822721508,868.5020953519562,-694.3315637021342,-147.40014696851404
2026-04-26 18:48:06.662,225,143.28981275923607,-351.0733809990935,243.53896469881792,-498.0983271187747,383.9719815508824,34.66128459016453,871.9778748380315,-697.6592017954231,-148.1547901149808
2026-04-26 18:48:06.705,226,144.85377280618061,-351.8397092746132,245.43984153525955,-499.1978112515558,384.5177145572235,34.938328557376096,873.9206986254882,-702.4941049044484,-150.42828353478455
2026-04-26 18:48:06.712,227,145.6530529003538,-353.3742320067283,246.57515055060162,-500.2942610307597,385.06638987060234,35.211304586687255,878.3071754136408,-704.869425328441,-150.24393487647197
2026-04-26 18:48:06.719,228,146.41823356670787,-354.9462860280941,247.67896703485445,-501.0288478477591,385.96853922482524,35.83635769781545,883.6232567483478,-706.3165604642179,-149.1238242819784
2026-04-26 18:48:06.727,229,147.7567277462041,-355.9520248944901,249.35298259822557,-502.35906635147,386.2668228504855,35.86286145810088,888.0052857010443,-708.6969377871537,-148.93428779073676
2026-04-26 18:48:06.734,230,148.02185052076763,-358.0331728051709,249.95755296730334,-503.5754593578042,386.66455417982183,36.0063956312136,890.5224081136428,-712.9439489526545,-150.61199854948188
2026-04-26 18:48:06.743,231,149.1324585278898,-359.2763642324057,251.3912378373186,-504.51015380765807,387.3306185437196,36.42038345561393,893.7093180810806,-716.5159510118388,-151.61239769332735
2026-04-26 18:48:06.751,232,150.18882626249982,-360.5808802638487,252.76126231886315,-505.817135650203,387.6094963558865,36.46044060773915,895.3779705224173,-721.5965876822023,-154.11317294144607
2026-04-26 18:48:06.758,233,150.42446809254113,-362.6969955649077,253.33408596396387,-506.96270464235664,388.03615845168304,36.66132937342619,900.4096615721845,-723.3049141506979,-153.2366234415649
2026-04-26 18:48:06.766,234,151.02671929686963,-364.4514458712452,254.28287033120947,-508.1519689276222,388.4191790676278,36.81046893951921,904.614904038136,-725.8470417186528,-153.18960191370675
2026-04-26 18:48:06.774,235,151.5635977926867,-366.2790798194253,255.16457213480675,-509.15164244828037,388.9746699691039,37.14261697797898,908.7240249186283,-728.4898742154811,-153.24897976431748
2026-04-26 18:48:06.782,236,152.37496302805806,-367.83664522871993,256.3147697107414,-510.5116336395962,389.1485020777411,37.105523969161354,913.5160133364158,-730.4544061107582,-152.6343079470592
2026-04-26 18:48:06.790,237,153.15678862257363,-369.43338414373835,257.4351852397306,-511.53497875643615,389.6486353261615,37.38989394353299,916.5460757462924,-734.1891747532327,-153.79735292064498
2026-04-26 18:48:06.798,238,154.07263205963906,-370.89538946658286,258.69743800738803,-512.5025207798432,390.1900516379861,37.70963020878443,919.163512666345,-738.3458864782681,-155.39282197295248
2026-04-26 18:48:06.806,239,154.6452427234034,-372.699109114681,259.6211723987576,-513.6183693650645,390.577547776131,37.8765805970641,923.0491430926995,-741.2462618132851,-155.72172811926606
2026-04-26 18:48:06.814,240,154.9943529567835,-374.7429301409724,260.29621840883516,-514.7293982585296,390.96337330152005,38.04586353878404,925.6635646587679,-745.3976761473006,-157.3079575939841
2026-04-26 18:48:06.822,241,156.0940930823227,-376.03903062035835,261.7231204943245,-516.0053748892605,391.1736228044723,38.05112940768961,928.018254523648,-749.802139003821,-159.14722656525998
2026-04-26 18:48:06.830,242,156.92412607013847,-377.6093882608045,262.8769037166297,-517.3207372527849,391.3426564688419,38.01647049617888,932.1475015967108,-752.4277997376338,-159.2207020508438
2026-04-26 18:48:06.839,243,157.7938060614799,-379.14998623892296,264.0589048595642,-518.4472375468162,391.69944419651557,38.16846838568175,934.7602774356385,-756.5754452507144,-160.81275900215704
2026-04-26 18:48:06.847,244,158.35662682463123,-380.99923885322534,264.94284404524217,-519.3168154748665,392.3123790783054,38.58817070122635,938.0533583813307,-760.0471317423534,-161.7332187243182
2026-04-26 18:48:06.855,245,159.2566056149288,-382.50526829710634,266.16063664771514,-520.3257374359222,392.7701709592916,38.86959237455302,943.1298566957914,-761.7426590633916,-160.8817377145004
2026-04-26 18:48:06.863,246,159.85837630952255,-384.3112371125565,267.06315717452503,-521.3127462904091,393.2398552750892,39.169424255640024,946.4242658614065,-765.2109368296457,-161.80058433066392
2026-04-26 18:48:06.871,247,160.16684002016797,-386.42395469289124,267.6632552230591,-522.409791214349,393.59232677238634,39.36225855642194,950.8220525031126,-767.5766000804983,-161.63364767332513
2026-04-26 18:48:06.880,248,161.77856774249213,-387.234980844831,269.5594459426558,-523.6400815090108,393.7933751430106,39.41870470908008,954.7226401689927,-770.443780306817,-161.97812214462334
2026-04-26 18:48:06.887,249,162.69591676545886,-388.7459965051339,270.7364222307904,-524.9842202364048,393.8714769299765,39.36582686437295,960.305057709779,-771.6256456679562,-160.6347394879003
2026-04-26 18:48:06.896,250,163.3275801056827,-390.55371469737514,271.6193426798999,-526.0530022721807,394.2169725374401,39.58588675117559,962.2512315022752,-776.4441028077473,-162.92349965735175
2026-04-26 18:48:06.904,251,164.17941557938292,-392.1430271562188,272.7207933114258,-527.2548271381869,394.41986508828677,39.66219878944189,964.6248267232495,-780.8364215159456,-164.79738074441926
2026-04-26 18:48:06.913,252,165.0284114777183,-393.7339460638191,273.8226593215919,-528.219979750772,394.853229227295,39.961259241109474,969.4601939027808,-782.774068640833,-164.21396742739955
2026-04-26 18:48:06.921,253,165.9055414446306,-395.30064465837773,274.9490999878709,-529.002558014753,395.45856935374337,40.44282227258709,973.620385027565,-785.392405578193,-164.3069667841919
2026-04-26 18:48:06.929,254,167.0358965916444,-396.6203818005683,276.31645634513103,-529.7920469136442,396.0465312173034,40.91197987507744,978.2921032539927,-787.5047051375943,-163.90001572039088
2026-04-26 18:48:06.939,255,168.4322857790186,-397.670188646427,277.949453110863,-530.875724237642,396.3308682861269,41.08278258122918,981.0973637180823,-791.4810716828836,-165.3502511414295
2026-04-26 18:48:06.947,256,169.2668336565857,-399.2822174803973,279.02440348631393,-531.9265700779187,396.6282755796282,41.28555501716403,985.5917295155185,-793.7672065934819,-165.11657370719035
2026-04-26 18:48:06.957,257,170.18422617934172,-400.82145564626023,280.16354487379016,-533.2337188476087,396.6662915341966,41.24858398834476,989.7597682720656,-796.3760367623447,-165.21699357685026
2026-04-26 18:48:06.967,258,171.32989663038785,-402.1393766314097,281.52379642983664,-534.160604692659,397.08385722445354,41.587931364950514,994.4334375886302,-798.482673878376,-164.8218723852416
2026-04-26 18:48:06.975,259,172.23636481484942,-403.7030325842975,282.63517463962796,-535.0654741349039,397.5212115378711,41.93533779224855,995.541450763143,-804.1659918969832,-168.00518006921723
2026-04-26 18:48:06.985,260,172.94107861318548,-405.48077470253463,283.53020416275433,-536.0823037942517,397.83109637035386,42.156291681591874,1000.5885127984085,-805.9117733989443,-167.25881457328174
2026-04-26 18:48:06.992,261,173.9066830964199,-407.01761984983415,284.6690347766395,-537.3740651049408,397.8687260399821,42.09934773971538,1004.8472750559334,-808.4488999273584,-167.30650757905644
2026-04-26 18:48:07.002,262,174.84144451882463,-408.5879749305533,285.7725656609583,-537.9964282395053,398.5699040579785,42.70194137726192,1007.4977532490973,-812.5926406319193,-168.95439937298707
2026-04-26 18:48:07.011,263,176.34510675333814,-409.5895175420363,287.44233472645084,-539.0185591910617,398.8616036567209,42.89821653347395,1011.6773891331841,-815.2006133009202,-169.0623882407161
2026-04-26 18:48:07.020,264,177.00702106382974,-411.42790941090925,288.27963642237273,-540.0410157487808,399.1571482762946,43.088582002915224,1015.6763172777924,-817.9864476230011,-169.3450118926654
2026-04-26 18:48:07.029,265,177.1115733731453,-413.82668144812504,288.5668797378467,-541.0445686106273,399.4765583219528,43.29835608245116,1019.9291019392682,-820.5240335549779,-169.38007307079044
2026-04-26 18:48:07.037,266,178.05750497114167,-415.3843970203097,289.69687496487376,-542.0666642883547,399.7748458553206,43.48205937226031,1023.0053864756273,-824.2423025532635,-170.59593029121854
2026-04-26 18:48:07.046,267,178.99544068128233,-416.9597353124579,290.80154843050946,-543.0822334426877,400.07005502305765,43.66405915058956,1027.9414117441413,-826.1026261111523,-169.95234031929255
2026-04-26 18:48:07.057,268,179.1436819761039,-419.3253167852758,291.1207974840082,-544.2010212400776,400.25363084351534,43.7391579808609,1032.878461494365,-827.9649062243963,-169.30577519270838
2026-04-26 18:48:07.067,269,180.85527830977847,-420.1320882096934,293.00067348657325,-545.3226092868116,400.4247842054884,43.805743965075976,1037.0685165812185,-830.5783058011058,-169.4138385393415
2026-04-26 18:48:07.078,270,181.58223445878414,-421.9359265059959,293.88883147873076,-546.4163512669251,400.6178091953426,43.89229087828374,1042.2644384344353,-832.1888970413792,-168.52707992148132
2026-04-26 18:48:07.086,271,182.8132275346606,-423.24896009103713,295.256803475852,-547.2729828491008,401.04216565045283,44.21287524205505,1046.8893095517094,-834.3682714778956,-168.20894612221284
2026-04-26 18:48:07.095,272,183.7654543889271,-424.84281901673523,296.3415942028311,-548.3825671076261,401.20375999557814,44.285739961271254,1051.765857081427,-836.2980026443008,-167.64098332643064
2026-04-26 18:48:07.103,273,184.97859463543688,-426.1719077141732,297.698404148287,-549.4917980929813,401.3638835048465,44.36193425623476,1057.1424903384645,-837.7273627781545,-166.57233651393628
2026-04-26 18:48:07.110,274,185.92420125057401,-427.77114826168577,298.789633364623,-550.6140156382081,401.5158312397416,44.42805448756858,1060.9078890785725,-840.7636541452224,-167.11686923788702
2026-04-26 18:48:07.119,275,187.14795120534816,-429.0876950302602,300.1664402931049,-551.6074898930236,401.78571024400526,44.615040832304416,1065.1656838237177,-843.3014431426326,-167.15827617933698
2026-04-26 18:48:07.125,276,188.0806715208072,-430.70188524398964,301.24311497607175,-552.4498190343971,402.19806811952293,44.95619491475589,1068.668784293623,-846.5917639787446,-167.9449036031377
2026-04-26 18:48:07.134,277,188.53468525779687,-432.8002978532016,301.8382931366055,-553.6680269947989,402.2295988006627,44.924689152501394,1072.916556218497,-849.1298776032394,-167.9712140517202
2026-04-26 18:48:07.142,278,189.26283468370795,-434.6313376982508,302.70019742185264,-554.5244544930183,402.6259200650416,45.25261587946515,1076.233029525344,-852.5970463772684,-168.92763323178468
2026-04-26 18:48:07.149,279,191.28332269786804,-435.1697199794274,304.85131786992423,-555.4986148285598,402.8843258534159,45.449652844992826,1080.2133470615659,-855.3828746151993,-169.19494488726784
2026-04-26 18:48:07.158,280,191.73172188202935,-437.2826301067057,305.42739609053115,-556.2235730636072,403.37837872396545,45.882752017708505,1083.2615430203396,-859.0927578968898,-170.3861132369542
2026-04-26 18:48:07.167,281,192.6945582520632,-438.8832313125274,306.513916258133,-556.9480717010258,403.8706974591844,46.307726294389596,1086.985823962493,-862.1216936177317,-170.90955409900832
2026-04-26 18:48:07.173,282,193.69125330681098,-440.45818857199805,307.616787258254,-557.8784875783938,404.1461186259914,46.51472455318818,1091.8033725161665,-864.0537068766974,-170.32688585105566
2026-04-26 18:48:07.182,283,194.95333832449015,-441.7776229498024,308.9742836493114,-558.814769410355,404.40047633015644,46.712661974449425,1096.6237698368543,-865.9857619114914,-169.74456965731014
2026-04-26 18:48:07.189,284,196.22162995546083,-443.1006485827126,310.33150214661663,-559.3888814520623,404.9979637426257,47.257777607818646,1101.0215300836683,-868.3428886896203,-169.585816506824
2026-04-26 18:48:07.199,285,196.97108030425713,-444.94391567541237,311.17364383471346,-560.1968925842424,405.35102658992093,47.56190420983776,1103.900327824144,-872.2247396676787,-170.95778744839575
2026-04-26 18:48:07.208,286,197.18622765258738,-447.33435208680015,311.46181410884446,-561.1093933826393,405.5894975731937,47.75849679133337,1107.8815024583432,-875.0074213731285,-171.22836354641956
2026-04-26 18:48:07.215,287,198.20240277851,-448.92989300683524,312.52442288162524,-561.8950419318298,405.938265082184,48.07850621137785,1111.8643573694164,-877.7876935483406,-171.504244542125
2026-04-26 18:48:07.224,288,199.49813878954578,-450.2519370421659,313.86238653647814,-562.4583270492941,406.50159707781626,48.616484839415456,1115.85087245233,-880.5682242449344,-171.7836798975603
2026-04-26 18:48:07.231,289,200.2682305113311,-452.10694927102924,314.6750924392645,-563.2346476967684,406.84871002712487,48.93504772669949,1118.231119254531,-884.954751717562,-173.66474198798053
2026-04-26 18:48:07.241,290,201.83165531778093,-453.16676872256414,316.2879720549582,-564.3391973293747,406.8598198100055,48.927612725749995,1121.9624175370666,-887.9915136399395,-174.18757559816893
2026-04-26 18:48:07.291,291,203.14609739620997,-454.4896526453469,317.63634137226967,-565.2166024189967,407.08810722880855,49.142849183193945,1128.228794320056,-888.4953470472841,-172.1705921250599
2026-04-26 18:48:07.299,292,204.72454630417226,-455.5572004220713,319.2433462746697,-566.317118457051,407.095819415028,49.1352201412857,1132.8906290461941,-890.605644206726,-171.7626598890691
2026-04-26 18:48:07.306,293,206.03533933805736,-456.8916937931131,320.583981846223,-567.3104411564799,407.2151792786357,49.23584751768984,1134.675065623104,-895.605735655904,-174.24633779537604
2026-04-26 18:48:07.313,294,206.2765381413281,-459.2945023932628,320.8535818054717,-568.0779537659128,407.5558350820152,49.56070788146302,1137.1430958492606,-899.935394021139,-176.0613882840401
2026-04-26 18:48:07.319,295,207.59736028153193,-460.62483554257443,322.19331351889525,-569.0675608422899,407.66889989608376,49.66922275690962,1142.5110777586742,-901.3704257975937,-174.98086229052032
2026-04-26 18:48:07.327,296,209.19188863578182,-461.6913418945708,323.79428369271403,-569.8388062882433,407.99958504737884,49.9998721740136,1146.013705712742,-904.6711709707703,-175.76203267803461
2026-04-26 18:48:07.334,297,210.2538962037064,-463.29252612996663,324.8641637030894,-570.4923659867095,408.4337005901583,50.43818049284234,1149.7683097524605,-907.719778752754,-176.2934802556657
2026-04-26 18:48:07.341,298,211.052604911148,-465.163117897763,325.6675949967128,-571.137531179229,408.8623211199991,50.87104320884053,1154.2054476297178,-910.082475290879,-176.1485219651283
2026-04-26 18:48:07.348,299,212.11869620730403,-466.76475739850054,326.7377425289131,-571.7798210469957,409.2853139916846,51.308021146582625,1155.7417360520583,-915.3411382254524,-178.90086764379052
2026-04-26 18:48:07.355,300,213.182651546269,-468.36353955688173,327.80618579484803,-572.4174186188741,409.7028171487748,51.740060340754006,1159.314451233348,-918.5598829199765,-179.60695588466075
2026-04-26 18:48:07.363,301,214.25342146695456,-469.95654172716013,328.8663860901075,-572.9459624932807,410.2214316610861,52.275072430021744,1162.1360006872383,-922.5307309252926,-181.0695041107372
2026-04-26 18:48:07.371,302,215.59118664981108,-471.2834832447904,330.18913457729946,-573.362589338689,410.835482691778,52.909018466682674,1168.0000051317286,-923.460100534072,-179.49939323969093
2026-04-26 18:48:07.380,303,217.45971708532173,-472.0784251470049,332.0387190365403,-574.2913222704557,410.9365824722486,53.023604520807126,1173.3692443588727,-924.8862692291484,-178.43537011825774
2026-04-26 18:48:07.388,304,219.0641255751712,-473.1382417884136,333.62330669182796,-575.117647074324,411.1411354387615,53.23073766420656,1177.5623365116498,-927.4897685268643,-178.55033003791692
2026-04-26 18:48:07.396,305,220.1374530627951,-474.7358450353622,334.66688175086085,-575.9375583432684,411.34753183187723,53.434062058873074,1180.8951484386607,-930.9551139986406,-179.5293559616058
2026-04-26 18:48:07.404,306,221.22911149555247,-476.3293153121855,335.71473231722064,-576.7537421657073,411.5476585067234,53.6423845521489,1185.5866004040427,-933.0587651523306,-179.150662411015
2026-04-26 18:48:07.411,307,222.58217519151498,-477.66245644134295,337.02055796641025,-577.5656718898402,411.7446186440991,53.85485251375685,1190.2791929637801,-935.1584833584426,-178.7783260318688
2026-04-26 18:48:07.418,308,223.67098043266031,-479.2614630322508,338.0640452235853,-578.5830570457,411.7388421940687,53.86583250428544,1194.4744997446287,-937.7506253840944,-178.90112596843264
2026-04-26 18:48:07.425,309,225.82299426867345,-479.8005865291338,340.1703723167315,-579.291710244391,412.03931149153345,54.17423108662507,1196.6360882882966,-942.3817800930128,-181.06362254948118
2026-04-26 18:48:07.432,310,226.92030292276579,-481.39703687083,341.22149739833617,-579.8971677951547,412.4402791672792,54.57989692871279,1199.965556560699,-945.838908472761,-182.0442829568603
2026-04-26 18:48:07.439,311,227.479485951999,-483.5313921885257,341.7283201895051,-580.4955187336158,412.84019131142645,54.993205472465796,1204.1453941059256,-948.437304357743,-182.1575199050851
2026-04-26 18:48:07.446,312,228.85294040393083,-484.85635459704787,343.0409628702735,-581.0895588030199,413.2303180855535,55.406598506806866,1208.5706144352603,-950.790458496644,-182.01678952480475
2026-04-26 18:48:07.454,313,229.68784400256695,-486.72044826002804,343.8249367406267,-581.8766577299651,413.41652771312636,55.62174496221451,1213.915019375098,-952.2141390015036,-180.9500725442177
2026-04-26 18:48:07.461,314,229.9847551307494,-489.12258523962373,344.07628206640686,-582.5529400358355,413.70180405315165,55.938054780295694,1218.8318249039305,-954.066596842827,-180.30875098628746
2026-04-26 18:48:07.469,315,231.3586193934395,-490.4529083301431,345.39457054768474,-583.42587461278,413.7843517299834,56.05323265422731,1222.3259484314142,-957.3457590334016,-181.0939030990107
2026-04-26 18:48:07.477,316,231.93651981586012,-492.5806862577657,345.91326548296956,-584.1063658184021,414.058430001737,56.36673825176832,1226.5656148787116,-959.8771954074728,-181.12984236371662
2026-04-26 18:48:07.484,317,232.76466304746035,-494.467574034747,346.6771630359092,-584.7909090068409,414.3215490911535,56.680272687608756,1231.737038536903,-961.4829204903681,-180.23715529428344
2026-04-26 18:48:07.492,318,233.88910468111297,-496.05641107772135,347.73747387262466,-585.2696300897275,414.7763212940495,57.19291842546519,1233.5217330268567,-966.4788197489721,-182.73630346242732
2026-04-26 18:48:07.500,319,235.27609889394174,-497.38585206746274,349.05284043661646,-585.9343283906088,415.02936288438804,57.501772630692834,1237.2664250596645,-969.5053109105803,-183.27366505508147
2026-04-26 18:48:07.511,320,236.39830438186388,-498.98329409835577,350.10569514317643,-586.3892552691939,415.47075810923474,58.009364112341245,1241.8584359057684,-971.6744074902372,-182.95409635987588
2026-04-26 18:48:07.520,321,237.5113824450217,-500.5952579792293,351.14048600806024,-586.9222431182604,415.8122191002215,58.42302664245207,1244.4946497776823,-975.8059907850906,-184.59386319508022
2026-04-26 18:48:07.529,322,238.6421856718225,-502.1974965750746,352.1776813872186,-587.6329556753766,415.9642690398381,58.6455928390351,1246.8832924447804,-980.1882335270112,-186.48449305668402
2026-04-26 18:48:07.539,323,239.5045026704771,-504.06148524705117,352.95161208959206,-588.243485722714,416.20403068641036,58.9612898091836,1251.3028163733122,-982.5367129847001,-186.34476382096597
2026-04-26 18:48:07.546,324,241.43314839185032,-504.86121393594044,354.78631738042174,-588.8627673010769,416.44133823189503,59.266851351900456,1256.3997331600633,-984.2101158808211,-185.52887822500477
2026-04-26 18:48:07.556,325,242.27794282410304,-506.75851555697875,355.52138283450023,-589.6729703090813,416.4832672725325,59.38032679357278,1260.6422111255172,-986.738315988008,-185.5667600221733
2026-04-26 18:48:07.566,326,243.16795023802834,-508.6188696420777,356.302572392854,-590.3620235986626,416.6469939978066,59.61754035941659,1264.1328820593783,-990.013342417119,-186.3538606456171
2026-04-26 18:48:07.576,327,243.7521431632805,-510.7915231532931,356.7739100735646,-591.0631946839245,416.7895907407748,59.84560867188259,1268.1248841213437,-992.7903246466076,-186.64334436851368
2026-04-26 18:48:07.588,328,245.17694149079782,-512.1276774989286,358.08663806936164,-591.5756520026075,417.1160118443306,60.25667680300522,1271.8727595185135,-995.8121289454692,-187.18761100795606
2026-04-26 18:48:07.598,329,246.0647865854819,-514.0025302255559,358.85731258926967,-592.2606741855375,417.2663826246391,60.488529983329876,1276.2905610925834,-998.1571017593941,-187.05115619682743
2026-04-26 18:48:07.606,330,246.9423329714244,-515.8868033789572,359.61215577796514,-592.7938728375647,417.5683067732589,60.870188796796555,1280.0273138831024,-1001.1769756532996,-187.58842546672616
2026-04-26 18:48:07.615,331,247.8403613001921,-517.7464619340644,360.3924156765514,-593.3834853018362,417.80923887873126,61.19434059602451,1284.3716325667658,-1003.5857635568574,-187.5208536856539
2026-04-26 18:48:07.623,332,248.14832626993535,-520.1903589348791,360.5885560010263,-594.0764334365111,417.94087658329175,61.409090709568304,1288.036459643566,-1006.6689870790242,-188.12673826421857
2026-04-26 18:48:07.633,333,249.30272773697058,-521.7882458112183,361.6367323443017,-594.6772187921497,418.16086238802245,61.714059347967506,1292.014257726565,-1009.4359296290675,-188.41439387062164
2026-04-26 18:48:07.642,334,250.15779536674967,-523.6971325414557,362.3659460081795,-595.3670111061687,418.2835974925811,61.93462673437656,1296.1644406128805,-1012.0262480237438,-188.52043920552887
2026-04-26 18:48:07.650,335,251.5798968025535,-525.0417881156691,363.6578142856291,-596.1453678943554,418.3088218008222,62.07217098424662,1299.0390720448102,-1015.8931240417984,-189.90706918492032
2026-04-26 18:48:07.661,336,253.031726897839,-526.3600931722674,364.9759377212393,-596.7637269343812,418.48495609257765,62.37193657555967,1302.9521402932742,-1018.7261817621408,-190.2658598904428
2026-04-26 18:48:07.668,337,254.7317952550035,-527.4303204857164,366.54729496835586,-597.4154708557577,418.6167238022104,62.632624436903704,1305.584901810406,-1022.8395309143993,-191.91345618964007
2026-04-26 18:48:07.679,338,255.600299874339,-529.3313262540725,367.28923274607473,-598.2447551819788,418.56202234395874,62.71569424871105,1308.6448726200606,-1026.52428671751,-193.13314060275786
2026-04-26 18:48:07.690,339,256.508370507455,-531.1932449143073,368.0678552722624,-598.6412836048279,418.92956515352614,63.22559799785739,1311.7729104960451,-1030.1464980506532,-194.28985763361362
2026-04-26 18:48:07.700,340,257.38056501691756,-533.0980702666885,368.80775009873105,-599.474061003498,418.85745372820946,63.29763624045853,1316.6817118417537,-1031.991021511266,-193.6661736767683
2026-04-26 18:48:07.711,341,258.8207366980687,-534.4361531128087,370.119496730485,-599.9413294484681,419.14357428373245,63.73152841348319,1320.1772520012387,-1035.2479605956003,-194.46155320363903
2026-04-26 18:48:07.720,342,259.15597633092176,-536.8919733696092,370.3124230331477,-600.7241529688928,419.11435152141644,63.846874751556335,1324.1608623841103,-1038.0120390443237,-194.759665103231
2026-04-26 18:48:07.729,343,260.36857325725475,-538.4786245994719,371.37052584477436,-601.3975111061977,419.1937297596272,64.06833504208058,1327.8947124957958,-1041.0215106310309,-195.30192113785583
2026-04-26 18:48:07.739,344,262.09605401736485,-539.5528288972525,372.94297911624005,-601.8548991573,419.47428820632473,64.49362287397915,1332.3005938064211,-1043.3579809705539,-195.16931337764615
2026-04-26 18:48:07.746,345,263.2732472314092,-541.1738411379699,373.9750002663182,-602.5420280389708,419.5179192378342,64.68441304494179,1335.115838021527,-1047.2915777863961,-196.6344945533464
2026-04-26 18:48:07.756,346,264.1972724858263,-543.0457582751719,374.7581504215523,-603.2886553435326,419.5021984139979,64.81710576718733,1338.1805374017754,-1050.981443175867,-197.85423411651968
2026-04-26 18:48:07.763,347,265.6398578427686,-544.3992607131858,376.05231952923594,-603.8281879661109,419.69033583545837,65.15541987154928,1341.6727091485513,-1054.2380769450717,-198.64599886801545
2026-04-26 18:48:07.773,348,266.82953890007326,-546.0035490783902,377.09783348648665,-604.5149772334347,419.7341642985129,65.34230613370941,1345.6549548468429,-1057.003338202044,-198.94219078098376
2026-04-26 18:48:07.784,349,268.82994206070157,-546.7997678522413,378.9568847483759,-605.0094281639592,419.97188561892915,65.71832179999852,1350.3105266682662,-1059.096718129729,-198.55938552056662
2026-04-26 18:48:07.791,350,269.76719402540755,-548.6589618758522,379.7538029164076,-605.5734947455671,420.13551509044953,66.0171790200369,1352.2649637997217,-1063.8844309074764,-200.86982840272637
2026-04-26 18:48:07.801,351,271.4458264186137,-549.7783108802986,381.2904615106005,-606.1977856108065,420.2410013762537,66.25820004949792,1357.7564038471512,-1065.126363079631,-199.62810073112638
2026-04-26 18:48:07.808,352,272.36607276057674,-551.6540460750431,382.0741034960431,-606.8620615717796,420.30588641893405,66.45749437504895,1361.4740025918313,-1068.13702769501,-200.15607972702105
2026-04-26 18:48:07.817,353,274.0544545427245,-552.7576314759642,383.63164183479125,-607.4458612528146,420.438121100775,66.72722733884261,1365.7836241106138,-1070.5524298760347,-200.0811675481137
2026-04-26 18:48:07.826,354,275.74207178558663,-553.8603568857485,385.1868131532852,-608.0702992169735,420.5215596959288,66.9558998788481,1368.6469793084073,-1074.4089216778486,-201.4552016168142
2026-04-26 18:48:07.833,355,276.9248189094815,-555.4713510700714,386.23813062724236,-608.7187192223778,420.5693731295885,67.15488799473096,1372.8466830938467,-1076.9184756837874,-201.47795823210595
2026-04-26 18:48:07.897,356,278.6407639504469,-556.5521942181498,387.8276575323125,-609.2994132303426,420.67417668858457,67.41765139884777,1377.4605656734484,-1079.0040319383947,-201.07751117859164
2026-04-26 18:48:07.905,357,280.0788045739502,-557.9153425993509,389.140150323329,-609.9870622890733,420.6655507340749,67.56163012270375,1379.8929466934526,-1083.272499567997,-202.86282271190478
2026-04-26 18:48:07.914,358,281.23905342991816,-559.5572255688335,390.16894556239794,-610.6334618827765,420.7064827164291,67.74539038849522,1383.5830771238739,-1086.2758303946548,-203.37809739980256
2026-04-26 18:48:07.921,359,282.37825423976,-561.2070245654489,391.19137604028464,-611.362049440836,420.66402196115035,67.84334082836637,1386.356878957021,-1090.1958477890755,-204.8118032724098
2026-04-26 18:48:07.929,360,283.2307491549659,-563.1296554261954,391.9425609727627,-611.8081736981514,420.8923108432541,68.2145720181408,1390.9637217609863,-1092.2798926454773,-204.4112211074175
2026-04-26 18:48:07.938,361,284.9264673093595,-564.2091858456548,393.53776574001853,-612.4520531487136,420.9128580150226,68.38894768309999,1395.1503599894882,-1094.786177550796,-204.42779806480263
2026-04-26 18:48:07.946,362,286.87919462547603,-565.0321741090877,395.3922214747983,-612.8800254002218,421.14733928639964,68.77273566395455,1398.5874915846528,-1098.0426102446165,-205.18858643067696
2026-04-26 18:48:07.953,363,287.7624840670933,-566.9244926551972,396.17497111102045,-613.3323246273607,421.35055586617483,69.12394306114679,1402.028421577088,-1101.303048461802,-205.9503436662312
2026-04-26 18:48:07.960,364,289.4663688674659,-567.9962360405407,397.7817109761625,-613.862505089913,421.46857090765934,69.39351717177101,1404.8773580896818,-1105.1560874558868,-207.2965881929461
2026-04-26 18:48:07.968,365,290.8952953443679,-569.3432762851769,399.10974138713,-614.4523245228903,421.520217812103,69.59757228548574,1409.483844455262,-1107.2490744324855,-206.88021967482828
2026-04-26 18:48:07.976,366,291.79269957843786,-571.2239462776276,399.9020894049837,-615.0230499512849,421.58662447905346,69.81789119376059,1413.5927734319118,-1109.8435362316127,-206.9666973621907
2026-04-26 18:48:07.983,367,292.9377058531177,-572.8600877613283,400.9383017366854,-615.7025210702869,421.53865437615207,69.9312922753495,1417.5322603122092,-1112.607142574026,-207.22222830744585
2026-04-26 18:48:07.990,368,293.83874319293733,-574.7449580658686,401.73115165218945,-616.0920885607887,421.7697903054797,70.33653146574424,1420.38453569559,-1116.4611665970178,-208.5680839283844
2026-04-26 18:48:07.998,369,295.5404236813807,-575.8262013434509,403.32483453403023,-616.6093894541564,421.867601155403,70.60749688459352,1423.9077955688374,-1119.6416541129583,-209.2480827418007
2026-04-26 18:48:08.005,370,297.4980656368981,-576.6502666617649,405.17783525259,-617.3407066607881,421.7495869443751,70.65782490431701,1428.2651588650292,-1121.983063276219,-209.0855353794
2026-04-26 18:48:08.014,371,298.3883765851747,-578.5394642407109,405.95524443407845,-618.0202500620128,421.68155359550394,70.75972207057433,1432.0340151060402,-1124.9127193743325,-209.5113284453625
2026-04-26 18:48:08.023,372,298.9937126930319,-580.7049309762007,406.4570197333812,-618.4816347912441,421.82903440866096,71.07600853900585,1435.9771199298884,-1127.6738869372896,-209.77113038026945
2026-04-26 18:48:08.032,373,300.43654935901424,-582.0343977809111,407.78540022468127,-619.016313049721,421.89849337375733,71.31822504004455,1439.4229366863808,-1130.937692170023,-210.53390714296387
2026-04-26 18:48:08.042,374,301.31125462561454,-583.9419033771142,408.53135777996897,-619.4303614007491,422.0857644629558,71.68210718138705,1443.2853570749687,-1133.7792049646164,-210.87383197323487
2026-04-26 18:48:08.050,375,302.49626940090036,-585.5442871475841,409.57478546476796,-620.006339857626,422.11154137450853,71.88240859985609,1447.8923882176487,-1135.8697060482345,-210.45876328458655
2026-04-26 18:48:08.060,376,303.66725761779884,-587.163715077494,410.60905574940415,-620.4969350992096,422.221198926774,72.16517813734845,1451.0821737255646,-1139.380183480488,-211.46884789939452
2026-04-26 18:48:08.069,377,304.31033964568246,-589.3142419544342,411.1114131036856,-620.8595128032247,422.44743991449957,72.56316734676359,1455.1942304174743,-1141.9734860269587,-211.55833366410263
2026-04-26 18:48:08.078,378,304.93730167597965,-591.473965977292,411.60042621371474,-621.3778793196626,422.51277504780137,72.80090110450615,1458.8875504249536,-1144.98410460298,-212.06994434520797
2026-04-26 18:48:08.087,379,306.6364463520554,-592.5591321870093,413.1596047093866,-622.0458617532105,422.4261192780857,72.88840915949821,1464.1705628486134,-1146.404485678596,-210.98901478500278
2026-04-26 18:48:08.096,380,307.5675768405025,-594.4056954676064,413.9511176209317,-622.6761382245681,422.3773744800868,73.01787834790818,1467.687558300666,-1149.5843836168724,-211.6639381132296
2026-04-26 18:48:08.106,381,308.42977767209464,-596.3222020479919,414.6733088077716,-623.0790789615215,422.55487351880066,73.3750159874542,1471.6260082882259,-1152.3465042026353,-211.91931005556347
2026-04-26 18:48:08.115,382,309.5977252675134,-597.9322969410377,415.69868803599815,-623.4799084093961,422.72652310993135,73.72467163037018,1475.7303261011966,-1154.9413879218787,-212.00426275791918
2026-04-26 18:48:08.124,383,311.57080866470454,-598.7358500255566,417.52367514375936,-624.0095063200265,422.7679545557452,73.94809133638657,1479.1657505283774,-1158.2103277138478,-212.75875300278346
2026-04-26 18:48:08.133,384,312.7426007224849,-600.3420162859508,418.544342226449,-624.5228352978221,422.828226519064,74.1896390931186,1483.3563351404168,-1160.727429440309,-212.75341113798171
2026-04-26 18:48:08.142,385,314.1961365153284,-601.669208573621,419.8387428115172,-624.9773360664154,422.9464392151805,74.48751453070204,1487.7997929052572,-1162.9921037814192,-212.49474410863652
2026-04-26 18:48:08.151,386,315.0794923951273,-603.5695289597907,420.56217576825725,-625.5823894576569,422.91357038486274,74.63476884894636,1491.571619767178,-1165.930339358599,-212.91382123777132
2026-04-26 18:48:08.160,387,316.2430265720259,-605.1953643420645,421.562736068095,-626.1503557351834,422.91691396839053,74.81603385228179,1495.9340869842786,-1168.2804794850686,-212.74578387207958
2026-04-26 18:48:08.167,388,317.9729871831118,-606.2635625829879,423.1219387697552,-626.6947729373103,422.9372581593906,75.01867001222266,1500.383627582608,-1170.5471301110304,-212.4951412575159
2026-04-26 18:48:08.176,389,319.37487904605115,-607.6637755304062,424.3505144848216,-627.0330768741545,423.16281526686384,75.42372552971425,1505.0065642533004,-1172.645105421359,-212.0812054219465
2026-04-26 18:48:08.183,390,320.7764816052678,-609.0690614119619,425.5739297463683,-627.3880878550483,423.3703519079712,75.8073159832368,1509.804613949419,-1174.5697392471857,-211.50273946090573
2026-04-26 18:48:08.192,391,321.9939646035827,-610.6654532937616,426.60735645625084,-627.8459505369369,423.4680736553617,76.07769346711379,1515.1073173714353,-1175.9916453588714,-210.42558754272943
2026-04-26 18:48:08.201,392,323.19226200660415,-612.2786747662867,427.6224616389886,-628.1951167679697,423.6710596753791,76.45607857799571,1518.312438855006,-1179.5065791197017,-211.44220490440077
2026-04-26 18:48:08.209,393,324.38970421254305,-613.8898502188334,428.6365358373631,-628.5209294265064,423.88987651443716,76.85275645035335,1523.6075760140154,-1180.9286368309838,-210.36482853727875
2026-04-26 18:48:08.217,394,325.29169752128223,-615.8027178443226,429.34562530337064,-629.0301375499442,423.9277885901001,77.06870341393738,1525.5438644821184,-1185.7079644437724,-212.6423471315823
2026-04-26 18:48:08.225,395,326.1964737996671,-617.7149966216513,430.0489855310085,-629.487875090032,424.02026225947935,77.33929842340909,1529.660140995179,-1188.3019815762061,-212.73313095075235
2026-04-26 18:48:08.233,396,327.684049976306,-619.0427749274207,431.3375508947189,-629.889772946121,424.166570938458,77.66364028754026,1534.0264963128595,-1190.645892457239,-212.57063696678352
2026-04-26 18:48:08.242,397,328.8496484502054,-620.690755841262,432.3044352288766,-630.3002386576269,424.289960300738,77.97112062458757,1536.626841096581,-1194.7505510412273,-214.16724291888227
2026-04-26 18:48:08.250,398,330.07143183833324,-622.2785517084279,433.3324219707341,-630.7630256148268,424.3544106187328,78.22363434666934,1540.2309525741819,-1197.8512737631702,-214.75413203827136
2026-04-26 18:48:08.259,399,330.9868194383725,-624.1688771566811,434.06311174159464,-631.3994790012022,424.2415425315807,78.29851954467641,1544.0911123154976,-1200.6995338850654,-215.0915345103368
2026-04-26 18:48:08.268,400,332.1665730821647,-625.7976500687798,435.05746866738406,-631.7828493075018,424.37882443933285,78.62306951766422,1546.4424409766034,-1205.0572879010451,-216.9402979704812
2026-04-26 18:48:08.275,401,332.574128750073,-628.1943449917889,435.28303332269724,-632.3454360962772,424.33855365737946,78.76705894739604,1550.1392296155138,-1208.0752651802543,-217.44937056851802
2026-04-26 18:48:08.284,402,334.287916508661,-629.2768300298713,436.8181918650799,-632.761038972784,424.43639681809475,79.04927180988906,1553.8396102365953,-1211.0906283671209,-217.9623285145035
2026-04-26 18:48:08.291,403,335.4741164313803,-630.8804763062709,437.82868417067647,-633.2933459653053,424.4108257995878,79.21409230760977,1559.30356424256,-1212.3417551112452,-216.7109621806276
2026-04-26 18:48:08.301,404,336.68085781992585,-632.4675703938104,438.858295038689,-633.7485722572962,424.4610951783875,79.45177762170064,1562.582939868441,-1215.781811617505,-217.64384223652354
2026-04-26 18:48:08.310,405,337.8507855426366,-634.0905263829507,439.8530659008157,-634.2117069080759,424.50508844434063,79.68784463935292,1567.8790341122997,-1217.205778261375,-216.55931820875944
2026-04-26 18:48:08.316,406,339.2874352640762,-635.4549253563471,441.10879901171427,-634.6250689590993,424.6000353201369,79.97482645600985,1572.5003738659595,-1219.3028843253103,-216.14525012817245
2026-04-26 18:48:08.326,407,340.48413935416687,-637.0653437334981,442.1187561483097,-635.1609098146384,424.57433636051155,80.14007707339714,1577.7977598988107,-1220.7260157526525,-215.06583996788265
2026-04-26 18:48:08.334,408,341.6433786629621,-638.7121236771524,443.0966350621636,-635.6204652316316,424.61897736184346,80.37303407484167,1581.997238082899,-1223.2408030943586,-215.07743366598334
2026-04-26 18:48:08.343,409,343.1111790603584,-640.0439502179161,444.39337365320443,-635.9200623356701,424.8185523030445,80.76137448373295,1585.6105449501886,-1226.3382138697068,-215.66762632011148
2026-04-26 18:48:08.353,410,344.28300767077087,-641.675576461113,445.39550562094024,-636.3933001747316,424.84507175606126,80.97223317574478,1589.8914654379118,-1228.766569723597,-215.58481157246234
2026-04-26 18:48:08.360,411,345.4707272599591,-643.2927569344498,446.4194227842098,-636.8944980419518,424.83782105944215,81.15236899271434,1593.82712104072,-1231.530163706393,-215.83758271022975
2026-04-26 18:48:08.370,412,346.40264395636416,-645.1623277788655,447.19784882182915,-637.2963862675148,424.92652355408137,81.43625637960793,1598.1758125953472,-1233.875950915468,-215.66700912260646
2026-04-26 18:48:08.377,413,347.86327610874247,-646.5049634151615,448.51066454472397,-637.7816209570981,424.92254631329155,81.63203419378277,1601.6910128405066,-1237.0587445668075,-216.33193271658953
2026-04-26 18:48:08.387,414,349.32619664950954,-647.84614747948,449.82079457298306,-638.2323813553404,424.95079175665643,81.85779181665909,1606.7176380834935,-1238.7336075956623,-215.4959882829397
2026-04-26 18:48:08.396,415,350.26305655851866,-649.7165078214024,450.5991298416046,-638.5959852960103,425.06272305211576,82.16534968792149,1608.6437338881594,-1243.5050105895355,-217.75770381315309
2026-04-26 18:48:08.404,416,351.7003023599853,-651.0906324231792,451.8758220693972,-639.0359858300301,425.09939811995736,82.39658043318796,1612.3253383784256,-1246.5182360189078,-218.26108846869673
2026-04-26 18:48:08.415,417,352.07863676517644,-653.5295821795705,452.09280508066644,-639.4091054085236,425.2041476912464,82.69310261435848,1617.1801772669144,-1248.3571390067286,-217.59590801438262
2026-04-26 18:48:08.423,418,353.53918585834754,-654.892259186914,453.38830075704004,-639.8132937477699,425.28127985026526,82.96406974186984,1620.4412298194452,-1251.7843890938716,-218.51773449933927
2026-04-26 18:48:08.433,419,354.17334614476465,-657.0879441773097,453.85347698618307,-640.2290864979428,425.34829032400114,83.22392076973246,1623.2804078860597,-1255.6265398337202,-219.85015277990055
2026-04-26 18:48:08.491,420,355.34419111735826,-658.75092238835,454.841953759167,-640.6630711733568,425.3933945070826,83.46539140959064,1627.7891599790612,-1257.795743780324,-219.51528643981743
2026-04-26 18:48:08.503,421,356.55570886492836,-660.3791129176902,455.8637613617994,-641.0336798695427,425.4963873930277,83.76230514978091,1631.2977297576904,-1260.9692358959137,-220.1866987729454
2026-04-26 18:48:08.514,422,357.78938916442695,-661.9891837889069,456.90363083430196,-641.3769323959507,425.61532814668226,84.07734457704737,1635.0556933973912,-1263.8922197632576,-220.60596732595516
2026-04-26 18:48:08.525,423,358.7653629007045,-663.8622491727547,457.6773413846221,-641.7855155283586,425.6686928637873,84.32538138915275,1640.7314668744666,-1264.8955413983197,-219.10230378127991
2026-04-26 18:48:08.535,424,359.68366279243907,-665.7958707090055,458.3870011002148,-642.2578776199051,425.65747101744006,84.50642484291767,1644.6469456969824,-1267.6513353600542,-219.34437313286472
2026-04-26 18:48:08.544,425,360.9468425991499,-667.379363049371,459.443677644744,-642.6113299208401,425.76617593616453,84.80544842711646,1647.8100830626204,-1271.1584871620305,-220.3413416225202
2026-04-26 18:48:08.553,426,362.43513577305845,-668.7411190523023,460.7211260807263,-642.8291234599135,426.00059359373,85.23087694109655,1651.0604891444013,-1274.5769522230273,-221.25745392689888
2026-04-26 18:48:08.561,427,362.8745822115714,-671.1579585655564,460.94047670590504,-643.115925366368,426.15897554339887,85.57629944108366,1654.3085634784782,-1277.9941162462253,-222.17129914429862
2026-04-26 18:48:08.569,428,364.3514325840116,-672.5398927582606,462.1829624920696,-643.5852981303891,426.1275060526283,85.73143862204945,1657.1411844497225,-1281.8274730920446,-223.5042840432945
2026-04-26 18:48:08.576,429,365.6040624122744,-674.1366403745685,463.20980689741555,-643.8853331400519,426.26524037391727,86.05516163665469,1662.221614714279,-1283.410211895186,-222.58488035051508
2026-04-26 18:48:08.584,430,367.11572804725625,-675.4720333933394,464.5004420596413,-644.3434826136071,426.2364066986215,86.21736769512196,1666.9677730069016,-1285.3281965487536,-221.99969300905738
2026-04-26 18:48:08.591,431,368.078965970238,-677.3553924155703,465.2440056840405,-644.6837078762004,426.3287135295355,86.49812620933945,1672.6299674915642,-1286.3302767726746,-220.4972220683754
2026-04-26 18:48:08.598,432,369.87723664315155,-678.4076858302421,466.82080005120446,-645.0880078865935,426.3522889488037,86.71209126956848,1676.9544657141064,-1288.6670426076037,-220.32169085512606
2026-04-26 18:48:08.606,433,371.3894739189497,-679.7462093039809,468.114639660949,-645.6280453850497,426.2364911545897,86.78998574983363,1679.279496751773,-1293.0026448504134,-222.14361947177318
2026-04-26 18:48:08.616,434,372.8568479349461,-681.128604511734,469.36631459947745,-646.0210427660669,426.2606600326277,87.0109136990248,1684.014304045693,-1294.9285402529497,-221.54845933869356
2026-04-26 18:48:08.625,435,373.77731654944563,-683.0538051771591,470.06447413090734,-646.2462880310326,426.44784878538945,87.39093910020397,1688.0775938051722,-1297.5214552206362,-221.61732545180593
2026-04-26 18:48:08.633,436,375.5015841577926,-684.167083804496,471.5728403442123,-646.4471590719485,426.6487837646717,87.78562013614885,1692.2261015778736,-1300.0206888531432,-221.59416787114066
2026-04-26 18:48:08.642,437,376.6950776071921,-685.8021188553814,472.56138221581904,-646.856838101454,426.630869531163,87.95998091952583,1696.6946984222561,-1302.19927657634,-221.24870544996972
2026-04-26 18:48:08.651,438,377.3427443451816,-687.9810882106493,473.0042655615059,-647.2272276789735,426.6499502041745,88.17415507461011,1701.662806588805,-1303.872095516756,-220.39907276398836
2026-04-26 18:48:08.660,439,379.09870319812546,-689.0511247460233,474.55861665280196,-647.6935091806588,426.5705366767664,88.29248721890477,1704.799162275904,-1307.3782694358913,-221.38212008954878
2026-04-26 18:48:08.671,440,380.2945160424949,-690.685138776796,475.54143645952354,-648.1021561030701,426.5469417879508,88.46966469740592,1707.105943440359,-1311.706430468656,-223.18259882427367
2026-04-26 18:48:08.679,441,380.72756794887584,-693.0776242873029,475.75865207762496,-648.5898604506738,426.4457328395488,88.57024840575579,1711.3976922049171,-1314.0450441699122,-222.98937468268764
2026-04-26 18:48:08.690,442,382.4507600721447,-694.1888568746714,477.255117615376,-648.9986077396499,426.42206829641503,88.75264880859594,1713.9535085013033,-1318.1224647509018,-224.53245642459132
2026-04-26 18:48:08.701,443,384.46000859436805,-695.0175800608904,479.03578205520824,-649.3651342746011,426.43236037552344,88.96685840658024,1716.6648276729732,-1322.0415200545883,-225.91810122248398
2026-04-26 18:48:08.710,444,385.44756477478165,-696.8669128082558,479.7951654345787,-649.7603767825603,426.4042782047768,89.14211960755334,1718.9611927249243,-1326.3686787896327,-227.70936910264817
2026-04-26 18:48:08.720,445,386.38648228221587,-698.7628939028732,480.51124550808413,-650.1543586827711,426.3807253365698,89.32016964861313,1722.7347105417493,-1329.2188370418794,-228.01727350558605
2026-04-26 18:48:08.728,446,388.15438134550027,-699.8320669327568,482.0589823558884,-650.5676895207913,426.3324509957644,89.4825004508103,1727.020281903674,-1331.5606251977088,-227.81819095157624
2026-04-26 18:48:08.737,447,389.6589061964897,-701.161252233487,483.34466461297967,-650.861761201502,426.3956786009186,89.76176682348142,1730.0820185859661,-1335.129748101428,-228.85048162730868
2026-04-26 18:48:08.748,448,390.31528477950826,-703.343194410848,483.77796359783275,-651.259459720038,426.3521237723882,89.93435220821407,1734.622948036534,-1337.2176787570577,-228.39889448632607
2026-04-26 18:48:08.760,449,391.8332340886291,-704.6726394307052,485.0607443724934,-651.6044454139178,426.35787313221203,90.15577566783637,1739.982092346576,-1338.4862799760226,-227.1298956172953
2026-04-26 18:48:08.770,450,393.06535464757644,-706.2876784975233,486.0610459894496,-651.8959997962638,426.40831130669454,90.42274470297744,1744.7750547395858,-1340.319044615551,-226.4273957201248
2026-04-26 18:48:08.779,451,394.27436768699994,-707.9284390654302,487.03723441717983,-652.2740356232689,426.3675040178299,90.59787716445913,1748.6479900397635,-1343.0672261905643,-226.6360754129956
2026-04-26 18:48:08.789,452,395.4882717103103,-709.5707719655284,488.01335362498247,-652.5841126198441,426.3912637577449,90.8342099365737,1753.3347435365465,-1344.9989290284511,-226.02837281948467
2026-04-26 18:48:08.801,453,396.1577189324993,-711.758723890324,488.4390976326958,-652.8329812675162,426.47240071492485,91.1236978220486,1757.4579977327521,-1347.4917895861927,-225.9812569797034
2026-04-26 18:48:08.810,454,397.41909510085577,-713.3534032390642,489.46121994127236,-653.1981031817983,426.4351777658576,91.29184706018276,1762.144492058599,-1349.4198965610199,-225.3768018293461
2026-04-26 18:48:08.822,455,398.6334704487126,-714.9976346149965,490.4397915416694,-653.5081562196353,426.44996840777975,91.51109348290893,1764.43845850919,-1353.7373259659307,-227.16564804725814
2026-04-26 18:48:08.830,456,400.3929889638148,-716.0931169977024,491.9653428790982,-653.9101422719089,426.36740982602424,91.63494628516867,1769.373666208752,-1355.4126412755927,-226.3068097142043
2026-04-26 18:48:08.839,457,402.44556193181705,-716.9024047747075,493.7720265776844,-654.2698149430355,426.32366068337956,91.80524737654014,1773.2405698292528,-1358.1590973099298,-226.51372099488677
2026-04-26 18:48:08.848,458,403.09274746007924,-719.1167400719249,494.17033831893235,-654.5861730504906,426.3222053485387,92.01803630087157,1776.8571421287088,-1361.161124682102,-226.97493173026942
2026-04-26 18:48:08.856,459,404.5940846041762,-720.4721610291524,495.4271553073171,-654.8794715703555,426.3405464120659,92.25178853873636,1781.6454680605502,-1362.9942158618246,-226.26510027954544
2026-04-26 18:48:08.865,460,406.40387163349396,-721.517163291067,496.99628031486674,-655.1635501853054,426.3561456288431,92.49136789664279,1785.9234216609866,-1365.3361859778522,-226.06293802410053
2026-04-26 18:48:08.874,461,407.3577499224837,-723.420046251345,497.70629428905323,-655.4666202459905,426.34551744230976,92.70984719017315,1790.20283494621,-1367.6782371423692,-225.86193046287227
2026-04-26 18:48:08.885,462,408.59889138809996,-725.0370656304515,498.70081748945984,-655.8487023193198,426.25429549634225,92.84614636124898,1794.0803493648518,-1370.4271820648792,-226.07400427275144
2026-04-26 18:48:08.897,463,409.53451909185446,-726.9658173439569,499.38103611201586,-656.1342311694121,426.26098725174654,93.08151786267535,1798.1122915973672,-1373.0196102927505,-226.13118555340387
2026-04-26 18:48:08.907,464,410.5201145254184,-728.8421782622287,500.112498967871,-656.3807709948222,426.30109774610156,93.34981937636074,1800.9189371643915,-1376.8419348970283,-227.41608420238285
2026-04-26 18:48:08.920,465,412.57127884857107,-729.6491917522037,501.9143768428752,-656.6512545000362,426.3210954858578,93.59346894190261,1805.6173087809996,-1378.7770937141393,-226.8074987013547
2026-04-26 18:48:08.930,466,413.52619277127235,-731.5503103086737,502.6232208354196,-657.0209856654993,426.2382363225796,93.73329773006458,1809.3434988236886,-1381.6857336567496,-227.16865916856526
2026-04-26 18:48:08.942,467,414.2991415168854,-733.6345227737163,503.1448642090085,-657.2268391120601,426.3129957188298,94.02841315015475,1810.976453135794,-1386.6801430606852,-229.61762089770497
2026-04-26 18:48:08.953,468,415.80604938476125,-734.9867311537146,504.3937867542911,-657.5184717063629,426.30354515275445,94.23692871033671,1815.5151473933745,-1388.7689395921575,-229.1624866641439
2026-04-26 18:48:08.962,469,416.7661063726815,-736.8827817542401,505.09580798815927,-657.7746980433114,426.327176288325,94.48014972006688,1818.221921145211,-1392.6925561248158,-230.54313371850427
2026-04-26 18:48:08.973,470,417.43707984737074,-739.063789613655,505.51497133569467,-658.0348093080654,426.3450945577774,94.71640187815439,1822.248142157325,-1395.2886700916702,-230.59605004487332
2026-04-26 18:48:08.981,471,418.93833243429646,-740.4162062950594,506.7680221128028,-658.2257681520375,426.43644309352527,95.02303188074276,1828.1043187885712,-1396.0528422268849,-228.81369641301217
2026-04-26 18:48:08.990,472,420.4439250463789,-741.7700733800353,508.0207292872828,-658.586775011594,426.35869431060144,95.15733245498011,1831.870271855888,-1398.904247172318,-229.11816296869662
2026-04-26 18:48:09.000,473,421.145042621607,-743.9328258786514,508.4646484802189,-658.8204640713882,426.3997234436988,95.40665564473264,1835.330797749916,-1402.0616592522542,-229.72677885752702
2026-04-26 18:48:09.007,474,422.10355444995474,-745.8336829526731,509.17093249658797,-659.0690766040426,426.4160169506894,95.63301543250427,1839.8598233643281,-1404.1517533885433,-229.26378015762683
2026-04-26 18:48:09.017,475,423.08325544583363,-747.7081885856607,509.9055415226746,-659.3099461439275,426.43630240288843,95.86226313157321,1843.7261456714036,-1406.903139230685,-229.46189745798986
2026-04-26 18:48:09.025,476,424.08660320022875,-749.5562392196758,510.6626645566375,-659.4996549990557,426.4991425578052,96.13632291761138,1846.2648652264193,-1410.975228637274,-230.97955147947485
2026-04-26 18:48:09.035,477,425.06572177169323,-751.4293958228343,511.39688404518347,-659.7617874566497,426.4904546860855,96.33966756846085,1850.127882943107,-1413.7248058356017,-231.1761069756152
2026-04-26 18:48:09.044,478,425.7515889805393,-753.5868332915863,511.8481729598322,-660.0258284073315,426.477040130811,96.53829276873168,1852.9254286948485,-1417.5437404162153,-232.4440546511574
2026-04-26 18:48:09.051,479,426.6965459999177,-755.4817291130955,512.5612756170779,-660.4046493942831,426.3453682811601,96.62657624888796,1857.4534541850421,-1419.6323980125,-231.98203998834776
2026-04-26 18:48:09.060,480,427.6440058189065,-757.3804997135679,513.2728985119853,-660.6181139906384,426.3722072352053,96.87576850117536,1862.9006925960475,-1420.8042251505437,-230.6056590979897
2026-04-26 18:48:09.070,481,429.40458643904617,-758.4745370975095,514.793294405145,-660.846577504003,426.3727128526989,97.10057617793792,1867.3317816240522,-1422.9942075694444,-230.24928778934986
2026-04-26 18:48:09.077,482,430.09284153967496,-760.640373515704,515.2466913045263,-661.1589286204394,426.28295751734095,97.23500295830996,1871.8624580000237,-1425.0820115321515,-229.78941110960747
2026-04-26 18:48:09.086,483,431.34625600569757,-762.2356567280276,516.2721064889414,-661.4019345932379,426.2590855337302,97.43632027542333,1875.219162404539,-1428.340566409066,-230.50061292714028
2026-04-26 18:48:09.092,484,432.86040486593225,-763.5689657780653,517.5609287746607,-661.5976629260053,426.278672435822,97.6823353708168,1878.1716049378313,-1432.0089806658805,-231.62081916834612
2026-04-26 18:48:09.164,485,434.02328588354857,-765.2560993194785,518.4950618767143,-661.8362204186521,426.2510829816791,97.88632926910373,1880.869689399312,-1435.9327826563883,-232.99319144172813
2026-04-26 18:48:09.172,486,435.7811740072184,-766.3514161338904,520.0231170958439,-661.9888436357879,426.3091540638109,98.17898470110157,1883.9691383000454,-1439.4508386338885,-233.9571669036215
2026-04-26 18:48:09.180,487,437.53767795494275,-767.4477501136383,521.5531690004038,-662.155984281481,426.3471428426074,98.45608884297465,1887.4275117784632,-1442.6103332775388,-234.55656104333514
2026-04-26 18:48:09.189,488,438.5559782329615,-769.2857980973042,522.3414864105874,-662.3888061121769,426.3137541903722,98.66460208625655,1892.2065808062516,-1444.4447164415199,-233.83072661960253
2026-04-26 18:48:09.197,489,440.5804825450335,-770.1197994969021,524.1313186858808,-662.7323415638785,426.16635254914763,98.7621445030976,1898.0515834967878,-1445.2134132225565,-232.03821058580854
2026-04-26 18:48:09.206,490,442.05571072976477,-771.5025353097543,525.3734438528122,-663.0121724369708,426.0849171237172,98.92283199236333,1902.7225151462355,-1447.1565726744923,-231.4185400916617
2026-04-26 18:48:09.214,491,444.38916847031663,-772.0266895067797,527.4697985517671,-663.3320513350177,425.96112062386976,99.03760821538661,1907.2450183882067,-1449.250647696934,-230.94434170459218
2026-04-26 18:48:09.222,492,446.1542830448717,-773.1228632974277,528.9932207916607,-663.5862184418537,425.90476721371516,99.22100737936451,1911.2568319721004,-1451.8581733978847,-230.98495168232418
2026-04-26 18:48:09.230,493,446.8734442328264,-775.2667004127865,529.468135349226,-663.7515912504718,425.9326823698791,99.49196971929875,1916.7022922024928,-1453.034383342221,-229.59218482626233
2026-04-26 18:48:09.239,494,448.0903114007888,-776.9103491169601,530.443474664179,-663.9587828053938,425.90852714154045,99.71174503758422,1921.082534858588,-1455.27855082752,-229.26749510026417
2026-04-26 18:48:09.247,495,449.56550114531353,-778.2906246331864,531.6835308802616,-664.2451003840413,425.8056068934321,99.85123677882886,1923.4774364670652,-1459.51343176665,-230.93383040762015
2026-04-26 18:48:09.256,496,451.06177527465564,-779.6474610913008,532.9473550609416,-664.4238093262647,425.811448541854,100.10305761240105,1925.3605247267092,-1464.2628238839525,-233.11660106695166
2026-04-26 18:48:09.264,497,452.03257839401886,-781.5287590992028,533.6871664039593,-664.571274335075,425.848332749596,100.38492689829593,1930.0485280301575,-1466.2070879885987,-232.50023092627177
2026-04-26 18:48:09.273,498,453.5035967310634,-782.9076331038243,534.9277067080076,-664.7658095399161,425.83440949349205,100.61848439074026,1934.0798523668511,-1468.8108901996948,-232.55075616896704
2026-04-26 18:48:09.281,499,455.0181724687635,-784.2398832485777,536.2128489083688,-665.0763986927518,425.70137678639117,100.7364034749194,1937.857129255308,-1471.6658078203807,-232.857245582481
2026-04-26 18:48:09.290,500,456.77248024797905,-785.3320486119933,537.7358723967924,-665.283631888169,425.67035501652305,100.95855397198332,1941.2230453109767,-1474.9284928815275,-233.57264329796334
2026-04-26 18:48:09.299,501,458.2917418233195,-786.6618672275054,539.0187575986456,-665.5863147457534,425.5448051145374,101.08390936503709,1943.2106364659928,-1479.5697542090252,-235.6658782618109
2026-04-26 18:48:09.306,502,459.47835859321333,-788.3248490643532,539.9694910405161,-665.8294501961742,425.4797555207282,101.26923873700089,1947.9005512582003,-1481.505797879198,-235.0553245755102
2026-04-26 18:48:09.315,503,460.14702925554474,-790.5132636640279,540.3952783241324,-665.9823321434172,425.4984888633757,101.53984344764649,1950.2984046366353,-1485.7378345483344,-236.74325486571155
2026-04-26 18:48:09.324,504,461.02930337103936,-792.4897324393479,541.0340974741638,-666.1454503991596,425.4976015312372,101.79008263838162,1954.996165841966,-1487.6704039912322,-236.1370718255408
2026-04-26 18:48:09.333,505,461.98539344105,-794.3953102724456,541.7464522615505,-666.41320293492,425.38184673557856,101.9369920404815,1959.5413541414905,-1489.7578040392218,-235.6867412355677
2026-04-26 18:48:09.342,506,463.2013630101038,-796.0392740039317,542.7205287919942,-666.566453775756,425.3727410126023,102.191377870834,1964.5956430111873,-1491.3386181870803,-234.7305438388271
2026-04-26 18:48:09.350,507,464.67853388479045,-797.420721659487,543.9576854961724,-666.8389961944955,425.2456683354441,102.32399429660789,1967.5611878219165,-1495.0076975283694,-235.8614472621492
2026-04-26 18:48:09.359,508,466.4473564120904,-798.5177093998701,545.4793958101932,-667.1008504589864,425.1277929222096,102.46966604834174,1970.6254060081421,-1498.580678494264,-236.89583979831463
2026-04-26 18:48:09.367,509,466.85872263939984,-800.9713825776317,545.6433349990734,-667.282232808728,425.09304510595217,102.69541683677708,1973.181808922491,-1502.662596021933,-238.4356508714766
2026-04-26 18:48:09.376,510,469.16709518126584,-801.518999653612,547.7154649245989,-667.5264813788386,424.99101403551697,102.85390397277185,1977.3777955360135,-1505.106276836947,-238.33698322034144
2026-04-26 18:48:09.385,511,470.379341208663,-803.1599698646954,548.692326150271,-667.8130216828156,424.84559811515476,102.97449282637191,1980.5990591308532,-1508.5278321392893,-239.21132597870067
2026-04-26 18:48:09.393,512,471.32778076653,-805.0585718555055,549.407903364254,-668.0200393282137,424.78050497248165,103.17276172309327,1983.5627284652753,-1512.2044449838338,-240.33537632705284
2026-04-26 18:48:09.402,513,472.84063769112,-806.3882969824347,550.6915323827793,-668.1827627531064,424.75293233286345,103.41144300369847,1986.5275009000961,-1515.8815659711968,-241.46063817268487
2026-04-26 18:48:09.410,514,474.093299453251,-807.980219651298,551.7143681442062,-668.2982707290671,424.7641324298571,103.69168579730804,1990.0030226420058,-1519.049516403184,-242.07591674834683
2026-04-26 18:48:09.419,515,475.08403953597366,-809.833056298309,552.4761403026442,-668.4629479510365,424.71844409717687,103.91732664164155,1994.146971697122,-1521.553689358667,-242.03021083933507
2026-04-26 18:48:09.428,516,476.3343693674382,-811.4263887737011,553.5008622105951,-668.5858691207934,424.70874403410176,104.18260357106419,1998.292877161025,-1524.0591112968032,-241.9872818946687
2026-04-26 18:48:09.437,517,477.27936590350066,-813.3293810510955,554.2176710716118,-668.7591791953246,424.64078198333806,104.39076973641646,2003.0067635314222,-1525.9988617622244,-241.3775412114737
2026-04-26 18:48:09.447,518,478.50965901849656,-814.9484392169559,555.2226135475294,-668.9338821839001,424.56866097228306,104.59432611674382,2007.4668425164584,-1528.1946046203752,-241.02374775386082
2026-04-26 18:48:09.458,519,479.7603993275058,-816.5452570245067,556.2495471129658,-669.0471318516118,424.552673684497,104.85290472364166,2010.4411604102777,-1531.8764946131516,-242.15764652051055
2026-04-26 18:48:09.466,520,480.7433244291039,-818.4068317415993,557.0166584997155,-669.1925602678361,424.49673309970393,105.07358851413387,2015.5658060840365,-1533.4076778554265,-241.13696689435807
2026-04-26 18:48:09.476,521,481.13745674376884,-820.8582624675385,557.1922587665258,-669.3022667824013,424.478596309843,105.32816901640082,2020.2803292282167,-1535.349482939969,-240.5268448312764
2026-04-26 18:48:09.484,522,481.533034353711,-823.3092426353504,557.3634239074765,-669.4032492638792,424.47012678233995,105.58691420442698,2025.096866008954,-1537.1911841609044,-239.81727287848253
2026-04-26 18:48:09.493,523,483.0530054159055,-824.6421685714191,558.6500799453325,-669.4765156700664,424.48842858847985,105.87063376849805,2028.8967254007107,-1540.052485081787,-240.1299930781862
2026-04-26 18:48:09.503,524,483.7157398798399,-826.8296012645353,559.0827349527017,-669.7190432301084,424.33743183951566,105.98527913291211,2033.4629662467805,-1542.1476442877572,-239.68169909416173
2026-04-26 18:48:09.511,525,484.94507612973064,-828.4476168533602,560.0876017700601,-669.8980212478001,424.24792787460893,106.16446445532986,2036.601912433523,-1545.6695871743807,-240.66485328016577
2026-04-26 18:48:09.520,526,485.5792889594698,-830.6558950210444,560.5008405407573,-670.048760994659,424.18485571488185,106.3684586797443,2040.9181346549674,-1548.0190999533572,-240.47404536659178
2026-04-26 18:48:09.529,527,486.7431282660758,-832.3435499463657,561.4361975608358,-670.2222655383351,424.0944353187475,106.54656931136289,2044.3103922440882,-1551.2863400932556,-241.20149435927132
2026-04-26 18:48:09.539,528,487.4581043806671,-834.4886555741471,561.9127502517866,-670.2901267501718,424.1079959054703,106.83150553115237,2047.8000508423402,-1554.4591987753854,-241.8358639534649
2026-04-26 18:48:09.549,529,489.20249081409384,-835.6110099572487,563.4126049040127,-670.432498398823,424.0414207664794,107.03742888469718,2051.040118802072,-1557.8868154160139,-242.7271948569468
2026-04-26 18:48:09.557,530,490.2399808377636,-837.4429085432063,564.1979743827442,-670.6007723982768,423.94601308373274,107.21669467041008,2053.3619512345663,-1562.2351896137957,-244.5426269754554
2026-04-26 18:48:09.569,531,490.96785281989156,-839.5881753368469,564.6701860435276,-670.6430509745197,423.9639403262189,107.5135148035658,2057.5985638968605,-1564.6706657473367,-244.4503524213696
2026-04-26 18:48:09.577,532,492.1706197791242,-841.26218794021,565.6127321918307,-670.7369741524458,423.924292080742,107.75073548538468,2062.0879435377715,-1566.8538708685162,-244.1075441651938
2026-04-26 18:48:09.587,533,493.18582905802924,-843.1224909656859,566.3721812091018,-670.8369808548124,423.8681142206054,107.96895019928435,2066.1628202978522,-1569.4520726278276,-244.17821699660888
2026-04-26 18:48:09.597,534,493.6009785711623,-845.5865592492612,566.532581717285,-670.9430009035351,423.8010395587639,108.17728357658844,2069.5689075310825,-1572.7153076873192,-244.9161794312412
2026-04-26 18:48:09.605,535,494.5435645755426,-847.5274898781062,567.2160677262743,-671.0783618712743,423.6985257269517,108.34764897808165,2072.30611045458,-1576.6378224101668,-246.3211005857348
2026-04-26 18:48:09.616,536,495.51360334763723,-849.4403657876782,567.9252127072183,-671.2651908628262,423.5446303577215,108.46172465479768,2077.1284338745427,-1578.4722855978985,-245.6400179061241
2026-04-26 18:48:09.624,537,497.8463256831559,-849.9902382268588,569.9929051171255,-671.4529234154952,423.39129068672884,108.5752322471123,2081.4473840235864,-1580.8115213254805,-245.46014432611048
2026-04-26 18:48:09.635,538,498.3252043049743,-852.3962662287332,570.1991938628965,-671.4987140984235,423.3770360548597,108.8304364264137,2084.8459997527325,-1584.0683963675426,-246.1966608935798
2026-04-26 18:48:09.645,539,499.0985779104717,-854.5114935165957,570.6926460728114,-671.6244491471318,423.2772226603988,108.99888081933958,2089.825532219055,-1585.7429918125517,-245.34937935856195
2026-04-26 18:48:09.654,540,500.915597566911,-855.5826587544831,572.2295533139659,-671.7496626480529,423.1720037583483,109.16205813153934,2094.5516225068354,-1587.672021398525,-244.75208293495717
2026-04-26 18:48:09.665,541,502.47071120180806,-856.9160336280363,573.5072074216271,-671.8778005771129,423.0651334522079,109.32125664271146,2099.5316999280262,-1589.3485569726836,-243.9010467768172
2026-04-26 18:48:09.674,542,503.7127683685112,-858.5679492780193,574.4664892811052,-671.9457841714755,423.0196725226711,109.5355051332334,2104.3531696195305,-1591.1859497659036,-243.21049443917303
2026-04-26 18:48:09.685,543,504.64455989812194,-860.5424288677159,575.1031167971782,-672.1442505851045,422.8421828512192,109.61729456528417,2108.4208268350667,-1593.7792777278898,-243.28167811965824
2026-04-26 18:48:09.695,544,505.6679844607367,-862.4293352763633,575.8268145240459,-672.2380235815092,422.76863366098354,109.80126891854349,2112.401692019099,-1596.4616421835535,-243.4435769061495
2026-04-26 18:48:09.703,545,507.2131785516166,-863.7966532016702,577.0741330488339,-672.3542466371517,422.66659720673107,109.95888782012253,2115.390312632009,-1600.134540136858,-244.59664370969904
2026-04-26 18:48:09.712,546,509.2503900957318,-864.6698315417372,578.8171036627092,-672.4671904035379,422.56230402668814,110.11992771241768,2119.9662359571003,-1602.2233819680519,-244.16692481040903
2026-04-26 18:48:09.720,547,510.53365708951657,-866.2965104051436,579.803427176507,-672.5767774167009,422.4559595318965,110.27981481764881,2124.5446577662497,-1604.31133022321,-243.73833202627458
2026-04-26 18:48:09.730,548,511.8208663805867,-867.9233326215517,580.7860274688501,-672.6840348429221,422.3489237439538,110.43984398251207,2128.4522237210776,-1607.06485597817,-243.9746594894681
2026-04-26 18:48:09.742,549,512.7845702935545,-869.8716074555356,581.4497110602857,-672.7890338125675,422.2397209266731,110.60054190296175,2135.114650696515,-1607.06485597817,-241.45624416172174
2026-04-26 18:48:09.751,550,514.8819272952128,-870.6848850817127,583.2485746172442,-672.8635523857906,422.15509046093337,110.79314695174963,2138.5199844928716,-1610.3237842334236,-242.19631531546608
2026-04-26 18:48:09.762,551,516.1347140511936,-872.3386516260239,584.2041826472347,-672.9376565279186,422.06747482677486,110.9869886634198,2142.2665180361464,-1613.2412717668933,-242.59619867159344
2026-04-26 18:48:09.774,552,517.6719332741507,-873.7008346513874,585.4501980894048,-673.0110076538582,421.9773255205729,111.18113754445581,2144.5916650345985,-1617.5825806457628,-244.4184068677869
2026-04-26 18:48:09.782,553,518.9460302286723,-875.3234873829068,586.4349958212522,-673.0843638364006,421.88754059723595,111.37571137332166,2147.8361732614103,-1621.0083246026118,-245.3194589622316
2026-04-26 18:48:09.793,554,520.2548690264898,-876.9152624588675,587.4466270755269,-673.1552073442841,421.7941352487954,111.56960575425212,2152.3236448515177,-1623.1937912237743,-244.97394851221824
2026-04-26 18:48:09.802,555,521.1879907627979,-878.8902709344056,588.072830552959,-673.2161223443508,421.7041679469564,111.76993941112453,2156.0764638634864,-1626.1171261267189,-245.36754293631836
2026-04-26 18:48:09.812,556,522.7726516352018,-880.2212279290815,589.340081655151,-673.2559861033557,421.6391812659158,111.99032187460676,2159.578917934314,-1629.293720543004,-246.01901286561275
2026-04-26 18:48:09.824,557,524.1295221723601,-881.7814665913473,590.3796325677329,-673.3225046016902,421.5467621097098,112.17968041036038,2163.081773856054,-1632.4704813983337,-246.67266578344652
2026-04-26 18:48:09.832,558,525.9754258483886,-882.8541547259728,591.9088799270897,-673.3539624819666,421.48359833055844,112.39953111824467,2167.6692552206973,-1634.5621151467344,-246.24502742690927
2026-04-26 18:48:09.845,559,527.7275969788094,-884.0222295672231,593.3443083569133,-673.4043547568276,421.39806633083373,112.59832804397494,2172.005186345392,-1636.903600064312,-246.07032409871707
2026-04-26 18:48:09.854,560,528.9908672235464,-885.6803682289582,594.291702894371,-673.458788789386,421.30842421225145,112.7962897248694,2174.336526082538,-1641.2458414736388,-247.89889846899115
2026-04-26 18:48:09.865,561,529.7284789906954,-887.8607963317678,594.7216972434268,-673.4690746281007,421.2598598043877,113.0355705301741,2177.585209837049,-1644.6699107899897,-248.8070579302587
2026-04-26 18:48:09.877,562,531.5982517626173,-888.9070556142553,596.291074487734,-673.4930397521072,421.19490566265347,113.25384057565142,2180.670660368928,-1648.2594895332388,-249.87817299641327
2026-04-26 18:48:09.886,563,532.8554577362216,-890.5681295006116,597.2465089607252,-673.5617972572869,421.0812717328552,113.42483260751895,2184.2474082100825,-1651.3600552671878,-250.45686283413218
2026-04-26 18:48:09.897,564,533.9147014671038,-892.4312387947382,598.0014431055655,-673.5492175684293,421.04826158715883,113.6742700038668,2188.3324121286123,-1653.954513401319,-250.53386239491059
2026-04-26 18:48:09.905,565,534.1234340316796,-895.1380511890186,597.9131176078749,-673.5965557352545,420.95525819565904,113.85901157839687,2192.422123232932,-1656.5470089717037,-250.61432107628326
2026-04-26 18:48:09.916,566,535.3769966561277,-896.79825099204,598.8734550564153,-673.6129016115664,420.8897341841218,114.07099718274249,2196.59295648216,-1659.053044463933,-250.60692379372446
2026-04-26 18:48:09.928,567,536.9515418565412,-898.1373779059846,600.1529209770132,-673.6801378780486,420.7667313160008,114.22895572219535,2199.8432676611633,-1662.4770133396717,-251.516531361672
2026-04-26 18:48:09.937,568,538.2922587368574,-899.7118410517361,601.2022406889887,-673.6959662090587,420.69285248464337,114.43578839125928,2203.9251855788275,-1665.06963332751,-251.593869724952
2026-04-26 18:48:09.948,569,540.1303419204374,-900.7898915906828,602.7455193438554,-673.7104615585822,420.617444568994,114.64473013544671,2207.7543356643423,-1667.916567608329,-251.92154682039376
2026-04-26 18:48:09.958,570,540.8615087468451,-902.9733738498035,603.1810625757009,-673.7389323638695,420.52624421151785,114.83624959318185,2213.260816570573,-1669.0879419653872,-250.57408912725168
2026-04-26 18:48:09.970,571,541.8544479211853,-904.8987063467197,603.8804359490397,-673.7858675467846,420.41426918313,115.0082346417524,2217.596403492492,-1671.4320984867131,-250.39824082339706
2026-04-26 18:48:09.984,572,542.9389196955184,-906.7355019439607,604.6676467458099,-673.8193389620551,420.3037315184911,115.18956252270385,2221.9344750444548,-1673.7755519836799,-250.22490200567
2026-04-26 18:48:09.992,573,544.2853766731259,-908.3102500979018,605.7178921672318,-673.8442449799079,420.1994587299552,115.37927768542266,2225.856251833088,-1676.533666567553,-250.4661552393502
2026-04-26 18:48:10.003,574,544.9855777317641,-910.5278097471288,606.1266198985817,-673.9498659740333,420.01471739180624,115.4895310810284,2231.3611405943007,-1677.7038285568583,-249.12227741361522
2026-04-26 18:48:10.011,575,546.2427906873596,-912.1932248698452,607.088750979738,-674.0041604649819,419.8787142154858,115.65273994819496,2234.613056479357,-1681.1295539543719,-250.03198781889336
2026-04-26 18:48:10.026,576,547.5286804475257,-913.8312380757849,608.0828321838349,-673.993493448089,419.8084604017447,115.88126247991913,2238.5331162799152,-1683.8878336949624,-250.27300881738145
2026-04-26 18:48:10.036,577,549.0492351592992,-915.2355973214685,609.3140120905929,-674.0243724830437,419.6930394580634,116.06531228772057,2242.4529223727764,-1686.6436839925345,-250.51834763839508
2026-04-26 18:48:10.043,578,550.5976195624913,-916.6118529520497,610.575699395521,-674.0420024755579,419.5828497258752,116.25918634039405,2247.206803502339,-1688.5666369266883,-249.93119180683027
2026-04-26 18:48:10.054,579,552.1720821860213,-917.9604691083683,611.8672070588559,-674.0322542395933,419.49090114961456,116.47479946336708,2251.1294571096514,-1691.3229197269059,-250.17920502950932
2026-04-26 18:48:10.062,580,553.1932729743138,-919.8639540217829,612.6006381254027,-673.9974351907296,419.4189211971396,116.71075250853112,2255.9710096761673,-1693.160900030888,-249.5078820507404
2026-04-26 18:48:10.073,581,553.9473072894912,-922.0278108470707,613.0701465135438,-674.0045067160954,419.3025900174801,116.90290814067242,2260.7232390202344,-1695.084588992991,-248.91900044684647
2026-04-26 18:48:10.083,582,555.69775875621,-923.1950677081747,614.5365145659138,-674.0704308693576,419.12217768940957,117.03558359378086,2263.5566698648686,-1698.922918545739,-250.24354398532523
2026-04-26 18:48:10.090,583,557.2712889558001,-924.5399796924747,615.8244736250244,-674.1131448478627,418.96458647939147,117.1927001774695,2268.4673589203744,-1700.6790250925192,-249.48987679233295
2026-04-26 18:48:10.100,584,558.8451198583425,-925.8857697993438,617.1127020034106,-674.1804704120478,418.78509863132217,117.32786968270108,2272.8007860442103,-1703.0136795806095,-249.32139008970321
2026-04-26 18:48:10.108,585,559.6043004491198,-928.0493776847792,617.5816239826984,-674.1398457678307,418.7101152847473,117.56995099462418,2276.885845769498,-1705.599512530441,-249.40426378762913
2026-04-26 18:48:10.119,586,560.88987654357,-929.6858237542323,618.575777700925,-674.1938499648876,418.5397612410744,117.71614193001093,2281.2194050555104,-1707.9354038819679,-249.23453581982068
2026-04-26 18:48:10.130,587,562.1773586640351,-931.3194689005555,619.5669298068639,-674.1742481542205,418.4393747198724,117.93734091807,2284.4697034198475,-1711.3536752013572,-250.1486748202644
2026-04-26 18:48:10.138,588,563.4927241103683,-932.9255015107577,620.5878546018705,-674.2259310349137,418.2646755299106,118.0866367872001,2289.640071798339,-1712.852589295154,-249.14940783045915
2026-04-26 18:48:10.149,589,565.0419849754087,-934.2992720722885,621.8454391485354,-674.2786711189972,418.0868783973917,118.24038873839793,2291.976657361254,-1717.1839682671855,-250.98564768724486
2026-04-26 18:48:10.160,590,566.121779420041,-936.1404201245865,622.6343518947814,-674.273838024518,417.9602107348865,118.44758589596708,2295.3919615310183,-1720.4297914351425,-251.73716612080977
2026-04-26 18:48:10.168,591,567.0839587009873,-938.0958580636299,623.3064839807734,-674.2799868156922,417.81728762558737,118.64299659492157,2300.556291211985,-1721.9257108031372,-250.73988925271962
2026-04-26 18:48:10.180,592,568.6342512165128,-939.4689131909972,624.5607499302284,-674.3570898744047,417.59895028252134,118.76570216977436,2304.303264931567,-1724.839308958067,-251.16152500714108
2026-04-26 18:48:10.187,593,570.1831284588568,-940.8428464221423,625.8181810460972,-674.2777905590642,417.53649927230833,119.044171696332,2307.136274806744,-1728.6700592194416,-252.4984536227106
2026-04-26 18:48:10.198,594,571.760453433702,-942.1881892319657,627.1060781783143,-674.3583939446468,417.3169621088649,119.16607663986096,2311.8876307038167,-1730.5835455068836,-251.91715649541487
2026-04-26 18:48:10.209,595,572.2546118103534,-944.6098979759529,627.3111585077133,-674.2864440340315,417.24803085793656,119.4405547435946,2316.3858227364935,-1732.7493120512224,-251.58441570187676
2026-04-26 18:48:10.217,596,573.5400783365085,-946.2425067006883,628.3012756572232,-674.2743265351282,417.11410584801683,119.65431513661512,2320.300487237167,-1735.4989719904286,-251.83246551201665
2026-04-26 18:48:10.285,597,574.3035630050379,-948.3994626298977,628.766069049709,-674.2862775855524,416.94764107051725,119.83555659671285,2324.8821809741744,-1737.5817801505718,-251.4149319250277
2026-04-26 18:48:10.293,598,575.5328755904063,-950.0942984672437,629.6940675029833,-674.2475252818065,416.83215932068737,120.06386067479403,2329.047659925265,-1740.0806380687154,-251.41546573476447
2026-04-26 18:48:10.301,599,576.5022548037185,-952.0518550495057,630.3603279266129,-674.2397489055691,416.6818444012067,120.2567331753214,2333.6302488404936,-1742.163200426984,-250.9997620944046
2026-04-26 18:48:10.310,600,577.9976228649112,-953.4854645658669,631.5445752497302,-674.1753850680622,416.5855186536582,120.50481733001918,2337.2997785239186,-1745.1598989964295,-251.5017507422023
2026-04-26 18:48:10.318,601,579.8181129747891,-954.5937166715499,633.0508630454361,-674.165338675539,416.43298257400073,120.69326597283863,2343.0498648062617,-1746.0754486313347,-249.927333714654
2026-04-26 18:48:10.327,602,581.1439064677157,-956.191429553951,634.0642553385601,-674.2172945792524,416.2145196774149,120.81243877924122,2346.053547895627,-1749.738579291991,-251.09842344717129
2026-04-26 18:48:10.335,603,582.1484204129598,-958.1129634700984,634.7516685268469,-674.2507885462173,416.01295993125467,120.94651631536753,2349.9695819951735,-1752.4846176877336,-251.35292588252776
2026-04-26 18:48:10.343,604,583.2245185132731,-959.9682831275001,635.4996125384763,-674.200242372356,415.89474537723527,121.16752579059651,2353.636472649184,-1755.4762126965206,-251.8584878341007
2026-04-26 18:48:10.351,605,584.5280286357848,-961.5949945757018,636.4753524746114,-674.214453488981,415.7068158101682,121.31945750167434,2358.4634982004254,-1757.3045268142105,-251.1995036577043
2026-04-26 18:48:10.359,606,586.1235914449189,-962.9278604304967,637.7422926631072,-674.1013550589624,415.6355533714184,121.59331999483345,2362.374672266388,-1760.0474864866694,-251.45476525705962
2026-04-26 18:48:10.366,607,587.3910343293153,-964.5859499439528,638.6867690299649,-673.9702335826054,415.5787341167389,121.87985063834255,2367.536556175553,-1761.5421742635467,-250.45862057315094
2026-04-26 18:48:10.374,608,588.7216666248206,-966.1805852471597,639.6954155744808,-673.9701157722192,415.38739259280766,122.03222775325294,2371.3691801291507,-1764.367492849671,-250.79462591906724
2026-04-26 18:48:10.383,609,589.9916013031631,-967.8407752592933,640.637656661617,-673.974735925477,415.1924587236162,122.18280445741404,2374.78648287514,-1767.6111691687834,-251.54688105146232
2026-04-26 18:48:10.392,610,591.2322817052234,-969.5368374502941,641.5457571038847,-673.9284629794646,415.0511892472534,122.38742689679835,2379.705724760113,-1769.3541402058297,-250.8000593632648
2026-04-26 18:48:10.400,611,592.2500002031397,-971.4606300922304,642.2250906874682,-673.9344399711913,414.8597342112689,122.54150447827728,2384.457860956306,-1771.2638687455728,-250.22135974334444
2026-04-26 18:48:10.408,612,593.2694061793924,-973.3840051316909,642.9040365959338,-673.9724824846971,414.63130844094604,122.65656657983112,2388.542592209395,-1773.8401270198951,-250.310656820424
2026-04-26 18:48:10.415,613,594.2182254455503,-975.3738195234155,643.517411713092,-673.9526922529365,414.4558426819768,122.82168881988125,2392.626729632326,-1776.4155315844462,-250.39903202917515
2026-04-26 18:48:10.423,614,595.5264458978866,-977.001302906336,644.4919473441698,-673.931786680086,414.2801817981585,122.9871212842481,2396.4590954375526,-1779.24385126668,-250.73446503251816
2026-04-26 18:48:10.431,615,596.2471460538302,-979.2119859737411,644.8770415382609,-673.8811375942519,414.1304778118907,123.18090707853833,2399.793433773858,-1782.5712113728587,-251.56901983867982
2026-04-26 18:48:10.438,616,597.1950428990167,-981.1973198453195,645.4850037587164,-673.8430609892542,413.9660570009636,123.36127367662647,2405.044798167785,-1783.9839020494258,-250.4933657932125
2026-04-26 18:48:10.446,617,598.1450363415437,-983.1863645694895,646.0917787922605,-673.7086647988959,413.8892351349313,123.63380564885513,2408.962890812637,-1786.7287667769372,-250.75069810509063
2026-04-26 18:48:10.454,618,599.3900510458722,-984.882956091958,646.9923845070437,-673.6791396352163,413.7064855878184,123.80115521934165,2413.54536331937,-1788.8077195593853,-250.34146986395297
2026-04-26 18:48:10.462,619,600.7096245514547,-986.5110316198803,647.9619589207724,-673.6628819747596,413.5058212328995,123.95280579238427,2416.5471601764198,-1792.4699395096848,-251.51220820586983
2026-04-26 18:48:10.471,620,602.0650129089331,-988.1051387508244,648.9657594930653,-673.6271417422024,413.32011366778437,124.11925286302973,2422.4647567002703,-1793.2180345097277,-249.76654687298185
2026-04-26 18:48:10.478,621,603.5771386781887,-989.545932100778,650.1228890137743,-673.5903503719186,413.1332126664169,124.28730300616556,2426.380218572049,-1795.966170582831,-250.01794576689016
2026-04-26 18:48:10.486,622,605.3805807451519,-990.6899701021566,651.5781886154733,-673.5180477651902,412.98137414539036,124.49154722485599,2430.297657762146,-1798.7152392463577,-250.26975690398766
2026-04-26 18:48:10.493,623,606.4353979130315,-992.5774488624534,652.2893334409695,-673.5274915387046,412.74934274031637,124.61702711733423,2434.7162513251856,-1800.9658364477336,-250.02375232389792
2026-04-26 18:48:10.505,624,608.2353629152476,-993.7207105107075,653.7440324512322,-673.4482942173496,412.59615773131935,124.82671019796791,2437.3046392727124,-1805.0516279593594,-251.61333255081112
2026-04-26 18:48:10.515,625,609.8455032579393,-995.0549331068074,655.0094391028041,-673.3788679176913,412.4291435301256,125.02329865756954,2440.141969963534,-1808.886322562435,-252.9524950504542
2026-04-26 18:48:10.524,626,611.3896757173574,-996.459747359362,656.2053274604156,-673.2589431365822,412.3054022641406,125.2705238781164,2444.063479993893,-1811.6365592570085,-253.2074653732393
2026-04-26 18:48:10.534,627,612.9680270610072,-997.8306628527234,657.437991484229,-673.2350860488895,412.0816677765344,125.4201615101307,2446.8993812588974,-1815.4700320499521,-254.54566707541017
2026-04-26 18:48:10.544,628,613.7336540355394,-1000.0193087922557,657.8537052464482,-673.2094000167418,411.8563522284313,125.56787478827576,2451.237784013672,-1817.802254102438,-254.3822225025693
2026-04-26 18:48:10.552,629,615.6141294601515,-1001.0977995895679,659.3836514479746,-673.1929887940496,411.6160173637805,125.70517504579595,2454.6605720185726,-1821.0526144746962,-255.1362754339619
2026-04-26 18:48:10.561,630,617.235686703679,-1002.4358644815457,660.6523306712802,-673.1771406540178,411.37433955568997,125.8403890494238,2458.7536869466117,-1823.6353948513135,-255.2236361667109
2026-04-26 18:48:10.568,631,618.7495632722741,-1003.8788338722,661.8135413429079,-673.0463417346705,411.2479598214634,126.08986215716322,2462.849324573676,-1826.2170717060199,-255.3118027007403
2026-04-26 18:48:10.577,632,620.2999324093951,-1005.2876451136347,663.0098091602542,-672.9405360266668,411.0931835527446,126.31640516589955,2466.103316673469,-1829.6333643189935,-256.2341791717483
2026-04-26 18:48:10.585,633,621.5882232143382,-1006.9553868011988,663.9460871844547,-673.0085782566382,410.7606350920493,126.36636492897652,2470.6904290924235,-1831.7156166415384,-255.8222287793541
2026-04-26 18:48:10.592,634,623.1709357130172,-1008.3277779778326,665.1785714924943,-672.9991621710892,410.5044095378068,126.49305156679767,2474.857310138072,-1834.2140001595412,-255.82439716578259
2026-04-26 18:48:10.601,635,624.1604287055955,-1010.2912798374706,665.8220614047162,-672.9642525170559,410.27511093221494,126.64563527874748,2478.772265073583,-1836.9610965336478,-256.07512779021795
2026-04-26 18:48:10.608,636,625.149970913549,-1012.2540749052821,666.4654548494793,-672.8896564749176,410.0776377640988,126.83545322552426,2483.7685240291016,-1838.6255480338632,-255.24325148221686
2026-04-26 18:48:10.617,637,626.7315674659751,-1013.6255952432273,667.6979407004775,-672.8016416834396,409.8887667902837,127.03670745980259,2486.766050977717,-1842.2894145035352,-256.40854475990557
2026-04-26 18:48:10.626,638,627.7558496669252,-1015.5525367118868,668.3749784142735,-672.6700282969091,409.7341692570047,127.27329291743168,2490.5145274009933,-1845.20455428471,-256.8281209726133
2026-04-26 18:48:10.634,639,629.3034254804398,-1016.9602627475155,669.5720463950015,-672.6024735969487,409.5088470293733,127.44033518917006,2494.8466360893617,-1847.536175105873,-256.6625828159515
2026-04-26 18:48:10.643,640,630.5893878263275,-1018.6273856623714,670.5091266412986,-672.4874493957799,409.33338053545657,127.65500175346816,2499.4285376088646,-1849.619009944827,-256.246299782293
2026-04-26 18:48:10.650,641,631.3508578121445,-1020.8158487101354,670.9264544470396,-672.3179951369477,409.204562625972,127.91955125924727,2503.5114018154595,-1852.2004617799323,-256.3299494791479
2026-04-26 18:48:10.659,642,632.6018408506742,-1022.520883805009,671.8313088292015,-672.203787599367,409.0161015301041,128.1267595293237,2508.2627466428435,-1854.1155078290055,-255.7485613685058
2026-04-26 18:48:10.670,643,633.3658044641146,-1024.7156770991367,672.2506498790098,-672.1181221300362,408.7976386596442,128.3023405326757,2513.013469239642,-1856.0323305339489,-255.1654650111263
2026-04-26 18:48:10.678,644,634.4600258288198,-1026.5790472422796,673.0001717757274,-672.0005954946704,408.61133069354656,128.50597928343424,2515.5951620450064,-1860.1121060646337,-256.74743378766203
2026-04-26 18:48:10.689,645,635.4834040024614,-1028.508998851147,673.6813162081459,-671.8744676749834,408.4333924460754,128.71808171181686,2519.505827562903,-1862.8599650704343,-256.99535267092847
2026-04-26 18:48:10.697,646,636.0202102372872,-1030.9269010031046,673.8728668569693,-671.7487332207863,408.2554106353734,128.93220405755397,2522.7509055111937,-1866.2760916639907,-257.9070673661652
2026-04-26 18:48:10.707,647,637.2761752007098,-1032.6331111361294,674.7741422326989,-671.6333368673745,408.06874569187175,129.13648509860894,2526.66391950659,-1869.0266684359615,-258.15345967828813
2026-04-26 18:48:10.717,648,637.9393635448364,-1034.9326004024686,675.0837123710788,-671.5352619227232,407.85984727537016,129.31745209118228,2530.1592677254175,-1872.1904593346412,-258.81382445703605
2026-04-26 18:48:10.724,649,639.7858809577791,-1036.047036288435,676.5798336971242,-671.3556472663596,407.72651956246904,129.57534533191625,2534.7355950955484,-1874.2732843813162,-258.39282929841266
2026-04-26 18:48:10.734,650,641.0754131822472,-1037.7195274920327,677.5193237471299,-671.2893332483428,407.47581309319895,129.71364309353203,2538.8139847747702,-1876.8561760197158,-258.47500474162655
2026-04-26 18:48:10.742,651,642.0322260600961,-1039.721110404873,678.1302116287012,-671.2056065362405,407.238623553892,129.8618290650925,2539.6458259510355,-1882.68421417311,-261.802022779566
2026-04-26 18:48:10.751,652,642.862383904936,-1041.8457223873647,678.6186387952782,-671.0996921770717,407.02035266353863,130.02751790503424,2543.470859907395,-1885.5170298645476,-262.13282205458546
2026-04-26 18:48:10.760,653,643.5926338209863,-1044.0763682381144,679.0041573863684,-671.0183326846179,406.7760118552418,130.1649448348346,2546.4634624976125,-1889.1823067006521,-263.29344682343446
2026-04-26 18:48:10.768,654,644.9529500713927,-1045.6802958595902,680.015006142726,-670.8951592553813,406.56779622365286,130.33687769556306,2549.708618042513,-1892.59971039296,-264.20375959302845
2026-04-26 18:48:10.777,655,645.9839410027424,-1047.6127000104646,680.6916542966136,-670.7034681962226,406.4246697091319,130.57345482568056,2554.2905353915744,-1894.6843759676553,-263.7829560005471
2026-04-26 18:48:10.785,656,646.4614355061317,-1050.1045989277995,680.8087213368522,-670.6631525984844,406.1276168914314,130.65260571160297,2559.705583578794,-1895.9362123744897,-262.5309949348153
2026-04-26 18:48:10.794,657,647.5367472527865,-1052.0049584252451,681.5179410703431,-670.6048818424835,405.8428899523018,130.74377034642103,2562.86961615012,-1899.4409563039326,-263.5298312287118
2026-04-26 18:48:10.804,658,649.3563512041138,-1053.1572931277346,682.9761760464087,-670.4390338620902,405.6631392184443,130.94254612276245,2567.037318222948,-1901.9444464572819,-263.5236782665148
2026-04-26 18:48:10.811,659,650.1290796179926,-1055.3530072028184,683.3919148251323,-670.2012617793785,405.5554397326898,131.21492756937857,2570.5397650273217,-1905.1147819720156,-264.18739099625793
2026-04-26 18:48:10.820,660,651.7931101671513,-1056.658900522644,684.6978359948097,-670.0416489018496,405.3699608707255,131.40739438262617,2574.2065345298583,-1908.1195602833739,-264.68416052761756
2026-04-26 18:48:10.831,661,653.9088977851766,-1057.514740258155,686.4532613705966,-669.9169332445417,405.1482478379429,131.55981197023564,2577.2054922483817,-1911.791243517273,-265.8472297621688
2026-04-26 18:48:10.838,662,654.9830719121387,-1059.4156143983473,687.1640208008387,-669.715882637673,405.0012943088819,131.78615105041598,2581.2861330680144,-1914.3809546709642,-265.92578667162144
2026-04-26 18:48:10.846,663,656.3489842339548,-1061.0210323082692,688.1748252566697,-669.5498688155444,404.8165241684589,131.97542461266718,2585.368941299463,-1916.9690153760357,-266.006505842486
2026-04-26 18:48:10.854,664,657.9753757168244,-1062.3667645330413,689.4502150607642,-669.4123900275392,404.60097732380797,132.13083127997334,2589.3723650489546,-1919.6372797567726,-266.16925079232226
2026-04-26 18:48:10.864,665,659.5651707707253,-1063.7484136826113,690.6926862500095,-669.2090303818002,404.4530340949336,132.3529231477721,2592.620537073021,-1923.056586855927,-267.0819087595076
2026-04-26 18:48:10.873,666,660.5984535735009,-1065.6902321574794,691.3730897228606,-669.0773401265174,404.231592289877,132.5037712425803,2596.9501236120736,-1925.392850263771,-266.91064087073664
2026-04-26 18:48:10.881,667,661.5977065308921,-1067.6671809625138,692.0177517070309,-668.9400937351874,404.0101519550137,132.65663226563888,2601.02886703267,-1927.9788361182061,-266.9899757033502
2026-04-26 18:48:10.891,668,663.4534805070116,-1068.7868055634433,693.5210471806718,-668.8740624657204,403.7166088676722,132.73684168951672,2604.0239192300623,-1931.6485506940185,-268.150058171612
2026-04-26 18:48:10.899,669,664.4141903136937,-1070.7973492020574,694.1359170898678,-668.6981550792113,403.53039561063076,132.92429459608243,2609.269196195305,-1933.0676502530196,-267.05970826665515
2026-04-26 18:48:10.909,670,665.7722595048061,-1072.405968260193,695.1513548316462,-668.4471525147746,403.4196552081699,133.1857878553295,2612.265069865146,-1936.7384372916124,-268.2206703941371
2026-04-26 18:48:10.918,671,667.3943035509362,-1073.7523364826018,696.4286812357726,-668.2351631665333,403.27220987376285,133.4094012596075,2616.7572494876563,-1938.911513218619,-267.88299232693885
2026-04-26 18:48:10.925,672,668.1954357719804,-1075.9228814142034,696.8844868819157,-668.0592210516122,403.08865399614854,133.5974633071519,2620.584715792135,-1941.748811007575,-268.2131502317923
2026-04-26 18:48:10.935,673,669.5584167622137,-1077.5323135499937,697.8992201177801,-667.9211223890312,402.86696255096314,133.74766286832406,2622.915756596725,-1946.0819045297874,-270.04274434460314
2026-04-26 18:48:10.943,674,671.1438271321609,-1078.91238930557,699.1420015008231,-667.7795984380315,402.6466014468025,133.89832905788586,2627.578378980633,-1948.0845608280458,-269.54222365754833
2026-04-26 18:48:10.953,675,672.3651806437578,-1080.6591675511304,700.0183202402275,-667.7104435300208,402.35420395522146,133.9732479438775,2631.0780365291384,-1951.2522491989344,-270.2068976449666
2026-04-26 18:48:10.964,676,673.1337282446499,-1082.8610196272723,700.437869634685,-667.4619439200031,402.24399820017356,134.22993201822862,2636.1614316009977,-1952.8360474079584,-269.2866711305808
2026-04-26 18:48:10.971,677,674.7243358409323,-1084.2395445030031,701.6727134128214,-667.3588874143021,401.9863561934598,134.3408866377215,2639.9907015228873,-1955.6720617528163,-269.6179367724947
2026-04-26 18:48:10.986,678,676.0930511657754,-1085.8429104725506,702.6820533506918,-667.2143270745775,401.7664832789932,134.49049377012028,2644.985862124532,-1957.3425250511145,-268.7785489028998
2026-04-26 18:48:10.994,679,677.1629184074872,-1087.7424828693527,703.394374649159,-667.103371504573,401.50809904957345,134.60137117970498,2648.6463916372504,-1960.3458421088405,-269.2702453554919
2026-04-26 18:48:11.004,680,677.9742541560184,-1089.9019625996543,703.8434109621586,-666.9157364196958,401.32133504851373,134.78792579375468,2653.7255070269584,-1961.9294023231118,-268.3435148921161
2026-04-26 18:48:11.014,681,679.3093912376054,-1091.5410523479645,704.8145617628874,-666.7635563436859,401.0944721765848,134.93758729500163,2657.6368408547155,-1964.6803726667854,-268.58596807697916
2026-04-26 18:48:11.022,682,680.868838295828,-1092.9552476729918,706.0113034885329,-666.6110028929858,400.86675388600617,135.0855274670491,2662.626930461531,-1966.3497972556302,-267.7474156544192
2026-04-26 18:48:11.033,683,682.7212770446353,-1094.071363285913,707.5070243621079,-666.5296975673813,400.56382099768337,135.15514496367533,2665.9461983468095,-1969.690543647988,-268.57779093398545
2026-04-26 18:48:11.041,684,684.3477065465026,-1095.4139530700807,708.7794843690626,-666.4419434222455,400.26284215679607,135.22577171714954,2669.606352110306,-1972.6915440812545,-269.0701310154279
2026-04-26 18:48:11.053,685,686.495610070718,-1096.234061649231,710.5749654369407,-666.3212236676117,399.99142896608936,135.33004711927984,2671.932514819629,-1977.0244826101712,-270.8955167929687
2026-04-26 18:48:11.064,686,687.5633230498908,-1098.1373549687899,711.2884825188756,-666.0831918331686,399.83863491886615,135.5510231065592,2674.9255191398315,-1980.689035767634,-272.05383273326595
2026-04-26 18:48:11.073,687,689.118420742506,-1099.5514132806911,712.4926702813126,-665.8451670015331,399.6829192137959,135.7696697063716,2678.9978401755907,-1983.2722397004645,-272.132358930106
2026-04-26 18:48:11.083,688,691.002186417102,-1100.6342248993399,714.0301301270501,-665.7556494695907,399.3739974896951,135.83499579155148,2683.7369347878985,-1985.1893732110523,-271.54633527162895
2026-04-26 18:48:11.090,689,692.5895933722345,-1102.0134185595007,715.2702389996575,-665.6237428905118,399.10640418381433,135.94229909867045,2686.8973424433802,-1988.6862258083163,-272.5438071094045
2026-04-26 18:48:11.103,690,694.4421164656922,-1103.1313396405742,716.7708122148737,-665.4138915933809,398.914557959976,136.12943454332813,2690.9729745466266,-1991.2672895334117,-272.6258440908565
2026-04-26 18:48:11.114,691,696.0325362990554,-1104.511777922057,718.011501721749,-665.3214058218779,398.6031901293444,136.19763367904906,2695.7155098107733,-1993.1813683858386,-272.04206024246184
2026-04-26 18:48:11.122,692,697.6921944933383,-1105.8233615697623,719.32302000065,-665.106930026638,398.4117768049161,136.38326848300522,2700.0411612497405,-1995.5111430677348,-271.8758274721117
2026-04-26 18:48:11.135,693,698.689039615935,-1107.8004145258083,719.96996431895,-664.8199645198944,398.29322479012944,136.63859324699052,2703.2841435606188,-1998.9211533750756,-272.78808644434224
2026-04-26 18:48:11.147,694,700.3537788713948,-1109.1106999630215,721.2800912673209,-664.6026767467364,398.10460916041666,136.82005517934567,2708.0187134828884,-2000.836249360445,-272.2032427792527
2026-04-26 18:48:11.155,695,701.4225335002413,-1111.0186521230687,721.9967591115616,-664.3061539777868,397.9927460177882,137.07952960339736,2711.674616807093,-2003.8319310841541,-272.69900508388633
2026-04-26 18:48:11.169,696,702.7541997694896,-1112.6654148542214,722.9775516133936,-664.0936809476439,397.79481042784346,137.255453892306,2716.9140539180476,-2005.2462325497295,-271.61652495362927
2026-04-26 18:48:11.177,697,704.1219367690861,-1114.276867048478,723.9925139435289,-663.9184618471014,397.5513501796424,137.3888052895722,2719.2419475582215,-2009.5691841527382,-273.4451802670019
2026-04-26 18:48:11.190,698,705.7540946989792,-1115.6245662439119,725.2692969142265,-663.7332619861758,397.3104165007349,137.52422782207682,2722.7315537531167,-2012.725337425026,-274.11090704088093
2026-04-26 18:48:11.204,699,706.5626402309915,-1117.7975140355925,725.7240685630833,-663.6236573562685,396.986120987691,137.57659349057514,2726.802092387378,-2015.2994423130135,-274.1941962525343
2026-04-26 18:48:11.214,700,708.1599827049276,-1119.183763119457,726.9678870198039,-663.4664009704526,396.7033681848296,137.67146860438856,2731.369870188368,-2017.374783813026,-273.77978434575965
2026-04-26 18:48:11.226,701,710.32152761322,-1120.0091676898683,728.7745291095922,-663.1433947146327,396.5826276310666,137.93151146605987,2733.0304388976415,-2022.3566192315093,-276.2707729950041
2026-04-26 18:48:11.235,702,711.6628953793327,-1121.6604713270851,729.7560867144178,-662.9805893264177,396.3039984357148,138.03334507832957,2736.2700645240075,-2025.7612077873143,-277.1852007642581
2026-04-26 18:48:11.248,703,713.0800342096811,-1123.2363820799967,730.8076949227665,-662.775735678826,396.06828613261507,138.180752048344,2739.7582364254704,-2028.9177410569553,-277.85005488164205
2026-04-26 18:48:11.262,704,714.0911770782768,-1125.2233836570829,731.4461199128482,-662.4514396660362,395.95451105662397,138.44684916969192,2744.327339012225,-2030.9949772563846,-277.43447618492127
2026-04-26 18:48:11.269,705,715.7413628984489,-1126.5729183897633,732.7207996794127,-662.2518639211972,395.71617252926774,138.58503682765436,2748.2332183668623,-2033.7379421397075,-277.6840872039974
2026-04-26 18:48:11.282,706,717.653710363649,-1127.66073445456,734.2580653885512,-661.9709756717729,395.559595461841,138.80472661231798,2751.3938007102615,-2037.2297041370061,-278.68231980236993
2026-04-26 18:48:11.372,707,718.9321020255259,-1129.3883840294156,735.1575033238096,-661.685744295459,395.40956049414933,139.02978873256444,2755.9683563443054,-2039.3098717146675,-278.26608777228137
2026-04-26 18:48:11.380,708,719.3441809139019,-1131.979161701362,735.1965657198223,-661.4877831149186,395.1721319109963,139.16841977934644,2761.8749941753726,-2040.0589354992917,-276.5180222492856
2026-04-26 18:48:11.387,709,720.4645715251081,-1133.8599125747955,735.9504293173707,-661.246064133957,394.9772931743212,139.3516087504224,2765.533393813553,-2043.0532341789858,-277.0152339987994
2026-04-26 18:48:11.396,710,722.076414190091,-1135.251656891673,737.194965625821,-661.0142357844984,394.769726048617,139.52134249343666,2770.5231221983463,-2044.7145205275438,-276.18606895244955
2026-04-26 18:48:11.406,711,723.652917124311,-1136.6799747783723,738.4013323073536,-660.8937111075338,394.4475153075497,139.5769741890258,2773.519782301153,-2048.3716945019914,-277.3549119334468
2026-04-26 18:48:11.415,712,724.7769018164925,-1138.5635087543856,739.1559407973664,-660.6435764787147,394.25239648144634,139.75777252999117,2778.761363536162,-2049.7830120296558,-276.2784533058807
2026-04-26 18:48:11.424,713,726.3579919119478,-1139.9951653085445,740.3631069312321,-660.5120200761061,393.93823533677744,139.8183900743131,2783.3394021093,-2051.8589470691427,-275.87120895700247
2026-04-26 18:48:11.432,714,728.1679993355629,-1141.2014245503735,741.7960664794142,-660.222767580609,393.7809070986623,140.0357107002367,2788.8317799815577,-2053.0217141176,-274.54858972064306
2026-04-26 18:48:11.439,715,728.701266667615,-1143.6906572026621,741.9445448889185,-659.9442957722438,393.6078772909357,140.23815919923334,2793.658994432107,-2054.85005918932,-273.89035862394843
2026-04-26 18:48:11.447,716,730.5961659695694,-1144.8230240688633,743.4451113969494,-659.6535451721666,393.4407395249571,140.44814933762245,2796.3219844337036,-2058.8445450172007,-275.3996537366511
2026-04-26 18:48:11.455,717,731.6206750780857,-1146.8223425608367,744.0795925062988,-659.5264987651801,393.1029051312347,140.49024018739496,2800.154887576066,-2061.6691907069285,-275.7356472151868
2026-04-26 18:48:11.463,718,732.3008115920071,-1149.159701062121,744.3765261291188,-659.2750129047768,392.8867024940852,140.6520658699837,2803.4001498758676,-2065.0774853200073,-276.6523053068218
2026-04-26 18:48:11.471,719,733.2833700700498,-1151.1968502198354,744.9760022056715,-658.9856267797086,392.7083304076956,140.84919786071274,2808.1396208340348,-2066.9894414643554,-276.07100555541024
2026-04-26 18:48:11.479,720,734.3846020533575,-1153.1206018570917,745.690166366827,-658.6729495510757,392.54812366221614,141.06482295046567,2810.2998792290186,-2071.478288948892,-278.0633805287621
2026-04-26 18:48:11.487,721,736.3115499530755,-1154.214875352471,747.2361044788096,-658.3672660447234,392.3778892483028,141.2693718453161,2812.875594713302,-2075.5521537382956,-279.63924989029084
2026-04-26 18:48:11.494,722,737.9368267296537,-1155.6103568880294,748.4789471584121,-658.1430059286296,392.1208517962945,141.3871174921501,2816.6949582285874,-2078.3803399871567,-279.969827592843
2026-04-26 18:48:11.502,723,739.5631790727577,-1157.0053544122418,749.7195904366738,-657.8796855194701,391.90108801696147,141.54071888817106,2819.684953654381,-2082.040161433499,-281.13059444009565
2026-04-26 18:48:11.511,724,740.887319081822,-1158.702930555681,750.656193137327,-657.6256808273499,391.66936877825725,141.67854177694696,2822.9220593090954,-2085.4488834209724,-282.03837821000667
2026-04-26 18:48:11.518,725,742.4792059246852,-1160.1383932712488,751.85567210492,-657.366696100954,391.43472337546837,141.81595446140886,2826.823207565432,-2088.19267201481,-282.2809403813009
2026-04-26 18:48:11.526,726,743.3209920684988,-1162.3259088732455,752.3037739396216,-657.1542360290854,391.1485224455806,141.90201303821985,2830.890138407112,-2090.7718732911485,-282.36011415130724
2026-04-26 18:48:11.535,727,744.1234757048228,-1164.5544741518775,752.7138249513428,-656.9405582370322,390.863083256201,141.98747835929606,2833.878408811616,-2094.431865614713,-283.5194383142188
2026-04-26 18:48:11.543,728,744.968404011561,-1166.7441054494623,753.1604076360074,-656.6251451248635,390.6761707939321,142.1743691582749,2838.0312486322096,-2096.9271718319364,-283.5108696279851
2026-04-26 18:48:11.551,729,746.265198881327,-1168.4864982370902,754.050859468883,-656.2602588124805,390.5382447684206,142.409851523502,2841.2689530923426,-2100.339022606332,-284.41743757078535
2026-04-26 18:48:11.559,730,747.3402289949174,-1170.4507312858136,754.7165049425464,-656.0427857476784,390.2525936259935,142.49428100737916,2845.3356313374925,-2102.923100803828,-284.49385068279594
2026-04-26 18:48:11.570,731,748.9465254597995,-1171.8910558402808,755.9069010407334,-655.7970717762316,389.99358907746154,142.60534320694128,2848.160976543897,-2106.7522706225036,-285.8131524853669
2026-04-26 18:48:11.579,732,749.5430683603214,-1174.3415272445734,756.086341052558,-655.5542911113416,389.73208824455827,142.71125680530326,2851.815008261111,-2109.7539373733152,-286.30247477381425
2026-04-26 18:48:11.587,733,751.1923203293045,-1175.7401109564444,757.3176212992176,-655.2336521070957,389.5504488062214,142.89418982195508,2855.307124391643,-2112.9195896330766,-286.9551876197748
2026-04-26 18:48:11.596,734,752.1489809712364,-1177.8325953354029,757.8544197929011,-654.9764926848361,389.3044792284053,143.01136025307676,2858.2983349405786,-2116.5890520805942,-288.11275901347267
2026-04-26 18:48:11.603,735,753.5347203872533,-1179.4929343637132,758.8232339014521,-654.6967113082852,389.0810353273864,143.15032890269129,2862.3752832246796,-2119.1763143965923,-288.1898558698087
2026-04-26 18:48:11.611,736,755.4848970152635,-1180.5837006511003,760.35434790536,-654.316299675245,388.95806684341744,143.38980320779345,2865.6211128897994,-2122.594730320803,-289.1005416187965
2026-04-26 18:48:11.620,737,757.1725516333559,-1181.9360787409107,761.6224320952333,-654.0664155662708,388.6964793766826,143.492071128596,2869.533687015003,-2125.346617155588,-289.34290536583177
2026-04-26 18:48:11.627,738,758.5133382568686,-1183.6348191519924,762.5465199466245,-653.8375323979936,388.41063245091357,143.57159340092807,2871.0307445306134,-2130.5101994964316,-292.0012466731978
2026-04-26 18:48:11.635,739,759.9377124668538,-1185.2500216347203,763.5541648203895,-653.5001639460031,388.2360077386497,143.7582798900404,2875.767700530401,-2132.4266990223523,-291.4152368068332
2026-04-26 18:48:11.642,740,761.0146261383479,-1187.2118568412116,764.216269350397,-653.2801306681066,387.94408728071534,143.8252897889665,2879.587202204248,-2135.259920702061,-291.74317078202296
2026-04-26 18:48:11.651,741,762.0942953659285,-1189.1757306084262,764.8796459729954,-652.9907348979694,387.71793595243145,143.9577057221356,2883.4913941997634,-2138.00805651552,-291.98269671104435
2026-04-26 18:48:11.661,742,763.5210022757784,-1190.7936106620248,765.8886247791494,-652.7735850828399,387.421917649741,144.01655417713187,2888.2231523493406,-2139.926705633122,-291.3944855025176
2026-04-26 18:48:11.669,743,765.2120876637955,-1192.148884636051,767.1601806599143,-652.641658275883,387.0376153840079,143.98710687515702,2892.4517840379317,-2142.3494272482258,-291.30668927810035
2026-04-26 18:48:11.680,744,766.0750520404716,-1194.3360801493625,767.6004237095761,-652.3142343501903,386.84336679197617,144.14810109270195,2897.020842994561,-2144.433347077108,-290.8793866720305
2026-04-26 18:48:11.688,745,767.9925778185325,-1195.473120668197,769.0942215533538,-652.0926403337976,386.5440170894765,144.20173261029012,2901.591298652929,-2146.517594557612,-290.4533927340971
2026-04-26 18:48:11.698,746,768.8995752950104,-1197.619711795974,769.5777550527334,-651.7448478556909,386.36865421693625,144.37804659851605,2906.5768286091024,-2148.1881785277687,-289.61171579114273
2026-04-26 18:48:11.707,747,770.0687809448766,-1199.505448078849,770.3256742838416,-651.4292447979013,386.1585970485028,144.51751200793746,2910.6453037569345,-2150.7756554113707,-289.6861456681178
2026-04-26 18:48:11.715,748,771.1956341575611,-1201.4339438213312,771.032158488954,-651.0586586642311,386.00141841500795,144.70836409748654,2913.6326372686117,-2154.442689915052,-290.83894195608354
2026-04-26 18:48:11.723,749,772.4997021973328,-1203.1817431188053,771.9198494250634,-650.827870341353,385.70099085280765,144.75344984708838,2917.5387441117687,-2157.193818590513,-291.0758661129262
2026-04-26 18:48:11.731,750,773.0136745073564,-1205.7224375985936,772.016376409605,-650.5040278269881,385.49040955763934,144.88810453306343,2920.1147434855848,-2161.276128161785,-292.6469818671521
2026-04-26 18:48:11.740,751,774.6671163707251,-1207.125727401432,773.2526521025474,-650.3585854670255,385.10040671330177,144.83999163257263,2924.2714520669715,-2163.775803388524,-292.6343847575452
2026-04-26 18:48:11.749,752,775.4453827111286,-1209.402453653219,773.6133501298899,-650.0323282760934,384.89046551432136,144.97104893198508,2926.5961671127316,-2168.11083243933,-294.45723106650615
2026-04-26 18:48:11.756,753,777.6632990689363,-1210.2347376837547,775.4180074358641,-649.8127439648507,384.5720388024793,144.99592916558544,2930.755992244224,-2170.6109014094086,-294.4454040354474
2026-04-26 18:48:11.766,754,778.482676799864,-1212.4685136226713,775.8197348618447,-649.3964432583327,384.4496716094951,145.21557508588867,2936.1580508509915,-2171.86711460163,-293.18910196092696
2026-04-26 18:48:11.775,755,778.9596108294731,-1215.0502579903605,775.8687188713272,-649.0475553291755,384.2592234340736,145.36589429022735,2940.391374018786,-2174.292332714979,-293.101010151425
2026-04-26 18:48:11.786,756,779.7014395509821,-1217.3694167973254,776.1786192265813,-648.7184913943045,384.0485547031566,145.49723577765715,2944.137389900806,-2177.2079269545525,-293.5049328022615
2026-04-26 18:48:11.796,757,780.5269425136513,-1219.6027671889462,776.5763279927953,-648.41729605473,383.80804003939016,145.60051763284923,2946.715273162633,-2181.29281751103,-295.07913750249236
2026-04-26 18:48:11.804,758,781.3090293499558,-1221.8798970826506,776.9323415663193,-648.1218611534914,383.56160342456167,145.69904187089978,2950.1207605944905,-2184.5485079319774,-295.82103286605593
2026-04-26 18:48:11.815,759,782.7028817232093,-1223.5452268962508,777.9006098488424,-647.701710037323,383.437852464101,145.92192018768267,2953.111949255091,-2188.2194527786824,-296.97662536992704
2026-04-26 18:48:11.826,760,784.0992483011672,-1225.2102415333634,778.8684464937878,-647.4439679441703,383.15050513201504,145.97951370440418,2957.437881335038,-2190.558340491609,-296.80035982268606
2026-04-26 18:48:11.834,761,785.7587263403983,-1226.6103061554309,780.0967404636054,-647.0910807555093,382.9573262193557,146.1323947494569,2962.594412772903,-2192.0667096285374,-295.7951836222995
2026-04-26 18:48:11.845,762,786.8940726492752,-1228.533521753856,780.7961182273772,-646.7202145179621,382.77649125096616,146.3037893943781,2964.3430151759167,-2196.985302204267,-298.200535996583
2026-04-26 18:48:11.853,763,787.9398742900406,-1230.5412969664785,781.4092212006909,-646.4002108494791,382.53846431814975,146.42009861912962,2967.0881904667353,-2200.909811219284,-299.61188592999633
2026-04-26 18:48:11.863,764,789.0257498458814,-1232.5052547313867,782.0685133313223,-646.1128857697801,382.2631874170489,146.50005139951563,2971.1678948748104,-2203.500089916623,-299.68945245947907
2026-04-26 18:48:11.873,765,790.4146002206058,-1234.165920298663,783.0343859219893,-645.8253691298879,381.9864947879357,146.58144929894135,2974.5805918249002,-2206.756312671442,-300.4343723296189
2026-04-26 18:48:11.883,766,792.3678219711136,-1235.259433410715,784.5702613317466,-645.6149593565647,381.63135960216744,146.5861468082236,2978.4973395671936,-2209.509971708063,-300.679236926896
2026-04-26 18:48:11.895,767,793.8357608402256,-1236.838250978184,785.6225457838301,-645.2318946382665,381.445015477114,146.76247947390047,2981.0811758003024,-2213.6003298264577,-302.25919536145557
2026-04-26 18:48:11.904,768,794.0063588796158,-1239.7214067898533,785.366994865186,-644.8702305543352,381.2378418311752,146.91838634427538,2986.0866392025077,-2215.2716659193698,-301.4208089678343
2026-04-26 18:48:11.915,769,795.9292668850826,-1240.8588319322866,786.8554472894408,-644.560510599578,380.9784935773261,147.02261813750872,2990.2565703675996,-2217.7760267119947,-301.41391742170885
2026-04-26 18:48:11.928,770,797.8987227367081,-1241.952763792943,788.3871372363393,-644.2855440292675,380.68330638299653,147.08917170737774,2993.835494942665,-2220.8695202523104,-301.99463150419683
2026-04-26 18:48:11.937,771,798.5120189797965,-1244.4045396217218,788.5621970491113,-643.8229049375456,380.5745035921261,147.34295007380229,2997.0838595517803,-2224.2927018479318,-302.9026522172379
2026-04-26 18:48:11.947,772,800.438716251265,-1245.5439085682244,790.0521888504992,-643.436314253656,380.38728688930155,147.5181802942362,3001.1648358928924,-2226.882837754561,-302.979791091989
2026-04-26 18:48:11.955,773,802.0606153635949,-1246.9917012889882,791.2359824814299,-643.0407242782477,380.2051618890428,147.70039987817688,3004.828269617867,-2229.8902593759426,-303.47186442489
2026-04-26 18:48:11.966,774,803.2455584277565,-1248.878463162774,791.9818056924825,-642.8394151907,379.8280026505647,147.68666853560973,3008.4925485014314,-2232.8996059744386,-303.9628119696105
2026-04-26 18:48:11.977,775,805.4827810894313,-1249.7119324317844,793.7803279450957,-642.4828799999577,379.60246890453305,147.82453963959918,3012.4842633724443,-2235.58294509748,-304.1265326700864
2026-04-26 18:48:11.985,776,807.1473448241651,-1251.1156289384974,795.0101706376346,-642.2199840749961,379.2821922850156,147.86689553430065,3016.4017294233577,-2238.342207303798,-304.3659436405455
2026-04-26 18:48:11.998,777,809.0758508657875,-1252.255836350283,796.502724703336,-641.8471490022491,379.06988946906347,148.0205429425467,3020.067416062148,-2241.3531671822343,-304.85625082532795
2026-04-26 18:48:12.007,778,810.960287763322,-1253.439243105178,797.9497433913576,-641.4284187922759,378.90070243544415,148.21916089135763,3024.146062966213,-2243.9473577253166,-304.9311929174358
2026-04-26 18:48:12.020,779,811.7944193098408,-1255.6750501340232,798.3442297871063,-641.2003013449537,378.5395084281496,148.22539365322626,3027.6447110694776,-2247.119319496716,-305.58374235287005
2026-04-26 18:48:12.033,780,812.9340397476777,-1257.604693540364,799.0465163279051,-640.9532220716586,378.1909980742046,148.2442519493905,3030.891038385677,-2250.543601021052,-306.48756384490093
2026-04-26 18:48:12.042,781,814.5562372688354,-1259.0519933549506,800.232331305319,-640.7212687983933,377.8279687473697,148.25144344420892,3035.221965007213,-2252.8849614519586,-306.31186163368227
2026-04-26 18:48:12.054,782,815.6934297818385,-1260.981942399326,800.9354307186542,-640.2236560290398,377.73151903693815,148.52569416101267,3038.636028013766,-2256.1444242316497,-307.0564319085835
2026-04-26 18:48:12.064,783,817.666199972044,-1262.0779477612132,802.4700533706953,-639.9546854305837,377.40463779036224,148.56845913887648,3039.7183454647466,-2261.731257504631,-310.126644686463
2026-04-26 18:48:12.077,784,819.1114718885823,-1263.7000827953282,803.4787721306188,-639.5855126417417,377.1738777083601,148.70659890852068,3043.8835830969037,-2264.2361606827158,-310.1135482680271
2026-04-26 18:48:12.090,785,820.8185676411603,-1265.0585678784025,804.750440328257,-639.0955541746108,377.06328196135723,148.964789953697,3046.879281898669,-2267.912287221196,-311.2713665502861
2026-04-26 18:48:12.099,786,822.4841520014058,-1266.460535387273,805.9771810189515,-638.7611747395927,376.7956619853192,149.0647762848294,3049.6233259579026,-2271.841230944839,-312.6814446021787
2026-04-26 18:48:12.110,787,824.1097566583901,-1267.9077745882782,807.1564060358543,-638.2933728954904,376.66308117005,149.29507929841085,3052.043010466955,-2276.1000413892357,-314.42171454525004
2026-04-26 18:48:12.117,788,825.4296448541805,-1269.665228117725,808.0271894046307,-637.8482877008516,376.5068084772459,149.50091404451274,3057.551806738241,-2277.2722622268634,-313.07428767053005
2026-04-26 18:48:12.127,789,826.7540222730657,-1271.4247650734997,808.8978461302634,-637.3765121618279,376.37318893828444,149.73270754902524,3061.6363050830496,-2279.8705157152444,-313.1500628949677
2026-04-26 18:48:12.137,790,827.599948614087,-1273.6670547562455,809.2862287518782,-637.1329826395386,376.0072399660229,149.7327673479667,3065.5540968014243,-2282.6322577417163,-313.3852103241592
2026-04-26 18:48:12.146,791,828.3100714091526,-1276.0492508822858,809.5353426866448,-636.8517642893854,375.6767379201871,149.76947268514556,3068.712871020755,-2286.1492737522944,-314.37788273244473
2026-04-26 18:48:12.156,792,829.3788715237735,-1278.0752010437984,810.1387000031141,-636.531109452877,375.38080519152015,149.84333155481428,3073.7985249015005,-2287.735681527627,-313.44396812552066
2026-04-26 18:48:12.166,793,830.8008298425324,-1279.744479908421,811.0968008204363,-636.0617936977515,375.2325557941953,150.06617452867334,3077.461274656037,-2290.7452605174785,-313.93390161900754
2026-04-26 18:48:12.174,794,832.7962301314926,-1280.8421509577815,812.6266204457789,-635.7152223214388,374.96146049517,150.16357020048878,3080.294914401965,-2294.586492289844,-315.2544230747551
2026-04-26 18:48:12.184,795,834.7456047273924,-1281.985697131851,814.1097672583412,-635.3564281694053,374.70306212991596,150.2722530297966,3084.375367469008,-2297.182731270162,-315.3290860913855
2026-04-26 18:48:12.192,796,836.212848687335,-1283.6087832012265,815.114162953696,-635.0577588221531,374.3858488827052,150.3204735049078,3088.8725455500316,-2299.3633680029775,-314.9883209701611
2026-04-26 18:48:12.203,797,837.6370979508624,-1285.2787880652736,816.0713649520463,-634.7120536184726,374.117637376421,150.41576706024648,3094.1265379416172,-2300.7885797765985,-313.8895817631575
2026-04-26 18:48:12.214,798,839.1552517965455,-1286.8561944170149,817.1227476012024,-634.2688296713658,373.94764375993867,150.60772641772903,3098.0465706018795,-2303.548703075577,-314.12808618208277
2026-04-26 18:48:12.222,799,840.5346797820735,-1288.5742694156381,818.0331500704644,-633.8631597553654,373.73997485570885,150.76527036985922,3102.3813443992235,-2305.893643910018,-313.9505352655369
2026-04-26 18:48:12.232,800,841.6055627539112,-1290.6017548965983,818.6319973822098,-633.3829525204139,373.60487460922775,150.99764318866187,3103.213277925752,-2311.745971293654,-317.2784345397706
2026-04-26 18:48:12.241,801,842.8935052917003,-1292.415059060297,819.4472119715758,-633.0972233413847,373.27129986815163,151.03413896761043,3108.0566134349015,-2313.5877574483407,-316.59564018506126
2026-04-26 18:48:12.251,802,843.9645420530478,-1294.4443901121358,820.0478153282144,-632.7483972474205,372.9989132334247,151.13294691557212,3112.3952672365763,-2315.935672792542,-316.4179831551486
2026-04-26 18:48:12.262,803,844.508725886631,-1296.9995371396647,820.1235570724765,-632.4206402078615,372.69824835893616,151.20571506164003,3115.9016922410033,-2319.1161541530296,-317.070113563994
2026-04-26 18:48:12.269,804,846.4633856080194,-1298.1466943775818,821.6094831368152,-632.0515031869844,372.4321699590071,151.317493418145,3118.072420537785,-2323.6358107771666,-319.062031298018
2026-04-26 18:48:12.280,805,848.1546130504449,-1299.5576996376108,822.8339462486158,-631.705738542207,372.1390384882858,151.40403039099849,3122.667438955794,-2325.7323535870355,-318.6308761086574
2026-04-26 18:48:12.287,806,848.9608749273791,-1301.854312055303,823.1752728863001,-631.331373094062,371.8748907397476,151.5176118404948,3125.761510611708,-2329.3317899132826,-319.70196090776966
2026-04-26 18:48:12.298,807,850.6993497009087,-1303.2212547035515,824.4499561771845,-631.072969363243,371.49398178580196,151.51468060306772,3130.2680223053558,-2331.5204769282077,-319.3588576129649
2026-04-26 18:48:12.309,808,852.1288590322,-1304.898508210096,825.4134638100965,-630.9019422385344,371.0196203975893,151.41973076172408,3135.3700965853177,-2333.112654637844,-318.41632056594915
2026-04-26 18:48:12.317,809,853.5098176704618,-1306.621463272657,826.330416736759,-630.654560010159,370.6195389893366,151.40070765148826,3140.217938183639,-2334.95794724491,-317.72747097071306
2026-04-26 18:48:12.329,810,854.407366711498,-1308.825325210286,826.7657496716357,-630.2387754159693,370.38712203677,151.54882126564436,3144.467547719304,-2337.401034286034,-317.6365449862197
2026-04-26 18:48:12.336,811,854.9924180633941,-1311.338788643425,826.8923709853124,-629.9084019891828,370.06684703293604,151.60919627575612,3147.5621066757485,-2341.002047215442,-318.70587620222443
2026-04-26 18:48:12.349,812,856.7258273534585,-1312.704815155694,828.1669607112975,-629.5237637111572,369.79773362396514,151.72474125478888,3151.744663373351,-2343.518430294566,-318.6894166353017
2026-04-26 18:48:12.480,813,858.4114523410536,-1314.1167438097693,829.3956129622007,-629.1801795713715,369.4859268834117,151.79648305520257,3155.0032346685107,-2346.956417005872,-319.59405086379974
2026-04-26 18:48:12.488,814,859.8351191421757,-1315.7935217838478,830.3591236728874,-628.8623145711401,369.14672885130716,151.8388729390105,3157.1751511318284,-2351.4807755011107,-321.5866141307169
2026-04-26 18:48:12.498,815,861.2141727078401,-1317.5156180263464,831.2764057018434,-628.5905016675923,368.75856201372886,151.83110127513945,3161.520401737877,-2353.834542262613,-321.40510181295764
2026-04-26 18:48:12.506,816,863.1202354293653,-1318.7099425390413,832.7220187360012,-628.205575213401,368.4847018888131,151.93626130750442,3165.9574054007494,-2356.0986301104217,-321.1325100954979
2026-04-26 18:48:12.515,817,864.1429748899707,-1320.7876661090106,833.2821378802645,-627.8681149903468,368.1641272615912,151.99352701570777,3168.0394267316024,-2360.7190742478615,-323.2150127623545
2026-04-26 18:48:12.523,818,865.8317970240867,-1322.1987063306442,834.5069974435686,-627.3598122298326,368.0136474253405,152.2187265935505,3171.807711944628,-2363.6543837144927,-323.6127738729609
2026-04-26 18:48:12.533,819,866.4682268890416,-1324.6644462838817,834.676755062958,-626.9175271473472,367.797511589636,152.37865717345898,3174.815141223164,-2367.3488148475203,-324.77273786479924
2026-04-26 18:48:12.542,820,867.1537569881609,-1327.0811153337909,834.8930127406903,-626.4841127689615,367.5728918327132,152.5280506368533,3178.0769995740393,-2370.790104993308,-325.68144430422126
2026-04-26 18:48:12.551,821,867.9143553395603,-1329.4229649657998,835.1860830255806,-626.0419184001572,367.3585156920378,152.6842608366103,3182.2609572070996,-2373.3075232428746,-325.66395345989804
2026-04-26 18:48:12.560,822,868.7672619172617,-1331.6708516237852,835.5725414681502,-625.6943300381563,367.0499453188805,152.74808012892814,3185.2652024983236,-2377.0012012094494,-326.8224594090764
2026-04-26 18:48:12.570,823,870.1969525506247,-1333.345119982606,836.53143338343,-625.2811767780286,366.8048654420597,152.88051506815398,3189.35402513504,-2379.6088691921714,-326.8937587077972
2026-04-26 18:48:12.577,824,871.9376518940205,-1334.7094893343249,837.8020964278355,-624.9698168791135,366.4543870087835,152.90961306865267,3193.0284168111607,-2382.632190159728,-327.3814087498443
2026-04-26 18:48:12.585,825,872.4802820389076,-1337.267866401043,837.8798661054883,-624.7405341987197,366.01514879609465,152.84910487944148,3196.1212713924892,-2386.232452492986,-328.4457817793865
2026-04-26 18:48:12.592,826,873.5515793753536,-1339.2976031917397,838.4824696112499,-624.428415540549,365.65356112862423,152.86515636533832,3198.1286572244926,-2390.917557285533,-330.5942641338635
2026-04-26 18:48:12.600,827,875.293298811018,-1340.659155507189,839.7495629544445,-623.925635321384,365.48063368260546,153.07029832319697,3202.4693399379985,-2393.2707329847103,-330.4108791400587
2026-04-26 18:48:12.607,828,876.6757642059189,-1342.3772132578533,840.6580330419547,-623.5339876439618,365.1929448811096,153.16144809886018,3205.0553091069046,-2397.3777778455637,-331.9833868088705
2026-04-26 18:48:12.614,829,877.6295084179541,-1344.525086115976,841.1354051944185,-623.3357948804498,364.7056634942158,153.05383720211734,3209.8146508049017,-2399.3136563293633,-331.386234202518
2026-04-26 18:48:12.622,830,879.3233625967018,-1345.9323280720707,842.3523376368578,-622.9609971968505,364.39174574483604,153.12282228879806,3212.72590620671,-2403.0946496679558,-332.633788976825
2026-04-26 18:48:12.630,831,880.4917810680045,-1347.861929179473,843.0431405012582,-622.5639221944327,364.09984470112244,153.21600773517218,3215.7275402072887,-2406.7861590072735,-333.7902929440871
2026-04-26 18:48:12.637,832,882.2354615509,-1349.2182036426022,844.3024027222069,-622.0500773040676,363.92301209064095,153.42298076049508,3219.3976666429608,-2409.808672524951,-334.2777806911363
2026-04-26 18:48:12.646,833,883.6658602587436,-1350.8840347375635,845.2523699743937,-621.6031118615726,363.6765262514972,153.55933593271632,3222.2360579832307,-2413.6611892893093,-335.59337303742586
2026-04-26 18:48:12.654,834,884.6701811320652,-1352.9754964716028,845.7752088483115,-621.1675917329117,363.4157431553191,153.68107822733742,3225.6479464378226,-2416.936679988214,-336.3306182089859
2026-04-26 18:48:12.662,835,886.411474319104,-1354.3310288828238,847.0348191190966,-620.6453381691459,363.2371799964123,153.88643020957937,3228.228464285803,-2421.042401761926,-337.89460382838064
2026-04-26 18:48:12.670,836,888.4640364279728,-1355.375970026716,848.6021715446601,-620.3060279215919,362.8725287948218,153.90409786858964,3232.7207951967093,-2423.2355724779322,-337.5467314959662
2026-04-26 18:48:12.678,837,890.4674701102422,-1356.4695581997514,850.1217468641503,-619.8563950623206,362.6166695435255,154.03029896910178,3234.218859985433,-2428.426263806672,-340.19600624913613
2026-04-26 18:48:12.686,838,891.5403234913941,-1358.4921316117204,850.7130448117653,-619.4450650440702,362.3206744621816,154.12094779055616,3238.0450113786906,-2431.2899992138227,-340.5169736417077
2026-04-26 18:48:12.694,839,892.9219817588487,-1360.2050725015056,851.6152403877958,-619.0327058344958,362.02358653905736,154.2118463170783,3242.6330844492295,-2433.3907349963165,-340.0752477812061
2026-04-26 18:48:12.702,840,894.6621507620894,-1361.5614637557687,852.8752300103259,-618.3599854301515,361.98476144495123,154.5621036833852,3245.6302607439925,-2437.084052949201,-341.22608327714477
2026-04-26 18:48:12.710,841,896.6181467817811,-1362.705071456446,854.349093341468,-617.875892024707,361.7592248967755,154.72221802196015,3248.2130117872066,-2441.194778996707,-342.7914471498981
2026-04-26 18:48:12.718,842,898.2653890795887,-1364.1587346339738,855.512024348008,-617.4550401245472,361.4689797970483,154.81581856754738,3250.541936097859,-2445.5602895433813,-344.6118390982273
2026-04-26 18:48:12.726,843,899.4386515938902,-1366.0864463981886,856.1999317304018,-617.0716747376256,361.13881904553557,154.8723899056958,3252.9675960880127,-2449.8343727173215,-346.3410416388085
2026-04-26 18:48:12.735,844,900.9219337142104,-1367.7028351334552,857.1970638405594,-616.7119730735845,360.77920448548366,154.90163077532284,3257.9806682421276,-2451.5229783973236,-345.4837928474585
2026-04-26 18:48:12.744,845,901.9984588381631,-1369.7249150824512,857.7843643189747,-616.3307407890803,360.4405395056531,154.9524027505712,3262.1633379640157,-2454.043493823658,-345.45794621235484
2026-04-26 18:48:12.753,846,903.0247046974905,-1371.7961761772458,858.3244551059785,-615.8263593613767,360.2244831620215,155.1262936959358,3266.253225577988,-2456.65846088535,-345.52459948932074
2026-04-26 18:48:12.761,847,904.1966727406123,-1373.7214961446077,859.0107955809549,-615.4843079076179,359.845644203238,155.13833422808855,3270.7555438342642,-2458.8593005801717,-345.1747814832394
2026-04-26 18:48:12.771,848,905.3199791172251,-1375.6972611878286,859.6496311903567,-615.2793175314536,359.3266238861099,155.0110504202069,3273.5968637657056,-2462.720639526826,-346.4861144176577
2026-04-26 18:48:12.780,849,906.7070482924867,-1377.411708746575,860.5484718757983,-614.8207133584714,359.05720412223576,155.1349144718698,3277.364519950473,-2465.65738367512,-346.8733624264289
2026-04-26 18:48:12.790,850,908.3548378305475,-1378.8647852159327,861.7082498016425,-614.5415901300593,358.60840001392216,155.07945817360263,3280.624158016976,-2469.10436441087,-347.7721736385317
2026-04-26 18:48:12.800,851,909.5785594176533,-1380.7425055091821,862.4430579406793,-614.2253480690381,358.1922370316489,155.05722728368343,3285.4801269519003,-2470.9556389022464,-347.07447641224627
2026-04-26 18:48:12.808,852,911.2776178938575,-1382.1475001567574,863.6514721600402,-613.7563390862244,357.92764902095206,155.18490041577758,3288.994257768989,-2474.1489735950054,-347.71734091872577
2026-04-26 18:48:12.814,853,912.0470998253207,-1384.4845120679288,863.9269307342676,-613.3246682853834,357.6221691582664,155.27425386001795,3292.925830640103,-2476.9272349765024,-347.94487042280804
2026-04-26 18:48:12.828,854,913.1802666344804,-1386.461361080551,864.5587382170689,-612.8187047296075,357.38934240853877,155.4386384551822,3295.517171168634,-2481.047040835514,-349.51680445592314
2026-04-26 18:48:12.836,855,913.8918100871922,-1388.8589272277227,864.7696080345056,-612.5339099591192,356.93264487505627,155.3815835938607,3300.122191968916,-2483.1546475367127,-349.074508662322
2026-04-26 18:48:12.846,856,915.6005551811577,-1390.2634509317409,865.9710111780505,-612.1035275263272,356.6189748296664,155.46655812230628,3303.802907185185,-2486.187885087897,-349.5598382374122
2026-04-26 18:48:12.855,857,917.621325160759,-1391.3576482278152,867.4851434474613,-611.667941463557,356.3104502570437,155.55761251686735,3308.3173776340914,-2488.3871922987796,-349.2123262233219
2026-04-26 18:48:12.865,858,918.7602942544447,-1393.337104052055,868.1154480112101,-611.2668223578354,355.9665363931287,155.6150416536009,3312.0902273887755,-2491.32681849694,-349.6032112716914
2026-04-26 18:48:12.875,859,919.9019499211894,-1395.3190765940828,868.7449442403401,-610.8246704257684,355.6624239818348,155.71155972677712,3316.6951358777596,-2493.4338114766497,-349.1610762231221
2026-04-26 18:48:12.883,860,920.6825501180276,-1397.6688596927415,869.00995790598,-610.4684651057262,355.2729086246749,155.722562447081,3321.5538560854993,-2495.285317211651,-348.46485077013193
2026-04-26 18:48:12.894,861,921.6762713156803,-1399.8120874969043,869.4818312608434,-609.9926405027301,355.0029968548516,155.85538504263522,3325.997001796149,-2497.553554753022,-348.1855918070785
2026-04-26 18:48:12.903,862,922.7220906186369,-1401.903830886969,870.0043622854392,-609.5167411991505,354.7328225673238,155.98893176694173,3327.9178923905,-2502.344486081209,-350.430788712918
2026-04-26 18:48:12.913,863,924.9169917802517,-1402.8439652789452,871.6793821150453,-609.1623087404349,354.3425961425629,156.00076500986577,3332.2692147083458,-2504.7052837984984,-350.24570080622675
2026-04-26 18:48:12.918,864,925.749429614286,-1405.1427877822136,871.9967627387651,-608.8693677104565,353.88883971374304,155.94864416037964,3335.4399269037212,-2508.2477021888512,-351.2409617046214
2026-04-26 18:48:12.932,865,926.5824596397914,-1407.4426763455244,872.3127776592897,-608.388907298142,353.6182909905906,156.07861088775675,3340.6215814290194,-2509.7781487044313,-350.220828018625
2026-04-26 18:48:12.943,866,927.678488577097,-1409.482950770247,872.8899146820062,-608.0213825438836,353.231976271962,156.09297582714768,3344.5547394215932,-2512.5576303794383,-350.4496493600995
2026-04-26 18:48:12.952,867,929.1944272748556,-1411.1049030543475,873.8846625321347,-607.6883404695709,352.80856069059746,156.0720368677425,3348.489027315558,-2515.3373778658756,-350.67833694472165
2026-04-26 18:48:12.961,868,930.3995836013041,-1413.0403577723373,874.5638147700292,-607.1738270059492,352.56700453332667,156.23320977834848,3351.4974039501376,-2519.043886542409,-351.8331932137164
2026-04-26 18:48:12.971,869,931.1315236493563,-1415.4486276283342,874.7730340163712,-606.5387098224613,352.4466250641442,156.51386073321265,3354.9213100742986,-2522.3311876765097,-352.5718617521031
2026-04-26 18:48:12.979,870,932.5454984368967,-1417.17488741076,875.6600261315339,-606.0890410632401,352.13871360920604,156.6073905600227,3359.526661050548,-2524.436411048663,-352.133906326184
2026-04-26 18:48:12.980,871,933.9078724604419,-1418.954196096338,876.4924657507726,-605.5985002724007,351.87129864323185,156.7397189367228,3363.206500809464,-2527.467302662823,-352.6199296464522
2026-04-26 18:48:12.995,872,935.6356500157199,-1420.3664056599082,877.6942959321431,-605.1574881275213,351.55482718571363,156.82445669177307,3366.8856442455713,-2530.4969245557704,-353.10698462360824
2026-04-26 18:48:12.995,873,937.0493915380101,-1422.0937725375554,878.5828868520329,-604.5562665987935,351.3991656544375,157.06967458881942,3371.490374795261,-2532.602117274429,-352.66843454150535
2026-04-26 18:48:13.011,874,938.4114623752374,-1423.8741387194427,879.4195501553381,-603.9960012149658,351.20415738415255,157.27268420021667,3374.7536693285947,-2536.04866373694,-353.57361050202917
2026-04-26 18:48:13.027,875,939.2510921129684,-1426.1783042688546,879.7322291344786,-603.5101543475993,350.9334669124344,157.39889367493254,3379.616020288494,-2537.8988658271837,-352.8853409460344
2026-04-26 18:48:13.027,876,940.6663808060878,-1427.9064419960512,880.6207285811905,-602.9882099422293,350.69911792543064,157.561611699023,3383.208539011849,-2541.01904557221,-353.46571209870814
2026-04-26 18:48:13.042,877,941.6135665945329,-1430.1067487203927,881.0379837364522,-602.6522151417184,350.27802937439844,157.53577537672717,3387.0519034797117,-2543.887530122546,-353.7909102406701
2026-04-26 18:48:13.042,878,942.7684496855709,-1432.097853083879,881.6658017177145,-602.2026978122335,349.968576485865,157.62015483542532,3390.8939578444456,-2546.756474860829,-354.115472875468
2026-04-26 18:48:13.058,879,943.6069767089198,-1434.402309070588,881.9797553296595,-601.8668752529022,349.54366923753383,157.58824912306446,3393.3211257297244,-2551.0339554656575,-355.84642398161645
2026-04-26 18:48:13.068,880,944.2886992721557,-1436.865495028377,882.1339874757023,-601.48999917915,349.1619233322016,157.59858567137667,3398.3357212018227,-2552.7229122450267,-354.9888978823397
2026-04-26 18:48:13.080,881,945.603527608247,-1438.6974436098055,882.9189551196339,-601.1151124003054,348.7767010408431,157.6060842348754,3402.1714387833617,-2555.59128456857,-355.3111799995399
2026-04-26 18:48:13.088,882,947.020696111916,-1440.4249632450665,883.8062728928885,-600.665912567833,348.4647520400592,157.68692175915257,3406.6091180313038,-2557.8565333909473,-355.0338855889162
2026-04-26 18:48:13.096,883,949.0127891498865,-1441.5766156159293,885.2697175306166,-600.1742119724935,348.1933987792114,157.81037751821796,3410.5373857774853,-2560.6305753468396,-355.26423816000954
2026-04-26 18:48:13.107,884,951.3192193789885,-1442.413609450729,887.0472957622884,-599.8370941335394,347.7653732009252,157.77901797556672,3414.2092338339608,-2563.6595911748773,-355.74651555548195
2026-04-26 18:48:13.114,885,952.0011279652506,-1444.8709244677732,887.2034915427585,-599.3045331734012,347.5297212891544,157.94032499794343,3418.7113783568548,-2565.858238056453,-355.39737852381427
2026-04-26 18:48:13.124,886,953.0996584818821,-1446.9119033673182,887.7794819177834,-598.8453728227317,347.21895623462484,158.028464965872,3422.5416519798036,-2568.7283672877384,-355.7174247068167
2026-04-26 18:48:13.133,887,954.825994241324,-1448.3245036484068,888.9822599825663,-598.3079871637424,346.9838108727611,158.1949192211967,3426.050347406386,-2571.9187732648015,-356.35514914180953
2026-04-26 18:48:13.142,888,956.1880579978892,-1450.104312874233,889.818589526421,-598.0046592632394,346.51343093211074,158.1267508550816,3429.0492137576052,-2575.6201654443416,-357.5044015862423
2026-04-26 18:48:13.151,889,957.9199542340431,-1451.518784130963,891.0210460830899,-597.3926774367034,346.3522582533817,158.3684865415669,3432.718486455727,-2578.6491649979007,-357.9840540123373
2026-04-26 18:48:13.159,890,958.8140666081342,-1453.7719269815789,891.3857659122498,-596.9388967126417,346.0346634290733,158.45181099717158,3435.4630234305146,-2582.6008470614483,-359.38879531447174
2026-04-26 18:48:13.173,891,960.4968394113208,-1455.2412492701465,892.5343571255185,-596.4444800691268,345.75609195622513,158.57591362545696,3439.128868726887,-2585.6265600807637,-359.86848855772195
2026-04-26 18:48:13.188,892,962.2872050894161,-1456.6051318916084,893.791434827132,-595.9828497472741,345.4430048467669,158.6665328343975,3442.6342420951914,-2588.8122841394234,-360.5071667667067
2026-04-26 18:48:13.197,893,963.394155338881,-1458.655927030329,894.3642761418816,-595.5597743122931,345.08924744502485,158.71541253284585,3444.1316515273184,-2594.0049053682533,-363.15284802088996
2026-04-26 18:48:13.208,894,964.714501600946,-1460.501139338936,895.143419497571,-595.1749666270889,344.6940522914602,158.7220814182643,3446.710831371719,-2598.1130871432724,-364.7131764240914
2026-04-26 18:48:13.215,895,966.4583013572288,-1461.9221184353805,896.3487307977572,-594.6706456333795,344.4154342186095,158.84946181186044,3449.80168955806,-2601.7134872326556,-365.76549918363213
2026-04-26 18:48:13.229,896,968.2557094738529,-1463.2895840506171,897.6091928285415,-594.2088960878644,344.0917969540855,158.93381295016755,3454.3921132331275,-2603.8168778749823,-365.32033277766874
2026-04-26 18:48:13.240,897,968.733049281695,-1465.9770546546852,897.549816001004,-593.943614906826,343.57281520696085,158.82650528050743,3459.8127042054903,-2605.0904691877,-364.0463463001587
2026-04-26 18:48:13.249,898,969.7361198713834,-1468.1387268552044,898.0182521679505,-593.5561220804288,343.1762204206991,158.84400265083883,3464.40455425765,-2607.1927127686226,-363.60285772981473
2026-04-26 18:48:13.260,899,971.8496241099956,-1469.1913266337492,899.5973664964429,-592.9741339531295,342.9739324685157,159.05449362081063,3469.4103499465823,-2608.8799408841987,-362.74523316552495
2026-04-26 18:48:13.267,900,973.6460633402834,-1470.5607548967412,900.8606927242455,-592.503439952296,342.66016581831127,159.15165955688207,3473.491000948439,-2611.4909442581184,-362.81097832145304
2026-04-26 18:48:13.278,901,975.3870659101243,-1471.9842182461848,902.0718967899593,-592.0324007398041,342.3403282381356,159.2457333096465,3477.5720273898232,-2614.10240632133,-362.876572552164
2026-04-26 18:48:13.289,902,976.0229979219681,-1474.5143822473656,902.17551069427,-591.5646381637811,342.0161072942184,159.3353504024114,3481.6536767400476,-2616.714823830577,-362.9424703625966
2026-04-26 18:48:13.297,903,977.5577374082013,-1476.1488702846875,903.1754965519273,-590.9319228324349,341.85336212379565,159.58765685924385,3485.065685159596,-2619.9962703968513,-363.6769557444688
2026-04-26 18:48:13.307,904,978.5653510139193,-1478.3117920244536,903.6495004988046,-590.4603555436827,341.52813043105306,159.6768934487034,3488.15927730404,-2623.5992633911414,-364.7324118117615
2026-04-26 18:48:13.315,905,979.784160447958,-1480.2656286526728,904.3344747167345,-589.9417883355272,341.2465744828079,159.81021164661718,3492.338245825032,-2626.118935535748,-364.7028846027518
2026-04-26 18:48:13.326,906,980.7360468558046,-1482.485610013398,904.7564259788874,-589.5890121317542,340.7999506379156,159.7772881705333,3495.753161697977,-2629.4035481274454,-365.4379741804688
2026-04-26 18:48:13.337,907,981.5276518515533,-1484.8642731077819,905.0231093656802,-589.3545029292802,340.23317878124743,159.625357399596,3499.1668805051972,-2632.690391995077,-366.1717961050869
2026-04-26 18:48:13.341,908,982.6369015569376,-1486.9281834440014,905.6069470514343,-588.7964128297309,339.9896378356268,159.79833623250641,3503.762138001088,-2634.797777076005,-365.7234149439187
2026-04-26 18:48:13.356,909,983.6955071631343,-1489.045439698228,906.1370341715781,-588.1195236169779,339.86520024596445,160.08871681482177,3507.592956915318,-2637.66861167908,-366.04208154618976
2026-04-26 18:48:13.364,910,985.230898513934,-1490.6858043850655,907.1417198138431,-587.6030937224486,339.5801131186966,160.21951573492842,3511.010358713323,-2640.954034541727,-366.778191410284
2026-04-26 18:48:13.375,911,985.9719320070581,-1493.1201518351638,907.351774943286,-587.2119860965181,339.1697109041993,160.22539342674315,3515.353034344443,-2643.3146879838077,-366.58935831897423
2026-04-26 18:48:13.386,912,987.8226529923816,-1494.4431545870398,908.6747737433395,-586.7749150554204,338.80314462479674,160.27650274171728,3519.9504154410033,-2645.420396072178,-366.14501918260095
2026-04-26 18:48:13.393,913,989.8865633218995,-1495.5545637365883,910.2097562484818,-586.0911012190932,338.68046699158083,160.5736753810534,3523.941981654067,-2648.1327290679315,-366.3050250243184
2026-04-26 18:48:13.404,914,991.3685960482625,-1497.2487955679144,911.1622676693298,-585.613768752375,338.35044728692594,160.66461054764275,3527.1991171287777,-2651.579854306082,-367.19971014287
2026-04-26 18:48:13.415,915,992.589051981807,-1499.2077822335648,911.8497832668987,-585.0533513316176,338.10196081589544,160.83548488537463,3531.698670055518,-2653.7819411079145,-366.848892601447
2026-04-26 18:48:13.422,916,994.0744963436882,-1500.902017418696,912.8005229470083,-584.6956271251313,337.6480841286354,160.8023732107168,3536.1984398231384,-2655.9826137360787,-366.4979327237597
2026-04-26 18:48:13.434,917,995.2955502338813,-1502.8619847807927,913.4884325804667,-584.457326557079,337.0733470756098,160.6489272542615,3540.027553507718,-2658.8542342934484,-366.8174795202243
2026-04-26 18:48:13.442,918,996.3050599185055,-1505.0340557897855,913.9645779117013,-583.8498983990704,336.86810202631176,160.8660213270133,3543.6985679365125,-2661.8863221852516,-367.29614828302425
2026-04-26 18:48:13.453,919,997.7949338916244,-1506.7296402770862,914.9160728036793,-583.4060196794816,336.49556313894635,160.91910823649292,3546.7002458529655,-2665.5881114206263,-368.44648178375684
2026-04-26 18:48:13.566,920,998.9141349929337,-1508.7967253097002,915.4918861901177,-582.9574413949908,336.12540033767914,160.97468474070456,3549.031081463289,-2669.9619204721353,-370.26726869692584
2026-04-26 18:48:13.574,921,999.8249565451944,-1511.0741203341106,915.8562766031332,-582.3018535947095,335.96134631178074,161.23472489455486,3552.959030462394,-2672.738240878192,-370.4931068314405
2026-04-26 18:48:13.583,922,1001.1059087832855,-1512.9778205130922,916.5944649833417,-581.8971415077224,335.54582841757383,161.2427610023235,3557.7164329635607,-2674.6845828255564,-369.8875015562343
2026-04-26 18:48:13.592,923,1001.8579145735332,-1515.411260986848,916.8045317409374,-581.529973892903,335.08982522822714,161.20947028989576,3559.6318725489587,-2679.4731780796296,-372.12215430817065
2026-04-26 18:48:13.600,924,1003.6128428487866,-1516.841868489808,918.0185752790284,-580.9114288064078,334.8821618725789,161.4258069223362,3563.9752553953385,-2681.83551184971,-371.9316277159216
2026-04-26 18:48:13.609,925,1004.7858930447453,-1518.856980898496,918.6491652423675,-580.4631854329089,334.50552234881786,161.4721747861366,3567.392972818598,-2685.1237279874094,-372.6664354335077
2026-04-26 18:48:13.619,926,1006.7533925082156,-1520.0784614636912,920.0741231626158,-579.9711354439313,334.17104015081327,161.5616966097364,3570.810485413799,-2688.413174579208,-373.40152796331904
2026-04-26 18:48:13.630,927,1009.0947666305105,-1520.9268536442319,921.8733124263489,-579.5194268839264,333.7925931355187,161.60758498245332,3574.3226773463807,-2691.6060854307398,-374.04048190389216
2026-04-26 18:48:13.639,928,1010.1616666211196,-1523.0530235003705,922.394066260436,-579.0655448701414,333.4158619741339,161.65495070911436,3577.06757610899,-2695.5648685506944,-375.4442922488181
2026-04-26 18:48:13.647,929,1010.6995347429923,-1525.7084348962312,922.3852947477034,-578.4846103862337,333.1620964048711,161.82676497306537,3580.4804688258537,-2698.854098063329,-376.1760023312229
2026-04-26 18:48:13.656,930,1011.4469621602798,-1528.1528664688747,922.5871962252304,-577.9864672110523,332.8254158602674,161.91462564204056,3582.650504788234,-2703.3886251219296,-378.15258608542297
2026-04-26 18:48:13.661,931,1012.88673031888,-1529.904973056687,923.4837552439365,-577.6128217116018,332.361895696677,161.8759293286198,3585.2377161017166,-2707.5103754193306,-379.715712132491
2026-04-26 18:48:13.674,932,1014.3254264570684,-1531.6577243824252,924.3806735690046,-577.0693258439125,332.06784173960136,162.0063465708249,3589.0703935936235,-2710.38802719808,-380.03446086621466
2026-04-26 18:48:13.683,933,1014.8600664315802,-1534.314948038683,924.3757976840506,-576.6058267829153,331.68792558283866,162.0516936791998,3593.160847886823,-2713.009899603471,-380.0972290468558
2026-04-26 18:48:13.692,934,1016.5664543792442,-1535.8037648677534,925.5403127790676,-575.9320159120015,331.5182847623664,162.308342623815,3598.2746995305156,-2714.6079133387802,-379.13641312874586
2026-04-26 18:48:13.701,935,1017.533174093305,-1538.0349316994877,925.961393560711,-575.6372055748091,330.96523585070554,162.1821841031952,3600.86216290736,-2718.730318292106,-380.70094406477466
2026-04-26 18:48:13.710,936,1018.4464346521958,-1540.321396652367,926.3280624848187,-575.1698121560145,330.5822227371906,162.22517366772067,3605.7169337939285,-2720.5835632738654,-379.99595391034296
2026-04-26 18:48:13.719,937,1019.304953293741,-1542.6632097853656,926.6404764175634,-574.6162070384885,330.2842931086274,162.35260106354463,3610.2169471931843,-2722.7914373198705,-379.64225060703785
2026-04-26 18:48:13.727,938,1021.3880587070987,-1543.7795452416158,928.1788666635783,-574.1475524378072,329.90020850735846,162.3951786717636,3616.1562382817356,-2723.560678162174,-377.84779182981777
2026-04-26 18:48:13.736,939,1022.9388898065234,-1545.426810086503,929.1864338126006,-573.6330943764136,329.55778582654705,162.48032553862865,3619.668301387696,-2726.756329300277,-378.48008522022985
2026-04-26 18:48:13.745,940,1024.384572000329,-1547.183931675686,930.0836399922313,-573.0735750515698,329.25816741167887,162.60801894843235,3622.9234131961525,-2730.2079513826866,-379.3687071026228
2026-04-26 18:48:13.753,941,1026.2052811426752,-1548.5661100707352,931.3561167580989,-572.6852497729565,328.784444467354,162.5642977050629,3625.922111485691,-2733.916526330525,-380.51382561105294
2026-04-26 18:48:13.763,942,1027.4383080886034,-1550.532775863632,932.0432595333104,-571.99387866589,328.6124070799041,162.8214657335467,3630.7766629481403,-2735.7712029575464,-379.8045147581479
2026-04-26 18:48:13.769,943,1029.520401958584,-1551.6486673847237,933.581613336877,-571.4741220817255,328.2664382403221,162.90552321267805,3634.703519881248,-2738.5537596840823,-380.02153131868505
2026-04-26 18:48:13.780,944,1030.963861561209,-1553.4041776412128,934.4789141716343,-570.9106613591836,327.9636259717909,163.0294734667963,3639.1430549165984,-2740.823093082892,-379.7242714909013
2026-04-26 18:48:13.790,945,1031.87550826656,-1555.6900384318415,934.8462253582076,-570.3444877123789,327.6610153667812,163.15542590914072,3643.0672908571664,-2743.605174547166,-379.9379246941616
2026-04-26 18:48:13.799,946,1033.0525806776072,-1557.7113217312858,935.478911581599,-569.6879498159789,327.4457320365002,163.3709717465047,3645.392210081019,-2747.986828213473,-381.74907667395394
2026-04-26 18:48:13.808,947,1034.3401659066326,-1559.623897755202,936.2207046999293,-569.2486699595239,327.0094473272911,163.36497034690228,3648.2329871596767,-2751.8560016760134,-383.0482984387336
2026-04-26 18:48:13.818,948,1036.104236914842,-1561.0606755062904,937.4389113329607,-568.9391446586637,326.4378528394851,163.22225550353878,3650.9760042936055,-2755.825647981392,-384.448647295818
2026-04-26 18:48:13.828,949,1037.0163479440334,-1563.3500921877333,937.807156365244,-568.362987554757,326.12944180210775,163.34426722596837,3654.387235877079,-2759.1230872021833,-385.1767060486773
2026-04-26 18:48:13.839,950,1038.6251593610805,-1564.9443353844233,938.870022911027,-567.7374899428686,325.8698929815338,163.51668373604784,3656.96639632401,-2763.2448206049735,-386.72901305375797
2026-04-26 18:48:13.848,951,1040.6559337367087,-1566.1159943103144,940.3544077071614,-567.3369082839868,325.3860286051989,163.46638076572123,3660.625998625776,-2766.282073647813,-387.19682022491526
2026-04-26 18:48:13.860,952,1042.4194794418781,-1567.5525733023892,941.573202301209,-566.5812991218505,325.25378915261484,163.76766890290472,3664.181874523834,-2769.4235962960415,-387.76402671309177
2026-04-26 18:48:13.873,953,1043.3832170667508,-1569.7864734644136,941.9965002695773,-566.042932721503,324.90294609312855,163.84934184619445,3667.9938657403713,-2772.309265756171,-388.072407166611
2026-04-26 18:48:13.882,954,1044.295401222873,-1572.07413429608,942.3643885429088,-565.635468501084,324.42091465537646,163.79751746940892,3671.394082233124,-2775.6065497838053,-388.7940025986285
2026-04-26 18:48:13.883,955,1045.4732507412211,-1574.0948824714449,942.9966418313522,-565.0515522239798,324.11335198084146,163.92067488714198,3674.795330145689,-2778.9030583655344,-389.5154804420806
2026-04-26 18:48:13.898,956,1046.276629768501,-1576.489557728947,943.2535080351107,-564.4705303401201,323.80308124715634,164.04025028340638,3678.608665491083,-2781.7849703402767,-389.8254944159444
2026-04-26 18:48:13.914,957,1048.0930832785593,-1577.870466378972,944.525152097864,-563.8851915454302,323.49554618191087,164.1631073262994,3682.1108661540343,-2784.9770742407372,-390.4467416927349
2026-04-26 18:48:13.929,958,1049.644954421062,-1579.5169707739756,945.5319714549765,-563.342040561361,323.1445950852693,164.2418027784528,3686.95092355991,-2786.829239132125,-389.7295483665204
2026-04-26 18:48:13.929,959,1051.1978642022557,-1581.1630292278483,946.5382851314595,-562.7561975951345,322.8361146428812,164.36465349538753,3691.5332795362347,-2788.938806494867,-389.2682980947542
2026-04-26 18:48:13.945,960,1052.7527262081226,-1582.8078525947014,947.5432377609604,-562.0423250181963,322.6578042134789,164.6170416495912,3695.6010194400283,-2791.5617694877965,-389.32117474776487
2026-04-26 18:48:13.961,961,1053.9864453822895,-1584.77269807853,948.2282789991159,-561.2817738369597,322.5253446143975,164.9184417404286,3697.7631992849147,-2796.0895558781644,-391.2801259141606
2026-04-26 18:48:13.970,962,1056.0699772086887,-1585.888483548411,949.7645656082981,-560.7408259942318,322.172401012754,165.0010924499534,3701.52052568433,-2799.0230118669097,-391.64411825697664
2026-04-26 18:48:13.977,963,1057.1410684443526,-1588.021211797285,950.2851397550079,-560.2442070268274,321.7719878779869,165.03789603545405,3705.9982138993832,-2801.234208448139,-391.28509682361334
2026-04-26 18:48:13.992,964,1058.9093473153423,-1589.4575903632594,951.5003903450274,-559.6571121546274,321.4608772062846,165.16374370676752,3708.8258815879835,-2805.0909533180616,-392.57210582683757
2026-04-26 18:48:13.992,965,1060.1481122843397,-1591.4245303339017,952.1846575983687,-559.2042671507411,321.01627460986464,165.15700235157618,3711.8080026360235,-2808.7925159208867,-393.70393802228114
2026-04-26 18:48:14.008,966,1061.1661771699305,-1593.6155491849665,952.6450775016255,-558.660664408994,320.65989237102707,165.24156530719782,3715.971445552734,-2811.3102819180767,-393.6537609063312
2026-04-26 18:48:14.024,967,1062.8844317345963,-1595.110053948719,953.8033834372784,-558.1640067561783,320.255003632481,165.27897174821243,3720.1354221505217,-2813.8277057026617,-393.6057063190871
2026-04-26 18:48:14.024,968,1064.3931409435397,-1596.8138634388906,954.7538198447413,-557.5705446385376,319.94246254411416,165.41290677342104,3723.528671405464,-2817.11528506774,-394.32606301197575
2026-04-26 18:48:14.039,969,1066.541107817126,-1597.875880977649,956.3467908178285,-557.0254351802893,319.580586940285,165.4998852775873,3725.430122500788,-2821.8942912520893,-396.5372833431196
2026-04-26 18:48:14.055,970,1067.8361352787445,-1599.7903650031715,957.0883694205444,-556.5240933025569,319.1740617024717,165.54284111918543,3728.6698757163476,-2825.33812011163,-397.4135912170517
2026-04-26 18:48:14.055,971,1068.3785932527041,-1602.458645895221,957.0772469030851,-556.0690408020162,318.72053475581566,165.5397164444728,3731.6528638549084,-2829.0392576636077,-398.54709902640843
2026-04-26 18:48:14.075,972,1070.0961218850643,-1603.9534715918332,958.2389754178682,-555.658308954826,318.2213832438424,165.49279951439678,3734.894756906701,-2832.482305802761,-399.426474635689
2026-04-26 18:48:14.075,973,1070.6411820375429,-1606.6219501525793,958.2253400192021,-555.2939466182085,317.6754420756731,165.40191743499534,3739.2163975332305,-2834.8446732690686,-399.22481650858623
2026-04-26 18:48:14.087,974,1071.3953195137278,-1609.0798099252563,958.4209614868066,-554.6553924932946,317.40171704671474,165.58442420927113,3742.4565778986903,-2838.285496617322,-400.10420205894127
2026-04-26 18:48:14.103,975,1072.9604925910828,-1610.7295628248019,959.4276987987517,-554.1517367624036,316.990038562603,165.62979065764875,3745.696706266257,-2841.726986758732,-400.9832894250143
2026-04-26 18:48:14.118,976,1074.7928136192793,-1612.1136628185664,960.699687730573,-553.6022713294277,316.6236552862096,165.7216497212515,3749.0926515458896,-2845.011123268756,-401.7073147331274
2026-04-26 18:48:14.129,977,1077.1002869728125,-1613.0224756469265,962.4468607708806,-553.0510869350529,316.25613343463795,165.81368075246232,3753.413784424373,-2847.37133083845,-401.5076323991602
2026-04-26 18:48:14.140,978,1077.547454897438,-1615.7896991657046,962.3351825990877,-552.4505530931049,315.9332252896697,165.95103850186294,3757.8934494675373,-2849.5739688834897,-401.1524943275356
2026-04-26 18:48:14.140,979,1079.5885676858957,-1616.9635166857365,963.8153509969442,-552.0332811311167,315.42764548964425,165.9031002505719,3762.4721652762637,-2851.678723563312,-400.69748323231556
2026-04-26 18:48:14.155,980,1080.9883378516342,-1618.781019154517,964.6509315723918,-551.336070198685,315.19733722588245,166.13140639369843,3767.0511574639377,-2853.7843659229125,-400.24070109381614
2026-04-26 18:48:14.171,981,1083.0891143913077,-1619.8993994820034,966.1870744029134,-550.7773328499063,314.8280825369997,166.22029235496942,3770.7055401392377,-2856.8161922859344,-400.7079961028291
2026-04-26 18:48:14.171,982,1084.5454102896651,-1621.6623177327688,967.0804808775766,-550.1716304944891,314.5071707676027,166.35628168279456,3774.7731215663907,-2859.436744887984,-400.76302551792514
2026-04-26 18:48:14.187,983,1085.4684001965481,-1623.9554359334072,967.4438698380676,-549.7046115567916,314.04628438632994,166.35136028926476,3780.179780344789,-2860.7190411027545,-399.4805168968935
2026-04-26 18:48:14.202,984,1086.4490895469514,-1626.192476867313,967.8618422513454,-549.0952526301799,313.7240497516996,166.48744023520237,3783.9915669714437,-2863.597083515688,-399.7919245822304
2026-04-26 18:48:14.202,985,1087.6978490133986,-1628.1639741825188,968.5458002944927,-548.6248739515037,313.25836969917987,166.48225735546546,3787.905578879015,-2866.3747423906802,-400.0023759348032
2026-04-26 18:48:14.218,986,1089.4755773057557,-1629.6051598048289,969.7624875874565,-548.009370848025,312.9328904352523,166.61965780119473,3791.5646150446737,-2869.4094740679457,-400.47086723571704
2026-04-26 18:48:14.234,987,1091.2001236270173,-1631.1030300417717,970.9223614299008,-547.5808725073663,312.41787735462464,166.56868488816323,3795.737502156002,-2871.9299188241025,-400.42696091399165
2026-04-26 18:48:14.234,988,1092.0142175477567,-1633.512099919942,971.1719002340652,-547.0130304904111,312.0435700781078,166.6591290749706,3800.2214173238326,-2874.137179905005,-400.0706991057777
2026-04-26 18:48:14.249,989,1093.2088090138286,-1635.5443471525314,971.7999264044481,-546.3983636353673,311.7153077246949,166.79594983571184,3803.7221203862714,-2877.3253681012193,-400.6953601101629
2026-04-26 18:48:14.270,990,1094.9356598973945,-1637.044301876425,972.9603988360553,-545.8302948886278,311.3389507719122,166.88396095645317,3806.2982584844735,-2881.439937879436,-402.2464523089751
2026-04-26 18:48:14.281,991,1095.864918914862,-1639.3427444173053,973.321893089241,-545.4004408747345,310.8228045607933,166.83216171838507,3810.5275673233236,-2883.9030215594353,-402.1471083252505
2026-04-26 18:48:14.281,992,1097.4382876345153,-1640.9959954232493,974.3299263889437,-544.9693238078468,310.3026500215834,166.77691717803276,3815.5239043331126,-2885.5981041993396,-401.27752198142736
2026-04-26 18:48:14.297,993,1098.7449001305336,-1642.9149399440012,975.0719973985538,-544.4375037777007,309.8790730524486,166.8185047337278,3817.430824312961,-2890.383656193709,-403.4959217231199
2026-04-26 18:48:14.312,994,1100.2602985801398,-1644.6251890016483,976.0242204853213,-543.8086685545102,309.5497939859579,166.95588343918928,3820.829741454379,-2893.6739728768957,-404.2182823838615
2026-04-26 18:48:14.325,995,1102.8987656383083,-1645.2141880923534,978.0971548314745,-543.3213875550548,309.0775240445146,166.95105881996963,3826.744532454359,-2894.4451242723735,-402.4193303531165
2026-04-26 18:48:14.328,996,1104.0377454123552,-1647.3040817087367,978.6693783228714,-542.5966224257263,308.8406136423313,167.18242104353098,3830.3966010159975,-2897.480006395242,-402.8821864261583
2026-04-26 18:48:14.344,997,1105.1219204488607,-1649.4523362196953,979.1813146999704,-541.9137991880607,308.5598110101223,167.36971842471746,3832.7113263485608,-2901.8534952028267,-404.68218716214847
2026-04-26 18:48:14.360,998,1106.32106621487,-1651.4869478779792,979.8081474845917,-541.2855255152973,308.2239346095842,167.5000540961197,3836.773635164152,-2904.4783599819316,-404.7319501757569
2026-04-26 18:48:14.371,999,1107.6695368183998,-1653.368370400705,980.5898063676116,-540.9895237815296,307.55660552187305,167.29661323381563,3842.1732539530203,-2905.765971140708,-403.44440622740615
2026-04-26 18:48:14.376,1000,1108.2755556097347,-1655.989981934011,980.6294238993597,-540.1678538138029,307.41355050645916,167.61999486982046,3845.6690573730093,-2908.955135241771,-404.0559659565032
