timestamp,episode,openness,conscientiousness,extraversion,agreeableness,neuroticism,stress,satisfaction,social_energy,total_reward
2026-04-26 20:28:50.134,0,0.0,0.0,0.0,0.0,0.0,0.0000,0.0000,0.0000,0.000
2026-04-26 20:28:50.274,1,-0.0010000000000000002,0.005299220272904483,-0.0024488304093567247,-1.4961013645224176E-4,-0.01,0.0000,1.0000,0.2500,9.388
2026-04-26 20:28:50.339,2,-7.340898137183151E-4,0.010219731968810916,-0.0052460380774041636,-0.0018152462327810385,-0.02068394012418779,0.0000,1.0000,0.3000,6.878
2026-04-26 20:28:50.379,3,3.3093828059346765E-4,0.015110299434785163,-0.00860248717257339,-0.0045486382581838725,-0.031743025520395644,0.0000,1.0000,0.1000,3.631
2026-04-26 20:28:50.413,4,0.002082202725206217,0.01994207483525935,-0.012398580382193165,-0.008184594988737963,-0.043104365816804144,0.0000,1.0000,0.0500,6.449
2026-04-26 20:28:50.444,5,0.0038129564747486078,0.024652961545356383,-0.016068952952346144,-0.011749484034113834,-0.05429912485649907,0.0000,1.0000,0.4000,5.559
2026-04-26 20:28:50.473,6,0.0057557621276273785,0.029418406074252116,-0.020030777086175074,-0.01564086124964017,-0.06548463798365159,0.0000,1.0000,-0.1000,7.218
2026-04-26 20:28:50.498,7,0.007669425695712968,0.03406544479964415,-0.02386278765464117,-0.019450405739148476,-0.07650236841389682,0.0000,1.0000,0.2500,7.729
2026-04-26 20:28:50.526,8,0.009554384310277273,0.038554463127649485,-0.027504845839821553,-0.023158649653061247,-0.08735483288768837,0.0000,1.0000,0.2500,6.975
2026-04-26 20:28:50.554,9,0.011411068545623114,0.042976146180734746,-0.03109227315222423,-0.02681126990826533,-0.09804451039437305,0.0000,1.0000,0.1000,9.299
2026-04-26 20:28:50.589,10,0.013239902517438767,0.04739051855193843,-0.03471441090081293,-0.030438608141598704,-0.10857384273845745,0.0000,1.0000,-0.0500,5.515
2026-04-26 20:28:50.613,11,0.015041303979677186,0.051745952404647105,-0.038293132183782365,-0.0340151748349686,-0.11894523509738059,0.0000,1.0000,0.1000,7.465
2026-04-26 20:28:50.635,12,0.01681568441998203,0.05604594279585115,-0.04183300471693625,-0.03754303705108095,-0.1291610565709199,0.0000,1.0000,0.1500,6.575
2026-04-26 20:28:50.657,13,0.0185634491536823,0.06022516101644983,-0.04523537068998688,-0.04098984517658296,-0.1392236407223561,0.0000,1.0000,0.2500,11.000
2026-04-26 20:28:50.679,14,0.020284997416377064,0.06432178360120308,-0.048556840129637076,-0.04437499749893421,-0.14913528611152077,0.0000,1.0000,0.1500,12.989
2026-04-26 20:28:50.699,15,0.02198072245513141,0.06840935448838051,-0.051907083989485736,-0.04773557135704794,-0.15889825681984796,0.0000,1.0000,0.0500,6.359
2026-04-26 20:28:50.726,16,0.02365101161830444,0.07247157756666904,-0.055261022823064804,-0.05106371948449934,-0.16851478296755024,0.0000,1.0000,0.0000,6.059
2026-04-26 20:28:50.747,17,0.02529624644402987,0.07646435111213376,-0.05855187829416596,-0.054337687296714225,-0.17798706122303698,0.0000,0.9000,0.2000,10.346
2026-04-26 20:28:50.767,18,0.02691680274736942,0.08040765084177644,-0.06180899761424049,-0.05756775448542585,-0.18731725530469143,0.0000,1.0000,-0.0500,5.108
2026-04-26 20:28:50.785,19,0.02851305070615888,0.08422254005090923,-0.06491336860766606,-0.060714740154024185,-0.19650749647512106,0.0000,1.0000,0.6000,10.499
2026-04-26 20:28:50.805,20,0.030085354945566495,0.08798039954849296,-0.06797146447607212,-0.0638146178508875,-0.20555988402799424,0.0000,1.0000,0.0500,6.441
2026-04-26 20:28:50.824,21,0.031634074621383,0.09171098939361674,-0.0710273362664578,-0.06688254650229977,-0.21447648576757433,0.0000,1.0000,-0.0500,6.731
2026-04-26 20:28:50.843,22,0.033159563502062256,0.09536908783726776,-0.07401257114929383,-0.06989618994704291,-0.22325933848106072,0.0000,1.0000,0.2500,8.331
2026-04-26 20:28:50.860,23,0.03466217004953132,0.09897957942640596,-0.07696392444210025,-0.07286826105118588,-0.2319104484038448,0.0000,1.0000,0.2000,6.592
2026-04-26 20:28:50.890,24,0.03614223749878835,0.10251400310422863,-0.07983814162929688,-0.07578479582002746,-0.24043179167778714,0.0000,1.0000,0.1500,6.774
2026-04-26 20:28:50.910,25,0.03760010393630653,0.1059762930576652,-0.08264056950485743,-0.07864802388272706,-0.24882531480262032,0.0000,1.0000,0.3000,10.249
2026-04-26 20:28:50.928,26,0.03903610237726193,0.10940483943146935,-0.08542824711678826,-0.08147739890932071,-0.257092935080581,0.0000,1.0000,-0.1500,10.085
2026-04-26 20:28:50.946,27,0.040450560841603006,0.11281404403402319,-0.08822223920107525,-0.08428037652269384,-0.2652365410543723,0.0000,0.8000,-0.2500,7.282
2026-04-26 20:28:50.963,28,0.04184380242897896,0.11617418470104292,-0.09097743260435423,-0.08704234653861846,-0.2732579929385567,0.0000,1.0000,0.0000,7.931
2026-04-26 20:28:50.980,29,0.04321614539254428,0.11947835702779142,-0.09368294876118513,-0.08976010388917126,-0.2811591230444783,0.0000,1.0000,0.2000,6.773
2026-04-26 20:28:50.998,30,0.044567903211656115,0.12271006839339213,-0.09631353461129373,-0.09242564569134248,-0.28894173619881114,0.0000,1.0000,-0.1000,3.946
2026-04-26 20:28:51.015,31,0.04589938466348127,0.1258989028226415,-0.0989130597748497,-0.09505400373354747,-0.296607610155829,0.0000,1.0000,-0.1000,3.751
2026-04-26 20:28:51.042,32,0.04721089389352905,0.12903312549304732,-0.10146342319734514,-0.09763954678391698,-0.30415849600349154,0.0000,1.0000,0.1500,6.779
2026-04-26 20:28:51.058,33,0.04850273048512612,0.1321171511713705,-0.10397075569046328,-0.10018471486251766,-0.31159611856343916,0.0000,1.0000,0.1000,6.723
2026-04-26 20:28:51.072,34,0.04977518952784923,0.13514051300855562,-0.10641887301223985,-0.10268450369195774,-0.3189221767849876,0.0000,1.0000,0.1000,9.545
2026-04-26 20:28:51.087,35,0.05102856168493149,0.13811340531342728,-0.10882258991705625,-0.10514423613657838,-0.32613834413321274,0.0000,1.0000,0.4000,9.117
2026-04-26 20:28:51.103,36,0.052263133259657514,0.14104170423372586,-0.11119025106830041,-0.1075670725945297,-0.33324626897121457,0.0000,1.0000,-0.1000,7.460
2026-04-26 20:28:51.122,37,0.05347918626076265,0.14392607867021998,-0.11352239730227591,-0.10995356650561176,-0.34024757493664637,0.0000,1.0000,0.1000,6.515
2026-04-26 20:28:51.142,38,0.054676998466851215,0.14676718749016668,-0.11581956134274177,-0.11230426300802758,-0.34714386131259667,0.0000,1.0000,0.0000,8.135
2026-04-26 20:28:51.163,39,0.05585684348984845,0.14956567967781417,-0.11808226792260064,-0.11461969906290717,-0.3539367033929077,0.0000,1.0000,0.1500,6.284
2026-04-26 20:28:51.180,40,0.05701899083750072,0.15232219448264697,-0.12031103390376163,-0.11690040357696356,-0.3606276528420141,0.0000,1.0000,0.1000,5.902
2026-04-26 20:28:51.196,41,0.05816370597493821,0.15503736156540726,-0.1225063683952052,-0.1191468975233091,-0.36721823804938386,0.0000,1.0000,0.3500,8.859
2026-04-26 20:28:51.214,42,0.05929125038531414,0.15771180114192615,-0.12466877286927713,-0.12135969406045947,-0.37370996447864313,0.0000,0.9500,0.1000,8.556
2026-04-26 20:28:51.229,43,0.06040188162953443,0.16034612412479726,-0.12679874127623797,-0.12353929864955258,-0.38010431501146347,0.0000,1.0000,-0.0500,6.932
2026-04-26 20:28:51.246,44,0.061495853405091415,0.1629409322629253,-0.1288967601570944,-0.1256862091698093,-0.3864027502862915,0.0000,1.0000,0.2000,8.572
2026-04-26 20:28:51.264,45,0.06257341560401504,0.1654968182789814,-0.13096330875473797,-0.12780091603226215,-0.3926067090319971,0.0000,1.0000,-0.1000,9.474
2026-04-26 20:28:51.279,46,0.06363481436995481,0.1680143660047967,-0.13299885912341688,-0.1298839022917782,-0.39871760839651715,0.0000,1.0000,0.0000,6.788
2026-04-26 20:28:51.293,47,0.06468029215440549,0.17049415051472475,-0.13500387623656562,-0.13193564375740152,-0.4047368442705694,0.0000,1.0000,0.1000,8.392
2026-04-26 20:28:51.306,48,0.0657100877720894,0.17293673825700387,-0.13697881809301715,-0.13395660910104049,-0.41066579160651084,0.0000,1.0000,0.2500,8.186
2026-04-26 20:28:51.321,49,0.06672443645550806,0.1753426871831488,-0.13892413582162189,-0.1359472599645249,-0.41650580473241317,0.0000,1.0000,0.2000,6.650
2026-04-26 20:28:51.336,50,0.06772356990867544,0.17771254687540156,-0.14084027378429756,-0.13790805106505702,-0.42225821766142696,0.0000,1.0000,0.1000,7.903
2026-04-26 20:28:51.349,51,0.0687077163600453,0.18004685867227052,-0.1427276696775331,-0.13983943029908116,-0.42792434439650556,0.0000,1.0000,-0.1500,5.791
2026-04-26 20:28:51.369,52,0.06967710061464462,0.18234615579218647,-0.14458675463237008,-0.14174183884459496,-0.433505479230558,0.0000,0.9500,0.0000,7.322
2026-04-26 20:28:51.385,53,0.07063194410542495,0.18461096345530367,-0.14641795331288454,-0.14361571126192604,-0.4390028970420996,0.0000,1.0000,-0.1000,9.457
2026-04-26 20:28:51.401,54,0.07157246494384358,0.1868417990034741,-0.14822168401319127,-0.14546147559299716,-0.4444178535864681,0.0000,1.0000,0.1500,5.763
2026-04-26 20:28:51.415,55,0.07249887796968592,0.189039172018422,-0.14999835875299342,-0.1472795534591022,-0.4497515857826711,0.0000,0.9000,-0.1000,8.527
2026-04-26 20:28:51.426,56,0.07341139480014063,0.19120358443814567,-0.15174838337169852,-0.14907036015721567,-0.455005311995931,0.0000,1.0000,0.1500,6.998
2026-04-26 20:28:51.440,57,0.07431022387813851,0.1933355306715735,-0.15347215762112304,-0.15083430475485743,-0.4601802323159921,0.0000,1.0000,0.3500,9.666
2026-04-26 20:28:51.452,58,0.07519557051996643,0.1954354977114999,-0.1551700752568062,-0.15257179018353456,-0.46527752883125223,0.0000,1.0000,0.2500,5.723
2026-04-26 20:28:51.463,59,0.07606763696216694,0.1975039652458274,-0.1568425241279541,-0.15428321333078154,-0.47029836589878343,0.0000,1.0000,0.1500,4.236
2026-04-26 20:28:51.477,60,0.07692662240773443,0.19954140576713997,-0.1584898862660348,-0.15596896513081981,-0.4752438904103017,0.0000,1.0000,-0.1000,4.381
2026-04-26 20:28:51.488,61,0.07777272307161841,0.20154828468063288,-0.16011253797204428,-0.1576294306538575,-0.48011523205414713,0.0000,1.0000,0.1000,8.040
2026-04-26 20:28:51.503,62,0.07860613222554413,0.2035250604104234,-0.16171084990246362,-0.15926498919404966,-0.4849135035733349,0.0000,1.0000,0.1000,6.861
2026-04-26 20:28:51.517,63,0.07942704024216098,0.20547218450426705,-0.16328518715392668,-0.1608760143561389,-0.48963980101973487,0.0000,1.0000,0.1500,3.046
2026-04-26 20:28:51.535,64,0.08023563463852856,0.20739010173670305,-0.16483590934661776,-0.16246287414079683,-0.4942952040044388,0.0000,1.0000,0.2500,9.230
2026-04-26 20:28:51.550,65,0.08103210011895064,0.2092792502106525,-0.1663633707064185,-0.16402593102868487,-0.49888077594437225,0.0000,1.0000,0.3000,8.027
2026-04-26 20:28:51.562,66,0.08181661861716638,0.2111400614574927,-0.16786792014582222,-0.1655655420632546,-0.5033975643052067,0.0000,1.0000,0.1500,6.278
2026-04-26 20:28:51.579,67,0.08258936933790889,0.2129729605356303,-0.1693499013436349,-0.1670820589323058,-0.5078466008406286,0.0000,1.0000,0.2000,10.603
2026-04-26 20:28:51.593,68,0.08335052879784026,0.21477836612759585,-0.17080965282348037,-0.16857582804832122,-0.5122289018280192,0.0000,1.0000,0.2500,3.274
2026-04-26 20:28:51.606,69,0.08410027086587266,0.21655669063568192,-0.17224750803112818,-0.1700471906275964,-0.5165454683005989,0.0000,1.0000,0.1000,9.215
2026-04-26 20:28:51.624,70,0.08483876680288456,0.21830834027614668,-0.17366379541066126,-0.17149648276818247,-0.5207972862760899,0.0000,0.8500,0.0500,3.623
2026-04-26 20:28:51.636,71,0.08556618530084129,0.22003371517200448,-0.17505883847950135,-0.17292403552665972,-0.5249853269819486,0.0000,1.0000,0.1500,7.616
2026-04-26 20:28:51.651,72,0.08628269252132867,0.22173320944442443,-0.17643295590230884,-0.17433017499375983,-0.5291105470772193,0.0000,1.0000,-0.0500,6.140
2026-04-26 20:28:51.667,73,0.08698845213350874,0.22340721130275806,-0.1777864615637742,-0.17571522236885342,-0.533173888871061,0.0000,1.0000,-0.0500,9.278
2026-04-26 20:28:51.685,74,0.0876836253515061,0.2250561031332167,-0.1791196646403176,-0.17707949403332063,-0.537176280537995,0.0000,1.0000,0.2000,7.839
2026-04-26 20:28:51.707,75,0.08836837097123351,0.22668026158621846,-0.18043286967071281,-0.17842330162282083,-0.5411186363299251,0.0000,1.0000,0.1500,7.412
2026-04-26 20:28:51.720,76,0.089042845406665,0.22828005766242518,-0.1817263766256521,-0.17974695209847852,-0.5450018567849761,0.0000,1.0000,0.1000,8.556
2026-04-26 20:28:51.738,77,0.08970720272556502,0.2298558567974888,-0.18300048097626734,-0.18105074781700134,-0.5488268289332014,0.0000,1.0000,0.1500,6.098
2026-04-26 20:28:51.756,78,0.09036159468468155,0.23140801894552646,-0.18425547376162332,-0.1823349865997463,-0.5525944264992034,0.0000,1.0000,0.3500,6.949
2026-04-26 20:28:51.768,79,0.09099660392010858,0.23293689866134357,-0.18548526375899715,-0.18358720600834647,-0.5562991322055135,0.0000,1.0000,0.0000,3.362
2026-04-26 20:28:51.783,80,0.09161594312369042,0.23444284518142341,-0.18669251031086784,-0.18481244893473256,-0.5599441707306865,0.0000,1.0000,0.0000,7.078
2026-04-26 20:28:51.797,81,0.09222304412968049,0.23592620250370205,-0.18787968275810177,-0.18601538240450546,-0.5635325682716231,0.0000,1.0000,0.1000,6.910
2026-04-26 20:28:51.817,82,0.09282235908361643,0.23738730946614653,-0.18904992792731767,-0.18720203248961273,-0.5670680201581362,0.0000,0.9500,-0.0500,3.175
2026-04-26 20:28:51.836,83,0.09339645609651288,0.23882649982415433,-0.19019180060784172,-0.18834924520113613,-0.570539621455198,0.0000,1.0000,0.2000,7.277
2026-04-26 20:28:51.853,84,0.09395578817400967,0.240244102326792,-0.1913124428780204,-0.18947104508171173,-0.5739550464126664,0.0000,1.0000,0.2000,6.178
2026-04-26 20:28:51.876,85,0.09451294971859933,0.24164044079189012,-0.1924204218129833,-0.19058431056175246,-0.5773233862946096,0.0000,0.9500,-0.0500,7.855
2026-04-26 20:28:51.924,86,0.09505782528147194,0.24301583418001177,-0.19350916202488963,-0.1916756389815283,-0.5806385820392915,0.0000,1.0000,0.1500,7.394
2026-04-26 20:28:51.940,87,0.09558219852820937,0.2443705966673116,-0.1945733516784893,-0.1927341585647514,-0.5838958303926751,0.0000,1.0000,0.2500,8.763
2026-04-26 20:28:51.953,88,0.09609490557553561,0.24570503771730193,-0.19561904475347822,-0.19377173288661265,-0.5871016862869513,0.0000,1.0000,0.1500,6.985
2026-04-26 20:28:51.965,89,0.09660140978308746,0.24701946215154238,-0.19665004427629929,-0.19479572728155997,-0.5902604461867702,0.0000,0.7000,-0.1500,9.340
2026-04-26 20:28:51.979,90,0.09709257185282644,0.24831417021926924,-0.19766041575647833,-0.19579403566098363,-0.5933666616382922,0.0000,1.0000,0.1500,6.861
2026-04-26 20:28:51.997,91,0.09757941495775922,0.2495894576659802,-0.19865766397528128,-0.1967814340363691,-0.5964283161688679,0.0000,1.0000,0.0000,6.227
2026-04-26 20:28:52.011,92,0.0980469021473393,0.2508456158009905,-0.19963191795828303,-0.19773795041108552,-0.5994360103689659,0.0000,1.0000,0.0500,4.180
2026-04-26 20:28:52.024,93,0.09849403741736354,0.25208293156397565,-0.200582665057065,-0.1986623328912317,-0.6023896960815877,0.0000,1.0000,0.1000,4.649
2026-04-26 20:28:52.042,94,0.09892382762530622,0.253301687590516,-0.20151205892734445,-0.19955866559013405,-0.6052919844864992,0.0000,1.0000,0.0500,5.239
2026-04-26 20:28:52.062,95,0.09934446796754143,0.2545021622766583,-0.20242570988117747,-0.20043794928176845,-0.6081489365569449,0.0000,0.9000,0.0500,8.990
2026-04-26 20:28:52.082,96,0.09975132376002141,0.2556846298425084,-0.20332067277428856,-0.2012940771251994,-0.6109580510499195,0.0000,0.9500,0.0500,7.334
2026-04-26 20:28:52.102,97,0.10014968729268088,0.2568493603948708,-0.20420061827538075,-0.20213417715373447,-0.6137234358768773,0.0000,1.0000,0.0000,5.649
2026-04-26 20:28:52.119,98,0.1005426979048063,0.25799661998894774,-0.20506777961559378,-0.20296250572511595,-0.6164477549530679,0.0000,1.0000,-0.1000,6.701
2026-04-26 20:28:52.137,99,0.10093193040933705,0.25912667068911355,-0.20592334490342842,-0.20378123210337634,-0.6191326206108405,0.0000,1.0000,0.0500,10.015
2026-04-26 20:28:52.156,100,0.10130621413695731,0.26023977062877685,-0.20676000318571722,-0.2045755305335061,-0.6217711397575181,0.0000,1.0000,0.1500,9.029
2026-04-26 20:28:52.174,101,0.10167130773696924,0.2613361740693452,-0.207581727679309,-0.20535314665825855,-0.6243676972025328,0.0000,1.0000,0.0000,8.269
2026-04-26 20:28:52.194,102,0.10202617880807437,0.262416131458305,-0.2083879622222258,-0.20611277037459755,-0.6269221422026012,0.0000,1.0000,0.0500,9.717
2026-04-26 20:28:52.216,103,0.10237303473338985,0.2634798894864304,-0.20918030852718347,-0.20685741029556073,-0.6294364758078532,0.0000,1.0000,-0.1000,11.288
2026-04-26 20:28:52.235,104,0.10269654571703027,0.26452769114413394,-0.2099486749023699,-0.20756669114731569,-0.6319009996738296,0.0000,0.9500,0.1500,7.217
2026-04-26 20:28:52.254,105,0.1030111564745831,0.26555977577697193,-0.21070281740770655,-0.20825993603785034,-0.6343258573075944,0.0000,1.0000,0.0500,7.104
2026-04-26 20:28:52.266,106,0.10330724552392499,0.26657637914031734,-0.2114364460775647,-0.2089243788592301,-0.6367051403789542,0.0000,0.7500,0.0500,3.348
2026-04-26 20:28:52.284,107,0.10359986819671829,0.26757773345321256,-0.21215972029016936,-0.2095801549838779,-0.639049384177038,0.0000,1.0000,0.1000,8.891
2026-04-26 20:28:52.298,108,0.10388753753745184,0.26856406745141437,-0.21287176939493968,-0.21022534247736546,-0.6413580883235054,0.0000,1.0000,0.0500,8.069
2026-04-26 20:28:52.310,109,0.10415955334004265,0.26953560643964314,-0.21356557876445065,-0.2108457341610751,-0.6436246029090879,0.0000,1.0000,0.3000,7.300
2026-04-26 20:28:52.325,110,0.10441170956161158,0.27049257234304847,-0.2142384614307636,-0.2114357808442184,-0.6458466002132313,0.0000,1.0000,0.2500,6.531
2026-04-26 20:28:52.338,111,0.1046434181880045,0.27143518375790276,-0.21489014068918022,-0.21199475649131125,-0.6480241573899108,0.0000,1.0000,0.4000,6.980
2026-04-26 20:28:52.355,112,0.10487738685041051,0.2723636560015342,-0.2155358685356599,-0.21255299505757635,-0.6501728749858795,0.0000,1.0000,-0.0500,10.062
2026-04-26 20:28:52.367,113,0.10510605095848012,0.2732782011615112,-0.21617071378150884,-0.2131004666794804,-0.6522881651349751,0.0000,1.0000,0.0000,8.369
2026-04-26 20:28:52.378,114,0.10532677311909075,0.2741790281440885,-0.21679302835811143,-0.21363371024593864,-0.6543687179412757,0.0000,0.9500,0.1000,9.935
2026-04-26 20:28:52.390,115,0.10552961414720913,0.2750663427219272,-0.21739629468267624,-0.21413952809212253,-0.6564083489220931,0.0000,1.0000,0.0500,7.147
2026-04-26 20:28:52.405,116,0.10573377556449941,0.2759403475810983,-0.2179934206821017,-0.21464357601007192,-0.6584202941079274,0.0000,0.8500,0.0000,7.118
2026-04-26 20:28:52.424,117,0.10593084786269093,0.27680124236738185,-0.21857890532630952,-0.21513469427879953,-0.6603993756507478,0.0000,1.0000,0.1000,5.483
2026-04-26 20:28:52.436,118,0.10612148372740819,0.2776492237318711,-0.21915328746818663,-0.21561380530816104,-0.6623464507377583,0.0000,1.0000,0.1000,7.017
2026-04-26 20:28:52.445,119,0.10630826045943416,0.27848448537589304,-0.21971838748145522,-0.2160843968791214,-0.6642636533019833,0.0000,1.0000,0.2000,7.207
2026-04-26 20:28:52.457,120,0.10649791127183224,0.27930721809525466,-0.22027879481542645,-0.21655549721832068,-0.6661558816486467,0.0000,0.9500,-0.0500,10.225
2026-04-26 20:28:52.466,121,0.10667708571433447,0.28011760982382583,-0.22082570830091486,-0.2170093555754855,-0.6680146388316368,0.0000,0.9500,-0.0500,6.158
2026-04-26 20:28:52.477,122,0.10684769801579727,0.28091584567646843,-0.22136050173451968,-0.2174485733580903,-0.6698415983072808,0.0000,0.9500,0.0000,7.084
2026-04-26 20:28:52.487,123,0.10701901262903932,0.2817021079913214,-0.22188944759748788,-0.21788555153569097,-0.6716433277216577,0.0000,0.8500,-0.1500,8.591
2026-04-26 20:28:52.496,124,0.10717443116544066,0.28247657637145157,-0.22240157503408353,-0.21829820656377152,-0.6734091469563908,0.0000,1.0000,0.3000,6.595
2026-04-26 20:28:52.509,125,0.10731547675571744,0.2832394277258798,-0.2228979927804112,-0.2186886162089928,-0.6751404511238839,0.0000,1.0000,0.2500,6.423
2026-04-26 20:28:52.520,126,0.10745415020800714,0.2839908363099916,-0.22338679329112202,-0.21907282777069187,-0.6768456147594426,0.0000,1.0000,0.1000,8.881
2026-04-26 20:28:52.532,127,0.10760324878359297,0.28473097376534173,-0.22387659861089249,-0.21946794979240608,-0.6785335377571883,0.0000,0.9000,-0.3000,8.122
2026-04-26 20:28:52.542,128,0.10774731752120328,0.2854600091588616,-0.22435719461130524,-0.21985342050467227,-0.6801942796704066,0.0000,0.9500,-0.2000,7.475
2026-04-26 20:28:52.551,129,0.10788859148510663,0.28617810902147867,-0.22483015917661658,-0.22023226416606403,-0.6818296879598315,0.0000,1.0000,0.2000,9.885
2026-04-26 20:28:52.563,130,0.10802719103563213,0.28688543738615646,-0.2252956590708354,-0.2206046847673092,-0.683440194922302,0.0000,0.7500,0.0000,8.340
2026-04-26 20:28:52.571,131,0.1081549215194643,0.2875821558253641,-0.22574831641768398,-0.2209597989616218,-0.6850206842313786,0.0000,1.0000,0.1500,7.600
2026-04-26 20:28:52.582,132,0.10827668200835928,0.28826842348798365,-0.22619148121254334,-0.22130418105944671,-0.6865747635090326,0.0000,0.9500,0.0500,10.021
2026-04-26 20:28:52.594,133,0.10840105267013002,0.2889443971356639,-0.22663095625561927,-0.2216493128660832,-0.6881084893176612,0.0000,0.8000,-0.2000,9.747
2026-04-26 20:28:52.603,134,0.10852043074174277,0.28961023117862894,-0.22706175448622812,-0.2219850983219782,-0.6896171245523395,0.0000,1.0000,-0.1000,6.175
2026-04-26 20:28:52.621,135,0.10862829678324007,0.29026607771094953,-0.22747960983735033,-0.22230288518397978,-0.6910966493524701,0.0000,1.0000,0.3000,5.048
2026-04-26 20:28:52.637,136,0.10872824271064489,0.2909131415410618,-0.22788857843622382,-0.22260802990964623,-0.6925497798649519,0.0000,0.6500,-0.1500,6.029
2026-04-26 20:28:52.689,137,0.10881578314345462,0.2915494444179459,-0.22828255914199339,-0.2228935282256274,-0.6939738425492906,0.0000,1.0000,0.5500,10.698
2026-04-26 20:28:52.698,138,0.10889251500697222,0.2921762027516767,-0.22866429982864309,-0.22316208344980223,-0.6953702139848309,0.0000,1.0000,0.3000,7.049
2026-04-26 20:28:52.707,139,0.10896097200094362,0.29279355971040155,-0.22903556514393075,-0.22341711182348983,-0.6967408905877758,0.0000,1.0000,0.1000,7.415
2026-04-26 20:28:52.716,140,0.10902878873935064,0.2934016563147455,-0.2294015192123859,-0.22366883023736572,-0.6980912647745733,0.0000,1.0000,-0.0500,11.041
2026-04-26 20:28:52.725,141,0.10909257715812808,0.2940006314700243,-0.2297599765907786,-0.22391275811696218,-0.6994193759695332,0.0000,1.0000,0.3000,8.414
2026-04-26 20:28:52.733,142,0.10915221390825187,0.2945906219979739,-0.23011092721358073,-0.2241487672885354,-0.700725435601654,0.0000,1.0000,0.2000,7.894
2026-04-26 20:28:52.744,143,0.10920534296741656,0.2951717626680043,-0.23045287148390267,-0.22437375213625865,-0.7020081622461548,0.0000,0.9500,0.0000,7.427
2026-04-26 20:28:52.753,144,0.10925712883118599,0.29574418622798426,-0.23078932241716457,-0.2245946338652557,-0.703271283817983,0.0000,1.0000,0.1500,10.973
2026-04-26 20:28:52.761,145,0.10930584717460336,0.29630802343456447,-0.23111919943149722,-0.22480914805845706,-0.7045139314113034,0.0000,1.0000,0.2500,9.072
2026-04-26 20:28:52.772,146,0.10936051233091684,0.296863403083046,-0.2314485800159798,-0.22502934798949026,-0.7057423910160888,0.0000,0.8500,0.2000,10.721
2026-04-26 20:28:52.780,147,0.10941483404505953,0.2974104520368003,-0.23177333758181104,-0.22524688030178983,-0.7069527414169184,0.0000,0.7500,-0.1000,6.811
2026-04-26 20:28:52.791,148,0.10946573302507821,0.29794929525624825,-0.23209148517854694,-0.2254576724181891,-0.7081431979561277,0.0000,1.0000,-0.0500,8.598
2026-04-26 20:28:52.801,149,0.10950900107033018,0.2984800558274045,-0.2324002822612875,-0.22565614605275378,-0.7093112193472045,0.0000,0.9000,0.0500,8.565
2026-04-26 20:28:52.812,150,0.10953891334036651,0.2990028549899934,-0.2326959762180957,-0.22583470024341754,-0.710453249247724,0.0000,1.0000,0.0500,6.934
2026-04-26 20:28:52.822,151,0.10956098282040962,0.2995178121651435,-0.23298230536159,-0.22600071731329774,-0.7115732192957739,0.0000,0.9000,0.1000,7.005
2026-04-26 20:28:52.831,152,0.10957543143913524,0.30002504498266636,-0.23325947968852068,-0.2261545243683073,-0.7126715299136918,0.0000,0.8500,0.1000,5.226
2026-04-26 20:28:52.844,153,0.10958345472345128,0.3005246693079264,-0.2335283573304616,-0.22629774617732012,-0.713749226802255,0.0000,0.7000,-0.0500,7.779
2026-04-26 20:28:52.854,154,0.1095900020873056,0.3010167992683075,-0.23379229809364205,-0.2264370122309351,-0.7148098545233587,0.0000,1.0000,0.0000,7.724
2026-04-26 20:28:52.866,155,0.1095900020873056,0.30150154727928286,-0.23404696825616245,-0.2265635663153211,-0.7158492613394333,0.0000,0.8500,0.1500,8.226
2026-04-26 20:28:52.879,156,0.1095900020873056,0.30197948458278323,-0.23429721731748804,-0.2266858687092033,-0.7168717852354753,0.0000,0.5500,-0.1000,5.393
2026-04-26 20:28:52.889,157,0.10958309661901124,0.30244979231404145,-0.23454072209973587,-0.22680150676258554,-0.7178766714989534,0.0000,1.0000,0.3000,12.208
2026-04-26 20:28:52.902,158,0.10956856656841896,0.30291304542933084,-0.23477542220070174,-0.2269051060260706,-0.718861332358931,0.0000,0.7500,0.0500,7.149
2026-04-26 20:28:52.914,159,0.10955671545182176,0.30336934974789087,-0.23500824245564395,-0.227010432611585,-0.7198328639614998,0.0000,0.9500,-0.1500,8.516
2026-04-26 20:28:52.926,160,0.10953733317323547,0.3038188095016725,-0.23523243112093664,-0.22710390072666592,-0.7207846833042046,0.0000,0.8000,0.2500,8.195
2026-04-26 20:28:52.939,161,0.10951236336781056,0.3042615273591474,-0.23544933811557167,-0.2271881291386641,-0.7217183065160907,0.0000,0.6500,-0.1500,7.282
2026-04-26 20:28:52.949,162,0.10947726062926047,0.3046976044487602,-0.2356559865184828,-0.22725708415087356,-0.722630920392994,0.0000,0.8000,0.2500,6.137
2026-04-26 20:28:52.960,163,0.10943546823183684,0.3051271403820288,-0.2358547243953824,-0.22731538323796416,-0.723525034261776,0.0000,0.9500,0.0500,7.909
2026-04-26 20:28:52.970,164,0.10939115198891494,0.3055502332762984,-0.2360483807164888,-0.2273686068634689,-0.7244036359348864,0.0000,0.9500,0.2000,5.660
2026-04-26 20:28:52.980,165,0.10934097974140387,0.3059669797771539,-0.2362347850272899,-0.22741233780361375,-0.7252647114174116,0.0000,0.7500,0.1000,6.851
2026-04-26 20:28:52.991,166,0.10928900887442301,0.3063774750804966,-0.23641669247130734,-0.22745201117541314,-0.7261111699655772,0.0000,1.0000,0.3500,9.277
2026-04-26 20:28:52.999,167,0.10923469903813007,0.3067818129542892,-0.23659379228212,-0.22748693140354648,-0.7269428526139758,0.0000,0.7500,0.0000,8.745
2026-04-26 20:28:53.010,168,0.10918044413940711,0.30718008575997485,-0.2367677291224542,-0.22752031488162527,-0.7277615535493323,0.0000,0.5500,-0.2500,7.763
2026-04-26 20:28:53.020,169,0.1091197702532945,0.3075745646127972,-0.23693750524510263,-0.22754464392931653,-0.7285631520967446,0.0000,0.8000,0.1000,7.156
2026-04-26 20:28:53.030,170,0.10905294517315445,0.3079611554756947,-0.23709707098033317,-0.22755820756796732,-0.7293480191310664,0.0000,0.9000,0.3000,7.261
2026-04-26 20:28:53.042,171,0.1089808183684139,0.30834395157994626,-0.23725304665211316,-0.22756416433645035,-0.7301169104260049,0.0000,0.8500,0.0500,5.256
2026-04-26 20:28:53.051,172,0.10890504206394411,0.30871905558362883,-0.2374006031824417,-0.22756416433645035,-0.7308711140836525,0.0000,1.0000,0.2500,8.040
2026-04-26 20:28:53.063,173,0.10882689463695831,0.30908855348795533,-0.23754363854447538,-0.2275580813457419,-0.7316116661750466,0.0000,1.0000,0.0500,7.500
2026-04-26 20:28:53.075,174,0.1087500132660236,0.309452225185636,-0.2376841653320547,-0.22755207285704865,-0.7323411725481673,0.0000,0.8500,0.1000,7.426
2026-04-26 20:28:53.087,175,0.10867029973598803,0.30981054155060805,-0.23782007691217863,-0.22754089052751095,-0.7330570794059147,0.0000,0.8500,0.1000,9.340
2026-04-26 20:28:53.097,176,0.10858582367483276,0.3101646665487109,-0.23795175273046193,-0.22752252331012532,-0.733758275504749,0.0000,0.8500,0.0500,10.314
2026-04-26 20:28:53.106,177,0.10849668714174049,0.3105135859811853,-0.23807766113358272,-0.22749658127186626,-0.7344450019201979,0.0000,0.9000,0.1500,5.380
2026-04-26 20:28:53.118,178,0.10840963669664834,0.310858422118624,-0.2382039060153364,-0.2274726023324118,-0.7351219267994176,0.0000,0.7000,-0.1500,9.115
2026-04-26 20:28:53.128,179,0.10831860318951823,0.31120029000155225,-0.23832803777604747,-0.22744303346253888,-0.7357851719263061,0.0000,0.9500,-0.1000,5.342
2026-04-26 20:28:53.141,180,0.10822793837312515,0.31153228565152896,-0.23844252669703989,-0.22741020693586705,-0.7364378038350446,0.0000,1.0000,0.4000,10.711
2026-04-26 20:28:53.187,181,0.10813513081466226,0.31185961679563146,-0.2385534362846534,-0.22737336023577873,-0.737078311122275,0.0000,1.0000,0.1000,9.324
2026-04-26 20:28:53.197,182,0.10804228478658129,0.31218528099925213,-0.23866659304647558,-0.22733678030553822,-0.7377082570782001,0.0000,0.5000,-0.3000,8.260
2026-04-26 20:28:53.207,183,0.10794927154584981,0.31250636790411884,-0.23877747401793983,-0.2272988230356392,-0.7383277139094052,0.0000,1.0000,0.0500,8.619
2026-04-26 20:28:53.215,184,0.1078520710475662,0.31282397448821503,-0.23888497411159373,-0.22725465984130575,-0.7389341572507002,0.0000,0.7500,-0.0500,6.103
2026-04-26 20:28:53.224,185,0.10775485089620092,0.3131396831003489,-0.2389941757870043,-0.22721062194421235,-0.7395305188348386,0.0000,0.9000,-0.0500,8.453
2026-04-26 20:28:53.232,186,0.1076530328986382,0.31345505151619163,-0.239104295154308,-0.22716136746739685,-0.7401138975629028,0.0000,0.8000,0.0000,8.027
2026-04-26 20:28:53.240,187,0.10755623135012714,0.3137664888866326,-0.2392162880717482,-0.22711790378693583,-0.7406908517294383,0.0000,1.0000,-0.1000,6.478
2026-04-26 20:28:53.249,188,0.10745981609769771,0.31407503232700446,-0.23932855705639397,-0.22707455990739744,-0.7412584410987116,0.0000,1.0000,0.0000,9.767
2026-04-26 20:28:53.258,189,0.10736232307675163,0.3143780105095818,-0.2394360536821179,-0.2270280323032202,-0.7418158339625772,0.0000,1.0000,0.2000,7.332
2026-04-26 20:28:53.268,190,0.10726375765750248,0.31467914366809285,-0.23954429746905304,-0.22698017271261878,-0.7423631760710733,0.0000,0.6000,-0.1000,8.938
2026-04-26 20:28:53.277,191,0.10716539654802854,0.31497842352869976,-0.23965406370071873,-0.22693266397026177,-0.7429014586002662,0.0000,0.7500,-0.1000,11.283
2026-04-26 20:28:53.286,192,0.1070627821932497,0.3152768015922716,-0.2397637454322559,-0.22688002334354782,-0.7434278477835566,0.0000,0.5500,-0.1500,8.517
2026-04-26 20:28:53.294,193,0.10695601384675177,0.3155683000194244,-0.23986438051826123,-0.22681937940078076,-0.7439425456577372,0.0000,1.0000,0.2500,8.269
2026-04-26 20:28:53.302,194,0.10684912374076595,0.3158588012701011,-0.2399674201714164,-0.22675903505420703,-0.7444483742073481,0.0000,0.6000,-0.2000,9.042
2026-04-26 20:28:53.310,195,0.10673873039939331,0.3161482940228375,-0.24007053336968628,-0.22669446160060636,-0.7449432109373971,0.0000,0.6500,-0.1000,8.607
2026-04-26 20:28:53.318,196,0.10662672355106924,0.31643405241497596,-0.24017083231130704,-0.22662680155472686,-0.7454284455117807,0.0000,0.7000,0.1500,7.410
2026-04-26 20:28:53.325,197,0.10651439325436993,0.31671540487615535,-0.24026811173545465,-0.22655742523053027,-0.7459050658668152,0.0000,0.8000,0.1500,8.116
2026-04-26 20:28:53.334,198,0.10640173884428732,0.31699438859383045,-0.24036536990480425,-0.22648733656579162,-0.7463731975379683,0.0000,0.8000,-0.1500,9.118
2026-04-26 20:28:53.342,199,0.10629394940009168,0.3172687117759705,-0.2404625722984492,-0.22642229487412005,-0.7468364240005445,0.0000,0.9500,-0.2000,11.648
2026-04-26 20:28:53.354,200,0.10618458102349715,0.3175405833759774,-0.24055868103854672,-0.2263547994085406,-0.7472905715501409,0.0000,1.0000,0.1000,7.502
2026-04-26 20:28:53.364,201,0.10607530943335958,0.3178100070502665,-0.24065476421050494,-0.2262870731301634,-0.747736877727032,0.0000,1.0000,0.0500,6.715
2026-04-26 20:28:53.372,202,0.1059653948234242,0.3180763144300646,-0.24074927233005217,-0.22621778248474034,-0.7481749679155032,0.0000,0.9000,0.0000,9.720
2026-04-26 20:28:53.381,203,0.10585323063785111,0.3183411047927992,-0.24084348035506523,-0.22614557226943305,-0.7486038878879562,0.0000,0.8000,-0.0500,6.791
2026-04-26 20:28:53.389,204,0.10574389302371028,0.3185995581251672,-0.2409334902364139,-0.2260747880980908,-0.7490271367999215,0.0000,1.0000,0.2000,11.714
2026-04-26 20:28:53.398,205,0.10563267310783428,0.31885950713416533,-0.24102786044050087,-0.2260030554396968,-0.7494416887342424,0.0000,0.4500,-0.2000,6.329
2026-04-26 20:28:53.408,206,0.10551635920695593,0.31911491080786125,-0.2411153377521154,-0.22592305934277443,-0.7498455142003883,0.0000,1.0000,0.2000,6.919
2026-04-26 20:28:53.416,207,0.10539404912426295,0.319367345169225,-0.24119763492466373,-0.22583437287158878,-0.75023812169099,0.0000,0.7000,0.1000,8.268
2026-04-26 20:28:53.425,208,0.10526714547530056,0.31961383872434945,-0.2412711807250557,-0.22573736859538177,-0.7506205545908928,0.0000,0.8000,0.3000,8.060
2026-04-26 20:28:53.434,209,0.10514185701423188,0.3198561689494366,-0.2413427322038157,-0.2256412019308417,-0.7509970587527367,0.0000,0.9000,-0.1000,6.526
2026-04-26 20:28:53.441,210,0.10501896735774717,0.3200971036634115,-0.24141691589223563,-0.2255482901242923,-0.7513682616705981,0.0000,0.9000,-0.0500,10.405
2026-04-26 20:28:53.453,211,0.10489794676467301,0.32033530794369186,-0.24149132935156076,-0.22545724807976641,-0.7517339136904005,0.0000,0.6500,-0.1500,9.110
2026-04-26 20:28:53.461,212,0.10477539081916354,0.32057228768778345,-0.24156591562679824,-0.22536427838147424,-0.752091847155685,0.0000,0.5500,-0.1000,7.981
2026-04-26 20:28:53.470,213,0.10465282227245924,0.32080202706370425,-0.24163262063964136,-0.22526839247214844,-0.7524431776587385,0.0000,1.0000,0.3500,8.734
2026-04-26 20:28:53.478,214,0.10453312574235589,0.32102985155818864,-0.24170131088336233,-0.22517608844059755,-0.752789927196513,0.0000,0.8000,-0.1500,5.410
2026-04-26 20:28:53.486,215,0.10441025958651859,0.32125287597049995,-0.24176358665217013,-0.22507785751389472,-0.7531281654420974,0.0000,1.0000,0.2500,8.907
2026-04-26 20:28:53.494,216,0.10428876382202369,0.3214721234655687,-0.24182396589052885,-0.22498025414090325,-0.7534610150466678,0.0000,1.0000,-0.1000,10.696
2026-04-26 20:28:53.503,217,0.10416169806944735,0.3216880583433801,-0.2418784753000327,-0.22487424630002587,-0.7537839436241371,0.0000,0.8000,0.3000,8.741
2026-04-26 20:28:53.512,218,0.10403606658396233,0.3219009865875943,-0.24193220117328398,-0.22476931581261683,-0.7541017137934796,0.0000,1.0000,-0.1000,6.773
2026-04-26 20:28:53.522,219,0.10390963268965257,0.3221092422806609,-0.2419811119631386,-0.22466163746063406,-0.7544129261562105,0.0000,1.0000,0.3500,9.288
2026-04-26 20:28:53.532,220,0.10378157852485931,0.3223166681797818,-0.24203038563405535,-0.22455203226612527,-0.754717125814235,0.0000,0.6000,-0.1000,4.911
2026-04-26 20:28:53.542,221,0.10365166835065552,0.3225216934631516,-0.24207746847775713,-0.22443939077339214,-0.7550142445961342,0.0000,0.7500,0.1500,8.450
2026-04-26 20:28:53.550,222,0.103520498994976,0.3227238557526982,-0.24212202510088504,-0.22432426798364527,-0.7553047680402457,0.0000,0.8000,-0.0500,7.171
2026-04-26 20:28:53.561,223,0.10338378874227738,0.32292382863498087,-0.24216217229038214,-0.2242012822994785,-0.7555859280077927,0.0000,1.0000,0.1500,5.547
2026-04-26 20:28:53.606,224,0.10324749422355495,0.3231222758288067,-0.24220283818266006,-0.22407869845987724,-0.7558617806292836,0.0000,1.0000,0.0500,9.093
2026-04-26 20:28:53.614,225,0.1031109723468234,0.3233213265815467,-0.24224674996959283,-0.22395671447689416,-0.7561319809442588,0.0000,0.8500,-0.2500,7.265
2026-04-26 20:28:53.623,226,0.10297293389327723,0.3235134038472041,-0.2422816452210573,-0.22382981385080597,-0.7563957519845323,0.0000,1.0000,0.4000,7.605
2026-04-26 20:28:53.632,227,0.10283714617917834,0.32370553842635025,-0.24232054486088955,-0.22370652618720466,-0.7566556865676312,0.0000,0.6500,-0.3000,8.772
2026-04-26 20:28:53.640,228,0.10269881397135011,0.323897082892348,-0.24235924465813866,-0.223580125378739,-0.7569086679256897,0.0000,0.7000,-0.2000,7.025
2026-04-26 20:28:53.648,229,0.10255754303077518,0.3240860726216572,-0.2423944991266384,-0.22344909484306555,-0.7571545120861345,0.0000,0.9000,0.0000,8.287
2026-04-26 20:28:53.657,230,0.10241493507313303,0.3242742678191579,-0.24242998119519024,-0.22331644181425833,-0.7573943645300555,0.0000,0.8000,0.0000,8.476
2026-04-26 20:28:53.666,231,0.10227434516212086,0.3244617752126044,-0.2424680530034197,-0.22318668471252448,-0.7576305384721612,0.0000,0.8000,-0.1500,8.051
2026-04-26 20:28:53.675,232,0.10213112005019609,0.3246479855172684,-0.2425046643179861,-0.22305330632893922,-0.7578600071054168,0.0000,0.6500,-0.0500,6.056
2026-04-26 20:28:53.684,233,0.10199137861298165,0.3248297058357968,-0.24253907141417305,-0.22292286060270014,-0.7580869239078613,0.0000,1.0000,-0.0500,12.550
2026-04-26 20:28:53.693,234,0.1018492382590822,0.32500690547007,-0.2425672733925392,-0.22278748073829174,-0.7583074402661069,0.0000,0.9500,0.2000,9.868
2026-04-26 20:28:53.702,235,0.10170727289851547,0.32518167140352305,-0.24259408404045363,-0.2226516342360621,-0.7585233441376615,0.0000,0.5500,-0.1000,8.102
2026-04-26 20:28:53.711,236,0.10156378907034688,0.32535214421953146,-0.24261555312064476,-0.22251212568646397,-0.7587335774858027,0.0000,1.0000,0.1500,11.332
2026-04-26 20:28:53.719,237,0.10141885437668091,0.3255214959388261,-0.242636452075976,-0.2223706235989798,-0.7589382552517752,0.0000,0.7500,0.0500,10.106
2026-04-26 20:28:53.728,238,0.10127276853228374,0.3256885421193708,-0.24265517287177898,-0.2222269278498127,-0.7591376460705006,0.0000,0.8000,0.0000,9.455
2026-04-26 20:28:53.737,239,0.10112813849018121,0.32585381547784864,-0.24267422183802606,-0.222084773325042,-0.7593335557033642,0.0000,0.7000,-0.0500,8.044
2026-04-26 20:28:53.746,240,0.10098103586597248,0.3260187026779049,-0.24269302979422094,-0.22193960821213704,-0.7595234320032431,0.0000,0.7500,0.0000,7.816
2026-04-26 20:28:53.757,241,0.10083416184811825,0.3261830935545027,-0.2427132024858808,-0.22179497182418534,-0.7597091415366181,0.0000,0.6500,-0.0500,7.724
2026-04-26 20:28:53.766,242,0.10068843611968495,0.32634524164385464,-0.24273270398712246,-0.2216512100922086,-0.7598913622130944,0.0000,0.9000,-0.0500,9.813
2026-04-26 20:28:53.776,243,0.1005419492093826,0.3265051864135594,-0.24275029160652145,-0.22150578981333066,-0.76006888486756,0.0000,0.6500,-0.0500,9.469
2026-04-26 20:28:53.786,244,0.10039570476945159,0.3266635361388105,-0.2427675183800785,-0.22136034645780425,-0.7602424414600197,0.0000,0.7000,-0.0500,6.951
2026-04-26 20:28:53.794,245,0.10024644294317034,0.3268196484766458,-0.24278121950442724,-0.2212102056112433,-0.7604099206682932,0.0000,0.8500,0.1500,7.568
2026-04-26 20:28:53.805,246,0.10009994091282877,0.3269766803690818,-0.24279995421711,-0.2210646419886088,-0.7605752349341395,0.0000,0.5000,-0.4000,6.791
2026-04-26 20:28:53.814,247,0.09995195798211248,0.3271339304053836,-0.24281981605526112,-0.2209176440570002,-0.7607356171987781,0.0000,0.8000,0.0500,3.907
2026-04-26 20:28:53.824,248,0.09980295535833367,0.3272884544015988,-0.24283666940684476,-0.22076834820023036,-0.760891434104765,0.0000,0.8500,0.0500,11.219
2026-04-26 20:28:53.833,249,0.09965005791520483,0.3274420060326888,-0.2428512016279105,-0.2206137913837788,-0.761040827184691,0.0000,0.6500,0.1000,9.058
2026-04-26 20:28:53.842,250,0.09949646753704823,0.3275933189544468,-0.2428636217822453,-0.22045760333990824,-0.7611859884373017,0.0000,0.8000,0.2000,8.415
2026-04-26 20:28:53.852,251,0.09934218246267187,0.32774193821869024,-0.24287322065413808,-0.22029954806566218,-0.7613269732365284,0.0000,0.9000,0.1000,8.826
2026-04-26 20:28:53.860,252,0.09919056224986722,0.32788968213705294,-0.2428849401812142,-0.220145008039346,-0.7614660769874041,0.0000,0.6000,-0.2000,8.039
2026-04-26 20:28:53.871,253,0.09903622572207071,0.328036559552347,-0.24289518132015517,-0.21998680678369942,-0.7615997671032274,0.0000,0.5500,0.0500,6.342
2026-04-26 20:28:53.881,254,0.09888291284285947,0.3281831750591005,-0.2429073197881574,-0.21983022730745636,-0.7617305909344255,0.0000,0.9500,-0.1000,6.160
2026-04-26 20:28:53.889,255,0.09872700045671164,0.328329577264087,-0.24291898894197464,-0.21967045722194112,-0.7618561862747392,0.0000,0.6500,-0.1500,8.414
2026-04-26 20:28:53.899,256,0.09857037814112081,0.3284750716003461,-0.24293038289484886,-0.21950966294956867,-0.7619778652747913,0.0000,0.8500,0.0500,8.895
2026-04-26 20:28:53.909,257,0.09841249503241613,0.3286186330133511,-0.2429395734242161,-0.21934659183337973,-0.7620953123379441,0.0000,0.8000,-0.1000,9.295
2026-04-26 20:28:53.920,258,0.09825142104982139,0.32876361712642244,-0.24295028419718792,-0.21918034268387018,-0.7622072916148026,0.0000,0.5000,-0.1000,6.835
2026-04-26 20:28:53.931,259,0.09809011166285596,0.32890660098247365,-0.24295932838950604,-0.2190131391717951,-0.7623158235264351,0.0000,0.7500,0.0000,6.180
2026-04-26 20:28:53.939,260,0.09792926193771068,0.3290481356098813,-0.2429679735600789,-0.21884617817168728,-0.7624214208067369,0.0000,1.0000,0.0500,7.320
2026-04-26 20:28:53.948,261,0.09776902205308216,0.32918824612022335,-0.2429763354697046,-0.21867966716393997,-0.7625242321909272,0.0000,0.8500,0.0000,6.974
2026-04-26 20:28:53.955,262,0.09760778358384889,0.329329128993061,-0.2429866148589958,-0.21851255458755198,-0.7626232332824386,0.0000,0.5500,-0.1000,5.950
2026-04-26 20:28:53.964,263,0.09744740619971021,0.3294685876358711,-0.24299673524908263,-0.21834621655041714,-0.7627197110296148,0.0000,0.7500,-0.0500,8.577
2026-04-26 20:28:53.972,264,0.09728770364469674,0.3296066376970209,-0.24300657489253297,-0.2181804074573144,-0.7628135877228254,0.0000,0.7500,0.0000,7.417
2026-04-26 20:28:53.979,265,0.09712969722565612,0.3297439302633434,-0.24301777055723162,-0.21801680959218336,-0.7629055899974029,0.0000,0.8500,-0.3000,9.441
2026-04-26 20:28:53.988,266,0.0969686507447425,0.3298798134112203,-0.24302616646992783,-0.21784877713584241,-0.762992605465756,0.0000,0.9500,0.1500,4.457
2026-04-26 20:28:53.995,267,0.09680917513753014,0.33001205857653865,-0.24303147362524807,-0.2176813388673265,-0.7630777524864089,0.0000,1.0000,0.2500,10.003
2026-04-26 20:28:54.004,268,0.09664861673866276,0.330143033395323,-0.24303147362524807,-0.21751213560396027,-0.7631593056845765,0.0000,0.5000,-0.0500,7.850
2026-04-26 20:28:54.013,269,0.0964905448230925,0.3302721840909134,-0.24303147362524807,-0.21734564478217386,-0.7632396876563142,0.0000,1.0000,-0.1000,7.033
2026-04-26 20:28:54.021,270,0.09633398584251375,0.33039902681092276,-0.24303147362524807,-0.21718032177348465,-0.763318291802648,0.0000,0.9000,-0.0500,10.213
2026-04-26 20:28:54.030,271,0.09617539387600324,0.33052613195547315,-0.24303147362524807,-0.21701271931507576,-0.7633927959730265,0.0000,0.6500,0.1000,7.378
2026-04-26 20:28:54.037,272,0.09601593257860659,0.3306525313880819,-0.24303147362524807,-0.21684390037897794,-0.76346401710726,0.0000,0.4500,-0.1000,7.262
2026-04-26 20:28:54.047,273,0.095855345410541,0.33077715892594245,-0.24303147362524807,-0.21667298538845214,-0.7635318247310601,0.0000,0.9000,0.1000,8.679
2026-04-26 20:28:54.060,274,0.09569566290984761,0.3309015916241651,-0.24303147362524807,-0.2165034658893009,-0.763597612480404,0.0000,0.6000,-0.2000,5.238
2026-04-26 20:28:54.069,275,0.09553657635830541,0.33102629831961483,-0.24303147362524807,-0.2163351603753415,-0.763661213887935,0.0000,0.8000,-0.1000,7.222
2026-04-26 20:28:54.080,276,0.09537749055736686,0.33114762503893,-0.24303147362524807,-0.21616544402601415,-0.7637222709092399,0.0000,0.9000,0.1500,6.321
2026-04-26 20:28:54.089,277,0.09521992232353647,0.33126929978658004,-0.24303147362524807,-0.21599819909328108,-0.7637818329286215,0.0000,0.5000,-0.2500,7.563
2026-04-26 20:28:54.099,278,0.09506157525983412,0.3313897123496056,-0.24303147362524807,-0.21582955449832827,-0.7638384066154592,0.0000,0.6500,0.0000,9.781
2026-04-26 20:28:54.109,279,0.0949056375353503,0.33150730793715755,-0.24303147362524807,-0.21566297968980294,-0.7638941544525031,0.0000,0.7500,0.1000,7.882
2026-04-26 20:28:54.117,280,0.09475185718456237,0.33162323311415376,-0.24303147362524807,-0.2154987080088058,-0.7639489449438771,0.0000,0.9000,0.0000,9.477
2026-04-26 20:28:54.126,281,0.0945986806109492,0.33174049942898015,-0.24303147362524807,-0.2153361698399834,-0.7640017782924892,0.0000,0.6000,-0.1500,7.408
2026-04-26 20:28:54.134,282,0.09444732414661954,0.3318550721589624,-0.24303147362524807,-0.21517496572953823,-0.7640535007813248,0.0000,0.7500,0.0000,10.945
2026-04-26 20:28:54.144,283,0.09429751512461365,0.3319669391088196,-0.24303147362524807,-0.21501472221330717,-0.7641039654964006,0.0000,0.9500,0.2000,9.781
2026-04-26 20:28:54.155,284,0.09414784394422905,0.3320771078604761,-0.24303147362524807,-0.21485405986123146,-0.7641522670449443,0.0000,1.0000,0.2000,7.725
2026-04-26 20:28:54.162,285,0.09399898509675698,0.3321876846792896,-0.24303147362524807,-0.21469492743059512,-0.7641988889137311,0.0000,0.8500,-0.1000,10.110
2026-04-26 20:28:54.213,286,0.09385276387325685,0.3322957018032275,-0.24303147362524807,-0.21453827112013477,-0.7642450812819926,0.0000,0.9000,-0.0500,10.498
2026-04-26 20:28:54.221,287,0.09370987776777981,0.3324016204524909,-0.24303147362524807,-0.2143852479449844,-0.7642913419645107,0.0000,0.8000,0.0500,10.221
2026-04-26 20:28:54.229,288,0.09356892064812192,0.332506065134643,-0.24303147362524807,-0.21423429178275777,-0.7643367658662822,0.0000,0.8500,-0.1500,10.123
2026-04-26 20:28:54.237,289,0.09342802109971783,0.33260905921151857,-0.24303147362524807,-0.214082915614721,-0.7643801372191664,0.0000,0.7000,0.0000,10.208
2026-04-26 20:28:54.245,290,0.09328791127254418,0.3327120887216447,-0.24303147362524807,-0.21393283523207915,-0.7644219754870937,0.0000,0.6000,-0.1000,5.366
2026-04-26 20:28:54.252,291,0.09314962402301875,0.33281266598508696,-0.24303147362524807,-0.2137841805601484,-0.7644630001344958,0.0000,0.7500,0.1000,7.533
2026-04-26 20:28:54.260,292,0.09301148150911405,0.33291085864704734,-0.24303147362524807,-0.2136347449728686,-0.7645021230301053,0.0000,0.9500,0.1000,8.824
2026-04-26 20:28:54.267,293,0.09287343026180855,0.33300908635444876,-0.24303147362524807,-0.2134856637256041,-0.7645393385015412,0.0000,0.9500,0.0500,6.040
2026-04-26 20:28:54.275,294,0.09273570647532814,0.3331044980435777,-0.24302540860916905,-0.21333582298520518,-0.7645748335356493,0.0000,1.0000,0.1000,8.355
2026-04-26 20:28:54.283,295,0.09259769193254153,0.33319755158438125,-0.24301647303344617,-0.21318462421861345,-0.7646082250688434,0.0000,0.8500,0.2000,9.468
2026-04-26 20:28:54.290,296,0.09245922801160286,0.3332902515247829,-0.24300755506456187,-0.21303285507315056,-0.7646394359981771,0.0000,0.7000,0.0500,7.397
2026-04-26 20:28:54.298,297,0.09232110906781693,0.33338315982987804,-0.24300001450646913,-0.21288185258788755,-0.7646690241091298,0.0000,0.6500,-0.2000,9.264
2026-04-26 20:28:54.307,298,0.09218329197979779,0.33347437239378297,-0.24299095392956713,-0.2127306041770766,-0.7646969884461583,0.0000,1.0000,-0.1000,8.845
2026-04-26 20:28:54.315,299,0.0920458393880372,0.3335657535943871,-0.24298319932568088,-0.21258012255825773,-0.7647233981447569,0.0000,0.6000,-0.1000,7.626
2026-04-26 20:28:54.323,300,0.09191036623378646,0.3336558248816085,-0.24297559734688134,-0.21243181876421222,-0.7647493567969654,0.0000,0.7500,0.0000,8.607
2026-04-26 20:28:54.332,301,0.09177510515541341,0.3337446042606415,-0.24296698479181966,-0.21228334241238928,-0.7647737127217668,0.0000,1.0000,0.1500,10.984
2026-04-26 20:28:54.341,302,0.09164243590730947,0.33383401966684806,-0.2429618282779348,-0.21213882761689787,-0.7647980785837584,0.0000,0.5500,-0.2000,7.445
2026-04-26 20:28:54.348,303,0.09151025479604359,0.3339221922557932,-0.24295589546458346,-0.21199452721441003,-0.7648210776898978,0.0000,0.8500,-0.0500,5.460
2026-04-26 20:28:54.358,304,0.09137671728465031,0.3340100883981298,-0.2429493947789065,-0.2118484622333438,-0.7648415057315809,0.0000,0.9500,0.0500,9.649
2026-04-26 20:28:54.367,305,0.09124295272673479,0.33409909346481936,-0.2429493947789065,-0.21170282843131338,-0.7648601406131768,0.0000,0.3500,-0.2000,7.100
2026-04-26 20:28:54.376,306,0.09111106857407203,0.3341891231401647,-0.2429493947789065,-0.21156039089448686,-0.7648784119294713,0.0000,0.4500,-0.2000,5.891
2026-04-26 20:28:54.386,307,0.0909807606072377,0.33427833769145204,-0.2429493947789065,-0.21141982147930014,-0.764896141125047,0.0000,0.9000,0.0000,9.175
2026-04-26 20:28:54.394,308,0.09085219026072318,0.3343667397051786,-0.2429493947789065,-0.21128133411345187,-0.7649134597165673,0.0000,0.8000,-0.0500,6.466
2026-04-26 20:28:54.404,309,0.09072304674650615,0.3344548125605875,-0.2429493947789065,-0.2111420868635018,-0.764928850713948,0.0000,0.9500,0.0000,8.064
2026-04-26 20:28:54.414,310,0.09059420947850175,0.33454293279975966,-0.2429493947789065,-0.21100343801859733,-0.7649429235753675,0.0000,0.7500,0.0000,7.059
2026-04-26 20:28:54.425,311,0.09046551785923007,0.33463194291476384,-0.2429493947789065,-0.21086559219902645,-0.7649555940703409,0.0000,0.4500,0.0500,4.739
2026-04-26 20:28:54.437,312,0.09033712727650951,0.3347200991506987,-0.2429493947789065,-0.21072788225275976,-0.764966988282731,0.0000,0.6000,0.0000,5.571
2026-04-26 20:28:54.446,313,0.09021061300679611,0.3348078316485491,-0.2429493947789065,-0.21059262119743613,-0.7649781785514462,0.0000,0.5500,-0.1500,7.203
2026-04-26 20:28:54.456,314,0.09008496837971688,0.3348946664480181,-0.2429493947789065,-0.2104582274406035,-0.7649885155851897,0.0000,0.8000,0.1000,8.991
2026-04-26 20:28:54.466,315,0.08996020292315454,0.33498108147616906,-0.2429493947789065,-0.21032495030027462,-0.7649980272308341,0.0000,0.8000,0.0000,10.525
2026-04-26 20:28:54.475,316,0.08983658607221566,0.3350674937388984,-0.24295570404646963,-0.21019335521208435,-0.7650069142843106,0.0000,0.4500,-0.1000,8.753
2026-04-26 20:28:54.485,317,0.08971384674461698,0.33515269132921666,-0.24296138978936493,-0.21006247250008336,-0.7650150168790356,0.0000,1.0000,-0.1000,9.186
2026-04-26 20:28:54.493,318,0.08959082675770914,0.3352374783183473,-0.24296687679063547,-0.2099311577111318,-0.7650215834353576,0.0000,0.5000,0.0000,8.153
2026-04-26 20:28:54.503,319,0.08946885006225924,0.3353218968363303,-0.24297310181519038,-0.20980119496639824,-0.7650275168211045,0.0000,0.7000,-0.1500,7.271
2026-04-26 20:28:54.511,320,0.08934662528224863,0.33540466410929753,-0.24297310181519038,-0.20967021886588938,-0.7650275168211045,0.0000,0.6500,0.0000,10.388
2026-04-26 20:28:54.520,321,0.08922488138243267,0.33548713426108734,-0.24297310181519038,-0.20953987627883938,-0.7650275168211045,0.0000,0.6500,-0.2500,6.006
2026-04-26 20:28:54.528,322,0.08910543316210173,0.3355692047777464,-0.24297935491742928,-0.2094125335671519,-0.7650275168211045,0.0000,0.6500,-0.1000,6.079
2026-04-26 20:28:54.535,323,0.0889862940334333,0.3356500571173579,-0.24298454512309314,-0.20928513059430093,-0.7650275168211045,0.0000,0.6500,0.0000,7.269
2026-04-26 20:28:54.544,324,0.08886469272261638,0.33572838417577405,-0.24298454512309314,-0.2091533167258874,-0.7650275168211045,0.0000,0.8500,0.4000,8.499
2026-04-26 20:28:54.551,325,0.088744236143433,0.33580588214109197,-0.24298454512309314,-0.20902274725451755,-0.7650275168211045,0.0000,0.5000,0.0000,4.141
2026-04-26 20:28:54.560,326,0.08862271845322071,0.33588341508281216,-0.24298454512309314,-0.20889091110187033,-0.7650275168211045,0.0000,0.7000,0.1000,7.927
2026-04-26 20:28:54.569,327,0.0885026309359863,0.3359606267456645,-0.24298454512309314,-0.20876094989264138,-0.7650275168211045,0.0000,0.8000,-0.1000,7.365
2026-04-26 20:28:54.576,328,0.08838276107929885,0.3360362187544306,-0.24298454512309314,-0.2086305958256971,-0.7650275168211045,0.0000,0.9500,0.1500,8.044
2026-04-26 20:28:54.586,329,0.08826408807355857,0.3361114578356683,-0.24298454512309314,-0.20850178595018765,-0.7650275168211045,0.0000,0.6500,-0.1000,10.154
2026-04-26 20:28:54.594,330,0.08814529428609826,0.3361851675075586,-0.24298454512309314,-0.20837217330883825,-0.7650222157578833,0.0000,0.7000,0.0000,7.487
2026-04-26 20:28:54.605,331,0.0880275797623687,0.33625821447421417,-0.24298454512309314,-0.20824378946958938,-0.7650165257818897,0.0000,0.7000,-0.1500,6.266
2026-04-26 20:28:54.616,332,0.08790958737900943,0.33632931643899977,-0.24298454512309314,-0.2081141819692633,-0.7650095587705456,0.0000,0.8500,0.1500,9.299
2026-04-26 20:28:54.625,333,0.08779301974422134,0.3363993430159237,-0.24298454512309314,-0.20798605396934153,-0.7650024661729188,0.0000,0.9500,0.0000,5.788
2026-04-26 20:28:54.635,334,0.08767680353970667,0.3364674233322318,-0.24297800203299952,-0.20785753717943972,-0.7649945485747575,0.0000,0.8500,0.2000,8.233
2026-04-26 20:28:54.643,335,0.0875613303780048,0.3365344299544597,-0.2429708115550841,-0.2077295882963788,-0.7649860829403986,0.0000,1.0000,0.1500,9.798
2026-04-26 20:28:54.654,336,0.08744632655850618,0.3366008690230125,-0.24296354341601006,-0.20760209374576324,-0.7649769024537403,0.0000,1.0000,0.0500,9.931
2026-04-26 20:28:54.663,337,0.08733291646467316,0.33666582079209423,-0.24295556067444002,-0.20747609114784968,-0.7649677721199639,0.0000,1.0000,0.1000,11.594
2026-04-26 20:28:54.672,338,0.08721926954604628,0.3367309987553854,-0.24294820639597778,-0.2073499948560092,-0.76495748675706,0.0000,0.4500,-0.1000,7.392
2026-04-26 20:28:54.681,339,0.0871065564149077,0.33679481051061916,-0.24293986567958625,-0.2072245678508541,-0.7649468417304055,0.0000,0.9000,-0.0500,8.476
2026-04-26 20:28:54.688,340,0.08699296521816505,0.3368571714692824,-0.2429291971351969,-0.20709735042389385,-0.76493464387077,0.0000,0.8500,0.2500,9.898
2026-04-26 20:28:54.699,341,0.08687781621079707,0.33691897943833604,-0.2429170878037446,-0.20696788356595455,-0.7649204545266448,0.0000,0.8500,0.1500,5.252
2026-04-26 20:28:54.710,342,0.08676181188408938,0.33697986510350214,-0.2429034456327697,-0.20683691771277482,-0.7649047563197147,0.0000,0.8000,0.1000,6.996
2026-04-26 20:28:54.718,343,0.08664573836713893,0.337038927069287,-0.2428874363026582,-0.20670504879999976,-0.7648880874157928,0.0000,0.9500,0.3000,10.241
2026-04-26 20:28:54.728,344,0.08652962918042185,0.33709705248577454,-0.2428704066677686,-0.2065727635809832,-0.7648704840304159,0.0000,0.5500,0.1000,8.164
2026-04-26 20:28:54.737,345,0.0864141170238324,0.33715468558006645,-0.24285343874419774,-0.20644112627621353,-0.7648523816240376,0.0000,0.6500,-0.0500,7.653
2026-04-26 20:28:54.748,346,0.08629845214834318,0.33721230746379394,-0.2428367483340897,-0.20630937630560892,-0.7648332938195892,0.0000,0.6500,-0.1500,8.574
2026-04-26 20:28:54.822,347,0.08618337602875827,0.33727102999632724,-0.2428224916009072,-0.20617905678345688,-0.7648137281873888,0.0000,0.3500,-0.2500,8.320
2026-04-26 20:28:54.831,348,0.08606935758945934,0.33732891322581965,-0.2428080653801378,-0.20604982153960028,-0.7647940103986662,0.0000,0.8000,-0.1500,8.275
2026-04-26 20:28:54.844,349,0.08595650827200722,0.3373867107138795,-0.24279466854336626,-0.20592219453824953,-0.7647742276069461,0.0000,0.7500,-0.2000,8.525
2026-04-26 20:28:54.853,350,0.08584505043377388,0.3374440444730639,-0.24278187666895257,-0.2057962818779178,-0.7647545407167398,0.0000,0.9500,-0.1000,10.108
2026-04-26 20:28:54.862,351,0.08573265273789242,0.3375024363276983,-0.24277041267526386,-0.2056697346581144,-0.7647334079797388,0.0000,0.6500,-0.0500,7.929
2026-04-26 20:28:54.873,352,0.08562076555597518,0.33756034927622464,-0.24275893246473176,-0.2055437168638318,-0.7647118085994767,0.0000,0.7500,-0.1500,9.610
2026-04-26 20:28:54.881,353,0.08551037920443023,0.33761888080288477,-0.24274973704766248,-0.20542009633616898,-0.764690414891681,0.0000,0.6000,-0.1500,4.820
2026-04-26 20:28:54.890,354,0.08539921659431113,0.3376776047600253,-0.24274066379768813,-0.20529562257964812,-0.7646677207202707,0.0000,0.6000,0.1000,7.597
2026-04-26 20:28:54.899,355,0.08528800055797714,0.3377373269169234,-0.2427333979915576,-0.20517166097187686,-0.7646442197178537,0.0000,0.6000,-0.2000,4.012
2026-04-26 20:28:54.908,356,0.08517616863701105,0.3377957648506762,-0.24272413583621325,-0.20504631909259013,-0.764619548480355,0.0000,0.9000,0.0500,7.284
2026-04-26 20:28:54.918,357,0.08506502400316338,0.33785218197116085,-0.24271263611900892,-0.20492096496376702,-0.7645945871836213,0.0000,1.0000,0.2000,7.498
2026-04-26 20:28:54.926,358,0.08495381126838637,0.3379084427831223,-0.24270118697303072,-0.20479552242710222,-0.7645688434593806,0.0000,0.5500,0.0000,6.411
2026-04-26 20:28:54.936,359,0.08484404008256093,0.33796423851689633,-0.24269032672051677,-0.20467184875605657,-0.7645433347962901,0.0000,0.9000,-0.1500,8.797
2026-04-26 20:28:54.946,360,0.08473350688676934,0.3380187223605533,-0.24267731122212258,-0.20454658127601671,-0.7645166030446436,0.0000,1.0000,0.3000,8.321
2026-04-26 20:28:54.954,361,0.0846234506657954,0.33807312285459584,-0.24266480446951874,-0.20442198506470535,-0.7644894849205257,0.0000,0.5000,-0.1500,10.227
2026-04-26 20:28:54.964,362,0.08451333637773914,0.3381262840944894,-0.2426507111744985,-0.20429676762599858,-0.7644616342946716,0.0000,0.5500,0.1000,9.020
2026-04-26 20:28:54.972,363,0.08440462736174634,0.33817932977966825,-0.24263768777989084,-0.20417344079113775,-0.7644340371333671,0.0000,0.9500,-0.0500,9.208
2026-04-26 20:28:54.982,364,0.08429682219150597,0.33823300826693553,-0.24262651794092646,-0.20405170904983294,-0.7644063694031572,0.0000,0.5000,-0.1500,8.252
2026-04-26 20:28:54.992,365,0.08418880780804218,0.33828515222983063,-0.24261320410176712,-0.20392900355674673,-0.7643778991617157,0.0000,1.0000,0.0500,10.166
2026-04-26 20:28:55.000,366,0.0840805699135023,0.3383361424368143,-0.24259830342427452,-0.20380549454538543,-0.7643486268226771,0.0000,0.7500,0.0500,5.910
2026-04-26 20:28:55.009,367,0.08397220895443731,0.33838674333852387,-0.24258302515672808,-0.2036816970991856,-0.764318629146762,0.0000,0.6000,-0.1000,6.972
2026-04-26 20:28:55.019,368,0.08386470025767855,0.3384361806589982,-0.24256685377691065,-0.2035585234613843,-0.7642885660012657,0.0000,0.7500,0.0500,6.417
2026-04-26 20:28:55.028,369,0.08375842296841969,0.33848599778884547,-0.24255235287292617,-0.20343724981547143,-0.7642586996543176,0.0000,0.8500,-0.2500,8.712
2026-04-26 20:28:55.038,370,0.08365133208599947,0.338536114091332,-0.24253803395854845,-0.20331510815237372,-0.7642276761342403,0.0000,0.7500,0.1000,6.508
2026-04-26 20:28:55.047,371,0.08354461058959156,0.3385869368981068,-0.2425252925496421,-0.20319387843566994,-0.7641962933154813,0.0000,0.5500,-0.2500,9.725
2026-04-26 20:28:55.058,372,0.08343723040016007,0.3386384127636397,-0.24251335901951251,-0.20307216217785368,-0.7641638748953574,0.0000,0.5000,-0.0500,7.900
2026-04-26 20:28:55.068,373,0.08333057476212455,0.3386904909542431,-0.24250307541928473,-0.2029517773601707,-0.764131351983905,0.0000,0.6500,0.0000,7.712
2026-04-26 20:28:55.078,374,0.08322369525115454,0.3387434915985191,-0.2424942857078545,-0.2028316185180121,-0.764098101111121,0.0000,0.5500,0.0500,7.821
2026-04-26 20:28:55.089,375,0.08311804584495296,0.33879636534568425,-0.2424863812856616,-0.20271309866423437,-0.7640651002761647,0.0000,0.8000,-0.0500,10.198
2026-04-26 20:28:55.098,376,0.08301215586762507,0.33884877558869153,-0.24247787295806314,-0.20259408765966236,-0.7640313775789198,0.0000,0.9000,0.0500,9.746
2026-04-26 20:28:55.108,377,0.08290551870060828,0.33889931180544147,-0.24246630342022774,-0.2024732038313877,-0.763996603695901,0.0000,1.0000,0.3000,10.617
2026-04-26 20:28:55.116,378,0.08279975809153782,0.3389515152245821,-0.2424580632942168,-0.20235438188394622,-0.7639618694214216,0.0000,0.4500,-0.3000,7.892
2026-04-26 20:28:55.128,379,0.08269373274919072,0.3390025563930286,-0.24244814387604374,-0.20223468447612927,-0.7639264220661176,0.0000,0.8000,0.2000,8.378
2026-04-26 20:28:55.137,380,0.08258797120525659,0.339053858427198,-0.24243902858620278,-0.2021155269954247,-0.7638906220333284,0.0000,0.7500,-0.0500,8.066
2026-04-26 20:28:55.144,381,0.08248375366404426,0.33910541429482943,-0.24243155679137984,-0.20199861199833505,-0.7638553307207394,0.0000,0.8000,-0.1000,7.582
2026-04-26 20:28:55.153,382,0.08238036646785228,0.3391547865354023,-0.24242159302784796,-0.20188176835754928,-0.7638200801657741,0.0000,1.0000,0.1000,12.552
2026-04-26 20:28:55.160,383,0.08227624323851336,0.3392037349685221,-0.24241072932427568,-0.20176378663799993,-0.7637838338084068,0.0000,0.7500,0.1000,8.471
2026-04-26 20:28:55.170,384,0.08217190103127488,0.3392508507158375,-0.24239719366973592,-0.2016446509794705,-0.7637469439288401,0.0000,0.9000,0.3500,7.544
2026-04-26 20:28:55.179,385,0.08206839480335586,0.3392972240264914,-0.24238332139681046,-0.201526312300541,-0.7637101212949409,0.0000,0.7000,0.0000,5.419
2026-04-26 20:28:55.187,386,0.08196465313670226,0.33934357974681045,-0.24236948220053084,-0.20140770366358676,-0.7636726589791146,0.0000,0.8500,-0.0500,6.798
2026-04-26 20:28:55.196,387,0.08186253711334006,0.3393888319249724,-0.24235528462819453,-0.2012907627440661,-0.7636358049435534,0.0000,1.0000,0.1000,8.971
2026-04-26 20:28:55.203,388,0.08175976199452292,0.3394344045061138,-0.24234133824071755,-0.20117315441675704,-0.7635980431613221,0.0000,0.4500,-0.0500,6.675
2026-04-26 20:28:55.212,389,0.08165725769990334,0.3394799608394364,-0.24232775485867708,-0.20105594948136052,-0.7635600006041011,0.0000,0.5500,-0.1000,8.929
2026-04-26 20:28:55.221,390,0.08155588998691606,0.3395248478350736,-0.24231412891648085,-0.20093997497993615,-0.7635222613633804,0.0000,0.9000,-0.1500,8.975
2026-04-26 20:28:55.227,391,0.08145475812916708,0.33956866191619756,-0.2422992515087453,-0.20082382741063518,-0.7634842317709662,0.0000,0.9000,0.2000,8.787
2026-04-26 20:28:55.236,392,0.08135385413884175,0.33961112534082083,-0.24228269768723829,-0.20070735651830834,-0.7634459132154765,0.0000,0.9500,0.1000,9.690
2026-04-26 20:28:55.243,393,0.08125315588725047,0.33965291057905517,-0.24226545843977726,-0.20059086831036219,-0.763407297557572,0.0000,0.7500,0.1000,6.016
2026-04-26 20:28:55.252,394,0.08115318550883498,0.3396947055397429,-0.24224891079883643,-0.20047540220858454,-0.7633687394008039,0.0000,0.6000,-0.1000,7.080
2026-04-26 20:28:55.261,395,0.08105482205007601,0.33973585514384946,-0.24223265530024032,-0.20036180203422185,-0.7633308311923742,0.0000,0.5500,-0.1500,8.190
2026-04-26 20:28:55.268,396,0.08095712904547095,0.33977701168393726,-0.2422170432390357,-0.20024914462219273,-0.7632929549419193,0.0000,0.8000,-0.0500,6.799
2026-04-26 20:28:55.277,397,0.08085965367003664,0.3398174967617983,-0.2422007523436288,-0.2001364863264169,-0.763254814991289,0.0000,0.9000,0.1000,4.895
2026-04-26 20:28:55.284,398,0.08076246105684856,0.33985633468590176,-0.2421823597496784,-0.2000234254751025,-0.7632164608943279,0.0000,1.0000,0.1500,5.418
2026-04-26 20:28:55.294,399,0.08066464532026528,0.3398965407860582,-0.24216578182028026,-0.1999102612255577,-0.7631772947670926,0.0000,0.3500,-0.1500,7.001
2026-04-26 20:28:55.303,400,0.0805657936197958,0.33993710054893234,-0.24214921889119662,-0.19979593521695282,-0.7631370473318092,0.0000,0.4000,0.0000,6.843
2026-04-26 20:28:55.310,401,0.08046669655703038,0.3399776549715744,-0.24213265689849706,-0.19968132144284526,-0.7630962515161864,0.0000,0.7500,0.1000,6.751
2026-04-26 20:28:55.320,402,0.08036780225133375,0.3400191584116626,-0.24211782353711817,-0.19956749394374523,-0.7630552118385495,0.0000,0.7000,-0.0500,8.341
2026-04-26 20:28:55.327,403,0.08026872847659706,0.34006061936446585,-0.2421029741835509,-0.19945344671112258,-0.7630136791669935,0.0000,0.5500,0.0500,5.077
2026-04-26 20:28:55.336,404,0.08017081047406235,0.3401020631622851,-0.24208903448630315,-0.1993409721207512,-0.7629725492625647,0.0000,0.5000,-0.2000,7.878
2026-04-26 20:28:55.346,405,0.08007366931115212,0.3401444412512401,-0.24207717651972632,-0.19923004004940217,-0.76293157501976,0.0000,0.3000,-0.3000,7.854
2026-04-26 20:28:55.354,406,0.07997673403709296,0.34018739614929294,-0.24206648099090136,-0.19911970989454936,-0.7628903812382024,0.0000,0.6500,-0.0500,6.167
2026-04-26 20:28:55.364,407,0.07987922946641815,0.3402303052938417,-0.24205549486614106,-0.1990086362093673,-0.7628484564795505,0.0000,0.6000,0.0000,4.574
2026-04-26 20:28:55.430,408,0.07978117244831652,0.34027377289990623,-0.24204513333728694,-0.1988971429908224,-0.762805817248287,0.0000,0.7500,0.0000,8.418
2026-04-26 20:28:55.439,409,0.07968417591232377,0.34031811415368074,-0.24203694214195864,-0.1987875378372393,-0.762763544023384,0.0000,0.7500,-0.2000,6.427
2026-04-26 20:28:55.448,410,0.07958836229047084,0.34036047509637685,-0.24202671967021916,-0.19867855645295726,-0.7627217235409212,0.0000,0.9000,0.1000,9.212
2026-04-26 20:28:55.456,411,0.07949321172715505,0.34040272536389654,-0.2420169215468081,-0.19857043996453394,-0.7626800142685015,0.0000,0.8000,0.1000,7.892
2026-04-26 20:28:55.464,412,0.07939796604860402,0.340444624416461,-0.24200667928804453,-0.19846205666138578,-0.7626379157193782,0.0000,0.6000,-0.1000,7.624
2026-04-26 20:28:55.471,413,0.07930221393097465,0.34048584849566405,-0.2419952308489653,-0.1983526956983229,-0.762595158565654,0.0000,0.6000,0.0500,5.227
2026-04-26 20:28:55.479,414,0.07920752669546183,0.34052610868364264,-0.24198318824165235,-0.1982443071851572,-0.7625527951694704,0.0000,1.0000,-0.0500,11.349
2026-04-26 20:28:55.487,415,0.0791123353620005,0.3405657205274091,-0.2419699766737062,-0.1981349564036845,-0.7625097842865753,0.0000,0.7000,0.0500,6.447
2026-04-26 20:28:55.494,416,0.07901662010403296,0.3406040698674167,-0.24195465959378704,-0.19802430932820522,-0.762466117370585,0.0000,0.8500,0.2000,7.541
2026-04-26 20:28:55.501,417,0.07892242672529823,0.34064178370359455,-0.24193953930804774,-0.19791540669414437,-0.76242316289191,0.0000,0.8500,0.0000,5.242
2026-04-26 20:28:55.508,418,0.07882969818777744,0.3406801148468715,-0.24192645497557907,-0.19780879836095921,-0.7623808873574371,0.0000,0.7000,-0.2000,8.780
2026-04-26 20:28:55.517,419,0.07873716296816179,0.3407178341892444,-0.24191271325069338,-0.19770217392235084,-0.7623384475492095,0.0000,0.8500,0.0500,8.204
2026-04-26 20:28:55.524,420,0.07864521267487269,0.3407546271861353,-0.24189810141734958,-0.19759589777002481,-0.7622961089367937,0.0000,0.8500,0.1000,10.417
2026-04-26 20:28:55.531,421,0.07855312443328692,0.34078989505915097,-0.2418812374496591,-0.19748870620859474,-0.7622533939350999,0.0000,0.6500,0.2000,8.344
2026-04-26 20:28:55.539,422,0.07846047167892618,0.34082522177202496,-0.24186421100414848,-0.19738082200103121,-0.7622100224341658,0.0000,0.7500,0.0000,8.185
2026-04-26 20:28:55.548,423,0.07836843142978815,0.3408611964760354,-0.24184868860233644,-0.19727410862103897,-0.7621667833150172,0.0000,0.6000,-0.1000,5.308
2026-04-26 20:28:55.555,424,0.07827663998943772,0.3408968970793057,-0.2418330427863152,-0.197167619641724,-0.7621234382526896,0.0000,1.0000,0.0500,6.989
2026-04-26 20:28:55.563,425,0.07818441910144695,0.3409317191406386,-0.2418159128953714,-0.19706014805499378,-0.7620795391534664,0.0000,0.8500,0.1500,6.082
2026-04-26 20:28:55.570,426,0.0780929522986722,0.3409653825159756,-0.24179766593477536,-0.19695313139372145,-0.762035879055329,0.0000,0.9000,0.0000,11.603
2026-04-26 20:28:55.578,427,0.07800141698593152,0.340997594871989,-0.24177731323420953,-0.19684532626534468,-0.7619919135173253,0.0000,0.9000,0.2500,9.676
2026-04-26 20:28:55.586,428,0.07790984745077596,0.34102993544352855,-0.2417572447573811,-0.19673756757818542,-0.761947669294321,0.0000,0.6000,-0.1500,7.683
2026-04-26 20:28:55.593,429,0.07781788876650675,0.3410614412313364,-0.24173577766687318,-0.19662890017756626,-0.7619029136065678,0.0000,0.7500,0.3000,7.267
2026-04-26 20:28:55.602,430,0.07772629127640188,0.34109185213205406,-0.2417130203415801,-0.19652019405635357,-0.7618581504633978,0.0000,0.7500,0.1500,9.637
2026-04-26 20:28:55.609,431,0.07763592996867925,0.3411238782080396,-0.24169361953102148,-0.19641397048972262,-0.7618139669140624,0.0000,0.2000,-0.3500,7.060
2026-04-26 20:28:55.616,432,0.07754515122740806,0.3411559901880751,-0.2416741772732963,-0.1963072596199668,-0.7617692642158576,0.0000,0.8000,0.1500,8.262
2026-04-26 20:28:55.624,433,0.07745482932960863,0.3411890745438323,-0.2416566045074722,-0.1962016699907721,-0.7617246288330275,0.0000,0.6500,-0.1500,7.856
2026-04-26 20:28:55.631,434,0.07736454645199566,0.3412216278107574,-0.2416383658923714,-0.19609589238322667,-0.7616797857754195,0.0000,0.7000,0.1500,7.175
2026-04-26 20:28:55.640,435,0.07727539960662802,0.34125424861354114,-0.2416210891348451,-0.1959916884093339,-0.7616354698897297,0.0000,0.8000,-0.0500,8.017
2026-04-26 20:28:55.647,436,0.07718740161481721,0.3412872218375843,-0.2416052085625509,-0.1958892172295352,-0.7615916931762429,0.0000,0.8500,-0.0500,8.699
2026-04-26 20:28:55.655,437,0.0770998551795961,0.34132027101466134,-0.24158984308374123,-0.19578741050874743,-0.7615479941712666,0.0000,0.5500,-0.1000,4.680
2026-04-26 20:28:55.663,438,0.07701236435754194,0.341352199810601,-0.24157293273298433,-0.19568514178921573,-0.7615041122624575,0.0000,0.9000,0.2500,7.545
2026-04-26 20:28:55.671,439,0.0769256826999725,0.34138362953093127,-0.24155591035675264,-0.1955837260981804,-0.7614605531170497,0.0000,0.6500,-0.0500,6.467
2026-04-26 20:28:55.680,440,0.07683949439604217,0.34141513970104026,-0.24153943324539032,-0.19548303176200316,-0.7614171094446734,0.0000,0.7000,-0.0500,9.045
2026-04-26 20:28:55.688,441,0.07675472462652577,0.34144672871014276,-0.2415241143345861,-0.19538429119978112,-0.7613744012339528,0.0000,0.7500,-0.0500,7.610
2026-04-26 20:28:55.697,442,0.07666998927356942,0.34147752614722343,-0.2415077238487942,-0.1952852233709062,-0.7613315088930712,0.0000,0.8000,0.1500,7.288
2026-04-26 20:28:55.705,443,0.07658428550327338,0.34150784392722017,-0.2414900597119083,-0.19518464678152184,-0.7612877669722135,0.0000,0.7500,0.1500,6.168
2026-04-26 20:28:55.712,444,0.07649871567839119,0.3415388349952051,-0.2414735848783474,-0.1950846073868015,-0.7612439134394082,0.0000,0.5500,-0.1000,6.615
2026-04-26 20:28:55.720,445,0.07641323318355876,0.3415704678431296,-0.24145821965801342,-0.1949850269495504,-0.7611999202313794,0.0000,0.6000,0.0500,9.261
2026-04-26 20:28:55.727,446,0.0763285075084894,0.34160129166518666,-0.2414422328378219,-0.19488607239540448,-0.7611562366430313,0.0000,0.9000,0.2000,9.533
2026-04-26 20:28:55.736,447,0.07624383263830296,0.341630743930615,-0.24142430863415773,-0.19478652078626438,-0.7611123949216798,0.0000,1.0000,0.4000,9.415
2026-04-26 20:28:55.745,448,0.07615961123322111,0.34165973619378054,-0.24140608152749432,-0.19468736446485638,-0.7610686663875164,0.0000,1.0000,0.0000,8.853
2026-04-26 20:28:55.753,449,0.07607624312764724,0.34168885299572577,-0.24138869361380944,-0.19458942850420877,-0.7610253204336532,0.0000,0.7000,-0.2000,9.539
2026-04-26 20:28:55.761,450,0.07599402667878313,0.34171694866924235,-0.2413706240443147,-0.19449253757493934,-0.7609825587591822,0.0000,1.0000,0.0000,8.107
2026-04-26 20:28:55.770,451,0.07591219754962353,0.3417445943002719,-0.24135221865593362,-0.19439595780321217,-0.7609398745584759,0.0000,0.9500,0.1500,5.088
2026-04-26 20:28:55.778,452,0.07583017397783527,0.34177349957935826,-0.24133565292745102,-0.19429976805490068,-0.7608968827010695,0.0000,0.4000,-0.1500,5.726
2026-04-26 20:28:55.787,453,0.07574889964178899,0.34180222688493067,-0.2413193983481809,-0.19420450746520354,-0.7608542149763009,0.0000,0.8500,0.0000,7.366
2026-04-26 20:28:55.795,454,0.07566876998643861,0.3418307767718868,-0.24130371820115423,-0.19411070328404245,-0.7608121376445074,0.0000,0.6500,-0.1000,7.557
2026-04-26 20:28:55.805,455,0.07558839270813557,0.341859441882866,-0.24128812208630218,-0.1940166451447186,-0.7607697250941688,0.0000,0.6500,0.0000,8.202
2026-04-26 20:28:55.812,456,0.07550918216051637,0.3418882213842296,-0.24127355051141944,-0.1939242181563549,-0.7607279227797582,0.0000,0.6000,-0.2500,9.406
2026-04-26 20:28:55.821,457,0.07543004086421273,0.34191765674046376,-0.24126008289331397,-0.1938322294706472,-0.7606860015621313,0.0000,0.6500,-0.0500,6.010
2026-04-26 20:28:55.830,458,0.07535164014939512,0.3419477309283778,-0.24124814014054285,-0.19374156541229212,-0.7606444114707964,0.0000,0.5500,-0.1500,7.583
2026-04-26 20:28:55.837,459,0.07527422720085897,0.3419781576988549,-0.24123745657584203,-0.1936524121699155,-0.7606033197345377,0.0000,0.6500,-0.1500,3.610
2026-04-26 20:28:55.846,460,0.07519709959866691,0.342008374919669,-0.24122671964386364,-0.19356355185494298,-0.7605622604757335,0.0000,0.9500,0.0500,9.379
2026-04-26 20:28:55.853,461,0.07511968011165751,0.34203920119453135,-0.24121677136850544,-0.193474623869075,-0.7605208512399112,0.0000,0.7000,-0.0500,5.945
2026-04-26 20:28:55.862,462,0.0750429765445761,0.3420700724855483,-0.24120743651777593,-0.1933866896782976,-0.7604797662277082,0.0000,0.5500,-0.1000,9.269
2026-04-26 20:28:55.871,463,0.07496650916366411,0.34210045452473126,-0.24119759283787962,-0.19329884225269842,-0.7604386879124636,0.0000,0.9000,0.1000,7.310
2026-04-26 20:28:55.878,464,0.0748903563031971,0.34213008791536453,-0.24118690244272642,-0.19321105609247732,-0.7603976707784352,0.0000,0.9000,0.0000,9.632
2026-04-26 20:28:55.887,465,0.07481390970494356,0.34215925238364625,-0.24117537841746672,-0.19312265980632212,-0.7603563115476216,0.0000,0.7000,0.0500,6.706
2026-04-26 20:28:55.894,466,0.07473714558447274,0.3421887645167859,-0.2411642288029485,-0.19303402973547892,-0.7603145965578095,0.0000,0.6000,0.0000,8.633
2026-04-26 20:28:55.904,467,0.07465981574614076,0.3422186044857329,-0.2411532574229091,-0.1929448248017096,-0.7602723625063992,0.0000,0.4500,0.1000,7.367
2026-04-26 20:28:55.914,468,0.07458285537600963,0.34224769213829576,-0.24114146655204607,-0.192855751611023,-0.7602302349795105,0.0000,0.7000,0.1000,5.980
2026-04-26 20:28:55.921,469,0.07450614276405218,0.3422760362104906,-0.24112878721429104,-0.19276665202223586,-0.7601881349339397,0.0000,1.0000,0.2500,10.421
2026-04-26 20:28:55.996,470,0.07442920888394065,0.34230498699476763,-0.24111693123812777,-0.19267757558741852,-0.7601457517508301,0.0000,0.3000,-0.0500,7.279
2026-04-26 20:28:56.006,471,0.07435297700151375,0.34233294315227714,-0.2411041112137572,-0.19258895243593235,-0.7601037029751224,0.0000,1.0000,-0.0500,8.207
2026-04-26 20:28:56.015,472,0.07427686328101048,0.34236045555809685,-0.24109076333155297,-0.1925002793386379,-0.7600616013868419,0.0000,0.6500,-0.1000,8.487
2026-04-26 20:28:56.024,473,0.07420141570100794,0.3423869786626296,-0.24107643370124446,-0.19241201394312726,-0.7600198142788477,0.0000,0.9500,0.1000,8.507
2026-04-26 20:28:56.033,474,0.07412666854416723,0.34241279311557393,-0.24106156528083433,-0.1923243420719881,-0.7599783664504479,0.0000,0.7500,0.0500,10.616
2026-04-26 20:28:56.042,475,0.07405235872282165,0.34243870757608263,-0.2410471948086966,-0.192237317061952,-0.7599370844249025,0.0000,0.6000,-0.0500,5.066
2026-04-26 20:28:56.051,476,0.07397812333028753,0.34246445876666265,-0.2410326845851035,-0.19215032319254427,-0.7598957281507345,0.0000,0.7000,0.0500,9.433
2026-04-26 20:28:56.061,477,0.07390401153446331,0.3424897701930668,-0.24101765181426985,-0.19206328757078164,-0.7598543322645602,0.0000,0.5500,0.1000,6.579
2026-04-26 20:28:56.071,478,0.07383028717751362,0.34251495075176336,-0.24100273491515614,-0.1919767162344392,-0.7598130744913033,0.0000,0.7500,-0.2000,8.563
2026-04-26 20:28:56.079,479,0.07375633974266506,0.34253942169530865,-0.24098665794720414,-0.191889505590419,-0.7597715496224765,0.0000,0.8000,0.3000,6.346
2026-04-26 20:28:56.089,480,0.07368310874068043,0.34256399696431084,-0.24097126736574734,-0.19180331509598575,-0.7597303857742429,0.0000,0.8500,-0.0500,8.957
2026-04-26 20:28:56.098,481,0.07361032758822035,0.34258682180681915,-0.24095360253648737,-0.19171686173956598,-0.759689406973396,0.0000,0.9000,0.3500,6.250
2026-04-26 20:28:56.107,482,0.07353708393971263,0.3426092530989473,-0.24093508977082945,-0.19162960731017514,-0.7596480067123388,0.0000,0.5500,0.2000,6.790
2026-04-26 20:28:56.117,483,0.0734648646226721,0.34263209363731667,-0.24091792372125084,-0.1915439354573562,-0.7596071779063571,0.0000,0.5000,-0.2000,5.901
2026-04-26 20:28:56.125,484,0.07339249495087269,0.3426556052485972,-0.24090171325421955,-0.19145841066347022,-0.7595661391027889,0.0000,0.3500,-0.1500,7.000
2026-04-26 20:28:56.134,485,0.07332048459614215,0.3426795067567638,-0.24088637564877133,-0.19137357172300937,-0.7595252317292688,0.0000,0.7000,-0.0500,9.162
2026-04-26 20:28:56.144,486,0.07324846870172304,0.3427030050019521,-0.24087047720019808,-0.19128853540313148,-0.7594842141696784,0.0000,1.0000,0.2500,9.099
2026-04-26 20:28:56.152,487,0.07317704196470318,0.3427266480552902,-0.24085523576375015,-0.19120436849427616,-0.7594434844861372,0.0000,1.0000,-0.1500,8.620
2026-04-26 20:28:56.161,488,0.07310573152406251,0.34274988653854227,-0.24083951132596929,-0.19112016565400924,-0.7594027290113984,0.0000,0.8500,0.1000,8.118
2026-04-26 20:28:56.170,489,0.07303454894600689,0.34277297650884886,-0.24082369498852702,-0.19103607016313187,-0.7593619570060977,0.0000,0.5500,0.1000,8.484
2026-04-26 20:28:56.179,490,0.07296371025792994,0.3427949082461563,-0.2408064155051848,-0.19095186503130585,-0.7593213140150816,0.0000,1.0000,0.2500,8.723
2026-04-26 20:28:56.189,491,0.07289375283837773,0.3428164685507055,-0.24078921065451386,-0.190868659999046,-0.7592811597943999,0.0000,1.0000,0.1000,7.758
2026-04-26 20:28:56.197,492,0.07282477959145794,0.3428369004998988,-0.2407710129913142,-0.19078621364866175,-0.7592415644279211,0.0000,1.0000,0.1000,10.796
2026-04-26 20:28:56.209,493,0.07275590863635258,0.3428574889071592,-0.24075316116109388,-0.1907039923863333,-0.7592019414540133,0.0000,0.9000,0.1500,7.336
2026-04-26 20:28:56.218,494,0.07268749478981998,0.3428779886058658,-0.24073552331415693,-0.1906223465607122,-0.7591625288542115,0.0000,0.7000,-0.0500,8.216
2026-04-26 20:28:56.228,495,0.07261896075511097,0.34289891001982975,-0.2407184795871146,-0.19054076150001184,-0.7591229431794906,0.0000,0.3500,-0.0500,8.418
2026-04-26 20:28:56.238,496,0.07255114635924591,0.342918961707218,-0.24070065207681077,-0.1904597111003033,-0.7590837457087726,0.0000,0.8500,0.1500,9.139
2026-04-26 20:28:56.247,497,0.07248321676841792,0.3429394365769122,-0.24068342297498624,-0.19037872855419763,-0.7590443812595148,0.0000,0.6500,-0.0500,7.954
2026-04-26 20:28:56.256,498,0.07241632678839599,0.34296032268297894,-0.24066754362677825,-0.19029934748191732,-0.7590056210549583,0.0000,0.3500,-0.2500,8.119
2026-04-26 20:28:56.266,499,0.07234988582824421,0.3429821031000359,-0.24065334431944516,-0.1902210218205716,-0.75896707270025,0.0000,0.4500,-0.1500,5.887
2026-04-26 20:28:56.276,500,0.07228351567643868,0.3430047677988861,-0.2406405572797583,-0.1901432421300959,-0.758928485366825,0.0000,0.9000,-0.1000,5.291
2026-04-26 20:28:56.286,501,0.07221755472960466,0.34302778062876216,-0.240628603299726,-0.1900661913893242,-0.7588900859451977,0.0000,0.5000,0.0000,8.271
2026-04-26 20:28:56.294,502,0.07215170753591826,0.3430514033848433,-0.2406176775333374,-0.18998960642091753,-0.7588516787408581,0.0000,0.4500,-0.1500,9.066
2026-04-26 20:28:56.304,503,0.07208625379925374,0.3430748591036539,-0.24060680044229504,-0.18991347154456106,-0.758813451477328,0.0000,0.9000,0.1000,6.701
2026-04-26 20:28:56.313,504,0.07202147721650505,0.34309840378104056,-0.24059654459773297,-0.18983829288568357,-0.7587755945213281,0.0000,0.9000,-0.0500,9.549
2026-04-26 20:28:56.325,505,0.07195723618147822,0.34312253728876824,-0.24058756485757904,-0.18976413143891427,-0.7587380146856554,0.0000,0.8500,-0.1000,5.561
2026-04-26 20:28:56.335,506,0.07189366264928501,0.3431467414922304,-0.24057917145259183,-0.18969090394609933,-0.7587008011390566,0.0000,0.6500,-0.0500,6.776
2026-04-26 20:28:56.343,507,0.07183018614942095,0.3431705491712247,-0.24057028270945302,-0.18961761604076366,-0.7586635747485542,0.0000,0.7000,-0.0500,7.486
2026-04-26 20:28:56.354,508,0.07176713009434317,0.34319419032159776,-0.24056145870883236,-0.18954481381034097,-0.7586265522854349,0.0000,0.6500,-0.0500,8.622
2026-04-26 20:28:56.362,509,0.07170524365531118,0.3432174158127693,-0.2405528246887819,-0.18947337145936116,-0.7585902343427421,0.0000,0.8500,0.0000,9.385
2026-04-26 20:28:56.373,510,0.07164366054401469,0.3432402327485386,-0.24054381327358015,-0.1894021373653287,-0.7585540445232898,0.0000,0.9500,0.1500,11.664
2026-04-26 20:28:56.383,511,0.07158286940699389,0.343261913882057,-0.2405336588590225,-0.1893313993120746,-0.7585183097028667,0.0000,1.0000,0.3000,11.143
2026-04-26 20:28:56.392,512,0.07152182570454647,0.34328396207088263,-0.24052391888082683,-0.1892605158891317,-0.7584823346164287,0.0000,0.8000,-0.1000,7.269
2026-04-26 20:28:56.402,513,0.07146141163209416,0.3433054010124819,-0.24051371653201883,-0.18919017508794717,-0.7584467084725929,0.0000,0.7500,-0.1000,10.681
2026-04-26 20:28:56.411,514,0.07140103984671112,0.343327435486871,-0.2405044669444686,-0.18912019605854727,-0.7584110407715696,0.0000,0.4500,-0.0500,6.860
2026-04-26 20:28:56.421,515,0.07134066297067512,0.34334837932408163,-0.24049360880901519,-0.18904967243131213,-0.7583753009744392,0.0000,0.9500,0.2000,11.496
2026-04-26 20:28:56.431,516,0.07128078394905729,0.3433696793593816,-0.24048364721324997,-0.18897999810467944,-0.7583398254084508,0.0000,0.8500,0.0500,7.740
2026-04-26 20:28:56.441,517,0.07122228666315311,0.3433903862976208,-0.24047374701355054,-0.1889118768285331,-0.7583052043428785,0.0000,0.8000,-0.2000,11.029
2026-04-26 20:28:56.451,518,0.07116491513634661,0.3434116935175793,-0.24046552717874195,-0.18884556388083756,-0.7582712681264959,0.0000,0.3500,-0.3000,10.504
2026-04-26 20:28:56.460,519,0.0711072197922109,0.34343334667972897,-0.24045763937370393,-0.18877899921562769,-0.7582370513598715,0.0000,1.0000,0.1500,8.559
2026-04-26 20:28:56.470,520,0.07104956437778547,0.3434555818714248,-0.2404506797925745,-0.18871278576661615,-0.758202797511112,0.0000,0.6000,-0.1000,8.170
2026-04-26 20:28:56.480,521,0.07099141710809106,0.3434767317937551,-0.24044179253527,-0.18864538073328094,-0.7581681530124269,0.0000,0.7500,0.3000,5.568
2026-04-26 20:28:56.489,522,0.07093303009230442,0.3434984768876261,-0.24043366591396345,-0.18857796037878335,-0.758133286877797,0.0000,0.5500,-0.1000,6.819
2026-04-26 20:28:56.500,523,0.07087513301767766,0.3435198620419346,-0.2404253533045269,-0.18851101996259015,-0.7580986864924686,0.0000,1.0000,0.0500,7.966
2026-04-26 20:28:56.510,524,0.07081799133846596,0.343541125471704,-0.24041738858959233,-0.1884450324314218,-0.7580645297391172,0.0000,1.0000,0.0000,10.439
2026-04-26 20:28:56.522,525,0.07076061268968455,0.3435610924143027,-0.24040734764529023,-0.18837808715234838,-0.7580301559405608,0.0000,1.0000,0.3000,8.348
2026-04-26 20:28:56.533,526,0.07070371964601319,0.3435814288769263,-0.2403982108016506,-0.1883119804650474,-0.757996047699235,0.0000,0.7500,-0.0500,8.031
2026-04-26 20:28:56.541,527,0.07064743321393537,0.34360165294962586,-0.24038933547348101,-0.18824663266114827,-0.7579622865588214,0.0000,0.8000,0.0000,7.513
2026-04-26 20:28:56.550,528,0.07059169898660766,0.3436215431327891,-0.24038035275474445,-0.18818186035444331,-0.7579288371076932,0.0000,0.7000,-0.0500,9.486
2026-04-26 20:28:56.558,529,0.07053654312380861,0.3436404009970513,-0.24037023206163774,-0.18811734911742042,-0.7578957176324111,0.0000,0.8000,0.0000,6.602
2026-04-26 20:28:56.569,530,0.07048185236276995,0.3436591802411242,-0.2403603280598018,-0.18805342469126474,-0.7578628534584706,0.0000,0.8500,-0.0500,8.421
2026-04-26 20:28:56.580,531,0.07042667254417848,0.34367764975661746,-0.2403496576121367,-0.18798869921958428,-0.7578296093011603,0.0000,0.8500,0.0500,8.270
2026-04-26 20:28:56.588,532,0.07037173610347791,0.34369627235942857,-0.24033940287000327,-0.18792438060248684,-0.757796474259951,0.0000,0.7000,-0.0500,6.242
2026-04-26 20:28:56.599,533,0.07031711821650352,0.34371433923896383,-0.24032855037739514,-0.1878602145820166,-0.7577634992491036,0.0000,0.9500,0.0500,9.613
2026-04-26 20:28:56.606,534,0.07026278342890678,0.3437325503743397,-0.24031812611477524,-0.1877965037894676,-0.7577306614174676,0.0000,0.7500,0.0000,7.958
2026-04-26 20:28:56.616,535,0.07020922704575314,0.34375090161478195,-0.24030845371265958,-0.1877339064716942,-0.7576982917417255,0.0000,0.9000,-0.1000,6.964
2026-04-26 20:28:56.627,536,0.07015664428275949,0.3437691623375889,-0.24029931703930785,-0.18767256752172332,-0.7576665211273947,0.0000,0.7000,-0.1000,7.956
2026-04-26 20:28:56.635,537,0.07010480278655383,0.34378710034031273,-0.2402902125524235,-0.18761206095183894,-0.7576351954225077,0.0000,0.9000,0.0000,10.476
2026-04-26 20:28:56.645,538,0.0700534022592291,0.3438044888292213,-0.24028059953147277,-0.18755187288719943,-0.7576041151674858,0.0000,1.0000,0.2000,9.925
2026-04-26 20:28:56.657,539,0.07000242877113019,0.34382180524145406,-0.24027118451936696,-0.18749222339394636,-0.7575732718038333,0.0000,0.7500,0.0000,9.135
2026-04-26 20:28:56.665,540,0.06995162283180655,0.3438383622959314,-0.24026076327938742,-0.18743242276591116,-0.7575424930549379,0.0000,0.9500,0.1500,10.359
2026-04-26 20:28:56.677,541,0.0699005268030039,0.3438550746366959,-0.24025040236878478,-0.18737231806359017,-0.7575114745348969,0.0000,0.8500,0.2000,6.899
2026-04-26 20:28:56.686,542,0.06984941048976975,0.3438710341105702,-0.2402389191159307,-0.18731181487442988,-0.757480396809414,0.0000,0.8000,0.2500,5.185
2026-04-26 20:28:56.697,543,0.06979857400328805,0.3438874059455149,-0.24022826112967327,-0.18725189588576824,-0.7574494606378493,0.0000,0.5000,-0.2500,7.182
2026-04-26 20:28:56.709,544,0.06974772336685074,0.34390371016785753,-0.24021751216242415,-0.1871919290680604,-0.7574184707106896,0.0000,0.6500,0.1500,3.413
2026-04-26 20:28:56.718,545,0.06969738934637165,0.3439204161798523,-0.2402077298634392,-0.1871328567376607,-0.7573877815367117,0.0000,0.6500,-0.3000,10.225
2026-04-26 20:28:56.730,546,0.06964723741074666,0.3439370649555704,-0.2401980023794918,-0.1870740032685645,-0.7573571707500414,0.0000,0.9000,-0.0500,8.139
2026-04-26 20:28:56.738,547,0.06959701397245502,0.34395410019973743,-0.24018882592013,-0.1870152523259457,-0.7573264699373705,0.0000,0.8500,0.0000,7.228
2026-04-26 20:28:56.750,548,0.06954741396168365,0.34397151114885055,-0.24018064734203545,-0.1869575250321984,-0.7572961430208536,0.0000,0.7000,0.0000,5.109
2026-04-26 20:28:56.762,549,0.06949701721783151,0.3439895138994024,-0.24017284373563064,-0.18689903581970524,-0.7572652438525895,0.0000,0.3500,0.1000,5.964
2026-04-26 20:28:56.770,550,0.0694470318060111,0.34400809244376407,-0.24016619618983992,-0.18684138737076542,-0.7572345784257654,0.0000,0.8000,-0.1000,4.035
2026-04-26 20:28:56.781,551,0.06939817128685827,0.34402701990869067,-0.24016083982965844,-0.18678541759657857,-0.7572046230546704,0.0000,0.7500,-0.3500,9.817
2026-04-26 20:28:56.790,552,0.06934995459839867,0.34404584678080796,-0.2401557794088972,-0.1867302602591281,-0.7571750576294125,0.0000,0.7500,-0.2000,8.759
2026-04-26 20:28:56.802,553,0.0693016417682287,0.34406412029197303,-0.24014984219628357,-0.18667470228008778,-0.7571453894241753,0.0000,0.8500,0.2500,7.334
2026-04-26 20:28:56.813,554,0.06925303058544802,0.3440816308079457,-0.24014257867302952,-0.18661836916438626,-0.7571154842119745,0.0000,0.7000,0.2500,9.575
2026-04-26 20:28:56.822,555,0.06920410366631186,0.3440986161707135,-0.24013433375669496,-0.18656135659222473,-0.7570853309752252,0.0000,0.8000,0.2000,6.818
2026-04-26 20:28:56.835,556,0.06915484285558697,0.344115743467266,-0.2401260957218608,-0.186503973838591,-0.7570549181734434,0.0000,0.6500,0.1500,7.448
2026-04-26 20:28:56.844,557,0.06910580454503823,0.3441328000972569,-0.2401179163472228,-0.18644685639839217,-0.7570246172890318,0.0000,0.6500,-0.1500,9.560
2026-04-26 20:28:56.856,558,0.06905718203131365,0.34414978684710934,-0.24010992543194873,-0.1863902623340066,-0.7569945577326637,0.0000,0.7500,-0.1500,8.015
2026-04-26 20:28:56.868,559,0.0690086666506669,0.3441664738080812,-0.24010157209586924,-0.1863336650805997,-0.7569645342665556,0.0000,1.0000,0.2000,7.963
2026-04-26 20:28:56.876,560,0.06896008073891977,0.3441826484217554,-0.24009241882096627,-0.18627672141547225,-0.7569344289778992,0.0000,0.9500,0.2500,6.406
2026-04-26 20:28:56.887,561,0.0689116703034542,0.3441994053543745,-0.24008427137748206,-0.18622030662453717,-0.7569044063936429,0.0000,0.4500,-0.1000,7.094
2026-04-26 20:28:56.894,562,0.06886343711512816,0.34421673092463545,-0.24007711019350186,-0.18616441617209176,-0.7568744682085554,0.0000,0.8000,-0.1000,3.862
2026-04-26 20:28:56.905,563,0.06881556369986064,0.34423418708006687,-0.24007039964719035,-0.18610907434444007,-0.7568447366130667,0.0000,0.7000,-0.1000,5.631
2026-04-26 20:28:56.916,564,0.06876786627725533,0.3442519778257255,-0.2400643230022003,-0.18605413804906007,-0.7568150895857991,0.0000,0.6000,-0.0500,7.951
2026-04-26 20:28:56.924,565,0.06872054041218184,0.34426988714869966,-0.240058686395431,-0.18599975997895135,-0.7567856579947357,0.0000,0.8500,-0.0500,5.355
2026-04-26 20:28:56.936,566,0.06867311458977034,0.34428727273857446,-0.24005221180100494,-0.1859449902395147,-0.7567561279806622,0.0000,0.8500,0.1500,8.386
2026-04-26 20:28:56.943,567,0.06862533619892534,0.34430435345433236,-0.24004505888624567,-0.1858896013933423,-0.7567263316129532,0.0000,0.8500,0.2500,7.665
2026-04-26 20:28:56.954,568,0.06857726783440105,0.34432071605609077,-0.24003664931061847,-0.18583347022884164,-0.7566963110910653,0.0000,0.9000,0.1500,10.444
2026-04-26 20:28:56.966,569,0.06852974335622299,0.34433701015284757,-0.24002851318691504,-0.18577803331332535,-0.7566666227842579,0.0000,0.9000,0.0000,9.565
2026-04-26 20:28:56.973,570,0.06848215964432432,0.3443538726970973,-0.24002120365955473,-0.18572280491315624,-0.7566368650681238,0.0000,0.5000,-0.1000,8.666
2026-04-26 20:28:56.984,571,0.06843497766823561,0.3443704487922421,-0.24001374549544746,-0.18566797215702777,-0.7566073457044861,0.0000,0.7500,-0.1000,8.716
2026-04-26 20:28:56.992,572,0.06838796951019725,0.3443869574445711,-0.24000631506065817,-0.18561334060942555,-0.7565779131902423,0.0000,0.8500,-0.1500,9.243
2026-04-26 20:28:57.004,573,0.06834068643037827,0.3444031895196633,-0.2399982992984455,-0.18555820733577655,-0.7565482688009446,0.0000,0.6000,0.0500,7.585
2026-04-26 20:28:57.016,574,0.0682940080084773,0.3444199945064781,-0.23999155863641985,-0.1855041698066177,-0.7565189993519669,0.0000,0.5000,-0.3000,9.410
2026-04-26 20:28:57.023,575,0.06824770335970788,0.3444371484201293,-0.23998560298465124,-0.18545080813695294,-0.7564899513425926,0.0000,0.8000,-0.0500,6.901
2026-04-26 20:28:57.034,576,0.06820149066958735,0.34445380661662495,-0.23997897731426124,-0.18539732420666422,-0.7564609373126371,0.0000,1.0000,0.2000,7.376
2026-04-26 20:28:57.043,577,0.06815563883763767,0.34447018430018295,-0.23997218351415445,-0.18534418410576012,-0.7564321369383437,0.0000,0.9000,-0.0500,7.502
2026-04-26 20:28:57.056,578,0.06810969452092848,0.34448586893523725,-0.239964300371348,-0.18529057706509275,-0.7564032483948387,0.0000,0.8500,0.2500,6.656
2026-04-26 20:28:57.149,579,0.06806406352564402,0.34450191748122005,-0.2399571836841478,-0.185237572595828,-0.7563745426172691,0.0000,0.7500,0.0000,6.226
2026-04-26 20:28:57.156,580,0.06801832826658756,0.3445185278233916,-0.23995085171468916,-0.18518471281752308,-0.7563457416072289,0.0000,0.6000,0.0500,5.632
2026-04-26 20:28:57.163,581,0.06797229400386037,0.34453548175836346,-0.23994484715830067,-0.1851316289331171,-0.7563167159239682,0.0000,0.5000,-0.0500,6.467
2026-04-26 20:28:57.171,582,0.06792591850363887,0.34455256635483833,-0.23993882229175925,-0.1850781581236607,-0.7562874377916663,0.0000,0.8000,0.0500,7.719
2026-04-26 20:28:57.178,583,0.06787961036127658,0.34456937007753224,-0.2399324320412025,-0.18502463937440378,-0.7562581799815862,0.0000,0.9500,0.1000,9.230
2026-04-26 20:28:57.185,584,0.06783319542910905,0.3445859002610241,-0.23992557114473448,-0.18497084411545062,-0.7562288267640301,0.0000,0.8500,0.0500,8.742
2026-04-26 20:28:57.193,585,0.06778684341053336,0.34460277885790097,-0.2399192855039925,-0.18491730955459626,-0.7561994916378103,0.0000,0.9500,0.0000,6.177
2026-04-26 20:28:57.201,586,0.067740614638168,0.34461877335036983,-0.23991176640363382,-0.18486349983733621,-0.7561702151824382,0.0000,0.7000,0.1500,8.121
2026-04-26 20:28:57.209,587,0.0676946963623753,0.3446347164918755,-0.23990438764940766,-0.18481008096902987,-0.7561411225838882,0.0000,0.8000,0.1500,9.090
2026-04-26 20:28:57.218,588,0.0676484381675907,0.34465040193051283,-0.23989640594745715,-0.18475608251503686,-0.7561117805788973,0.0000,0.8000,0.1000,9.047
2026-04-26 20:28:57.227,589,0.06760205841265238,0.3446652278233504,-0.23988706395265524,-0.184701494661643,-0.7560823350819308,0.0000,0.9500,0.3500,10.193
2026-04-26 20:28:57.236,590,0.06755598241524466,0.3446796127209185,-0.239877272884931,-0.1846470937375536,-0.7560530699748899,0.0000,0.7500,0.0500,7.258
2026-04-26 20:28:57.245,591,0.06751002147945302,0.34469457606967585,-0.23986843596797167,-0.18459313783519188,-0.7560238597922245,0.0000,0.6500,-0.2500,6.300
2026-04-26 20:28:57.254,592,0.06746375673783157,0.34470929664609073,-0.2398590419750223,-0.18453865781715445,-0.7559944256157214,0.0000,0.6000,0.0500,5.231
2026-04-26 20:28:57.263,593,0.06741717231589028,0.34472357837156603,-0.23984878606089774,-0.18448353444298204,-0.7559647571842364,0.0000,0.7500,0.2000,7.362
2026-04-26 20:28:57.272,594,0.06737007592199742,0.3447376333809269,-0.23983785809128283,-0.1844276173565985,-0.7559347266203699,0.0000,0.9000,0.2500,8.795
2026-04-26 20:28:57.280,595,0.06732309424743611,0.3447520662281754,-0.23982758255136963,-0.18437204438925556,-0.7559047520305767,0.0000,0.5000,-0.1000,6.251
2026-04-26 20:28:57.288,596,0.06727604138751653,0.3447666672665548,-0.23981752089666342,-0.18431646281104033,-0.7558747097859794,0.0000,0.4000,0.0000,5.495
2026-04-26 20:28:57.295,597,0.06722910960568315,0.34478223074824155,-0.23980899254522736,-0.18426152606618978,-0.7558447283651759,0.0000,0.4500,-0.2000,5.634
2026-04-26 20:28:57.303,598,0.06718212674757004,0.3447973387341439,-0.23979975568505268,-0.18420629561338944,-0.755814693297013,0.0000,0.7500,0.0000,8.495
2026-04-26 20:28:57.311,599,0.06713550903841457,0.34481239751724446,-0.23979069710731804,-0.18415152953398908,-0.7557848823589298,0.0000,0.6000,-0.2000,9.778
2026-04-26 20:28:57.319,600,0.06708944321960093,0.3448278053648372,-0.23978253857741041,-0.18409767591850504,-0.7557554203347209,0.0000,0.6000,-0.2000,7.218
2026-04-26 20:28:57.327,601,0.06704348220830793,0.34484355800184635,-0.2397749754996391,-0.18404413648780296,-0.7557260094543674,0.0000,0.9500,0.0500,7.052
2026-04-26 20:28:57.334,602,0.0669976668751697,0.3448604398588569,-0.23976921164102613,-0.18399135792065355,-0.7556966772458762,0.0000,0.5000,-0.1500,7.986
2026-04-26 20:28:57.342,603,0.06695159958787664,0.34487685024965087,-0.2397625807599823,-0.1839380096672948,-0.7556671588977444,0.0000,0.7000,0.1500,9.512
2026-04-26 20:28:57.351,604,0.06690562367340219,0.3448927988545185,-0.23975532613939698,-0.18388455430738318,-0.755637683567174,0.0000,1.0000,0.3000,8.210
2026-04-26 20:28:57.359,605,0.06685897954867391,0.3449092682640471,-0.23974841515607412,-0.18383047032944264,-0.7556077451339148,0.0000,0.6500,0.0000,7.156
2026-04-26 20:28:57.368,606,0.06681267431645786,0.34492527338385326,-0.239741041451726,-0.18377660796106984,-0.7555780152642488,0.0000,0.8000,0.1500,10.434
2026-04-26 20:28:57.378,607,0.06676708402152227,0.3449416004003448,-0.2397346348856984,-0.18372386166002688,-0.7555487449151593,0.0000,0.7500,-0.2000,10.858
2026-04-26 20:28:57.387,608,0.06672181876835197,0.3449568839273751,-0.2397268873334011,-0.18367102884451422,-0.7555196744128669,0.0000,1.0000,0.2500,7.122
2026-04-26 20:28:57.397,609,0.06667687534194087,0.34497172713554036,-0.23971870129409,-0.1836184067855367,-0.7554908018667501,0.0000,0.8000,0.1500,8.292
2026-04-26 20:28:57.404,610,0.06663146258883844,0.3449867240790746,-0.23971044030188082,-0.18356523761173957,-0.7554616000901,0.0000,0.6500,0.2500,6.996
2026-04-26 20:28:57.413,611,0.06658632730536972,0.34500167175279295,-0.2397022976032852,-0.18351241552216752,-0.7554325671923244,0.0000,0.8000,0.0500,7.662
2026-04-26 20:28:57.422,612,0.06654151986769265,0.3450161770590144,-0.23969371702760828,-0.1834598111097963,-0.7554037369990418,0.0000,0.8000,-0.1000,6.127
2026-04-26 20:28:57.430,613,0.06649697390635495,0.34503102149928777,-0.23968582647421718,-0.18340772660679894,-0.7553750655018413,0.0000,1.0000,-0.0500,6.017
2026-04-26 20:28:57.439,614,0.06645253212089737,0.3450460057989202,-0.23967822205904504,-0.18335585261627482,-0.7553464480680722,0.0000,0.6500,0.0000,8.868
2026-04-26 20:28:57.447,615,0.06640837420702542,0.34506016244637644,-0.23966957220844715,-0.18330394495150606,-0.7553180047256788,0.0000,0.9000,0.2000,5.826
2026-04-26 20:28:57.456,616,0.06636393955142618,0.34507388944968037,-0.23966010009032387,-0.18325145510724145,-0.7552893619597977,0.0000,0.9500,0.2000,7.910
2026-04-26 20:28:57.465,617,0.0663192295694566,0.3450871929336883,-0.23964981573513325,-0.18319838800857846,-0.7552605209379353,0.0000,0.7000,0.2000,7.326
2026-04-26 20:28:57.475,618,0.06627425036009595,0.3451014217987922,-0.23964074646055764,-0.18314542621357935,-0.7552314859466537,0.0000,0.5500,-0.1000,6.665
2026-04-26 20:28:57.485,619,0.06622919533481952,0.3451163632105474,-0.23963270185850488,-0.1830927211632442,-0.7552023861442039,0.0000,0.7000,-0.1500,5.066
2026-04-26 20:28:57.493,620,0.06618405144470102,0.34513123992973593,-0.23962450727491663,-0.1830398668160073,-0.75517321304531,0.0000,0.8500,0.1000,8.655
2026-04-26 20:28:57.504,621,0.06613918064884888,0.34514548200276896,-0.23961554899097373,-0.18298706078418123,-0.7551442081668427,0.0000,1.0000,0.2500,10.295
2026-04-26 20:28:57.515,622,0.0660944237522473,0.3451600500386774,-0.23960716169712148,-0.18293457108956834,-0.7551152655864275,0.0000,0.6500,-0.1000,7.261
2026-04-26 20:28:57.523,623,0.06605047639281322,0.34517418018009316,-0.239598663274225,-0.1828829432983556,-0.7550868492671975,0.0000,0.9500,0.1000,7.578
2026-04-26 20:28:57.533,624,0.06600677722667164,0.3451882581935151,-0.23959025805246376,-0.1828316218132761,-0.7550585851813566,0.0000,0.8500,0.1000,7.904
2026-04-26 20:28:57.541,625,0.0659631372812533,0.3452020931430906,-0.2395815335573819,-0.1827802591812917,-0.755030347545624,0.0000,0.9500,0.0500,6.250
2026-04-26 20:28:57.552,626,0.06591975070486175,0.3452158776216189,-0.23957290802275139,-0.18272921054184602,-0.7550022659876579,0.0000,0.8500,-0.1500,7.558
2026-04-26 20:28:57.563,627,0.06587626970471704,0.3452292364019638,-0.23956358665969932,-0.18267782453662385,-0.7549741088381284,0.0000,0.7500,0.0000,8.632
2026-04-26 20:28:57.570,628,0.06583283371642734,0.345242742280921,-0.23955452153547124,-0.1826265734574426,-0.7549459692437439,0.0000,0.8500,0.0000,9.753
2026-04-26 20:28:57.580,629,0.0657901504390067,0.3452565806689612,-0.23954646248137074,-0.182576493587809,-0.7549183191906382,0.0000,1.0000,-0.1000,4.397
2026-04-26 20:28:57.587,630,0.06574790146816327,0.34527074304845157,-0.23953918436893182,-0.18252715610974315,-0.754890946593273,0.0000,0.7500,-0.1500,6.511
2026-04-26 20:28:57.597,631,0.0657059076839319,0.3452848488093177,-0.23953199678848128,-0.18247813187178158,-0.754863732219568,0.0000,0.9000,0.0000,7.926
2026-04-26 20:28:57.607,632,0.06566417387290083,0.3452988984405025,-0.23952490358445952,-0.18242942748100432,-0.7548366794390932,0.0000,0.7500,0.0000,7.205
2026-04-26 20:28:57.615,633,0.06562253500423636,0.34531251768775995,-0.23951723327610952,-0.1823806357499605,-0.7548096784071261,0.0000,0.7000,0.0000,6.425
2026-04-26 20:28:57.626,634,0.06558099490614838,0.34532664270710606,-0.2395103925719454,-0.18233222984200978,-0.7547827318490029,0.0000,0.5000,-0.2000,5.642
2026-04-26 20:28:57.634,635,0.0655399148250137,0.3453407040115107,-0.2395037679958547,-0.18228440665682863,-0.7547560807662396,0.0000,0.8500,-0.1000,6.983
2026-04-26 20:28:57.644,636,0.06549922240892772,0.3453539590746723,-0.23949619744844447,-0.18223669844369564,-0.7547296770922721,0.0000,1.0000,0.2500,13.251
2026-04-26 20:28:57.654,637,0.0654587649686757,0.3453666068710463,-0.23948787752438017,-0.18218900108612976,-0.7547034191998093,0.0000,0.9000,0.0000,9.542
2026-04-26 20:28:57.661,638,0.06541821594522708,0.34537958289348547,-0.2394799936838261,-0.18214134690069894,-0.7546770895458665,0.0000,0.5000,0.0000,5.734
2026-04-26 20:28:57.671,639,0.06537756410313623,0.34539250877606864,-0.23947197081560528,-0.18209353170629794,-0.7546506808007369,0.0000,0.8000,0.1500,9.084
2026-04-26 20:28:57.678,640,0.06533698725651449,0.3454052010748106,-0.2394636522255625,-0.1820457008491287,-0.7546243116653427,0.0000,0.7000,0.1000,8.608
2026-04-26 20:28:57.688,641,0.0652970359173701,0.34541858755345023,-0.2394567964974573,-0.18199905221004375,-0.7545983493034981,0.0000,0.4500,-0.4000,8.278
2026-04-26 20:28:57.697,642,0.06525750556552654,0.3454313663680476,-0.23944931444978884,-0.181952662156732,-0.7545726575218903,0.0000,0.8000,0.1000,10.829
2026-04-26 20:28:57.705,643,0.06521733984708733,0.34544410013487153,-0.23944134570325473,-0.18190540350894494,-0.7545465322357577,0.0000,0.7000,0.1500,6.123
2026-04-26 20:28:57.715,644,0.0651768588191475,0.3454569744037348,-0.2394333818872131,-0.18185779576810926,-0.754520186965399,0.0000,0.6500,0.1000,8.721
2026-04-26 20:28:57.723,645,0.06513629044383741,0.34547035269725274,-0.2394261201945839,-0.18181032462901076,-0.7544937738322361,0.0000,0.4500,-0.1000,6.795
2026-04-26 20:28:57.733,646,0.06509578703004712,0.34548349846463466,-0.2394185572736711,-0.18176282487898565,-0.7544673945199974,0.0000,0.8500,0.2500,8.519
2026-04-26 20:28:57.743,647,0.0650550313755193,0.34549623036451255,-0.2394102095804524,-0.1817147828954551,-0.7544408377028128,0.0000,0.6500,0.1500,7.160
2026-04-26 20:28:57.750,648,0.0650147019366481,0.3455094650118817,-0.23940290427884192,-0.1816675615791238,-0.7544145558251116,0.0000,0.5500,-0.2000,10.794
2026-04-26 20:28:57.760,649,0.0649750976619545,0.3455217365464617,-0.23939464181553405,-0.18162082658279088,-0.7543887483239724,0.0000,1.0000,0.0000,9.972
2026-04-26 20:28:57.768,650,0.06493569893524327,0.34553433282851653,-0.23938700750915742,-0.18157452900013235,-0.7543630689245916,0.0000,1.0000,0.0000,7.402
2026-04-26 20:28:57.778,651,0.06489617303129787,0.34554670367601587,-0.23937895420979946,-0.18152795009187156,-0.7543372959441116,0.0000,0.5500,0.1500,8.740
2026-04-26 20:28:57.788,652,0.06485637608579836,0.34555903198940663,-0.2393706602994289,-0.1814809894747189,-0.7543113336049299,0.0000,0.7500,-0.0500,7.427
2026-04-26 20:28:57.795,653,0.06481631645967016,0.34557186070949675,-0.23936294570494013,-0.18143392975277542,-0.7542851876109617,0.0000,0.6000,-0.0500,7.630
2026-04-26 20:28:57.807,654,0.06477667718198266,0.34558536057789074,-0.23935652183405906,-0.18138776698827874,-0.7542593134429357,0.0000,0.6000,-0.2500,6.232
2026-04-26 20:28:57.814,655,0.06473677326881351,0.3455986179494145,-0.2393495615065434,-0.18134113103296473,-0.7542332545709988,0.0000,0.7500,-0.0500,5.821
2026-04-26 20:28:57.828,656,0.06469675324965356,0.3456116368941548,-0.23934216979149908,-0.18129422194762404,-0.7542071101390153,0.0000,0.7000,0.1000,4.600
2026-04-26 20:28:57.839,657,0.0646566375145867,0.34562388397039806,-0.23933356006489528,-0.18124680018480807,-0.7541808938627154,0.0000,1.0000,0.2500,9.153
2026-04-26 20:28:57.849,658,0.06461693454410988,0.34563572843776,-0.23932462514912672,-0.1811997283351509,-0.7541549448496027,0.0000,1.0000,0.1000,8.577
2026-04-26 20:28:57.862,659,0.06457695999726316,0.34564771345696943,-0.23931572350476346,-0.18115236551143146,-0.7541288069910685,0.0000,0.9000,0.2500,7.315
2026-04-26 20:28:57.873,660,0.06453738472173573,0.34566037186068177,-0.23930810156016336,-0.18110587258078545,-0.7541029276358235,0.0000,0.6500,-0.1500,8.642
2026-04-26 20:28:57.886,661,0.06449770140606624,0.3456735132509777,-0.23930113545917459,-0.1810594779163855,-0.7540769686913905,0.0000,0.6500,0.1000,5.195
2026-04-26 20:28:57.898,662,0.06445808995458782,0.3456858881677763,-0.2392930708970402,-0.18101279664823808,-0.754051050207428,0.0000,0.8000,0.2000,7.707
2026-04-26 20:28:57.907,663,0.06441887887727626,0.34569874622562696,-0.23928600125214042,-0.18096689158470783,-0.7540253913023215,0.0000,0.6500,-0.3000,6.423
2026-04-26 20:28:57.920,664,0.0643801810130353,0.345712254608191,-0.23928025247655976,-0.18092199675746903,-0.7540000673120655,0.0000,0.7500,-0.1000,8.260
2026-04-26 20:28:57.934,665,0.0643412004338725,0.34572604818710434,-0.2392747462104875,-0.1808768683531687,-0.7539745477264063,0.0000,0.8000,0.0000,6.180
2026-04-26 20:28:57.942,666,0.06430240861351065,0.34573889518914647,-0.23926794906203405,-0.18083151910515718,-0.753949146967941,0.0000,1.0000,0.4000,9.882
2026-04-26 20:28:57.954,667,0.06426381404405078,0.34575186186931167,-0.23926146602793572,-0.1807864934522381,-0.7539238708032504,0.0000,0.7000,-0.1500,8.508
2026-04-26 20:28:57.962,668,0.0642246185597037,0.34576494721252227,-0.2392547634286012,-0.18074072665449792,-0.7538981872254108,0.0000,0.4500,0.1500,5.244
2026-04-26 20:28:57.973,669,0.06418515872195597,0.3457779706389841,-0.23924779472291188,-0.1806945771595357,-0.7538723207107949,0.0000,0.6000,-0.0500,5.513
2026-04-26 20:28:57.984,670,0.06414542978980955,0.3457900622327558,-0.2392392518312249,-0.1806476036770648,-0.7538462681992549,0.0000,1.0000,0.4000,5.076
2026-04-26 20:28:57.992,671,0.06410560108855837,0.34580245550550986,-0.2392310978601886,-0.18060064871915946,-0.7538201426733301,0.0000,0.5500,-0.0500,8.202
2026-04-26 20:28:58.003,672,0.06406600764427972,0.34581514210325376,-0.23922354358580877,-0.18055415479960166,-0.7537941675812633,0.0000,0.7500,-0.2000,7.100
2026-04-26 20:28:58.010,673,0.06402614846342568,0.3458282890368433,-0.2392165054856026,-0.18050753742192369,-0.7537680090234178,0.0000,0.6000,0.0500,5.455
2026-04-26 20:28:58.021,674,0.06398604513870379,0.34584119293221083,-0.23920894285118516,-0.1804604736790276,-0.7537416814895529,0.0000,0.9000,0.1000,8.529
2026-04-26 20:28:58.034,675,0.06394603565608395,0.34585368630545155,-0.23920082973889367,-0.18041333046673508,-0.7537154103968501,0.0000,0.8000,0.0500,8.609
2026-04-26 20:28:58.041,676,0.06390657220212902,0.3458657775252375,-0.2391924801182861,-0.18036671487476635,-0.7536894972948216,0.0000,1.0000,0.1000,7.811
2026-04-26 20:28:58.054,677,0.06386719978890806,0.34587730346423745,-0.23918334593253687,-0.18031993867899876,-0.7536636389486066,0.0000,0.9000,0.2500,10.308
2026-04-26 20:28:58.062,678,0.06382806185076423,0.3458889601648507,-0.23917456682820726,-0.18027354113668856,-0.7536379310701706,0.0000,0.9500,-0.0500,10.591
2026-04-26 20:28:58.074,679,0.06378884070574822,0.34590074565904094,-0.23916592802594228,-0.180227097678297,-0.7536121619592817,0.0000,0.6500,0.0500,6.613
2026-04-26 20:28:58.085,680,0.06374922282186159,0.3459133420348186,-0.2391582435976811,-0.1801805312957203,-0.7535861226810255,0.0000,0.6000,-0.0500,5.356
2026-04-26 20:28:58.095,681,0.06370984089256769,0.34592587879215,-0.23915062955085242,-0.18013425032092337,-0.7535602351161662,0.0000,0.8000,-0.0500,9.991
2026-04-26 20:28:58.106,682,0.06367070461547356,0.3459386981766801,-0.23914360568140441,-0.1800884387977082,-0.75353450581362,0.0000,0.7000,-0.1000,8.945
2026-04-26 20:28:58.114,683,0.06363163631864083,0.3459517935001051,-0.2391370434718957,-0.18004285647697932,-0.7535088164080153,0.0000,0.7000,-0.0500,8.389
2026-04-26 20:28:58.126,684,0.06359266227452214,0.34596600563574514,-0.2391370434718957,-0.17999795881644334,-0.753483184495669,0.0000,0.2000,-0.2500,5.200
2026-04-26 20:28:58.247,685,0.06355347508055845,0.3459808052348718,-0.2391370434718957,-0.1799530712629003,-0.75345740522167,0.0000,0.4500,-0.0500,5.136
2026-04-26 20:28:58.255,686,0.06351453806791166,0.3459948327232622,-0.23913184057922854,-0.17990813179549564,-0.753431787552386,0.0000,1.0000,0.1500,11.333
2026-04-26 20:28:58.262,687,0.0634757122809547,0.3460086075991998,-0.23912633721009438,-0.17986321488070542,-0.7534062389284747,0.0000,0.8000,-0.0500,8.817
2026-04-26 20:28:58.269,688,0.06343712682572207,0.34602280792552137,-0.23912633721009438,-0.17981883168295854,-0.7533808454972021,0.0000,0.5500,0.0000,7.573
2026-04-26 20:28:58.277,689,0.06339833794803121,0.34603725555898424,-0.23912633721009438,-0.17977430145014697,-0.753355311497874,0.0000,0.6000,-0.0500,7.393
2026-04-26 20:28:58.285,690,0.06335950390187974,0.34605161439483706,-0.23912633721009438,-0.17972966712710556,-0.7533297425074519,0.0000,0.7500,0.2000,7.572
2026-04-26 20:28:58.293,691,0.06332077123572677,0.3460655474057319,-0.23912094292041927,-0.179684955590108,-0.7533042362980903,0.0000,0.7500,0.0000,8.699
2026-04-26 20:28:58.300,692,0.06328243975539923,0.3460797283449955,-0.23912094292041927,-0.1796409034490423,-0.7532789928124245,0.0000,0.6500,-0.1500,9.878
2026-04-26 20:28:58.308,693,0.06324421625195871,0.34609381970528097,-0.23912094292041927,-0.17959695099722417,-0.7532538166488317,0.0000,0.7500,0.0000,8.409
2026-04-26 20:28:58.316,694,0.06320639948478676,0.3461076537809303,-0.23911588848452744,-0.17955341272002334,-0.7532289070501709,0.0000,0.7500,-0.2000,8.276
2026-04-26 20:28:58.324,695,0.0631686927642271,0.3461213994482098,-0.23911078371605782,-0.1795099774618359,-0.7532040662922264,0.0000,0.6000,-0.2500,10.164
2026-04-26 20:28:58.332,696,0.06313136769625138,0.346134729897388,-0.2391053193373275,-0.17946684395167598,-0.7531794755135014,0.0000,1.0000,0.0500,10.779
2026-04-26 20:28:58.340,697,0.06309384022691554,0.3461476522194502,-0.2390991164837907,-0.17942323698913956,-0.7531547454115375,0.0000,0.7000,0.2500,7.126
2026-04-26 20:28:58.347,698,0.06305699368840638,0.3461611645278904,-0.2390991164837907,-0.1793808334000279,-0.7531304649402941,0.0000,0.7000,-0.2500,8.340
2026-04-26 20:28:58.355,699,0.06302034054946036,0.34617426492432773,-0.23909370771065408,-0.17933848218637874,-0.7531063091437764,0.0000,1.0000,0.2000,11.342
2026-04-26 20:28:58.363,700,0.06298420835830745,0.34618761690831795,-0.23909370771065408,-0.17929695182196265,-0.7530824964513457,0.0000,0.7500,-0.3500,7.402
2026-04-26 20:28:58.370,701,0.06294826027887597,0.34620121827034983,-0.23909370771065408,-0.1792557920803857,-0.7530588023685376,0.0000,1.0000,-0.0500,6.776
2026-04-26 20:28:58.378,702,0.06291265784558248,0.34621457102095204,-0.23909370771065408,-0.17921496933936149,-0.753035334646936,0.0000,0.8500,-0.0500,10.616
2026-04-26 20:28:58.385,703,0.06287712099582729,0.3462278430600946,-0.23909370771065408,-0.17917419412540422,-0.7530119066391843,0.0000,0.7500,0.0000,7.537
2026-04-26 20:28:58.393,704,0.06284195028681638,0.3462408724573176,-0.23909370771065408,-0.17913378620965406,-0.7529887187768809,0.0000,0.9000,0.0000,11.763
2026-04-26 20:28:58.401,705,0.06280670652560114,0.34625431512755206,-0.23909370771065408,-0.1790934879525057,-0.7529654783239523,0.0000,0.5000,-0.1000,6.778
2026-04-26 20:28:58.409,706,0.0627713946559098,0.34626816267426613,-0.23909370771065408,-0.17905330174095538,-0.7529421886345549,0.0000,0.5000,-0.1000,7.678
2026-04-26 20:28:58.417,707,0.06273628176420855,0.3462815922938284,-0.23909370771065408,-0.17901317228219568,-0.7529190278237948,0.0000,0.8500,0.2000,7.614
2026-04-26 20:28:58.424,708,0.06270091734868978,0.3462947726500163,-0.23909370771065408,-0.1789725832328529,-0.7528956956137342,0.0000,1.0000,0.2500,9.643
2026-04-26 20:28:58.432,709,0.06266544853216073,0.34630738215202816,-0.23908787869510498,-0.17893156995517623,-0.7528722901419956,0.0000,1.0000,0.2000,9.570
2026-04-26 20:28:58.440,710,0.06263013636075732,0.3463197563246268,-0.23908181757638297,-0.1788906482670601,-0.7528489854942517,0.0000,1.0000,0.1000,8.297
2026-04-26 20:28:58.448,711,0.06259500833217023,0.34633238483605366,-0.23907627694173111,-0.17885009966030135,-0.7528258000563874,0.0000,0.8000,-0.1500,8.920
2026-04-26 20:28:58.456,712,0.06255990211555064,0.34634461768090097,-0.2390701733192626,-0.17880938268524152,-0.7528026256611169,0.0000,1.0000,0.3000,8.583
2026-04-26 20:28:58.463,713,0.06252470043331779,0.346357106660927,-0.23906440598699996,-0.17876866686691656,-0.7527793841758671,0.0000,0.7500,0.0500,7.306
2026-04-26 20:28:58.472,714,0.06248954232391351,0.34636919854808607,-0.2390580875592014,-0.1787278109702433,-0.7527561683446261,0.0000,1.0000,0.0500,6.072
2026-04-26 20:28:58.480,715,0.06245430037295816,0.3463810590616834,-0.23905138143947696,-0.1786867279634701,-0.7527328932753923,0.0000,1.0000,0.0500,6.818
2026-04-26 20:28:58.487,716,0.06241953147696124,0.34639285201680364,-0.23904490438585133,-0.17864624227733739,-0.7527099302826596,0.0000,0.9000,-0.1000,10.943
2026-04-26 20:28:58.495,717,0.06238510375851892,0.3464039347426042,-0.23903760424828388,-0.17860585673448642,-0.7526871914975611,0.0000,0.9500,0.0500,9.949
2026-04-26 20:28:58.503,718,0.06235126619474126,0.3464148006913738,-0.23903038696782272,-0.17856615002522364,-0.7526648429534978,0.0000,1.0000,0.0000,6.598
2026-04-26 20:28:58.511,719,0.062317598195340086,0.34642529133250527,-0.23902273413623845,-0.17852648209195623,-0.7526426043048753,0.0000,0.9000,0.1500,11.359
2026-04-26 20:28:58.520,720,0.062283957996210754,0.3464365340060376,-0.23901624203867525,-0.17848722758073787,-0.7526203810895027,0.0000,0.5000,-0.2000,5.978
2026-04-26 20:28:58.528,721,0.06225019405522657,0.3464483522432737,-0.23901054473172448,-0.17844809619596877,-0.7525980723257994,0.0000,0.5500,0.0000,3.562
2026-04-26 20:28:58.537,722,0.062216462282415355,0.3464599388677674,-0.2390045351816409,-0.17840889222445686,-0.7525757819995906,0.0000,0.6500,0.2000,6.022
2026-04-26 20:28:58.548,723,0.06218289566849363,0.3464714586494094,-0.23899854899778042,-0.17836987536717194,-0.7525535988164731,0.0000,0.7500,0.0000,9.765
2026-04-26 20:28:58.556,724,0.062149357468770594,0.3464827528464613,-0.23899225670153945,-0.17833078392213336,-0.7525314316577623,0.0000,0.7000,0.1000,7.603
2026-04-26 20:28:58.566,725,0.06211598793330801,0.34649430131933623,-0.2389864713837535,-0.17829204481484592,-0.7525093740672751,0.0000,0.5000,-0.2500,6.984
2026-04-26 20:28:58.573,726,0.062082645992435216,0.3465059393146626,-0.23898085167108976,-0.17825338757101722,-0.7524873320416839,0.0000,0.5000,-0.1000,5.302
2026-04-26 20:28:58.583,727,0.06204947728537882,0.34651797951606506,-0.23898085167108976,-0.17821516271345333,-0.7524654027162788,0.0000,0.6500,-0.2000,6.660
2026-04-26 20:28:58.593,728,0.0620163215892202,0.3465302550016215,-0.23898085167108976,-0.178177073146063,-0.752443479317616,0.0000,0.8500,0.1000,7.269
2026-04-26 20:28:58.601,729,0.0619831646567627,0.346542607366749,-0.23898085167108976,-0.17813902066578904,-0.7524215523887723,0.0000,0.8000,-0.1500,8.899
2026-04-26 20:28:58.610,730,0.06195043299370271,0.34655471857936165,-0.23898085167108976,-0.1781014149264144,-0.7523999063074683,0.0000,0.7500,0.0000,8.752
2026-04-26 20:28:58.618,731,0.06191784181190622,0.34656706289203887,-0.23898085167108976,-0.17806411333234742,-0.752378351254929,0.0000,0.7500,-0.2000,6.580
2026-04-26 20:28:58.628,732,0.06188537095625219,0.3465785363289248,-0.23897530581410628,-0.17802653701786159,-0.7523568738337881,0.0000,1.0000,0.3000,8.686
2026-04-26 20:28:58.638,733,0.06185275827019109,0.3465899399396004,-0.23896957729583068,-0.177988736961442,-0.7523352993118031,0.0000,0.5500,-0.1000,8.018
2026-04-26 20:28:58.646,734,0.06181998775958936,0.34660158796254964,-0.2389641265617588,-0.1779508489526435,-0.7523136170644268,0.0000,0.8000,0.0000,8.099
2026-04-26 20:28:58.655,735,0.06178733829961778,0.3466128517973588,-0.23895819638231838,-0.17791293052070722,-0.7522920130460752,0.0000,1.0000,-0.1500,12.584
2026-04-26 20:28:58.662,736,0.061754682596177966,0.34662451854270704,-0.23895288230074951,-0.17787520548545688,-0.752270402431087,0.0000,0.5500,-0.2500,8.180
2026-04-26 20:28:58.671,737,0.061721741770540454,0.34663658128760516,-0.23895288230074951,-0.17783729854910127,-0.7522485993368241,0.0000,0.6500,0.0000,5.791
2026-04-26 20:28:58.680,738,0.061688771530805216,0.3466480992798275,-0.23894709305809145,-0.1777990802757301,-0.7522267742713203,0.0000,1.0000,0.3000,8.298
2026-04-26 20:28:58.687,739,0.061655923612231274,0.3466603232310074,-0.23894709305809145,-0.17776137833096697,-0.7522050284268427,0.0000,0.3000,-0.3000,7.548
2026-04-26 20:28:58.697,740,0.06162292003913304,0.346672774671336,-0.23894709305809145,-0.17772358284184633,-0.7521831765211635,0.0000,0.7500,-0.0500,5.332
2026-04-26 20:28:58.704,741,0.061589631287959724,0.34668498430847305,-0.23894204191430654,-0.17768528646037376,-0.7521611322396219,0.0000,0.7000,0.2000,6.638
2026-04-26 20:28:58.713,742,0.06155634087012107,0.3466969557178774,-0.23893664991429295,-0.17764686898579155,-0.7521390846236814,0.0000,0.6500,-0.0500,9.457
2026-04-26 20:28:58.725,743,0.06152318232290009,0.3467085383101151,-0.23893077993480796,-0.17760843316944874,-0.7521171227315467,0.0000,0.7500,0.0000,9.034
2026-04-26 20:28:58.735,744,0.061489879493719556,0.34672020209036974,-0.23892495262192065,-0.1775698458069108,-0.7520950624943489,0.0000,0.7000,0.1000,6.596
2026-04-26 20:28:58.744,745,0.061456313307286355,0.34673117610401416,-0.23891793190407348,-0.17753056265027056,-0.7520728245609154,0.0000,0.8500,0.3000,7.963
2026-04-26 20:28:58.752,746,0.06142287863901472,0.34674177819618385,-0.238910457546999,-0.177491269119165,-0.7520506722133934,0.0000,1.0000,0.1000,6.541
2026-04-26 20:28:58.761,747,0.06138945575755144,0.34675232150202767,-0.23890291918405518,-0.1774519621359334,-0.7520285256622737,0.0000,0.7500,-0.1000,8.989
2026-04-26 20:28:58.770,748,0.061355775360958056,0.34676265241462606,-0.23889490662550084,-0.17741220582448533,-0.7520062054038529,0.0000,0.9000,0.2500,7.334
2026-04-26 20:28:58.778,749,0.06132198093706616,0.3467736926658048,-0.2388878978865639,-0.17737265236451377,-0.7519838071271434,0.0000,0.6500,-0.1500,9.321
2026-04-26 20:28:58.788,750,0.06128834074479317,0.34678527631397627,-0.23888182265669183,-0.17733357646050263,-0.751961509701425,0.0000,0.5000,-0.2500,6.204
2026-04-26 20:28:58.796,751,0.061254722977889406,0.34679678223588767,-0.2388756611462851,-0.1772944918059298,-0.7519392252854157,0.0000,0.7000,0.1000,7.315
2026-04-26 20:28:58.806,752,0.061220863637825,0.34680790523367216,-0.23886877932914438,-0.17725489380064086,-0.7519167779092037,0.0000,0.9500,0.2500,6.416
2026-04-26 20:28:58.817,753,0.06118716374291618,0.34681956269147196,-0.23886282040010354,-0.17721577582466175,-0.7518944349470047,0.0000,0.5000,-0.3000,5.719
2026-04-26 20:28:58.826,754,0.06115310245146692,0.3468318938753973,-0.2388576458070111,-0.1771765130523665,-0.7518718491992626,0.0000,0.5000,0.0000,6.573
2026-04-26 20:28:58.836,755,0.06111908089244346,0.3468445828389758,-0.2388576458070111,-0.17713748234610044,-0.751849288113106,0.0000,0.5500,-0.2500,4.219
2026-04-26 20:28:58.843,756,0.06108534628970944,0.3468570165241384,-0.2388576458070111,-0.17709870680565273,-0.7518269165318445,0.0000,0.8500,0.1000,6.972
2026-04-26 20:28:58.854,757,0.0610515161351165,0.3468692020886003,-0.2388523090315603,-0.17705967999606684,-0.7518044794770353,0.0000,0.9000,0.1500,6.245
2026-04-26 20:28:58.866,758,0.061017978430061175,0.3468814436673266,-0.23884726716915078,-0.1770210713171154,-0.7517822356428607,0.0000,0.5500,-0.2500,6.637
2026-04-26 20:28:58.874,759,0.060984468474938484,0.346894186866098,-0.23884726716915078,-0.1769827506360203,-0.7517600085891033,0.0000,0.7000,-0.2000,6.826
2026-04-26 20:28:58.886,760,0.06095111079596648,0.3469071226666951,-0.23884726716915078,-0.17694472947581036,-0.7517378813590349,0.0000,0.7500,-0.1500,8.224
2026-04-26 20:28:58.894,761,0.06091789837428633,0.3469200966716764,-0.23884726716915078,-0.17690692127650987,-0.7517158492988222,0.0000,0.8500,0.0000,7.021
2026-04-26 20:28:58.905,762,0.06088446719442509,0.3469329621565602,-0.23884726716915078,-0.1768687673191791,-0.7516936697565085,0.0000,0.6500,0.0000,7.404
2026-04-26 20:28:58.916,763,0.06085095039766927,0.3469458703284875,-0.23884726716915078,-0.17683052072641,-0.7516714315176013,0.0000,0.6000,-0.1500,8.447
2026-04-26 20:28:58.924,764,0.06081745529290438,0.34695896270121607,-0.23884726716915078,-0.176792395330942,-0.7516492061456373,0.0000,0.9500,0.1000,4.522
2026-04-26 20:28:58.937,765,0.060784120829516695,0.34697164711992334,-0.23884726716915078,-0.17675428031859844,-0.7516270862974567,0.0000,0.7000,0.0000,8.251
2026-04-26 20:28:58.947,766,0.06075092980337644,0.3469845182708407,-0.23884726716915078,-0.1767164500910809,-0.7516050605271964,0.0000,0.8000,0.1000,8.594
2026-04-26 20:28:58.960,767,0.060717767944162566,0.34699683821518446,-0.23884225779778093,-0.17667838331603355,-0.7515830526778463,0.0000,0.9000,0.0500,9.316
2026-04-26 20:28:58.973,768,0.06068500468554244,0.3470083198969533,-0.23883627748700403,-0.17664042904118113,-0.7515613090613735,0.0000,1.0000,0.1500,10.429
2026-04-26 20:28:58.982,769,0.060652144677034246,0.3470200094894309,-0.2388305649522801,-0.17660244988339593,-0.7515394994666362,0.0000,0.6500,-0.1500,5.954
2026-04-26 20:28:58.995,770,0.06061919256993744,0.34703204700292356,-0.23882533300378622,-0.17656452204714032,-0.7515176270166758,0.0000,0.6000,-0.0500,4.998
2026-04-26 20:28:59.003,771,0.060586522088639135,0.34704428109589136,-0.23882533300378622,-0.17652706815844005,-0.7514959408829262,0.0000,0.6000,-0.3000,7.194
2026-04-26 20:28:59.017,772,0.06055412429368347,0.34705670609449446,-0.23882533300378622,-0.1764900734587494,-0.7514744351272649,0.0000,0.4500,-0.2000,7.563
2026-04-26 20:28:59.031,773,0.06052187367472184,0.3470687341327531,-0.23882533300378622,-0.176453076665631,-0.7514530260973183,0.0000,0.7500,0.1500,9.070
2026-04-26 20:28:59.041,774,0.06048941090014562,0.3470802272869669,-0.23881948281173354,-0.17641552970614194,-0.7514314742595549,0.0000,0.8500,0.1500,10.150
2026-04-26 20:28:59.056,775,0.06045708576274712,0.3470919199260728,-0.2388140453262422,-0.17637826615289323,-0.7514100128297307,0.0000,0.5500,0.0000,5.700
2026-04-26 20:28:59.066,776,0.060424901950680676,0.3471036641352787,-0.2388088008080773,-0.1763412169638147,-0.7513886442868679,0.0000,0.7000,-0.0500,7.743
2026-04-26 20:28:59.081,777,0.060392743654031834,0.34711560084231946,-0.2388088008080773,-0.17630429818737428,-0.7513672914443058,0.0000,0.6500,-0.0500,9.677
2026-04-26 20:28:59.094,778,0.060360484795205685,0.3471278712060047,-0.2388088008080773,-0.17626741229736945,-0.7513458702699641,0.0000,0.6500,-0.0500,4.982
2026-04-26 20:28:59.102,779,0.060327894261379085,0.3471400377107517,-0.2388088008080773,-0.17623003238346274,-0.7513242267079824,0.0000,0.5500,0.0000,9.337
2026-04-26 20:28:59.115,780,0.060295575294672485,0.3471525313495511,-0.2388088008080773,-0.17619317826289324,-0.7513027629388387,0.0000,0.4500,-0.2500,6.656
2026-04-26 20:28:59.124,781,0.06026327098051825,0.34716534789676257,-0.2388088008080773,-0.1761565052680317,-0.7512813077049333,0.0000,0.7000,-0.1500,6.354
2026-04-26 20:28:59.136,782,0.06023097964968462,0.34717790106721175,-0.2388088008080773,-0.17611971802862705,-0.7512598599119421,0.0000,0.9500,0.1000,5.783
2026-04-26 20:28:59.148,783,0.060198580687424605,0.34719019403089885,-0.2388088008080773,-0.1760826573080256,-0.7512383391682531,0.0000,0.8000,0.1500,9.561
2026-04-26 20:28:59.157,784,0.060166196988230405,0.34720266262489136,-0.2388088008080773,-0.17604570488212276,-0.7512168274214741,0.0000,0.5000,-0.1000,10.106
2026-04-26 20:28:59.168,785,0.06013370516383279,0.3472153038496574,-0.2388088008080773,-0.1760086947315284,-0.7511952424304359,0.0000,0.8500,0.0000,6.540
2026-04-26 20:28:59.177,786,0.060101114518491344,0.3472278283564357,-0.2388088008080773,-0.17597149458563843,-0.75117359041539,0.0000,0.7500,0.1000,9.923
2026-04-26 20:28:59.188,787,0.0600686688424655,0.3472402396993213,-0.2388088008080773,-0.1759344312733053,-0.7511520339203268,0.0000,0.5500,-0.1000,6.134
2026-04-26 20:28:59.200,788,0.06003646802876687,0.3472519702851725,-0.2388030562139266,-0.17589735418679406,-0.7511306395574808,0.0000,0.8000,0.1000,7.349
2026-04-26 20:28:59.207,789,0.060004273007764806,0.34726359719137095,-0.23879718806105138,-0.1758602331034694,-0.7511092479637382,0.0000,0.8500,0.0500,7.297
2026-04-26 20:28:59.219,790,0.05997184669879544,0.3472749807761865,-0.2387908284115962,-0.17582268209312324,-0.7510877011017135,0.0000,0.8000,0.2000,7.760
2026-04-26 20:28:59.355,791,0.0599396382392815,0.3472864093393603,-0.23878470872495913,-0.17578544415375866,-0.7510662984124998,0.0000,1.0000,-0.0500,9.730
2026-04-26 20:28:59.362,792,0.0599075373436158,0.34729731176608863,-0.23877789839626193,-0.17574808667875969,-0.7510449663882613,0.0000,0.9500,0.1000,10.041
2026-04-26 20:28:59.372,793,0.05987542462926886,0.34730840472285474,-0.23877139243407566,-0.17571080882295007,-0.751023625456309,0.0000,0.7000,-0.0500,5.784
2026-04-26 20:28:59.381,794,0.05984319497503218,0.3473193985180009,-0.23876468582334961,-0.17567332557720347,-0.7510022055512658,0.0000,0.6500,0.1000,9.065
2026-04-26 20:28:59.390,795,0.059810961424541204,0.3473305800033802,-0.23875828381347958,-0.17563593109063272,-0.7509807820507532,0.0000,0.7500,-0.1000,5.757
2026-04-26 20:28:59.400,796,0.05977884188442689,0.3473416672191497,-0.23875184168417693,-0.17559864159052174,-0.7509594335741612,0.0000,0.9000,-0.1500,9.558
2026-04-26 20:28:59.409,797,0.05974705559263098,0.34735251329796896,-0.23874528491388763,-0.17556167595884445,-0.7509383062948625,0.0000,0.9000,0.1000,12.089
2026-04-26 20:28:59.419,798,0.05971525433931405,0.34736312492118127,-0.23873839101125047,-0.17552457325489942,-0.7509171680874879,0.0000,1.0000,0.1500,8.659
2026-04-26 20:28:59.427,799,0.05968355101273491,0.34737406936373505,-0.23873208577964602,-0.17548776763227578,-0.7508960942251826,0.0000,0.9500,-0.2000,7.348
2026-04-26 20:28:59.435,800,0.05965194549243834,0.3473847777991594,-0.23872551553670154,-0.17545097451559108,-0.7508750846417345,0.0000,0.8000,0.0500,8.570
2026-04-26 20:28:59.444,801,0.05962054667268762,0.34739525533994114,-0.23871876019039534,-0.17541434165192293,-0.750854211947199,0.0000,0.9000,0.0000,9.671
2026-04-26 20:28:59.453,802,0.05958900951639485,0.3474053690469655,-0.23871138995575636,-0.17537734252076922,-0.7508332461305227,0.0000,0.7500,0.0500,4.227
2026-04-26 20:28:59.462,803,0.05955722777579812,0.34741554161567656,-0.23870396769780944,-0.1753400468046977,-0.750812116373331,0.0000,0.4500,-0.0500,7.590
2026-04-26 20:28:59.470,804,0.05952542920218587,0.34742521304994456,-0.2386958049154468,-0.17530247817257844,-0.7507909745230809,0.0000,0.8500,0.1500,9.694
2026-04-26 20:28:59.480,805,0.05949360928307517,0.3474349504381695,-0.23868774889695774,-0.17526491415053963,-0.750769817584516,0.0000,0.7000,-0.1000,7.337
2026-04-26 20:28:59.491,806,0.05946177036946243,0.3474446115802104,-0.2386795875785124,-0.17522728677176608,-0.7507486471378372,0.0000,0.5500,0.0000,5.927
2026-04-26 20:28:59.500,807,0.05942980613860351,0.34745447452829414,-0.23867166683063706,-0.17518959329732706,-0.7507273923138916,0.0000,1.0000,-0.0500,8.944
2026-04-26 20:28:59.509,808,0.059397610322426304,0.34746440139737333,-0.23866370865928413,-0.1751516230925714,-0.7507059822797845,0.0000,0.4500,-0.1500,7.400
2026-04-26 20:28:59.517,809,0.05936519004013465,0.3474741084582506,-0.23865529190051488,-0.17511324378382812,-0.7506844217939509,0.0000,0.6500,0.1500,8.750
2026-04-26 20:28:59.526,810,0.059332658918278894,0.34748359854564675,-0.23864649624590956,-0.17507460828920068,-0.7506627866195391,0.0000,0.9500,0.2000,9.409
2026-04-26 20:28:59.534,811,0.05930034725940525,0.3474928787811378,-0.23863755227266825,-0.17503616057156793,-0.7506412969701797,0.0000,0.6500,-0.1500,7.200
2026-04-26 20:28:59.541,812,0.0592679244576401,0.3475020880606262,-0.23862844761847032,-0.17499752926976503,-0.7506197324537109,0.0000,0.7000,0.0000,6.399
2026-04-26 20:28:59.549,813,0.059235397289654046,0.34751204694830673,-0.23862041734966383,-0.1749591337001849,-0.750598097599491,0.0000,0.4500,-0.1500,4.011
2026-04-26 20:28:59.556,814,0.059203088531825133,0.34752164266010716,-0.23861200718113368,-0.17492084783804918,-0.7505766076031759,0.0000,0.9500,0.2000,11.711
2026-04-26 20:28:59.564,815,0.05917100013337711,0.34753143354601523,-0.2386040556484841,-0.1748829534560891,-0.7505552637754812,0.0000,0.6000,-0.2000,5.907
2026-04-26 20:28:59.573,816,0.059139236861753854,0.3475414126522957,-0.23859662188154784,-0.17484558676615297,-0.7505341359724339,0.0000,0.6000,-0.2000,6.333
2026-04-26 20:28:59.581,817,0.05910746900980716,0.3475515793885034,-0.2385894849096325,-0.1748083078622962,-0.7505130044001671,0.0000,0.5000,-0.1000,9.409
2026-04-26 20:28:59.589,818,0.05907590596132523,0.3475619296196367,-0.23858277784337278,-0.17477139385422913,-0.7504920086586081,0.0000,0.8500,-0.1000,6.341
2026-04-26 20:28:59.597,819,0.059044426944347736,0.34757232135798527,-0.23857620691464843,-0.17473461271766041,-0.7504710682436906,0.0000,1.0000,0.2000,10.135
2026-04-26 20:28:59.605,820,0.059013036929739554,0.34758234475261696,-0.23856916039313558,-0.1746977661538056,-0.7504501864797399,0.0000,0.8000,0.1500,7.889
2026-04-26 20:28:59.614,821,0.058981835693714374,0.34759255019337204,-0.2385625301172523,-0.17466126239141525,-0.7504294298944911,0.0000,0.7500,-0.0500,8.198
2026-04-26 20:28:59.622,822,0.058950400769466706,0.3476023923061349,-0.23855521612142735,-0.17462426545325313,-0.7504085168535125,0.0000,0.9500,0.3500,8.988
2026-04-26 20:28:59.632,823,0.058919046802452316,0.3476120165235924,-0.2385476460623654,-0.17458726758184928,-0.7503876571303949,0.0000,1.0000,0.0000,9.955
2026-04-26 20:28:59.642,824,0.05888756248799445,0.347621286320341,-0.23853947403005288,-0.17454991877386133,-0.7503667098651583,0.0000,0.8500,0.2000,6.499
2026-04-26 20:28:59.653,825,0.05885626194287494,0.34763061766610714,-0.23853153314192593,-0.1745128458354729,-0.7503458844786479,0.0000,0.8500,-0.2000,8.570
2026-04-26 20:28:59.663,826,0.05882483182984355,0.3476397362056938,-0.23852320272907224,-0.1744754938050456,-0.750324972088876,0.0000,0.8500,0.1500,6.337
2026-04-26 20:28:59.671,827,0.05879348418367319,0.34764878526622667,-0.23851483889774847,-0.17443821705814877,-0.7503041140617278,0.0000,0.9000,-0.1000,9.985
2026-04-26 20:28:59.680,828,0.05876200360896682,0.34765776391642694,-0.2385062964167719,-0.1744007279342717,-0.750283166809501,0.0000,0.8000,0.0500,7.750
2026-04-26 20:28:59.687,829,0.05873060111755822,0.3476669403503023,-0.23849811801793694,-0.1743634418785364,-0.7502622710158424,0.0000,0.6500,-0.1500,6.704
2026-04-26 20:28:59.696,830,0.058699382155427,0.3476765714906377,-0.2384907591524742,-0.17432662794599618,-0.7502414969870262,0.0000,0.3000,-0.1000,7.422
2026-04-26 20:28:59.705,831,0.058668243539306705,0.34768678336286063,-0.23848433984286826,-0.1742902115707123,-0.7502207759430283,0.0000,0.3500,-0.1500,7.941
2026-04-26 20:28:59.712,832,0.05863728558521982,0.3476974353782963,-0.2384787158600449,-0.17425425621209453,-0.7502001747698847,0.0000,0.7000,-0.2500,8.047
2026-04-26 20:28:59.721,833,0.05860650696302217,0.3477082455152554,-0.2384734630646484,-0.17421861908483743,-0.7501796925893901,0.0000,1.0000,0.1000,7.436
2026-04-26 20:28:59.729,834,0.058575811815133355,0.3477188216760332,-0.23846792918830956,-0.17418297632906019,-0.7501592655049203,0.0000,0.9000,0.0000,7.953
2026-04-26 20:28:59.738,835,0.05854489211407932,0.34772943188952726,-0.23846231070921872,-0.1741470512550055,-0.7501386881731285,0.0000,0.9500,0.0000,7.387
2026-04-26 20:28:59.747,836,0.05851395207959353,0.3477395422451014,-0.23845594269760628,-0.17411084919943948,-0.7501180967486818,0.0000,1.0000,0.2500,7.411
2026-04-26 20:28:59.754,837,0.05848269241536396,0.3477499532067931,-0.23844982611150406,-0.1740743713317511,-0.7500972917087612,0.0000,0.5000,0.0000,6.112
2026-04-26 20:28:59.764,838,0.05845122304469968,0.3477596094653367,-0.2384424510651772,-0.1740372365608525,-0.7500763463435072,0.0000,0.8000,0.1500,8.536
2026-04-26 20:28:59.773,839,0.058419850585285114,0.34776851348453597,-0.23843402546513912,-0.1739998549413706,-0.7500554650725252,0.0000,1.0000,0.3500,9.456
2026-04-26 20:28:59.780,840,0.05838856887630651,0.34777786483278383,-0.23842634435880297,-0.1739628180422422,-0.7500346437963045,0.0000,0.5500,-0.1500,9.525
2026-04-26 20:28:59.789,841,0.05835727799619923,0.3477873908744373,-0.23841893198333025,-0.17392585631606425,-0.7500138159080515,0.0000,0.4000,-0.0500,7.763
2026-04-26 20:28:59.796,842,0.058325981859907526,0.34779643220434286,-0.23841080164888104,-0.1738886452793694,-0.7499929840251982,0.0000,0.9000,0.2000,5.100
2026-04-26 20:28:59.805,843,0.058294785386049645,0.34780513402000585,-0.23840224090826714,-0.17385139742159722,-0.7499722181008474,0.0000,0.7500,-0.1000,8.164
2026-04-26 20:28:59.815,844,0.05826398921184736,0.3478136261026763,-0.2383936446718246,-0.17381457848220982,-0.7499517185670603,0.0000,0.6500,-0.1500,8.114
2026-04-26 20:28:59.824,845,0.05823348115854757,0.3478223083272855,-0.23838553778255658,-0.17377823882622193,-0.7499314106451397,0.0000,0.8500,-0.2500,10.667
2026-04-26 20:28:59.834,846,0.058202762821932624,0.3478311773412299,-0.2383775827612743,-0.17374171223760648,-0.7499109620726381,0.0000,0.8000,-0.0500,7.702
2026-04-26 20:28:59.842,847,0.05817193542261612,0.3478397061329603,-0.23836905639297,-0.1737048701706501,-0.7498904403368901,0.0000,0.6500,0.1500,9.408
2026-04-26 20:28:59.853,848,0.05814109855072553,0.34784789993566745,-0.23836003274542691,-0.17366784802803933,-0.7498699118381359,0.0000,0.9000,0.1500,8.482
2026-04-26 20:28:59.862,849,0.0581104448610086,0.34785615491592,-0.23835123433220612,-0.17363110076532112,-0.7498495050195931,0.0000,0.7000,0.0000,9.866
2026-04-26 20:28:59.870,850,0.058079874699180384,0.3478639472225507,-0.2383418087701686,-0.17359423358380863,-0.7498291534516905,0.0000,0.8000,0.2000,7.397
2026-04-26 20:28:59.883,851,0.05804938562046936,0.34787180799789097,-0.23833255097531827,-0.17355750879425966,-0.7498088555110997,0.0000,0.8500,-0.0500,7.907
2026-04-26 20:28:59.892,852,0.058018875286891675,0.3478799957395014,-0.23832378030354293,-0.17352091919410761,-0.7497885429789194,0.0000,0.6000,-0.1000,7.807
2026-04-26 20:28:59.904,853,0.05798834490536083,0.347888112754796,-0.2383149008579188,-0.17348426754558627,-0.749768216666084,0.0000,0.8500,0.1000,9.149
2026-04-26 20:28:59.915,854,0.05795809091902817,0.3478959005007828,-0.23830572229251165,-0.17344781983405386,-0.7497480742075912,0.0000,0.9000,0.0500,8.550
2026-04-26 20:28:59.923,855,0.05792791287648913,0.34790323979853743,-0.23829593204685445,-0.17341124920083809,-0.7497279819753082,0.0000,1.0000,0.1000,9.903
2026-04-26 20:28:59.933,856,0.05789770663066251,0.34791013796474446,-0.23828547150914306,-0.17337442044084567,-0.7497078705438924,0.0000,1.0000,0.1500,10.124
2026-04-26 20:28:59.941,857,0.057867758735697335,0.347917252711738,-0.23827551813086617,-0.1733380444817917,-0.7496879309553972,0.0000,0.6000,-0.3500,8.621
2026-04-26 20:28:59.952,858,0.0578379662641177,0.347924193569052,-0.23826541743719215,-0.1733017888511676,-0.7496680945973702,0.0000,1.0000,-0.1500,8.597
2026-04-26 20:28:59.964,859,0.05780813286566441,0.34793069513047636,-0.2382546402700801,-0.17326525904489143,-0.7496482305754153,0.0000,0.9500,0.3500,8.963
2026-04-26 20:28:59.972,860,0.057778259536395114,0.34793754304730734,-0.23824436562418816,-0.17322884921606632,-0.7496283395592612,0.0000,0.6500,-0.0500,6.219
2026-04-26 20:28:59.983,861,0.05774815454984834,0.34794434412371156,-0.23823387574399554,-0.17319210713088112,-0.7496082937368718,0.0000,0.7500,0.2000,5.434
2026-04-26 20:28:59.991,862,0.05771801606810964,0.3479512298789037,-0.23822349987441332,-0.17315536276445384,-0.7495882252218247,0.0000,0.8500,0.1000,7.722
2026-04-26 20:29:00.002,863,0.05768784364515789,0.34795820377960013,-0.23821324277833036,-0.17311861725485356,-0.7495681337222105,0.0000,0.7500,-0.2500,8.208
2026-04-26 20:29:00.016,864,0.05765763963346995,0.34796538589372256,-0.23820328598820634,-0.17308193377209155,-0.7495480208117037,0.0000,0.5500,0.0000,6.599
2026-04-26 20:29:00.025,865,0.0576275005575964,0.3479725210721369,-0.23819331099436583,-0.17304531344042492,-0.7495279508452805,0.0000,0.7500,-0.1000,7.684
2026-04-26 20:29:00.037,866,0.05759733195767737,0.3479798626822077,-0.23818363474097626,-0.1730087569964882,-0.7495078608548978,0.0000,0.6500,-0.1500,5.960
2026-04-26 20:29:00.045,867,0.05756732952211531,0.3479868943060896,-0.2381736129285695,-0.1729722671486692,-0.7494878813046097,0.0000,0.7000,0.1000,9.456
2026-04-26 20:29:00.056,868,0.05753720816128692,0.3479940038354429,-0.23816363720522682,-0.17293565772274927,-0.7494678221397095,0.0000,0.6500,0.1000,7.589
2026-04-26 20:29:00.068,869,0.057507154882831465,0.34800080858746385,-0.2381532580907866,-0.17289898672030282,-0.7494478080369231,0.0000,0.6500,0.0000,8.616
2026-04-26 20:29:00.076,870,0.05747707469107482,0.34800756458750826,-0.23814279616703324,-0.17286225549257422,-0.7494277756706932,0.0000,0.8000,0.1000,7.947
2026-04-26 20:29:00.087,871,0.05744715212953747,0.348014276025505,-0.238132380623961,-0.17282571219202866,-0.749407848074852,0.0000,0.7000,-0.1000,8.712
2026-04-26 20:29:00.095,872,0.057417103321171566,0.34802094501972947,-0.23812182526556358,-0.17278897937455462,-0.7493878360027806,0.0000,0.7000,0.0500,7.248
2026-04-26 20:29:00.107,873,0.05738712105927856,0.34802795139146075,-0.23811182823240404,-0.172752504008016,-0.7493678679880219,0.0000,0.7500,-0.1000,6.842
2026-04-26 20:29:00.120,874,0.05735730028960391,0.3480350387029672,-0.2381020680466285,-0.17271628446737097,-0.7493480073323446,0.0000,0.7000,-0.1500,7.511
2026-04-26 20:29:00.128,875,0.057327641845992414,0.3480419503524956,-0.2380921602448601,-0.17268019356304026,-0.7493282545961811,0.0000,0.8500,0.0000,7.065
2026-04-26 20:29:00.138,876,0.05729796049865025,0.34804931987693,-0.2380829315310018,-0.1726443010899192,-0.7493084862974703,0.0000,0.5000,-0.2000,6.856
2026-04-26 20:29:00.146,877,0.05726852882540653,0.34805713631612456,-0.23807454707021686,-0.17260896500455938,-0.7492888841591656,0.0000,0.7500,-0.1500,7.769
2026-04-26 20:29:00.156,878,0.057239070243643865,0.3480648893953343,-0.23806605695050334,-0.17257356139229138,-0.7492692637971904,0.0000,0.9000,0.2000,9.647
2026-04-26 20:29:00.167,879,0.05720931086222572,0.3480727065171328,-0.23805746957182952,-0.17253778876575326,-0.7492494426217235,0.0000,0.7500,0.1500,7.798
2026-04-26 20:29:00.175,880,0.057179437911171034,0.34808108341364025,-0.23804965324423458,-0.1725021446305708,-0.7492295454569835,0.0000,0.4500,-0.1000,5.254
2026-04-26 20:29:00.186,881,0.05714963741450281,0.34808988815887143,-0.23804253398822434,-0.17246681105532924,-0.7492096963231283,0.0000,0.3000,-0.3000,8.091
2026-04-26 20:29:00.193,882,0.05711982015292129,0.34809886358644215,-0.2380356664697557,-0.17243154049732423,-0.7491898357447053,0.0000,0.7500,-0.0500,8.412
2026-04-26 20:29:00.204,883,0.057089813793676586,0.348107512127222,-0.2380281893432735,-0.17239585439455143,-0.7491698488372341,0.0000,1.0000,0.1000,9.099
2026-04-26 20:29:00.216,884,0.057059987301587414,0.34811682798341115,-0.2380218397868146,-0.17236074180076988,-0.7491499815812196,0.0000,0.7000,-0.2000,7.225
2026-04-26 20:29:00.225,885,0.057030067557820883,0.34812605852801976,-0.2380153066803902,-0.17232546224361459,-0.7491300519013395,0.0000,0.6000,0.0000,8.499
2026-04-26 20:29:00.236,886,0.057000054499229263,0.34813557736368933,-0.23800915028708625,-0.17229020243978954,-0.7491100597593365,0.0000,0.7500,-0.1500,6.710
2026-04-26 20:29:00.247,887,0.05697003785160569,0.34814537912509835,-0.23800342227881974,-0.17225507934061135,-0.7490900649761897,0.0000,0.6500,-0.1500,7.812
2026-04-26 20:29:00.255,888,0.05694002169672127,0.34815545610212806,-0.2379981137157565,-0.17222009453297482,-0.7490700702768066,0.0000,0.6000,-0.1000,5.277
2026-04-26 20:29:00.266,889,0.05691018093678474,0.3481651906195599,-0.23799241459214196,-0.17218517238181447,-0.7490501922663307,0.0000,0.9000,-0.0500,9.170
2026-04-26 20:29:00.274,890,0.056880510156387655,0.34817483206146776,-0.2379866952808315,-0.17215043035822747,-0.7490304273381055,0.0000,0.8000,-0.0500,7.492
2026-04-26 20:29:00.285,891,0.05685082554574775,0.3481846276096867,-0.2379812039231344,-0.17211574697303242,-0.7490106529558379,0.0000,0.5000,-0.1500,7.453
2026-04-26 20:29:00.297,892,0.056821127074312514,0.34819469546615345,-0.23797611771137278,-0.17208118128607758,-0.7489908691026677,0.0000,0.3000,-0.1500,5.820
2026-04-26 20:29:00.305,893,0.05679159051267988,0.3482042978694369,-0.23797044709493717,-0.17204659877706702,-0.748971192962449,0.0000,0.7000,-0.0500,7.854
2026-04-26 20:29:00.318,894,0.05676221182118506,0.34821429668850584,-0.23797044709493717,-0.1720124249938934,-0.7489516218454758,0.0000,0.7500,-0.2500,9.334
2026-04-26 20:29:00.450,895,0.056732900872049456,0.3482237105779502,-0.23796458105029245,-0.17197804909311387,-0.7489320956699151,0.0000,1.0000,0.1500,8.674
2026-04-26 20:29:00.459,896,0.05670347852873241,0.3482336394889796,-0.2379594199689285,-0.17194378220125142,-0.7489124950147089,0.0000,0.5500,-0.1000,5.259
2026-04-26 20:29:00.468,897,0.056674032214139546,0.3482433472308201,-0.23795391774621616,-0.17190937278643775,-0.748892878165047,0.0000,0.6000,0.0500,4.650
2026-04-26 20:29:00.477,898,0.0566446532291333,0.3482528410863744,-0.23794814607485162,-0.17187494622425725,-0.7488733059913752,0.0000,0.9500,-0.1000,6.435
2026-04-26 20:29:00.486,899,0.056615166354288614,0.3482622425848774,-0.23794217033832174,-0.1718403296530825,-0.7488536616838994,0.0000,0.7000,0.0000,7.756
2026-04-26 20:29:00.495,900,0.05658548766289316,0.34827143077603906,-0.237935753064095,-0.1718053506951455,-0.7488338892945868,0.0000,0.8500,0.2000,8.737
2026-04-26 20:29:00.505,901,0.05655562645586681,0.3482804088382926,-0.2379289051259195,-0.17177002334055477,-0.7488139950271128,0.0000,0.9000,0.2500,5.895
2026-04-26 20:29:00.514,902,0.056525842670602074,0.34828990567925877,-0.23792289308372372,-0.1717350586259811,-0.7487941521760882,0.0000,0.2500,-0.3000,7.814
2026-04-26 20:29:00.523,903,0.05649605455940676,0.3482990710902608,-0.23791638703433005,-0.17169992244983845,-0.7487743062460227,0.0000,0.8500,0.0500,9.664
2026-04-26 20:29:00.532,904,0.05646626378120829,0.3483086270775346,-0.23791047100271845,-0.17166497802682826,-0.7487544583457941,0.0000,0.5500,-0.0500,6.730
2026-04-26 20:29:00.540,905,0.056436301470336014,0.34831820669154634,-0.23790448189850363,-0.171629816727641,-0.7487344959011711,0.0000,0.7000,0.1000,7.771
2026-04-26 20:29:00.549,906,0.05640660339962111,0.3483276928682585,-0.23789853455321416,-0.1715949610503892,-0.7487147094302137,0.0000,0.9500,-0.1000,7.546
2026-04-26 20:29:00.559,907,0.056376914502489786,0.3483373267821039,-0.23789282059779518,-0.17156019149321866,-0.7486949288913358,0.0000,0.8500,-0.1500,6.097
2026-04-26 20:29:00.568,908,0.0563473273835802,0.3483467448606672,-0.2378868563250224,-0.1715254497424715,-0.7486752160237177,0.0000,1.0000,0.0000,9.327
2026-04-26 20:29:00.578,909,0.05631775791662921,0.3483557100129541,-0.2378802299304776,-0.17149050508400318,-0.7486555147458971,0.0000,1.0000,0.2000,6.276
2026-04-26 20:29:00.590,910,0.05628804460709655,0.3483645883724175,-0.23787338286881818,-0.17145532525819435,-0.7486357173975198,0.0000,0.9000,0.1500,6.903
2026-04-26 20:29:00.604,911,0.05625835890940107,0.3483732595828407,-0.23786624882740737,-0.17142007869254078,-0.7486159382841643,0.0000,0.8500,0.0500,8.379
2026-04-26 20:29:00.619,912,0.056228704918904464,0.34838196826718304,-0.23785919739088662,-0.17138489315872102,-0.7485961801386648,0.0000,0.6500,-0.1000,6.550
2026-04-26 20:29:00.634,913,0.056199085877544824,0.34839071152663886,-0.2378522262935013,-0.17134977152963723,-0.7485764451248674,0.0000,0.7500,0.0500,8.151
2026-04-26 20:29:00.649,914,0.05616958411396897,0.34839936777151664,-0.23784520795882308,-0.1713147627816978,-0.7485567881310526,0.0000,1.0000,0.1000,7.466
2026-04-26 20:29:00.660,915,0.056140109757905,0.3484079426398652,-0.23783809085391974,-0.1712797499066271,-0.7485371492461839,0.0000,1.0000,0.0000,10.520
2026-04-26 20:29:00.673,916,0.05611041237555806,0.34841655484663203,-0.23783088602000596,-0.17124445834990562,-0.7485173615168389,0.0000,0.7000,0.1000,7.719
2026-04-26 20:29:00.685,917,0.056080903607708385,0.348425441122913,-0.23782422290669902,-0.1712095553311922,-0.7484976993726088,0.0000,0.9000,-0.2000,8.665
2026-04-26 20:29:00.696,918,0.056051655535345274,0.3484348285048897,-0.2378184900491641,-0.17117525047630452,-0.7484782108698547,0.0000,0.5500,-0.1500,8.935
2026-04-26 20:29:00.708,919,0.05602225169248944,0.34844424056665896,-0.23781269509255673,-0.1711407502840637,-0.7484586183669231,0.0000,0.8000,0.0500,5.127
2026-04-26 20:29:00.719,920,0.05599285594431623,0.34845344281853396,-0.23780659547487346,-0.17110615599627568,-0.748439031109562,0.0000,0.8000,-0.1000,8.567
2026-04-26 20:29:00.730,921,0.055963466161149,0.3484629069007341,-0.23780089716679922,-0.17107170059323396,-0.7484194476802503,0.0000,0.8000,-0.1000,10.621
2026-04-26 20:29:00.747,922,0.05593391759441537,0.34847180707192,-0.23779425165513166,-0.17103675153926204,-0.7483997582488355,0.0000,0.9000,0.1500,8.395
2026-04-26 20:29:00.763,923,0.055904460314109075,0.3484808524727675,-0.2377878892964341,-0.17100199683111617,-0.748380129530843,0.0000,0.6500,-0.0500,7.599
2026-04-26 20:29:00.780,924,0.05587485380569106,0.34849004223402036,-0.2377816483770332,-0.17096711534787976,-0.7483604011854095,0.0000,0.5500,0.0000,7.747
2026-04-26 20:29:00.795,925,0.055845179029704456,0.34849925559892586,-0.2377754016697339,-0.17093215465833447,-0.7483406271883608,0.0000,0.6500,0.0000,5.128
2026-04-26 20:29:00.813,926,0.055815520636364795,0.3485083779802216,-0.23776903366234461,-0.1708971703355738,-0.7483208639752726,0.0000,0.5000,-0.1000,6.711
2026-04-26 20:29:00.829,927,0.05578579888139834,0.3485172900870274,-0.23776231219189253,-0.17086199640823346,-0.7483010583853629,0.0000,0.6000,0.1000,7.160
2026-04-26 20:29:00.843,928,0.055756252366144954,0.3485261099851389,-0.23775557336178457,-0.17082701004410852,-0.7482813694882275,0.0000,0.8500,0.1000,8.760
2026-04-26 20:29:00.861,929,0.055726717031101713,0.3485353063004343,-0.23774941067593244,-0.17079222680991504,-0.7482616879128701,0.0000,0.4000,-0.2500,7.000
2026-04-26 20:29:00.872,930,0.055697039785712193,0.3485441742921356,-0.23774266490182322,-0.17075709021430624,-0.748241911600895,0.0000,1.0000,0.2500,6.567
2026-04-26 20:29:00.886,931,0.05566730214247279,0.348552719599301,-0.23773539877964794,-0.1707217117599271,-0.7482220948959125,0.0000,0.9500,0.1500,8.099
2026-04-26 20:29:00.900,932,0.055637975661540266,0.34856152669762813,-0.2377288033372312,-0.17068701243129258,-0.7482025521732769,0.0000,0.8500,-0.2000,7.431
2026-04-26 20:29:00.910,933,0.05560865201680927,0.34857036178650225,-0.2377222555979753,-0.17065233089308196,-0.7481830112174725,0.0000,0.8500,-0.1000,8.102
2026-04-26 20:29:00.921,934,0.05557909512324586,0.3485793384310213,-0.23771576846210635,-0.17061740914759566,-0.7481633146403363,0.0000,0.5000,0.0000,6.756
2026-04-26 20:29:00.930,935,0.05554954503223435,0.34858822319072863,-0.2377091517466585,-0.1705824505429176,-0.748143622477956,0.0000,0.6000,0.0000,10.540
2026-04-26 20:29:00.940,936,0.055520159175573056,0.34859747638292854,-0.23770320082643134,-0.1705478951465672,-0.7481240396866681,0.0000,0.8000,-0.1000,7.546
2026-04-26 20:29:00.951,937,0.055490849971955906,0.34860674371365674,-0.23769732581808736,-0.17051344903629334,-0.7481045078807124,0.0000,0.7000,0.1000,7.381
2026-04-26 20:29:00.960,938,0.05546153171762087,0.34861579699721235,-0.23769112725320296,-0.1704788838473716,-0.7480849699259979,0.0000,0.6000,0.0500,6.061
2026-04-26 20:29:00.971,939,0.05543251839791812,0.3486247558027991,-0.23768499375593008,-0.17044467801134894,-0.7480656351478157,0.0000,1.0000,-0.1500,8.949
2026-04-26 20:29:00.979,940,0.055403572126462526,0.34863362148992316,-0.23767876872218227,-0.17041051502594595,-0.7480463449569406,0.0000,0.8000,0.0000,5.942
2026-04-26 20:29:00.990,941,0.0553746930339823,0.3486428527110429,-0.23767314016616353,-0.17037662439151333,-0.7480270994421976,0.0000,0.7500,-0.0500,9.806
2026-04-26 20:29:01.002,942,0.05534563644891358,0.34865198846585765,-0.23766725342218564,-0.17034244937896884,-0.7480077354908586,0.0000,1.0000,0.0000,7.502
2026-04-26 20:29:01.011,943,0.055316482719674646,0.3486612550650322,-0.23766150147175966,-0.17030821027469187,-0.7479883066701589,0.0000,0.7500,-0.0500,5.266
2026-04-26 20:29:01.021,944,0.055287239526195825,0.3486704222211335,-0.23765554395434263,-0.17027380217469829,-0.7479688181016507,0.0000,0.9500,0.1500,9.358
2026-04-26 20:29:01.033,945,0.055257905808387915,0.34867937903228724,-0.2376492137617903,-0.17023916821442656,-0.7479492690801827,0.0000,0.7500,0.0500,9.079
2026-04-26 20:29:01.044,946,0.0552284790483971,0.3486880189836346,-0.23764234939536757,-0.17020425177913934,-0.7479296579287366,0.0000,0.8500,-0.1000,6.631
2026-04-26 20:29:01.059,947,0.05519911617370323,0.34869656699980983,-0.23763539281318644,-0.17016937456762657,-0.7479100892671602,0.0000,0.7000,0.1000,6.565
2026-04-26 20:29:01.071,948,0.05516966935199936,0.34870479962455364,-0.23762791022953453,-0.17013422774185155,-0.7478904645420872,0.0000,1.0000,0.2000,9.728
2026-04-26 20:29:01.086,949,0.05514014625922401,0.34871283403825715,-0.23762008248653563,-0.17009888012643254,-0.7478707888722923,0.0000,1.0000,0.2000,3.596
2026-04-26 20:29:01.100,950,0.05511046948849513,0.34872135296606993,-0.23761288202225725,-0.1700635698746087,-0.7478510106546475,0.0000,0.6000,-0.0500,7.467
2026-04-26 20:29:01.111,951,0.05508101461537648,0.3487303469004064,-0.23760654491463715,-0.17002879299984835,-0.7478313802743004,0.0000,0.6500,-0.2000,7.895
2026-04-26 20:29:01.126,952,0.055051618491260036,0.34873958415480427,-0.23760061482451633,-0.1699942161272882,-0.7478117889669287,0.0000,0.7000,-0.2500,8.610
2026-04-26 20:29:01.136,953,0.055022201566152874,0.3487489494954409,-0.23759486582476108,-0.1699596755732072,-0.7477921837005992,0.0000,0.4500,-0.2500,9.520
2026-04-26 20:29:01.148,954,0.05499284227277295,0.3487584367552151,-0.23758934091077338,-0.16992527283086187,-0.7477726167651652,0.0000,0.5000,-0.0500,7.825
2026-04-26 20:29:01.160,955,0.0549633163742268,0.34876782072634593,-0.2375835527378306,-0.16989059631368905,-0.747752938670718,0.0000,0.5500,0.0500,8.141
2026-04-26 20:29:01.169,956,0.05493363031844845,0.34877710661792244,-0.23757751337702743,-0.16985565722333298,-0.7477331537172139,0.0000,0.7500,-0.1000,9.508
2026-04-26 20:29:01.181,957,0.05490385840741775,0.3487864045402189,-0.23757143748788404,-0.16982060968409368,-0.7477133114406197,0.0000,0.7500,-0.1000,9.062
2026-04-26 20:29:01.190,958,0.05487422399762297,0.34879593616524013,-0.23756580644279682,-0.16978586234048315,-0.7476935607465547,0.0000,0.6000,-0.2500,6.128
2026-04-26 20:29:01.202,959,0.05484450767304998,0.34880514224272025,-0.2375596350496872,-0.16975084301254373,-0.7476737553589506,0.0000,0.9000,0.0000,9.042
2026-04-26 20:29:01.214,960,0.054814719650992626,0.34881458024865475,-0.23755376629533043,-0.16971584406119442,-0.747653902090592,0.0000,0.7000,0.1000,10.023
2026-04-26 20:29:01.223,961,0.05478500521346255,0.34882358024908255,-0.23754729209529343,-0.1696807242286684,-0.7476340977973897,0.0000,0.8500,0.1500,7.808
2026-04-26 20:29:01.235,962,0.054755298310410365,0.34883259575309306,-0.23754084864225064,-0.16964562220264473,-0.7476142984471953,0.0000,1.0000,-0.0500,9.123
2026-04-26 20:29:01.244,963,0.05472538025141036,0.3488416240800781,-0.23753428608464314,-0.169610245055454,-0.7475943582475915,0.0000,0.7500,0.1500,5.622
2026-04-26 20:29:01.256,964,0.05469525408562116,0.34885077567847445,-0.23752777209142437,-0.1695746520767302,-0.7475742792325323,0.0000,0.6500,0.0000,6.839
2026-04-26 20:29:01.269,965,0.05466507409128736,0.34885971424717016,-0.23752090502716255,-0.16953888082011634,-0.7475541642553446,0.0000,1.0000,0.2000,6.775
2026-04-26 20:29:01.277,966,0.054634921019248474,0.34886888214938366,-0.23751440223519035,-0.16950326013488237,-0.7475340671510681,0.0000,0.8000,0.0500,6.604
2026-04-26 20:29:01.289,967,0.054604860186367,0.34887838639936564,-0.23750846774660142,-0.16946793061718018,-0.7475140314654068,0.0000,0.4500,-0.1500,7.225
2026-04-26 20:29:01.298,968,0.054574816271392566,0.3488877792538934,-0.2375023796980605,-0.16943256796694306,-0.7474940069853064,0.0000,0.4000,0.0500,5.038
2026-04-26 20:29:01.309,969,0.05454486988817552,0.3488968445744409,-0.23749586759052602,-0.169397171599922,-0.7474740474544294,0.0000,1.0000,0.1500,9.454
2026-04-26 20:29:01.321,970,0.05451516676500471,0.3489058107136193,-0.23748937107179516,-0.16936204999668975,-0.7474542500260475,0.0000,0.9500,-0.1500,7.715
2026-04-26 20:29:01.331,971,0.05448570416134062,0.3489145644639642,-0.2374827184708326,-0.16932714289934528,-0.7474346128741974,0.0000,0.9000,-0.0500,6.791
2026-04-26 20:29:01.343,972,0.05445640486360421,0.3489231085364808,-0.23747586234610668,-0.16929234871183807,-0.7474150845242069,0.0000,0.7000,-0.0500,11.218
2026-04-26 20:29:01.351,973,0.05442705874933001,0.3489315577543271,-0.23746883481887526,-0.16925744468234707,-0.7473955248954637,0.0000,0.6000,0.0500,7.950
2026-04-26 20:29:01.364,974,0.05439766372200658,0.34893980235746114,-0.23746146982004324,-0.1692223731353917,-0.7473759325913094,0.0000,0.8000,0.1500,6.292
2026-04-26 20:29:01.376,975,0.05436822494020421,0.34894774018535696,-0.237453617516981,-0.16918708986869332,-0.7473563110517916,0.0000,1.0000,0.1500,5.994
2026-04-26 20:29:01.385,976,0.05433873902298593,0.3489551549318083,-0.237444951165997,-0.16915148222112517,-0.7473366580239379,0.0000,0.8000,0.2500,7.564
2026-04-26 20:29:01.397,977,0.05430941698389763,0.34896260365415155,-0.23743644699882532,-0.16911611007264382,-0.7473171141844165,0.0000,0.7500,-0.2000,5.128
2026-04-26 20:29:01.407,978,0.05428012060972329,0.34896997420751713,-0.23742784462649916,-0.16908073306642193,-0.7472975873920397,0.0000,1.0000,0.1000,9.022
2026-04-26 20:29:01.419,979,0.05425098414143579,0.348977590349845,-0.23741971915083485,-0.16904569206929038,-0.7472781671417313,0.0000,0.7000,-0.0500,6.777
2026-04-26 20:29:01.431,980,0.054221796081633605,0.34898512179363045,-0.23741143411366822,-0.16901053994086004,-0.7472587124361516,0.0000,0.7000,0.1500,11.856
2026-04-26 20:29:01.441,981,0.05419262899514275,0.3489926800008486,-0.23740320505630286,-0.16897542916511998,-0.747239271652765,0.0000,0.6500,0.0500,6.516
2026-04-26 20:29:01.456,982,0.05416341520275556,0.349000157402477,-0.2373948254779466,-0.168940215718517,-0.7472197996730002,0.0000,0.8000,0.1000,8.012
2026-04-26 20:29:01.465,983,0.05413421733013866,0.34900722730528727,-0.23738584706183152,-0.1689048197552289,-0.7472003382481882,0.0000,0.7000,0.1500,6.856
2026-04-26 20:29:01.478,984,0.05410504021863097,0.3490145462485006,-0.23737725781738922,-0.16886957599988928,-0.7471808906067616,0.0000,0.6000,-0.0500,4.633
2026-04-26 20:29:01.492,985,0.05407574523247492,0.3490222160778526,-0.23736911806282998,-0.16883435052759527,-0.7471613643257424,0.0000,0.5000,-0.0500,8.245
2026-04-26 20:29:01.501,986,0.05404647424396334,0.3490301271439729,-0.23736135787947005,-0.1687992776766261,-0.7471418539875067,0.0000,0.5000,-0.1500,8.406
2026-04-26 20:29:01.514,987,0.05401722903985508,0.3490381651744741,-0.23735380702413666,-0.16876430269304205,-0.7471223607840615,0.0000,0.7500,0.0000,10.630
2026-04-26 20:29:01.523,988,0.05398786693760239,0.3490461121530994,-0.2373460433253683,-0.1687291263252278,-0.7471027895945307,0.0000,0.5500,0.0500,8.060
2026-04-26 20:29:01.536,989,0.053958325951531404,0.3490541818401091,-0.2373383460747758,-0.1686937728056599,-0.7470830990959414,0.0000,0.5500,0.1000,9.184
2026-04-26 20:29:01.549,990,0.053929009630426065,0.349062054277637,-0.23733050434346017,-0.16865862022036326,-0.747063558321614,0.0000,0.7000,-0.1500,8.148
2026-04-26 20:29:01.559,991,0.05389944582202768,0.34906962607009434,-0.23732204824561315,-0.1686229873351128,-0.7470438525041617,0.0000,0.9000,0.1500,7.227
2026-04-26 20:29:01.574,992,0.05386990834727262,0.34907700455087387,-0.23731332130472563,-0.16858729291110205,-0.7470241641916495,0.0000,0.8000,0.1000,8.761
2026-04-26 20:29:01.584,993,0.05384053223442036,0.34908419885473474,-0.2373044272182453,-0.16855172155330664,-0.7470045834036794,0.0000,0.8500,-0.2000,7.349
2026-04-26 20:29:01.598,994,0.05381131816724353,0.34909163679688343,-0.23729600814165247,-0.16851648808094452,-0.7469851105968505,0.0000,0.8500,-0.2500,6.687
2026-04-26 20:29:01.612,995,0.053782062341970936,0.3490992050355832,-0.23728775817033132,-0.16848126408470496,-0.7469656099027218,0.0000,0.5500,-0.0500,6.369
2026-04-26 20:29:01.621,996,0.05375290339978684,0.3491070048550721,-0.23727992163560732,-0.16844628506153966,-0.7469461737494779,0.0000,0.7500,-0.0500,4.713
2026-04-26 20:29:01.635,997,0.05372377772739088,0.3491147167375522,-0.23727197682976628,-0.16841130643473742,-0.7469267597289696,0.0000,0.8500,0.0000,7.563
2026-04-26 20:29:01.644,998,0.053694810634500975,0.349122233260649,-0.23726384613724058,-0.1683764415726577,-0.7469074513817157,0.0000,0.7500,-0.0500,10.254
2026-04-26 20:29:01.661,999,0.05366573758488293,0.34912945288367897,-0.2372552008680245,-0.16834128698990364,-0.7468880723509229,0.0000,0.5500,0.0500,8.223
2026-04-26 20:29:01.677,1000,0.05363682339526753,0.3491365852720637,-0.23724653204356927,-0.1683063006080855,-0.7468687991817643,0.0000,0.8500,0.0000,8.800
2026-04-26 20:29:01.687,1001,0.05360793066723183,0.349143527510397,-0.23723759367096597,-0.16827124777152908,-0.7468495402759667,0.0000,0.6500,0.0500,7.202
2026-04-26 20:29:01.701,1002,0.05357893330774196,0.34915017875890325,-0.2372281504079905,-0.1682359099362287,-0.746830211572173,0.0000,0.8500,0.2000,6.108
2026-04-26 20:29:01.715,1003,0.05355003669172747,0.3491568604576715,-0.23721882131116612,-0.16820072165539668,-0.7468109499876582,0.0000,0.9500,0.1000,7.726
2026-04-26 20:29:01.726,1004,0.053521229490481055,0.3491639952179617,-0.23721023272498448,-0.16816587912964934,-0.7467917479705963,0.0000,0.5500,-0.2500,7.566
2026-04-26 20:29:01.743,1005,0.05349238203869275,0.3491706218925838,-0.23720085646549297,-0.16813072889824224,-0.7467725190780833,0.0000,0.9000,0.3000,8.326
2026-04-26 20:29:01.751,1006,0.05346336243344874,0.34917748805047966,-0.2371917259314951,-0.1680954688750261,-0.7467531753754696,0.0000,0.5000,0.0000,7.267
2026-04-26 20:29:01.765,1007,0.05343450145957015,0.3491842743264582,-0.23718258257937508,-0.16806038042376611,-0.7467339373865863,0.0000,1.0000,0.0000,9.477
2026-04-26 20:29:01.779,1008,0.05340566502877341,0.34919087823186246,-0.23717318326520065,-0.16802523351568927,-0.746714715719852,0.0000,0.9500,0.0500,9.734
2026-04-26 20:29:01.788,1009,0.05337698321466144,0.34919793249854947,-0.23716456378401646,-0.16799051794812922,-0.7466955970916007,0.0000,0.6000,-0.2000,7.795
2026-04-26 20:29:01.802,1010,0.05334831944084387,0.34920532573354923,-0.23715646597724147,-0.16795599592268276,-0.746676490451495,0.0000,0.4500,-0.2500,7.854
2026-04-26 20:29:01.811,1011,0.05331961349748783,0.34921263090359217,-0.2371482091371565,-0.16792137364287443,-0.746657355660227,0.0000,0.5500,0.0500,8.578
2026-04-26 20:29:01.826,1012,0.05329092903856421,0.34921974613637424,-0.23713968287362885,-0.1678866850444509,-0.7466382351543494,0.0000,0.8500,-0.0500,9.910
2026-04-26 20:29:01.840,1013,0.05326234245543948,0.3492269878446449,-0.237131412715968,-0.1678521901888806,-0.7466191798620033,0.0000,0.7500,-0.0500,9.185
2026-04-26 20:29:01.850,1014,0.05323366091925475,0.34923456337165726,-0.23712358110934947,-0.16781773564258423,-0.7466000612311712,0.0000,0.3000,-0.1500,4.300
2026-04-26 20:29:01.864,1015,0.05320520419956566,0.34924204780990104,-0.23711576385533703,-0.16778353531115445,-0.7465810924421035,0.0000,0.9000,-0.1000,7.339
2026-04-26 20:29:01.874,1016,0.053176717232972834,0.3492494421763169,-0.23710779242045407,-0.1677492496184702,-0.7465621034530724,0.0000,0.6500,0.0500,7.530
2026-04-26 20:29:01.888,1017,0.05314820424009468,0.34925674790680666,-0.2370996717559266,-0.16771488490991565,-0.746543097078354,0.0000,0.8500,0.0500,7.701
2026-04-26 20:29:01.902,1018,0.053119730975834334,0.349263756272317,-0.23709113258865036,-0.16768042449411122,-0.7465241171550727,0.0000,0.8500,0.1500,8.270
2026-04-26 20:29:01.911,1019,0.053091231997899155,0.34927078311675797,-0.23708260504041082,-0.16764593903656555,-0.7465051200555481,0.0000,0.9000,0.1000,10.085
2026-04-26 20:29:01.926,1020,0.05306270716092456,0.34927751626931247,-0.23707362074242605,-0.1676112722579952,-0.7464861056833775,0.0000,1.0000,0.2000,11.423
2026-04-26 20:29:01.935,1021,0.05303427768009087,0.34928396125709893,-0.23706426878008233,-0.16757658854214524,-0.7464671548491802,0.0000,0.7000,0.0500,7.254
2026-04-26 20:29:01.949,1022,0.05300569785511777,0.3492904421790567,-0.2370548714864213,-0.16754172233805786,-0.7464481037532614,0.0000,0.6500,-0.0500,7.212
2026-04-26 20:29:01.963,1023,0.05297715317188606,0.3492972632465603,-0.23704600882080584,-0.16750707306587512,-0.7464290760533592,0.0000,0.3000,-0.2000,5.728
2026-04-26 20:29:01.971,1024,0.05294876682139284,0.349304108384048,-0.23703728878249633,-0.1674726469424268,-0.7464101538772822,0.0000,0.7500,-0.2000,8.809
2026-04-26 20:29:01.986,1025,0.05292047698168521,0.34931014070427424,-0.23702741481148148,-0.16743794309476823,-0.7463912960108651,0.0000,0.8000,0.3000,11.245
2026-04-26 20:29:01.997,1026,0.05289234847601707,0.3493162042542161,-0.23701769617943963,-0.16740346997734254,-0.7463725456700735,0.0000,1.0000,-0.0500,9.629
2026-04-26 20:29:02.011,1027,0.05287010068683921,0.3493162042542161,-0.23700586443409394,-0.16736559786568977,-0.7463526466296512,0.0000,0.3500,-0.1500,7.321
2026-04-26 20:29:02.026,1028,0.052853454018796875,0.3493162042542161,-0.23699141174129557,-0.16732429557262432,-0.7463316589884127,0.0000,0.8000,0.1000,8.138
2026-04-26 20:29:02.035,1029,0.05283827593745919,0.3493162042542161,-0.23697644744639113,-0.16728238929961212,-0.7463105161278469,0.0000,0.9000,-0.2000,6.974
2026-04-26 20:29:02.049,1030,0.05282804195910339,0.3493162042542161,-0.23695877895858092,-0.1672370420633906,-0.7462882569670553,0.0000,0.7500,0.3000,7.388
2026-04-26 20:29:02.058,1031,0.052821752748352345,0.3493162042542161,-0.23693945454587806,-0.16718907600852842,-0.7462650848676229,0.0000,0.6000,-0.1000,8.785
2026-04-26 20:29:02.074,1032,0.05281491088321822,0.3493162042542161,-0.23692045610624973,-0.1671415442357475,-0.7462420606243215,0.0000,0.9000,0.0000,8.051
2026-04-26 20:29:02.088,1033,0.05280986439813005,0.3493162042542161,-0.23690086183208137,-0.16709306135147112,-0.7462187243097066,0.0000,1.0000,0.0500,5.769
2026-04-26 20:29:02.097,1034,0.05280986439813005,0.34931071044689094,-0.23687937890514488,-0.16704202810921534,-0.7461945624699471,0.0000,0.8000,0.0500,5.734
2026-04-26 20:29:02.114,1035,0.05280986439813005,0.34930290917641776,-0.23685526709289015,-0.16698783727948144,-0.7461693989822925,0.0000,1.0000,0.4000,9.925
2026-04-26 20:29:02.128,1036,0.05282156040345124,0.3492916581812668,-0.23682758129272855,-0.16692853154644594,-0.7461425407500126,0.0000,0.6000,0.1000,5.450
2026-04-26 20:29:02.147,1037,0.05283714903165668,0.34927903147948897,-0.2367986340933168,-0.16686707116996197,-0.7461149493943835,0.0000,0.7500,-0.1500,8.862
2026-04-26 20:29:02.165,1038,0.0528579588372543,0.3492644878771523,-0.23676788208812177,-0.16680266402425067,-0.7460863641469229,0.0000,0.9000,0.1500,8.378
2026-04-26 20:29:02.175,1039,0.05288109499699713,0.3492492647542275,-0.23673657074725993,-0.16673696919000028,-0.7460573051989676,0.0000,0.6500,-0.1500,5.982
2026-04-26 20:29:02.191,1040,0.05290880515971039,0.34923194064787966,-0.23670301768405558,-0.1666683778722209,-0.7460273235147771,0.0000,0.7000,0.2000,8.911
2026-04-26 20:29:02.200,1041,0.05294058475807231,0.34921325958378263,-0.23666826654958426,-0.16659756982912555,-0.7459965729631441,0.0000,0.5000,-0.1500,7.893
2026-04-26 20:29:02.223,1042,0.05297458160429,0.3491941626661503,-0.23663336032013937,-0.16652576298106647,-0.7459654272243548,0.0000,0.6500,-0.1500,6.841
2026-04-26 20:29:02.239,1043,0.053011402866394705,0.3491741592688277,-0.23659776409162991,-0.16645276477627635,-0.745933912675285,0.0000,0.8000,-0.1000,8.348
2026-04-26 20:29:02.248,1044,0.0530522764805543,0.3491523041917874,-0.23656024941649803,-0.16637740253453856,-0.7459016792721108,0.0000,0.8500,0.0500,9.806
2026-04-26 20:29:02.263,1045,0.05309849387778981,0.34912811870292465,-0.23652027377503962,-0.16629861308387278,-0.7458683151082018,0.0000,0.6000,0.0500,7.347
2026-04-26 20:29:02.272,1046,0.053150118355460754,0.3491019260518486,-0.23647838990597195,-0.16621673774385717,-0.7458339100273331,0.0000,0.4500,-0.0500,6.885
2026-04-26 20:29:02.289,1047,0.053206164811472105,0.34907374592323104,-0.23643445968318308,-0.16613228944389735,-0.7457987155694821,0.0000,0.9000,0.0000,9.895
2026-04-26 20:29:02.304,1048,0.05326227679125097,0.3490455953210064,-0.23639060970477122,-0.16604791665895038,-0.7457635517176396,0.0000,0.8500,0.1000,6.656
2026-04-26 20:29:02.313,1049,0.053319290440401845,0.34901669236813043,-0.23634578032353007,-0.1659626931637937,-0.745728150825004,0.0000,1.0000,0.3000,7.536
2026-04-26 20:29:02.329,1050,0.05337730260269139,0.3489872571445288,-0.2363003758334691,-0.16587689379280204,-0.7456925952853815,0.0000,1.0000,0.0500,7.788
2026-04-26 20:29:02.337,1051,0.05343193907399997,0.34895902231217574,-0.23625609259301547,-0.16579303129441544,-0.7456577083041497,0.0000,1.0000,-0.1000,9.677
2026-04-26 20:29:02.352,1052,0.05349407635122866,0.3489275147189246,-0.23620837099380634,-0.16570442493990084,-0.7456212678016804,0.0000,0.5500,0.0500,8.761
2026-04-26 20:29:02.367,1053,0.05355997431969635,0.34889452345298455,-0.23615925327204723,-0.16561386133223138,-0.7455842198041588,0.0000,0.6500,-0.1500,10.261
2026-04-26 20:29:02.377,1054,0.053632140145575956,0.34885875459150706,-0.23610719415765874,-0.16551929757229558,-0.7455458663395409,0.0000,0.7000,0.2000,7.551
2026-04-26 20:29:02.391,1055,0.05370308265209512,0.34882345271764215,-0.23605561513697496,-0.16542554868247034,-0.7455078037700754,0.0000,0.8000,0.0500,9.104
2026-04-26 20:29:02.405,1056,0.053780425142542845,0.34878591987766994,-0.23600204806424932,-0.16532841736903178,-0.7454686079342254,0.0000,0.5500,-0.1500,8.922
2026-04-26 20:29:02.416,1057,0.0538615984414773,0.34874651050000727,-0.23594643017405728,-0.16522880921758895,-0.7454286430146327,0.0000,0.8500,0.1500,9.117
2026-04-26 20:29:02.431,1058,0.05394659686416773,0.34870525481558107,-0.23588883296034663,-0.16512684293257957,-0.745387960802772,0.0000,0.8500,0.1000,8.897
2026-04-26 20:29:02.440,1059,0.05403555540180615,0.348662472044572,-0.23582984145875963,-0.1650229182985894,-0.7453466813829236,0.0000,0.7000,-0.1500,10.340
2026-04-26 20:29:02.455,1060,0.05413055646791665,0.3486172602902711,-0.23576843793950236,-0.16491544915340678,-0.745304237145236,0.0000,0.5000,-0.0500,7.422
2026-04-26 20:29:02.470,1061,0.054227389433362,0.34857142566593885,-0.23570651702434267,-0.16480712521064383,-0.7452615214153211,0.0000,0.9500,0.0500,10.686
2026-04-26 20:29:02.478,1062,0.05432787106719529,0.34852404324508773,-0.23564305337873012,-0.1646967524501984,-0.7452181684119139,0.0000,0.9500,0.0500,10.142
2026-04-26 20:29:02.494,1063,0.054435141083239505,0.3484741525519519,-0.23557722927060326,-0.16458257629606005,-0.7451735409631574,0.0000,0.4500,-0.1500,6.806
2026-04-26 20:29:02.503,1064,0.0545468047498502,0.3484228330782745,-0.23551021166047134,-0.16446619341888571,-0.7451281675286928,0.0000,0.6000,-0.2500,7.068
2026-04-26 20:29:02.516,1065,0.05465502546339322,0.34837281576561335,-0.2354445296380019,-0.16435210389907978,-0.7450836154106228,0.0000,1.0000,-0.0500,7.100
2026-04-26 20:29:02.531,1066,0.054766617204069626,0.3483214827826826,-0.23537751395886256,-0.16423588211474097,-0.7450383262531488,0.0000,0.6500,0.1000,5.656
2026-04-26 20:29:02.539,1067,0.054883571844251806,0.34826790837252397,-0.23530825141661246,-0.16411655461707134,-0.7449920447684819,0.0000,0.6500,-0.0500,7.197
2026-04-26 20:29:02.556,1068,0.05500071999167605,0.3482140636643518,-0.23523866251752135,-0.16399716612740795,-0.7449458005323971,0.0000,0.8500,-0.1000,9.935
2026-04-26 20:29:02.564,1069,0.05512203923009508,0.348158592283701,-0.23516743131306309,-0.1638751617599829,-0.7448986551930756,0.0000,0.5000,-0.0500,8.735
2026-04-26 20:29:02.577,1070,0.055246695901149376,0.34810120282356827,-0.23509403628481887,-0.16375103502577465,-0.7448509283552446,0.0000,1.0000,0.3500,9.856
2026-04-26 20:29:02.590,1071,0.05537349174047729,0.3480427911638442,-0.23501947676497723,-0.16362532376168656,-0.7448026649649078,0.0000,0.7000,0.1000,7.255
2026-04-26 20:29:02.598,1072,0.055500688408196094,0.3479843980283816,-0.234945018844749,-0.16349943928754324,-0.7447543104985763,0.0000,0.7500,-0.1500,6.408
2026-04-26 20:29:02.612,1073,0.055626086275186316,0.3479269423122802,-0.23487165027205292,-0.16337490411050656,-0.7447063964836549,0.0000,0.7500,-0.3000,8.186
2026-04-26 20:29:02.620,1074,0.05575049150457091,0.3478697370253326,-0.234798427469413,-0.16325077618523687,-0.7446586236426599,0.0000,0.9500,0.1000,9.896
2026-04-26 20:29:02.635,1075,0.055878627519829895,0.3478112151633516,-0.23472397103543832,-0.163124480751236,-0.7446100963440591,0.0000,0.6000,-0.1500,6.385
2026-04-26 20:29:02.650,1076,0.056011355580040265,0.3477508262597222,-0.23464762626270327,-0.16299539337325394,-0.7445606399845862,0.0000,0.5500,0.1000,7.104
2026-04-26 20:29:02.659,1077,0.056147545706274275,0.3476893576997554,-0.23457050335429913,-0.16286493587836792,-0.7445107686291915,0.0000,0.8000,-0.3500,11.464
2026-04-26 20:29:02.675,1078,0.05628598187067096,0.3476271817097777,-0.23449278996733092,-0.16273330728535906,-0.7444604887284574,0.0000,0.7500,-0.0500,7.571
2026-04-26 20:29:02.683,1079,0.0564269962308784,0.34756362966773335,-0.2344134962565566,-0.16259984226652208,-0.7444096347718516,0.0000,0.8000,0.0500,6.200
2026-04-26 20:29:02.699,1080,0.056572006548860465,0.3474981608581259,-0.23433212141619794,-0.1624638025671194,-0.7443579728087193,0.0000,0.9000,0.2000,7.795
2026-04-26 20:29:02.714,1081,0.05672149860851282,0.34743111522082437,-0.23424932143988828,-0.16232534555324635,-0.7443054965350128,0.0000,0.5500,-0.0500,6.222
2026-04-26 20:29:02.722,1082,0.05687020278696253,0.3473645545224814,-0.23416708519029392,-0.16218742473388628,-0.7442531672614645,0.0000,0.6500,0.0000,8.957
2026-04-26 20:29:02.738,1083,0.05701948832346425,0.3472974419781383,-0.2340841328694519,-0.16204897969099682,-0.7442007139732284,0.0000,0.9500,0.2500,8.240
2026-04-26 20:29:02.747,1084,0.057171606156336464,0.347228371662441,-0.23399878060918886,-0.16190831358768162,-0.7441476397311612,0.0000,1.0000,0.5500,11.449
2026-04-26 20:29:02.763,1085,0.057323493678846246,0.3471596463755098,-0.2339139688794845,-0.1617681697870438,-0.7440947405147811,0.0000,0.6500,-0.3500,7.555
2026-04-26 20:29:02.777,1086,0.05747867279669798,0.3470899619440444,-0.2338283482581259,-0.16162612511816127,-0.7440411307799791,0.0000,0.5000,0.0000,6.494
2026-04-26 20:29:02.944,1087,0.0576370396139013,0.3470187505738798,-0.23374102314569728,-0.16148185131709356,-0.7439867883413828,0.0000,0.7000,0.2000,7.959
2026-04-26 20:29:02.953,1088,0.057797363701672405,0.3469470583739401,-0.23365339190751638,-0.16133664323241598,-0.7439320990941343,0.0000,0.6000,-0.1000,7.578
2026-04-26 20:29:02.964,1089,0.057958363084614106,0.3468749715069366,-0.23356540140113238,-0.16119133160746038,-0.7438774568673362,0.0000,1.0000,0.0500,9.569
2026-04-26 20:29:02.974,1090,0.05811066357863165,0.3468062012874471,-0.2334806932022851,-0.16105133396457003,-0.7438246425916583,0.0000,1.0000,0.0000,12.131
2026-04-26 20:29:02.984,1091,0.05826166793293056,0.3467384230004778,-0.23339720946025297,-0.16091233618282624,-0.7437720803835601,0.0000,0.5500,-0.2000,6.497
2026-04-26 20:29:02.992,1092,0.05841799740779887,0.3466688085151854,-0.23331205873807892,-0.16077037413182707,-0.7437184952087497,0.0000,0.5500,-0.0500,9.541
2026-04-26 20:29:03.002,1093,0.058575393095008046,0.34659864969545234,-0.23322630169645048,-0.1606277031205766,-0.7436646917539832,0.0000,0.9500,0.1000,7.811
2026-04-26 20:29:03.011,1094,0.05873539123412351,0.34652758294685265,-0.23313976869155795,-0.16048378126841728,-0.74361048997579,0.0000,0.6000,-0.0500,8.256
2026-04-26 20:29:03.021,1095,0.058897851335276315,0.3464551610365047,-0.2330517353814438,-0.16033834681618744,-0.7435558708010876,0.0000,0.8500,0.1000,7.180
2026-04-26 20:29:03.029,1096,0.05906370500775926,0.34638152246279397,-0.23296261876798316,-0.16019118153158476,-0.7435006904874322,0.0000,0.5500,-0.3500,7.100
2026-04-26 20:29:03.037,1097,0.05923456800714713,0.3463054717487152,-0.2328708766712413,-0.16004077350097531,-0.743444491945587,0.0000,0.7000,0.3000,10.188
2026-04-26 20:29:03.046,1098,0.05940486034278673,0.34622944100722763,-0.23277904274822594,-0.15989057628046452,-0.7433883939237194,0.0000,0.9500,0.2500,8.055
2026-04-26 20:29:03.055,1099,0.0595796419345622,0.3461515274577876,-0.23268529816641045,-0.15973770124169168,-0.7433314278011636,0.0000,0.6500,0.0000,7.147
2026-04-26 20:29:03.065,1100,0.059754277953322395,0.3460737384695197,-0.2325916799698443,-0.15958483125223621,-0.7432744331678314,0.0000,0.8000,0.0000,6.680
2026-04-26 20:29:03.074,1101,0.05993168478760453,0.34599515711377354,-0.23249746693013554,-0.1594306045721848,-0.7432169583843559,0.0000,0.4500,-0.2000,7.869
2026-04-26 20:29:03.084,1102,0.060104802018598386,0.34591815898586625,-0.23240474159157404,-0.15927877774007565,-0.7431602878196275,0.0000,1.0000,0.2500,6.659
2026-04-26 20:29:03.093,1103,0.060284733746768016,0.34583832625839855,-0.23230912349325444,-0.1591227947542525,-0.7431022479281421,0.0000,0.7500,0.2500,9.175
2026-04-26 20:29:03.101,1104,0.06046645948787619,0.34575782152665757,-0.2322129200439011,-0.15896599622506902,-0.7430439683647513,0.0000,0.8500,0.0500,9.710
2026-04-26 20:29:03.109,1105,0.060651735240137214,0.34567621318571984,-0.23211581268404777,-0.15880738091664232,-0.7429850564112641,0.0000,0.7000,-0.1500,9.190
2026-04-26 20:29:03.117,1106,0.060834597618811895,0.34559568704122856,-0.23201988395423526,-0.15865041410596167,-0.742926698253306,0.0000,0.9000,-0.1500,6.138
2026-04-26 20:29:03.125,1107,0.06102001930242803,0.34551434726301244,-0.23192328258834174,-0.15849215115479393,-0.7428678955278667,0.0000,0.5000,-0.3000,7.437
2026-04-26 20:29:03.134,1108,0.061206663715641436,0.34543245670611383,-0.23182616055146502,-0.1583333509561871,-0.7428089619662946,0.0000,0.9000,0.0500,6.522
2026-04-26 20:29:03.143,1109,0.06139439713259065,0.3453503168822749,-0.23172889735749022,-0.1581740468547775,-0.7427498388615786,0.0000,0.8500,0.1000,7.841
2026-04-26 20:29:03.151,1110,0.06158466318905837,0.3452671027434947,-0.23163058899703434,-0.15801341539149905,-0.7426903207448131,0.0000,0.8500,-0.0500,7.807
2026-04-26 20:29:03.161,1111,0.06177564098365453,0.34518335005434514,-0.23153167081694379,-0.15785243749504532,-0.7426307641378496,0.0000,0.8500,-0.0500,8.282
2026-04-26 20:29:03.170,1112,0.06196587703000089,0.34509979530017215,-0.23143291019073442,-0.1576918894922706,-0.7425713730814467,0.0000,0.8000,-0.0500,7.605
2026-04-26 20:29:03.180,1113,0.06215357424565177,0.3450170451719656,-0.23133483488604428,-0.15753270866954766,-0.7425124645447316,0.0000,0.9500,0.0000,6.121
2026-04-26 20:29:03.190,1114,0.06234520303712482,0.34493300791210124,-0.23123562693399619,-0.15737135600838387,-0.7424527919565715,0.0000,0.6000,-0.0500,6.499
2026-04-26 20:29:03.198,1115,0.06253925955499735,0.3448477655780774,-0.23113506013867255,-0.157208293877267,-0.742392565985563,0.0000,0.7000,0.1500,7.290
2026-04-26 20:29:03.209,1116,0.06273226499254299,0.3447626603407757,-0.2310344999755067,-0.15704576308606377,-0.7423325714926651,0.0000,1.0000,0.1000,8.152
2026-04-26 20:29:03.217,1117,0.06292791065276432,0.3446767861608387,-0.23093332756748486,-0.1568818412193876,-0.7422720737787888,0.0000,0.6500,0.0500,7.881
2026-04-26 20:29:03.228,1118,0.06312759788761103,0.34458905340628,-0.23083023612254258,-0.15671559891279704,-0.7422108805684936,0.0000,1.0000,0.2500,10.106
2026-04-26 20:29:03.237,1119,0.06332894206533769,0.3445000201120177,-0.23072555794750335,-0.1565481656970925,-0.7421494171172519,0.0000,1.0000,0.2000,10.526
2026-04-26 20:29:03.245,1120,0.06352828122256297,0.34441171181202235,-0.2306215773416641,-0.15638193885195725,-0.7420883756802324,0.0000,0.9500,0.0000,10.254
2026-04-26 20:29:03.254,1121,0.06372886360962055,0.3443231483649947,-0.23051751691147898,-0.1562152893355846,-0.7420271867706941,0.0000,0.5500,-0.1500,6.353
2026-04-26 20:29:03.262,1122,0.0639311119449715,0.3442337644689906,-0.23041259354361623,-0.15604769221253223,-0.7419657292452567,0.0000,1.0000,0.1500,12.073
2026-04-26 20:29:03.271,1123,0.06413466186599545,0.34414355541644026,-0.23030676609364076,-0.1558794349388957,-0.7419041480077324,0.0000,0.9500,-0.0500,9.166
2026-04-26 20:29:03.280,1124,0.06434073054404321,0.3440520949452426,-0.2301995943599612,-0.15570965317492838,-0.7418421174526623,0.0000,0.9500,0.1000,7.221
2026-04-26 20:29:03.288,1125,0.06453920830554259,0.3439633726569963,-0.23009497390608302,-0.15554413707968645,-0.7417815352580802,0.0000,1.0000,0.3000,8.017
2026-04-26 20:29:03.298,1126,0.0647390102717435,0.34387439881580156,-0.2299903178036913,-0.15537825157455937,-0.741720831317578,0.0000,0.8500,-0.1500,8.027
2026-04-26 20:29:03.306,1127,0.06494221746890722,0.3437842801772944,-0.22988463326204123,-0.15521046085068504,-0.741659461036754,0.0000,0.6500,-0.1500,6.807
2026-04-26 20:29:03.316,1128,0.06514695423860636,0.3436937408767359,-0.2297786069649646,-0.15504178664789062,-0.7415977542506603,0.0000,0.5500,-0.1000,7.989
2026-04-26 20:29:03.326,1129,0.0653486686162557,0.3436046210601013,-0.22967411522013884,-0.154875068175987,-0.7415366705266787,0.0000,1.0000,0.0000,7.894
2026-04-26 20:29:03.335,1130,0.06555244321503374,0.3435146353699845,-0.2295687868628135,-0.15470727956847052,-0.7414752682698941,0.0000,0.6500,-0.0500,9.653
2026-04-26 20:29:03.345,1131,0.06575736582884663,0.3434242272431502,-0.229463083821758,-0.15453893021506457,-0.7414136913149774,0.0000,0.7500,-0.0500,6.830
2026-04-26 20:29:03.354,1132,0.06596717721360346,0.34333173624061036,-0.22935528892272852,-0.15436778767918002,-0.7413512385523966,0.0000,0.9000,0.0000,7.538
2026-04-26 20:29:03.364,1133,0.06618070347662512,0.34323781777908186,-0.22924603886622033,-0.15419423453213266,-0.7412879374126606,0.0000,0.6000,0.1500,7.646
2026-04-26 20:29:03.376,1134,0.06639171518516955,0.3431445679674059,-0.22913731878364013,-0.1540221331959115,-0.7412251950785985,0.0000,1.0000,0.2000,9.896
2026-04-26 20:29:03.385,1135,0.06660509173023489,0.3430503793133616,-0.22902765082203677,-0.1538485703289897,-0.7411619567515613,0.0000,0.7000,0.1500,8.118
2026-04-26 20:29:03.397,1136,0.06681685060073993,0.34295697684684506,-0.2289188681712656,-0.15367615798917592,-0.7410990972020525,0.0000,0.7500,-0.2000,9.724
2026-04-26 20:29:03.406,1137,0.06702956279989683,0.34286299478635823,-0.2288093717649668,-0.1535029449527695,-0.7410359822626833,0.0000,0.7500,0.0500,6.410
2026-04-26 20:29:03.417,1138,0.06724464543548814,0.3427679028245129,-0.22869869297074227,-0.15332826044127137,-0.7409724091201523,0.0000,0.7000,0.1500,7.354
2026-04-26 20:29:03.428,1139,0.06746068389362149,0.3426724753159388,-0.22858773258279286,-0.15315313987106768,-0.7409087018931093,0.0000,0.7500,0.0500,8.315
2026-04-26 20:29:03.436,1140,0.06768039929517818,0.3425755130703858,-0.22847521370412813,-0.1529758122292464,-0.7408442748717885,0.0000,0.6000,-0.0500,10.937
2026-04-26 20:29:03.447,1141,0.06790067193320683,0.34247858069258497,-0.2283629048343941,-0.15279847681921097,-0.7407798365558496,0.0000,0.9000,0.0000,7.623
2026-04-26 20:29:03.455,1142,0.0681186934317446,0.34238259698807766,-0.22825160084583151,-0.15262263593173808,-0.7407159083884491,0.0000,1.0000,-0.0500,9.156
2026-04-26 20:29:03.465,1143,0.06833255377927615,0.3422881540646676,-0.22814171973868047,-0.1524490221694464,-0.7406527086431118,0.0000,0.9500,0.2000,6.987
2026-04-26 20:29:03.478,1144,0.06854711967010593,0.34219360786174424,-0.22803189938163537,-0.1522753519796342,-0.7405895065578183,0.0000,0.8500,-0.3000,5.343
2026-04-26 20:29:03.488,1145,0.06876162915247094,0.3420991814763429,-0.22792223382086774,-0.15210171405064205,-0.740526290701671,0.0000,0.6500,0.0000,7.243
2026-04-26 20:29:03.500,1146,0.06897749587276515,0.3420043098596247,-0.22781216047078262,-0.15192726878054202,-0.740462782535119,0.0000,0.7000,0.0500,9.096
2026-04-26 20:29:03.511,1147,0.06919558217994985,0.34190901733511314,-0.22770188849543854,-0.1517516841605996,-0.7403988099721294,0.0000,0.4500,-0.1500,7.534
2026-04-26 20:29:03.520,1148,0.06941545315493404,0.3418130845120389,-0.22759098166349356,-0.15157494957095796,-0.740334422549693,0.0000,0.7000,0.0000,4.692
2026-04-26 20:29:03.531,1149,0.069635775689267,0.34171700637003943,-0.22747998197291017,-0.15139809143863056,-0.7402700097356457,0.0000,1.0000,0.0500,6.775
2026-04-26 20:29:03.539,1150,0.06985812159900702,0.3416200225434552,-0.22736801840396895,-0.15121993431962621,-0.740205173898657,0.0000,0.7500,0.1500,8.347
2026-04-26 20:29:03.550,1151,0.07007822052509383,0.34152411931263815,-0.22725721744787378,-0.15104318373456221,-0.7401407712282086,0.0000,0.8500,0.0500,8.280
2026-04-26 20:29:03.561,1152,0.07029658048624933,0.34142898213358613,-0.22714729370267767,-0.15086779420706986,-0.7400768576213892,0.0000,1.0000,-0.2000,11.151
2026-04-26 20:29:03.569,1153,0.07051683507138369,0.3413328241183098,-0.22703622738563886,-0.150691173082219,-0.740012583472014,0.0000,0.8000,0.0500,6.837
2026-04-26 20:29:03.578,1154,0.07073606070423918,0.3412372611385583,-0.22692583841338537,-0.15051522649578244,-0.7399484978793264,0.0000,0.7500,0.0500,6.093
2026-04-26 20:29:03.586,1155,0.07095057264417114,0.3411438770379533,-0.2268177876810097,-0.1503423022627291,-0.7398853787892098,0.0000,0.8500,-0.2000,7.983
2026-04-26 20:29:03.596,1156,0.07116384059887165,0.341050985897586,-0.22671021945308015,-0.15017009228233824,-0.7398224936303461,0.0000,0.8000,0.0000,9.983
2026-04-26 20:29:03.606,1157,0.0713770544740249,0.3409582251578664,-0.2266028513283181,-0.14999802643229995,-0.7397596479808033,0.0000,0.8500,-0.1500,8.014
2026-04-26 20:29:03.614,1158,0.07159248772752425,0.34086457328929964,-0.22649458453366236,-0.14982460592576866,-0.7396963478288675,0.0000,0.7000,-0.0500,9.182
2026-04-26 20:29:03.625,1159,0.07180792885676299,0.34077060274508686,-0.2263858983923312,-0.14965123537621156,-0.7396331523673175,0.0000,1.0000,0.0500,11.485
2026-04-26 20:29:03.634,1160,0.07202397378030445,0.3406761698043986,-0.22627669707642953,-0.14947760666572515,-0.7395699434667642,0.0000,1.0000,0.3000,9.675
2026-04-26 20:29:03.644,1161,0.07224457134518882,0.3405801375321924,-0.22616604064384882,-0.14930148149180714,-0.7395058862090818,0.0000,0.5000,-0.1500,6.717
2026-04-26 20:29:03.658,1162,0.07246654528492535,0.3404831355573486,-0.22605424106360927,-0.14912445549180445,-0.7394416210050979,0.0000,1.0000,0.3500,10.323
2026-04-26 20:29:03.669,1163,0.07268758507522116,0.34038646123652067,-0.2259427807984364,-0.1489480960978359,-0.7393776072310927,0.0000,1.0000,0.0000,8.094
2026-04-26 20:29:03.681,1164,0.07290897534485441,0.34028989519539443,-0.22583150379083838,-0.14877146805626593,-0.7393134321032196,0.0000,0.5500,-0.1000,7.022
2026-04-26 20:29:03.690,1165,0.07313397904255939,0.3401919105832992,-0.22571883739085036,-0.14859274432021477,-0.7392485638101088,0.0000,0.7500,-0.0500,7.398
2026-04-26 20:29:03.701,1166,0.07336411425768696,0.3400913001427847,-0.22560321296585553,-0.14841048609528215,-0.7391825847683338,0.0000,0.7500,0.4000,8.595
2026-04-26 20:29:03.711,1167,0.07359847634506364,0.339988999758999,-0.22548587484446597,-0.1482256027737071,-0.7391157157021468,0.0000,0.5000,-0.0500,7.319
2026-04-26 20:29:03.718,1168,0.07383004579327508,0.3398875796571738,-0.22536931747101321,-0.14804234701432986,-0.7390494403840888,0.0000,1.0000,0.3000,10.202
2026-04-26 20:29:03.730,1169,0.074060555863488,0.33978662301951634,-0.2252532612129793,-0.1478598131687311,-0.7389834101938355,0.0000,0.8500,0.0000,5.072
2026-04-26 20:29:03.738,1170,0.07429223995762879,0.3396851274786081,-0.22513662884494778,-0.14767653108432124,-0.7389171406463924,0.0000,0.8000,0.0500,8.482
2026-04-26 20:29:03.749,1171,0.07452452099779594,0.33958344783413075,-0.22501987586738736,-0.14749305279138392,-0.7388508190564348,0.0000,0.6500,0.0000,10.132
2026-04-26 20:29:03.761,1172,0.07475649995857346,0.3394821100761563,-0.2249035947703463,-0.14730993889889527,-0.738784594230395,0.0000,0.8000,0.0500,7.717
2026-04-26 20:29:03.769,1173,0.07498516163849993,0.33938244195040534,-0.22478921282351186,-0.14712920306639835,-0.7387191410610845,0.0000,0.8000,-0.3000,8.764
2026-04-26 20:29:03.780,1174,0.0752159270657997,0.3392817088475988,-0.22467369145493096,-0.14694723207955818,-0.7386533365931338,0.0000,0.8500,0.0500,9.022
2026-04-26 20:29:03.788,1175,0.07544783491336784,0.33918062703834495,-0.22455787366571034,-0.14676462322499498,-0.7385873004016869,0.0000,0.8000,0.1000,6.713
2026-04-26 20:29:03.799,1176,0.07567776914705446,0.33908018451585065,-0.22444263559229452,-0.14658318136409823,-0.7385216879186304,0.0000,1.0000,0.2000,7.452
2026-04-26 20:29:03.810,1177,0.07591026402289962,0.3389787361234153,-0.22432639713399535,-0.14640019883471872,-0.7384555566015663,0.0000,0.8000,0.0000,7.839
2026-04-26 20:29:03.819,1178,0.07614249783694076,0.33887744234376244,-0.2242103743509274,-0.14621753192639392,-0.7383895444740911,0.0000,1.0000,0.0500,9.954
2026-04-26 20:29:03.830,1179,0.07637662148553229,0.3387754076113048,-0.2240936114874718,-0.14603371431493292,-0.7383231422650225,0.0000,0.7000,-0.0500,10.552
2026-04-26 20:29:03.838,1180,0.07661053545144429,0.3386735603212948,-0.22397718351497933,-0.14585042990479247,-0.738256959827299,0.0000,1.0000,-0.2000,10.618
2026-04-26 20:29:03.849,1181,0.07684484430076402,0.3385718151741129,-0.22386105937898115,-0.14566730500479588,-0.7381908316397678,0.0000,0.8000,-0.1000,7.794
2026-04-26 20:29:03.860,1182,0.07708022775489898,0.3384697565089476,-0.22374469076093145,-0.14548363416865132,-0.7381245088940234,0.0000,0.6000,-0.1500,9.350
2026-04-26 20:29:03.869,1183,0.07731584770835044,0.3383673673688063,-0.2236277891027114,-0.1452993894359565,-0.7380579818486572,0.0000,0.7500,0.2000,5.933
2026-04-26 20:29:03.881,1184,0.07755318370081932,0.33826432420163816,-0.22351026454011091,-0.14511418698988468,-0.7379911394828201,0.0000,0.8500,-0.0500,9.140
2026-04-26 20:29:03.888,1185,0.0777913701780913,0.3381611329032867,-0.2233926804852073,-0.14492854309003358,-0.7379241134519081,0.0000,0.6000,0.0000,7.935
2026-04-26 20:29:03.900,1186,0.07802770631461423,0.3380586762163798,-0.22327580324573573,-0.14474391390991312,-0.7378574111565839,0.0000,0.8500,0.0000,3.754
2026-04-26 20:29:03.911,1187,0.07826068377006995,0.33795778649706637,-0.22316063996563762,-0.14456154284873457,-0.7377914462069871,0.0000,1.0000,-0.0500,6.900
2026-04-26 20:29:03.919,1188,0.07849255383735362,0.3378575421090318,-0.22304623693758144,-0.14437998866771787,-0.7377257283923842,0.0000,0.7500,-0.2000,6.621
2026-04-26 20:29:03.930,1189,0.07872394272886458,0.3377576713448396,-0.2229322910996874,-0.14419878797821728,-0.7376600939448952,0.0000,0.6500,-0.1000,7.659
2026-04-26 20:29:03.942,1190,0.07895352220255755,0.33765843573491783,-0.2228189294017221,-0.14401860396223956,-0.7375948090725069,0.0000,0.8000,0.0000,8.206
2026-04-26 20:29:03.950,1191,0.07918353502938819,0.3375589577972045,-0.22270530553729273,-0.14383818011316823,-0.7375294648920228,0.0000,0.8500,0.1000,10.072
2026-04-26 20:29:03.962,1192,0.07941315562744222,0.3374593435895715,-0.22259135771057018,-0.14365769255729344,-0.7374641229517225,0.0000,0.9500,0.2500,7.972
2026-04-26 20:29:03.971,1193,0.07964470957956503,0.3373589496663871,-0.2224766044786694,-0.14347595845422378,-0.7373983526924267,0.0000,0.6000,0.0500,8.394
2026-04-26 20:29:03.983,1194,0.07987591737169385,0.3372584534981884,-0.22236164411021325,-0.14329436935654544,-0.7373326805224085,0.0000,0.8500,0.1500,8.873
2026-04-26 20:29:03.995,1195,0.08010769934889937,0.3371575402815315,-0.2222462458820713,-0.14311261296942304,-0.7372670289947313,0.0000,1.0000,0.1500,9.797
2026-04-26 20:29:04.003,1196,0.0803384081994161,0.33705712170793645,-0.2221314268950898,-0.1429317261561954,-0.7372016886178102,0.0000,1.0000,0.0000,10.652
2026-04-26 20:29:04.015,1197,0.08056729008623695,0.3369576769594959,-0.22201775633027993,-0.14275225440466588,-0.7371368123396551,0.0000,1.0000,-0.0500,9.203
2026-04-26 20:29:04.023,1198,0.08079899363254629,0.3368572045545961,-0.22190310344848407,-0.1425711211963537,-0.7370713622710661,0.0000,0.7000,0.1000,7.441
2026-04-26 20:29:04.035,1199,0.08102735811913152,0.3367583021514217,-0.22179018755071864,-0.14239229377294968,-0.7370066726179846,0.0000,0.8500,-0.2000,7.234
2026-04-26 20:29:04.047,1200,0.08125927738496348,0.33665807113378265,-0.22167598222816587,-0.14221135263607126,-0.7369412582849146,0.0000,0.5000,0.0000,5.838
2026-04-26 20:29:04.054,1201,0.08149459049798087,0.33655617508699887,-0.22155989666568032,-0.142027993351689,-0.7368750511581645,0.0000,0.7000,0.2500,8.057
2026-04-26 20:29:04.067,1202,0.08173125662722575,0.3364534440320473,-0.22144288154884953,-0.14184387002073534,-0.7368086707826146,0.0000,1.0000,0.0500,10.578
2026-04-26 20:29:04.076,1203,0.08196842348844072,0.33635047494007647,-0.22132564514745373,-0.1416595598990918,-0.7367422565430817,0.0000,1.0000,0.0500,8.049
2026-04-26 20:29:04.089,1204,0.08220766150391158,0.33624653432519475,-0.2212073804213273,-0.14147399045896975,-0.7366754555468128,0.0000,0.8000,0.1000,9.356
2026-04-26 20:29:04.102,1205,0.08244906080816813,0.336141900977672,-0.2210885807540081,-0.14128747738899783,-0.7366083559402281,0.0000,0.9500,0.1000,10.321
2026-04-26 20:29:04.110,1206,0.08268797050683489,0.3360378699897131,-0.22097021769058484,-0.141102376622545,-0.7365418119166393,0.0000,1.0000,0.4000,8.406
2026-04-26 20:29:04.122,1207,0.08292976126769755,0.3359329496590947,-0.22085116636446694,-0.14091593723605997,-0.7364748209395094,0.0000,0.8000,-0.0500,8.340
2026-04-26 20:29:04.130,1208,0.08317121713062813,0.3358276542984176,-0.22073147940283822,-0.14072942178248998,-0.7364078857068499,0.0000,1.0000,0.2500,9.824
2026-04-26 20:29:04.142,1209,0.08341614145036318,0.3357213637024929,-0.22061100408624534,-0.14054106165054644,-0.7363402769640062,0.0000,0.3500,-0.2500,5.520
2026-04-26 20:29:04.155,1210,0.08366278987457522,0.3356142829290751,-0.22048964534245488,-0.14035145732180246,-0.7362722436870233,0.0000,0.7000,0.2000,5.778
2026-04-26 20:29:04.163,1211,0.08390671910746299,0.3355085737980839,-0.22036979411951096,-0.1401636039947496,-0.7362047430198688,0.0000,0.7000,-0.2000,6.841
2026-04-26 20:29:04.176,1212,0.08415419126813913,0.3354015851953605,-0.22024876677606103,-0.1399738220845152,-0.7361365979483523,0.0000,0.8000,0.0500,8.249
2026-04-26 20:29:04.184,1213,0.08440146389869746,0.33529446129629165,-0.22012752978625935,-0.13978417584061772,-0.7360685545530967,0.0000,1.0000,0.1500,11.798
2026-04-26 20:29:04.199,1214,0.08465009954187903,0.3351870610828727,-0.2200062342855865,-0.1395941560204296,-0.7360003934670045,0.0000,0.6500,-0.3000,8.168
2026-04-26 20:29:04.213,1215,0.08490073595201583,0.3350789776387072,-0.21988432667313862,-0.13940304117481742,-0.7359318556943272,0.0000,0.7500,0.0500,5.408
2026-04-26 20:29:04.221,1216,0.08515251114570115,0.33496989823758827,-0.21976111314904434,-0.13921082542283197,-0.7358630164758653,0.0000,1.0000,0.4000,9.234
2026-04-26 20:29:04.234,1217,0.08540643591100272,0.33485992229696915,-0.21963701533754565,-0.13901741542002205,-0.7357938042847574,0.0000,0.7500,0.0500,8.696
2026-04-26 20:29:04.243,1218,0.08566468938500774,0.3347481631556672,-0.2195111198198017,-0.13882142466186792,-0.735723747533771,0.0000,0.5500,0.1500,9.236
2026-04-26 20:29:04.256,1219,0.08592715553499132,0.3346350919650199,-0.21938409328353695,-0.13862307261313364,-0.7356528381671894,0.0000,0.3000,-0.2000,7.460
2026-04-26 20:29:04.269,1220,0.08618777782228788,0.33452261790277305,-0.21925760661240987,-0.13842580491066422,-0.7355823217087383,0.0000,1.0000,0.1000,8.074
2026-04-26 20:29:04.276,1221,0.08644655080203185,0.334410744166775,-0.2191316617648461,-0.13822961883132687,-0.7355121959971326,0.0000,0.9000,0.1500,9.650
2026-04-26 20:29:04.289,1222,0.08670804279716342,0.334298011440511,-0.2190050032428414,-0.13803203097349057,-0.735441584160433,0.0000,0.7000,-0.1000,8.096
2026-04-26 20:29:04.298,1223,0.08696925564139382,0.33418536968721135,-0.21887847375482736,-0.13783478019987497,-0.735371118138943,0.0000,1.0000,0.0500,5.425
2026-04-26 20:29:04.311,1224,0.08723324323140559,0.33407146040276914,-0.21875058810694636,-0.13763574946283022,-0.735300079034619,0.0000,0.6500,0.2000,10.209
2026-04-26 20:29:04.326,1225,0.08749901582378099,0.3339568724485423,-0.2186220497238122,-0.13743569624717755,-0.735228698374291,0.0000,0.6500,-0.1500,8.819
2026-04-26 20:29:04.334,1226,0.08776879808745486,0.3338405301373468,-0.21849167630388003,-0.1372331419369551,-0.735156505771536,0.0000,0.8000,0.1000,10.627
2026-04-26 20:29:04.348,1227,0.08803802473720676,0.3337241037592785,-0.21836107688924583,-0.13703080968401535,-0.7350844452295223,0.0000,1.0000,0.1000,10.025
2026-04-26 20:29:04.356,1228,0.0883081708675802,0.3336070655288316,-0.2182297200590716,-0.1368277164415941,-0.7350121571710134,0.0000,0.8000,0.2500,8.434
2026-04-26 20:29:04.369,1229,0.08857563044544055,0.3334911230149298,-0.21809944716960072,-0.13662616289771531,-0.7349403650475631,0.0000,0.9000,-0.1000,6.884
2026-04-26 20:29:04.384,1230,0.08884480380642487,0.33337438870020386,-0.2179683618542205,-0.13642364885742828,-0.7348682906408145,0.0000,1.0000,0.2500,8.210
2026-04-26 20:29:04.392,1231,0.08911496494869665,0.33325757236861253,-0.21783736624402641,-0.13622075518910792,-0.7347960469387449,0.0000,0.7000,-0.0500,8.300
2026-04-26 20:29:04.405,1232,0.08938251781683225,0.33314186262970047,-0.2177075402701083,-0.13601957489262326,-0.7347243832886854,0.0000,0.9000,-0.0500,7.325
2026-04-26 20:29:04.418,1233,0.08964963465123965,0.33302614911430123,-0.2175776733636983,-0.1358187601651996,-0.7346529033813264,0.0000,1.0000,0.2000,8.819
2026-04-26 20:29:04.426,1234,0.08991853458878071,0.3329096148317646,-0.21744696137859387,-0.13561693132948352,-0.734581121625443,0.0000,0.8000,0.0500,10.846
2026-04-26 20:29:04.441,1235,0.09018630763724661,0.3327939707582934,-0.21731742139108615,-0.13541622899302452,-0.7345096805805517,0.0000,0.5500,-0.3000,8.983
2026-04-26 20:29:04.449,1236,0.09045495664584119,0.3326782509368904,-0.2171879206765206,-0.1352150557023589,-0.7344380230089654,0.0000,0.6000,-0.1000,8.757
2026-04-26 20:29:04.463,1237,0.09072311663845516,0.33256261102165324,-0.21705847111829726,-0.135014226178059,-0.7343665173572447,0.0000,0.9000,-0.0500,11.696
2026-04-26 20:29:04.476,1238,0.09099218398335687,0.33244680992317105,-0.21692895638779866,-0.13481293515887846,-0.7342948212669206,0.0000,0.6500,0.1500,5.824
2026-04-26 20:29:04.484,1239,0.09126298898333894,0.33233018440970075,-0.21679856569964823,-0.13461058576943497,-0.7342228021080422,0.0000,0.8000,0.1000,6.904
2026-04-26 20:29:04.498,1240,0.09153688308186929,0.33221233850634524,-0.2166669408765116,-0.1344063112866109,-0.7341501255125829,0.0000,0.6500,0.2000,6.453
2026-04-26 20:29:04.506,1241,0.09181092312226545,0.33209429088619596,-0.21653503747178296,-0.134201858386822,-0.7340774101502877,0.0000,0.8000,0.1000,8.194
2026-04-26 20:29:04.520,1242,0.09208148642457671,0.3319779248927458,-0.21640496044632324,-0.13399963445808558,-0.7340053888791056,0.0000,1.0000,0.1000,7.179
2026-04-26 20:29:04.533,1243,0.09235528086362471,0.3318604056713962,-0.21627382794477135,-0.13379564608448677,-0.7339327737045449,0.0000,0.4500,-0.2000,6.797
2026-04-26 20:29:04.541,1244,0.09263069914440322,0.33174201827219896,-0.21614173001390058,-0.13359061902142527,-0.7338598562416112,0.0000,0.9000,0.1000,9.445
2026-04-26 20:29:04.554,1245,0.09290484462303147,0.33162402448234785,-0.2160099962776337,-0.13338640325694617,-0.7337872460373502,0.0000,1.0000,0.0500,7.324
2026-04-26 20:29:04.564,1246,0.0931771329384404,0.3315067741493175,-0.21587906792631023,-0.13318353111117176,-0.7337151217897787,0.0000,1.0000,-0.1000,6.635
2026-04-26 20:29:04.577,1247,0.0934525388925477,0.33138832091981885,-0.21574697007225152,-0.1329788525892118,-0.7336423950896006,0.0000,0.8500,0.1000,9.934
2026-04-26 20:29:04.590,1248,0.09372817847896085,0.3312699159966655,-0.21561501780158876,-0.1327742029167558,-0.7335696707487867,0.0000,0.9500,-0.0500,5.905
2026-04-26 20:29:04.598,1249,0.09400123647976028,0.3311525415141843,-0.21548415420924527,-0.13257132158410118,-0.7334975729787361,0.0000,1.0000,-0.0500,11.325
2026-04-26 20:29:04.612,1250,0.09427244274724135,0.33103589090795593,-0.2153540469643406,-0.13236969482054936,-0.7334259215350388,0.0000,1.0000,-0.0500,9.214
2026-04-26 20:29:04.621,1251,0.09454544290660041,0.33091883311273274,-0.2152237122821127,-0.13216723825475019,-0.7333539569981687,0.0000,0.6500,-0.1000,9.256
2026-04-26 20:29:04.636,1252,0.09481648581152617,0.33080273560005496,-0.2150944006027367,-0.1319659483674405,-0.7332823357404487,0.0000,0.8000,0.0000,6.915
2026-04-26 20:29:04.652,1253,0.09508720081480156,0.33068691459083516,-0.21496547798261814,-0.131765076128882,-0.7332108541916232,0.0000,0.8000,-0.3000,8.849
2026-04-26 20:29:04.660,1254,0.09535599345699908,0.33057176807305416,-0.2148371413486838,-0.13156515685225986,-0.7331396805111341,0.0000,0.9500,0.2500,6.484
2026-04-26 20:29:04.674,1255,0.0956260309349812,0.3304561870776061,-0.21470844577613096,-0.131364685219536,-0.7330683392820851,0.0000,0.9500,0.1000,9.744
2026-04-26 20:29:04.684,1256,0.09589807425295134,0.33034003498096753,-0.21457933739148669,-0.13116328428521795,-0.73299667618746,0.0000,0.7000,-0.0500,4.904
2026-04-26 20:29:04.699,1257,0.09617064670805141,0.3302236462338158,-0.21445002300882327,-0.13096171373219662,-0.7329249874558859,0.0000,1.0000,0.0000,10.082
2026-04-26 20:29:04.713,1258,0.09644024318756009,0.330108674676857,-0.21432227983225385,-0.13076219311108944,-0.7328539694023484,0.0000,0.9000,-0.1500,10.138
2026-04-26 20:29:04.722,1259,0.09670751510404872,0.32999474451027333,-0.2141956419732381,-0.13056415334785834,-0.7327834314396384,0.0000,0.9500,0.0500,7.565
2026-04-26 20:29:04.735,1260,0.09697540090875956,0.3298806777197991,-0.21406892978209532,-0.13036582887046808,-0.7327127852851627,0.0000,0.7000,-0.1000,7.292
2026-04-26 20:29:04.744,1261,0.09724591190446767,0.3297597808658547,-0.2139318054741169,-0.13014306368591094,-0.7326352097204837,0.0000,0.7500,0.0500,9.818
2026-04-26 20:29:04.759,1262,0.09751583550926843,0.3296308126389914,-0.21378134526175036,-0.12988673744426343,-0.7325481487538932,0.0000,0.7500,0.1000,7.184
2026-04-26 20:29:04.773,1263,0.09778664229737107,0.32949270730454217,-0.21361620403108436,-0.12959379743387894,-0.7324507090806924,0.0000,0.6000,0.0000,6.280
2026-04-26 20:29:04.782,1264,0.09806048595750474,0.3293432869486941,-0.21343351869832766,-0.12925952127328247,-0.7323416240741624,0.0000,1.0000,0.1500,7.202
2026-04-26 20:29:04.797,1265,0.09833578376484041,0.32918425105077115,-0.21323561420026765,-0.1288887939719098,-0.7322222814739011,0.0000,0.8500,-0.0500,7.538
2026-04-26 20:29:04.808,1266,0.09861170070825002,0.3290164805450429,-0.21302366925974087,-0.1284842590488834,-0.7320934166020693,0.0000,0.7500,0.0500,8.158
2026-04-26 20:29:04.823,1267,0.09888491979091261,0.32884335510530444,-0.2128023801466905,-0.12805584675913298,-0.7319579481611056,0.0000,1.0000,0.1000,8.893
2026-04-26 20:29:04.837,1268,0.09915946030168522,0.32866125393520834,-0.21256686275508951,-0.12759337148728475,-0.7318128854982363,0.0000,0.8000,0.0000,10.108
2026-04-26 20:29:04.846,1269,0.09943184652527069,0.3284733638725724,-0.21232139707367612,-0.1271060704878876,-0.7316609120575485,0.0000,0.8500,0.1500,9.529
2026-04-26 20:29:04.861,1270,0.09970538804875499,0.32827713880681636,-0.2120626557675171,-0.12658619573709012,-0.7314997208158108,0.0000,0.6000,-0.1000,5.319
2026-04-26 20:29:04.869,1271,0.09998007989101729,0.3280727457509889,-0.2117909486119817,-0.12603472892405185,-0.7313296224293253,0.0000,0.8000,0.0000,7.079
2026-04-26 20:29:04.883,1272,0.10025444260223816,0.32786205924271417,-0.2115088463579342,-0.12545590391826777,-0.7311517502554135,0.0000,0.4500,-0.1000,6.013
2026-04-26 20:29:04.899,1273,0.10052917699777486,0.3276444421649235,-0.21121557920085315,-0.12484882709486807,-0.7309659123955606,0.0000,0.7000,-0.1500,8.301
2026-04-26 20:29:05.112,1274,0.10080290146437174,0.3274209432781136,-0.21091252258375762,-0.12421718613487581,-0.7307732131368753,0.0000,0.8000,0.0500,8.091
2026-04-26 20:29:05.120,1275,0.10107810376209975,0.32718948725008246,-0.21059692296223156,-0.12355545117014918,-0.7305720207643286,0.0000,0.7500,0.0000,10.949
2026-04-26 20:29:05.128,1276,0.10135464046916183,0.3269503303213159,-0.21026913286429527,-0.1228644741909851,-0.730362557584203,0.0000,0.7500,0.2000,8.456
2026-04-26 20:29:05.136,1277,0.10162765160919028,0.32670808986323474,-0.20993546447894967,-0.12215703591311199,-0.7301485777002923,0.0000,0.8000,-0.2500,9.623
2026-04-26 20:29:05.144,1278,0.10190087869180513,0.32645940216313424,-0.20959140267668966,-0.1214245757698535,-0.7299275832372314,0.0000,0.9500,0.0500,7.184
2026-04-26 20:29:05.152,1279,0.10217130022486268,0.32620680836845667,-0.20924036777722863,-0.12067482530325312,-0.7297018861118513,0.0000,1.0000,0.1000,12.082
2026-04-26 20:29:05.160,1280,0.10244126695333941,0.3259492994005416,-0.20888113741869666,-0.11990284493419368,-0.7294698515091872,0.0000,0.4500,-0.1000,5.249
2026-04-26 20:29:05.168,1281,0.10271087928159565,0.32568667656298833,-0.20851351261987644,-0.11910918185790617,-0.7292317217185716,0.0000,0.7500,-0.1500,8.482
2026-04-26 20:29:05.176,1282,0.10298064487836146,0.3254184441042905,-0.20813680880676264,-0.11829293379174328,-0.7289872299740008,0.0000,0.9500,0.1000,5.729
2026-04-26 20:29:05.185,1283,0.10325228422744756,0.3251433508770245,-0.2077494083676891,-0.11745081490081802,-0.7287353871682442,0.0000,0.6000,-0.0500,7.190
2026-04-26 20:29:05.193,1284,0.10352649777878062,0.32486100766257636,-0.20735095638308623,-0.11658261422598952,-0.7284761987280584,0.0000,0.5500,-0.3000,10.086
2026-04-26 20:29:05.201,1285,0.10380007117348394,0.32457419574007984,-0.2069450706680709,-0.11569531868235615,-0.728211643210021,0.0000,0.8000,-0.0500,6.879
2026-04-26 20:29:05.210,1286,0.10407074275788424,0.32428482999903774,-0.20653432470057576,-0.11479435779225226,-0.7279433395474109,0.0000,0.9000,-0.1500,7.997
2026-04-26 20:29:05.218,1287,0.1043401336989733,0.3239914891283386,-0.20611677748301926,-0.11387620317043742,-0.7276702235800581,0.0000,0.7000,0.0500,8.924
2026-04-26 20:29:05.226,1288,0.10460559638432267,0.323696384460188,-0.20569545434660919,-0.11294741235525284,-0.7273942987276126,0.0000,1.0000,-0.3000,10.384
2026-04-26 20:29:05.234,1289,0.10487160002479043,0.3233957815369686,-0.20526538968023506,-0.11199861114884933,-0.7271127918892506,0.0000,0.8500,0.2500,9.159
2026-04-26 20:29:05.242,1290,0.10513123151697791,0.3230950815960005,-0.2048335841139991,-0.11104387967322485,-0.7268298344761166,0.0000,1.0000,0.0500,10.704
2026-04-26 20:29:05.251,1291,0.10539423422727016,0.32278753435152113,-0.20439146662244423,-0.11006451996214943,-0.7265398158796694,0.0000,0.3000,-0.2000,7.160
2026-04-26 20:29:05.259,1292,0.1056554154718617,0.3224769217611274,-0.20394389274121566,-0.10907103894309601,-0.7262458669390013,0.0000,0.7500,-0.0500,8.510
2026-04-26 20:29:05.268,1293,0.10591665191196283,0.3221618679970673,-0.20348920913205332,-0.10806073309350997,-0.7259472670983081,0.0000,1.0000,-0.0500,8.521
2026-04-26 20:29:05.275,1294,0.10617891523734972,0.32184188951774045,-0.2030267978451156,-0.10703201499598433,-0.725643474046824,0.0000,0.9500,0.0000,8.335
2026-04-26 20:29:05.285,1295,0.10643946743042823,0.3215191059998871,-0.20255942984194344,-0.10599062412298493,-0.7253361959633938,0.0000,1.0000,0.1000,9.720
2026-04-26 20:29:05.294,1296,0.1067015450181467,0.3211914175826063,-0.20208449185419955,-0.10493111326647676,-0.7250237882773962,0.0000,0.8500,-0.0500,9.007
2026-04-26 20:29:05.302,1297,0.10696558346958743,0.32085858706636416,-0.20160172965013076,-0.10385326050356582,-0.7247061958054306,0.0000,0.8500,0.1000,10.061
2026-04-26 20:29:05.311,1298,0.10722561117510698,0.3205249045587658,-0.20111656897669516,-0.10276792875675816,-0.7243866158057523,0.0000,1.0000,0.1500,9.441
2026-04-26 20:29:05.319,1299,0.1074844182808001,0.3201889132490493,-0.2006273531935413,-0.10167097880908803,-0.7240637927983103,0.0000,0.7500,-0.1000,8.791
2026-04-26 20:29:05.328,1300,0.107743999061455,0.31984888527277316,-0.20013179739629552,-0.10055892507437825,-0.7237367211494004,0.0000,0.7500,0.0500,9.252
2026-04-26 20:29:05.337,1301,0.10800065967213376,0.31950739425738406,-0.19963316047561913,-0.09943836348814697,-0.7234073714959858,0.0000,1.0000,0.1000,8.586
2026-04-26 20:29:05.345,1302,0.10825602016258976,0.31916375996912183,-0.1991307145507725,-0.09830706408310828,-0.7230750304647717,0.0000,0.8500,-0.2000,7.407
2026-04-26 20:29:05.354,1303,0.10850907261454766,0.3188184852568572,-0.1986250511696135,-0.09716690106370292,-0.7227402880639158,0.0000,0.8000,-0.3500,4.835
2026-04-26 20:29:05.362,1304,0.10876022632569224,0.31847104209687627,-0.1981153920006055,-0.0960169787262709,-0.722402872675719,0.0000,0.9000,0.1500,6.883
2026-04-26 20:29:05.372,1305,0.10901045554272255,0.3181210947305203,-0.1976013929356813,-0.09485605213623687,-0.7220623602779715,0.0000,0.8000,0.1500,8.160
2026-04-26 20:29:05.381,1306,0.10926194161569626,0.31776722158289966,-0.1970814023332296,-0.0936815391801283,-0.7217180548315894,0.0000,1.0000,-0.0500,7.611
2026-04-26 20:29:05.390,1307,0.10951240401515158,0.31741106817718373,-0.1965573984334325,-0.09249679952198187,-0.7213708643393524,0.0000,0.6500,0.0500,6.533
2026-04-26 20:29:05.400,1308,0.10976193576893943,0.3170525481646733,-0.19602932549613786,-0.09130218319132087,-0.7210209389825698,0.0000,0.9000,0.0500,9.412
2026-04-26 20:29:05.408,1309,0.11000901576770052,0.3166929064414026,-0.19549878366370804,-0.09010027866413434,-0.7206690105819494,0.0000,0.8500,0.1000,7.859
2026-04-26 20:29:05.417,1310,0.11025278510046446,0.3163323645369901,-0.19496600904835323,-0.08889256972091682,-0.7203156115110335,0.0000,1.0000,0.1000,9.849
2026-04-26 20:29:05.427,1311,0.11049622263520521,0.31596983188289723,-0.19442989325270743,-0.0876753865460462,-0.7199595252279912,0.0000,0.7500,-0.0500,6.907
2026-04-26 20:29:05.435,1312,0.1107363966143276,0.31560690630427596,-0.19389234206696182,-0.08645306723541972,-0.7196021070637546,0.0000,0.9000,-0.1000,6.329
2026-04-26 20:29:05.445,1313,0.1109704250639077,0.31524531459433197,-0.1933554453006568,-0.08522964712618569,-0.7192445854096075,0.0000,1.0000,0.1000,10.590
2026-04-26 20:29:05.453,1314,0.11120716071074815,0.314879452641767,-0.19281236489502887,-0.08399325910310344,-0.7188834102183822,0.0000,0.8500,0.2500,10.802
2026-04-26 20:29:05.462,1315,0.11144453841406729,0.3145110334770284,-0.19226531817378287,-0.08274725849385425,-0.7185195330040102,0.0000,0.9000,0.0000,9.072
2026-04-26 20:29:05.471,1316,0.1116811293915947,0.31414089496925324,-0.19171533165255708,-0.08149386070649209,-0.7181536422222948,0.0000,1.0000,-0.1000,7.061
2026-04-26 20:29:05.479,1317,0.11191824479114315,0.3137687554700522,-0.19116219935698173,-0.08023181660282162,-0.7177852689504477,0.0000,0.6000,-0.2000,5.915
2026-04-26 20:29:05.489,1318,0.11215026095432314,0.31339732226221306,-0.19060897431571477,-0.07896804099719017,-0.7174166012975057,0.0000,1.0000,0.0500,9.695
2026-04-26 20:29:05.500,1319,0.11237815127817677,0.31302622955806997,-0.1900552848104224,-0.07770147229989284,-0.7170472871135144,0.0000,1.0000,-0.0500,11.405
2026-04-26 20:29:05.509,1320,0.11260710994340267,0.3126523974997891,-0.189497453479472,-0.07642610060535329,-0.7166755102171583,0.0000,0.9500,0.2500,6.361
2026-04-26 20:29:05.520,1321,0.11283660478350814,0.3122762850519953,-0.18893608228611006,-0.07514293331217366,-0.7163015584882423,0.0000,0.8500,0.0000,9.211
2026-04-26 20:29:05.530,1322,0.11306440935769808,0.3118992030430184,-0.18837278445984998,-0.07385500443859615,-0.7159263854333597,0.0000,1.0000,0.2500,12.946
2026-04-26 20:29:05.541,1323,0.11329269960706287,0.31152020353459253,-0.18780651600525033,-0.07256010215583354,-0.7155492569225187,0.0000,0.8000,0.1000,10.448
2026-04-26 20:29:05.552,1324,0.11352099461637472,0.3111393076590009,-0.18723724063894873,-0.07125896038844891,-0.7151704468784925,0.0000,0.8500,0.1500,9.250
2026-04-26 20:29:05.560,1325,0.11374795004186046,0.31075750613625364,-0.18666620143716692,-0.0699533333590076,-0.7147904560445741,0.0000,0.8000,0.0500,10.492
2026-04-26 20:29:05.571,1326,0.11397437167473146,0.31037440334659394,-0.18609290861592104,-0.06864239914732283,-0.7144089905192648,0.0000,1.0000,0.2500,8.083
2026-04-26 20:29:05.580,1327,0.11420038071726313,0.3099899270566493,-0.1855173596022503,-0.06732659655506835,-0.7140262423544732,0.0000,1.0000,0.0500,10.141
2026-04-26 20:29:05.590,1328,0.11442420084014707,0.30960554834143034,-0.18494141696996133,-0.06600803911350651,-0.7136427717137475,0.0000,0.9500,-0.1000,6.968
2026-04-26 20:29:05.601,1329,0.11464715510937026,0.3092203450968927,-0.18436394325118696,-0.0646854918214963,-0.7132582275344173,0.0000,1.0000,0.1000,8.523
2026-04-26 20:29:05.609,1330,0.11487182233803062,0.30883302174855237,-0.18378350586057265,-0.0633569164111599,-0.7128719846655913,0.0000,0.6000,-0.0500,8.859
2026-04-26 20:29:05.620,1331,0.1150964370489595,0.30844470814127356,-0.1832014586548699,-0.062024206447039064,-0.7124845885943146,0.0000,0.8000,0.0000,6.289
2026-04-26 20:29:05.629,1332,0.11531921513991754,0.3080563824598046,-0.18261890079440865,-0.06068891324771677,-0.7120964900276086,0.0000,0.8500,-0.1000,10.522
2026-04-26 20:29:05.639,1333,0.11554237796385528,0.3076668311600118,-0.1820345051273328,-0.05934957387320146,-0.7117072916056347,0.0000,0.8000,-0.1500,9.203
2026-04-26 20:29:05.650,1334,0.11576286822815646,0.3072772450157576,-0.18144942399316272,-0.0580084145668151,-0.7113177076680167,0.0000,1.0000,0.3000,8.201
2026-04-26 20:29:05.659,1335,0.11598240417395046,0.3068868478172061,-0.1808628470910592,-0.056664320620191784,-0.710927390932219,0.0000,1.0000,0.2500,7.275
2026-04-26 20:29:05.669,1336,0.11620012804385262,0.30649611836154195,-0.18027531612848133,-0.05531804129311914,-0.7105365582208995,0.0000,1.0000,0.2500,9.960
2026-04-26 20:29:05.678,1337,0.11641440233608008,0.3061058496809145,-0.17968771112309143,-0.0539708213712799,-0.7101456076196876,0.0000,1.0000,0.1000,9.751
2026-04-26 20:29:05.688,1338,0.11662645944511019,0.30571536236298374,-0.17909923171961417,-0.052621702163906006,-0.7097542343885255,0.0000,1.0000,0.3500,7.539
2026-04-26 20:29:05.698,1339,0.11683714526146832,0.3053244296243176,-0.1785097236158723,-0.05127033660483822,-0.7093623129046015,0.0000,1.0000,0.2000,6.333
2026-04-26 20:29:05.707,1340,0.11704569332489258,0.30493365588838384,-0.17791997219552297,-0.04991754726704229,-0.7089700838370366,0.0000,1.0000,-0.1000,10.419
2026-04-26 20:29:05.718,1341,0.11725326627085536,0.3045422652688626,-0.17732900755348774,-0.04856247224160662,-0.708577282517862,0.0000,0.9500,0.2000,10.844
2026-04-26 20:29:05.726,1342,0.11745786997036865,0.3041514771674676,-0.17673827702212994,-0.04720659059767643,-0.7081843419084123,0.0000,1.0000,0.0500,8.483
2026-04-26 20:29:05.736,1343,0.11765992687096098,0.30376099894489694,-0.17614744264499502,-0.0458497291553299,-0.7077912319462775,0.0000,1.0000,0.0000,11.308
2026-04-26 20:29:05.747,1344,0.11786071818856751,0.3033704757961882,-0.17555624896442154,-0.044491474457400405,-0.7073977933731076,0.0000,0.9500,-0.0500,10.604
2026-04-26 20:29:05.755,1345,0.11806069719768175,0.30297987566688683,-0.1749647469475843,-0.043131873760158,-0.7070040138920044,0.0000,0.9000,-0.1500,8.306
2026-04-26 20:29:05.767,1346,0.11825823683696401,0.30258963774057107,-0.1743732641596775,-0.041771612849317706,-0.7066101601783117,0.0000,1.0000,0.1000,6.582
2026-04-26 20:29:05.779,1347,0.11845412682847131,0.3021996310781553,-0.17378175232784884,-0.04041038826363514,-0.7062160896977054,0.0000,0.9500,0.0000,5.428
2026-04-26 20:29:05.787,1348,0.11865071520340617,0.3018090915791819,-0.17318954365677958,-0.03904748218517509,-0.7058215170181034,0.0000,0.5500,0.0500,7.068
2026-04-26 20:29:05.800,1349,0.11884833567698672,0.3014178261539313,-0.1725964411068259,-0.037683029231019585,-0.7054265024148696,0.0000,0.8000,0.1000,8.133
2026-04-26 20:29:05.809,1350,0.1190427105507729,0.30102719442606063,-0.17200361838688785,-0.03631848049381917,-0.7050316172262674,0.0000,1.0000,0.1000,13.574
2026-04-26 20:29:05.821,1351,0.11923387820172805,0.3006373410593046,-0.1714113000842674,-0.03495388712221704,-0.7046368519973775,0.0000,1.0000,0.1000,10.705
2026-04-26 20:29:05.832,1352,0.11942374690959826,0.30024771624351254,-0.1708190093755102,-0.03358864427872753,-0.704241926717039,0.0000,0.8500,-0.0500,6.291
2026-04-26 20:29:05.841,1353,0.11961078152876016,0.299858801280544,-0.1702271458533106,-0.03222314109046787,-0.703846999754693,0.0000,1.0000,0.1000,10.042
2026-04-26 20:29:05.852,1354,0.11979499825810795,0.2994702947197538,-0.1696352753635145,-0.030857307577598303,-0.7034521048287945,0.0000,1.0000,0.3000,8.510
2026-04-26 20:29:05.861,1355,0.11997794505604739,0.29908199638349775,-0.16904341553259203,-0.029491039010961197,-0.703057119443533,0.0000,0.8500,0.0500,6.858
2026-04-26 20:29:05.873,1356,0.12016055618346111,0.29869410533741725,-0.1684521238597857,-0.02812471696611723,-0.7026621047094197,0.0000,0.8500,-0.1000,7.124
2026-04-26 20:29:05.884,1357,0.12034232042398267,0.29830652198856555,-0.1678610909481144,-0.026758244005776543,-0.7022670445418362,0.0000,0.7500,0.0500,7.884
2026-04-26 20:29:05.893,1358,0.12052246274486562,0.2979188628926151,-0.16726959059856686,-0.025391532871238274,-0.7018720365304274,0.0000,1.0000,0.4000,9.760
2026-04-26 20:29:05.904,1359,0.12070098017437324,0.2975316279451672,-0.16667837436195757,-0.02402490928765832,-0.70147710496746,0.0000,0.9000,-0.1000,8.667
2026-04-26 20:29:05.913,1360,0.12087981426021184,0.29714453054557755,-0.16608745328535848,-0.022658614300413295,-0.7010822432565006,0.0000,0.6500,-0.0500,10.429
2026-04-26 20:29:05.927,1361,0.12105626244702687,0.29675825928417504,-0.16549727046431387,-0.021292707515050014,-0.7006875525447543,0.0000,0.8500,-0.0500,8.438
2026-04-26 20:29:05.941,1362,0.1212299338206698,0.29637272287649974,-0.1649075766917068,-0.019926974829606512,-0.7002929894034504,0.0000,1.0000,0.1500,8.330
2026-04-26 20:29:05.950,1363,0.12140317413630027,0.2959874042829354,-0.16431814265651654,-0.018561714682430334,-0.6998985834207021,0.0000,0.9000,0.1000,8.350
2026-04-26 20:29:05.964,1364,0.12157528234864894,0.2956028793268214,-0.16372968105344635,-0.01719715879562598,-0.6995043675204996,0.0000,0.8500,-0.1500,6.674
2026-04-26 20:29:05.973,1365,0.12174504847070952,0.29521862050709197,-0.16314112879835244,-0.015832754495858168,-0.6991103335563432,0.0000,1.0000,0.2000,10.958
2026-04-26 20:29:05.985,1366,0.12191215422802916,0.29483540214907883,-0.1625535787702171,-0.01446878738113753,-0.6987164740785823,0.0000,1.0000,-0.0500,9.758
2026-04-26 20:29:05.997,1367,0.12207471357071267,0.29445349664619175,-0.16196701002881256,-0.013104752839894821,-0.6983227159261806,0.0000,1.0000,-0.1500,9.432
2026-04-26 20:29:06.005,1368,0.12223779673014508,0.2940716383883745,-0.1613806949354176,-0.011741783281237877,-0.6979292805836381,0.0000,0.7000,-0.1000,10.908
2026-04-26 20:29:06.017,1369,0.12239825751775553,0.2936901793417959,-0.1607944162339664,-0.010378940143615508,-0.6975360106604034,0.0000,1.0000,0.1500,8.871
2026-04-26 20:29:06.026,1370,0.12255798143276207,0.29330949976439424,-0.16020916264246354,-0.009017131841504487,-0.6971429936702181,0.0000,0.6000,-0.1500,5.045
2026-04-26 20:29:06.039,1371,0.12271629957228973,0.2929294341100778,-0.15962458432649776,-0.0076561774081442754,-0.6967502804920868,0.0000,0.9500,0.0000,11.620
2026-04-26 20:29:06.051,1372,0.12287294352519591,0.2925497305008247,-0.1590402655859983,-0.006295917686685874,-0.6963578955421628,0.0000,1.0000,0.0000,10.236
2026-04-26 20:29:06.060,1373,0.12302810319227116,0.2921704988066445,-0.1584563414388133,-0.004936365781697344,-0.6959657590563424,0.0000,0.8500,0.1000,12.197
2026-04-26 20:29:06.072,1374,0.12318047041906531,0.29179188396491346,-0.15787277838815023,-0.0035770973158693207,-0.6955738408375334,0.0000,1.0000,0.1500,10.246
2026-04-26 20:29:06.081,1375,0.12333041949664848,0.2914140617952568,-0.15728992593904778,-0.0022183678858924334,-0.6951821677299534,0.0000,1.0000,-0.1000,7.686
2026-04-26 20:29:06.093,1376,0.12348077885032632,0.2910366538475245,-0.15670783956802767,-8.614606784233465E-4,-0.6947909838117756,0.0000,0.7500,0.0500,6.137
2026-04-26 20:29:06.105,1377,0.12362833619628082,0.2906601576191431,-0.15612652719379078,4.950980773603814E-4,-0.6943999736876884,0.0000,1.0000,-0.1500,9.135
2026-04-26 20:29:06.113,1378,0.1237771405372044,0.29028403716723566,-0.1555461488049275,0.0018491272083439023,-0.6940096420899626,0.0000,0.5000,-0.0500,10.521
2026-04-26 20:29:06.126,1379,0.12392531219092477,0.28990853648725123,-0.15496660964840114,0.0032015339491424342,-0.6936197762459576,0.0000,0.8000,-0.1000,8.631
2026-04-26 20:29:06.134,1380,0.12407427361704858,0.28953378180624817,-0.15438845285092367,0.004551199700153247,-0.6932306224386398,0.0000,0.5000,-0.1500,7.098
2026-04-26 20:29:06.147,1381,0.1242207172528382,0.28916010608256243,-0.1538113829793703,0.005900085631313929,-0.6928417252966051,0.0000,0.8000,-0.2000,8.583
2026-04-26 20:29:06.160,1382,0.12436608485074971,0.28878676699828254,-0.15323464394947897,0.007247527105198929,-0.6924533235301391,0.0000,1.0000,0.2500,7.641
2026-04-26 20:29:06.168,1383,0.12451145199564258,0.2884140933698765,-0.15265899041276898,0.008592504511300534,-0.6920656155050932,0.0000,0.8000,0.0000,9.553
2026-04-26 20:29:06.180,1384,0.12465358129931547,0.2880421829782597,-0.15208377938403667,0.009937327955684527,-0.6916780652822687,0.0000,1.0000,0.1000,9.708
2026-04-26 20:29:06.192,1385,0.12479483563706432,0.28767112622849655,-0.15150975394593832,0.011280066037105657,-0.691291136195025,0.0000,1.0000,-0.0500,3.347
2026-04-26 20:29:06.201,1386,0.12493430026410322,0.28730073844462706,-0.1509363804600601,0.012621577063075847,-0.6909046219499675,0.0000,1.0000,0.2000,9.609
2026-04-26 20:29:06.213,1387,0.12507320360757054,0.28693105355312504,-0.15036403151367306,0.013960758159407966,-0.6905187988949468,0.0000,0.8500,0.0000,9.125
2026-04-26 20:29:06.221,1388,0.12521282046513557,0.28656173809993735,-0.14979249219946353,0.015296608113571848,-0.6901339287396727,0.0000,1.0000,0.4000,9.814
2026-04-26 20:29:06.234,1389,0.12535278318956536,0.28619299665819015,-0.14922197022382477,0.01662924193214091,-0.6897499582564636,0.0000,0.9500,0.1500,10.161
2026-04-26 20:29:06.246,1390,0.12548960067150722,0.28582526251969514,-0.14865226764657197,0.017961508307711503,-0.6893661589353897,0.0000,0.9500,0.0500,9.386
2026-04-26 20:29:06.255,1391,0.12562474871747126,0.2854584913331789,-0.1480836819521905,0.019292100634212345,-0.6889828527076088,0.0000,0.8500,0.0500,7.661
2026-04-26 20:29:06.268,1392,0.12575785855862046,0.2850922994633311,-0.14751555704664404,0.020621556755187186,-0.6885999629031824,0.0000,1.0000,0.3000,10.626
2026-04-26 20:29:06.277,1393,0.12588800520502721,0.28472684434588724,-0.14694788735408423,0.02195072934611626,-0.6882172483755908,0.0000,1.0000,0.1500,7.386
2026-04-26 20:29:06.289,1394,0.12601662477019226,0.28436197703727534,-0.14638084339628604,0.023278214942668327,-0.6878351071488574,0.0000,1.0000,0.1500,9.379
2026-04-26 20:29:06.302,1395,0.12614426714777388,0.28399756084955696,-0.14581433634406946,0.024603501027107327,-0.6874536695387734,0.0000,1.0000,0.3000,8.695
2026-04-26 20:29:06.311,1396,0.1262710405679807,0.2836339997828069,-0.1452490007746988,0.025926236816488805,-0.68707297569215,0.0000,1.0000,0.1500,7.737
2026-04-26 20:29:06.324,1397,0.12639826522613848,0.283270942138477,-0.14468468796845146,0.027245122329385214,-0.6866934387346709,0.0000,1.0000,0.3500,10.436
2026-04-26 20:29:06.333,1398,0.1265242393631687,0.2829087494415208,-0.144121487382118,0.028561802901970284,-0.686314575710094,0.0000,1.0000,0.1000,9.346
2026-04-26 20:29:06.345,1399,0.126649995217056,0.28254739444279103,-0.14355963332311064,0.029875071977322185,-0.6859367130483852,0.0000,1.0000,-0.0500,8.143
2026-04-26 20:29:06.359,1400,0.12677387465536205,0.28218674356312584,-0.14299848010902338,0.03118687879378437,-0.6855593467029257,0.0000,1.0000,0.1500,8.641
2026-04-26 20:29:06.367,1401,0.12689580328285255,0.28182694009454917,-0.14243823372098896,0.03249726295604578,-0.6851824546082373,0.0000,1.0000,-0.0500,10.149
2026-04-26 20:29:06.380,1402,0.12701684039650862,0.28146835104649615,-0.14187972695878848,0.03380477426150775,-0.6848063759416047,0.0000,0.7500,-0.1000,8.214
2026-04-26 20:29:06.390,1403,0.12713389387012808,0.2811102264797908,-0.14132099448317792,0.03511363197469757,-0.6844300649049729,0.0000,1.0000,0.4500,9.886
2026-04-26 20:29:06.402,1404,0.12725074560778785,0.2807531204101034,-0.14076384138559453,0.03641892682673748,-0.6840547389437088,0.0000,0.6500,0.0000,7.214
2026-04-26 20:29:06.415,1405,0.12736673132453066,0.2803965996241585,-0.14020745838129525,0.03772168849898582,-0.6836801932767925,0.0000,1.0000,0.1000,7.220
2026-04-26 20:29:06.423,1406,0.12747951294367704,0.2800407008384084,-0.13965127057987595,0.03902495299341981,-0.6833055979606278,0.0000,1.0000,0.2000,9.759
2026-04-26 20:29:06.436,1407,0.12758840835819288,0.27968524324319427,-0.13909482355042457,0.04032985984873973,-0.6829306648154804,0.0000,1.0000,0.2000,9.500
2026-04-26 20:29:06.444,1408,0.1276955813687587,0.2793304032732864,-0.13853898900127715,0.04163351474621082,-0.6825561742550934,0.0000,1.0000,0.2000,11.079
2026-04-26 20:29:06.456,1409,0.12780300387899135,0.2789764834230074,-0.1379847188770274,0.04293302879977347,-0.6821828484688623,0.0000,0.9000,0.1500,11.136
2026-04-26 20:29:06.468,1410,0.1279100230474118,0.2786238245289092,-0.13743234439670127,0.04422905179297363,-0.6818104621562379,0.0000,0.6500,-0.0500,4.091
2026-04-26 20:29:06.476,1411,0.1280150246685143,0.2782718942509351,-0.13688068002481354,0.04552419461889685,-0.6814384095452097,0.0000,1.0000,-0.0500,10.076
2026-04-26 20:29:06.490,1412,0.12811775721503024,0.27792049105138894,-0.13632936355141664,0.046818969728874345,-0.6810665829270556,0.0000,1.0000,0.0500,12.810
2026-04-26 20:29:06.500,1413,0.12821863876896217,0.2775697374587504,-0.1357786805148087,0.04811275124629903,-0.6806951277974024,0.0000,1.0000,0.1500,10.655
2026-04-26 20:29:06.513,1414,0.12831975637239013,0.27722002036608623,-0.13522972500368075,0.04940221188215105,-0.6803248676728159,0.0000,0.6500,-0.1000,7.370
2026-04-26 20:29:06.526,1415,0.12841857279640448,0.27687104058734896,-0.13468139071444066,0.05069134128699488,-0.679954767306737,0.0000,1.0000,0.1500,6.324
2026-04-26 20:29:06.534,1416,0.12851902230325568,0.2765234187843412,-0.13413568039703772,0.05197371006559717,-0.6795865202942357,0.0000,0.6500,0.0500,6.473
2026-04-26 20:29:06.546,1417,0.12861676583074272,0.2761764535539157,-0.13359036029654414,0.05325646254009079,-0.6792182458525283,0.0000,1.0000,0.0500,6.128
2026-04-26 20:29:06.554,1418,0.12871283912369033,0.27583029488714633,-0.13304593319882635,0.05453795895150468,-0.6788503729361767,0.0000,1.0000,0.1500,9.102
2026-04-26 20:29:06.568,1419,0.12880674253887142,0.27548483144096303,-0.132502114074496,0.055819120772049646,-0.6784826742143998,0.0000,1.0000,-0.0500,11.202
2026-04-26 20:29:06.581,1420,0.12890066281649676,0.2751400296873562,-0.1319593897821619,0.05709633420274651,-0.6781161137349364,0.0000,1.0000,0.5000,8.310
2026-04-26 20:29:06.589,1421,0.12899099712405765,0.2747954799828498,-0.13141618583320291,0.0583759069191286,-0.6777490101305017,0.0000,1.0000,0.1000,8.749
2026-04-26 20:29:06.602,1422,0.12908052977183984,0.2744516419770694,-0.13087397606974113,0.05965293095723686,-0.6773826840030884,0.0000,1.0000,0.1000,10.396
2026-04-26 20:29:06.616,1423,0.12916900648384566,0.27410853766569315,-0.13033273523445296,0.060927838087459635,-0.6770170204115984,0.0000,1.0000,0.1000,8.664
2026-04-26 20:29:06.626,1424,0.1292552532933909,0.2737661433052706,-0.12979207929503042,0.062202721829960846,-0.6766514168972813,0.0000,0.9000,-0.1500,9.598
2026-04-26 20:29:06.640,1425,0.12934099994475506,0.2734247550282412,-0.12925293136448668,0.06347439149027523,-0.6762867275807333,0.0000,0.8000,0.0500,5.096
2026-04-26 20:29:06.649,1426,0.12942565462289296,0.27308378059982225,-0.1287142302428613,0.06474420578834911,-0.6759226470046379,0.0000,1.0000,0.4500,13.007
2026-04-26 20:29:06.663,1427,0.1295088758786667,0.2727431952034866,-0.12817585905725848,0.06601287699610875,-0.6755589887603077,0.0000,1.0000,0.3000,10.169
2026-04-26 20:29:06.678,1428,0.1295903043709353,0.2724029967074869,-0.12763768275450393,0.06728108139637104,-0.6751955379746316,0.0000,1.0000,0.3000,10.534
2026-04-26 20:29:06.687,1429,0.1296707892993592,0.27206358691028715,-0.1271005873973884,0.0685471353740721,-0.6748327476197395,0.0000,0.9500,-0.1000,9.322
2026-04-26 20:29:06.701,1430,0.12975059100957304,0.2717251120411553,-0.12656485607489407,0.06981046767621796,-0.674470751695324,0.0000,0.9500,0.0000,9.873
2026-04-26 20:29:06.710,1431,0.12982908150972733,0.27138727017973435,-0.12602983786823863,0.07107239218818125,-0.6741092044863082,0.0000,0.9500,0.0000,8.075
2026-04-26 20:29:06.724,1432,0.12990385380678646,0.2710490866152994,-0.1254933966923658,0.07233814113341124,-0.6737467613682566,0.0000,1.0000,0.1500,10.353
2026-04-26 20:29:06.738,1433,0.12997929617268564,0.270712135685203,-0.12495916204645022,0.07359836723701513,-0.6733858771266829,0.0000,1.0000,-0.0500,11.322
2026-04-26 20:29:06.749,1434,0.13005445217195588,0.270376118532093,-0.12442638546941351,0.07485497993814316,-0.6730260296094313,0.0000,0.9500,-0.0500,5.334
2026-04-26 20:29:06.764,1435,0.1301285030733151,0.2700408701640296,-0.12389459462751691,0.07610971955051467,-0.6726667519247433,0.0000,1.0000,-0.0500,7.332
2026-04-26 20:29:06.773,1436,0.13019991489948346,0.26970568865925454,-0.12336229581893934,0.07736612364405135,-0.6723071306734448,0.0000,1.0000,0.0500,12.091
2026-04-26 20:29:06.787,1437,0.13027185766149907,0.26937175246968187,-0.12283217543178883,0.07861711303148942,-0.6719490313258288,0.0000,1.0000,-0.0500,9.189
2026-04-26 20:29:06.802,1438,0.13034339432837644,0.26903895666807776,-0.12230378854661549,0.07986459383371639,-0.6715919092916205,0.0000,0.9500,0.0500,7.842
2026-04-26 20:29:06.810,1439,0.13041330199833662,0.2687066711759921,-0.1217758514134047,0.08111148811474618,-0.671235026586249,0.0000,1.0000,-0.0500,8.792
2026-04-26 20:29:06.826,1440,0.13048383635550745,0.2683757851070244,-0.12125035384272419,0.08235251780723808,-0.6708797758354748,0.0000,0.8000,-0.1000,8.026
2026-04-26 20:29:06.834,1441,0.13055517354723475,0.2680463268956937,-0.12072736660434774,0.08358714451431237,-0.6705262912653098,0.0000,1.0000,0.1500,8.277
2026-04-26 20:29:06.848,1442,0.1306255098664519,0.267717767036459,-0.12020557522551237,0.08481954939937066,-0.6701734475808598,0.0000,0.9000,0.0500,9.315
2026-04-26 20:29:06.862,1443,0.13069422153427743,0.2673899278662597,-0.11968454703097167,0.08605130905190043,-0.6698208268984063,0.0000,1.0000,-0.2000,9.773
2026-04-26 20:29:06.872,1444,0.13076146649628037,0.2670623988902095,-0.11916370372304394,0.08728231330590766,-0.6694685134570608,0.0000,1.0000,0.3500,10.698
2026-04-26 20:29:06.889,1445,0.1308254329557816,0.26673496192474955,-0.11864216778715672,0.08851686391992293,-0.6691152796534406,0.0000,1.0000,-0.1000,9.837
2026-04-26 20:29:06.898,1446,0.1308885423374851,0.26640824011961584,-0.11812158642772842,0.08974924371710788,-0.6687626904609698,0.0000,1.0000,0.1500,8.134
2026-04-26 20:29:06.913,1447,0.13095218335226205,0.2660828381455526,-0.11760327069229803,0.09097591950924237,-0.6684116783478151,0.0000,0.9500,0.0500,7.545
2026-04-26 20:29:06.928,1448,0.131015174833137,0.2657578782171582,-0.11708554576003344,0.09220000302445529,-0.6680614612336749,0.0000,1.0000,0.3500,8.374
2026-04-26 20:29:06.936,1449,0.1310775854151014,0.2654335956046219,-0.11656881462120026,0.09342127583342574,-0.6677120909147569,0.0000,1.0000,0.2500,8.444
2026-04-26 20:29:06.951,1450,0.13113859738544303,0.26510997533473807,-0.11605280857076547,0.09464168590478987,-0.6673630007588474,0.0000,1.0000,-0.1000,9.593
2026-04-26 20:29:06.960,1451,0.13119825077048464,0.2647871621107652,-0.11553776302570394,0.09586113325744484,-0.6670142035158771,0.0000,1.0000,-0.0500,10.798
2026-04-26 20:29:06.975,1452,0.13125542464259962,0.2644642830082176,-0.11502201823547581,0.09708289746669772,-0.6666648587985083,0.0000,1.0000,0.0500,12.698
2026-04-26 20:29:06.991,1453,0.13131113115119158,0.2641417363898506,-0.11450647319446733,0.09830438647453954,-0.6663156627619445,0.0000,1.0000,0.1000,9.224
2026-04-26 20:29:07.001,1454,0.13136711309176657,0.26382068660037206,-0.11399341071896725,0.09952078376462954,-0.6659678608430969,0.0000,1.0000,-0.0500,9.272
2026-04-26 20:29:07.018,1455,0.1314219143380837,0.26350022641275583,-0.11348101825026563,0.10073610748394587,-0.6656204018361451,0.0000,1.0000,-0.0500,9.096
2026-04-26 20:29:07.034,1456,0.1314737443064844,0.26317949769426385,-0.11296747378547867,0.10195531297573947,-0.6652719668293696,0.0000,1.0000,0.1000,9.495
2026-04-26 20:29:07.043,1457,0.1315261498568572,0.2628595826987243,-0.11245548992970668,0.10316893240536791,-0.6649251797060286,0.0000,1.0000,0.3500,14.943
2026-04-26 20:29:07.059,1458,0.1315780918215011,0.2625405065829361,-0.1119447779551461,0.10437952260522773,-0.6645792796189134,0.0000,1.0000,0.0000,10.717
2026-04-26 20:29:07.300,1459,0.13163129064330842,0.26222273564906484,-0.11143657350613949,0.10558244727842153,-0.6642355668292818,0.0000,1.0000,0.4500,9.808
2026-04-26 20:29:07.312,1460,0.13168200140241412,0.261904915855179,-0.11092766031801139,0.10678796789049928,-0.6638911972096683,0.0000,1.0000,0.2000,8.075
2026-04-26 20:29:07.323,1461,0.1317300590763257,0.26158674319668124,-0.11041755301485609,0.10799691313255473,-0.6635459881041044,0.0000,1.0000,0.3000,13.707
2026-04-26 20:29:07.333,1462,0.13177575721649779,0.2612683335423878,-0.10990651033556577,0.10920853538240882,-0.6632001382417895,0.0000,1.0000,0.1000,8.352
2026-04-26 20:29:07.344,1463,0.13181877989760016,0.26094946489134446,-0.10939408158002308,0.11042379697319914,-0.66285338156124,0.0000,1.0000,0.0500,7.961
2026-04-26 20:29:07.354,1464,0.13186144544950648,0.2606315312662658,-0.10888308245387555,0.11163586982627362,-0.6625075299887584,0.0000,0.9000,0.0000,8.390
2026-04-26 20:29:07.365,1465,0.13190345551129828,0.2603145465780869,-0.10837343460065213,0.11284552981007027,-0.6621623476082552,0.0000,1.0000,0.1500,8.584
2026-04-26 20:29:07.375,1466,0.1319421295219103,0.25999684996559974,-0.10786181578221361,0.11406102649019437,-0.6618156476118886,0.0000,1.0000,0.1500,10.083
2026-04-26 20:29:07.383,1467,0.1319802352273422,0.2596797320159493,-0.10735102446678679,0.11527416956849218,-0.661469657510025,0.0000,1.0000,0.2000,12.205
2026-04-26 20:29:07.392,1468,0.13201723957267306,0.2593629149877892,-0.10684047542702693,0.11648661557332343,-0.661123927416295,0.0000,1.0000,0.3000,10.199
2026-04-26 20:29:07.400,1469,0.13205342743849457,0.2590469958167117,-0.10633115239078428,0.11769728353012046,-0.66077868799124,0.0000,0.9500,0.0500,7.925
2026-04-26 20:29:07.408,1470,0.13208852761726417,0.25873149539678214,-0.10582221863033396,0.11890705094581323,-0.6604337251269404,0.0000,1.0000,0.1000,8.967
2026-04-26 20:29:07.417,1471,0.13212139779924342,0.25841573971635096,-0.10531234072811192,0.12011972773018714,-0.660088039618555,0.0000,1.0000,0.1000,9.696
2026-04-26 20:29:07.425,1472,0.1321527463868042,0.2581002270604141,-0.10480244687748952,0.12133291440743402,-0.6597422354668596,0.0000,0.9000,-0.0500,8.926
2026-04-26 20:29:07.433,1473,0.13218459306713762,0.25778577376674294,-0.10429442968515687,0.12254051757350896,-0.6593980204793355,0.0000,1.0000,0.4500,10.313
2026-04-26 20:29:07.441,1474,0.1322147461744233,0.25747139124221474,-0.10378611369119176,0.12374947632556589,-0.659053485199921,0.0000,1.0000,-0.0500,9.209
2026-04-26 20:29:07.449,1475,0.13224183724665808,0.25715661193435796,-0.10327634918961873,0.12496409278034709,-0.6587074121721883,0.0000,1.0000,-0.1500,6.852
2026-04-26 20:29:07.458,1476,0.13227005856521828,0.25684330767660657,-0.10276930033025598,0.1261710796969616,-0.6583634849661827,0.0000,0.8000,0.0000,9.922
2026-04-26 20:29:07.466,1477,0.1322952831458394,0.25652941290443354,-0.10226052278106974,0.12738364257786794,-0.658018065142355,0.0000,1.0000,-0.1500,9.293
2026-04-26 20:29:07.474,1478,0.13231874670739602,0.2562156114733687,-0.10175143911072795,0.12859780527863826,-0.6576722342546703,0.0000,1.0000,-0.0500,7.476
2026-04-26 20:29:07.482,1479,0.1323421104879726,0.2559025112813179,-0.1012435288815466,0.12980839275904335,-0.6573274682328188,0.0000,1.0000,0.2500,8.574
2026-04-26 20:29:07.491,1480,0.13236482386580464,0.2555897953552173,-0.1007361280048446,0.13101724343376814,-0.6569832582925617,0.0000,1.0000,0.1500,9.340
2026-04-26 20:29:07.500,1481,0.13238493433691742,0.25527625574116625,-0.10022680162803246,0.13223114220668358,-0.6566377695749838,0.0000,1.0000,0.1000,11.808
2026-04-26 20:29:07.509,1482,0.1324050337131419,0.2549638162964402,-0.09971926934775706,0.13344113549015288,-0.6562933803499069,0.0000,1.0000,0.0500,8.634
2026-04-26 20:29:07.518,1483,0.1324229951830607,0.2546508680772797,-0.09921040378663447,0.13465448631535806,-0.6559481454965215,0.0000,1.0000,0.3000,11.647
2026-04-26 20:29:07.528,1484,0.13243984900756564,0.25433787662722873,-0.09870123776559185,0.13586778612251252,-0.6556030124541932,0.0000,1.0000,0.4000,12.760
2026-04-26 20:29:07.537,1485,0.13245765792728206,0.25402663328891795,-0.09819513302034114,0.13707366531548262,-0.6552599159314111,0.0000,1.0000,0.0000,8.284
2026-04-26 20:29:07.547,1486,0.13247405464909826,0.2537153238091793,-0.09768857568807161,0.13828044134325856,-0.6549166274152591,0.0000,1.0000,0.3500,10.727
2026-04-26 20:29:07.557,1487,0.1324908912090333,0.2534050531501422,-0.09718384240093136,0.1394818394818312,-0.6545748676426093,0.0000,1.0000,0.2500,10.997
2026-04-26 20:29:07.567,1488,0.13250865045357008,0.25309625620531423,-0.09668174336168708,0.1406761737715718,-0.6542350756364493,0.0000,1.0000,0.1500,11.472
2026-04-26 20:29:07.578,1489,0.13252666257219956,0.2527883755948846,-0.09618124219612656,0.14186606316956338,-0.6538965675113368,0.0000,1.0000,0.1000,12.498
2026-04-26 20:29:07.587,1490,0.13254338053074943,0.2524805338183187,-0.09568047829932995,0.14305686732987435,-0.6535578436798564,0.0000,1.0000,0.1500,9.379
2026-04-26 20:29:07.596,1491,0.13255986632882644,0.2521734676897372,-0.09518092525807821,0.14424482868788419,-0.6532199327621233,0.0000,1.0000,0.1000,10.614
2026-04-26 20:29:07.604,1492,0.13257602061212181,0.2518671789257284,-0.09468254134867515,0.1454303118154755,-0.6528827167807625,0.0000,1.0000,0.1000,10.177
2026-04-26 20:29:07.614,1493,0.1325933409589819,0.251562432550645,-0.09418700131668496,0.14660819561751645,-0.6525476402251058,0.0000,1.0000,0.1000,7.846
2026-04-26 20:29:07.623,1494,0.13260973484794406,0.25125810222429834,-0.09369189424759623,0.14778589483592677,-0.6522126286228916,0.0000,1.0000,-0.1500,8.877
2026-04-26 20:29:07.631,1495,0.1326258968997107,0.25095452229810855,-0.0931979362985264,0.14896085949386012,-0.6518783834866204,0.0000,0.9000,-0.0500,8.399
2026-04-26 20:29:07.641,1496,0.13264090502983347,0.25065092439328773,-0.0927036853729166,0.15013680033824456,-0.6515439219739995,0.0000,1.0000,-0.0500,11.055
2026-04-26 20:29:07.650,1497,0.13265679542966946,0.25034884689520126,-0.0922121051189011,0.1513058229146153,-0.6512113623470529,0.0000,0.8000,0.1500,10.853
2026-04-26 20:29:07.660,1498,0.1326724482749501,0.25004751451201573,-0.09172165715906416,0.15247214818688623,-0.6508795535464422,0.0000,1.0000,0.2500,11.467
2026-04-26 20:29:07.669,1499,0.13268503392119121,0.24974487317513988,-0.09122833173024791,0.15364679405911197,-0.650545512727781,0.0000,1.0000,-0.0500,11.313
2026-04-26 20:29:07.677,1500,0.13269621685541938,0.24944207288044737,-0.09073441473628947,0.15482349679579,-0.6502109503363567,0.0000,1.0000,0.1000,10.732
2026-04-26 20:29:07.687,1501,0.1327072824745893,0.24914003708100754,-0.0902417206994541,0.15599728295927182,-0.6498772192205318,0.0000,1.0000,0.2000,8.333
2026-04-26 20:29:07.696,1502,0.1327187948783662,0.24883923345106262,-0.08975114929332594,0.15716597267122087,-0.6495449105518419,0.0000,1.0000,0.1000,8.946
2026-04-26 20:29:07.705,1503,0.1327284350618572,0.2485380561026131,-0.08925949199301923,0.1583385738120637,-0.6492115452320366,0.0000,1.0000,0.0000,13.124
2026-04-26 20:29:07.716,1504,0.1327362509272628,0.24823597466918312,-0.08876597419851928,0.1595153110251016,-0.6488771399338683,0.0000,1.0000,0.5000,13.578
2026-04-26 20:29:07.724,1505,0.13274400654312923,0.2479348190662212,-0.08827393447126469,0.16068896146221623,-0.6485435888411648,0.0000,1.0000,0.0500,10.193
2026-04-26 20:29:07.735,1506,0.13275121841791124,0.2476342451861977,-0.08778268981024138,0.1618613788643158,-0.6482103835194519,0.0000,0.9000,0.0000,6.427
2026-04-26 20:29:07.743,1507,0.13275121841791124,0.247332694084698,-0.08728928313140133,0.1630397826917437,-0.6478755739543879,0.0000,1.0000,0.0000,8.229
2026-04-26 20:29:07.754,1508,0.13275121841791124,0.24703193867787224,-0.08679708205132275,0.1642160983698628,-0.647541340375563,0.0000,1.0000,-0.0500,8.694
2026-04-26 20:29:07.764,1509,0.13275121841791124,0.24673197035218822,-0.08630616507599437,0.16538930523860867,-0.6472079926767317,0.0000,1.0000,0.1500,9.245
2026-04-26 20:29:07.772,1510,0.13275121841791124,0.24643191901604664,-0.08581485821985357,0.16656367673041225,-0.6468743676502401,0.0000,1.0000,0.0000,10.297
2026-04-26 20:29:07.782,1511,0.13275121841791124,0.2461312064087761,-0.08532206151240461,0.16774163399501138,-0.6465398026921354,0.0000,1.0000,0.2500,8.667
2026-04-26 20:29:07.792,1512,0.13275121841791124,0.24583129408728796,-0.08483056996314714,0.16891641782983505,-0.6462061346501486,0.0000,1.0000,0.0000,8.936
2026-04-26 20:29:07.801,1513,0.13275121841791124,0.24553181272190075,-0.08433965153976847,0.17009028535471327,-0.6458727416580655,0.0000,1.0000,0.0000,10.638
2026-04-26 20:29:07.811,1514,0.13275121841791124,0.2452329733446189,-0.08384995768676154,0.17125930771868186,-0.6455407671814627,0.0000,1.0000,0.5500,9.641
2026-04-26 20:29:07.820,1515,0.13275121841791124,0.24493544295145073,-0.08336263436863692,0.17242202983579416,-0.6452105675834736,0.0000,1.0000,0.2000,11.722
2026-04-26 20:29:07.831,1516,0.13275121841791124,0.24463831279630854,-0.08287595693597628,0.17358285028399006,-0.6448809463263414,0.0000,1.0000,0.1000,12.244
2026-04-26 20:29:07.843,1517,0.13275121841791124,0.24434294434046758,-0.08239246529974635,0.1747351294132108,-0.6445536849909843,0.0000,0.9000,0.2000,5.694
2026-04-26 20:29:07.852,1518,0.13275121841791124,0.24404760277126936,-0.08190888252964745,0.17588750625636168,-0.6442264480820802,0.0000,1.0000,0.2000,10.581
2026-04-26 20:29:07.864,1519,0.13275121841791124,0.2437531932982393,-0.08142677286032027,0.17703677389686098,-0.6439000463825154,0.0000,1.0000,0.1500,8.620
2026-04-26 20:29:07.874,1520,0.13275121841791124,0.24345836652993,-0.08094371242543613,0.17818815604982335,-0.6435731056717,0.0000,1.0000,0.4000,7.947
2026-04-26 20:29:07.888,1521,0.13275121841791124,0.24316410727801102,-0.08046148430440102,0.17933819493837025,-0.6432465407868622,0.0000,1.0000,0.0000,8.219
2026-04-26 20:29:07.899,1522,0.13275121841791124,0.2428703287838759,-0.07998003229941937,0.1804862484126999,-0.642920565210699,0.0000,1.0000,0.2000,11.210
2026-04-26 20:29:07.909,1523,0.13275121841791124,0.24257765362999595,-0.07950046010959487,0.18162984466607254,-0.6425958225736155,0.0000,1.0000,-0.0500,6.925
2026-04-26 20:29:07.922,1524,0.13275121841791124,0.24228559943851036,-0.0790218397292219,0.18277148559819126,-0.6422716269369364,0.0000,1.0000,0.2000,11.950
2026-04-26 20:29:07.933,1525,0.13275121841791124,0.24199416393806647,-0.078544151839503,0.18391120618534879,-0.641947961385608,0.0000,1.0000,0.2000,9.530
2026-04-26 20:29:07.946,1526,0.13275121841791124,0.24170145540096788,-0.07806378819208838,0.18505872780890412,-0.6416221651001546,0.0000,1.0000,-0.0500,10.194
2026-04-26 20:29:07.959,1527,0.13275121841791124,0.2414081992497255,-0.07758223059774293,0.18620954310097615,-0.6412955064074379,0.0000,1.0000,0.0500,8.591
2026-04-26 20:29:07.968,1528,0.13275121841791124,0.24111431240888928,-0.07709929386325552,0.18736385073029435,-0.6409679145317153,0.0000,1.0000,0.2500,11.409
2026-04-26 20:29:07.980,1529,0.13275121841791124,0.24082182601852672,-0.07661879934595338,0.18851218138444595,-0.6406419707665059,0.0000,1.0000,0.0500,11.064
2026-04-26 20:29:07.990,1530,0.13275121841791124,0.24052847933915325,-0.07613660131317293,0.18966409463569855,-0.6403151059664236,0.0000,1.0000,0.4000,10.270
2026-04-26 20:29:08.000,1531,0.13275121841791124,0.24023508844947175,-0.0756541924117329,0.19081611553632122,-0.6399882505474308,0.0000,1.0000,0.2000,9.626
2026-04-26 20:29:08.011,1532,0.13275121841791124,0.23994336031012864,-0.07517470042450643,0.19196118417780939,-0.6396633039343409,0.0000,0.9500,-0.1000,9.563
2026-04-26 20:29:08.020,1533,0.13275121841791124,0.23965405855832486,-0.07469957825455632,0.19309483477309783,-0.6393414890970821,0.0000,0.9500,0.1000,6.536
2026-04-26 20:29:08.031,1534,0.13275121841791124,0.23936369363812193,-0.07422236988891776,0.1942334029934489,-0.6390183902505684,0.0000,1.0000,0.5000,10.827
2026-04-26 20:29:08.039,1535,0.13275121841791124,0.2390737664623559,-0.07374583537289386,0.1953699924925755,-0.6386958648356172,0.0000,1.0000,0.2500,11.282
2026-04-26 20:29:08.050,1536,0.13275121841791124,0.23878359887814876,-0.07326866267142204,0.19650810704667265,-0.6383729374815936,0.0000,1.0000,0.3000,9.389
2026-04-26 20:29:08.062,1537,0.13274580242163256,0.238493689723482,-0.07279178621562306,0.19764551309326084,-0.6380502176362531,0.0000,1.0000,0.2000,10.250
2026-04-26 20:29:08.070,1538,0.13273875403941401,0.2382032176373135,-0.07231354572383546,0.1987877124790173,-0.6377261570292719,0.0000,0.9000,-0.1000,9.271
2026-04-26 20:29:08.083,1539,0.13273342126835505,0.2379148759381309,-0.0718392050280845,0.19991901835367865,-0.6374051214953462,0.0000,1.0000,0.3500,8.793
2026-04-26 20:29:08.095,1540,0.1327282283437393,0.23762768403047121,-0.0713667292632026,0.20104673950709517,-0.6370850450978981,0.0000,1.0000,-0.1000,8.292
2026-04-26 20:29:08.114,1541,0.13272170774092842,0.237339792904918,-0.07089280825286079,0.20217816288027005,-0.6367639914500007,0.0000,1.0000,0.0000,11.567
2026-04-26 20:29:08.128,1542,0.13271611557298132,0.237053565929388,-0.07042179620376479,0.20330212898160008,-0.6364449831228836,0.0000,0.8500,0.1500,8.741
2026-04-26 20:29:08.137,1543,0.13271016210692166,0.23676767973330787,-0.06995123972259513,0.20442495148026274,-0.636126303101012,0.0000,1.0000,0.2000,11.213
2026-04-26 20:29:08.150,1544,0.13270359854177913,0.23648171762057066,-0.06948043159511422,0.20554801553278537,-0.6358076009761088,0.0000,1.0000,-0.0500,12.663
2026-04-26 20:29:08.161,1545,0.13269589062819148,0.2361952960941271,-0.06900860890289023,0.20667390860899698,-0.6354881543217573,0.0000,1.0000,0.0000,9.729
2026-04-26 20:29:08.170,1546,0.1326852216648028,0.23590662671877144,-0.06853240224146907,0.20781136880310866,-0.6351655584177534,0.0000,1.0000,0.3000,8.996
2026-04-26 20:29:08.181,1547,0.13267528198987416,0.23561935417590057,-0.06805866307589976,0.20894237846292443,-0.6348447669739085,0.0000,1.0000,0.1000,10.606
2026-04-26 20:29:08.190,1548,0.13266165395640261,0.235329213222022,-0.06757933634038811,0.21008868433231317,-0.6345197833121388,0.0000,1.0000,-0.0500,9.417
2026-04-26 20:29:08.204,1549,0.1326484939476535,0.23504045010386587,-0.06710233751211239,0.21122966441891108,-0.6341962526268483,0.0000,1.0000,0.0500,8.529
2026-04-26 20:29:08.218,1550,0.13263345904347631,0.23475041435446653,-0.0666228195027721,0.21237721266017895,-0.6338709514014479,0.0000,1.0000,0.2000,10.582
2026-04-26 20:29:08.226,1551,0.13261658791562964,0.23445910548872134,-0.066140797064766,0.2135312938250648,-0.6335438928135566,0.0000,1.0000,0.0500,8.635
2026-04-26 20:29:08.239,1552,0.13260048540613473,0.23416926709990504,-0.06566137235158093,0.21467884189295636,-0.633218658026389,0.0000,1.0000,0.1000,12.489
2026-04-26 20:29:08.247,1553,0.13258309990597913,0.2338790004120521,-0.06518091057802788,0.21583002629893888,-0.6328924164646128,0.0000,1.0000,-0.1500,9.025
2026-04-26 20:29:08.259,1554,0.1325648667247146,0.23359207299759507,-0.06470563326397243,0.21696909648910934,-0.6325695801746729,0.0000,0.9000,0.1000,8.859
2026-04-26 20:29:08.271,1555,0.1325451678648325,0.2333093473715718,-0.06423681621663208,0.21809293559594486,-0.6322510707202611,0.0000,1.0000,0.0500,10.037
2026-04-26 20:29:08.280,1556,0.1325227359189596,0.2330309813907238,-0.06377437020009051,0.2192029520837676,-0.6319364995415767,0.0000,1.0000,-0.2000,7.560
2026-04-26 20:29:08.292,1557,0.1324937090557374,0.232756320600089,-0.06331636433376442,0.22030353146387938,-0.6316248558397892,0.0000,1.0000,0.2500,13.536
2026-04-26 20:29:08.301,1558,0.13246213961383813,0.2324858990191755,-0.06286458218184053,0.22139058514596718,-0.6313170614731433,0.0000,1.0000,-0.0500,8.250
2026-04-26 20:29:08.313,1559,0.13242665094431738,0.23221943196117237,-0.062418243485655764,0.2224658425988931,-0.6310127034466622,0.0000,1.0000,0.1000,10.540
2026-04-26 20:29:08.326,1560,0.13238862750381275,0.23195656474356127,-0.061977161624297415,0.22352829745150493,-0.630712068293179,0.0000,1.0000,0.2000,9.946
2026-04-26 20:29:08.335,1561,0.1323450484831179,0.23169790783569105,-0.061541483489600785,0.22458087333880647,-0.6304143292135244,0.0000,1.0000,-0.0500,10.418
2026-04-26 20:29:08.348,1562,0.13229345418742483,0.23144317617224341,-0.061110185438563835,0.22562635160029718,-0.630118833045497,0.0000,1.0000,0.0500,11.721
2026-04-26 20:29:08.356,1563,0.1322379411950218,0.23119201692790745,-0.06068372806516107,0.22666103082219885,-0.6298265133606187,0.0000,1.0000,0.3500,7.746
2026-04-26 20:29:08.369,1564,0.13217368017629846,0.23094452472331575,-0.060261029962247206,0.22768989426058228,-0.6295360914042826,0.0000,1.0000,0.3500,9.597
2026-04-26 20:29:08.382,1565,0.13210837455079955,0.23070049481375093,-0.05984372853178786,0.22870551154267704,-0.6292494571102653,0.0000,1.0000,0.0000,11.733
2026-04-26 20:29:08.391,1566,0.13204074421151138,0.23046017064031085,-0.05943186394760455,0.22970922784545936,-0.6289662317242555,0.0000,1.0000,-0.0500,9.111
2026-04-26 20:29:08.403,1567,0.1319712552066383,0.2302234975747248,-0.05902544428606333,0.23070080570881255,-0.6286864523050366,0.0000,1.0000,-0.0500,7.613
2026-04-26 20:29:08.411,1568,0.13189980857416733,0.22999027283597825,-0.05862412628541235,0.2316806343431775,-0.6284100275967895,0.0000,1.0000,0.0000,9.401
2026-04-26 20:29:08.423,1569,0.13182615624208566,0.22976059231571808,-0.058228021897169684,0.23264906448657002,-0.628136874330457,0.0000,1.0000,0.1000,14.366
2026-04-26 20:29:08.435,1570,0.13174894424706554,0.22953462328828397,-0.05783700650178326,0.2336075681940368,-0.6278665663626187,0.0000,0.8500,-0.2000,6.933
2026-04-26 20:29:08.445,1571,0.13167222454452937,0.2293117965125664,-0.057451246531060325,0.23455254180227203,-0.6276000741335732,0.0000,1.0000,0.3000,8.834
2026-04-26 20:29:08.456,1572,0.13158847019350237,0.22909235849023224,-0.05706922878171041,0.23549155695038043,-0.6273354655821541,0.0000,1.0000,-0.1000,7.063
2026-04-26 20:29:08.465,1573,0.13150532263397852,0.2288759644675979,-0.05669232160919256,0.23641732894235892,-0.6270745778255509,0.0000,0.9500,-0.0500,7.122
2026-04-26 20:29:08.477,1574,0.13141703161403867,0.2286624961992735,-0.056318906083037905,0.2373358323532638,-0.6268159216581165,0.0000,1.0000,0.1500,11.588
2026-04-26 20:29:08.490,1575,0.13132814872256607,0.2284519105877759,-0.05595005979097459,0.2382426932444727,-0.6265605923851898,0.0000,1.0000,0.2500,10.967
2026-04-26 20:29:08.498,1576,0.13123599454513907,0.22824423944610583,-0.05558513618169704,0.23914075183500935,-0.6263078495112792,0.0000,1.0000,0.2500,11.234
2026-04-26 20:29:08.510,1577,0.13114199552579317,0.22803958337155672,-0.05522465659452446,0.24002867513597667,-0.6260580179484492,0.0000,1.0000,0.0500,9.091
2026-04-26 20:29:08.522,1578,0.13104742225598778,0.22783775264516137,-0.05486861481054208,0.24090547134344803,-0.6258113312078909,0.0000,1.0000,0.3500,11.227
2026-04-26 20:29:08.531,1579,0.1309509874185387,0.22763863144149654,-0.05451652899780814,0.24177262490885318,-0.6255674370201778,0.0000,1.0000,0.4500,10.108
2026-04-26 20:29:08.544,1580,0.1308558828925843,0.22744225081672179,-0.05416925975134218,0.24262706354895391,-0.6253271058831047,0.0000,1.0000,0.0500,11.924
2026-04-26 20:29:08.553,1581,0.13075758684393396,0.22724864335719608,-0.05382569494357526,0.24347346298103387,-0.6250891339292737,0.0000,1.0000,0.1000,10.997
2026-04-26 20:29:08.566,1582,0.13065800692330182,0.2270576951222792,-0.053486151600907465,0.24431010725631694,-0.6248539668786588,0.0000,1.0000,0.2000,11.262
2026-04-26 20:29:08.579,1583,0.1305552543514886,0.2268690757600667,-0.053149623270705215,0.24513922271202923,-0.6246210522223578,0.0000,1.0000,0.5500,8.590
2026-04-26 20:29:08.587,1584,0.1304521742942803,0.22668275171476976,-0.05281679890375899,0.24595809784297892,-0.6243910882844806,0.0000,1.0000,0.5000,10.642
2026-04-26 20:29:08.600,1585,0.1303438988476477,0.22649905270569423,-0.05248696636274981,0.2467715646737234,-0.6241628280027917,0.0000,1.0000,0.0000,13.234
2026-04-26 20:29:08.609,1586,0.13022683827105663,0.22631793946206216,-0.05215915670469828,0.2475833777916742,-0.6239353215997095,0.0000,1.0000,0.1000,10.187
2026-04-26 20:29:08.622,1587,0.13010921555806443,0.2261396641283252,-0.05183578281567364,0.24838533809743926,-0.6237105645999688,0.0000,1.0000,-0.1500,10.095
2026-04-26 20:29:08.636,1588,0.12999103520755279,0.22596367333248565,-0.05151600429530399,0.24917785805845757,-0.6234885081037067,0.0000,1.0000,0.3500,9.198
2026-04-26 20:29:08.645,1589,0.12987004923886888,0.22578993356209195,-0.05119920926390529,0.249963331244328,-0.6232685525207916,0.0000,1.0000,0.2500,10.361
2026-04-26 20:29:08.658,1590,0.12975075626650764,0.22561892312387827,-0.05088721291595203,0.2507371686255338,-0.6230517581761585,0.0000,0.9500,0.1000,5.667
2026-04-26 20:29:08.667,1591,0.12962600597716428,0.22545023595106686,-0.05057764587921007,0.2515068269986623,-0.6228363279494433,0.0000,1.0000,0.3000,12.353
2026-04-26 20:29:08.681,1592,0.12949535909415694,0.2252839827084238,-0.050270544537133956,0.2522728295591087,-0.6226220959313793,0.0000,1.0000,0.2000,10.583
2026-04-26 20:29:08.696,1593,0.12936213268281743,0.2251202728929099,-0.049966915248727636,0.25303191577952194,-0.6224098684843906,0.0000,1.0000,0.1000,6.418
2026-04-26 20:29:08.706,1594,0.1292268285536591,0.22495870292329095,-0.04966627067097603,0.2537839113198208,-0.622199728422442,0.0000,1.0000,0.1500,6.765
2026-04-26 20:29:08.721,1595,0.12909034861681737,0.22479931396155234,-0.049368871060197515,0.25452803320490164,-0.6219918395722254,0.0000,1.0000,0.2500,9.549
2026-04-26 20:29:08.730,1596,0.12894960077093115,0.22464221889589683,-0.049074138854240335,0.2552674123628161,-0.6217854208729361,0.0000,1.0000,0.0000,9.461
2026-04-26 20:29:08.744,1597,0.12880553638826323,0.22448694577359504,-0.04878158309282983,0.25600146452993017,-0.6215806556395401,0.0000,1.0000,0.4000,11.515
2026-04-26 20:29:08.759,1598,0.12865960235177368,0.2243339032071402,-0.04849217731606778,0.25672865211291374,-0.6213778713443538,0.0000,1.0000,-0.0500,8.207
2026-04-26 20:29:08.767,1599,0.1285136981350269,0.22418291214237362,-0.048206132508820006,0.25744727243273996,-0.621177514901671,0.0000,1.0000,0.2000,9.371
2026-04-26 20:29:08.780,1600,0.12836826922180206,0.22403423402151848,-0.04792393808620952,0.2581568699400873,-0.620979651401247,0.0000,1.0000,-0.0500,11.274
2026-04-26 20:29:08.795,1601,0.12822194672019216,0.2238876890826711,-0.04764497825578117,0.2588590142689532,-0.62078390301388,0.0000,1.0000,0.1500,7.758
2026-04-26 20:29:08.804,1602,0.12807110874702493,0.22374324581272811,-0.047368303456388615,0.259557446619663,-0.6205893362436703,0.0000,1.0000,0.2000,9.296
2026-04-26 20:29:08.820,1603,0.12792039168760597,0.22360094399722277,-0.04709511977533125,0.2602476253764881,-0.6203970667632753,0.0000,1.0000,-0.1000,9.494
2026-04-26 20:29:08.829,1604,0.12776711742634195,0.22346038803923313,-0.0468241747446248,0.26093252103324,-0.6202064052247966,0.0000,1.0000,0.2000,11.098
2026-04-26 20:29:08.843,1605,0.12761264859418664,0.22332206166403418,-0.046556507016956045,0.26161065257132177,-0.6200176348718409,0.0000,0.9500,-0.1500,10.163
2026-04-26 20:29:08.857,1606,0.12746067858665405,0.22318563980810255,-0.046292543330227864,0.26227859621914706,-0.6198316406637462,0.0000,1.0000,0.1500,8.650
2026-04-26 20:29:08.866,1607,0.12730664962946225,0.2230509495309182,-0.046030912577104746,0.26294107240506526,-0.6196472819707145,0.0000,1.0000,0.4000,10.814
2026-04-26 20:29:08.881,1608,0.12715241753583198,0.2229183283102237,-0.0457725743589823,0.26359616193750113,-0.619464983678284,0.0000,1.0000,0.0000,10.317
2026-04-26 20:29:08.889,1609,0.12700206286878354,0.2227874545464716,-0.04551803534272417,0.26424006536497696,-0.6192857067808845,0.0000,0.7500,0.1500,9.428
2026-04-26 20:29:08.904,1610,0.12685417396112642,0.22265815715431894,-0.04526670602615463,0.2648743578835766,-0.6191090907536759,0.0000,1.0000,0.3000,10.850
2026-04-26 20:29:08.918,1611,0.12670059862625438,0.22253055782330827,-0.045016731402567,0.2655072230406562,-0.6189330708197194,0.0000,1.0000,0.3000,10.333
2026-04-26 20:29:08.927,1612,0.12654777834755382,0.22240448436890045,-0.04476945706396375,0.26613240186760284,-0.6187592240204461,0.0000,1.0000,0.1500,13.505
2026-04-26 20:29:08.941,1613,0.1263938617903433,0.2222801328126313,-0.04452469787790761,0.26675175060574896,-0.6185870447661462,0.0000,1.0000,0.2000,12.038
2026-04-26 20:29:08.951,1614,0.12623620189542809,0.2221574042189473,-0.04428165351941695,0.26736804641232226,-0.6184158551065737,0.0000,1.0000,0.1000,10.874
2026-04-26 20:29:08.966,1615,0.1260798263475882,0.22203627475781756,-0.04404152504497664,0.2679763767904916,-0.6182468662050944,0.0000,1.0000,0.1000,9.771
2026-04-26 20:29:08.981,1616,0.12592475996374955,0.2219167938383191,-0.043804404798926506,0.26857676846714257,-0.6180800710388393,0.0000,1.0000,0.0500,13.398
2026-04-26 20:29:08.990,1617,0.12576867586295531,0.2217989359275486,-0.04356966296398506,0.26917165350933486,-0.6179148532150928,0.0000,1.0000,0.0500,9.740
2026-04-26 20:29:09.005,1618,0.1256057481045892,0.22168253185801962,-0.043335585163052186,0.26976702906677974,-0.617749727606317,0.0000,1.0000,0.3000,10.577
2026-04-26 20:29:09.014,1619,0.12544151737336803,0.2215676325483349,-0.043103634902554096,0.2703574094926716,-0.6175860572068915,0.0000,1.0000,0.0500,10.902
2026-04-26 20:29:09.029,1620,0.1252719337909143,0.22145443489135974,-0.042873096528980345,0.2709468258696674,-0.6174228072518779,0.0000,1.0000,0.1500,7.781
2026-04-26 20:29:09.044,1621,0.12510257386087792,0.2213426940606261,-0.04264499587264765,0.27152990457172466,-0.6172613473957467,0.0000,1.0000,0.2500,8.280
2026-04-26 20:29:09.054,1622,0.12493298059176328,0.22123231576886832,-0.04241907180723648,0.27210723251737323,-0.6171015348787616,0.0000,1.0000,0.2500,11.529
2026-04-26 20:29:09.070,1623,0.12476586802464,0.22112335239515854,-0.04219606905345534,0.27267615661152445,-0.6169440131346727,0.0000,1.0000,0.0500,9.030
2026-04-26 20:29:09.081,1624,0.12460118871463556,0.22101571138556234,-0.04197582877875191,0.2732368531786125,-0.6167887397842543,0.0000,1.0000,0.3500,7.896
2026-04-26 20:29:09.097,1625,0.12443349403152684,0.22090959087759834,-0.041757290816222245,0.273794742901497,-0.616634335412413,0.0000,1.0000,0.0000,9.900
2026-04-26 20:29:09.112,1626,0.1242664503363143,0.22080467661859082,-0.041540890728727554,0.2743463980888769,-0.6164816852497408,0.0000,1.0000,0.2500,7.740
2026-04-26 20:29:09.121,1627,0.12409737312497697,0.22070080585824098,-0.041325722940598816,0.2748946495965864,-0.6163301064604033,0.0000,1.0000,0.3000,12.336
2026-04-26 20:29:09.137,1628,0.12392578125309332,0.22059832685611425,-0.04111216507155256,0.2754398956526174,-0.6161794332099396,0.0000,1.0000,0.2000,10.943
2026-04-26 20:29:09.152,1629,0.12374772063349412,0.2204973646550071,-0.04089945295161603,0.2759860689447752,-0.6160286930153254,0.0000,1.0000,0.1000,9.694
2026-04-26 20:29:09.162,1630,0.1235686987800899,0.22039789595901677,-0.040688902048429676,0.276527764274539,-0.6158792158504313,0.0000,1.0000,0.0000,10.804
2026-04-26 20:29:09.177,1631,0.12338877622978629,0.22030004477065396,-0.040480717267124475,0.27706492454148146,-0.6157310004855624,0.0000,1.0000,0.0500,8.839
2026-04-26 20:29:09.187,1632,0.12320375340359423,0.22020327692836267,-0.04027302353898183,0.27760210297535204,-0.6155829532652404,0.0000,1.0000,0.4500,12.212
2026-04-26 20:29:09.202,1633,0.1230178779037359,0.2201077934845058,-0.040067194985036025,0.2781350093475021,-0.6154361272002978,0.0000,1.0000,-0.1000,10.794
2026-04-26 20:29:09.219,1634,0.12283349780383118,0.22001357494632504,-0.03986378771752189,0.2786613720814202,-0.6152910884034245,0.0000,1.0000,-0.2000,10.586
2026-04-26 20:29:09.229,1635,0.12264824755934442,0.21992089561119474,-0.03966261221844485,0.27918349167113893,-0.615147216960462,0.0000,1.0000,-0.0500,8.659
2026-04-26 20:29:09.245,1636,0.12246360567530892,0.21982929573124638,-0.039463367407494475,0.27970016782268076,-0.615004882747052,0.0000,1.0000,0.1500,13.224
2026-04-26 20:29:09.254,1637,0.12227957629416035,0.21973875838135046,-0.0392660303864498,0.2802114662103524,-0.6148640698668048,0.0000,1.0000,0.2000,12.128
2026-04-26 20:29:09.269,1638,0.12209473815020269,0.21964941311480501,-0.03907041564573101,0.28071882452119334,-0.6147243803701183,0.0000,1.0000,0.1500,10.690
2026-04-26 20:29:09.286,1639,0.12191002053661452,0.2195614599703375,-0.03887705457140456,0.28122127489473414,-0.6145860277465443,0.0000,1.0000,0.0000,6.417
2026-04-26 20:29:09.295,1640,0.12172314834470767,0.2194751689724739,-0.03868580134973473,0.2817210028320623,-0.6144484435747101,0.0000,1.0000,-0.2500,9.802
2026-04-26 20:29:09.522,1641,0.12153184720324704,0.2193898604866744,-0.03849505709937887,0.28222069004085254,-0.6143110311177982,0.0000,1.0000,0.1500,13.159
2026-04-26 20:29:09.534,1642,0.1213366444127514,0.21930544658180726,-0.038304821974483684,0.282719910972624,-0.6141739053789772,0.0000,1.0000,0.3000,10.808
2026-04-26 20:29:09.545,1643,0.12113854239679042,0.21922206010184284,-0.0381155464584408,0.2832176533901248,-0.6140373007837229,0.0000,1.0000,0.0500,10.765
2026-04-26 20:29:09.555,1644,0.12093573069498523,0.2191395406817798,-0.03792653695445566,0.2837158645246676,-0.6139007477426616,0.0000,1.0000,0.2500,9.667
2026-04-26 20:29:09.566,1645,0.12073053215050371,0.21905802128818314,-0.037738557752379394,0.28421222314389155,-0.6137647948038172,0.0000,1.0000,0.2500,12.466
2026-04-26 20:29:09.577,1646,0.12052819476193041,0.2189772681472349,-0.0375525688827783,0.28470165374930023,-0.6136307366108827,0.0000,1.0000,0.4000,14.045
2026-04-26 20:29:09.589,1647,0.12032863644855607,0.2188974155258394,-0.037368733022792595,0.2851842395985814,-0.6134985186337559,0.0000,1.0000,0.3500,7.007
2026-04-26 20:29:09.601,1648,0.1201318342805938,0.2188183777868394,-0.03718692218745947,0.2856600944193041,-0.613368125773427,0.0000,1.0000,0.3500,9.978
2026-04-26 20:29:09.612,1649,0.11993774010637148,0.21874050694560812,-0.037007647819662245,0.2861291461369135,-0.6132395261134833,0.0000,1.0000,0.0000,9.949
2026-04-26 20:29:09.622,1650,0.11974633723829979,0.21866349357057432,-0.036830449935108714,0.28659161085225276,-0.613112708710797,0.0000,1.0000,0.2000,12.138
2026-04-26 20:29:09.633,1651,0.11955763817200343,0.21858739845065775,-0.03665544310639723,0.2870474800579438,-0.6129876820749872,0.0000,1.0000,0.3000,11.768
2026-04-26 20:29:09.642,1652,0.11937157462592381,0.21851235262986504,-0.036482793211418944,0.28749681724375714,-0.6128644008615294,0.0000,1.0000,-0.1000,11.345
2026-04-26 20:29:09.652,1653,0.11918806999379299,0.2184381948441797,-0.03631222189373029,0.2879398425835421,-0.6127428141734451,0.0000,1.0000,0.3500,10.387
2026-04-26 20:29:09.662,1654,0.11900711389414283,0.21836476630377458,-0.036143498438881844,0.28837668615331785,-0.6126229152610146,0.0000,1.0000,0.3000,9.500
2026-04-26 20:29:09.672,1655,0.11882862878024526,0.21829241999247256,-0.03597711480019024,0.2888073111433713,-0.6125046525951091,0.0000,1.0000,-0.1500,7.715
2026-04-26 20:29:09.682,1656,0.11865263400711061,0.2182212127352459,-0.03581318308122404,0.2892316990767985,-0.6123880392452284,0.0000,1.0000,-0.0500,10.961
2026-04-26 20:29:09.692,1657,0.1184790501900801,0.218150837444485,-0.035651203480791475,0.2896501445497444,-0.6122730224519342,0.0000,1.0000,0.2500,12.898
2026-04-26 20:29:09.702,1658,0.1183078554935469,0.21808149948574734,-0.03549148303718605,0.29006260867160943,-0.6121595878193672,0.0000,1.0000,-0.1000,8.831
2026-04-26 20:29:09.712,1659,0.118139007254655,0.2180132562204899,-0.03533409269451225,0.2904691538033392,-0.6120477070644176,0.0000,1.0000,0.1500,10.418
2026-04-26 20:29:09.721,1660,0.11797250229417486,0.21794565603137978,-0.03517836605095021,0.29087004363807095,-0.6119373782240111,0.0000,1.0000,0.1500,12.333
2026-04-26 20:29:09.732,1661,0.11780826382633246,0.21787912447757715,-0.03502490320123489,0.29126520091807223,-0.6118285502616977,0.0000,0.8500,-0.1500,11.006
2026-04-26 20:29:09.742,1662,0.11764627354127742,0.21781342870455583,-0.03487335540932319,0.29165479912744335,-0.6117212111226655,0.0000,1.0000,0.1000,8.116
2026-04-26 20:29:09.753,1663,0.11748648289852968,0.2177484109731221,-0.034723466267132824,0.29203901401046917,-0.6116153285960731,0.0000,1.0000,0.2500,10.429
2026-04-26 20:29:09.764,1664,0.11732884982395782,0.21768413398912692,-0.03457531415663238,0.2924179019848032,-0.6115108747797361,0.0000,1.0000,0.3000,7.730
2026-04-26 20:29:09.773,1665,0.1171733210797368,0.21762080499823386,-0.03442918664145757,0.2927914616080414,-0.6114078143267989,0.0000,1.0000,0.1000,8.487
2026-04-26 20:29:09.783,1666,0.11701993035790957,0.2175584097053591,-0.034285096744563065,0.293159685833713,-0.6113061698414761,0.0000,1.0000,0.0000,10.172
2026-04-26 20:29:09.794,1667,0.11686861358847352,0.21749686059271212,-0.034142882300083076,0.29352273411516383,-0.6112058987511424,0.0000,1.0000,-0.0500,7.202
2026-04-26 20:29:09.804,1668,0.11671935706753604,0.21743578464588836,-0.03400198629727529,0.2938808410452167,-0.6111069920584683,0.0000,1.0000,0.4500,11.246
2026-04-26 20:29:09.814,1669,0.11657208474025862,0.2173754633241814,-0.0338627916939453,0.2942339966672336,-0.6110093991967483,0.0000,1.0000,0.2000,9.537
2026-04-26 20:29:09.824,1670,0.11642677996011808,0.21731595851756072,-0.03372539152737474,0.294582221157653,-0.6109131092027726,0.0000,1.0000,0.1000,7.363
2026-04-26 20:29:09.835,1671,0.11628340103350997,0.217257258415672,-0.03358975141680526,0.29492560450529265,-0.6108180944132602,0.0000,1.0000,0.2000,9.668
2026-04-26 20:29:09.845,1672,0.11614193799854758,0.2171993516895667,-0.03345585869110799,0.295264193721928,-0.6107243483174215,0.0000,1.0000,0.3500,10.831
2026-04-26 20:29:09.855,1673,0.11600237578505415,0.21714201022293808,-0.0333233719281369,0.29559815060309524,-0.6106318609969834,0.0000,1.0000,0.4500,7.759
2026-04-26 20:29:09.866,1674,0.11586471371522288,0.21708500754572424,-0.03319196160803986,0.29592761651672433,-0.6105406321266583,0.0000,1.0000,0.4000,11.916
2026-04-26 20:29:09.876,1675,0.11572892043859366,0.21702884440930528,-0.03306236843513571,0.29625240970845784,-0.6104506409308246,0.0000,1.0000,-0.1500,8.897
2026-04-26 20:29:09.887,1676,0.1155949447973464,0.21697372544881313,-0.03293487557730091,0.29657252248956506,-0.6103618534270833,0.0000,1.0000,0.0000,9.327
2026-04-26 20:29:09.899,1677,0.11546276826794669,0.216919127297677,-0.0328086958012425,0.2968882672635096,-0.6102742573873841,0.0000,1.0000,0.0500,13.915
2026-04-26 20:29:09.908,1678,0.11533240841475922,0.2168652605376323,-0.03268416670224238,0.2971995409520711,-0.6101878646404612,0.0000,1.0000,0.2500,9.459
2026-04-26 20:29:09.919,1679,0.11520378367136495,0.21681196915258502,-0.03256100974145264,0.29750655556584527,-0.6101026209260724,0.0000,1.0000,0.2500,11.402
2026-04-26 20:29:09.929,1680,0.1150768661817358,0.21675931692574532,-0.03243931173796535,0.2978093412232113,-0.6100185077891421,0.0000,1.0000,0.1000,8.544
2026-04-26 20:29:09.940,1681,0.11495161753320562,0.2167070783448997,-0.0323187183842539,0.2981080863927484,-0.6099354997351022,0.0000,1.0000,0.3500,10.577
2026-04-26 20:29:09.952,1682,0.11482804867240269,0.21665539183565488,-0.0321994540421799,0.2984027313942993,-0.6098536041738725,0.0000,1.0000,0.3000,10.011
2026-04-26 20:29:09.962,1683,0.11470613255638046,0.21660424845978649,-0.032081496560089386,0.29869334052046653,-0.6097728031873069,0.0000,1.0000,0.2500,9.201
2026-04-26 20:29:09.974,1684,0.11458583973390189,0.2165534955011782,-0.03196460637469892,0.29898005280735906,-0.6096930772500754,0.0000,1.0000,0.3500,9.761
2026-04-26 20:29:09.984,1685,0.11446714785835185,0.21650312735601823,-0.03184876919042068,0.2992629239109585,-0.6096144115716299,0.0000,1.0000,0.3000,10.098
2026-04-26 20:29:09.995,1686,0.11435000111694874,0.21645321223796354,-0.03173405899197419,0.29954201685418846,-0.6095367690490369,0.0000,1.0000,0.4500,11.435
2026-04-26 20:29:10.007,1687,0.11423440924286946,0.2164037419723285,-0.03162047874577952,0.29981734511884184,-0.6094601562750847,0.0000,1.0000,0.2000,12.729
2026-04-26 20:29:10.018,1688,0.1141203255551368,0.21635485482097988,-0.03150821333255422,0.3000889238517272,-0.6093845422315654,0.0000,1.0000,0.2500,9.010
2026-04-26 20:29:10.029,1689,0.11400770722708232,0.21630632434039782,-0.03139690301534659,0.30035694508272154,-0.6093098984682735,0.0000,1.0000,0.2500,8.832
2026-04-26 20:29:10.041,1690,0.11389657937472122,0.2162583630488005,-0.03128689166774279,0.3006212904449995,-0.6092362418286129,0.0000,1.0000,0.1000,7.797
2026-04-26 20:29:10.051,1691,0.11378685585548773,0.21621081836972292,-0.031177901223633172,0.30088217214314755,-0.6091635149821086,0.0000,1.0000,0.3500,12.251
2026-04-26 20:29:10.063,1692,0.11367857878342583,0.2161637548582957,-0.031070064695303573,0.30113952249124715,-0.609091746101224,0.0000,1.0000,0.0000,11.975
2026-04-26 20:29:10.073,1693,0.1135717444367524,0.216117095356439,-0.030963271846452606,0.30139340546326565,-0.6090209327997576,0.0000,1.0000,0.3500,11.604
2026-04-26 20:29:10.085,1694,0.11346629166525794,0.21607112289819885,-0.03085791432362005,0.3016437812018543,-0.6089510344044657,0.0000,1.0000,-0.1000,11.416
2026-04-26 20:29:10.097,1695,0.11336217981147001,0.21602561074426604,-0.03075363265720329,0.30189083711080184,-0.608882023902526,0.0000,1.0000,0.4000,12.680
2026-04-26 20:29:10.107,1696,0.11325939737043736,0.2159804072340885,-0.03065019931458451,0.3021346838871274,-0.6088138937147477,0.0000,1.0000,0.3500,13.032
2026-04-26 20:29:10.119,1697,0.11315793940041603,0.21593550841240497,-0.03054761258213091,0.3023753493313596,-0.60874664063605,0.0000,1.0000,0.4500,13.138
2026-04-26 20:29:10.129,1698,0.11305778320008174,0.21589098191381662,-0.030445966178576814,0.30261284884002776,-0.6086802496202905,0.0000,1.0000,0.3000,9.984
2026-04-26 20:29:10.141,1699,0.11295891021806263,0.21584725680881076,-0.030345898632105003,0.30284701127426716,-0.6086147083866409,0.0000,1.0000,0.0500,8.050
2026-04-26 20:29:10.153,1700,0.11286130125577877,0.21580388589535154,-0.030246733521290904,0.3030781042145006,-0.6085500042214993,0.0000,1.0000,0.3500,12.068
2026-04-26 20:29:10.163,1701,0.11276491805344323,0.21576108108525507,-0.03014877028030635,0.303306090823448,-0.6084861117025109,0.0000,1.0000,0.1000,7.730
2026-04-26 20:29:10.175,1702,0.11266976783694653,0.2157188349821878,-0.030052009598789037,0.3035309829987506,-0.6084230357298431,0.0000,1.0000,0.4000,11.161
2026-04-26 20:29:10.186,1703,0.1125758092625045,0.2156770660836708,-0.029956308522872357,0.3037528941831785,-0.6083607488226369,0.0000,1.0000,0.2500,8.221
2026-04-26 20:29:10.199,1704,0.1124830799036318,0.2156357671843592,-0.029861688052987705,0.3039717951843726,-0.6082992761103406,0.0000,1.0000,0.1000,11.266
2026-04-26 20:29:10.213,1705,0.11239153451112653,0.2155950023599109,-0.029768220794534624,0.3041877313402162,-0.6082385875060516,0.0000,1.0000,0.0000,12.180
2026-04-26 20:29:10.222,1706,0.11230112422484506,0.21555461800710463,-0.02967565032742884,0.30440086138696953,-0.6081786505143845,0.0000,1.0000,0.0000,8.721
2026-04-26 20:29:10.235,1707,0.11221183352124203,0.21551460899717087,-0.029583965069289724,0.3046112251230524,-0.6081194548631818,0.0000,1.0000,0.1500,9.640
2026-04-26 20:29:10.244,1708,0.11212367253149669,0.21547518758069475,-0.029493496513021404,0.3048187192028682,-0.6080610073822829,0.0000,1.0000,-0.0500,10.647
2026-04-26 20:29:10.258,1709,0.11203665264484443,0.21543634552274463,-0.02940424616651333,0.30502334860185143,-0.6080033157390954,0.0000,1.0000,0.0000,11.841
2026-04-26 20:29:10.271,1710,0.11195072702563731,0.2153978568524884,-0.029315850023203433,0.30522530455591046,-0.6079463487833193,0.0000,1.0000,0.1500,10.284
2026-04-26 20:29:10.281,1711,0.11186587198624001,0.21535986070151816,-0.02922850706957248,0.3054245646486803,-0.607890090795561,0.0000,1.0000,-0.2000,11.736
2026-04-26 20:29:10.294,1712,0.11178208798443114,0.21532213329222313,-0.029141887934026996,0.30562125549102326,-0.607834542152284,0.0000,1.0000,0.3500,10.022
2026-04-26 20:29:10.306,1713,0.11169935402125865,0.21528488778897975,-0.029056304263622525,0.305815313601796,-0.6077796889243958,0.0000,1.0000,0.1000,8.419
2026-04-26 20:29:10.316,1714,0.11161763979313223,0.21524790083875292,-0.028971406637708287,0.3060069059382085,-0.6077255109786582,0.0000,1.0000,0.3000,12.800
2026-04-26 20:29:10.329,1715,0.11153691335935426,0.21521109586369674,-0.02888706461984302,0.3061961280295475,-0.6076719870893911,0.0000,1.0000,0.2500,13.174
2026-04-26 20:29:10.338,1716,0.11145718131284856,0.21517476027804974,-0.02880371936493112,0.3063828418111039,-0.6076191217189733,0.0000,1.0000,0.2500,11.490
2026-04-26 20:29:10.351,1717,0.11137843916733123,0.21513874268248254,-0.028721146336812747,0.306567143180735,-0.6075669119426389,0.0000,1.0000,0.2500,10.453
2026-04-26 20:29:10.363,1718,0.11130065874570283,0.21510310896306745,-0.02863943105024818,0.30674905076810416,-0.6075153390407537,0.0000,1.0000,0.0000,12.744
2026-04-26 20:29:10.374,1719,0.11122383899195372,0.21506778157830447,-0.028558461877309985,0.3069286185451592,-0.6074644023734334,0.0000,1.0000,0.0500,11.799
2026-04-26 20:29:10.387,1720,0.11114793727979802,0.21503275598796182,-0.028478208897630582,0.30710591920335106,-0.6074140735863143,0.0000,1.0000,0.1000,9.702
2026-04-26 20:29:10.397,1721,0.1110729422892456,0.21499795658642923,-0.028398556384026087,0.307281019021298,-0.6073643451949493,0.0000,1.0000,0.3500,8.978
2026-04-26 20:29:10.410,1722,0.11099886646058452,0.21496366868464886,-0.028319945745908223,0.3074537719382337,-0.6073152255541435,0.0000,1.0000,-0.0500,8.580
2026-04-26 20:29:10.423,1723,0.11092569523633436,0.2149295227758147,-0.028241818090312048,0.30762439510156425,-0.6072667050192705,0.0000,1.0000,0.2500,12.369
2026-04-26 20:29:10.433,1724,0.11085338979785067,0.21489573332731723,-0.02816447423537456,0.3077928458250558,-0.607218757770689,0.0000,1.0000,0.1500,7.988
2026-04-26 20:29:10.445,1725,0.11078194911251724,0.21486244006073627,-0.02808812799626002,0.3079590682221698,-0.6071713831785516,0.0000,1.0000,-0.0500,11.912
2026-04-26 20:29:10.455,1726,0.11071135169189433,0.21482941795796096,-0.028012432367562946,0.3081232158616829,-0.6071245669749166,0.0000,1.0000,0.2000,6.341
2026-04-26 20:29:10.468,1727,0.11064162180537848,0.21479688137239633,-0.027937729833665065,0.3082851614300385,-0.6070783253962012,0.0000,1.0000,0.1000,8.647
2026-04-26 20:29:10.480,1728,0.11057273580616707,0.2147647498513227,-0.027863888654008094,0.3084449887216727,-0.6070326427338377,0.0000,1.0000,-0.0500,10.717
2026-04-26 20:29:10.490,1729,0.11050468495072904,0.2147328740275724,-0.027790683581330255,0.30860279593663187,-0.6069875132139332,0.0000,1.0000,0.2000,11.978
2026-04-26 20:29:10.504,1730,0.11043745706238706,0.2147013224069548,-0.027718213819583563,0.3087585767381258,-0.6069429287730035,0.0000,1.0000,0.1000,10.388
2026-04-26 20:29:10.514,1731,0.11037102790745912,0.2146698752928448,-0.027646138162619842,0.3089124847913796,-0.606898873308747,0.0000,1.0000,0.4500,10.950
2026-04-26 20:29:10.526,1732,0.11030538213773572,0.2146391084675845,-0.02757531447897142,0.30906426400225806,-0.6068553366417082,0.0000,0.9000,-0.0500,10.481
2026-04-26 20:29:10.539,1733,0.11024053825636758,0.21460886450119993,-0.027505523319862578,0.30921397957764574,-0.6068123311592145,0.0000,1.0000,-0.2500,10.360
2026-04-26 20:29:10.549,1734,0.11017646309466148,0.2145792088154746,-0.027436845000846588,0.30936165402689886,-0.6067698347999192,0.0000,1.0000,0.0500,9.024
2026-04-26 20:29:10.561,1735,0.11011315070633475,0.21455013344884527,-0.027369267846300196,0.3095073100895697,-0.6067278436499826,0.0000,0.9500,-0.0500,11.932
2026-04-26 20:29:10.571,1736,0.11005053552524882,0.21452148484734448,-0.027302521981959586,0.3096511226320981,-0.6066863140482389,0.0000,0.9000,0.0500,11.489
2026-04-26 20:29:10.583,1737,0.1099886339785016,0.21449304124114701,-0.027236289809420246,0.30979319114451825,-0.6066452569949363,0.0000,1.0000,0.2000,9.460
2026-04-26 20:29:10.596,1738,0.10992745934643126,0.2144647997155498,-0.02717057985354704,0.3099335097273642,-0.6066046813917504,0.0000,1.0000,0.1000,9.666
2026-04-26 20:29:10.605,1739,0.10986699142124483,0.21443668566538548,-0.027105270717437274,0.31007215282198924,-0.6065645738142141,0.0000,1.0000,0.3500,11.792
2026-04-26 20:29:10.618,1740,0.1098071913802439,0.21440869655168251,-0.027040336633804268,0.31020918350359683,-0.6065249084272127,0.0000,1.0000,0.2500,10.325
2026-04-26 20:29:10.634,1741,0.10974808891191672,0.2143807593131484,-0.026975691667159855,0.3103446086096704,-0.6064857050690555,0.0000,1.0000,0.2500,12.060
2026-04-26 20:29:10.644,1742,0.10968970479914092,0.2143528012687294,-0.026911244457338453,0.31047844651334894,-0.6064469776402883,0.0000,1.0000,0.3500,13.076
2026-04-26 20:29:10.658,1743,0.10963199626289213,0.21432503946392883,-0.02684729580231615,0.3106106553275491,-0.6064086976661762,0.0000,1.0000,0.2000,10.193
2026-04-26 20:29:10.668,1744,0.10957495438819143,0.21429739834048933,-0.026783730114222342,0.31074129417105256,-0.6063708592473454,0.0000,1.0000,0.2000,7.469
2026-04-26 20:29:10.682,1745,0.10951855926350926,0.21427009151134502,-0.02672085817554736,0.31087029209731765,-0.606333449152729,0.0000,1.0000,0.0500,7.352
2026-04-26 20:29:10.697,1746,0.10946281404916294,0.21424275421607292,-0.02665813853541546,0.3109978364443504,-0.6062964695318424,0.0000,1.0000,0.2500,12.893
2026-04-26 20:29:10.707,1747,0.10940768561347043,0.21421517159865214,-0.02659523035114464,0.3111240878497151,-0.6062598983388947,0.0000,1.0000,0.6500,10.911
2026-04-26 20:29:10.721,1748,0.10935316400625192,0.21418785109807884,-0.026532891623976207,0.3112488147592881,-0.6062237289818003,0.0000,1.0000,0.1500,8.861
2026-04-26 20:29:10.730,1749,0.10929925256781106,0.21416057321091023,-0.02647079874967239,0.3113721312360436,-0.6061879637281753,0.0000,1.0000,0.3500,11.632
2026-04-26 20:29:10.744,1750,0.1092459395350098,0.2141332657172477,-0.026408838928989598,0.3114940977076312,-0.6061525947760633,0.0000,1.0000,0.4000,14.726
2026-04-26 20:29:10.759,1751,0.10919317802720856,0.21410636230140584,-0.026347634756746,0.31161456834342643,-0.6061175909112383,0.0000,1.0000,0.2000,9.116
2026-04-26 20:29:10.769,1752,0.10914100447755237,0.21407949518880579,-0.026286662132110974,0.31173368682964525,-0.6060829764614043,0.0000,1.0000,0.1500,9.833
2026-04-26 20:29:10.784,1753,0.10908937781892779,0.21405295207218483,-0.026226328439305127,0.31185137232687676,-0.6060487240868424,0.0000,1.0000,0.1000,11.209
2026-04-26 20:29:10.794,1754,0.10903831404034026,0.21402665693671072,-0.026166533490259446,0.31196764965090745,-0.6060148444846707,0.0000,1.0000,0.1000,10.167
2026-04-26 20:29:10.808,1755,0.10898782634787725,0.21400060756519015,-0.026107285890462108,0.312082510307356,-0.605981346496162,0.0000,1.0000,0.0500,11.015
2026-04-26 20:29:10.823,1756,0.10893789911697441,0.21397479907916722,-0.026048570986164424,0.31219598545326444,-0.6059482197415964,0.0000,1.0000,0.1000,9.361
2026-04-26 20:29:10.833,1757,0.10888854959165879,0.21394908531602297,-0.025990184063562835,0.31230813294469184,-0.6059154757530985,0.0000,1.0000,0.2500,10.336
2026-04-26 20:29:10.847,1758,0.1088397330550638,0.21392346365647222,-0.02593209437108039,0.3124190213640535,-0.6058830847549885,0.0000,1.0000,0.2500,10.080
2026-04-26 20:29:10.856,1759,0.10879145453859829,0.2138978608404358,-0.025874198316637148,0.3125286881683734,-0.6058510501365707,0.0000,1.0000,0.3500,11.864
2026-04-26 20:29:10.871,1760,0.10874371442963464,0.21387256392386625,-0.02581692964201997,0.3126369967356756,-0.605819372190599,0.0000,1.0000,-0.0500,11.114
2026-04-26 20:29:10.886,1761,0.10869649766790695,0.21384735254405504,-0.025759950619104414,0.3127440846388279,-0.6057880409108846,0.0000,1.0000,0.0000,8.768
2026-04-26 20:29:10.898,1762,0.10864975399507171,0.21382258642823002,-0.02570377014644377,0.31284984622683315,-0.6057570228253435,0.0000,1.0000,0.1000,7.541
2026-04-26 20:29:10.912,1763,0.10860351380645396,0.21379789792545667,-0.02564785978226115,0.31295443189152783,-0.6057263382305023,0.0000,1.0000,0.2500,12.156
2026-04-26 20:29:10.926,1764,0.10855778047094687,0.2137731421211149,-0.02559200713006385,0.3130579165854319,-0.6056959894047712,0.0000,1.0000,0.2500,8.967
2026-04-26 20:29:10.936,1765,0.10851252188359964,0.2137482489768821,-0.025536088417633426,0.3131603850165692,-0.6056659549768443,0.0000,1.0000,0.4000,13.516
2026-04-26 20:29:10.951,1766,0.1084677436642568,0.21372358035287356,-0.02548065282994339,0.31326165554078345,-0.6056362387247991,0.0000,1.0000,0.1000,13.971
2026-04-26 20:29:10.961,1767,0.10842342386225798,0.21369927830180294,-0.02542590142080463,0.3133616930766071,-0.6056068260459038,0.0000,1.0000,0.1000,9.643
2026-04-26 20:29:10.977,1768,0.10837956831186257,0.21367504957732678,-0.02537140077959452,0.3134606430453813,-0.6055777208602409,0.0000,1.0000,0.3000,11.741
2026-04-26 20:29:10.992,1769,0.1083361607299656,0.21365132433148668,-0.025317787809817617,0.31355831856041605,-0.6055489123425246,0.0000,1.0000,0.0000,7.414
2026-04-26 20:29:11.002,1770,0.10829320580590102,0.21362795189850026,-0.025264842131905788,0.3136547950835037,-0.6055204036486433,0.0000,1.0000,0.1500,12.457
2026-04-26 20:29:11.017,1771,0.10825068577642465,0.21360442207781885,-0.025211789058362764,0.31375035768487025,-0.6054921829656551,0.0000,1.0000,0.5500,11.230
2026-04-26 20:29:11.029,1772,0.10820859053899301,0.21358102548374736,-0.025159060194274177,0.313844880718763,-0.6054642435873134,0.0000,1.0000,0.2500,10.540
2026-04-26 20:29:11.045,1773,0.10816695194735107,0.21355754506351335,-0.025106353578688664,0.3139384363383798,-0.6054366067777991,0.0000,1.0000,0.4500,12.061
2026-04-26 20:29:11.061,1774,0.10812573747576341,0.21353441221144215,-0.025054296965912323,0.31403085822119986,-0.6054092508812139,0.0000,1.0000,-0.0500,7.436
2026-04-26 20:29:11.071,1775,0.10808492377138242,0.21351126246085464,-0.02500233039880345,0.3141223656545825,-0.6053821603564993,0.0000,1.0000,0.1500,8.356
2026-04-26 20:29:11.086,1776,0.10804451386430429,0.21348853029263248,-0.02495110989551912,0.314212743186095,-0.6053553372508135,0.0000,1.0000,-0.0500,8.178
2026-04-26 20:29:11.096,1777,0.108004495863492,0.21346635179110057,-0.024900833897807544,0.31430194436900505,-0.6053287736634861,0.0000,1.0000,-0.0500,9.015
2026-04-26 20:29:11.111,1778,0.10796485121907294,0.21344457456989416,-0.024851263668519457,0.31439007578426215,-0.6053024572542227,0.0000,1.0000,0.0500,8.300
2026-04-26 20:29:11.128,1779,0.1079256041755902,0.2134230501342607,-0.02480219480439963,0.3144771849229696,-0.605276404211945,0.0000,1.0000,0.3500,6.901
2026-04-26 20:29:11.138,1780,0.10788675571643483,0.2134019178696747,-0.024753839182461174,0.3145632062674398,-0.6052506152177515,0.0000,1.0000,0.1000,10.434
2026-04-26 20:29:11.154,1781,0.1078482738974127,0.2133808122968924,-0.024705629398768088,0.3146483705534976,-0.6052250690006348,0.0000,1.0000,0.2000,7.796
2026-04-26 20:29:11.163,1782,0.107810153544442,0.2133598053761229,-0.024657672023639398,0.3147326540226992,-0.6051997621359523,0.0000,1.0000,0.2000,8.753
2026-04-26 20:29:11.180,1783,0.10777240722775949,0.21333911110108528,-0.024610298476013894,0.3148159381609111,-0.6051747030282357,0.0000,1.0000,-0.0500,9.152
2026-04-26 20:29:11.196,1784,0.10773502973842028,0.21331836576825702,-0.02456296174545718,0.3148984169295505,-0.6051498882288636,0.0000,1.0000,0.2000,14.520
2026-04-26 20:29:11.206,1785,0.10769798584376505,0.21329764256649636,-0.024515750114034167,0.31498010579799757,-0.6051252942730447,0.0000,1.0000,0.4000,12.049
2026-04-26 20:29:11.221,1786,0.10766127900416456,0.21327751381438684,-0.02446952632394284,0.31506071900375904,-0.6051009234909864,0.0000,1.0000,-0.2000,8.991
2026-04-26 20:29:11.231,1787,0.10762491076248341,0.21325782687159872,-0.02442406437131277,0.3151403357453137,-0.6050767769342091,0.0000,1.0000,-0.2500,8.319
2026-04-26 20:29:11.248,1788,0.10758888988398889,0.2132381455234039,-0.024378717676690274,0.31521916730443744,-0.6050528604688244,0.0000,1.0000,0.0500,11.445
2026-04-26 20:29:11.264,1789,0.10755318033220526,0.2132186129190207,-0.02433367881022584,0.31529719494366865,-0.6050291500927762,0.0000,1.0000,0.1000,10.867
2026-04-26 20:29:11.273,1790,0.10751779971767675,0.21319922707045214,-0.024288958372867285,0.3153744008929658,-0.6050056575683543,0.0000,1.0000,0.0500,12.943
2026-04-26 20:29:11.289,1791,0.1074827323397078,0.21317977160644866,-0.024244223155551713,0.31545091891814975,-0.6049823724500265,0.0000,1.0000,0.3000,8.878
2026-04-26 20:29:11.305,1792,0.10744797684880347,0.21316046257752444,-0.024199798122104738,0.3155266473695362,-0.6049592938594036,0.0000,1.0000,0.3000,8.381
2026-04-26 20:29:11.317,1793,0.10741353782313758,0.2131413688209756,-0.02415579134148828,0.31560155023184794,-0.6049364248695567,0.0000,1.0000,0.1500,13.744
2026-04-26 20:29:11.333,1794,0.1073793962207793,0.21312234435321994,-0.024111972878196965,0.3156757303261057,-0.6049137528065058,0.0000,1.0000,0.2000,8.606
2026-04-26 20:29:11.343,1795,0.10734556164707325,0.21310317405395382,-0.02406802816380935,0.3157492867787238,-0.6048912840941454,0.0000,1.0000,0.4500,12.573
2026-04-26 20:29:11.360,1796,0.10731201466473067,0.21308407320652295,-0.02402426884799553,0.3158221421722024,-0.6048690057943089,0.0000,1.0000,0.0500,10.230
2026-04-26 20:29:11.377,1797,0.10727877875144926,0.21306511206797832,-0.023980817625731787,0.31589423431759,-0.6048469335785206,0.0000,1.0000,0.0500,9.711
2026-04-26 20:29:11.387,1798,0.10724584245966903,0.2130462885239241,-0.023937665326455006,0.3159655837150214,-0.6048250598345037,0.0000,1.0000,-0.1000,11.321
2026-04-26 20:29:11.403,1799,0.10721317159750746,0.21302781783572808,-0.023895113655874742,0.3160361324398201,-0.6048033617868085,0.0000,1.0000,0.1500,8.448
2026-04-26 20:29:11.413,1800,0.1071807276084164,0.21300969417808405,-0.023853129755788852,0.31610593886844807,-0.6047818137499208,0.0000,1.0000,0.2000,6.936
2026-04-26 20:29:11.429,1801,0.10714855035832806,0.21299162496230825,-0.02381130288082047,0.31617510013492306,-0.6047604423196973,0.0000,1.0000,0.1500,10.963
2026-04-26 20:29:11.446,1802,0.1071166400578435,0.21297382274303936,-0.02376995354028367,0.31624351361546255,-0.6047392476548288,0.0000,1.0000,-0.0500,8.614
2026-04-26 20:29:11.457,1803,0.10708497729328974,0.21295614187963582,-0.023728851844668428,0.31631128189060775,-0.6047182168308822,0.0000,1.0000,0.1500,11.324
2026-04-26 20:29:11.475,1804,0.1070535687172145,0.21293843666249548,-0.023687785155795758,0.3163784727622894,-0.6046973543006351,0.0000,1.0000,0.1000,11.252
2026-04-26 20:29:11.485,1805,0.10702243001924623,0.2129208513301231,-0.023646981759999696,0.31644499695168593,-0.6046766705413189,0.0000,1.0000,0.3000,10.552
2026-04-26 20:29:11.503,1806,0.10699156015069769,0.21290316912709698,-0.02360611727181507,0.31651096793829425,-0.6046561648710259,0.0000,1.0000,0.1500,10.723
2026-04-26 20:29:11.519,1807,0.10696095223785475,0.2128853200341084,-0.023565083504893017,0.3165764335447042,-0.6046358327242388,0.0000,1.0000,0.5000,9.128
2026-04-26 20:29:11.528,1808,0.10693059703546948,0.2128675212782734,-0.023524201540122944,0.3166413010776186,-0.6046156679541635,0.0000,1.0000,0.1500,11.029
2026-04-26 20:29:11.545,1809,0.10690044831347698,0.21284984401518353,-0.023483548673507153,0.3167056001386928,-0.6045956397572108,0.0000,1.0000,0.2500,10.258
2026-04-26 20:29:11.555,1810,0.10687056079055218,0.21283228617076624,-0.023443159634971816,0.316769262293004,-0.6045757846287042,0.0000,1.0000,0.2000,9.953
2026-04-26 20:29:11.572,1811,0.10684090746271839,0.21281470362427585,-0.023402801582236878,0.3168323990402074,-0.6045560845819566,0.0000,1.0000,0.4000,10.466
2026-04-26 20:29:11.588,1812,0.10681149496627274,0.2127971680051958,-0.023362587705092853,0.31689496909963544,-0.6045365440568907,0.0000,1.0000,0.1500,9.950
2026-04-26 20:29:11.599,1813,0.10678232246054106,0.21277982065243653,-0.023322730753002743,0.31695690625446504,-0.6045171625085456,0.0000,1.0000,-0.0500,11.551
2026-04-26 20:29:11.619,1814,0.10675336510032828,0.2127627315293118,-0.023283320389497326,0.31701821193172336,-0.6044979233887143,0.0000,1.0000,0.1000,6.901
2026-04-26 20:29:11.642,1815,0.10672462602657579,0.21274546782585554,-0.023243710756381607,0.31707910158100255,-0.6044788288063853,0.0000,1.0000,0.2500,10.480
2026-04-26 20:29:11.652,1816,0.10669609449977029,0.21272846040503676,-0.023204542232284867,0.31713937727421215,-0.6044598716166849,0.0000,1.0000,-0.0500,9.863
2026-04-26 20:29:11.669,1817,0.10666780255999533,0.21271156330652732,-0.02316561846196418,0.31719907240768713,-0.604441073194249,0.0000,1.0000,0.1000,9.367
2026-04-26 20:29:11.679,1818,0.10663971480647086,0.21269456083017038,-0.02312659350147981,0.3172583451217841,-0.6044224099529188,0.0000,1.0000,0.3500,12.266
2026-04-26 20:29:11.696,1819,0.10661185752051934,0.21267759767371086,-0.02308770310704418,0.31731709106876677,-0.6044038994277221,0.0000,1.0000,0.1000,11.687
2026-04-26 20:29:11.713,1820,0.10658420603487344,0.21266095924422626,-0.02304936011531138,0.31737520343204223,-0.6043855251877476,0.0000,0.9500,-0.0500,6.269
2026-04-26 20:29:11.722,1821,0.10655673607790879,0.21264449791817944,-0.023011328063212193,0.317432791337842,-0.604367271065637,0.0000,0.9500,0.1000,5.203
2026-04-26 20:29:11.740,1822,0.10652945832486448,0.21262828217208413,-0.022973717918362953,0.31748980922226994,-0.6043491441917354,0.0000,1.0000,0.0500,10.763
2026-04-26 20:29:11.750,1823,0.10650238630644321,0.21261209527261357,-0.022936214720221382,0.3175463502754449,-0.6043311535998271,0.0000,1.0000,0.2000,12.620
2026-04-26 20:29:11.768,1824,0.1064754983274508,0.21259565017837767,-0.02289837454543417,0.31760258976641426,-0.6043132848395659,0.0000,1.0000,0.4000,11.082
2026-04-26 20:29:11.787,1825,0.10644878299775594,0.21257930793342122,-0.022860732452309435,0.31765836513910256,-0.6042955303304504,0.0000,1.0000,0.1500,9.014
2026-04-26 20:29:11.798,1826,0.10642223781087465,0.21256342423364893,-0.022823821383091712,0.3177135046249548,-0.6042778884142169,0.0000,1.0000,-0.0500,5.755
2026-04-26 20:29:11.816,1827,0.10639584076417444,0.2125474211858047,-0.022786760882811345,0.31776832920379966,-0.604260344434979,0.0000,1.0000,0.4000,9.938
2026-04-26 20:29:11.827,1828,0.10636966114161478,0.21253151417346502,-0.022749921253675597,0.31782264146114836,-0.6042429445943897,0.0000,1.0000,0.0000,14.226
2026-04-26 20:29:11.844,1829,0.10634367283823842,0.2125156309165507,-0.022713177694233876,0.31787651495972347,-0.6042256715013057,0.0000,1.0000,0.1000,14.894
2026-04-26 20:29:11.862,1830,0.10631784433402384,0.2124999148756588,-0.022676725388677585,0.3179299225727541,-0.6042085041543588,0.0000,1.0000,0.2500,11.868
2026-04-26 20:29:11.872,1831,0.10629221517439257,0.2124844338697954,-0.022640693420674006,0.3179827802016883,-0.6041914689289628,0.0000,1.0000,0.0000,10.732
2026-04-26 20:29:11.891,1832,0.10626678913866383,0.2124691849486997,-0.022605080861048867,0.3180350867826712,-0.6041745683562865,0.0000,1.0000,0.0000,11.031
2026-04-26 20:29:11.901,1833,0.10624152173761107,0.21245388044765628,-0.02256942751526519,0.31808704792963466,-0.6041577727882936,0.0000,1.0000,0.3500,8.660
2026-04-26 20:29:11.919,1834,0.10621641170818291,0.2124385914192065,-0.02253384006769115,0.31813863222604294,-0.6041410813942265,0.0000,1.0000,0.2000,7.946
2026-04-26 20:29:11.937,1835,0.10619145482461666,0.2124231748189099,-0.02249810206786735,0.3181899192177479,-0.6041244913680175,0.0000,1.0000,0.2500,9.664
2026-04-26 20:29:11.949,1836,0.1061666685480663,0.2124077031223035,-0.022462334789244472,0.31824085173888456,-0.6041080143613765,0.0000,1.0000,0.0000,11.636
2026-04-26 20:29:11.968,1837,0.10614205157775852,0.2123923919084167,-0.022426861638769557,0.31829132605244315,-0.604091649517898,0.0000,1.0000,0.0500,10.814
2026-04-26 20:29:11.978,1838,0.1061175900606734,0.21237716736081835,-0.02239156354845071,0.31834139982070087,-0.6040753876128503,0.0000,1.0000,0.0000,9.633
2026-04-26 20:29:11.996,1839,0.10609329769272151,0.21236202813497865,-0.022356448510721622,0.3183910577038264,-0.6040592377872963,0.0000,1.0000,0.1500,13.015
2026-04-26 20:29:12.014,1840,0.10606916326079069,0.21234704464212154,-0.022321615532452165,0.31844028166240523,-0.6040431925761268,0.0000,1.0000,0.2000,10.361
2026-04-26 20:29:12.024,1841,0.10604517996755818,0.21233228618319405,-0.02228716488597481,0.31848904829121116,-0.6040272474579378,0.0000,1.0000,0.1000,9.527
2026-04-26 20:29:12.042,1842,0.10602136575099873,0.21231774951712193,-0.02225310450800147,0.31853733744289986,-0.6040114144013713,0.0000,1.0000,0.1000,10.021
2026-04-26 20:29:12.053,1843,0.10599771463183494,0.21230321772747532,-0.022219105864780896,0.318585267665233,-0.6039956894300849,0.0000,1.0000,0.1000,14.054
2026-04-26 20:29:12.073,1844,0.10597420910126022,0.2122889038995904,-0.022185477726451863,0.3186327578460371,-0.6039800608812355,0.0000,1.0000,0.1000,8.961
2026-04-26 20:29:12.093,1845,0.1059508744700849,0.21227473382950318,-0.022152126463394088,0.3186798133936851,-0.603964545638246,0.0000,1.0000,0.1000,9.407
2026-04-26 20:29:12.105,1846,0.10592768680540975,0.2122605628433336,-0.022118819899936727,0.3187265405789752,-0.6039491277552563,0.0000,1.0000,0.1000,11.870
2026-04-26 20:29:12.134,1847,0.1059046640342464,0.2122465334708926,-0.02208578456069636,0.3187728462272957,-0.6039338191928727,0.0000,1.0000,0.1000,8.484
2026-04-26 20:29:12.152,1848,0.1058817689115834,0.21223243072798748,-0.022052673906257106,0.3188188894538395,-0.6039185951302134,0.0000,1.0000,0.2000,11.669
2026-04-26 20:29:12.162,1849,0.10585899251626192,0.212218325928168,-0.022019589714881927,0.3188646484303454,-0.6039034496288284,0.0000,1.0000,0.1000,7.777
2026-04-26 20:29:12.179,1850,0.10583635225203941,0.2122044326269987,-0.021986864666469486,0.3189099950786517,-0.6038883943000769,0.0000,1.0000,0.0500,11.724
2026-04-26 20:29:12.189,1851,0.10581383262683526,0.21219067638048583,-0.02195437749986156,0.318954989152924,-0.6038734188246268,0.0000,1.0000,-0.0500,10.766
2026-04-26 20:29:12.206,1852,0.10579143895926223,0.2121767002156467,-0.021921597023218862,0.31899980389609006,-0.6038585267568104,0.0000,1.0000,0.5000,12.133
2026-04-26 20:29:12.223,1853,0.10576917679454237,0.21216279135705013,-0.02188895848127383,0.3190442901224375,-0.6038437218019043,0.0000,1.0000,0.1500,8.702
2026-04-26 20:29:12.232,1854,0.10574704319481576,0.21214859367664807,-0.021855926423779627,0.3190886316060354,-0.60382900200967,0.0000,1.0000,0.6500,12.177
2026-04-26 20:29:12.249,1855,0.10572504173889624,0.2121343242446285,-0.021822829531786627,0.3191327168060428,-0.6038143697741934,0.0000,1.0000,0.0000,12.920
2026-04-26 20:29:12.258,1856,0.10570315697365887,0.21212012747938827,-0.021789874810351,0.31917649585694285,-0.6037998148014779,0.0000,1.0000,0.3000,10.225
2026-04-26 20:29:12.278,1857,0.10568139252458181,0.21210593127230498,-0.021756957182875573,0.31922000169249787,-0.6037853395164743,0.0000,1.0000,0.1500,12.198
2026-04-26 20:29:12.295,1858,0.10565975558583164,0.21209166501673762,-0.02172397619482062,0.3192632617115271,-0.6037709487231395,0.0000,1.0000,0.2000,10.630
2026-04-26 20:29:12.305,1859,0.1056382379660691,0.2120776845288221,-0.021691460758918243,0.3193061105901532,-0.6037566369683091,0.0000,1.0000,-0.1000,9.544
2026-04-26 20:29:12.322,1860,0.10561680942091765,0.2120636311873407,-0.02165885342010392,0.3193487696022893,-0.6037423840966775,0.0000,1.0000,0.3500,9.954
2026-04-26 20:29:12.331,1861,0.10559549753523235,0.2120495762894605,-0.02162628014411618,0.3193911679324521,-0.6037282085056462,0.0000,1.0000,0.1500,9.077
2026-04-26 20:29:12.348,1862,0.10557428170443793,0.21203566247452665,-0.021593941774222553,0.3194332633224492,-0.6037140964662175,0.0000,1.0000,0.2000,8.073
2026-04-26 20:29:12.366,1863,0.10555316063779795,0.212021745302774,-0.021561621401608156,0.31947513127802774,-0.6037000471251753,0.0000,1.0000,0.3500,12.984
2026-04-26 20:29:12.375,1864,0.10553214299253445,0.21200768283047158,-0.021529112484311778,0.31951683276949977,-0.6036860662611667,0.0000,1.0000,0.1500,11.747
2026-04-26 20:29:12.392,1865,0.10551121436402827,0.21199369051879108,-0.02149672920413318,0.3195582807907265,-0.6036721442781704,0.0000,1.0000,0.3000,10.039
2026-04-26 20:29:12.401,1866,0.10549036387640347,0.2119801225299974,-0.021464996138110544,0.31959931425725735,-0.6036582739325549,0.0000,1.0000,0.1000,9.836
2026-04-26 20:29:12.418,1867,0.10546959295420658,0.2119666172332753,-0.021433372365180153,0.31964011355818567,-0.603644456180866,0.0000,1.0000,0.3500,8.483
2026-04-26 20:29:12.438,1868,0.1054489192124023,0.21195303137502502,-0.021401655315081588,0.3196807282846767,-0.6036307027731589,0.0000,1.0000,0.4000,9.923
2026-04-26 20:29:12.447,1869,0.10542835532252999,0.2119395079833308,-0.021370068535961243,0.3197210714565227,-0.6036170221637707,0.0000,1.0000,0.1000,10.899
2026-04-26 20:29:12.464,1870,0.10540788922088898,0.21192625874343232,-0.021338922063163672,0.3197610547238198,-0.6036034063167788,0.0000,1.0000,-0.1500,8.090
2026-04-26 20:29:12.481,1871,0.10538751220174247,0.21191335013088208,-0.021308310347895966,0.31980065784310613,-0.603589849434805,0.0000,0.9500,-0.0500,6.401
2026-04-26 20:29:12.491,1872,0.10536719978929386,0.2119001389915588,-0.021277252875355795,0.3198402363917029,-0.6035763352070013,0.0000,1.0000,0.5500,11.172
2026-04-26 20:29:12.510,1873,0.10534696398802033,0.21188705583926995,-0.021246403944812864,0.3198795604521139,-0.6035628716426068,0.0000,1.0000,0.0500,9.352
2026-04-26 20:29:12.519,1874,0.10532681390076924,0.21187402770758718,-0.02121566069287954,0.3199186556956201,-0.6035494648163472,0.0000,1.0000,0.0500,10.470
2026-04-26 20:29:12.537,1875,0.10530676854673347,0.21186105374118838,-0.021185035025959375,0.3199574984962773,-0.6035361274137525,0.0000,1.0000,0.1500,11.588
2026-04-26 20:29:12.555,1876,0.10528679217277119,0.21184806244984117,-0.02115439637555171,0.31999617355579624,-0.603522835605372,0.0000,1.0000,0.2500,8.128
2026-04-26 20:29:12.568,1877,0.10526690420536956,0.21183519589590746,-0.021123971280932585,0.32003458520746575,-0.6035096023480847,0.0000,1.0000,0.1000,10.367
2026-04-26 20:29:12.587,1878,0.10524710133211178,0.2118223807374468,-0.021093648008234007,0.3200727757862678,-0.603496425439412,0.0000,1.0000,0.2500,11.829
2026-04-26 20:29:12.596,1879,0.10522737881500151,0.21180961574527674,-0.021063422035028895,0.3201107534528661,-0.6034833017264017,0.0000,1.0000,0.2500,10.363
2026-04-26 20:29:12.614,1880,0.10520773064628419,0.2117968301220317,-0.021033183632909788,0.32014856282659576,-0.6034702272095108,0.0000,1.0000,0.3000,9.359
2026-04-26 20:29:12.634,1881,0.10518817814487001,0.21178388234871187,-0.021002735201702163,0.3201862474339014,-0.6034572161068882,0.0000,1.0000,0.2000,13.762
2026-04-26 20:29:12.644,1882,0.10516872851792244,0.21177084558402626,-0.020972191742977864,0.32022376226015303,-0.6034442732287685,0.0000,1.0000,0.3000,9.815
2026-04-26 20:29:12.663,1883,0.10514935501614113,0.21175765132296945,-0.02094143311821358,0.3202611783802489,-0.603431380747662,0.0000,1.0000,0.3000,8.618
2026-04-26 20:29:12.672,1884,0.10513005003875667,0.21174430158450017,-0.020910457733741707,0.32029850605838067,-0.6034185336016855,0.0000,1.0000,0.4000,10.673
2026-04-26 20:29:12.691,1885,0.10511082164454086,0.21173115293722677,-0.020879806253387104,0.3203355573874372,-0.6034057371685706,0.0000,1.0000,0.2000,10.505
2026-04-26 20:29:12.710,1886,0.10509166793190924,0.21171820275603062,-0.020849473903570684,0.3203723373208125,-0.603392990185733,0.0000,1.0000,0.0000,9.405
2026-04-26 20:29:12.720,1887,0.10507260031152812,0.21170544760933907,-0.020819463569388828,0.32040883344887916,-0.6033803002653454,0.0000,1.0000,-0.0500,9.981
2026-04-26 20:29:12.738,1888,0.10505361880688682,0.21169288467370367,-0.020789771450292763,0.32044504822451814,-0.6033676674280529,0.0000,1.0000,0.0000,7.755
2026-04-26 20:29:12.751,1889,0.10503469856789094,0.21168043942990356,-0.020760269613401484,0.3204810530971878,-0.6033550751120371,0.0000,1.0000,0.0500,8.438
2026-04-26 20:29:12.770,1890,0.1050158429317914,0.2116680405924888,-0.020730853761863743,0.3205168803004879,-0.6033425255469691,0.0000,1.0000,0.0000,12.586
2026-04-26 20:29:12.789,1891,0.10499707657785548,0.21165554636531111,-0.020701328054694185,0.3205525688517379,-0.6033300351904586,0.0000,1.0000,0.2000,13.723
2026-04-26 20:29:12.799,1892,0.1049783780563867,0.2116429580878967,-0.020671680595771035,0.32058814769033045,-0.603317589747401,0.0000,1.0000,0.2500,12.363
2026-04-26 20:29:12.818,1893,0.10495973936872183,0.21163034829252592,-0.020642015239543253,0.3206235922094271,-0.6033051838899773,0.0000,1.0000,0.1000,11.447
2026-04-26 20:29:12.827,1894,0.10494116175879373,0.21161764673314096,-0.02061222782885633,0.3206589368529806,-0.6032928184520295,0.0000,1.0000,0.2500,8.110
2026-04-26 20:29:12.849,1895,0.10492264339483293,0.21160485487388106,-0.020582319715643397,0.32069418429608915,-0.6032804922168632,0.0000,1.0000,0.2000,12.043
2026-04-26 20:29:12.868,1896,0.10490418294417643,0.21159225681977206,-0.020552716540251557,0.3207291952134602,-0.6032682043004542,0.0000,1.0000,0.0000,10.121
2026-04-26 20:29:12.878,1897,0.10488579428503529,0.2115797081038011,-0.02052321121998389,0.3207640242704002,-0.6032559639592951,0.0000,1.0000,0.0000,12.002
2026-04-26 20:29:12.898,1898,0.10486744570869679,0.2115669961352998,-0.020493464089892357,0.32079882096256696,-0.6032437500585304,0.0000,1.0000,0.3500,9.142
2026-04-26 20:29:12.921,1899,0.10484916848991702,0.2115544765550296,-0.020464029815750014,0.3208333666781146,-0.6032315834522195,0.0000,1.0000,0.0500,10.971
2026-04-26 20:29:12.932,1900,0.10483096594180945,0.21154186396952476,-0.02043448286557215,0.32086780059087766,-0.6032194663532636,0.0000,1.0000,0.3000,11.875
2026-04-26 20:29:12.954,1901,0.1048128152737906,0.21152923040665234,-0.02040491643166644,0.32090211795553486,-0.6032073835720368,0.0000,1.0000,0.2000,12.151
2026-04-26 20:29:12.964,1902,0.10479472421273808,0.21151657590178372,-0.020375336057407753,0.3209363093198471,-0.6031953402638258,0.0000,1.0000,0.2500,12.478
2026-04-26 20:29:12.983,1903,0.10477668760491822,0.2115040432483477,-0.020345952831096893,0.32097031101367574,-0.6031833329967826,0.0000,1.0000,0.0000,10.266
2026-04-26 20:29:13.004,1904,0.10475870189483866,0.21149141782334394,-0.02031644277687541,0.32100423593128424,-0.6031713594044937,0.0000,1.0000,0.2000,10.489
2026-04-26 20:29:13.014,1905,0.10474077120248773,0.2114788412510541,-0.02028702140186051,0.3210380085966893,-0.6031594222374741,0.0000,1.0000,0.2000,9.104
2026-04-26 20:29:13.034,1906,0.10472287801248961,0.2114663133457747,-0.020257677069755026,0.32107165327361015,-0.6031475098226048,0.0000,1.0000,0.1000,10.100
2026-04-26 20:29:13.044,1907,0.10470501536291246,0.21145390454454432,-0.02022851110921654,0.32110514483088093,-0.6031356175223391,0.0000,1.0000,0.0500,9.903
2026-04-26 20:29:13.065,1908,0.10468721823802218,0.21144147219714918,-0.020199333177440094,0.32113850874062666,-0.6031237686632063,0.0000,1.0000,0.1500,16.058
2026-04-26 20:29:13.085,1909,0.10466947251792406,0.21142866209733036,-0.020169602856800913,0.3211719417133184,-0.603111953835573,0.0000,1.0000,0.3500,13.767
2026-04-26 20:29:13.097,1910,0.10465177380827677,0.2114159754061009,-0.02014006925970904,0.32120519979667467,-0.6031001701134538,0.0000,1.0000,0.1000,11.280
2026-04-26 20:29:13.117,1911,0.10463409275436818,0.21140348064022502,-0.020110815887447214,0.321238288629496,-0.6030883979305625,0.0000,1.0000,0.2500,7.826
2026-04-26 20:29:13.126,1912,0.10461645075290323,0.21139124608382812,-0.02008195972217895,0.3212711462869829,-0.6030766515548377,0.0000,1.0000,-0.0500,8.951
2026-04-26 20:29:13.146,1913,0.10459884856416717,0.21137912635769743,-0.020053283489074702,0.32130384518003813,-0.6030649314965535,0.0000,1.0000,0.1000,9.027
2026-04-26 20:29:13.167,1914,0.1045812936256021,0.21136697777525165,-0.020024576899383088,0.3213364479593478,-0.6030532427173702,0.0000,1.0000,0.3000,11.593
2026-04-26 20:29:13.176,1915,0.10456378963897324,0.2113549430881374,-0.019996056827000896,0.3213688790265268,-0.6030415876884464,0.0000,1.0000,-0.1000,10.263
2026-04-26 20:29:13.420,1916,0.10454633628164182,0.21134302057412024,-0.019967720747888704,0.3214011403753055,-0.6030299661979551,0.0000,1.0000,-0.1000,11.177
2026-04-26 20:29:13.444,1917,0.10452892593980091,0.2113310653947983,-0.019939346598860947,0.32143331526851937,-0.6030183731732416,0.0000,1.0000,0.2500,13.638
2026-04-26 20:29:13.453,1918,0.1045115672484872,0.21131929207367614,-0.01991126218809995,0.3214652856125473,-0.6030068143741651,0.0000,1.0000,-0.1000,8.106
2026-04-26 20:29:13.461,1919,0.10449424796484957,0.21130790693118295,-0.019883769096589496,0.32149696524226684,-0.6029952816419458,0.0000,1.0000,0.1500,8.731
2026-04-26 20:29:13.470,1920,0.10447698272759448,0.21129633966591252,-0.019856021889665038,0.3215286204513273,-0.6029837847387951,0.0000,1.0000,0.5500,11.716
2026-04-26 20:29:13.479,1921,0.1044597669396839,0.2112849481998475,-0.019828554640041133,0.32156007905942446,-0.6029723206030487,0.0000,1.0000,-0.1000,12.740
2026-04-26 20:29:13.488,1922,0.10444259959784656,0.21127358783591335,-0.019801149883874488,0.32159141539432406,-0.6029608885688417,0.0000,1.0000,0.1000,10.110
2026-04-26 20:29:13.496,1923,0.10442548082586317,0.21126218684044737,-0.019773700350048308,0.3216226657897271,-0.6029494887216319,0.0000,1.0000,0.1500,11.141
2026-04-26 20:29:13.505,1924,0.1044084245473467,0.2112506747892302,-0.01974610992779621,0.3216538475153578,-0.6029381303467217,0.0000,1.0000,0.1500,12.538
2026-04-26 20:29:13.514,1925,0.1043914222886456,0.21123905357240205,-0.019718376042734125,0.32168497153744346,-0.6029268077978603,0.0000,1.0000,0.4000,10.956
2026-04-26 20:29:13.523,1926,0.10437445597162454,0.21122739592342674,-0.019690595978881596,0.32171602619733164,-0.6029155090257649,0.0000,1.0000,0.2000,12.741
2026-04-26 20:29:13.532,1927,0.1043575392760919,0.21121584342677824,-0.019662991465197205,0.3217469230578812,-0.6029042431530729,0.0000,1.0000,0.0500,10.528
2026-04-26 20:29:13.540,1928,0.10434067246776918,0.2112043941681181,-0.019635560036210652,0.32177766330788404,-0.6028930103596559,0.0000,1.0000,0.0500,6.353
2026-04-26 20:29:13.550,1929,0.1043238551806271,0.21119290557541304,-0.019608087815308872,0.3218083192985248,-0.6028818104041774,0.0000,1.0000,0.1500,11.890
2026-04-26 20:29:13.558,1930,0.10430708597673694,0.21118152069729243,-0.019580788638891292,0.32183882199119934,-0.6028706423306609,0.0000,1.0000,-0.1000,11.619
2026-04-26 20:29:13.568,1931,0.10429035274340229,0.21116995339496175,-0.019553225442378582,0.3218693311655118,-0.6028594980665786,0.0000,1.0000,0.4000,10.857
2026-04-26 20:29:13.577,1932,0.10427365913659234,0.21115827781299895,-0.019525512095412745,0.32189980542609353,-0.6028483800518073,0.0000,1.0000,0.4500,11.845
2026-04-26 20:29:13.587,1933,0.10425700223187769,0.21114677815545635,-0.01949807316668295,0.3219301071134303,-0.602837286339253,0.0000,1.0000,0.2000,11.626
2026-04-26 20:29:13.596,1934,0.10424039426601452,0.2111350999298894,-0.01947038528440673,0.32196039769319307,-0.6028262250892409,0.0000,1.0000,0.3000,11.295
2026-04-26 20:29:13.605,1935,0.1042238339923457,0.21112338573093817,-0.01944266171535054,0.3219906080573681,-0.6028151954731166,0.0000,1.0000,0.3000,9.826
2026-04-26 20:29:13.615,1936,0.10420731502806975,0.21111177593578523,-0.019415108972909788,0.32202067704695636,-0.6028041932380926,0.0000,1.0000,0.4000,11.021
2026-04-26 20:29:13.625,1937,0.10419082852975886,0.21110027250585683,-0.01938772430338548,0.3220506159838843,-0.602793212490928,0.0000,1.0000,0.0500,8.682
2026-04-26 20:29:13.635,1938,0.10417438702404246,0.21108901367016422,-0.019360723598164223,0.3220803395552051,-0.6027822615850507,0.0000,1.0000,0.0000,12.243
2026-04-26 20:29:13.645,1939,0.10415798691851974,0.21107799572193925,-0.019334099095991594,0.32210985490034605,-0.6027713381278336,0.0000,1.0000,-0.1000,9.054
2026-04-26 20:29:13.655,1940,0.10414162994557048,0.21106665153759252,-0.01930700145732761,0.322139443759995,-0.6027604432764684,0.0000,1.0000,0.4000,9.979
2026-04-26 20:29:13.666,1941,0.1041253088781517,0.21105512820333777,-0.019279646681524598,0.3221690427085041,-0.6027495722151646,0.0000,1.0000,0.2000,9.450
2026-04-26 20:29:13.676,1942,0.10410901617990319,0.21104342740428955,-0.01925203245725369,0.32219866142597725,-0.6027387199218862,0.0000,1.0000,0.3000,10.629
2026-04-26 20:29:13.686,1943,0.10409276497708685,0.21103162238910014,-0.019224277590795424,0.32222824625347385,-0.6027278951496461,0.0000,1.0000,0.3000,11.597
2026-04-26 20:29:13.696,1944,0.10407655831617864,0.21101978497299564,-0.0191964920156969,0.32225775768147497,-0.6027170999315667,0.0000,1.0000,0.2000,11.361
2026-04-26 20:29:13.705,1945,0.10406038270535697,0.2110079165262522,-0.019168668969852705,0.3222872134670991,-0.6027063252752073,0.0000,1.0000,0.1000,11.631
2026-04-26 20:29:13.715,1946,0.10404423892312704,0.2109958053304936,-0.019140491569074682,0.3223167188778911,-0.6026955717016461,0.0000,1.0000,0.3500,12.687
2026-04-26 20:29:13.726,1947,0.10402813951102395,0.2109838070544986,-0.019112501849311347,0.32234607979708313,-0.6026848475739507,0.0000,1.0000,0.1000,11.999
2026-04-26 20:29:13.734,1948,0.10401206520629291,0.21097220424297447,-0.019085110954967902,0.3223751810690678,-0.6026741400522977,0.0000,0.8500,-0.2500,10.537
2026-04-26 20:29:13.745,1949,0.10399603573192338,0.21096056576077973,-0.019057685498634777,0.3224042123906737,-0.6026634622873298,0.0000,1.0000,0.2500,10.200
2026-04-26 20:29:13.755,1950,0.10398004458370277,0.21094903401683723,-0.01903043492169788,0.32243311164990135,-0.6026528099448587,0.0000,1.0000,0.1000,10.052
2026-04-26 20:29:13.764,1951,0.10396407988385464,0.21093739778177073,-0.01900303462325643,0.3224620007123499,-0.6026421751082908,0.0000,1.0000,0.2000,12.198
2026-04-26 20:29:13.775,1952,0.10394815434428469,0.2109256560298241,-0.018975491698536052,0.3224908635493576,-0.602631566254125,0.0000,1.0000,0.4000,14.011
2026-04-26 20:29:13.783,1953,0.10393225649036482,0.21091402387699926,-0.018948121328654723,0.3225196083039801,-0.602620975734476,0.0000,1.0000,-0.0500,11.162
2026-04-26 20:29:13.794,1954,0.10391639434408924,0.2109027093779312,-0.01892124109807525,0.322548120648437,-0.6026104088991788,0.0000,1.0000,0.0500,11.404
2026-04-26 20:29:13.804,1955,0.10390057399343768,0.21089128636383592,-0.018894215964471165,0.32257660593941057,-0.6025998698086976,0.0000,1.0000,0.2500,6.920
2026-04-26 20:29:13.813,1956,0.10388478846635532,0.21087989890777892,-0.0188672575393177,0.3226050018201935,-0.6025893538167799,0.0000,1.0000,0.0500,9.311
2026-04-26 20:29:13.824,1957,0.10386903597807247,0.21086861362174933,-0.018840464698416885,0.32263327774248046,-0.6025788597353365,0.0000,1.0000,0.2000,8.332
2026-04-26 20:29:13.833,1958,0.10385331586104232,0.2108573603523654,-0.01881373191211473,0.32266147004535084,-0.6025683871210671,0.0000,1.0000,0.1000,9.226
2026-04-26 20:29:13.844,1959,0.1038376207158607,0.21084613770492056,-0.0187870522986833,0.3226895896587716,-0.6025579310427405,0.0000,1.0000,0.2000,11.004
2026-04-26 20:29:13.854,1960,0.10382195342091922,0.2108349436294198,-0.01876042484317691,0.3227176341311249,-0.6025474934209637,0.0000,1.0000,0.4500,10.292
2026-04-26 20:29:13.863,1961,0.103806304894274,0.21082356712486414,-0.018733527128470116,0.32274572142799046,-0.6025370682027616,0.0000,1.0000,0.4500,9.057
2026-04-26 20:29:13.875,1962,0.1037906858745317,0.2108120128499241,-0.018706373438556995,0.3227738352523751,-0.6025266625488348,0.0000,1.0000,0.2500,12.432
2026-04-26 20:29:13.885,1963,0.10377509186621349,0.21080042237040253,-0.018679173260019402,0.3228019111605761,-0.6025162734638021,0.0000,1.0000,0.4500,6.933
2026-04-26 20:29:13.895,1964,0.10375951913473164,0.21078886772547778,-0.018652032294740262,0.32282991845250336,-0.6025058984595193,0.0000,1.0000,0.4500,8.502
2026-04-26 20:29:13.906,1965,0.10374397607129951,0.2107772799028164,-0.018624852749209542,0.322857880780987,-0.6024955431316857,0.0000,1.0000,0.1000,12.827
2026-04-26 20:29:13.915,1966,0.1037284596891248,0.21076580010428567,-0.01859784456391854,0.3228857318574067,-0.6024852054906403,0.0000,1.0000,0.1500,10.189
2026-04-26 20:29:13.927,1967,0.10371296330984708,0.21075442683251028,-0.018571001167515894,0.32291348165990563,-0.6024748810856535,0.0000,1.0000,0.1000,10.551
2026-04-26 20:29:13.936,1968,0.10369749947260959,0.21074287760738777,-0.01854390732432436,0.3229412550297775,-0.6024645782776422,0.0000,1.0000,0.3000,11.354
2026-04-26 20:29:13.947,1969,0.10368205944056394,0.21073101401909142,-0.01851634971821019,0.3229691331363656,-0.6024542912435066,0.0000,1.0000,0.3500,9.562
2026-04-26 20:29:13.958,1970,0.10366664432504598,0.21071891027502412,-0.01848844052249266,0.3229970777047566,-0.602444020725581,0.0000,1.0000,0.5000,13.407
2026-04-26 20:29:13.967,1971,0.1036512579722692,0.21070699218862532,-0.01846082114097772,0.32302487100585675,-0.6024337692894299,0.0000,1.0000,0.1500,10.017
2026-04-26 20:29:13.978,1972,0.10363589269667876,0.21069504785005752,-0.018433168702917842,0.3230526295433133,-0.6024235318127509,0.0000,1.0000,0.1500,10.730
2026-04-26 20:29:13.987,1973,0.10362054180290546,0.2106830738332439,-0.018405473721564498,0.32308036425412584,-0.6024133038333442,0.0000,1.0000,0.4500,11.397
2026-04-26 20:29:13.999,1974,0.10360521538060281,0.21067114277488494,-0.018377851992611237,0.3231080256594228,-0.6024030920790047,0.0000,1.0000,0.1500,11.975
2026-04-26 20:29:14.011,1975,0.10358990409961412,0.21065939740717912,-0.018350511506745132,0.32313555512127895,-0.6023928903309665,0.0000,1.0000,0.0000,10.195
2026-04-26 20:29:14.020,1976,0.10357461096196306,0.21064776308826536,-0.018323342413330272,0.3231629862415719,-0.6023827005918975,0.0000,1.0000,0.0500,11.709
2026-04-26 20:29:14.032,1977,0.10355934450751678,0.21063595701257096,-0.018295926306396808,0.32319044931598934,-0.6023725285563412,0.0000,1.0000,0.4000,14.309
2026-04-26 20:29:14.043,1978,0.10354409645789976,0.2106241218504805,-0.01826847178011181,0.3232178843223728,-0.6023623687066598,0.0000,1.0000,0.3000,10.134
2026-04-26 20:29:14.053,1979,0.10352886075826608,0.21061240050118926,-0.018241189252598978,0.32324522815532447,-0.6023522170075498,0.0000,1.0000,0.0000,7.534
2026-04-26 20:29:14.065,1980,0.10351365026309384,0.21060078879813357,-0.018214081147971063,0.3232724660258279,-0.6023420820299044,0.0000,1.0000,0.2500,9.809
2026-04-26 20:29:14.075,1981,0.10349845405843497,0.21058907391591342,-0.018186821054904285,0.3232997191615145,-0.6023319564989809,0.0000,1.0000,0.4500,6.828
2026-04-26 20:29:14.086,1982,0.10348328580517661,0.2105772596184406,-0.018159423827724997,0.32332696772496794,-0.6023218495232416,0.0000,1.0000,0.1000,11.592
2026-04-26 20:29:14.098,1983,0.10346813658385656,0.2105653461974717,-0.018131884057442423,0.3233542237180961,-0.6023117551575647,0.0000,1.0000,0.3500,11.204
2026-04-26 20:29:14.107,1984,0.10345300596989716,0.21055347583606368,-0.018104414833777525,0.3233814168668163,-0.6023016731200669,0.0000,1.0000,0.2500,10.561
2026-04-26 20:29:14.119,1985,0.10343789022186117,0.21054157949061292,-0.018076910193747804,0.3234085869290857,-0.6022916009176075,0.0000,1.0000,0.0500,7.190
2026-04-26 20:29:14.129,1986,0.10342278503013339,0.2105293046032879,-0.018048838522792935,0.32343591617383216,-0.6022815356782435,0.0000,1.0000,0.5500,9.511
2026-04-26 20:29:14.141,1987,0.10340770548087042,0.2105169385492239,-0.01802064103488837,0.3234632410388133,-0.6022714874605292,0.0000,1.0000,0.2500,10.249
2026-04-26 20:29:14.153,1988,0.10339265912602522,0.210504483983911,-0.01799232684033179,0.32349055036361124,-0.6022614613001998,0.0000,1.0000,0.2500,9.976
2026-04-26 20:29:14.162,1989,0.10337762414370681,0.21049194148144226,-0.017963882343376363,0.3235178731900828,-0.6022514426504114,0.0000,1.0000,0.3500,11.607
2026-04-26 20:29:14.174,1990,0.10336259901969777,0.21047931349495108,-0.017935310303919098,0.32354521054017094,-0.6022414305027529,0.0000,1.0000,0.2000,9.872
2026-04-26 20:29:14.183,1991,0.10334758726013833,0.21046660019254493,-0.017906613399878146,0.32357255788107797,-0.6022314271957023,0.0000,1.0000,0.2000,9.230
2026-04-26 20:29:14.198,1992,0.10333259433422536,0.210454224690513,-0.01787843003882376,0.3235996965851149,-0.6022214363764262,0.0000,1.0000,-0.1000,8.420
2026-04-26 20:29:14.212,1993,0.10331762285846822,0.21044162089439006,-0.01784991290909769,0.32362690643021247,-0.602211459790284,0.0000,1.0000,0.3500,13.639
2026-04-26 20:29:14.221,1994,0.10330267124719987,0.21042907203494654,-0.017821485884158834,0.3236540481312949,-0.6022014963811688,0.0000,1.0000,0.1500,9.193
2026-04-26 20:29:14.234,1995,0.1032877301483833,0.21041622332798335,-0.01779261063616556,0.3236813117626897,-0.6021915399153789,0.0000,1.0000,0.6000,13.452
2026-04-26 20:29:14.243,1996,0.10327280494073662,0.2104032211911665,-0.01776351045933013,0.3237086171535925,-0.602181593979701,0.0000,1.0000,0.4500,12.039
2026-04-26 20:29:14.255,1997,0.10325790246210888,0.21039007053269487,-0.017734197355189534,0.3237359529392796,-0.602171663133661,0.0000,1.0000,0.1000,11.047
2026-04-26 20:29:14.267,1998,0.103243019717276,0.21037677201444663,-0.017704670399207468,0.3237633229858543,-0.6021617453813886,0.0000,1.0000,0.3000,9.776
2026-04-26 20:29:14.276,1999,0.10322815913784586,0.21036410158499622,-0.017676095213588126,0.3237903362772447,-0.6021518423448871,0.0000,0.7000,-0.3500,8.885
2026-04-26 20:29:14.288,2000,0.10321331008256257,0.2103515592733275,-0.017647714824733218,0.3238172571846537,-0.6021419469309034,0.0000,1.0000,0.1500,9.655
