timestamp,episode,openness,conscientiousness,extraversion,agreeableness,neuroticism,stress,satisfaction,social_energy,total_reward
2026-04-26 18:45:33.103,0,0.0,0.0,0.0,0.0,0.0,0.0000,0.0000,0.0000,0.000
2026-04-26 18:45:33.244,1,0.0022731769910413237,0.005,-0.0027531288545120935,0.0035789553235572665,-0.008753128854512095,0.0000,1.0000,0.3500,7.146
2026-04-26 18:45:33.314,2,0.007555893966408216,0.009183198852105855,-0.006127417935626357,0.0036200896748464387,-0.01915011965746758,0.0000,1.0000,0.2500,6.515
2026-04-26 18:45:33.359,3,0.010543152280406514,0.014769517217332967,-0.011341725533303895,-3.560061548828386E-4,-0.03064274851790668,0.0000,1.0000,0.2500,6.520
2026-04-26 18:45:33.394,4,0.012939235935480296,0.020446624981248055,-0.016630421621422937,-0.004578298947935185,-0.042072261102282106,0.0000,1.0000,0.2000,6.374
2026-04-26 18:45:33.427,5,0.014946372836052267,0.02616449503033973,-0.02195806452073802,-0.008941418999779686,-0.05340093209782704,0.0000,1.0000,0.4000,7.174
2026-04-26 18:45:33.457,6,0.016927949707447338,0.031689580290635996,-0.02704617707434117,-0.013183765072084332,-0.06455876362357246,0.0000,1.0000,0.2000,9.752
2026-04-26 18:45:33.485,7,0.018734164939831252,0.03709882001686791,-0.03197938645971235,-0.017404246520100544,-0.07557835527361975,0.0000,1.0000,0.3500,9.526
2026-04-26 18:45:33.516,8,0.020453152465733784,0.04238930025718697,-0.03677013947367479,-0.021566664092585078,-0.08644467994451546,0.0000,1.0000,0.2000,9.950
2026-04-26 18:45:33.549,9,0.022054927908208607,0.04757595142045654,-0.04139137186856796,-0.025532506437374432,-0.09708705823165495,0.0000,1.0000,0.3000,8.569
2026-04-26 18:45:33.582,10,0.023580126925704197,0.052665873314741776,-0.04587985832967337,-0.02935933000510148,-0.10753476764892594,0.0000,1.0000,-0.1500,5.200
2026-04-26 18:45:33.605,11,0.025050244041121945,0.05766624635217221,-0.05025974817332449,-0.03307921264933849,-0.11780429214706092,0.0000,1.0000,0.3000,9.963
2026-04-26 18:45:33.633,12,0.02645852837403091,0.06259286650663438,-0.05454929805435895,-0.03669088204250518,-0.1278932530938722,0.0000,1.0000,0.1000,7.711
2026-04-26 18:45:33.658,13,0.027746977459651993,0.06743195761303777,-0.058688252747035624,-0.04010994687884445,-0.13776507230495183,0.0000,1.0000,0.3000,5.219
2026-04-26 18:45:33.682,14,0.028993743678443182,0.0721945471828135,-0.06274434627724433,-0.04344595998356205,-0.14747391014083486,0.0000,1.0000,0.0000,8.242
2026-04-26 18:45:33.705,15,0.0301761446099334,0.07689135640604176,-0.06671764362065262,-0.046673877081516345,-0.15700667287983358,0.0000,1.0000,0.0500,6.364
2026-04-26 18:45:33.763,16,0.031297792153740414,0.0815054767450111,-0.07058430813590347,-0.04978990055176494,-0.16636776592860675,0.0000,1.0000,0.5500,11.171
2026-04-26 18:45:33.790,17,0.03234546232976645,0.08604160076773937,-0.07434169414694149,-0.05277858787488303,-0.17555034081189907,0.0000,1.0000,0.2500,8.057
2026-04-26 18:45:33.813,18,0.03335541570119813,0.09049729348394306,-0.07800946736390248,-0.05568691449579057,-0.18458050923730604,0.0000,1.0000,0.2000,10.838
2026-04-26 18:45:33.842,19,0.03436152903248327,0.09488649441929761,-0.0816302789043999,-0.05856686703623139,-0.19348276464328185,0.0000,1.0000,0.0000,6.168
2026-04-26 18:45:33.873,20,0.035313639406438516,0.09920209797602314,-0.08515919838665138,-0.06134785892978541,-0.20222554537992762,0.0000,1.0000,0.3000,5.944
2026-04-26 18:45:33.898,21,0.03623842192640202,0.10344908155749388,-0.08862065772822497,-0.06406779805280761,-0.21082848693993544,0.0000,1.0000,-0.0500,6.779
2026-04-26 18:45:33.924,22,0.0371118739507796,0.10762415719538702,-0.09199291788970065,-0.06669289148367476,-0.21927741187135216,0.0000,1.0000,0.2500,10.458
2026-04-26 18:45:33.945,23,0.0379601090106791,0.11172870722179788,-0.09529466814397511,-0.0692585051958054,-0.22759152613938935,0.0000,0.9000,0.0500,10.100
2026-04-26 18:45:33.974,24,0.038776683717493925,0.115763395387388,-0.0985218271773411,-0.07175623879412688,-0.23576830414194852,0.0000,1.0000,0.2500,8.028
2026-04-26 18:45:33.995,25,0.03956270263647443,0.11974146481146827,-0.1016942264185129,-0.07419404762265107,-0.24381022569631455,0.0000,1.0000,-0.1000,6.728
2026-04-26 18:45:34.016,26,0.04029701415374868,0.12365911236723669,-0.10479130201869344,-0.07654169108137668,-0.2517049070154174,0.0000,1.0000,0.3500,6.825
2026-04-26 18:45:34.035,27,0.040987243703764525,0.12750683115264858,-0.10780313053634175,-0.07880444813371235,-0.2594591232517342,0.0000,1.0000,0.4000,7.624
2026-04-26 18:45:34.055,28,0.04165964783437076,0.13129732746320755,-0.11076554026917815,-0.08102354784884795,-0.2670920449270667,0.0000,1.0000,-0.0500,4.129
2026-04-26 18:45:34.078,29,0.042310772883842926,0.13503377695721458,-0.11368026778539835,-0.0831958423567431,-0.27460301076448584,0.0000,1.0000,0.1000,4.634
2026-04-26 18:45:34.099,30,0.04292477476951682,0.1387120044535855,-0.11652977398066544,-0.08529798976866523,-0.2819830745889729,0.0000,0.9500,0.1000,8.076
2026-04-26 18:45:34.119,31,0.043509288384359725,0.14232999227259704,-0.1193154193572689,-0.0873390341802238,-0.28923891862772877,0.0000,1.0000,0.2500,8.420
2026-04-26 18:45:34.146,32,0.04408094539778115,0.14589655241555732,-0.12206081733360825,-0.08934543213329416,-0.2963831990744374,0.0000,1.0000,0.1000,7.014
2026-04-26 18:45:34.161,33,0.04463685358860333,0.14941361601340844,-0.12476625448092343,-0.09131416975572218,-0.30341553266951343,0.0000,0.9500,-0.0500,7.361
2026-04-26 18:45:34.176,34,0.045174903034539936,0.1528807560957048,-0.12742901198063292,-0.0932420990369893,-0.31033603451264785,0.0000,0.9000,0.1500,5.640
2026-04-26 18:45:34.193,35,0.0457032067308501,0.15629499558828616,-0.13004937121316765,-0.09513842929088061,-0.317151612156177,0.0000,1.0000,0.2500,8.855
2026-04-26 18:45:34.208,36,0.04620696899915066,0.1596558024997431,-0.13261601865906752,-0.0969830492665091,-0.3238538782200099,0.0000,0.9500,0.0000,5.855
2026-04-26 18:45:34.224,37,0.046690386094713765,0.16296485126149113,-0.1351336214984147,-0.09878227526786737,-0.33044708446707666,0.0000,1.0000,0.0000,6.475
2026-04-26 18:45:34.242,38,0.047168032434785366,0.16621493162579457,-0.13760044829677204,-0.100551820547452,-0.3369423796210654,0.0000,1.0000,0.5500,8.757
2026-04-26 18:45:34.257,39,0.04763944428988875,0.16941101837650516,-0.14002302922105017,-0.10229344172395585,-0.3433408654878328,0.0000,1.0000,0.0500,9.067
2026-04-26 18:45:34.271,40,0.048093777356716425,0.1725552204092313,-0.14239668456607898,-0.10399362339385139,-0.34963670232629934,0.0000,0.8000,-0.1500,6.515
2026-04-26 18:45:34.286,41,0.048540782015419885,0.17564879918609094,-0.1447292024681211,-0.10566588767651496,-0.355837759337441,0.0000,1.0000,0.0500,5.410
2026-04-26 18:45:34.303,42,0.04897875172493688,0.17868884121612247,-0.14701447975099913,-0.10730639495660974,-0.3619442472405449,0.0000,1.0000,0.3000,8.099
2026-04-26 18:45:34.319,43,0.049407283135424446,0.1816838418697453,-0.14926440425343884,-0.1089187492500084,-0.3679572253228445,0.0000,1.0000,0.1500,5.987
2026-04-26 18:45:34.338,44,0.049828674521110825,0.18462584981976712,-0.15146800364521776,-0.11050193497724926,-0.3738795340314803,0.0000,1.0000,0.2000,10.989
2026-04-26 18:45:34.353,45,0.05024247878614581,0.18751538675812482,-0.15362519354092188,-0.11205551413921981,-0.3797121639429092,0.0000,1.0000,0.5000,6.466
2026-04-26 18:45:34.368,46,0.050653015560112515,0.19035965502522936,-0.15574909687769528,-0.11358874623571491,-0.3854592641209381,0.0000,1.0000,0.0000,8.910
2026-04-26 18:45:34.383,47,0.05105843609127409,0.19316424377051997,-0.1578463129569089,-0.11510186118026472,-0.39112085233549954,0.0000,0.7000,-0.1500,6.638
2026-04-26 18:45:34.395,48,0.051460753956621946,0.19592192094477948,-0.15990679244659253,-0.11659382955359202,-0.39669950248827834,0.0000,1.0000,0.2000,7.818
2026-04-26 18:45:34.408,49,0.05185153145945261,0.19863630944077496,-0.16192980906659774,-0.11805511584827838,-0.4021908024924075,0.0000,1.0000,0.2000,8.320
2026-04-26 18:45:34.423,50,0.05222881883300782,0.20131346363620223,-0.16392261708312178,-0.119486052323003,-0.4075946473519861,0.0000,0.9500,0.1500,6.360
2026-04-26 18:45:34.436,51,0.05260247978088466,0.20394925175855144,-0.16588507509579464,-0.12089763088376669,-0.4129187897952876,0.0000,1.0000,-0.0500,8.979
2026-04-26 18:45:34.450,52,0.052970438182663324,0.20654218063071794,-0.16781304750783618,-0.12228624437610515,-0.4181630050140196,0.0000,1.0000,0.2500,10.694
2026-04-26 18:45:34.470,53,0.05333754938838665,0.20910067814372454,-0.16972190898122855,-0.12366248952631495,-0.42333167179111814,0.0000,1.0000,-0.1500,8.013
2026-04-26 18:45:34.482,54,0.0536804394244178,0.2116206517655216,-0.17158944155534417,-0.12499306511620596,-0.428410332232156,0.0000,0.9500,0.2000,5.193
2026-04-26 18:45:34.497,55,0.05400625697269308,0.2141018859240733,-0.17341959859432685,-0.1262873066265022,-0.4334048600084347,0.0000,1.0000,0.3000,5.733
2026-04-26 18:45:34.510,56,0.05432147247005076,0.21654020519910513,-0.17520994886255004,-0.12755166661164857,-0.4383206600096069,0.0000,1.0000,0.1500,6.497
2026-04-26 18:45:34.526,57,0.05463257194624725,0.2189366392540582,-0.1769658863711861,-0.12879522226327333,-0.44316313115162764,0.0000,1.0000,0.1000,8.473
2026-04-26 18:45:34.541,58,0.05493329534781999,0.22129437087914572,-0.1786875445503102,-0.130011133843962,-0.4479291588381975,0.0000,1.0000,0.1000,5.898
2026-04-26 18:45:34.554,59,0.055223361207646926,0.22361530626103213,-0.1803771346596954,-0.13119989602889837,-0.452619598315654,0.0000,1.0000,0.1000,5.761
2026-04-26 18:45:34.568,60,0.05550341735787962,0.22589898611488807,-0.18203394619035537,-0.13236206107014714,-0.45723590871981745,0.0000,1.0000,0.0000,8.608
2026-04-26 18:45:34.581,61,0.05576595898054444,0.22814383180418146,-0.18365016130771378,-0.13348675257198064,-0.46177409867770886,0.0000,1.0000,0.1500,8.444
2026-04-26 18:45:34.596,62,0.05600953150335971,0.23035317244265074,-0.18522936399974502,-0.13457361621786484,-0.4662341951358922,0.0000,1.0000,0.2500,4.558
2026-04-26 18:45:34.613,63,0.0562492373324592,0.2325254140823323,-0.1867787982469974,-0.1356419133232907,-0.47062724807662043,0.0000,1.0000,0.1500,8.132
2026-04-26 18:45:34.630,64,0.05648239666988366,0.23466365975915543,-0.18830090520365386,-0.13668954526401886,-0.47495243795374537,0.0000,1.0000,0.1500,11.247
2026-04-26 18:45:34.648,65,0.0567017395614319,0.23676681131645272,-0.18978877053385698,-0.13770619376736287,-0.4792058706121702,0.0000,1.0000,0.1000,5.133
2026-04-26 18:45:34.666,66,0.05691087086090489,0.23883112679532306,-0.19123877037737114,-0.13869471954235363,-0.48339088748158393,0.0000,1.0000,0.4000,8.585
2026-04-26 18:45:34.683,67,0.05711896406934977,0.24086242938021526,-0.19266534723284925,-0.13967019185444063,-0.4875145283502658,0.0000,1.0000,0.1000,7.825
2026-04-26 18:45:34.700,68,0.057324130385214535,0.24286197651826627,-0.19406872624375787,-0.14063064846854115,-0.49157644427628183,0.0000,1.0000,0.0500,7.187
2026-04-26 18:45:34.715,69,0.057527691871219026,0.24483261844760712,-0.1954536683436289,-0.14157920578578073,-0.49557841323999274,0.0000,1.0000,-0.1500,7.689
2026-04-26 18:45:34.732,70,0.05772235475715128,0.24676922579965788,-0.1968072271042888,-0.1425035036987105,-0.4995164558840599,0.0000,1.0000,0.3000,10.368
2026-04-26 18:45:34.744,71,0.057910556810346535,0.24867641225384737,-0.19813756420920267,-0.1434090300632254,-0.5033930672955007,0.0000,1.0000,0.0000,7.811
2026-04-26 18:45:34.758,72,0.05809339067347181,0.2505558114619487,-0.19944748031078183,-0.14429799026193882,-0.5072098327629219,0.0000,0.8500,-0.1000,7.765
2026-04-26 18:45:34.773,73,0.058267581808601344,0.2524041918553744,-0.20072957245097353,-0.14516433518432934,-0.5109654132682991,0.0000,1.0000,0.3500,6.884
2026-04-26 18:45:34.787,74,0.05843743141989718,0.25422071048346817,-0.2019850766820454,-0.1460133120274264,-0.5146635076282245,0.0000,1.0000,0.3000,8.558
2026-04-26 18:45:34.802,75,0.05860199938887582,0.25600819937645464,-0.20321725281735717,-0.14684501804250372,-0.518304307973986,0.0000,1.0000,0.0500,6.941
2026-04-26 18:45:34.813,76,0.058764756887746315,0.2577673063103463,-0.20442903057170692,-0.14766434105374024,-0.5218909350141786,0.0000,1.0000,0.1000,7.028
2026-04-26 18:45:34.828,77,0.05892270069449128,0.2594949819209115,-0.20561348302766938,-0.1484656887539592,-0.5254221810956734,0.0000,1.0000,0.5000,3.915
2026-04-26 18:45:34.842,78,0.05907586305786922,0.26119362969313364,-0.2067738914496716,-0.14925024350489483,-0.5288988502951019,0.0000,1.0000,0.4500,5.423
2026-04-26 18:45:34.856,79,0.05922718030939808,0.26286273982620445,-0.20791110841055954,-0.15002160407141785,-0.5323236710056066,0.0000,1.0000,0.2000,7.102
2026-04-26 18:45:34.872,80,0.059373586997210216,0.2645015898540065,-0.2090216714004959,-0.15077526142954828,-0.5356953588688246,0.0000,1.0000,0.4000,7.318
2026-04-26 18:45:34.888,81,0.05952226589162791,0.2661106796172484,-0.21011078854565027,-0.1515209829127988,-0.5390194502853761,0.0000,1.0000,0.2500,8.755
2026-04-26 18:45:34.905,82,0.059669909035873304,0.26769158515713115,-0.21117829340709096,-0.152255087213004,-0.5422944766195087,0.0000,1.0000,0.0500,6.520
2026-04-26 18:45:34.922,83,0.059813191352572334,0.2692436332408807,-0.21222063909913577,-0.15297274643834502,-0.5455189467717075,0.0000,1.0000,0.2500,9.329
2026-04-26 18:45:34.937,84,0.05995067031115474,0.2707728774527538,-0.21324562879762554,-0.15367500703550765,-0.5486926137893793,0.0000,1.0000,-0.0500,5.579
2026-04-26 18:45:34.963,85,0.06008768567869238,0.27227903341016924,-0.2142560849926079,-0.1543687903858517,-0.5518197415306753,0.0000,1.0000,-0.0500,7.511
2026-04-26 18:45:35.011,86,0.060220997165886324,0.27375927281150036,-0.21524529891969382,-0.15504830667780486,-0.5548988632559647,0.0000,1.0000,0.3500,6.925
2026-04-26 18:45:35.026,87,0.060345603438015205,0.27521641470526303,-0.2162138634012126,-0.15570824254342827,-0.5579273277935367,0.0000,1.0000,0.3000,5.712
2026-04-26 18:45:35.040,88,0.060467353709872974,0.2766466488527061,-0.2171596655511795,-0.15635443818719186,-0.5609097074255857,0.0000,1.0000,0.4000,5.374
2026-04-26 18:45:35.054,89,0.06058768243630148,0.27805696894007503,-0.2180938596528688,-0.1569922502338992,-0.5638476211689196,0.0000,0.8500,-0.1000,8.035
2026-04-26 18:45:35.071,90,0.060704998010741924,0.2794418364691217,-0.2190067887267874,-0.15761673525994457,-0.5667406607253758,0.0000,1.0000,0.3500,7.404
2026-04-26 18:45:35.086,91,0.06081778070825743,0.28080701451123624,-0.2199058003913971,-0.15822869724918995,-0.5695884559262796,0.0000,0.9500,0.0500,8.510
2026-04-26 18:45:35.102,92,0.060930340286533886,0.28214654114597026,-0.2207845453567302,-0.15883085110185383,-0.5723945132799856,0.0000,1.0000,0.3000,10.200
2026-04-26 18:45:35.118,93,0.06104261983821211,0.28346488551777965,-0.22164941401386185,-0.15942530578779382,-0.5751594186847699,0.0000,1.0000,0.0000,9.022
2026-04-26 18:45:35.134,94,0.06115365796757391,0.284764800631851,-0.2225036236835343,-0.16001210696864257,-0.5778831456891217,0.0000,1.0000,-0.0500,7.964
2026-04-26 18:45:35.151,95,0.06126130849350496,0.2860419921866857,-0.22333903493837975,-0.16058619767352872,-0.5805648687674146,0.0000,1.0000,0.2500,7.968
2026-04-26 18:45:35.163,96,0.06137121743337729,0.28729850349837466,-0.22416221358422123,-0.16115608006203697,-0.5832089481140867,0.0000,1.0000,0.1000,7.763
2026-04-26 18:45:35.174,97,0.061479296528805794,0.28853341747726263,-0.2249687992487894,-0.16171579776936043,-0.5858132454636615,0.0000,1.0000,0.1500,6.049
2026-04-26 18:45:35.187,98,0.061585465552175304,0.2897514379001427,-0.2257655387684838,-0.16226754960707498,-0.5883782857625743,0.0000,1.0000,-0.0500,5.450
2026-04-26 18:45:35.202,99,0.06168777814359351,0.29094832303764595,-0.2265445204624319,-0.162806574148906,-0.5909033411926029,0.0000,1.0000,0.2500,8.996
2026-04-26 18:45:35.222,100,0.061788723402327314,0.2921265798298062,-0.22731091639934134,-0.16333739893005184,-0.5933906323619723,0.0000,0.9000,0.1000,6.006
2026-04-26 18:45:35.239,101,0.06188709808406734,0.2932871140951576,-0.2280650391193989,-0.1638588284712002,-0.5958399098983926,0.0000,1.0000,0.0500,4.426
2026-04-26 18:45:35.256,102,0.06198343769380029,0.2944312195522114,-0.22880894583932565,-0.16437218023636474,-0.5982520753039128,0.0000,1.0000,-0.2000,7.885
2026-04-26 18:45:35.275,103,0.06207619947104645,0.29555573289341486,-0.22953662633190117,-0.16487377280693347,-0.6006266364027896,0.0000,1.0000,0.2500,5.235
2026-04-26 18:45:35.286,104,0.06216707457165003,0.2966602934618531,-0.2302484338414613,-0.16536563861930823,-0.6029652489185272,0.0000,1.0000,0.3000,7.643
2026-04-26 18:45:35.300,105,0.06225437538230993,0.2977463804616918,-0.23094523238931225,-0.16584622564654805,-0.6052673081375723,0.0000,1.0000,0.2000,8.662
2026-04-26 18:45:35.313,106,0.062340009849501145,0.298818909525999,-0.23163544112560538,-0.16632049477803396,-0.6075345985807926,0.0000,0.9000,-0.1500,4.759
2026-04-26 18:45:35.324,107,0.062421976146012303,0.2998739028997532,-0.2323115359965234,-0.16678374779035712,-0.6097662905649165,0.0000,0.9000,0.0500,7.239
2026-04-26 18:45:35.336,108,0.06250399189328695,0.30091341442792763,-0.23297885665705825,-0.16724192879529026,-0.6119653597994194,0.0000,1.0000,0.0000,7.110
2026-04-26 18:45:35.346,109,0.06258451030013652,0.3019361579318153,-0.23363422641116144,-0.16769229327051266,-0.6141312649259273,0.0000,1.0000,0.2000,10.398
2026-04-26 18:45:35.359,110,0.06266449649997627,0.30294230338637945,-0.23427833065320067,-0.16813617458901473,-0.6162651318549329,0.0000,1.0000,0.2000,7.634
2026-04-26 18:45:35.376,111,0.06274311925730179,0.3039351108598873,-0.2349152955330747,-0.16857405658876481,-0.6183668816803257,0.0000,1.0000,0.0000,6.576
2026-04-26 18:45:35.391,112,0.06281938657440594,0.3049090248030522,-0.23553591974648255,-0.1690018015175832,-0.62043632119243,0.0000,1.0000,0.4500,7.988
2026-04-26 18:45:35.408,113,0.06289371283151887,0.30586726788637175,-0.23614511000381933,-0.16942153646347413,-0.6224741877450295,0.0000,1.0000,0.2000,10.012
2026-04-26 18:45:35.421,114,0.06296601882477806,0.3068083037237434,-0.23674030842775082,-0.1698323514253316,-0.624480882719342,0.0000,1.0000,0.2000,10.754
2026-04-26 18:45:35.436,115,0.06303613070985155,0.30773145650332356,-0.2373201879161191,-0.17023364104492997,-0.626456737590182,0.0000,1.0000,0.4500,6.447
2026-04-26 18:45:35.452,116,0.06310605819861417,0.30863807865492104,-0.23788792239570528,-0.17062872602804355,-0.6284035328259362,0.0000,1.0000,0.1000,9.547
2026-04-26 18:45:35.467,117,0.06317864187539624,0.3095335904182428,-0.2384533443409956,-0.17102406934221073,-0.6303235962000546,0.0000,1.0000,-0.2000,5.296
2026-04-26 18:45:35.482,118,0.0632491794641111,0.3104161343879597,-0.23901034405943028,-0.17141243850420057,-0.6322142204016177,0.0000,0.7000,0.0000,8.574
2026-04-26 18:45:35.494,119,0.06331957678716764,0.3112801803770114,-0.2395517109158576,-0.1717935759490974,-0.6340770971056056,0.0000,1.0000,0.4000,9.622
2026-04-26 18:45:35.512,120,0.06338769459050439,0.31213018704578666,-0.24008252361719495,-0.17216682560393518,-0.635911214952451,0.0000,0.9000,0.1500,9.556
2026-04-26 18:45:35.525,121,0.06345367337711941,0.3129680190753677,-0.24060549248615384,-0.17253327457814016,-0.6377170761984793,0.0000,0.6500,0.1500,6.612
2026-04-26 18:45:35.534,122,0.063520427712267,0.31379295927555384,-0.24112130711887275,-0.1728964182836989,-0.6394970263460383,0.0000,1.0000,0.1000,9.560
2026-04-26 18:45:35.545,123,0.06358599531335238,0.3146029307644918,-0.24162536900704287,-0.17325257030417157,-0.641250153628694,0.0000,1.0000,0.3500,8.371
2026-04-26 18:45:35.556,124,0.0636517424329499,0.31539733680167276,-0.24211752150277488,-0.17360322281466356,-0.6429777593571288,0.0000,1.0000,0.3000,9.020
2026-04-26 18:45:35.568,125,0.06371679869646442,0.3161786545236513,-0.2426007302745779,-0.17394842322612378,-0.644679647900111,0.0000,1.0000,0.2000,10.390
2026-04-26 18:45:35.578,126,0.06378328206890896,0.3169459208708505,-0.24307479546996788,-0.17429048376411424,-0.646357610083537,0.0000,1.0000,0.3000,9.400
2026-04-26 18:45:35.587,127,0.06385007627123232,0.3177027197661609,-0.24354418405604938,-0.17462967827298176,-0.6480112748878553,0.0000,0.9500,0.0000,8.092
2026-04-26 18:45:35.597,128,0.06391710091090425,0.3184457720601254,-0.24400376145338767,-0.17496423068910272,-0.649640956287031,0.0000,1.0000,0.2500,5.299
2026-04-26 18:45:35.605,129,0.06398062501075613,0.31917768080760167,-0.244454785099831,-0.17529043904430916,-0.6512445290184025,0.0000,0.9000,0.0000,7.419
2026-04-26 18:45:35.616,130,0.06404159564185335,0.319898874710826,-0.24489837200051343,-0.17560975202465845,-0.6528229810872987,0.0000,0.8000,0.1000,7.683
2026-04-26 18:45:35.626,131,0.06409909729121173,0.32061106943476647,-0.24533633024340082,-0.17592177877857157,-0.65437605342698,0.0000,1.0000,0.1000,7.870
2026-04-26 18:45:35.633,132,0.06415636175986952,0.3213128121225695,-0.24576848233575396,-0.1762300743655899,-0.6559062465775927,0.0000,1.0000,0.0000,10.164
2026-04-26 18:45:35.643,133,0.06421296646067062,0.3220035412523962,-0.24619355381968167,-0.1765337674088709,-0.6574136196303949,0.0000,1.0000,0.1000,8.197
2026-04-26 18:45:35.651,134,0.06427083623396902,0.3226828828981428,-0.24661211883932416,-0.17683521064028201,-0.6588997915160779,0.0000,1.0000,0.0000,8.405
2026-04-26 18:45:35.661,135,0.0643299988422063,0.32335152402988226,-0.24702508038738294,-0.17713475820394603,-0.6603651114111679,0.0000,1.0000,-0.1000,8.172
2026-04-26 18:45:35.671,136,0.06438921812391396,0.32400767094414257,-0.2474287800198622,-0.17742983907069546,-0.6618090809162276,0.0000,1.0000,0.5000,8.385
2026-04-26 18:45:35.678,137,0.06444757303124456,0.324651563008579,-0.24782282113192164,-0.17771931928785337,-0.6632314068219437,0.0000,1.0000,0.0500,7.588
2026-04-26 18:45:35.725,138,0.06450337496930872,0.3252861227931047,-0.24821032234844628,-0.17800238349140654,-0.6646312794086364,0.0000,0.9000,0.1000,8.451
2026-04-26 18:45:35.735,139,0.06455890977710714,0.3259104589954196,-0.2485913332010955,-0.17828160900425857,-0.6660105338390656,0.0000,1.0000,-0.1000,6.831
2026-04-26 18:45:35.745,140,0.06461605145561186,0.32652426358605063,-0.2489665056331968,-0.1785593160405243,-0.6673707260482539,0.0000,1.0000,-0.0500,9.713
2026-04-26 18:45:35.756,141,0.06467430191845275,0.3271282209367401,-0.24933640082853592,-0.17883515859838997,-0.6687118259806468,0.0000,1.0000,0.2000,8.915
2026-04-26 18:45:35.766,142,0.06472797494110492,0.3277241515762246,-0.24969982744736394,-0.17910244159808722,-0.6700303402918898,0.0000,0.9000,0.1500,7.499
2026-04-26 18:45:35.782,143,0.06477990844754679,0.32831191089974987,-0.25005833118511206,-0.17936485328011148,-0.6713284539412171,0.0000,1.0000,0.0000,7.058
2026-04-26 18:45:35.791,144,0.06483175305195178,0.32888874014998093,-0.2504087469086718,-0.1796231920792644,-0.6726075559528443,0.0000,1.0000,0.1500,10.664
2026-04-26 18:45:35.803,145,0.06488388271254061,0.32945297321319916,-0.25074869925748905,-0.1798771008893002,-0.673868179917797,0.0000,1.0000,0.3500,8.837
2026-04-26 18:45:35.815,146,0.06493780455624305,0.33000743135673893,-0.25108330127082706,-0.18012997752601698,-0.6751116106086238,0.0000,0.8500,-0.2000,9.106
2026-04-26 18:45:35.825,147,0.06498915626852812,0.3305519676103781,-0.2514093025248358,-0.18037591009929343,-0.6763352156365803,0.0000,1.0000,0.4000,6.264
2026-04-26 18:45:35.837,148,0.06504065636688906,0.33108910281980264,-0.25173217670059284,-0.18061976206611263,-0.6775410790302908,0.0000,0.8500,0.0000,9.093
2026-04-26 18:45:35.846,149,0.06509250084541862,0.3316175383990053,-0.2520499884483554,-0.18086112412791466,-0.6787295990608584,0.0000,1.0000,0.1000,7.562
2026-04-26 18:45:35.857,150,0.0651445181455611,0.332136046210829,-0.25236066482855907,-0.181099132460332,-0.6799009249501613,0.0000,1.0000,0.1000,12.842
2026-04-26 18:45:35.869,151,0.06519772001671324,0.3326473290455513,-0.2526688199101815,-0.18133646676181678,-0.6810559908381326,0.0000,1.0000,-0.0500,4.289
2026-04-26 18:45:35.879,152,0.06525049997350381,0.3331490164837656,-0.25296971417706937,-0.1815697794567267,-0.6821939814802548,0.0000,1.0000,0.0500,10.095
2026-04-26 18:45:35.890,153,0.06530194289814258,0.3336435063812743,-0.25326622313105535,-0.18179902923624683,-0.6833145387075452,0.0000,1.0000,0.0000,11.134
2026-04-26 18:45:35.900,154,0.06535116697467437,0.33413034815863807,-0.25355697349038314,-0.18202279527758314,-0.6844173227736013,0.0000,1.0000,0.3000,8.445
2026-04-26 18:45:35.908,155,0.06539925087669615,0.3346108638691068,-0.25384455955839447,-0.18224315735703273,-0.6855032972030919,0.0000,1.0000,-0.0500,9.955
2026-04-26 18:45:35.917,156,0.06544841002348262,0.3350818469996906,-0.25412554223790706,-0.1824614469209033,-0.6865741796850034,0.0000,1.0000,0.1000,13.210
2026-04-26 18:45:35.927,157,0.06549470958854652,0.33554632396753026,-0.2544017332572017,-0.18267391184072876,-0.6876275841333391,0.0000,1.0000,0.1000,6.536
2026-04-26 18:45:35.937,158,0.0655409636682254,0.33600572629376546,-0.2546770528526373,-0.18288500138733468,-0.6886656201870104,0.0000,0.9000,0.0000,9.394
2026-04-26 18:45:35.948,159,0.06558835232275866,0.3364590283110805,-0.25495064766713443,-0.18309575780179427,-0.6896893046239096,0.0000,0.8000,0.0000,8.534
2026-04-26 18:45:35.957,160,0.06563722156933295,0.33690539147168846,-0.25522139051764914,-0.18330620510262532,-0.6906990947421614,0.0000,1.0000,0.0000,6.021
2026-04-26 18:45:35.968,161,0.0656855049400726,0.33734338464989994,-0.255485658531501,-0.18351285464360217,-0.6916938361172154,0.0000,1.0000,0.2000,7.484
2026-04-26 18:45:35.978,162,0.06573272836952776,0.337776283836557,-0.2557479525905077,-0.1837166948068926,-0.692673432577828,0.0000,0.6000,-0.1500,6.008
2026-04-26 18:45:35.988,163,0.06577871367906343,0.33820032623709306,-0.25600241411216246,-0.18391558936060287,-0.6936379819125463,0.0000,1.0000,0.3500,9.857
2026-04-26 18:45:35.999,164,0.0658252525994277,0.33861964362103675,-0.256256341067097,-0.1841139761596775,-0.6945888919342249,0.0000,0.7500,-0.0500,8.242
2026-04-26 18:45:36.008,165,0.06587256677729339,0.3390316028650698,-0.2565058387765181,-0.1843108174222661,-0.6955265205331163,0.0000,1.0000,0.1000,9.341
2026-04-26 18:45:36.019,166,0.06591992991667582,0.33943494256392176,-0.25674843956830695,-0.18450449755323522,-0.696450590485814,0.0000,1.0000,0.4500,10.063
2026-04-26 18:45:36.026,167,0.06596859516196417,0.33982957943776454,-0.2569847639559271,-0.18469662952147217,-0.6973621410912192,0.0000,1.0000,0.2500,8.950
2026-04-26 18:45:36.035,168,0.06601752032282843,0.3402158270872469,-0.2572144989003573,-0.18488596453356615,-0.6982606783670467,0.0000,1.0000,0.1000,8.775
2026-04-26 18:45:36.043,169,0.06606511361563348,0.34059691521283325,-0.25744134044645955,-0.18507197929504018,-0.699145338923306,0.0000,0.9000,-0.1500,5.428
2026-04-26 18:45:36.051,170,0.06611363507932592,0.3409729586174246,-0.25766688148422306,-0.18525772906257576,-0.700017824284741,0.0000,1.0000,0.1000,9.494
2026-04-26 18:45:36.060,171,0.06616291827163075,0.34134338741402526,-0.25789007150474924,-0.18544269167256108,-0.7008782153994664,0.0000,1.0000,0.1000,10.542
2026-04-26 18:45:36.068,172,0.06621291561286508,0.34170827197466286,-0.25811090090015587,-0.18562682380380838,-0.7017266695786802,0.0000,1.0000,0.1000,8.285
2026-04-26 18:45:36.078,173,0.06626076786297935,0.3420706863479202,-0.25833199238884097,-0.18580783531893288,-0.7025614668578716,0.0000,1.0000,-0.0500,6.473
2026-04-26 18:45:36.088,174,0.06630913414704462,0.3424234487164737,-0.2585442650333401,-0.18598566619038165,-0.7033845633896768,0.0000,1.0000,0.3000,9.362
2026-04-26 18:45:36.097,175,0.06635720830014843,0.34277048344962496,-0.2587529881972272,-0.18616118931655443,-0.7041956023823713,0.0000,1.0000,0.2500,8.455
2026-04-26 18:45:36.108,176,0.06640530966377815,0.34311030597034586,-0.258956069358388,-0.18633407401388133,-0.7049949746720571,0.0000,1.0000,0.2500,8.154
2026-04-26 18:45:36.117,177,0.06645391177175335,0.3434439996813558,-0.2591553719374811,-0.18650547939119816,-0.7057831712205974,0.0000,1.0000,0.2000,7.597
2026-04-26 18:45:36.128,178,0.06650174413087313,0.3437720379238267,-0.2593506827387531,-0.18667393436677057,-0.7065595176760858,0.0000,1.0000,0.0500,5.428
2026-04-26 18:45:36.138,179,0.06654933756230912,0.34409369713677773,-0.25954119523265046,-0.18683977136670532,-0.7073245379732106,0.0000,1.0000,0.0000,6.767
2026-04-26 18:45:36.148,180,0.06659628561378053,0.34440868023737925,-0.25972611888391123,-0.18700228656157275,-0.7080781286468831,0.0000,1.0000,0.0500,12.899
2026-04-26 18:45:36.159,181,0.06664371670506991,0.3447184725899132,-0.2599083611851253,-0.18716371404185794,-0.7088212069675106,0.0000,1.0000,-0.1000,6.576
2026-04-26 18:45:36.169,182,0.06669167801560016,0.3450236924957208,-0.2600888093000704,-0.1873244129100333,-0.7095539669037355,0.0000,1.0000,-0.1000,8.137
2026-04-26 18:45:36.224,183,0.06673809303848272,0.3453228792813487,-0.26026381721557595,-0.18748087139373673,-0.7102751841955905,0.0000,1.0000,0.0000,11.233
2026-04-26 18:45:36.232,184,0.06678417930310475,0.3456153435308988,-0.260433092888964,-0.1876343555891482,-0.7109858282061229,0.0000,1.0000,0.2500,10.205
2026-04-26 18:45:36.242,185,0.0668278654672665,0.34590064324745157,-0.26059452386904275,-0.18778187032834687,-0.7116846733521699,0.0000,1.0000,0.2500,9.755
2026-04-26 18:45:36.250,186,0.06687145616780776,0.34617984634828913,-0.260751180923698,-0.18792701022493002,-0.7123734090402541,0.0000,1.0000,0.1000,9.198
2026-04-26 18:45:36.259,187,0.06691472249261407,0.3464547788997978,-0.26090558402482433,-0.18807037108468716,-0.7130520333495326,0.0000,1.0000,0.1500,7.092
2026-04-26 18:45:36.269,188,0.06695742295888883,0.34672381247162304,-0.2610550640165446,-0.1882108048842966,-0.7137205337183989,0.0000,1.0000,0.0500,12.594
2026-04-26 18:45:36.279,189,0.0669995650215188,0.3469901662404513,-0.2612043900948259,-0.18834991949833452,-0.7143790613172984,0.0000,0.9000,-0.1500,8.599
2026-04-26 18:45:36.289,190,0.06704321080394593,0.3472519334426306,-0.2613520132922492,-0.18848949956408576,-0.7150291349027056,0.0000,0.9000,-0.1000,9.732
2026-04-26 18:45:36.300,191,0.06708497669942408,0.34750803881967934,-0.26149400236592263,-0.18862448467001836,-0.7156686405841899,0.0000,1.0000,0.2000,8.698
2026-04-26 18:45:36.310,192,0.06712665993204632,0.34776315571228256,-0.2616385037981904,-0.1887595966482354,-0.7162989162308361,0.0000,0.7500,-0.2000,8.128
2026-04-26 18:45:36.320,193,0.0671674105847024,0.34801461880037565,-0.2617808922446414,-0.18889235864591622,-0.7169195328551314,0.0000,1.0000,0.2500,8.409
2026-04-26 18:45:36.329,194,0.06720721888482585,0.34826267235138864,-0.2619214677497624,-0.1890228689612621,-0.7175306195015672,0.0000,0.8000,0.0500,7.536
2026-04-26 18:45:36.337,195,0.06724604647562599,0.3485047788933189,-0.26205633959036595,-0.18914979707254043,-0.718132284125092,0.0000,0.9500,0.1500,7.740
2026-04-26 18:45:36.346,196,0.06728360752639984,0.3487441399542969,-0.26219006144501594,-0.18927435215251887,-0.7187244676951544,0.0000,1.0000,0.1000,7.497
2026-04-26 18:45:36.354,197,0.06732063862601247,0.3489789254183366,-0.2623203220100444,-0.18939659093525302,-0.7193077908213995,0.0000,1.0000,0.3000,8.758
2026-04-26 18:45:36.362,198,0.06735541633225753,0.34921016320470744,-0.26244745787178614,-0.1895147192858942,-0.7198812321495021,0.0000,1.0000,0.1500,9.684
2026-04-26 18:45:36.369,199,0.06738874253327908,0.34943701002050853,-0.26257068319685384,-0.1896293747232155,-0.7204454519645964,0.0000,1.0000,0.2500,7.821
2026-04-26 18:45:36.377,200,0.06741937618501606,0.34965917749802766,-0.2626886834171319,-0.1897387484692622,-0.7209997467116183,0.0000,0.8500,0.3500,9.339
2026-04-26 18:45:36.386,201,0.06745093179351926,0.3498769536011755,-0.2628042463151546,-0.18984779412673697,-0.7215466480117962,0.0000,1.0000,0.0500,6.554
2026-04-26 18:45:36.396,202,0.06748112441973982,0.3500914454214658,-0.2629174562089714,-0.18995400908115434,-0.7220847526937015,0.0000,1.0000,0.1500,6.516
2026-04-26 18:45:36.404,203,0.06751045850404092,0.3503003641703126,-0.26302516397815473,-0.190056912094151,-0.7226145153703608,0.0000,1.0000,0.2500,7.775
2026-04-26 18:45:36.414,204,0.06753937531612311,0.3505049083807807,-0.2631294101544452,-0.1901576815021072,-0.723136346766234,0.0000,0.9500,0.0000,9.147
2026-04-26 18:45:36.423,205,0.06756770972271321,0.35070674748822966,-0.2632325381260909,-0.19025692269459854,-0.7236502515889618,0.0000,1.0000,0.0500,8.991
2026-04-26 18:45:36.432,206,0.06759567379869064,0.35090310574315237,-0.26333047573628077,-0.19035352155022678,-0.7241564842963395,0.0000,1.0000,0.3500,10.817
2026-04-26 18:45:36.441,207,0.06762300609963406,0.3510953184939515,-0.263425002544272,-0.19044778827267828,-0.7246549819705103,0.0000,1.0000,0.0500,7.835
2026-04-26 18:45:36.448,208,0.067649535583768,0.35128219637966057,-0.26351417205120437,-0.1905388913809852,-0.7251457402913716,0.0000,1.0000,0.3000,8.433
2026-04-26 18:45:36.457,209,0.06767344559387502,0.35146576750853725,-0.2635997676115361,-0.19062541410604095,-0.7256276562162434,0.0000,0.9000,0.2000,7.133
2026-04-26 18:45:36.463,210,0.06769695542220265,0.3516453947001291,-0.26368226599518346,-0.19070998842954132,-0.7261023157144902,0.0000,1.0000,0.0000,10.521
2026-04-26 18:45:36.472,211,0.06771849474535396,0.35182081573515517,-0.26376018070820395,-0.19079038112017468,-0.7265687767484291,0.0000,1.0000,0.2000,7.430
2026-04-26 18:45:36.481,212,0.0677413551548804,0.3519931582514518,-0.2638373520132046,-0.1908715365538097,-0.7270293369843406,0.0000,1.0000,0.1500,8.052
2026-04-26 18:45:36.489,213,0.06776325195088105,0.352162117478248,-0.2639117547160744,-0.19095024797021837,-0.7274825750117914,0.0000,1.0000,0.2000,10.000
2026-04-26 18:45:36.499,214,0.06778572925331158,0.352326156878626,-0.26398206919362344,-0.19102779794086597,-0.727929620441077,0.0000,0.9000,0.4000,8.266
2026-04-26 18:45:36.507,215,0.06780744568507491,0.3524848796342536,-0.26404676239930497,-0.19110219168690717,-0.7283696777148362,0.0000,1.0000,0.3000,8.986
2026-04-26 18:45:36.517,216,0.06783035751687401,0.3526408459046981,-0.26411093583880296,-0.191177309900183,-0.7288041482271638,0.0000,1.0000,0.1500,10.701
2026-04-26 18:45:36.527,217,0.06785187525729029,0.35279340632901,-0.26417184687265743,-0.19124936761234732,-0.7292314014058693,0.0000,1.0000,0.4000,8.571
2026-04-26 18:45:36.535,218,0.06787159171863068,0.3529434938020535,-0.2642305817483353,-0.19131828083575106,-0.7296512601115811,0.0000,1.0000,0.2500,6.213
2026-04-26 18:45:36.544,219,0.0678912894690934,0.35309078325659066,-0.2642878002319571,-0.19138625638898837,-0.7300650056274022,0.0000,1.0000,0.0500,6.477
2026-04-26 18:45:36.551,220,0.06790920413602743,0.35323495448263575,-0.26434180536346563,-0.19145077437589442,-0.7304715532156381,0.0000,1.0000,0.1500,11.303
2026-04-26 18:45:36.561,221,0.06792595741675085,0.35337660073808347,-0.26439386170388707,-0.19151295317028474,-0.7308714074792461,0.0000,0.9000,0.1500,6.607
2026-04-26 18:45:36.571,222,0.0679415507456619,0.3535148686138473,-0.2644426509020229,-0.19157236090303106,-0.7312646581604989,0.0000,0.9500,0.2500,9.208
2026-04-26 18:45:36.578,223,0.06795671865775918,0.3536487900334077,-0.26448717192716625,-0.1916294859449126,-0.7316518824036129,0.0000,1.0000,0.2000,9.222
2026-04-26 18:45:36.587,224,0.06797208055585988,0.3537813873711092,-0.26453233324920744,-0.19168665848712968,-0.7320335792862034,0.0000,0.9000,0.1000,8.547
2026-04-26 18:45:36.595,225,0.06798665258593914,0.353910789005823,-0.2645746340773348,-0.1917416241503525,-0.7324091777558551,0.0000,0.8500,0.1500,8.973
2026-04-26 18:45:36.643,226,0.06799937804445265,0.3540360241471859,-0.26461187686238513,-0.19179248193939247,-0.7327780569210524,0.0000,1.0000,0.3000,8.990
2026-04-26 18:45:36.651,227,0.0680116257604555,0.35415908447754163,-0.26464792533940773,-0.19184204623880952,-0.7331412116583497,0.0000,1.0000,0.1500,8.956
2026-04-26 18:45:36.660,228,0.06802371455843122,0.3542808571104033,-0.26468428693227547,-0.19189117924108318,-0.7334989356063961,0.0000,1.0000,-0.0500,8.526
2026-04-26 18:45:36.668,229,0.06803428717733127,0.3543999967349981,-0.2647180035750186,-0.19193739224279438,-0.7338504037971512,0.0000,1.0000,0.1500,9.554
2026-04-26 18:45:36.677,230,0.06804462235619287,0.3545164165017782,-0.26474976275578194,-0.19198234053341706,-0.734196547397875,0.0000,1.0000,0.3000,6.650
2026-04-26 18:45:36.684,231,0.06805273758992658,0.35463186293394017,-0.26478082838002925,-0.19202424785736227,-0.7345361222329579,0.0000,0.8000,0.2000,9.234
2026-04-26 18:45:36.692,232,0.06806165264627193,0.354748005980382,-0.264815684853468,-0.19206796946165294,-0.7348712178129264,0.0000,1.0000,-0.1000,8.700
2026-04-26 18:45:36.701,233,0.06807019650373619,0.3548602910089372,-0.26484668635616293,-0.19210966067506974,-0.7352011286438381,0.0000,1.0000,0.2000,11.739
2026-04-26 18:45:36.710,234,0.06807887660752326,0.35497011149291857,-0.26487622870205574,-0.19215068892462556,-0.7355262670817426,0.0000,1.0000,0.1000,10.971
2026-04-26 18:45:36.718,235,0.0680886275469088,0.3550785174535092,-0.2649064777800004,-0.19219281952524622,-0.7358473291345154,0.0000,0.8000,-0.0500,8.891
2026-04-26 18:45:36.726,236,0.06809648840972378,0.3551848704791863,-0.26493447031186573,-0.19223177966079888,-0.7361624127148435,0.0000,0.8500,0.1000,8.048
2026-04-26 18:45:36.735,237,0.06810285504265581,0.35528968769246116,-0.2649612146356004,-0.19226835004655543,-0.7364718524968394,0.0000,1.0000,0.1500,10.753
2026-04-26 18:45:36.744,238,0.06810285504265581,0.35539217552708807,-0.2649853120390888,-0.19230177316686736,-0.7367755406073885,0.0000,1.0000,0.1500,4.205
2026-04-26 18:45:36.752,239,0.06810818366442585,0.3554928491719919,-0.26500911440682434,-0.1923355199714826,-0.7370751551298842,0.0000,1.0000,0.0500,8.066
2026-04-26 18:45:36.761,240,0.06811323614712203,0.35559236889619794,-0.2650329632085092,-0.19236867705302008,-0.7373701446280443,0.0000,1.0000,0.0000,7.188
2026-04-26 18:45:36.769,241,0.06811323614712203,0.3556891064857903,-0.26505388175358296,-0.19239941507603922,-0.737660070767272,0.0000,1.0000,0.1000,7.953
2026-04-26 18:45:36.779,242,0.06811323614712203,0.35578454911221913,-0.2650748622654845,-0.1924300532670199,-0.7379457896083946,0.0000,0.7500,0.0500,6.417
2026-04-26 18:45:36.787,243,0.06811323614712203,0.3558774480740065,-0.26509374168705785,-0.19245943918294914,-0.7382271043221184,0.0000,0.7500,0.1000,7.265
2026-04-26 18:45:36.796,244,0.06811323614712203,0.3559693146491645,-0.2651113940534116,-0.19248559383785394,-0.738502713804544,0.0000,0.8500,0.0000,7.118
2026-04-26 18:45:36.806,245,0.06811323614712203,0.3560603337436485,-0.2651297439747066,-0.1925119545589249,-0.7387743557082399,0.0000,0.8000,-0.0500,7.971
2026-04-26 18:45:36.814,246,0.06811323614712203,0.35615034860025857,-0.265148182519907,-0.1925377449932709,-0.73904174528329,0.0000,0.8500,-0.1500,8.672
2026-04-26 18:45:36.825,247,0.06811323614712203,0.35623919318425706,-0.26516635752090956,-0.19256272476346822,-0.7393048671233383,0.0000,1.0000,0.1000,9.042
2026-04-26 18:45:36.834,248,0.06811323614712203,0.3563253440966207,-0.2651819549711711,-0.1925861224928477,-0.7395637787143721,0.0000,1.0000,0.0000,9.833
2026-04-26 18:45:36.844,249,0.06811323614712203,0.35641010764299386,-0.2651973197275712,-0.19260940954783423,-0.7398189505528905,0.0000,0.9000,-0.1500,11.540
2026-04-26 18:45:36.852,250,0.06811323614712203,0.3564930413490027,-0.26521227053019736,-0.19263337630006164,-0.7400709489121562,0.0000,0.7500,0.0500,9.593
2026-04-26 18:45:36.858,251,0.06811323614712203,0.3565735634287363,-0.26522579299917093,-0.19265749445949226,-0.7403197146554474,0.0000,1.0000,0.0000,10.530
2026-04-26 18:45:36.866,252,0.06811323614712203,0.3566529616055095,-0.2652387427570346,-0.19268030127779165,-0.7405642531461606,0.0000,1.0000,0.1000,7.372
2026-04-26 18:45:36.873,253,0.06811323614712203,0.35673092929054256,-0.26525029693856117,-0.19270096213159982,-0.7408042815081768,0.0000,0.9000,0.2000,8.608
2026-04-26 18:45:36.883,254,0.06811323614712203,0.35680763833303464,-0.2652610346261757,-0.19272024952838604,-0.7410401999544717,0.0000,1.0000,0.0000,8.502
2026-04-26 18:45:36.892,255,0.06811323614712203,0.3568812372287218,-0.2652685600901111,-0.1927380440754098,-0.7412724677324587,0.0000,1.0000,0.5500,7.099
2026-04-26 18:45:36.900,256,0.06811323614712203,0.35695210699720836,-0.26527365598355085,-0.19275500118656785,-0.7415013725208871,0.0000,1.0000,0.3000,7.390
2026-04-26 18:45:36.913,257,0.06811323614712203,0.35702138595582467,-0.26527365598355085,-0.19276937513683565,-0.7417258112762133,0.0000,0.9000,-0.1000,9.751
2026-04-26 18:45:36.923,258,0.06811323614712203,0.3570889446771963,-0.26527365598355085,-0.19278334468756636,-0.7419469593182845,0.0000,0.9500,0.0500,8.956
2026-04-26 18:45:36.933,259,0.06811323614712203,0.35715574759091284,-0.26527365598355085,-0.19279418870852355,-0.742163267753177,0.0000,0.8500,0.2500,7.242
2026-04-26 18:45:36.945,260,0.06811323614712203,0.3572215060114553,-0.26527365598355085,-0.19280381503192123,-0.7423758146552906,0.0000,0.8500,0.1500,8.485
2026-04-26 18:45:36.954,261,0.06810744717234983,0.3572838153583015,-0.26527365598355085,-0.1928099531981976,-0.7425841171470843,0.0000,1.0000,0.5000,8.032
2026-04-26 18:45:36.964,262,0.06810232156271187,0.3573456030320201,-0.26527365598355085,-0.19281697448286758,-0.7427896794551762,0.0000,1.0000,-0.1000,9.466
2026-04-26 18:45:36.972,263,0.06810232156271187,0.35740613218495076,-0.26527365598355085,-0.19282395293987617,-0.7429922725008716,0.0000,0.8000,-0.0500,7.963
2026-04-26 18:45:36.982,264,0.06810232156271187,0.35746601380023335,-0.26527365598355085,-0.19283103082133737,-0.743191863601624,0.0000,0.9500,0.1000,6.515
2026-04-26 18:45:36.991,265,0.06810232156271187,0.35752299829554485,-0.2652677485462087,-0.19283752340805202,-0.7433887209965383,0.0000,1.0000,0.2500,10.901
2026-04-26 18:45:37.000,266,0.06810232156271187,0.35757758979204307,-0.26526041396387084,-0.1928447326713133,-0.7435834171210484,0.0000,1.0000,0.0000,9.835
2026-04-26 18:45:37.011,267,0.06810232156271187,0.3576301507615227,-0.26525101677499774,-0.19285051768151268,-0.7437748376602771,0.0000,0.9500,0.0000,5.188
2026-04-26 18:45:37.019,268,0.06810232156271187,0.35768148301143704,-0.2652410592014239,-0.1928559139940493,-0.7439633460064183,0.0000,1.0000,0.2000,9.122
2026-04-26 18:45:37.027,269,0.06810232156271187,0.35773251591745864,-0.26523130927635596,-0.1928559139940493,-0.7441483790524858,0.0000,0.8500,-0.1000,9.868
2026-04-26 18:45:37.036,270,0.06809641835633808,0.3577805497453513,-0.2652176263985704,-0.1928559139940493,-0.7443299077780764,0.0000,1.0000,0.5500,11.181
2026-04-26 18:45:37.044,271,0.06809020942379654,0.35782816294687864,-0.2652043357360223,-0.1928559139940493,-0.7445084507232743,0.0000,0.7500,0.0500,8.585
2026-04-26 18:45:37.053,272,0.06808148448907761,0.3578731087131367,-0.2651865751534325,-0.1928559139940493,-0.7446825761001838,0.0000,1.0000,0.5500,8.025
2026-04-26 18:45:37.063,273,0.06807253262699109,0.35791752218203526,-0.26516905527902424,-0.1928559139940493,-0.7448538510621808,0.0000,0.8500,-0.0500,7.269
2026-04-26 18:45:37.070,274,0.06806427947598483,0.3579600631790648,-0.26515036508674467,-0.1928559139940493,-0.7450229331885139,0.0000,1.0000,-0.0500,11.693
2026-04-26 18:45:37.081,275,0.0680561461457641,0.3580010853649556,-0.265130631552088,-0.1928559139940493,-0.7451894764319655,0.0000,1.0000,0.2000,7.554
2026-04-26 18:45:37.089,276,0.06804868914958281,0.3580407782713818,-0.2651104926564943,-0.1928559139940493,-0.7453538910828228,0.0000,1.0000,-0.0500,10.247
2026-04-26 18:45:37.098,277,0.06803890287109284,0.3580812389265655,-0.265091073133031,-0.1928498701937708,-0.745514212089083,0.0000,0.3500,0.0000,5.633
2026-04-26 18:45:37.108,278,0.06802890438466569,0.35811948035360786,-0.2650692870902062,-0.19284263222185366,-0.7456718889455062,0.0000,1.0000,0.2500,8.976
2026-04-26 18:45:37.115,279,0.06801871958269323,0.35815568650050983,-0.26504541115469393,-0.19283432359969227,-0.7458269764538553,0.0000,1.0000,0.0000,9.495
2026-04-26 18:45:37.125,280,0.0680065507448491,0.35819108495348134,-0.2650200719170231,-0.19282315822879814,-0.7459783131109783,0.0000,1.0000,0.1500,10.510
2026-04-26 18:45:37.132,281,0.06799411775805023,0.3582255714753241,-0.2649942435487344,-0.19281137428593714,-0.7461270819305629,0.0000,1.0000,0.1500,8.367
2026-04-26 18:45:37.142,282,0.06798130483562857,0.3582592998988685,-0.26496806378498095,-0.19279889146141738,-0.7462732415975705,0.0000,1.0000,0.0000,8.630
2026-04-26 18:45:37.151,283,0.06796716487053149,0.3582918318464243,-0.26494022806888945,-0.19278422495576533,-0.7464161960452318,0.0000,1.0000,0.0500,9.248
2026-04-26 18:45:37.158,284,0.06795231033101976,0.3583242286969236,-0.2649127214291804,-0.19276871932358833,-0.7465563883935842,0.0000,0.8500,0.0500,8.804
2026-04-26 18:45:37.169,285,0.06793615273785267,0.3583567605030368,-0.264885541503792,-0.19275172223441564,-0.7466934606088792,0.0000,0.8500,0.0500,6.695
2026-04-26 18:45:37.176,286,0.06791955536736281,0.3583888437497133,-0.26485837364295356,-0.19273409028878102,-0.7468280219801313,0.0000,1.0000,-0.0500,11.754
2026-04-26 18:45:37.186,287,0.06790225918435468,0.3584199217572668,-0.2648301954656762,-0.1927151971296853,-0.7469599330820975,0.0000,1.0000,0.0500,9.752
2026-04-26 18:45:37.195,288,0.06788407955780454,0.35845026666306223,-0.26480127763939953,-0.1926949300537708,-0.7470891035933428,0.0000,1.0000,0.1000,6.187
2026-04-26 18:45:37.204,289,0.06786670018995268,0.3584784318674652,-0.264770558498342,-0.19267480813915897,-0.7472166882564528,0.0000,1.0000,0.1000,12.169
2026-04-26 18:45:37.216,290,0.06784847163366899,0.3585058799830892,-0.26473911830903124,-0.19265336090931037,-0.7473416192303164,0.0000,1.0000,0.1500,7.923
2026-04-26 18:45:37.225,291,0.06782966499496286,0.35853318995848366,-0.2647079924209729,-0.192631236830973,-0.7474641085657275,0.0000,1.0000,0.1500,7.502
2026-04-26 18:45:37.282,292,0.06781029329198135,0.3585598206829232,-0.26467636424334545,-0.1926081802613407,-0.7475841957852036,0.0000,1.0000,0.0500,8.158
2026-04-26 18:45:37.291,293,0.06778956391826434,0.3585842516774397,-0.26464141125394425,-0.19258237174401768,-0.747701382865534,0.0000,0.9000,0.4500,7.538
2026-04-26 18:45:37.299,294,0.06776963057022725,0.35860907245175216,-0.2646084403165041,-0.1925579752569103,-0.747817135529709,0.0000,1.0000,0.1000,8.225
2026-04-26 18:45:37.307,295,0.06775012655171048,0.35863385493028427,-0.2645765518530769,-0.19253428549742635,-0.7479312387901211,0.0000,0.9000,0.1000,8.534
2026-04-26 18:45:37.316,296,0.06773056323439988,0.35865972515232214,-0.26454709636491236,-0.19251121167924778,-0.7480433959289127,0.0000,0.8000,0.0500,6.773
2026-04-26 18:45:37.324,297,0.06771059952476623,0.3586831972963734,-0.2645146051106977,-0.19248655383323687,-0.7481534081492339,0.0000,1.0000,0.5500,8.081
2026-04-26 18:45:37.334,298,0.06769015561010984,0.3587048575627224,-0.2644798917582059,-0.19246049640958912,-0.7482612504124722,0.0000,1.0000,0.4000,9.975
2026-04-26 18:45:37.344,299,0.06766985165027284,0.3587255666797742,-0.2644446486021148,-0.1924342944527778,-0.7483673639058281,0.0000,1.0000,0.0000,6.195
2026-04-26 18:45:37.354,300,0.0676494817402239,0.3587468872841558,-0.2644110702730873,-0.1924084525745488,-0.7484716386903775,0.0000,1.0000,0.0000,10.815
2026-04-26 18:45:37.363,301,0.06762950755625177,0.35876851864675263,-0.26437900158820055,-0.1923834338447018,-0.7485744094714426,0.0000,1.0000,0.0500,5.961
2026-04-26 18:45:37.372,302,0.06761015629054956,0.3587901761136915,-0.2643481553327655,-0.19235939675720679,-0.7486758542277987,0.0000,1.0000,0.0500,8.296
2026-04-26 18:45:37.381,303,0.06759131038104374,0.35881196897051226,-0.26431860554046477,-0.19233623713491496,-0.7487759207042833,0.0000,1.0000,-0.1000,6.878
2026-04-26 18:45:37.390,304,0.06757200022886656,0.35883320752393716,-0.264288659925024,-0.19231231529326714,-0.7488739882294114,0.0000,1.0000,0.1000,9.328
2026-04-26 18:45:37.398,305,0.06755368497069729,0.3588533588916861,-0.2642584807439031,-0.19228930829785712,-0.7489710549028128,0.0000,1.0000,0.1500,7.663
2026-04-26 18:45:37.406,306,0.06753650440507998,0.3588731244696488,-0.26422920228071367,-0.19226775126598245,-0.7490672388852327,0.0000,1.0000,0.0000,9.534
2026-04-26 18:45:37.414,307,0.067519901266759,0.3588935915953582,-0.26420207318747096,-0.1922474428970434,-0.7491621932537911,0.0000,0.7500,0.0000,8.064
2026-04-26 18:45:37.422,308,0.06750230027348311,0.35891286003025624,-0.2641731822367185,-0.19222533077563594,-0.7492548920388012,0.0000,1.0000,0.3000,10.660
2026-04-26 18:45:37.428,309,0.06748593799438722,0.3589316243767741,-0.26414505185696285,-0.1922047424041624,-0.7493468501415568,0.0000,1.0000,0.0500,9.378
2026-04-26 18:45:37.436,310,0.06747072538721093,0.35895097623561345,-0.26411924972433787,-0.19218610299733146,-0.7494380316979264,0.0000,0.9000,-0.2000,6.202
2026-04-26 18:45:37.445,311,0.06745480965810662,0.35896972563928997,-0.2640927454837581,-0.19216634534491533,-0.7495272246569268,0.0000,0.9500,0.2500,8.740
2026-04-26 18:45:37.452,312,0.06743905555128923,0.35898801589297913,-0.26406632053428897,-0.1921466922846198,-0.7496150283124423,0.0000,1.0000,0.0000,8.366
2026-04-26 18:45:37.460,313,0.0674225237691069,0.3590060026332195,-0.2640395722282853,-0.19212596745778407,-0.7497008389218137,0.0000,0.9000,0.2000,7.864
2026-04-26 18:45:37.467,314,0.06740628608898765,0.35902460462002894,-0.2640145834686008,-0.19210605752762763,-0.7497853931222648,0.0000,0.7500,-0.1500,8.939
2026-04-26 18:45:37.476,315,0.06739106312883911,0.3590432949778216,-0.26399103474466895,-0.1920876581531748,-0.7498691931128884,0.0000,1.0000,0.0500,10.735
2026-04-26 18:45:37.487,316,0.06737528096395318,0.35906102775319065,-0.26396629837825125,-0.1920681460902909,-0.7499512110708928,0.0000,0.9500,0.2000,8.923
2026-04-26 18:45:37.495,317,0.06736011712744532,0.3590784799413201,-0.26394216556118605,-0.19204942820508544,-0.750032253156797,0.0000,1.0000,0.2500,7.474
2026-04-26 18:45:37.505,318,0.06734520175962526,0.3590952569360959,-0.2639177886280061,-0.1920308123977458,-0.7501120936188395,0.0000,1.0000,0.0500,7.304
2026-04-26 18:45:37.512,319,0.06733027942545786,0.3591111216034736,-0.26389263254219936,-0.1920118378954585,-0.7501905826760416,0.0000,1.0000,0.2500,11.299
2026-04-26 18:45:37.522,320,0.0673152277238177,0.35912736422205116,-0.26386854221117206,-0.19199298503466378,-0.7502676589290621,0.0000,0.9000,0.1000,8.410
2026-04-26 18:45:37.533,321,0.0673001650634417,0.35914269197676046,-0.26384364857538545,-0.19197376370880556,-0.7503434212154471,0.0000,1.0000,0.2500,7.452
2026-04-26 18:45:37.542,322,0.06728540746555388,0.3591585310248133,-0.26382029290702025,-0.191955306804444,-0.7504180998159246,0.0000,0.7000,0.0000,8.293
2026-04-26 18:45:37.552,323,0.06727121453369242,0.35917268558846976,-0.26379534609370575,-0.19193686104038746,-0.7504918871054336,0.0000,1.0000,0.1500,8.812
2026-04-26 18:45:37.560,324,0.06725628248334423,0.35918581159983975,-0.2637689144568672,-0.1919170144959231,-0.7505639329106235,0.0000,1.0000,0.1500,9.559
2026-04-26 18:45:37.570,325,0.06724142357385814,0.3591985687725607,-0.2637425208119346,-0.19189717855552893,-0.7506347974688069,0.0000,0.9500,0.0000,9.131
2026-04-26 18:45:37.580,326,0.06722617506174755,0.35920967904326573,-0.26371393143086064,-0.19187609573367245,-0.7507041907344396,0.0000,1.0000,0.2500,9.320
2026-04-26 18:45:37.589,327,0.06721093648650388,0.35922083791322745,-0.2636859479099355,-0.1918551450597161,-0.7507723972405447,0.0000,1.0000,0.0500,7.212
2026-04-26 18:45:37.600,328,0.06719640376869242,0.3592301475631874,-0.2636561795722647,-0.191834304099131,-0.7508398988349272,0.0000,1.0000,0.3500,8.490
2026-04-26 18:45:37.608,329,0.06718056586220587,0.3592386630047734,-0.2636248604612607,-0.19181141756521938,-0.7509053724524325,0.0000,1.0000,0.3500,7.742
2026-04-26 18:45:37.619,330,0.06716459113919171,0.3592476590053325,-0.2635946739827338,-0.19178867929444834,-0.750969614375592,0.0000,1.0000,0.1000,7.845
2026-04-26 18:45:37.629,331,0.06714864676850651,0.3592559762986301,-0.26356398513816093,-0.191765731189424,-0.7510327531575599,0.0000,1.0000,0.0000,10.121
2026-04-26 18:45:37.637,332,0.0671323676885339,0.35926516961169697,-0.263534875211778,-0.19174286252909575,-0.7510945622745665,0.0000,0.7000,0.0000,7.386
2026-04-26 18:45:37.646,333,0.06711701047490594,0.3592750893457389,-0.26350795020206075,-0.19172167263253476,-0.7511558960415814,0.0000,0.8000,-0.2000,8.869
2026-04-26 18:45:37.653,334,0.06710213272135607,0.3592857193394913,-0.2634828837189868,-0.1917015622481143,-0.7512164758700068,0.0000,0.6000,-0.1500,8.520
2026-04-26 18:45:37.665,335,0.06708702139605703,0.3592954352359465,-0.26345675677003755,-0.19168076721169477,-0.751275842508971,0.0000,1.0000,0.0500,6.617
2026-04-26 18:45:37.676,336,0.06707195481915226,0.3593053530890359,-0.2634314219869539,-0.19166021538638175,-0.7513341973673604,0.0000,1.0000,-0.2000,9.909
2026-04-26 18:45:37.684,337,0.06705779933289517,0.35931551156464503,-0.26340750803908675,-0.19164107998959864,-0.7513921336308701,0.0000,1.0000,0.0000,9.279
2026-04-26 18:45:37.696,338,0.0670431851839155,0.35932531300298554,-0.2633831984802249,-0.19162123463367808,-0.7514487535204162,0.0000,1.0000,0.3000,8.176
2026-04-26 18:45:37.704,339,0.06702908245084419,0.3593357348487341,-0.2633605995106698,-0.19160246027748612,-0.7515047189140682,0.0000,0.7000,0.0500,7.207
2026-04-26 18:45:37.715,340,0.06701599153678862,0.359345265860174,-0.26333777128440417,-0.1915846673206854,-0.7515603783454953,0.0000,0.9500,-0.0500,10.456
2026-04-26 18:45:37.726,341,0.06700243849817038,0.3593552501196503,-0.26331574080916215,-0.191566561380476,-0.7516147638932685,0.0000,1.0000,0.1000,6.549
2026-04-26 18:45:37.733,342,0.06698851260840727,0.3593655445313313,-0.26329434656737793,-0.19154818879178598,-0.7516679495600092,0.0000,0.7500,-0.0500,9.893
2026-04-26 18:45:37.743,343,0.06697533932697228,0.3593760491160038,-0.2632741826029584,-0.19153099904648524,-0.7517206999217364,0.0000,1.0000,0.1000,10.547
2026-04-26 18:45:37.751,344,0.06696108267614027,0.3593854312554208,-0.26325201980419793,-0.19151187675096326,-0.7517718050489588,0.0000,0.9000,0.2500,10.364
2026-04-26 18:45:37.761,345,0.0669461159878622,0.3593934690252954,-0.2632277680664366,-0.19149120762153715,-0.7518215276744671,0.0000,1.0000,0.3500,9.813
2026-04-26 18:45:37.771,346,0.06693123616573586,0.3594016108586742,-0.2632041252937051,-0.19147077733184867,-0.7518704127044779,0.0000,0.9500,0.0000,6.005
2026-04-26 18:45:37.779,347,0.06691534356590344,0.3594093847558128,-0.2631796444660966,-0.19144888262541843,-0.7519177404756797,0.0000,0.8000,0.2500,7.962
2026-04-26 18:45:37.791,348,0.06690049695793655,0.3594174794696592,-0.2631567253905616,-0.19142861185599117,-0.7519648967322257,0.0000,1.0000,-0.0500,8.745
2026-04-26 18:45:37.800,349,0.06688451094476551,0.3594257881126777,-0.2631337450564304,-0.19140699668394703,-0.7520104375753743,0.0000,1.0000,0.2500,8.326
2026-04-26 18:45:37.810,350,0.06686906305719778,0.3594341753116121,-0.2631116130959233,-0.1913862051128051,-0.7520554941961463,0.0000,0.8500,-0.0500,8.960
2026-04-26 18:45:37.820,351,0.06685290233065752,0.3594420560662867,-0.2630886124555528,-0.1913642756873777,-0.7520992452627492,0.0000,1.0000,0.2000,7.070
2026-04-26 18:45:37.827,352,0.06683677749911797,0.35944967369855035,-0.26306560178088667,-0.19134232739325643,-0.7521422023860882,0.0000,1.0000,0.0500,7.370
2026-04-26 18:45:37.837,353,0.06682056918553177,0.35945589252259325,-0.2630407925477221,-0.19131963224565227,-0.7521842982495639,0.0000,1.0000,0.6000,6.625
2026-04-26 18:45:37.847,354,0.0668045164763951,0.35946210177824706,-0.2630164226771762,-0.19129720268857556,-0.7522257043282513,0.0000,0.9000,-0.1500,9.106
2026-04-26 18:45:37.915,355,0.06678902459525372,0.35946210177824706,-0.2629904711434696,-0.19127481610151342,-0.7522667026739972,0.0000,1.0000,0.0000,11.821
2026-04-26 18:45:37.923,356,0.06677367825660761,0.35946210177824706,-0.2629637686326639,-0.19125228874575362,-0.7523070281540757,0.0000,0.9500,0.0500,7.253
2026-04-26 18:45:37.930,357,0.0667589905802089,0.35946210177824706,-0.2629380853563905,-0.19123078160725104,-0.7523470343967315,0.0000,1.0000,0.0500,7.570
2026-04-26 18:45:37.936,358,0.0667436834533702,0.35946210177824706,-0.26291254372789447,-0.19120858280249714,-0.7523858807020234,0.0000,0.9500,0.0500,6.480
2026-04-26 18:45:37.943,359,0.06672811213909066,0.35946210177824706,-0.2628866699146403,-0.1911859298830378,-0.752423815116507,0.0000,1.0000,0.2500,8.330
2026-04-26 18:45:37.952,360,0.06671307452082924,0.359467692677861,-0.2628635762145688,-0.19116474756636928,-0.752461380598976,0.0000,0.7000,-0.1500,6.000
2026-04-26 18:45:37.960,361,0.06669743698427538,0.359467692677861,-0.2628379890815577,-0.19114201916878576,-0.7524978322774971,0.0000,1.0000,0.3500,7.154
2026-04-26 18:45:37.967,362,0.06668120847383961,0.359467692677861,-0.2628118481088812,-0.19111840188502333,-0.752533186822887,0.0000,1.0000,0.2500,10.666
2026-04-26 18:45:37.975,363,0.0666664916886362,0.359467692677861,-0.2627863695754792,-0.19109663818827413,-0.752568856581813,0.0000,1.0000,0.0500,6.521
2026-04-26 18:45:37.982,364,0.06665120025975242,0.359467692677861,-0.26276068975101374,-0.19107412268455645,-0.7526034610307164,0.0000,1.0000,0.1500,10.310
2026-04-26 18:45:37.990,365,0.0666361253580805,0.359467692677861,-0.2627361865940062,-0.1910521944654011,-0.7526375378500719,0.0000,0.8000,-0.0500,4.653
2026-04-26 18:45:37.998,366,0.06662163251197516,0.359467692677861,-0.2627127442951936,-0.1910312217531924,-0.7526713408051647,0.0000,0.8000,0.0000,5.307
2026-04-26 18:45:38.005,367,0.06660762475911161,0.359467692677861,-0.26268995377183896,-0.19101096112371457,-0.7527048151829646,0.0000,1.0000,0.1500,8.841
2026-04-26 18:45:38.014,368,0.06659369687233103,0.359467692677861,-0.2626668448424199,-0.19099063959325183,-0.7527377006116243,0.0000,1.0000,0.1000,7.076
2026-04-26 18:45:38.022,369,0.06657991537657877,0.359467692677861,-0.2626451275620375,-0.1909709017493629,-0.7527700510740051,0.0000,0.7500,-0.1500,8.857
2026-04-26 18:45:38.030,370,0.06656610947067493,0.359467692677861,-0.26262180365724636,-0.1909505590312743,-0.7528017621910582,0.0000,1.0000,0.3500,11.960
2026-04-26 18:45:38.038,371,0.06655235775331725,0.359467692677861,-0.2625979614927951,-0.19093006219227707,-0.7528328957079939,0.0000,1.0000,0.0000,8.781
2026-04-26 18:45:38.045,372,0.06653867989599395,0.359467692677861,-0.26257463474686815,-0.19090977827263286,-0.7528634739450251,0.0000,1.0000,0.0000,7.821
2026-04-26 18:45:38.053,373,0.06652515265656142,0.359467692677861,-0.26255052629081316,-0.19088936079693425,-0.7528935571418546,0.0000,0.8000,0.0500,8.763
2026-04-26 18:45:38.061,374,0.0665117986188043,0.359467692677861,-0.26252733990351396,-0.19086940338965824,-0.7529231692861209,0.0000,0.9000,-0.1500,8.618
2026-04-26 18:45:38.068,375,0.0664984642448099,0.359467692677861,-0.2625051180331387,-0.19084975019852546,-0.7529522168170208,0.0000,1.0000,0.0500,7.524
2026-04-26 18:45:38.077,376,0.06648377938947604,0.359467692677861,-0.2624834193098988,-0.19082873230389807,-0.7529797949703244,0.0000,0.7500,0.1500,6.563
2026-04-26 18:45:38.084,377,0.06646951480809585,0.359467692677861,-0.26246240532947174,-0.1908083716551489,-0.7530070927854109,0.0000,1.0000,0.0000,9.512
2026-04-26 18:45:38.092,378,0.06645531110073238,0.359467692677861,-0.262439697419004,-0.19078747659765533,-0.7530338790701351,0.0000,1.0000,0.2500,7.653
2026-04-26 18:45:38.100,379,0.06644013310719105,0.359467692677861,-0.2624139712128904,-0.19076445605926948,-0.7530594719993962,0.0000,1.0000,0.5500,10.373
2026-04-26 18:45:38.108,380,0.0664243814279287,0.359467692677861,-0.2623888213398148,-0.19074095391380358,-0.7530841467976356,0.0000,0.9500,0.1000,5.103
2026-04-26 18:45:38.115,381,0.06640779811309529,0.359467692677861,-0.26236307479162035,-0.19071629309193694,-0.7531077395333947,0.0000,0.9000,0.1000,8.305
2026-04-26 18:45:38.122,382,0.06639041820298935,0.359467692677861,-0.2623359519112988,-0.1906902531778427,-0.7531302814814541,0.0000,1.0000,0.2000,8.327
2026-04-26 18:45:38.130,383,0.0663733496227325,0.359467692677861,-0.26230836800691476,-0.19066437083025686,-0.7531525190544243,0.0000,1.0000,0.1500,8.925
2026-04-26 18:45:38.139,384,0.06635686127007377,0.359467692677861,-0.26228149024837194,-0.1906393344013036,-0.753174639196396,0.0000,1.0000,0.1500,11.443
2026-04-26 18:45:38.147,385,0.06634033234569571,0.359467692677861,-0.26225408077918366,-0.1906140420075443,-0.7531962356048988,0.0000,1.0000,0.4500,9.503
2026-04-26 18:45:38.155,386,0.06632326706071502,0.359467692677861,-0.2622266327367869,-0.1905881076563112,-0.7532169852042951,0.0000,0.9000,0.3000,6.985
2026-04-26 18:45:38.163,387,0.06630640498951389,0.359467692677861,-0.26220110938516084,-0.19056300801539686,-0.7532373883827038,0.0000,0.7000,-0.1000,8.196
2026-04-26 18:45:38.171,388,0.06628966474827455,0.359467692677861,-0.2621772601687932,-0.19053856962952848,-0.7532573981126989,0.0000,0.9500,-0.1500,9.087
2026-04-26 18:45:38.181,389,0.06627260959304973,0.359467692677861,-0.2621533176127019,-0.19051371855167606,-0.7532767303516746,0.0000,1.0000,0.2500,12.301
2026-04-26 18:45:38.189,390,0.06625552410564702,0.359467692677861,-0.26213059142443956,-0.19048920802814703,-0.7532955818340615,0.0000,0.4500,-0.1500,7.612
2026-04-26 18:45:38.198,391,0.06623796629201147,0.359467692677861,-0.26210700202496684,-0.19046385422941073,-0.7533136648051834,0.0000,1.0000,0.0500,4.886
2026-04-26 18:45:38.206,392,0.06622013844809292,0.359467692677861,-0.2620838092034835,-0.1904383023194462,-0.7533311209334134,0.0000,0.8500,0.2000,9.245
2026-04-26 18:45:38.215,393,0.06620239841538253,0.359467692677861,-0.2620610812995907,-0.190412973133831,-0.7533481954820862,0.0000,1.0000,0.0500,7.772
2026-04-26 18:45:38.224,394,0.06618389934480307,0.359467692677861,-0.2620368067402236,-0.19038625565203385,-0.7533643304869557,0.0000,0.9000,0.3500,9.762
2026-04-26 18:45:38.233,395,0.06616501111405174,0.359467692677861,-0.26201156520024443,-0.1903587545147622,-0.7533797790359319,0.0000,0.8500,0.2000,9.111
2026-04-26 18:45:38.243,396,0.06614565808958217,0.359467692677861,-0.2619864417859038,-0.190330747820752,-0.7533944971118871,0.0000,0.9000,0.0500,5.262
2026-04-26 18:45:38.251,397,0.06612626292802869,0.359467692677861,-0.26196249768512353,-0.1903030593452104,-0.753408772795069,0.0000,0.6000,-0.1500,9.570
2026-04-26 18:45:38.261,398,0.06610663709386268,0.359467692677861,-0.2619383225655442,-0.19027500991443635,-0.753422486609646,0.0000,1.0000,0.1000,8.620
2026-04-26 18:45:38.270,399,0.06608649972368054,0.359467692677861,-0.26191307283839976,-0.19024600667641692,-0.7534354574346518,0.0000,0.8500,0.3000,8.392
2026-04-26 18:45:38.279,400,0.06606646323533291,0.359467692677861,-0.26188683414893466,-0.19021675905231605,-0.7534480995781371,0.0000,1.0000,0.3500,11.123
2026-04-26 18:45:38.290,401,0.06604673921023937,0.359467692677861,-0.2618581754751821,-0.1901870255276212,-0.7534605600334227,0.0000,1.0000,0.6000,10.437
2026-04-26 18:45:38.299,402,0.06602791563596465,0.359467692677861,-0.26182896891625007,-0.1901580838511931,-0.7534732366421739,0.0000,0.9500,0.0500,11.340
2026-04-26 18:45:38.312,403,0.06600821696653295,0.359467692677861,-0.2617991734253443,-0.19012794790226872,-0.7534849514692799,0.0000,1.0000,0.1500,4.532
2026-04-26 18:45:38.323,404,0.06598915933967284,0.359467692677861,-0.2617694911616067,-0.19009853671587984,-0.7534967209489992,0.0000,0.6500,-0.0500,8.838
2026-04-26 18:45:38.331,405,0.06597021790675651,0.359467692677861,-0.26173785424226115,-0.19006857821136644,-0.7535082007728834,0.0000,1.0000,0.2500,10.128
2026-04-26 18:45:38.341,406,0.06595093124528488,0.359467692677861,-0.2617064981989019,-0.19003830524732052,-0.7535190888327099,0.0000,0.8500,0.0000,7.739
2026-04-26 18:45:38.351,407,0.06593124657943825,0.359467692677861,-0.26167569940146956,-0.1900077516747196,-0.7535293553687743,0.0000,0.8000,-0.0500,8.982
2026-04-26 18:45:38.359,408,0.06591236439039544,0.359467692677861,-0.26164515979674846,-0.18997815237241997,-0.7535398060446752,0.0000,1.0000,0.0500,8.942
2026-04-26 18:45:38.370,409,0.06589296680434928,0.359467692677861,-0.26161463309107763,-0.18994796129482688,-0.7535495675405449,0.0000,1.0000,0.3000,8.881
2026-04-26 18:45:38.379,410,0.0658730686957032,0.35946263994556366,-0.2615831885104634,-0.18991688506223198,-0.7535586549563829,0.0000,1.0000,0.3000,7.489
2026-04-26 18:45:38.392,411,0.06585334742563599,0.35945709767762124,-0.2615512865199136,-0.18988583013241014,-0.7535675249722826,0.0000,1.0000,0.2000,7.449
2026-04-26 18:45:38.405,412,0.06583399860554935,0.35945159884899525,-0.2615198546044543,-0.18985532335375702,-0.7535763130252303,0.0000,1.0000,-0.1500,8.053
2026-04-26 18:45:38.416,413,0.06581518734327034,0.3594460307566522,-0.2614888314321782,-0.18982552807105227,-0.7535851341410547,0.0000,0.8500,-0.1000,9.223
2026-04-26 18:45:38.429,414,0.06579624586562365,0.3594460307566522,-0.2614588272668424,-0.18979590606592694,-0.7535935480172737,0.0000,1.0000,0.1000,7.044
2026-04-26 18:45:38.439,415,0.06577716758713226,0.3594460307566522,-0.2614308892055063,-0.18976679937915242,-0.7536015550700099,0.0000,0.6000,-0.1000,8.557
2026-04-26 18:45:38.453,416,0.06575814796695523,0.3594460307566522,-0.261402981329012,-0.1897377468685834,-0.753609290339713,0.0000,1.0000,0.0500,8.331
2026-04-26 18:45:38.465,417,0.06573890428164132,0.3594460307566522,-0.2613756733781101,-0.1897086246265551,-0.7536165700074109,0.0000,1.0000,-0.0500,8.094
2026-04-26 18:45:38.474,418,0.06572000749144734,0.3594460307566522,-0.2613479635221092,-0.18967973342096997,-0.7536237793066535,0.0000,1.0000,0.2000,6.322
2026-04-26 18:45:38.485,419,0.0657015481287733,0.3594460307566522,-0.2613214256779959,-0.18965169878889226,-0.7536309831168522,0.0000,0.6000,-0.1000,6.910
2026-04-26 18:45:38.551,420,0.06568287269424192,0.3594460307566522,-0.26129605581223025,-0.18962379357730502,-0.7536377502283662,0.0000,0.8000,0.0000,6.936
2026-04-26 18:45:38.561,421,0.06566402553877797,0.3594460307566522,-0.26127171313560227,-0.18959602043266358,-0.7536441145982405,0.0000,0.6500,-0.1500,4.614
2026-04-26 18:45:38.570,422,0.06564517047930454,0.3594460307566522,-0.26124773419650943,-0.18956834051616317,-0.7536501897616724,0.0000,0.8500,0.0500,5.597
2026-04-26 18:45:38.579,423,0.06562610185186994,0.3594460307566522,-0.26122250051770995,-0.18953998610842007,-0.7536558428684174,0.0000,0.9000,0.2000,10.706
2026-04-26 18:45:38.588,424,0.06560740522575932,0.3594460307566522,-0.2611974746481713,-0.1895120956424999,-0.7536614684931694,0.0000,0.9500,-0.0500,9.378
2026-04-26 18:45:38.595,425,0.06558760683460976,0.3594460307566522,-0.2611712437793684,-0.18948256094398766,-0.7536614684931694,0.0000,0.7000,0.1000,8.666
2026-04-26 18:45:38.605,426,0.06556791758813875,0.3594460307566522,-0.26114521448914857,-0.18945319660314933,-0.7536614684931694,0.0000,0.8000,0.0500,8.953
2026-04-26 18:45:38.615,427,0.0655479638947743,0.3594460307566522,-0.2611187074968811,-0.18942336136296714,-0.7536614684931694,0.0000,1.0000,0.1500,8.825
2026-04-26 18:45:38.625,428,0.06552768578991892,0.3594460307566522,-0.2610921305237917,-0.1893931247707175,-0.7536614684931694,0.0000,1.0000,0.2000,7.788
2026-04-26 18:45:38.635,429,0.06550708860831637,0.3594460307566522,-0.2610647406150656,-0.18936224536580729,-0.7536614684931694,0.0000,1.0000,0.3000,6.995
2026-04-26 18:45:38.645,430,0.06548658830532754,0.3594409945997872,-0.26103682164665737,-0.18933128020574377,-0.7536614684931694,0.0000,1.0000,0.1500,9.017
2026-04-26 18:45:38.657,431,0.06546663458288471,0.35943443689409893,-0.26100708521001176,-0.18930029974549467,-0.7536614684931694,0.0000,1.0000,0.3000,9.908
2026-04-26 18:45:38.669,432,0.06544674290728768,0.3594289110419528,-0.26097903687919044,-0.18926993439080658,-0.7536614684931694,0.0000,0.6000,-0.1500,7.797
2026-04-26 18:45:38.681,433,0.06542661470590508,0.3594230444487052,-0.260950417229393,-0.18923909950077097,-0.7536614684931694,0.0000,0.9000,0.3000,7.069
2026-04-26 18:45:38.692,434,0.06540741807786378,0.3594173333197654,-0.2609227478393364,-0.18920960040055115,-0.7536614684931694,0.0000,1.0000,-0.2500,7.670
2026-04-26 18:45:38.702,435,0.06538730208356854,0.3594109145493076,-0.2608934986503362,-0.18917853737837584,-0.7536614684931694,0.0000,1.0000,0.3500,5.375
2026-04-26 18:45:38.714,436,0.06536711498548328,0.3594040958588749,-0.2608636953344036,-0.189147195075828,-0.7536614684931694,0.0000,1.0000,0.3000,10.760
2026-04-26 18:45:38.726,437,0.06534724802948237,0.3593966922194715,-0.2608333197812947,-0.18911600240730556,-0.7536614684931694,0.0000,1.0000,0.2500,9.676
2026-04-26 18:45:38.736,438,0.06532684314591972,0.3593880347997997,-0.2608007953212587,-0.18908348063551222,-0.7536614684931694,0.0000,1.0000,0.2500,9.983
2026-04-26 18:45:38.747,439,0.06530655431512564,0.3593784323004852,-0.2607670196363934,-0.1890506558591804,-0.7536614684931694,0.0000,0.9500,0.1000,10.295
2026-04-26 18:45:38.756,440,0.06528629295813339,0.35936973470226,-0.2607347073097604,-0.18901833474141325,-0.7536614684931694,0.0000,1.0000,0.0000,5.667
2026-04-26 18:45:38.766,441,0.06526604994564836,0.35936172832122465,-0.26070353041395306,-0.18898639804922393,-0.7536614684931694,0.0000,1.0000,-0.2000,8.064
2026-04-26 18:45:38.776,442,0.06524473431341125,0.35935325282298425,-0.26067101984224245,-0.18895281078103804,-0.7536614684931694,0.0000,0.9000,0.2000,7.932
2026-04-26 18:45:38.786,443,0.06522404309350498,0.35934488676572873,-0.26063917351043925,-0.18892012471326028,-0.7536614684931694,0.0000,0.9500,-0.3000,6.335
2026-04-26 18:45:38.799,444,0.0652032858678038,0.3593373001175234,-0.26060853483483787,-0.18888775406347022,-0.7536614684931694,0.0000,1.0000,0.0000,9.475
2026-04-26 18:45:38.809,445,0.0651825042044732,0.3593298106126672,-0.26057810689079963,-0.18885541291722013,-0.7536614684931694,0.0000,1.0000,0.1500,7.958
2026-04-26 18:45:38.820,446,0.0651618352385027,0.35932242054980007,-0.2605479833299863,-0.18882328506775206,-0.7536614684931694,0.0000,0.9500,0.0000,7.577
2026-04-26 18:45:38.830,447,0.06514086290427396,0.35931560480600583,-0.26051859788961484,-0.18879105299976054,-0.7536614684931694,0.0000,0.9000,0.1000,7.323
2026-04-26 18:45:38.839,448,0.06512006504512073,0.3593087824374242,-0.2604893965328072,-0.1887590631690662,-0.7536614684931694,0.0000,1.0000,0.1000,8.362
2026-04-26 18:45:38.849,449,0.0650997477676652,0.3593012923450188,-0.2604595905165299,-0.1887273929745699,-0.7536614684931694,0.0000,1.0000,0.2000,9.958
2026-04-26 18:45:38.858,450,0.06507891559064044,0.35929388642463056,-0.2604296428822893,-0.1886950908649985,-0.7536614684931694,0.0000,0.9000,0.1000,6.726
2026-04-26 18:45:38.868,451,0.0650577774244368,0.35928683959617,-0.260400104152689,-0.18866257265951927,-0.7536614684931694,0.0000,1.0000,0.1500,6.742
2026-04-26 18:45:38.878,452,0.06503637339870458,0.3592795927072534,-0.2603701612383605,-0.18862961210298523,-0.7536614684931694,0.0000,1.0000,-0.2000,8.835
2026-04-26 18:45:38.886,453,0.06501485282363595,0.3592731609756697,-0.2603414354089307,-0.1885969157021689,-0.7536614684931694,0.0000,1.0000,0.1000,6.058
2026-04-26 18:45:38.895,454,0.06499304670804197,0.35926790785534873,-0.2603143581037749,-0.1885644396828075,-0.7536614684931694,0.0000,0.8000,-0.2000,7.223
2026-04-26 18:45:38.902,455,0.06497015739085386,0.35926243559146315,-0.2602862998520903,-0.18853042144244775,-0.7536614684931694,0.0000,0.8000,0.2000,7.571
2026-04-26 18:45:38.912,456,0.06494702078290303,0.35925656337510203,-0.26025754566584985,-0.18849588495011577,-0.7536614684931694,0.0000,0.9000,0.2000,8.317
2026-04-26 18:45:38.920,457,0.06492367314010536,0.359250758061976,-0.2602288189664101,-0.18846111180320876,-0.7536614684931694,0.0000,0.5500,0.0500,8.814
2026-04-26 18:45:38.927,458,0.0648992546791829,0.35924538459591476,-0.26020009296333596,-0.18842513792683366,-0.7536561708898912,0.0000,0.8500,0.0500,6.566
2026-04-26 18:45:38.935,459,0.0648751805496678,0.35924538459591476,-0.26017270596503544,-0.18838998197961726,-0.7536509381203247,0.0000,0.6000,-0.2500,7.333
2026-04-26 18:45:38.944,460,0.0648510633013511,0.3592402290018946,-0.2601447434445567,-0.18835457545062004,-0.7536455143551387,0.0000,1.0000,0.2500,10.194
2026-04-26 18:45:38.951,461,0.0648264007583018,0.3592402290018946,-0.2601172487193938,-0.18831870830155253,-0.7536395672441256,0.0000,0.9000,0.1000,7.973
2026-04-26 18:45:38.959,462,0.06480149696034838,0.3592402290018946,-0.26009028032246345,-0.18828273802545067,-0.7536333018777445,0.0000,0.8500,-0.1000,9.495
2026-04-26 18:45:38.966,463,0.0647765663616144,0.3592402290018946,-0.26006343068305726,-0.18824676720540276,-0.7536268635866925,0.0000,1.0000,0.1500,7.070
2026-04-26 18:45:38.977,464,0.06475114512719529,0.3592402290018946,-0.26003840807691503,-0.18821085004980637,-0.7536199454735621,0.0000,0.5500,-0.1500,6.842
2026-04-26 18:45:38.987,465,0.06472566039847336,0.3592402290018946,-0.26001517955081277,-0.18817545032872754,-0.7536128345902494,0.0000,1.0000,0.0000,9.219
2026-04-26 18:45:38.994,466,0.06470022094988323,0.3592402290018946,-0.25999205204353704,-0.1881401246995554,-0.7536056057096536,0.0000,0.9500,0.0500,6.049
2026-04-26 18:45:39.003,467,0.06467432820785775,0.3592402290018946,-0.2599683007883816,-0.18810407775114213,-0.7535979286721574,0.0000,0.6000,0.1000,6.736
2026-04-26 18:45:39.009,468,0.0646488680554447,0.3592402290018946,-0.2599454471387308,-0.18806880106193866,-0.7535903962558782,0.0000,0.9500,-0.0500,8.673
2026-04-26 18:45:39.017,469,0.06462335790070053,0.3592402290018946,-0.2599230125747099,-0.18803359905601572,-0.7535826888894317,0.0000,1.0000,0.1500,7.884
2026-04-26 18:45:39.026,470,0.06459785578559556,0.3592402290018946,-0.25989826049875164,-0.18799762416706908,-0.7535748473916939,0.0000,1.0000,0.3500,10.119
2026-04-26 18:45:39.033,471,0.06457154116978227,0.3592402290018946,-0.25987397219794267,-0.18796089191897677,-0.7535663268281323,0.0000,1.0000,0.0500,6.620
2026-04-26 18:45:39.042,472,0.0645454405028628,0.3592402290018946,-0.25984910793595756,-0.187924196370106,-0.7535578135594618,0.0000,1.0000,0.1000,12.072
2026-04-26 18:45:39.049,473,0.06451905407398982,0.3592402290018946,-0.25982375327281176,-0.1878870109417078,-0.7535489764751833,0.0000,1.0000,0.2000,6.621
2026-04-26 18:45:39.058,474,0.06449290866688094,0.3592402290018946,-0.25979800224994165,-0.18784995242965727,-0.7535401687640562,0.0000,1.0000,0.2000,8.873
2026-04-26 18:45:39.068,475,0.06446697944526941,0.3592402290018946,-0.25977210814521035,-0.18781307779554243,-0.7535313758381897,0.0000,1.0000,0.1500,6.679
2026-04-26 18:45:39.075,476,0.06444007304693757,0.35923507639353774,-0.25974410162527095,-0.187774404766408,-0.7535218040628484,0.0000,1.0000,0.5500,8.933
2026-04-26 18:45:39.085,477,0.06441290716980941,0.35922980828326906,-0.2597157839667274,-0.18773533133749695,-0.7535119338142896,0.0000,0.9000,0.3000,9.052
2026-04-26 18:45:39.093,478,0.06438600987711648,0.35922355150447466,-0.25968619693531125,-0.18769612495996743,-0.7535021190169781,0.0000,1.0000,0.0500,9.796
2026-04-26 18:45:39.103,479,0.06435889692412099,0.35921710168217286,-0.2596562106201204,-0.18765653773758226,-0.7534920386951642,0.0000,0.9500,0.1000,9.191
2026-04-26 18:45:39.113,480,0.06433154111201071,0.359210197909266,-0.25962541501714154,-0.1876164029033501,-0.7534816765425711,0.0000,1.0000,0.1500,9.348
2026-04-26 18:45:39.121,481,0.06430370543006925,0.3592035487498754,-0.25959471446224947,-0.18757575867740897,-0.753470876350925,0.0000,0.9000,0.1000,8.571
2026-04-26 18:45:39.131,482,0.06427593714734389,0.3591966352479498,-0.25956369487178327,-0.18753507522687665,-0.7534600047381449,0.0000,1.0000,-0.0500,8.934
2026-04-26 18:45:39.139,483,0.06424776900273906,0.3591886840066619,-0.25953088415492376,-0.1874933427923296,-0.7534487519421429,0.0000,1.0000,0.3000,11.365
2026-04-26 18:45:39.151,484,0.06421935894377592,0.3591810218466076,-0.25949837736005366,-0.1874514353352381,-0.753437224980396,0.0000,1.0000,0.1000,10.420
2026-04-26 18:45:39.229,485,0.06419052743404896,0.3591735661416487,-0.25946593038338295,-0.1874090721158192,-0.7534253058553099,0.0000,0.9500,0.2500,5.445
2026-04-26 18:45:39.239,486,0.06416223284400789,0.3591649315178623,-0.25943210361111946,-0.1873668382302106,-0.75341363514846,0.0000,1.0000,0.3500,8.309
2026-04-26 18:45:39.248,487,0.06413426010607032,0.35915616482381524,-0.25939832347818237,-0.18732497030241463,-0.7534020711243815,0.0000,1.0000,0.0500,9.242
2026-04-26 18:45:39.258,488,0.06410608475931731,0.3591465802786315,-0.2593632112199953,-0.1872824261179159,-0.7533902657607412,0.0000,1.0000,0.3000,5.959
2026-04-26 18:45:39.267,489,0.06407799468002427,0.3591377406406092,-0.25932930244566227,-0.18724037084868805,-0.7533784125690612,0.0000,0.8000,-0.1000,8.640
2026-04-26 18:45:39.278,490,0.0640495290531465,0.3591296321150612,-0.25929626881395074,-0.18719818313575173,-0.7533662059094071,0.0000,0.6000,-0.0500,4.502
2026-04-26 18:45:39.287,491,0.06402045899927725,0.3591219848738972,-0.2592635525638696,-0.18715542285156703,-0.7533534947420513,0.0000,0.7500,0.0000,9.301
2026-04-26 18:45:39.296,492,0.0639910137681935,0.35911351646061734,-0.2592293824177581,-0.18711175439391503,-0.7533404334235241,0.0000,1.0000,0.3000,11.199
2026-04-26 18:45:39.305,493,0.06396144878633614,0.35910449701691954,-0.2591943334527526,-0.18706765336249942,-0.7533271937386149,0.0000,1.0000,0.2500,8.016
2026-04-26 18:45:39.315,494,0.06393153447311947,0.3590947672492793,-0.25915801326143384,-0.1870227339639732,-0.753313624111588,0.0000,1.0000,0.4000,7.926
2026-04-26 18:45:39.325,495,0.06390217993217948,0.359085273424288,-0.25912244690557196,-0.18697868143126326,-0.753300332067352,0.0000,1.0000,-0.1000,9.523
2026-04-26 18:45:39.336,496,0.06387275290805151,0.359076689827071,-0.2590882239081126,-0.1869349898616743,-0.7532868975362449,0.0000,0.8500,-0.2000,6.664
2026-04-26 18:45:39.348,497,0.06384345638085881,0.35906815668778114,-0.2590541895392839,-0.18689149997304472,-0.75327345725082,0.0000,1.0000,0.0000,7.828
2026-04-26 18:45:39.360,498,0.06381446220506728,0.35906018876062484,-0.2590212301108828,-0.1868486982449244,-0.7532601271720052,0.0000,1.0000,0.0500,7.870
2026-04-26 18:45:39.370,499,0.06378600673758618,0.3590526854686616,-0.258989351945452,-0.18680684949510012,-0.7532470662414884,0.0000,0.9000,-0.1000,9.325
2026-04-26 18:45:39.380,500,0.06375742430467854,0.3590458876627836,-0.2589584721592689,-0.18676518654829113,-0.7532338320266369,0.0000,0.8000,-0.0500,6.439
2026-04-26 18:45:39.388,501,0.0637296840675388,0.35903835573881165,-0.25892707708162155,-0.18672428178212558,-0.7532210719645243,0.0000,1.0000,0.1000,12.505
2026-04-26 18:45:39.399,502,0.06370200717838209,0.35903076750654683,-0.2588956638290275,-0.18668343560311088,-0.7532082681329606,0.0000,1.0000,0.2500,9.939
2026-04-26 18:45:39.410,503,0.06367425771233713,0.3590237930019517,-0.2588651464780172,-0.18664280176190678,-0.7531953312053867,0.0000,0.7000,-0.2500,9.440
2026-04-26 18:45:39.419,504,0.06364664515529117,0.3590184218389059,-0.2588371487512483,-0.18660315434632205,-0.753182402109732,0.0000,0.7500,-0.2500,7.160
2026-04-26 18:45:39.429,505,0.06361936124664187,0.35901312979513417,-0.25880951179148404,-0.18656398686460657,-0.7531696099238727,0.0000,1.0000,0.0500,8.422
2026-04-26 18:45:39.438,506,0.06359219476992373,0.35900741987401424,-0.2587813489479767,-0.18652476916384966,-0.7531568150696689,0.0000,1.0000,0.0500,11.575
2026-04-26 18:45:39.448,507,0.06356491169016183,0.3590021265089034,-0.25875375550778074,-0.18648560638194087,-0.7531438627381485,0.0000,0.8000,-0.1000,6.811
2026-04-26 18:45:39.459,508,0.06353744629767592,0.3589966652849021,-0.25872581070752343,-0.1864461186668499,-0.7531307103189873,0.0000,1.0000,0.2000,7.850
2026-04-26 18:45:39.469,509,0.0635100978787815,0.35899129087255716,-0.258698095747684,-0.18640683237107242,-0.753117558514583,0.0000,1.0000,0.0500,6.788
2026-04-26 18:45:39.481,510,0.06348284772868933,0.35899129087255716,-0.2586718327135465,-0.18636813415074288,-0.7531043960155905,0.0000,0.6000,-0.1000,7.197
2026-04-26 18:45:39.492,511,0.0634554769428776,0.35899129087255716,-0.2586474600504852,-0.18632992700338308,-0.7530910780287691,0.0000,0.7000,-0.1500,5.694
2026-04-26 18:45:39.503,512,0.06342792619153571,0.35899129087255716,-0.25862367819886434,-0.18629171189560143,-0.7530775661268717,0.0000,1.0000,0.1500,8.801
2026-04-26 18:45:39.515,513,0.06340022050562762,0.35899129087255716,-0.2586002439540216,-0.18625343564539742,-0.7530638781062786,0.0000,1.0000,0.2000,8.422
2026-04-26 18:45:39.525,514,0.06337283637856232,0.35899129087255716,-0.25857660635059965,-0.1862154441077005,-0.7530503327216972,0.0000,1.0000,-0.0500,9.449
2026-04-26 18:45:39.535,515,0.06334603562572179,0.35899129087255716,-0.2585519701531721,-0.1861777631818487,-0.7530371055927637,0.0000,1.0000,-0.0500,8.527
2026-04-26 18:45:39.544,516,0.06331910556217338,0.35899129087255716,-0.25852831190374226,-0.18614025991378513,-0.7530237226560972,0.0000,1.0000,0.0500,7.710
2026-04-26 18:45:39.554,517,0.06329226770950468,0.35899129087255716,-0.25850504281189757,-0.18610298424483093,-0.753010332636765,0.0000,0.9000,0.0000,6.320
2026-04-26 18:45:39.563,518,0.06326506732925037,0.35899129087255716,-0.2584808936775071,-0.18606500791196365,-0.752996633404139,0.0000,1.0000,0.2000,10.746
2026-04-26 18:45:39.571,519,0.063238402252626,0.35899129087255716,-0.25845660304126067,-0.18602757475327222,-0.7529832245252865,0.0000,1.0000,0.1000,10.006
2026-04-26 18:45:39.581,520,0.06321164851507187,0.35899129087255716,-0.25843223949949623,-0.1859900144068527,-0.7529696910215641,0.0000,0.9500,-0.0500,7.923
2026-04-26 18:45:39.589,521,0.06318473108998661,0.35899129087255716,-0.25840705635038663,-0.18595199467481177,-0.7529559838580011,0.0000,1.0000,0.4000,6.134
2026-04-26 18:45:39.600,522,0.06315788281484798,0.35899129087255716,-0.25838252881538937,-0.18591426607056596,-0.7529422592276052,0.0000,1.0000,-0.0500,7.729
2026-04-26 18:45:39.610,523,0.06313111859660993,0.35899129087255716,-0.25835795601783146,-0.1858766115954925,-0.7529285280218475,0.0000,1.0000,0.2500,5.571
2026-04-26 18:45:39.619,524,0.06310483125179764,0.35899129087255716,-0.2583348856241189,-0.18583998366389717,-0.7529150530576111,0.0000,0.8500,-0.1500,8.865
2026-04-26 18:45:39.629,525,0.06307846414074236,0.35899129087255716,-0.2583118683017875,-0.1858032807381952,-0.7529014641668947,0.0000,0.8500,0.1000,7.615
2026-04-26 18:45:39.637,526,0.0630524049969593,0.35899129087255716,-0.25828916111524985,-0.18576701938237208,-0.7528880207499433,0.0000,1.0000,0.1000,8.497
2026-04-26 18:45:39.648,527,0.06302659037030377,0.35899129087255716,-0.2582664858310634,-0.18573103641170485,-0.7528746814042268,0.0000,1.0000,0.3000,10.184
2026-04-26 18:45:39.659,528,0.0630004628270975,0.35899129087255716,-0.258243116419902,-0.18569447050468443,-0.7528610753913956,0.0000,1.0000,0.2500,6.976
2026-04-26 18:45:39.666,529,0.06297400764357926,0.35899129087255716,-0.25822022622777424,-0.1856576964750469,-0.7528471937664502,0.0000,0.9500,0.1000,7.411
2026-04-26 18:45:39.676,530,0.06294768038393157,0.35899129087255716,-0.25819739470877884,-0.1856210803805127,-0.752833341096624,0.0000,0.9000,0.0000,6.215
2026-04-26 18:45:39.685,531,0.06292129376184498,0.35899129087255716,-0.258175549295971,-0.1855847233259378,-0.7528193933692896,0.0000,0.7500,0.0000,5.768
2026-04-26 18:45:39.696,532,0.06289513562589596,0.35899129087255716,-0.25815428058464557,-0.18554880873039642,-0.752805543315736,0.0000,1.0000,0.2500,7.971
2026-04-26 18:45:39.707,533,0.06286883637215974,0.35899129087255716,-0.2581322747045235,-0.18551248802082548,-0.7527915453531014,0.0000,1.0000,0.2500,10.096
2026-04-26 18:45:39.715,534,0.06284329268468003,0.35899129087255716,-0.2581116466183669,-0.18547746255431982,-0.7527779980782067,0.0000,0.9500,-0.2000,9.722
2026-04-26 18:45:39.725,535,0.06281705334584142,0.35899129087255716,-0.2580906067769011,-0.18544152340353226,-0.752763934807988,0.0000,0.9000,0.2500,6.948
2026-04-26 18:45:39.734,536,0.06279117155878328,0.35899129087255716,-0.25806973775295833,-0.18540603503741562,-0.7527500584612878,0.0000,1.0000,-0.0500,11.812
2026-04-26 18:45:39.746,537,0.06276604244037962,0.35899129087255716,-0.2580486086308922,-0.1853712928876839,-0.7527366332210206,0.0000,1.0000,-0.1000,11.478
2026-04-26 18:45:39.757,538,0.062740864746316,0.35899129087255716,-0.25802750765454335,-0.18533650281489802,-0.7527231256844,0.0000,0.9500,0.1000,9.198
2026-04-26 18:45:39.766,539,0.06271659438869269,0.35899129087255716,-0.25800729901005404,-0.1853030150556413,-0.7527101738748483,0.0000,1.0000,-0.0500,9.034
2026-04-26 18:45:39.777,540,0.06269242241141737,0.35899129087255716,-0.25798628511001515,-0.18526936495657187,-0.7526972392257623,0.0000,1.0000,0.2500,9.762
2026-04-26 18:45:39.788,541,0.06266852752652602,0.35899129087255716,-0.25796528608723013,-0.1852360245127116,-0.7526844416048958,0.0000,1.0000,0.2500,8.110
2026-04-26 18:45:39.797,542,0.06264439079539297,0.35899129087255716,-0.25794303578539624,-0.18520199512125116,-0.7526714357686656,0.0000,1.0000,0.0000,8.804
2026-04-26 18:45:39.809,543,0.06262038883138471,0.35898623437151367,-0.2579207188069644,-0.18516809015601834,-0.7526584734974173,0.0000,1.0000,0.2000,8.437
2026-04-26 18:45:39.818,544,0.06259691963386982,0.358981010919864,-0.25789848754404837,-0.1851348026822474,-0.75264582081826,0.0000,1.0000,0.0500,9.473
2026-04-26 18:45:39.830,545,0.06257381275939639,0.3589758562322764,-0.25787658222522625,-0.18510202344016505,-0.7526333647860092,0.0000,1.0000,0.0000,8.576
2026-04-26 18:45:39.842,546,0.06255106287030641,0.3589758562322764,-0.25785625949911706,-0.1850701654268756,-0.752621102515753,0.0000,0.6500,-0.1000,8.120
2026-04-26 18:45:39.851,547,0.06252836841193968,0.3589758562322764,-0.257836378336321,-0.18503851328280033,-0.7526088336344753,0.0000,1.0000,0.2000,10.782
2026-04-26 18:45:39.863,548,0.06250620658963538,0.3589758562322764,-0.2578173667183366,-0.1850077399402171,-0.7525968769325413,0.0000,1.0000,-0.2000,7.842
2026-04-26 18:45:39.872,549,0.0624839386705773,0.3589758562322764,-0.2577985640463982,-0.18497691553937767,-0.7525848072317441,0.0000,0.7000,0.0500,7.794
2026-04-26 18:45:39.884,550,0.06246195287689215,0.3589758562322764,-0.25778000128438266,-0.18494648180181772,-0.7525728839808503,0.0000,1.0000,0.1000,9.174
2026-04-26 18:45:39.893,551,0.06244043381198923,0.3589758562322764,-0.2577613440351103,-0.18491653241839986,-0.7525612308733045,0.0000,1.0000,0.0000,9.920
2026-04-26 18:45:39.901,552,0.062419224933262754,0.3589758562322764,-0.25774294632706407,-0.1848870115034544,-0.7525497441625072,0.0000,1.0000,0.0500,7.141
2026-04-26 18:45:39.913,553,0.06239811441693099,0.3589758562322764,-0.2577240982194428,-0.18485744709073879,-0.7525382832385143,0.0000,0.9500,0.2000,8.999
2026-04-26 18:45:39.920,554,0.062376928433165335,0.3589758562322764,-0.2577055935657908,-0.18482791069368906,-0.7525267328115955,0.0000,0.8000,0.1000,8.719
2026-04-26 18:45:39.931,555,0.0623554020354263,0.3589758562322764,-0.25768747145299836,-0.18479812099546902,-0.752514916838594,0.0000,1.0000,0.1500,7.969
2026-04-26 18:45:39.943,556,0.06233353778478599,0.3589758562322764,-0.2576698356499538,-0.18476811546999944,-0.7525028376059424,0.0000,0.9500,-0.0500,8.627
2026-04-26 18:45:39.953,557,0.06231222457310831,0.3589758562322764,-0.2576527060090689,-0.18473888843045327,-0.7524910882785827,0.0000,0.7500,-0.2500,8.250
2026-04-26 18:45:39.965,558,0.06229095321478624,0.3589758562322764,-0.25763552054741684,-0.1847096868249073,-0.7524793299612537,0.0000,1.0000,0.1000,6.529
2026-04-26 18:45:39.973,559,0.06226918616025644,0.3589758562322764,-0.25761892212717996,-0.18468012770040512,-0.7524672048409629,0.0000,0.9000,0.1000,7.783
2026-04-26 18:45:39.985,560,0.06224753103849741,0.3589758562322764,-0.2576020780658252,-0.18465060867579983,-0.7524551185487783,0.0000,1.0000,0.1000,9.168
2026-04-26 18:45:39.997,561,0.06222598908374247,0.3589758562322764,-0.2575854313475682,-0.18462127881970908,-0.7524430724444283,0.0000,1.0000,0.2000,10.487
2026-04-26 18:45:40.007,562,0.06220400416923953,0.3589758562322764,-0.25756894052008295,-0.18459150643138197,-0.7524306963055973,0.0000,0.9500,-0.0500,6.854
2026-04-26 18:45:40.021,563,0.06218233354286079,0.3589758562322764,-0.25755343679964904,-0.1845624100042113,-0.75241849548512,0.0000,0.8500,-0.1500,8.292
2026-04-26 18:45:40.031,564,0.06216080185287881,0.3589758562322764,-0.2575387929615189,-0.18453375232894847,-0.7524063535949504,0.0000,0.8500,-0.1500,8.220
2026-04-26 18:45:40.044,565,0.062139002824761536,0.3589758562322764,-0.25752450488837286,-0.18450491398407973,-0.7523940002908102,0.0000,0.8500,0.0500,6.871
2026-04-26 18:45:40.056,566,0.062117765802185615,0.3589758562322764,-0.2575095884769292,-0.18447648846138529,-0.7523819889663117,0.0000,1.0000,0.2000,11.605
2026-04-26 18:45:40.064,567,0.06209665576052342,0.3589758562322764,-0.2574943175207258,-0.18444808369741536,-0.7523700300953974,0.0000,0.8500,0.2500,10.022
2026-04-26 18:45:40.076,568,0.062075663449138674,0.3589758562322764,-0.2574782560994363,-0.1844195441391536,-0.7523581179939818,0.0000,1.0000,0.1500,8.772
2026-04-26 18:45:40.086,569,0.06205434179327796,0.3589758562322764,-0.2574613492392892,-0.18439035474404375,-0.7523459550879896,0.0000,1.0000,0.2500,11.138
2026-04-26 18:45:40.098,570,0.06203353118364463,0.3589758562322764,-0.2574444940160329,-0.18436174833606725,-0.7523341021065136,0.0000,1.0000,0.0000,11.235
2026-04-26 18:45:40.109,571,0.06201303316949268,0.3589758562322764,-0.25742821473155736,-0.18433367921250646,-0.7523224272106511,0.0000,0.9000,0.0500,8.523
2026-04-26 18:45:40.119,572,0.06199262588979773,0.3589758562322764,-0.25741060670630667,-0.18430526599827912,-0.752310782947723,0.0000,1.0000,0.3500,8.399
2026-04-26 18:45:40.132,573,0.061971806173325726,0.3589758562322764,-0.25739266887113493,-0.18427628262108472,-0.7522988343180905,0.0000,0.7000,0.3500,8.327
2026-04-26 18:45:40.141,574,0.061951120534288605,0.3589758562322764,-0.25737562774874456,-0.18424774518928597,-0.7522869461056944,0.0000,1.0000,-0.1000,7.277
2026-04-26 18:45:40.152,575,0.06193067197990752,0.3589758562322764,-0.2573582217480821,-0.18421934765400652,-0.7522751874165311,0.0000,1.0000,0.3000,10.564
2026-04-26 18:45:40.163,576,0.06191011182397915,0.3589758562322764,-0.25734034148657586,-0.18419066615384613,-0.75226332622113,0.0000,1.0000,0.1000,8.216
2026-04-26 18:45:40.170,577,0.06188927307083789,0.35897069854868513,-0.2573213318869288,-0.18416129680710944,-0.7522512516106253,0.0000,1.0000,0.5000,10.339
2026-04-26 18:45:40.181,578,0.06186880158142703,0.35896560357937485,-0.25730262190977266,-0.1841324335849984,-0.7522393945742337,0.0000,0.9000,-0.0500,10.949
2026-04-26 18:45:40.190,579,0.06184789112236453,0.35896560357937485,-0.2572843221914821,-0.18410321757874087,-0.7522272180320595,0.0000,0.9500,0.2000,9.118
2026-04-26 18:45:40.201,580,0.06182713526801416,0.3589605572073238,-0.257265522222726,-0.184074004839193,-0.7522151181032354,0.0000,0.9500,0.0500,9.178
2026-04-26 18:45:40.213,581,0.061806506961233076,0.3589605572073238,-0.257246851281133,-0.18404497508856457,-0.7522030771465129,0.0000,0.9500,0.1000,7.443
2026-04-26 18:45:40.221,582,0.06178578792229775,0.35895525842947784,-0.2572277319259673,-0.18401569333967896,-0.7521909500329707,0.0000,1.0000,0.4000,7.314
2026-04-26 18:45:40.233,583,0.0617650028809441,0.35894973933101954,-0.25720819846570747,-0.18398619853188347,-0.75217875363413,0.0000,1.0000,0.0500,10.119
2026-04-26 18:45:40.244,584,0.06174447199068012,0.35894973933101954,-0.25718975649712233,-0.18395734828220558,-0.7521667017649182,0.0000,1.0000,0.0500,8.188
2026-04-26 18:45:40.253,585,0.06172391155142763,0.35894973933101954,-0.2571719864919544,-0.1839286875505218,-0.7521546056655162,0.0000,0.7000,-0.2500,10.317
2026-04-26 18:45:40.263,586,0.061703296436471176,0.35894973933101954,-0.25715421376455316,-0.18389996354760663,-0.7521424489527434,0.0000,0.8500,0.1000,8.225
2026-04-26 18:45:40.271,587,0.06168298451137648,0.35894973933101954,-0.2571368907599411,-0.18387172474106947,-0.7521304705660872,0.0000,0.9000,-0.0500,6.209
2026-04-26 18:45:40.282,588,0.06166300730512595,0.35894973933101954,-0.25711972063500005,-0.18384390723923957,-0.752118691881876,0.0000,0.9000,-0.1000,8.048
2026-04-26 18:45:40.293,589,0.06164316999452044,0.35894973933101954,-0.2571023672178513,-0.18381618253807794,-0.7521069833696288,0.0000,0.7500,0.0500,3.030
2026-04-26 18:45:40.301,590,0.06162378453403985,0.3589440062882674,-0.25708377600669474,-0.1837885457761963,-0.7520955533453758,0.0000,1.0000,0.3500,9.368
2026-04-26 18:45:40.313,591,0.061604298446899644,0.3589386314551406,-0.257065611045637,-0.1837609377946458,-0.7520840338324422,0.0000,0.7500,-0.0500,4.773
2026-04-26 18:45:40.321,592,0.061584692845213854,0.35893304139273324,-0.25704700024409394,-0.1837330469324596,-0.7520724125749674,0.0000,1.0000,0.4000,9.567
2026-04-26 18:45:40.332,593,0.0615654044717316,0.35892752759023966,-0.25702867264749263,-0.18370560149659934,-0.7520609810658069,0.0000,0.9000,0.0000,8.975
2026-04-26 18:45:40.345,594,0.06154636774753156,0.35892118110019144,-0.2570092217554056,-0.1836780598098876,-0.7520496959117371,0.0000,1.0000,0.3000,10.318
2026-04-26 18:45:40.353,595,0.06152726520655891,0.35891492896368776,-0.2569898271159002,-0.18365046233639265,-0.7520383457898879,0.0000,0.9000,0.0500,6.652
2026-04-26 18:45:40.455,596,0.061508049802435905,0.35890863017668295,-0.25697024647965433,-0.18362267607370583,-0.7520268996523565,0.0000,1.0000,0.2500,10.659
2026-04-26 18:45:40.463,597,0.06148851984878399,0.3589019368404306,-0.25694982415264606,-0.18359425838197868,-0.7520152233531608,0.0000,1.0000,0.4500,7.678
2026-04-26 18:45:40.470,598,0.061469112739588605,0.358895486871219,-0.2569298092078063,-0.1835661116326616,-0.752003608795221,0.0000,0.8500,-0.0500,7.657
2026-04-26 18:45:40.478,599,0.06144911048691337,0.3588888590279697,-0.2569090917183633,-0.1835370681059726,-0.7519915776222384,0.0000,0.8500,0.1000,5.660
2026-04-26 18:45:40.486,600,0.06142905240024282,0.3588828972468573,-0.25688929771280394,-0.18350826906404744,-0.7519794896716603,0.0000,0.8000,0.0000,8.250
2026-04-26 18:45:40.494,601,0.06140907378950909,0.35887682595573994,-0.2568693546153367,-0.1834795073455727,-0.751967435443432,0.0000,1.0000,0.1500,8.347
2026-04-26 18:45:40.503,602,0.06138920233129612,0.3588707829736962,-0.25684948817279823,-0.1834508889705415,-0.7519554336775337,0.0000,0.9000,0.0000,8.491
2026-04-26 18:45:40.511,603,0.061369615718643376,0.35886552778744524,-0.2568309566359491,-0.18342303081158287,-0.7519436031205818,0.0000,0.7500,-0.1500,7.784
2026-04-26 18:45:40.522,604,0.06134996981246821,0.35886552778744524,-0.2568135080475132,-0.18339546652489297,-0.7519317146268427,0.0000,0.6500,-0.1000,4.489
2026-04-26 18:45:40.533,605,0.06133023991703191,0.35886552778744524,-0.2567965880853254,-0.1833679839151398,-0.7519197520086073,0.0000,0.8500,0.0500,6.294
2026-04-26 18:45:40.544,606,0.061310423007201055,0.35886552778744524,-0.2567798770923037,-0.18334047308685947,-0.7519077135210945,0.0000,0.9500,0.0500,8.458
2026-04-26 18:45:40.555,607,0.061290874958407196,0.35886552778744524,-0.25676391390945125,-0.1833135090887497,-0.7518958366824876,0.0000,0.8000,-0.0500,5.866
2026-04-26 18:45:40.565,608,0.06127188072335192,0.35886552778744524,-0.2567483660711066,-0.18328729773065175,-0.7518843117251308,0.0000,1.0000,0.1000,9.035
2026-04-26 18:45:40.576,609,0.061253002264307785,0.35886552778744524,-0.25673262587228207,-0.1832611497530017,-0.7518728468837913,0.0000,0.8000,0.0000,10.183
2026-04-26 18:45:40.586,610,0.06123370069651936,0.35886552778744524,-0.2567164436739308,-0.18323438319903565,-0.7518610831579853,0.0000,1.0000,0.2500,8.037
2026-04-26 18:45:40.596,611,0.06121429741333047,0.35886552778744524,-0.25669922147603674,-0.18320715585596495,-0.7518492350621214,0.0000,0.9500,0.3500,11.196
2026-04-26 18:45:40.606,612,0.06119462094195023,0.35886552778744524,-0.2566816720370338,-0.18317951480119324,-0.7518371885294027,0.0000,0.9500,0.3000,11.210
2026-04-26 18:45:40.617,613,0.06117472038032998,0.35886552778744524,-0.2566641324592181,-0.1831516269717653,-0.7518249765364677,0.0000,0.8500,0.2000,8.445
2026-04-26 18:45:40.625,614,0.06115491648032568,0.35886552778744524,-0.2566478207945372,-0.18312425479203642,-0.7518128131588878,0.0000,0.9000,0.0000,6.672
2026-04-26 18:45:40.633,615,0.06113541625977675,0.35886552778744524,-0.2566317361461459,-0.18309729466539362,-0.7518008366459418,0.0000,0.8500,0.0000,10.621
2026-04-26 18:45:40.642,616,0.06111601624851283,0.35886552778744524,-0.25661554376726614,-0.1830704089472199,-0.7517889115846744,0.0000,0.9000,-0.1000,6.096
2026-04-26 18:45:40.651,617,0.061096547816461115,0.35886552778744524,-0.25659902807341056,-0.18304333842464715,-0.7517769257853549,0.0000,1.0000,0.1500,7.992
2026-04-26 18:45:40.660,618,0.06107688703091273,0.35886552778744524,-0.25658281576205255,-0.18301615430896798,-0.7517647968530403,0.0000,0.7500,-0.1000,6.271
2026-04-26 18:45:40.669,619,0.06105767170024683,0.35886552778744524,-0.2565665185430167,-0.1829894358610182,-0.7517529502167766,0.0000,1.0000,-0.0500,8.460
2026-04-26 18:45:40.677,620,0.06103870361248453,0.35886552778744524,-0.2565511136746172,-0.18296328861273084,-0.7517412539553525,0.0000,0.9500,-0.1000,9.731
2026-04-26 18:45:40.686,621,0.06101979614445922,0.35886552778744524,-0.2565347549765476,-0.18293688982606973,-0.7517295838701302,0.0000,1.0000,0.3500,12.034
2026-04-26 18:45:40.695,622,0.061000466010838895,0.35886552778744524,-0.25651794939221717,-0.18290987151272525,-0.7517176179844427,0.0000,1.0000,0.0000,9.426
2026-04-26 18:45:40.703,623,0.06098071884483783,0.35886552778744524,-0.2565021969407345,-0.18288273995223628,-0.751705360264117,0.0000,0.9000,0.0000,7.923
2026-04-26 18:45:40.712,624,0.06096071113060354,0.35886552778744524,-0.25648608262176326,-0.18285519736293077,-0.7516929152391142,0.0000,1.0000,0.3000,7.075
2026-04-26 18:45:40.719,625,0.060940491952791546,0.35886552778744524,-0.2564708398359684,-0.1828277094304941,-0.7516803158366255,0.0000,0.4500,-0.1000,5.732
2026-04-26 18:45:40.729,626,0.06091997800317046,0.35886552778744524,-0.25645520712492625,-0.18279976311750332,-0.7516675067188566,0.0000,1.0000,0.1000,5.672
2026-04-26 18:45:40.739,627,0.06089985378687354,0.35886552778744524,-0.25644062058663347,-0.18277259769776852,-0.7516549444205742,0.0000,1.0000,0.0000,9.571
2026-04-26 18:45:40.747,628,0.06087961934002655,0.35886552778744524,-0.25642594225744525,-0.1827452783476792,-0.7516422958275697,0.0000,1.0000,0.2000,10.206
2026-04-26 18:45:40.757,629,0.06085944608178947,0.35886552778744524,-0.2564120707443779,-0.18271829508146578,-0.7516296754113984,0.0000,0.8000,0.0500,6.673
2026-04-26 18:45:40.766,630,0.060839182389992405,0.35886552778744524,-0.2563979171432175,-0.182691116474612,-0.7516169822798472,0.0000,1.0000,-0.0500,8.800
2026-04-26 18:45:40.775,631,0.06081863746280528,0.35886552778744524,-0.25638374326366126,-0.18266361780742657,-0.7516040894180913,0.0000,1.0000,0.1500,6.455
2026-04-26 18:45:40.785,632,0.06079817911377539,0.35886552778744524,-0.2563690106934548,-0.18263602830313375,-0.7515912422187614,0.0000,0.8500,0.1000,7.622
2026-04-26 18:45:40.793,633,0.060777846893535915,0.35886552778744524,-0.25635404893212044,-0.18260850175212828,-0.7515784672297914,0.0000,0.7500,0.0000,10.089
2026-04-26 18:45:40.802,634,0.06076029334540488,0.35885696437954173,-0.2563314383592234,-0.18256367892361602,-0.7515608455016906,0.0000,1.0000,0.0000,7.929
2026-04-26 18:45:40.809,635,0.06074607236033268,0.3588433669517615,-0.2563016261806625,-0.1825007640076042,-0.7515381613487799,0.0000,0.8000,-0.1000,8.732
2026-04-26 18:45:40.819,636,0.06073541302602555,0.35882290535130473,-0.2562616058953338,-0.18241458476098213,-0.7515089084329596,0.0000,1.0000,0.1000,10.130
2026-04-26 18:45:40.828,637,0.06072682042574374,0.3587973367099727,-0.25621357896267316,-0.18231020410937818,-0.7514743366057002,0.0000,1.0000,0.3500,8.756
2026-04-26 18:45:40.837,638,0.06072101484833004,0.35876554596372395,-0.25615589404066536,-0.18218296819024457,-0.7514330873219939,0.0000,0.8500,0.1000,9.745
2026-04-26 18:45:40.845,639,0.06072101484833004,0.35872839151397484,-0.25609037168260906,-0.1820365655554998,-0.751386424499247,0.0000,1.0000,-0.1500,7.124
2026-04-26 18:45:40.853,640,0.06072101484833004,0.358686245090284,-0.25601735824607524,-0.1818705532481584,-0.7513340679373112,0.0000,0.7000,0.0000,7.539
2026-04-26 18:45:40.862,641,0.06072101484833004,0.3586378036723889,-0.2559348960859459,-0.18168309744587122,-0.7512756223159444,0.0000,1.0000,0.1000,9.582
2026-04-26 18:45:40.872,642,0.06072743368465687,0.3585828568452049,-0.25584225090587404,-0.18147068385683368,-0.7512098115405599,0.0000,0.3500,0.0000,5.744
2026-04-26 18:45:40.880,643,0.0607368462645574,0.35852065154984003,-0.25573841179246043,-0.18123381932286722,-0.7511369694539295,0.0000,0.7000,0.2500,7.186
2026-04-26 18:45:40.890,644,0.06074914132364914,0.35845310889122445,-0.2556267822698716,-0.1809798648778299,-0.7510594033354004,0.0000,1.0000,0.0000,11.468
2026-04-26 18:45:40.898,645,0.060764254208353304,0.3583805057270957,-0.2555077401245821,-0.1807089268458194,-0.7509770898158482,0.0000,1.0000,0.2500,9.420
2026-04-26 18:45:40.909,646,0.060781574014766165,0.3583028504941491,-0.25538078864309083,-0.1804190644026969,-0.7508892105932846,0.0000,1.0000,0.2500,7.170
2026-04-26 18:45:40.919,647,0.060801297162172654,0.35822015255162437,-0.255246056608939,-0.1801103586031293,-0.7507958292117829,0.0000,0.9000,0.0000,4.985
2026-04-26 18:45:40.927,648,0.06082424658248205,0.35813224278512523,-0.2551038490073487,-0.1797839253322081,-0.7506975318776459,0.0000,0.8000,-0.3000,8.522
2026-04-26 18:45:40.937,649,0.06085036818140673,0.35803889650799997,-0.25495359334041806,-0.17943737958180314,-0.7505934823889661,0.0000,0.7000,-0.1500,9.043
2026-04-26 18:45:40.945,650,0.06087867220673505,0.35794109971053256,-0.2547964411959533,-0.17907354450939508,-0.7504843481786834,0.0000,1.0000,0.0500,3.789
2026-04-26 18:45:40.955,651,0.060910005571782576,0.3578385608224131,-0.25463240703727236,-0.17869215598408889,-0.7503702402515084,0.0000,0.6500,-0.1000,9.698
2026-04-26 18:45:40.966,652,0.06094471879917559,0.35773020684069273,-0.2544599718517833,-0.17829156300942645,-0.7502508171223816,0.0000,0.9500,0.1000,7.569
2026-04-26 18:45:40.975,653,0.0609812775055594,0.3576175098868892,-0.2542808112564108,-0.1778758430595934,-0.7501270149255789,0.0000,1.0000,0.3000,5.890
2026-04-26 18:45:40.985,654,0.06102055490361937,0.3574990984241808,-0.2540930745851053,-0.17744133755326724,-0.7499979114570013,0.0000,1.0000,0.1500,11.392
2026-04-26 18:45:40.993,655,0.06106197279992419,0.35737613319136596,-0.25389852513426253,-0.17699233362131975,-0.7498647495558762,0.0000,1.0000,0.2500,9.559
2026-04-26 18:45:41.003,656,0.06110473269797353,0.3572500344554835,-0.2536990667105583,-0.1765318334713094,-0.7497282175737525,0.0000,1.0000,0.3000,10.070
2026-04-26 18:45:41.013,657,0.061149421801396875,0.35712135047515337,-0.25349584661164576,-0.17606015574105158,-0.7495884385103306,0.0000,0.7500,-0.1500,6.873
2026-04-26 18:45:41.021,658,0.06119613884290744,0.35698928015923087,-0.25328763326037335,-0.17557597196139468,-0.7494450929399928,0.0000,1.0000,0.0500,9.166
2026-04-26 18:45:41.032,659,0.06124486643034609,0.35685351720834796,-0.2530740832251544,-0.1750805034379444,-0.7492986775514416,0.0000,1.0000,0.0500,10.330
2026-04-26 18:45:41.039,660,0.0612955822450586,0.35671484747511384,-0.25285618659274334,-0.17457219539674,-0.749148480080353,0.0000,0.5500,-0.2500,7.302
2026-04-26 18:45:41.051,661,0.0613479095724151,0.35657367360427306,-0.25263454087673454,-0.17405343255072575,-0.7489952260408967,0.0000,0.7500,-0.1500,7.413
2026-04-26 18:45:41.061,662,0.061402308051073114,0.35642832001301766,-0.2524067942804032,-0.17352239080907597,-0.7488386403962211,0.0000,1.0000,0.0500,9.889
2026-04-26 18:45:41.071,663,0.06145851524461741,0.35627864236813117,-0.25217255227842356,-0.1729786086106271,-0.7486785338787098,0.0000,1.0000,0.4000,7.736
2026-04-26 18:45:41.081,664,0.061516098686897114,0.35612689802577097,-0.2519353078503064,-0.17242698018183678,-0.7485161971938974,0.0000,1.0000,-0.0500,11.069
2026-04-26 18:45:41.093,665,0.061575358770508425,0.3559728760759107,-0.25169483549478483,-0.1718665916517626,-0.7483513910339336,0.0000,1.0000,-0.1500,6.325
2026-04-26 18:45:41.102,666,0.06163612589618001,0.3558144809916045,-0.25144759418836,-0.1712930323102583,-0.7481828617169592,0.0000,1.0000,0.3500,7.084
2026-04-26 18:45:41.114,667,0.06169807745434359,0.3556533381509173,-0.2511960963575622,-0.17070986306128014,-0.7480115499809814,0.0000,1.0000,0.1500,10.386
2026-04-26 18:45:41.121,668,0.06176113355961062,0.35548977517138447,-0.2509411357135909,-0.1701210468444868,-0.7478388228462854,0.0000,1.0000,0.3500,12.633
2026-04-26 18:45:41.132,669,0.06182496796676842,0.3553248575951591,-0.2506840138524522,-0.16952580477719867,-0.7476641440726757,0.0000,1.0000,0.1000,8.918
2026-04-26 18:45:41.144,670,0.06189084275112259,0.3551560237520104,-0.2504210202974149,-0.1689167307301923,-0.7474855157902002,0.0000,0.7000,-0.1500,6.828
2026-04-26 18:45:41.153,671,0.06195846191131783,0.3549843059468726,-0.2501537717420678,-0.16829686238244526,-0.7473038011400256,0.0000,1.0000,0.0500,8.074
2026-04-26 18:45:41.166,672,0.06202747760971494,0.35480948583647265,-0.24988155964008094,-0.16766398123904194,-0.7471181698925489,0.0000,0.7000,0.2000,8.364
2026-04-26 18:45:41.175,673,0.0620981542336804,0.35463133909170125,-0.2496042504190933,-0.1670186160171273,-0.7469289032057383,0.0000,0.8500,-0.0500,8.585
2026-04-26 18:45:41.186,674,0.062170720143727265,0.3544488562889647,-0.24932043390246583,-0.16636003053358253,-0.74673595846735,0.0000,1.0000,0.3000,9.669
2026-04-26 18:45:41.197,675,0.062244741769675996,0.35426246838003833,-0.2490305476562285,-0.16568873942571805,-0.7465393656708806,0.0000,1.0000,0.4000,9.066
2026-04-26 18:45:41.204,676,0.06232025946574491,0.35407324580169847,-0.2487364775683201,-0.16500811363716217,-0.7463401633641653,0.0000,1.0000,0.3000,10.924
2026-04-26 18:45:41.215,677,0.06239739172978403,0.3538803523156739,-0.24843670535138024,-0.1643141161928731,-0.7461370571819866,0.0000,0.7500,-0.0500,7.869
2026-04-26 18:45:41.222,678,0.06247582502591794,0.3536847904851635,-0.24813284188348017,-0.16361030238597749,-0.7459311007042297,0.0000,0.7500,0.0000,5.866
2026-04-26 18:45:41.234,679,0.06255535488797352,0.35348674729218327,-0.24782497477654172,-0.16289586653121718,-0.7457219298182491,0.0000,0.6500,0.0500,5.249
2026-04-26 18:45:41.246,680,0.06263628220104064,0.353285787734305,-0.24751264868668174,-0.16217095014052624,-0.7455097298163276,0.0000,0.8000,-0.1000,8.621
2026-04-26 18:45:41.255,681,0.06271760175685742,0.3530823520905744,-0.2471962265698121,-0.16143852814661697,-0.7452953197114364,0.0000,1.0000,0.4500,5.998
2026-04-26 18:45:41.267,682,0.06280031683791712,0.35287645706960546,-0.2468760424604773,-0.1606959835950439,-0.7450779272954512,0.0000,0.6500,0.0000,3.556
2026-04-26 18:45:41.275,683,0.06288435059473674,0.35266845872134905,-0.24655281847087399,-0.15994601978052728,-0.744858456909732,0.0000,1.0000,-0.0500,8.725
2026-04-26 18:45:41.287,684,0.06296955115904782,0.35245758999925036,-0.24622508865103587,-0.15918569103435676,-0.7446359492861924,0.0000,0.9500,0.2500,6.037
2026-04-26 18:45:41.299,685,0.06305622503292087,0.352244571945035,-0.24589423823547468,-0.15841685514516243,-0.7444110046465591,0.0000,0.9500,-0.1000,6.130
2026-04-26 18:45:41.307,686,0.06314472497256567,0.3520289926308964,-0.24555984963323887,-0.15763938887082293,-0.7441837172415475,0.0000,0.9500,-0.1000,8.486
2026-04-26 18:45:41.318,687,0.06323456646321626,0.35181127027119685,-0.24522216923403903,-0.1568522141683896,-0.7439535309550577,0.0000,0.6500,-0.2000,6.721
2026-04-26 18:45:41.326,688,0.06332526925087406,0.3515920395598245,-0.2448822242078398,-0.1560593524005228,-0.7437217054145916,0.0000,1.0000,0.1500,6.971
2026-04-26 18:45:41.337,689,0.06341728037001078,0.3513712654695931,-0.2445401695572322,-0.15526038295407102,-0.7434881753486174,0.0000,0.9000,-0.2000,8.483
2026-04-26 18:45:41.348,690,0.06351023016111977,0.3511496857501449,-0.24419699744266538,-0.1544566297449818,-0.7432532208646622,0.0000,0.9000,-0.1000,4.708
2026-04-26 18:45:41.358,691,0.06360344450123781,0.3509271773823358,-0.24385231114545577,-0.1536497381572423,-0.7430173401136854,0.0000,1.0000,0.1500,9.806
2026-04-26 18:45:41.374,692,0.06369750391322254,0.35070278633200563,-0.2435048670210211,-0.15283780581160467,-0.7427801203615328,0.0000,1.0000,0.4000,9.120
2026-04-26 18:45:41.384,693,0.06379288711528533,0.3504763591255349,-0.24315446451462797,-0.15201820623185883,-0.7425407214992205,0.0000,0.9000,-0.0500,9.657
2026-04-26 18:45:41.398,694,0.06388951802832267,0.3502484220881702,-0.24280205682289285,-0.15119345626331493,-0.742299949244026,0.0000,1.0000,-0.2000,8.645
2026-04-26 18:45:41.413,695,0.06398654024176549,0.35001946096862563,-0.24244792772032753,-0.15036404037526985,-0.7420577357660745,0.0000,0.9500,0.0500,7.005
2026-04-26 18:45:41.421,696,0.06408386133090183,0.3497892277302478,-0.2420916001627612,-0.14952923073526403,-0.7418138447201029,0.0000,0.9500,-0.0500,7.167
2026-04-26 18:45:41.432,697,0.06418163814686458,0.3495578209284041,-0.24173334331118532,-0.1486894666924374,-0.7415684464962506,0.0000,0.7500,-0.1000,6.910
2026-04-26 18:45:41.440,698,0.06428006948627457,0.3493241221527236,-0.24137157184044672,-0.1478440080786644,-0.7413215114618241,0.0000,1.0000,0.3000,7.539
2026-04-26 18:45:41.453,699,0.06437981286427204,0.3490875284867594,-0.24100547802407712,-0.1469896681481172,-0.7410721099963024,0.0000,0.9500,0.0500,10.771
2026-04-26 18:45:41.467,700,0.06448012143651448,0.3488492504847814,-0.24063686181246513,-0.1461313552757228,-0.7408216710990011,0.0000,1.0000,0.3500,9.538
2026-04-26 18:45:41.475,701,0.06458165192899133,0.3486094345560253,-0.2402660375445315,-0.1452662410579767,-0.7405692590703867,0.0000,0.8500,-0.1000,10.219
2026-04-26 18:45:41.488,702,0.06468380536636807,0.34836773894824913,-0.23989213704097093,-0.14439383423089136,-0.740314648526752,0.0000,0.7500,0.0500,8.001
2026-04-26 18:45:41.503,703,0.0647868845589382,0.34812482915608683,-0.23951654358729332,-0.1435168830273577,-0.7400587729080986,0.0000,0.8000,-0.2500,6.956
2026-04-26 18:45:41.512,704,0.06489129492224471,0.3478799990342269,-0.2391382566809306,-0.14263324466601535,-0.7398010551479944,0.0000,0.9000,0.0500,8.730
2026-04-26 18:45:41.645,705,0.06499691185887257,0.3476337006016872,-0.23875794492058777,-0.14174378597425905,-0.7395417056414937,0.0000,0.9000,-0.1500,9.336
2026-04-26 18:45:41.655,706,0.0651033032342159,0.34738528934589225,-0.2383743726891598,-0.14084781717979,-0.7392805122005596,0.0000,0.9500,0.2000,8.929
2026-04-26 18:45:41.664,707,0.06521025793084938,0.3471354848881231,-0.23798862048129482,-0.13994697353970073,-0.7390179002626317,0.0000,0.9000,0.1000,7.728
2026-04-26 18:45:41.673,708,0.0653183524808469,0.3468834507730161,-0.23759959556494703,-0.13903915619099494,-0.7387533635349695,0.0000,1.0000,0.1500,9.728
2026-04-26 18:45:41.682,709,0.06542662896222562,0.3466300351589656,-0.237208308991375,-0.1381276608347884,-0.7384877720991019,0.0000,1.0000,0.3000,9.335
2026-04-26 18:45:41.690,710,0.06553574089092301,0.3463759015979472,-0.2368161226722551,-0.13721292775488347,-0.7382212842561605,0.0000,1.0000,-0.1500,10.263
2026-04-26 18:45:41.698,711,0.06564558279068362,0.3461208124321501,-0.23642266810117282,-0.13629533598807672,-0.7379540618930427,0.0000,1.0000,0.1000,8.489
2026-04-26 18:45:41.707,712,0.06575571738489776,0.3458653779542981,-0.23602859937718051,-0.13537493686650273,-0.7376859332308177,0.0000,0.8500,-0.1500,10.294
2026-04-26 18:45:41.714,713,0.06586691166382336,0.34560831501705297,-0.2356322509627747,-0.1344493352009727,-0.737416400065549,0.0000,1.0000,0.1000,10.489
2026-04-26 18:45:41.722,714,0.0659783136465628,0.34535063192651627,-0.23523486497142695,-0.13352117057530422,-0.737146084033233,0.0000,1.0000,0.0500,9.585
2026-04-26 18:45:41.730,715,0.06609009118903234,0.3450912993445796,-0.23483499043711606,-0.132589942025155,-0.7368750206576741,0.0000,1.0000,0.4000,13.462
2026-04-26 18:45:41.738,716,0.06620253774921198,0.3448312252674246,-0.2344341766870119,-0.13165640088944616,-0.7366033714395068,0.0000,0.9500,-0.2000,9.620
2026-04-26 18:45:41.746,717,0.06631588570063977,0.34456888965268817,-0.2340299471495018,-0.13071622878245487,-0.7363298846981128,0.0000,1.0000,0.3500,10.583
2026-04-26 18:45:41.755,718,0.06643001473588123,0.344305346283717,-0.23362396146445144,-0.12977154055721926,-0.7360551160199927,0.0000,1.0000,0.1500,8.597
2026-04-26 18:45:41.764,719,0.06654450378989295,0.34404099440030395,-0.23321682283676812,-0.12882510756219645,-0.7357799240416707,0.0000,1.0000,0.2000,10.783
2026-04-26 18:45:41.774,720,0.06665891767990305,0.3437759335430158,-0.23280823210126572,-0.12787465500569112,-0.7355033843632269,0.0000,0.7000,0.1500,5.202
2026-04-26 18:45:41.783,721,0.06677330022206408,0.3435102395321437,-0.23239849344915098,-0.12692205058352418,-0.7352261703470373,0.0000,1.0000,0.2500,9.199
2026-04-26 18:45:41.793,722,0.0668883768575025,0.343243669261574,-0.23198751229880749,-0.1259657885988872,-0.7349479105853933,0.0000,0.8500,-0.0500,6.693
2026-04-26 18:45:41.804,723,0.06700372454681204,0.34297642884202073,-0.23157549806951158,-0.1250074108139942,-0.7346690513467911,0.0000,1.0000,0.0500,9.363
2026-04-26 18:45:41.814,724,0.06711971197557386,0.3427084072729853,-0.2311623808569657,-0.12404570989594715,-0.7343892408350792,0.0000,1.0000,0.0000,11.051
2026-04-26 18:45:41.823,725,0.06723589449260478,0.34243998240381035,-0.23074865256487936,-0.12308271685725283,-0.7341090680727774,0.0000,1.0000,0.0500,10.812
2026-04-26 18:45:41.833,726,0.0673523352253969,0.3421713671150881,-0.2303347997924636,-0.1221199972225797,-0.7338290751315435,0.0000,1.0000,0.0500,10.402
2026-04-26 18:45:41.842,727,0.06746935779880871,0.34190188423142015,-0.22991979547082506,-0.12115514411228265,-0.7335485687636281,0.0000,1.0000,0.1000,13.608
2026-04-26 18:45:41.853,728,0.06758646750545586,0.3416317657154891,-0.2295037341147062,-0.1201884518835582,-0.733267523903448,0.0000,0.9500,0.1000,11.137
2026-04-26 18:45:41.861,729,0.06770420574727022,0.34136082555057573,-0.22908650321081786,-0.1192184086319786,-0.732985523042519,0.0000,0.9000,-0.1000,6.108
2026-04-26 18:45:41.871,730,0.06782145799220927,0.3410905623795789,-0.2286700911636821,-0.11824959363071254,-0.73270375626512,0.0000,1.0000,0.1000,5.820
2026-04-26 18:45:41.880,731,0.06793921230586288,0.3408201992561682,-0.22825362416215875,-0.11727889565375434,-0.7324214131440993,0.0000,0.6000,-0.1500,6.578
2026-04-26 18:45:41.889,732,0.06805758093010746,0.3405483832399678,-0.22783495839882073,-0.11630370439371676,-0.7321378108897973,0.0000,1.0000,0.1500,9.192
2026-04-26 18:45:41.898,733,0.06817660034778512,0.34027552940974415,-0.22741489485365918,-0.11532596848304913,-0.7318535892762194,0.0000,1.0000,-0.0500,11.614
2026-04-26 18:45:41.906,734,0.06829637226254778,0.3400015404899002,-0.22699328686619513,-0.11434501888384024,-0.7315685412106672,0.0000,1.0000,0.1500,10.757
2026-04-26 18:45:41.915,735,0.06841681671822188,0.33972675325837776,-0.2265706221309854,-0.11336130959530692,-0.7312827560294589,0.0000,1.0000,0.0500,8.523
2026-04-26 18:45:41.922,736,0.06853728912666573,0.3394519810837842,-0.22614794553614753,-0.1123771861159566,-0.7309968215733977,0.0000,1.0000,0.2000,8.910
2026-04-26 18:45:41.932,737,0.0686582323103342,0.33917679158958325,-0.2257246850771554,-0.11139061561246459,-0.7307101577725253,0.0000,1.0000,0.0500,9.524
2026-04-26 18:45:41.941,738,0.06877879220137735,0.33890185200465356,-0.22530168191719346,-0.11040529777961361,-0.7304238333858386,0.0000,1.0000,0.2000,9.139
2026-04-26 18:45:41.949,739,0.06889945434987271,0.3386258488705097,-0.22487697996758685,-0.10941781585967146,-0.7301369330630681,0.0000,1.0000,0.3500,9.684
2026-04-26 18:45:41.958,740,0.06902026764964693,0.338349751590656,-0.2244521809802444,-0.10842998351426436,-0.7298499489665393,0.0000,1.0000,0.0500,10.534
2026-04-26 18:45:41.967,741,0.06914069745099481,0.33807396694154085,-0.22402774899835273,-0.10744360293001168,-0.7295633652826359,0.0000,1.0000,0.1500,11.767
2026-04-26 18:45:41.975,742,0.0692613784102937,0.3377972457967549,-0.22360172375698603,-0.10645328753997836,-0.72927556577968,0.0000,0.8000,0.1000,8.151
2026-04-26 18:45:41.984,743,0.06938202726375513,0.3375202803229129,-0.2231753321622347,-0.10546315651707228,-0.728987871001511,0.0000,1.0000,0.0500,9.417
2026-04-26 18:45:41.991,744,0.06950317064792055,0.3372419917513422,-0.2227469470546891,-0.10446940990198518,-0.7286991910501587,0.0000,1.0000,0.4000,6.477
2026-04-26 18:45:42.000,745,0.06962440971841802,0.3369635577505336,-0.2223182569020479,-0.10347416954974308,-0.7284100108839209,0.0000,0.7500,0.0000,8.143
2026-04-26 18:45:42.009,746,0.06974537968338536,0.33668542430506554,-0.22188981863016527,-0.10247861300752513,-0.7281206113010276,0.0000,1.0000,0.0000,7.316
2026-04-26 18:45:42.017,747,0.06986681091478314,0.33640593011909187,-0.22145933163398537,-0.10147963051088203,-0.7278302963396914,0.0000,1.0000,0.2000,9.304
2026-04-26 18:45:42.026,748,0.06998803835140475,0.33612687452728984,-0.22102950297075571,-0.10048219911549004,-0.7275404277791236,0.0000,1.0000,0.0500,10.270
2026-04-26 18:45:42.034,749,0.07010944072935203,0.33584666832209603,-0.2205978541144544,-0.09948220837685974,-0.7272498687327471,0.0000,1.0000,0.3500,10.765
2026-04-26 18:45:42.044,750,0.07023134429679562,0.33556533386200926,-0.22016465870864657,-0.09848035160998792,-0.7269589265801562,0.0000,1.0000,0.2500,12.069
2026-04-26 18:45:42.053,751,0.07035386062242323,0.335283778357444,-0.21973126857618658,-0.09747631257138979,-0.7266673416737843,0.0000,1.0000,0.0000,10.401
2026-04-26 18:45:42.061,752,0.07047610514414057,0.3350020649376595,-0.21929737711132857,-0.09647101440889527,-0.7263752774082465,0.0000,0.9500,0.3000,10.099
2026-04-26 18:45:42.070,753,0.07059817398549953,0.33472061831198474,-0.21886380905497244,-0.09546615571084492,-0.726083291720995,0.0000,0.8000,-0.0500,8.280
2026-04-26 18:45:42.079,754,0.07072019094871748,0.3344392210892416,-0.21843021207385482,-0.09446059480797,-0.7257910315063871,0.0000,1.0000,0.0500,9.934
2026-04-26 18:45:42.089,755,0.07084257272738556,0.33415745700279703,-0.21799615739452147,-0.09345377386967232,-0.7254984453757274,0.0000,0.9000,0.1000,8.750
2026-04-26 18:45:42.100,756,0.07096470622399952,0.3338756659507705,-0.21756204054660136,-0.09244828253120634,-0.7252063017539401,0.0000,1.0000,0.2000,10.107
2026-04-26 18:45:42.108,757,0.07108711971815374,0.33359362600164894,-0.21712762387738813,-0.0914418864547569,-0.7249139245677058,0.0000,1.0000,-0.1000,8.678
2026-04-26 18:45:42.119,758,0.07120977886118358,0.3333111627214699,-0.21669258333478375,-0.0904340167387124,-0.7246211324247375,0.0000,0.8000,0.0000,5.629
2026-04-26 18:45:42.127,759,0.07133252766348176,0.3330290563942468,-0.2162580661880934,-0.08942574339539863,-0.7243281441996665,0.0000,0.9500,-0.0500,9.246
2026-04-26 18:45:42.138,760,0.07145553880869986,0.33274584044253647,-0.21582187865233785,-0.088415362603916,-0.724034638379374,0.0000,1.0000,0.2000,9.877
2026-04-26 18:45:42.149,761,0.07157850863457939,0.3324620911977728,-0.2153848720641052,-0.08740483843388315,-0.7237411691826265,0.0000,1.0000,0.3000,11.911
2026-04-26 18:45:42.157,762,0.07170158535272607,0.3321789207853166,-0.21494889367599537,-0.08639580610458623,-0.7234481559879012,0.0000,1.0000,-0.0500,8.047
2026-04-26 18:45:42.170,763,0.07182439709345072,0.3318965786743104,-0.21451406554049637,-0.08538784664059741,-0.723155333479974,0.0000,1.0000,-0.0500,8.066
2026-04-26 18:45:42.180,764,0.07194743509137537,0.33161444174826177,-0.21407961225105865,-0.08437945178033991,-0.7228623558194041,0.0000,1.0000,0.0500,8.176
2026-04-26 18:45:42.192,765,0.07207024616212082,0.33133275948781676,-0.21364574483574741,-0.08337166902147665,-0.7225694761670258,0.0000,1.0000,0.1000,8.558
2026-04-26 18:45:42.206,766,0.07219301677872664,0.33105129255472016,-0.21321211569528425,-0.08236338413720222,-0.7222763667794136,0.0000,0.9000,-0.0500,6.527
2026-04-26 18:45:42.215,767,0.07231615895418404,0.33076856125332554,-0.21277667956773905,-0.08135330110821978,-0.7219829003334248,0.0000,1.0000,0.3000,4.170
2026-04-26 18:45:42.230,768,0.07243918954321103,0.330485934088806,-0.2123412288715468,-0.08034213815363482,-0.7216890013453573,0.0000,0.9000,0.0000,8.393
2026-04-26 18:45:42.239,769,0.07256231247419145,0.3302031899107821,-0.21190558524344094,-0.07933024695826847,-0.72139487499694,0.0000,1.0000,0.1000,10.588
2026-04-26 18:45:42.250,770,0.07268568441411863,0.3299201717331954,-0.21146960171431955,-0.07831758149928704,-0.7211005615895768,0.0000,1.0000,0.1000,6.289
2026-04-26 18:45:42.261,771,0.07280899942493237,0.3296379854171544,-0.21103492606366642,-0.07730640808101172,-0.720806628552187,0.0000,1.0000,-0.0500,9.079
2026-04-26 18:45:42.269,772,0.0729320705536812,0.3293565752080188,-0.21060131793623227,-0.07629609548384096,-0.7205128225050115,0.0000,0.9000,0.0500,8.803
2026-04-26 18:45:42.280,773,0.07305509972414653,0.32907505110104424,-0.21016752860991425,-0.07528593521060901,-0.7202190843539229,0.0000,1.0000,0.1000,8.753
2026-04-26 18:45:42.291,774,0.07317835165560746,0.32879355904647783,-0.2097339502025878,-0.07427631596736778,-0.7199255770495613,0.0000,1.0000,-0.0500,9.872
2026-04-26 18:45:42.299,775,0.07330168600069345,0.32851191759965354,-0.20930004967986757,-0.07326511851987477,-0.7196315374420146,0.0000,0.6500,-0.1500,7.000
2026-04-26 18:45:42.312,776,0.07342500650611951,0.32822971833617554,-0.2088652098090483,-0.07225266457935559,-0.7193371392839257,0.0000,1.0000,0.3000,9.271
2026-04-26 18:45:42.320,777,0.07354792770161588,0.3279479413904167,-0.2084308303044958,-0.07124098065201115,-0.7190428712031207,0.0000,1.0000,0.1500,7.314
2026-04-26 18:45:42.333,778,0.07367120381975709,0.3276660848228404,-0.20799653078235797,-0.0702293871444852,-0.7187487144777819,0.0000,1.0000,0.3000,9.160
2026-04-26 18:45:42.349,779,0.0737945826510469,0.3273840610789794,-0.2075619633625184,-0.06921697051094916,-0.7184543069801365,0.0000,0.8000,-0.0500,10.167
2026-04-26 18:45:42.360,780,0.07391794145780589,0.32710217027096766,-0.20712757993100497,-0.06820463515153725,-0.7181599007090447,0.0000,0.9500,0.0500,8.455
2026-04-26 18:45:42.374,781,0.07404125993421778,0.3268200751773698,-0.20669278173894023,-0.06719131124302835,-0.7178651642666528,0.0000,0.9500,0.0000,5.109
2026-04-26 18:45:42.383,782,0.07416432250701689,0.32653856688302074,-0.20625875714175296,-0.06617870582838904,-0.7175705353747464,0.0000,1.0000,0.1000,8.806
2026-04-26 18:45:42.396,783,0.07428714551333908,0.32625804006903536,-0.20582617322511257,-0.0651677429945847,-0.7172762812826543,0.0000,1.0000,-0.1000,7.755
2026-04-26 18:45:42.411,784,0.07440997264266169,0.3259773850351641,-0.20539354052548828,-0.06415833078917817,-0.7169826146313932,0.0000,1.0000,0.2000,6.809
2026-04-26 18:45:42.421,785,0.07453279498225453,0.32569635957586124,-0.20496040638854868,-0.06314941787272028,-0.7166891955398801,0.0000,1.0000,0.3000,6.605
2026-04-26 18:45:42.439,786,0.07465557693325107,0.3254150137621862,-0.20452676595622257,-0.06214036236936515,-0.7163957750295525,0.0000,1.0000,0.1500,9.053
2026-04-26 18:45:42.451,787,0.07477830248317531,0.32513362639247456,-0.20409311770192795,-0.061132281908283244,-0.7161027059161309,0.0000,1.0000,0.1000,7.355
2026-04-26 18:45:42.466,788,0.07490086136158801,0.3248529137182473,-0.20366046116331224,-0.060125372135183854,-0.7158099090737617,0.0000,0.9500,0.0000,9.617
2026-04-26 18:45:42.481,789,0.07502308880954231,0.32457251903244677,-0.2032282572429476,-0.059120397991252634,-0.7155176975694004,0.0000,1.0000,0.2500,11.099
2026-04-26 18:45:42.491,790,0.07514511177228785,0.32429245307352855,-0.20279645290072673,-0.05811584170761298,-0.7152255406223645,0.0000,0.9000,-0.1000,6.248
2026-04-26 18:45:42.503,791,0.07526708775147632,0.32401212163937937,-0.20236422072517402,-0.05711116315364192,-0.7149333785015937,0.0000,1.0000,0.3000,10.894
2026-04-26 18:45:42.512,792,0.0753888836298169,0.3237323213780987,-0.2019327602040726,-0.05610760821323902,-0.714641495214089,0.0000,1.0000,0.0500,10.899
2026-04-26 18:45:42.525,793,0.07551084829900914,0.32345222619986447,-0.20150091035114837,-0.05510352932071318,-0.7143495052845228,0.0000,1.0000,0.2000,10.309
2026-04-26 18:45:42.538,794,0.07563318891434195,0.3231719710625854,-0.20106902092176124,-0.05409937073517331,-0.714057583394826,0.0000,1.0000,0.1000,9.271
2026-04-26 18:45:42.545,795,0.07575499491409945,0.3228920272773325,-0.2006373300365495,-0.053095673397096296,-0.7137656750073014,0.0000,1.0000,0.1000,9.325
2026-04-26 18:45:42.556,796,0.07587668138150302,0.3226123018798933,-0.20020594404888742,-0.052092603353665334,-0.7134739328811819,0.0000,1.0000,-0.1000,10.100
2026-04-26 18:45:42.564,797,0.07599814162575814,0.32233285332408645,-0.19977486715340362,-0.051089910872974556,-0.7131822361846577,0.0000,1.0000,0.2000,8.583
2026-04-26 18:45:42.576,798,0.07611938606953694,0.32205345973561184,-0.19934376684638047,-0.05008742512175913,-0.7128905650383491,0.0000,1.0000,0.1500,6.219
2026-04-26 18:45:42.589,799,0.07624082837124019,0.32177395354439825,-0.19891256156468703,-0.04908444734235036,-0.7125987710323668,0.0000,0.7000,-0.0500,8.018
2026-04-26 18:45:42.598,800,0.07636205098658216,0.3214948376720916,-0.19848176076801355,-0.0480810393877673,-0.7123067093070914,0.0000,0.9000,0.1000,6.920
2026-04-26 18:45:42.610,801,0.07648329652802065,0.32121604277666055,-0.19805150307578998,-0.04707837915738485,-0.712014864914295,0.0000,1.0000,-0.1000,7.179
2026-04-26 18:45:42.619,802,0.07660431942199666,0.3209377102493267,-0.1976218510220046,-0.04607636500545549,-0.7117231305402975,0.0000,1.0000,-0.1500,8.311
2026-04-26 18:45:42.632,803,0.07672553266542131,0.32065957793180305,-0.19719263487782757,-0.04507484577506998,-0.7114315739799987,0.0000,1.0000,-0.1000,9.954
2026-04-26 18:45:42.646,804,0.07684687012377987,0.3203813829290982,-0.1967633973892923,-0.04407339411900356,-0.7111400756145145,0.0000,0.8500,0.0000,8.034
2026-04-26 18:45:42.654,805,0.0769679168971581,0.3201028228485723,-0.19633345656099613,-0.043071835099215396,-0.7108485513795365,0.0000,1.0000,0.1000,8.992
2026-04-26 18:45:42.667,806,0.07708860985250726,0.31982430807407636,-0.19590342056366222,-0.042070670590056466,-0.7105570976861585,0.0000,1.0000,0.2000,9.956
2026-04-26 18:45:42.676,807,0.07720909245212312,0.3195457947617168,-0.19547322053920127,-0.04106898323069349,-0.7102654150095257,0.0000,0.8500,0.1500,6.350
2026-04-26 18:45:42.690,808,0.0773294977074825,0.3192678525753882,-0.19504394084901236,-0.04006878766472136,-0.7099741565611138,0.0000,1.0000,0.0000,7.456
2026-04-26 18:45:42.705,809,0.07744976642869054,0.31899035542870124,-0.19461531224576434,-0.03906949406208559,-0.709683120025342,0.0000,1.0000,0.0500,11.450
2026-04-26 18:45:42.717,810,0.0775698017933823,0.31871271736050055,-0.1941863790234193,-0.03807054534749987,-0.7093921917687043,0.0000,1.0000,0.2000,10.076
2026-04-26 18:45:42.731,811,0.07768964466301323,0.31843538142126504,-0.19375789533185667,-0.037072902581020736,-0.7091016481472331,0.0000,1.0000,-0.0500,10.064
2026-04-26 18:45:42.746,812,0.0778092599748261,0.31815821696940305,-0.19332958254681293,-0.03607580093472055,-0.7088112284245031,0.0000,1.0000,0.2000,6.189
2026-04-26 18:45:42.756,813,0.07792878090642091,0.3178812212433415,-0.19290152435142635,-0.03507940544869632,-0.7085210173360866,0.0000,1.0000,0.0500,8.222
2026-04-26 18:45:42.877,814,0.07804817200167281,0.31760417043232003,-0.19247338546836765,-0.0340838211961576,-0.7082310873414277,0.0000,1.0000,0.0500,9.390
2026-04-26 18:45:42.885,815,0.07816786110920204,0.31732714424393144,-0.1920454971433191,-0.03308884889009663,-0.7079414292755283,0.0000,1.0000,0.0500,10.289
2026-04-26 18:45:42.893,816,0.0782871959495584,0.3170505600932916,-0.1916181215134083,-0.032094606506101624,-0.7076518915532477,0.0000,0.9000,-0.0500,5.567
2026-04-26 18:45:42.900,817,0.07840646714362942,0.3167741672610468,-0.1911910280753022,-0.0311008257326951,-0.7073624750367726,0.0000,0.9500,0.0500,10.279
2026-04-26 18:45:42.908,818,0.07852567896214832,0.3164975896667935,-0.1907636464904098,-0.030107223956674922,-0.7070731461168486,0.0000,1.0000,0.3000,10.529
2026-04-26 18:45:42.917,819,0.07864470394468305,0.31622104047269806,-0.19033629601588378,-0.029114666632150805,-0.7067841575770436,0.0000,1.0000,0.2000,11.019
2026-04-26 18:45:42.926,820,0.07876339257214304,0.3159450196245164,-0.1899096600932244,-0.028123569063714157,-0.7064955423569903,0.0000,1.0000,0.0500,10.884
2026-04-26 18:45:42.935,821,0.07888202314067164,0.3156698352061409,-0.18948434348332438,-0.02713398397569988,-0.7062073142174539,0.0000,1.0000,0.0500,8.241
2026-04-26 18:45:42.944,822,0.07900065189171829,0.315394542829737,-0.18905893211408803,-0.026145128813261392,-0.7059193705298035,0.0000,1.0000,0.1000,10.924
2026-04-26 18:45:42.953,823,0.07911891010119981,0.3151198103361511,-0.18863420714947038,-0.02515712276018602,-0.7056315661713554,0.0000,1.0000,0.2000,7.849
2026-04-26 18:45:42.961,824,0.07923716382139188,0.31484556015004145,-0.18821027124357775,-0.024170139400444796,-0.705344044927167,0.0000,1.0000,0.1000,8.860
2026-04-26 18:45:42.969,825,0.079355298856266,0.31457215061515315,-0.1877875924667233,-0.023184278688262575,-0.7050567572318924,0.0000,0.7000,-0.1000,7.550
2026-04-26 18:45:42.977,826,0.07947324455448306,0.3142987830703271,-0.1873649055310176,-0.02219882445539855,-0.7047695750300649,0.0000,0.8500,-0.1000,5.321
2026-04-26 18:45:42.987,827,0.07959084138335448,0.31402554951631867,-0.18694227235841374,-0.021213942546668033,-0.7044825128994036,0.0000,1.0000,0.0000,6.110
2026-04-26 18:45:42.995,828,0.07970791143318867,0.31375245240900196,-0.18651956276672613,-0.020229228648686485,-0.7041953910269295,0.0000,0.8000,0.1000,6.826
2026-04-26 18:45:43.005,829,0.07982494399226552,0.31347922372849507,-0.18609672567311808,-0.019245472972279014,-0.7039086344581788,0.0000,1.0000,0.3000,8.640
2026-04-26 18:45:43.013,830,0.07994188147262676,0.31320561251312834,-0.1856733270785821,-0.018262261983421558,-0.7036221279796948,0.0000,1.0000,0.3500,12.580
2026-04-26 18:45:43.022,831,0.08005830482148452,0.31293175912824034,-0.18524929118480143,-0.017279029919423212,-0.7033355641508438,0.0000,0.9000,0.2000,8.663
2026-04-26 18:45:43.032,832,0.08017470588911316,0.3126579487682197,-0.18482540336079875,-0.016296901181941728,-0.7030493894223389,0.0000,1.0000,0.2000,9.689
2026-04-26 18:45:43.041,833,0.08029101347744357,0.3123842218982487,-0.18440165539605002,-0.015315564761667982,-0.7027634704010084,0.0000,1.0000,0.1000,6.195
2026-04-26 18:45:43.049,834,0.0804073062118609,0.312110456403605,-0.18397792707269034,-0.014335179912880278,-0.7024779014991793,0.0000,1.0000,0.4500,12.709
2026-04-26 18:45:43.058,835,0.08052348645592848,0.3118367612665703,-0.18355431480628542,-0.013355648882944661,-0.7021926096068264,0.0000,1.0000,0.0000,9.372
2026-04-26 18:45:43.066,836,0.0806397782564324,0.3115636907366709,-0.18313179159535528,-0.01237746196286186,-0.7019077129780997,0.0000,1.0000,-0.0500,7.610
2026-04-26 18:45:43.075,837,0.08075596485246958,0.31129060666728464,-0.1827092542947171,-0.01139999505370938,-0.7016230612868466,0.0000,1.0000,0.2500,9.861
2026-04-26 18:45:43.084,838,0.08087224087201164,0.31101775815884114,-0.18228722159448227,-0.010423799964921892,-0.7013388452902347,0.0000,1.0000,-0.1000,10.879
2026-04-26 18:45:43.093,839,0.08098847862893593,0.31074490366374924,-0.1818652458368652,-0.009448582938071569,-0.7010549788723286,0.0000,1.0000,0.1500,8.615
2026-04-26 18:45:43.101,840,0.08110466772275685,0.31047245346722663,-0.18144394244761564,-0.00847461110087064,-0.7007714826853457,0.0000,1.0000,0.0000,9.545
2026-04-26 18:45:43.110,841,0.08122060803472678,0.3102003985337001,-0.18102316189152634,-0.007501584458654941,-0.7004882129010518,0.0000,0.7000,0.0000,6.893
2026-04-26 18:45:43.121,842,0.08133649369363667,0.30992869713846627,-0.1806029753135437,-0.00652978804513586,-0.7002053160536053,0.0000,1.0000,0.2500,7.805
2026-04-26 18:45:43.129,843,0.08145234682492164,0.30965787407205914,-0.18018418146007792,-0.0055594782922148405,-0.6999227940003524,0.0000,0.8000,-0.3000,7.553
2026-04-26 18:45:43.140,844,0.08156815693551686,0.30938757739522765,-0.17976624411474088,-0.004590450434232656,-0.6996406343651692,0.0000,0.8000,-0.0500,6.774
2026-04-26 18:45:43.149,845,0.08168392563635948,0.3091176537402142,-0.1793489326562078,-0.0036226114888954506,-0.6993588315172031,0.0000,1.0000,-0.0500,9.778
2026-04-26 18:45:43.157,846,0.08179922594952033,0.30884777539635855,-0.1789314739740613,-0.0026552621190265796,-0.6990771131063338,0.0000,1.0000,0.3000,7.291
2026-04-26 18:45:43.167,847,0.08191426556022938,0.3085776279018272,-0.1785135413349015,-0.0016885931798679035,-0.6987956434731554,0.0000,0.9500,0.4000,8.821
2026-04-26 18:45:43.175,848,0.08202925411128519,0.30830788559656114,-0.17809628304272793,-7.231883695822158E-4,-0.6985145503839713,0.0000,1.0000,0.0000,7.954
2026-04-26 18:45:43.183,849,0.08214429851863174,0.308038175773689,-0.1776791968557114,2.4115550240901148E-4,-0.6982338471582198,0.0000,1.0000,0.0000,11.477
2026-04-26 18:45:43.192,850,0.08225897809250224,0.3077685345160487,-0.17726206994875116,0.0012048330385827353,-0.6979533072572583,0.0000,1.0000,0.2500,8.140
2026-04-26 18:45:43.200,851,0.08237347132165483,0.3074992072620819,-0.1768454053601996,0.002167309099151183,-0.6976731131073943,0.0000,1.0000,0.0500,7.408
2026-04-26 18:45:43.209,852,0.08248767658091526,0.30723008838152677,-0.1764289737029966,0.003128807435993224,-0.6973931840751563,0.0000,1.0000,0.2000,9.057
2026-04-26 18:45:43.217,853,0.0826016333907539,0.3069615102558475,-0.17601328342835432,0.004089290636536639,-0.6971134805202729,0.0000,1.0000,0.0500,9.791
2026-04-26 18:45:43.227,854,0.08271567209268306,0.30669364350385636,-0.17559878945767027,0.0050484668351223685,-0.6968341376187736,0.0000,1.0000,-0.0500,10.917
2026-04-26 18:45:43.237,855,0.08282954144381753,0.30642609803111,-0.1751847705449123,0.0060065210845493796,-0.696555113327002,0.0000,1.0000,0.1500,7.764
2026-04-26 18:45:43.244,856,0.08294322904457178,0.30615848206832835,-0.17477064144231352,0.006963548714386956,-0.6962764419584634,0.0000,1.0000,0.1000,10.597
2026-04-26 18:45:43.253,857,0.08305662629004032,0.3058912297812702,-0.17435698213939602,0.007919465168073347,-0.6959980555778802,0.0000,1.0000,0.2500,6.495
2026-04-26 18:45:43.260,858,0.08317003154499318,0.30562447782399754,-0.17394420999313354,0.008873656473401992,-0.6957202068522407,0.0000,0.8500,-0.0500,6.845
2026-04-26 18:45:43.270,859,0.08328336615723418,0.3053581170538742,-0.17353202633449805,0.009827190090705876,-0.6954425131602515,0.0000,1.0000,0.0000,10.513
2026-04-26 18:45:43.281,860,0.0833964946052201,0.3050915892892334,-0.17311958812641465,0.01077959568381382,-0.6951652223828914,0.0000,1.0000,0.4500,9.227
2026-04-26 18:45:43.290,861,0.083509150380973,0.3048253060792149,-0.17270731174587628,0.011731279131726346,-0.6948880636469974,0.0000,0.9500,0.3500,7.933
2026-04-26 18:45:43.302,862,0.08362169198465713,0.30455943702277494,-0.1722956679491701,0.012681926982813532,-0.6946111852829332,0.0000,0.8500,0.0000,7.092
2026-04-26 18:45:43.312,863,0.08373401146735174,0.30429374736988213,-0.17188423438972084,0.013631781634367382,-0.6943345222032208,0.0000,1.0000,0.2000,10.539
2026-04-26 18:45:43.324,864,0.08384640259132135,0.3040279461568151,-0.17147276652005283,0.014580640537475114,-0.6940582543780365,0.0000,1.0000,0.2500,7.392
2026-04-26 18:45:43.336,865,0.0839586112364754,0.30376242856059094,-0.17106165978559082,0.01552895217487819,-0.6937821006709051,0.0000,1.0000,0.0500,9.219
2026-04-26 18:45:43.344,866,0.08407095394118352,0.30349683153624407,-0.17065057050082388,0.016476587864592718,-0.6935062314380266,0.0000,1.0000,0.2000,8.086
2026-04-26 18:45:43.355,867,0.08418316668731632,0.30323200596703054,-0.17024070979325928,0.017422255489984086,-0.6932309138327652,0.0000,0.7500,0.1000,8.361
2026-04-26 18:45:43.363,868,0.0842949767894563,0.30296786441618956,-0.16983175157445096,0.01836650718196842,-0.6929559134007496,0.0000,0.6500,0.0000,6.876
2026-04-26 18:45:43.372,869,0.08440666218389664,0.30270386777744845,-0.16942301868337803,0.019309833883977816,-0.6926812001723388,0.0000,1.0000,0.1000,8.251
2026-04-26 18:45:43.381,870,0.08451834681007435,0.30243996069423135,-0.16901449256164836,0.02025229792071798,-0.6924067840852977,0.0000,1.0000,0.0500,8.435
2026-04-26 18:45:43.389,871,0.08462987451864658,0.302176044760579,-0.16860588753595027,0.021194530554432756,-0.6921324250929111,0.0000,1.0000,0.2000,7.151
2026-04-26 18:45:43.398,872,0.0847412810636185,0.30191307691513825,-0.16819877829787522,0.022134735963506125,-0.6918586087350636,0.0000,0.7500,-0.1500,5.869
2026-04-26 18:45:43.405,873,0.08485243761259649,0.30165020546793453,-0.16779175354634338,0.023074038665721573,-0.6915850575267781,0.0000,1.0000,0.2500,7.889
2026-04-26 18:45:43.416,874,0.08496319173900006,0.3013876429470759,-0.16738506810810427,0.02401212169334004,-0.6913118203755535,0.0000,1.0000,0.2000,7.010
2026-04-26 18:45:43.426,875,0.08507364706593605,0.3011253153692496,-0.16697862248750675,0.024949517736879232,-0.6910387358696952,0.0000,0.9500,0.0000,8.773
2026-04-26 18:45:43.433,876,0.08518381840772224,0.300863073613874,-0.16657218411792835,0.025886488215012098,-0.6907657387560571,0.0000,1.0000,0.2500,9.450
2026-04-26 18:45:43.443,877,0.08529415218397242,0.3006012389095049,-0.16616656121688003,0.026821961135480694,-0.6904932416138325,0.0000,1.0000,0.0000,10.572
2026-04-26 18:45:43.451,878,0.08540414111133494,0.3003395527934304,-0.16576103663653102,0.027756646243323947,-0.6902209411155892,0.0000,1.0000,0.4500,8.686
2026-04-26 18:45:43.461,879,0.08551406615309426,0.30007819981962996,-0.16535602707632716,0.028690598707081197,-0.689948834730767,0.0000,1.0000,0.0500,9.073
2026-04-26 18:45:43.473,880,0.08562400322425948,0.2998173410171652,-0.1649518938217478,0.029622876557298557,-0.6896772495201663,0.0000,1.0000,0.0000,8.730
2026-04-26 18:45:43.481,881,0.08573419345975448,0.2995564208809867,-0.1645478717944957,0.030554454596541394,-0.6894059758554684,0.0000,1.0000,-0.2000,7.291
2026-04-26 18:45:43.493,882,0.08584400653251444,0.29929584480696136,-0.16414423738623526,0.031484997097335404,-0.689134947507815,0.0000,0.9500,0.0500,8.773
2026-04-26 18:45:43.505,883,0.08595381262266674,0.2990353797192468,-0.16374084179201076,0.032414632987694716,-0.6888642272788544,0.0000,1.0000,0.0000,9.006
2026-04-26 18:45:43.513,884,0.08606320460728831,0.2987753976338073,-0.16333804924111472,0.03334286546640987,-0.68859385416359,0.0000,0.8000,0.1000,9.577
2026-04-26 18:45:43.525,885,0.08617266466228148,0.2985156581448702,-0.16293575411965722,0.03426990304939729,-0.688323883718148,0.0000,1.0000,-0.1000,11.514
2026-04-26 18:45:43.535,886,0.08628199492940583,0.29825642897238686,-0.16253422366051443,0.03519590274187109,-0.6880541742007283,0.0000,1.0000,0.0500,7.990
2026-04-26 18:45:43.547,887,0.08639136555453285,0.29799723447258986,-0.16213286830108006,0.03612076050156527,-0.6877848808627419,0.0000,1.0000,0.1500,9.629
2026-04-26 18:45:43.559,888,0.08650049344575023,0.2977383141779342,-0.16173186027982636,0.03704471586429835,-0.6875158215791806,0.0000,1.0000,0.0500,6.903
2026-04-26 18:45:43.567,889,0.08660931910240714,0.29747995614261036,-0.16133168792063515,0.03796664931884699,-0.6872473402547604,0.0000,1.0000,0.1500,8.614
2026-04-26 18:45:43.579,890,0.08671781420961767,0.2972220852237437,-0.16093211806995603,0.03888775356446973,-0.6869790116963324,0.0000,0.9500,-0.0500,5.724
2026-04-26 18:45:43.589,891,0.08682627915299936,0.2969645229811747,-0.16053307301120762,0.03980783093744211,-0.6867109948423165,0.0000,1.0000,0.1500,9.940
2026-04-26 18:45:43.609,892,0.0869348175456236,0.29670673067119413,-0.16013373916849183,0.040727832731713313,-0.6864430605612302,0.0000,1.0000,0.1000,11.878
2026-04-26 18:45:43.623,893,0.0870432362450767,0.29644944809860363,-0.15973522121744657,0.0416462857148973,-0.6861755749486009,0.0000,1.0000,0.0500,7.377
2026-04-26 18:45:43.635,894,0.08715177127279444,0.29619224264229804,-0.15933699084879643,0.04256349565458555,-0.6859085483889895,0.0000,1.0000,0.2500,11.069
2026-04-26 18:45:43.650,895,0.08726031399511226,0.2959354774293722,-0.15893959468668709,0.043478608088714635,-0.6856422058225738,0.0000,1.0000,0.1500,11.095
2026-04-26 18:45:43.661,896,0.08736896135786207,0.295679005268325,-0.15854281034599263,0.044392296034073006,-0.6853763469059452,0.0000,1.0000,-0.0500,10.986
2026-04-26 18:45:43.676,897,0.08747741982138785,0.295422697786564,-0.1581461919048716,0.04530564959838793,-0.6851105452072611,0.0000,1.0000,0.1500,7.748
2026-04-26 18:45:43.692,898,0.08758563061331169,0.2951672736862343,-0.15775094183651872,0.04621658834095787,-0.6848454158927312,0.0000,0.9500,0.0500,10.275
2026-04-26 18:45:43.703,899,0.08769377811464343,0.2949122317791573,-0.15735631058628832,0.047126444800005225,-0.6845805990532478,0.0000,1.0000,0.0000,5.889
2026-04-26 18:45:43.719,900,0.08780178731227842,0.29465722329346783,-0.15696183633186095,0.04803426875206247,-0.6843164900002203,0.0000,1.0000,0.2500,9.016
2026-04-26 18:45:43.729,901,0.08790992956135119,0.2944020562036199,-0.1565671635720825,0.04894252658899532,-0.6840522761161761,0.0000,1.0000,0.0500,10.465
2026-04-26 18:45:43.744,902,0.08801798404952613,0.2941471364626882,-0.1561729058829447,0.04984963950481472,-0.6837884175562815,0.0000,1.0000,0.1500,6.658
2026-04-26 18:45:43.760,903,0.08812573575838344,0.29389228901949,-0.1557786130221755,0.05075646938749292,-0.683524593641184,0.0000,1.0000,0.1500,8.765
2026-04-26 18:45:43.772,904,0.08823342128677462,0.2936375467403645,-0.15538451637513123,0.051662416602780425,-0.6832610594631845,0.0000,1.0000,0.1000,7.780
2026-04-26 18:45:43.791,905,0.08834057650301808,0.2933830749752491,-0.15499062433524208,0.05256724977973409,-0.6829977847071576,0.0000,1.0000,0.3000,10.027
2026-04-26 18:45:43.805,906,0.08844747611502651,0.29312853849259257,-0.15459650404721464,0.053472015014901605,-0.6827344998736147,0.0000,1.0000,0.2000,8.311
2026-04-26 18:45:43.820,907,0.08855432934211695,0.29287430829618866,-0.1542028982972661,0.05437573317997628,-0.6824715315950076,0.0000,1.0000,0.0500,10.964
2026-04-26 18:45:43.836,908,0.08866095204790421,0.29262106145228245,-0.15381070018182028,0.05527830859723219,-0.6822087580820773,0.0000,0.8500,-0.1500,8.223
2026-04-26 18:45:43.845,909,0.08876747025858736,0.29236800604348073,-0.15341872614184582,0.05618084603412296,-0.681945944501159,0.0000,1.0000,0.1500,9.041
2026-04-26 18:45:43.859,910,0.0888737666742979,0.2921152944418553,-0.15302726713737688,0.05708187922132916,-0.6816835750109373,0.0000,1.0000,0.1500,9.899
2026-04-26 18:45:43.868,911,0.08898042956260757,0.2918623566153223,-0.15263559452821465,0.05798383242818851,-0.6814209786599498,0.0000,1.0000,-0.1000,9.737
2026-04-26 18:45:43.881,912,0.08908685837845706,0.29161007005055645,-0.15224484301581098,0.05888466058820606,-0.6811586303767676,0.0000,0.7500,-0.1500,9.539
2026-04-26 18:45:43.892,913,0.08919312936923995,0.29135838969936206,-0.15185499785122525,0.05978426278399898,-0.6808965889134186,0.0000,1.0000,-0.1000,9.164
2026-04-26 18:45:43.899,914,0.0892994178318491,0.29110669736586303,-0.15146513415511115,0.06068397346479078,-0.6806345132880905,0.0000,1.0000,0.2000,7.367
2026-04-26 18:45:43.910,915,0.08940529078977957,0.29085596564797583,-0.15107671678627835,0.061580643018447304,-0.6803732932563239,0.0000,0.8000,0.0000,11.384
2026-04-26 18:45:43.919,916,0.08951100355109082,0.2906056808517952,-0.15068891500063847,0.0624767225010454,-0.6801121773445462,0.0000,1.0000,-0.1500,7.629
2026-04-26 18:45:43.931,917,0.08961652225318505,0.2903562272899017,-0.15030242732768548,0.06337047403720535,-0.6798517214765827,0.0000,0.9500,-0.0500,8.338
2026-04-26 18:45:43.943,918,0.08972186901256807,0.29010729975336624,-0.14991678418285745,0.06426231253478204,-0.6795918342915427,0.0000,1.0000,0.2500,10.368
2026-04-26 18:45:43.950,919,0.08982736338051413,0.28985811767223457,-0.14953082636234558,0.06515441754372787,-0.6793319232488115,0.0000,1.0000,-0.1000,9.780
2026-04-26 18:45:43.964,920,0.08993286177704432,0.2896087843879818,-0.14914470635154936,0.06604590382626292,-0.6790722653591749,0.0000,1.0000,0.1500,8.556
2026-04-26 18:45:44.090,921,0.09003820201092258,0.2893598817605875,-0.1487592332711392,0.06693620778338538,-0.6788129302866192,0.0000,1.0000,0.0500,7.965
2026-04-26 18:45:44.100,922,0.09014329813406123,0.28911083061399434,-0.1483734802277803,0.06782574285070948,-0.6785538573696539,0.0000,1.0000,0.2500,10.276
2026-04-26 18:45:44.110,923,0.09024824448333574,0.2888621144156192,-0.14798835035972227,0.068712876120072,-0.6782955696429644,0.0000,1.0000,0.2500,8.335
2026-04-26 18:45:44.118,924,0.09035297627766121,0.28861331287697106,-0.14760310176812722,0.06959865528729364,-0.6780377507648553,0.0000,1.0000,0.2500,10.491
2026-04-26 18:45:44.127,925,0.09045754838740631,0.28836509157666873,-0.14721878177576206,0.07048253839135545,-0.6777804867750762,0.0000,1.0000,0.0500,5.895
2026-04-26 18:45:44.136,926,0.09056186271513478,0.28811779245095365,-0.14683579169931926,0.07136499345155152,-0.6775235274795358,0.0000,0.8000,-0.1500,5.818
2026-04-26 18:45:44.145,927,0.09066585477511245,0.28787105139684593,-0.14645364485490261,0.07224516153470686,-0.6772672396942866,0.0000,1.0000,0.1000,9.710
2026-04-26 18:45:44.155,928,0.09076980750839855,0.28762460564355535,-0.14607206228470665,0.0731236045948538,-0.6770115182935842,0.0000,1.0000,0.3000,9.360
2026-04-26 18:45:44.164,929,0.09087353519928042,0.28737832553109477,-0.14569073984896147,0.07400047941828226,-0.6767562960731099,0.0000,1.0000,0.1500,11.294
2026-04-26 18:45:44.173,930,0.09097750632173218,0.2871318398824707,-0.1453092936970229,0.0748768804753775,-0.6765013277082605,0.0000,1.0000,0.2000,9.237
2026-04-26 18:45:44.182,931,0.09108129955812932,0.2868859210583351,-0.14492875399200078,0.07575130593644351,-0.6762469422873145,0.0000,1.0000,0.2000,8.720
2026-04-26 18:45:44.191,932,0.0911850797444074,0.28664010843256404,-0.14454842958342065,0.07662497755266162,-0.6759928092582805,0.0000,1.0000,0.2000,8.964
2026-04-26 18:45:44.201,933,0.09128923895943682,0.28639437509799764,-0.1441683996924078,0.07749894594717488,-0.6757386227564367,0.0000,1.0000,-0.2500,7.006
2026-04-26 18:45:44.211,934,0.0913932527675417,0.2861493299928342,-0.1437894643096375,0.07837100771507635,-0.6754849779527213,0.0000,1.0000,0.2000,7.657
2026-04-26 18:45:44.221,935,0.09149712403978047,0.28590456496792405,-0.14341095001774865,0.07924205738126609,-0.6752316242970555,0.0000,1.0000,0.1000,7.750
2026-04-26 18:45:44.231,936,0.09160120373324304,0.28565997538029997,-0.14303276774541904,0.0801135062779161,-0.6749781314148591,0.0000,1.0000,-0.0500,8.546
2026-04-26 18:45:44.241,937,0.09170501064185241,0.28541555016957726,-0.14265484031678774,0.08098313922805456,-0.6747252193447293,0.0000,1.0000,0.3000,12.207
2026-04-26 18:45:44.250,938,0.09180862873224876,0.2851719956662973,-0.14227828287321082,0.08185049485507401,-0.6744729427036275,0.0000,0.9000,-0.2000,9.859
2026-04-26 18:45:44.259,939,0.09191238821964529,0.2849284562251623,-0.14190186565343527,0.08271739158773136,-0.6742208558564465,0.0000,1.0000,0.2500,8.411
2026-04-26 18:45:44.268,940,0.09201596249720773,0.28468524004516993,-0.14152593612330996,0.08358297893178082,-0.67396915265528,0.0000,1.0000,0.2500,10.529
2026-04-26 18:45:44.277,941,0.09211933507715889,0.2844427269024566,-0.14115112041509661,0.08444634700968798,-0.6737180919173922,0.0000,1.0000,0.0000,11.427
2026-04-26 18:45:44.287,942,0.09222251495411292,0.28420125002294566,-0.14077797755774799,0.08530673216996983,-0.6734678923837643,0.0000,0.9000,-0.2500,10.927
2026-04-26 18:45:44.297,943,0.09232537565140737,0.2839596090483631,-0.14040458730029448,0.08616529266420307,-0.6732183281238767,0.0000,1.0000,0.6500,8.891
2026-04-26 18:45:44.306,944,0.0924281114261602,0.28371747199730485,-0.1400303357441074,0.08702463529956851,-0.6729685468882367,0.0000,1.0000,0.4000,11.690
2026-04-26 18:45:44.316,945,0.092530535219995,0.2834760180413804,-0.1396571126914259,0.08788171672771874,-0.6727194069441685,0.0000,0.9000,0.1000,4.821
2026-04-26 18:45:44.326,946,0.09263262298263268,0.2832349197547457,-0.13928437438516167,0.08873713524102586,-0.6724707458906435,0.0000,0.9000,0.1500,9.366
2026-04-26 18:45:44.335,947,0.0927344661386694,0.28299451335095227,-0.13891273865778836,0.08959002272506716,-0.6722228348991811,0.0000,1.0000,-0.0500,9.566
2026-04-26 18:45:44.346,948,0.09283597542853947,0.2827552627251384,-0.13854289559201727,0.09043967511204545,-0.6719758294214736,0.0000,0.9500,0.1500,8.240
2026-04-26 18:45:44.356,949,0.0929370627517539,0.2825162642757392,-0.13817337731341284,0.09128725286883219,-0.6717294557431024,0.0000,1.0000,0.3000,7.917
2026-04-26 18:45:44.369,950,0.09303774793905997,0.2822780780572135,-0.13780509138181643,0.0921318527679074,-0.671483944088548,0.0000,0.8000,0.1500,8.504
2026-04-26 18:45:44.382,951,0.09313825622957318,0.28204084984857086,-0.1374384254237044,0.09297289489066485,-0.671239519785189,0.0000,0.9000,0.0000,9.612
2026-04-26 18:45:44.394,952,0.09323916250191348,0.28180358689378093,-0.1370719427576553,0.09381374798065574,-0.6709952428604373,0.0000,1.0000,-0.0500,9.264
2026-04-26 18:45:44.406,953,0.09334011072774577,0.28156641674776556,-0.13670559680628708,0.09465482916941072,-0.6707508737064471,0.0000,1.0000,0.2000,9.131
2026-04-26 18:45:44.418,954,0.09344077790887644,0.28132954249128744,-0.13633970361627515,0.09549397331705806,-0.6705071039966561,0.0000,1.0000,0.1500,9.318
2026-04-26 18:45:44.429,955,0.09354131016898469,0.2810926445667489,-0.1359736146828182,0.09633407786638308,-0.6702629647853879,0.0000,0.9500,0.1500,10.872
2026-04-26 18:45:44.440,956,0.09364175830914226,0.2808557225439949,-0.13560749282168652,0.09717364983628078,-0.6700190082901814,0.0000,1.0000,0.2000,9.022
2026-04-26 18:45:44.449,957,0.09374237518518144,0.2806193062232477,-0.1352423619068123,0.09801142061943635,-0.669775645469804,0.0000,1.0000,-0.0500,9.514
2026-04-26 18:45:44.459,958,0.09384308280457666,0.2803827362194569,-0.1348771198679948,0.09884849493847787,-0.6695325803152021,0.0000,1.0000,0.3500,7.680
2026-04-26 18:45:44.470,959,0.09394385817561962,0.2801459356138547,-0.13451147942048922,0.09968666434044653,-0.6692891711601705,0.0000,1.0000,0.2000,10.002
2026-04-26 18:45:44.482,960,0.09404429702526095,0.27990964483273184,-0.13414655789620197,0.10052305942113159,-0.6690462532977874,0.0000,0.9000,-0.1000,7.854
2026-04-26 18:45:44.496,961,0.09414452941305534,0.27967324189061177,-0.1337815305507469,0.10135758102192127,-0.6688039995217004,0.0000,1.0000,0.4000,11.926
2026-04-26 18:45:44.508,962,0.09424423860304366,0.27943768006094444,-0.13341771495195484,0.1021890879186061,-0.6685625939122322,0.0000,1.0000,0.1500,8.731
2026-04-26 18:45:44.520,963,0.09434391802988307,0.2792026876381152,-0.1330548121778857,0.10301948163218388,-0.6683214841241099,0.0000,1.0000,0.2000,8.769
2026-04-26 18:45:44.532,964,0.09444301964810096,0.2789680457639573,-0.1326922726278341,0.10384801782753593,-0.6680808809728996,0.0000,1.0000,0.3000,7.564
2026-04-26 18:45:44.541,965,0.09454168826212536,0.2787337207389729,-0.13233005786982416,0.10467544895071491,-0.6678405432975947,0.0000,0.9500,0.0500,9.227
2026-04-26 18:45:44.552,966,0.09464082704847551,0.2784987672311996,-0.13196702201081,0.10550467363176178,-0.6675997531438318,0.0000,1.0000,0.1500,8.839
2026-04-26 18:45:44.561,967,0.09473989060434751,0.27826482072576325,-0.13160562817670063,0.10633149288880592,-0.6673596408894973,0.0000,0.8500,0.0000,9.602
2026-04-26 18:45:44.572,968,0.09483870473159806,0.27803074068649686,-0.13124394257416222,0.10715788473805597,-0.6671196629542514,0.0000,1.0000,0.3500,8.791
2026-04-26 18:45:44.585,969,0.09493762862003688,0.2777969647314263,-0.13088273414261228,0.10798454792940503,-0.6668795509880006,0.0000,1.0000,-0.2000,10.994
2026-04-26 18:45:44.597,970,0.09503618674508618,0.2775641336190308,-0.13052290621121504,0.10880894488561668,-0.666640024785993,0.0000,0.8000,-0.1500,3.348
2026-04-26 18:45:44.612,971,0.09513482076581198,0.2773312977208644,-0.13016319915387808,0.10963238744750577,-0.6664008602770097,0.0000,1.0000,0.0000,5.705
2026-04-26 18:45:44.622,972,0.09523361140136621,0.27709811777629706,-0.12980300218846688,0.11045665041710516,-0.6661614884388858,0.0000,1.0000,0.2000,7.884
2026-04-26 18:45:44.634,973,0.09533189149385443,0.276865437124602,-0.12944357259179862,0.11127739428334492,-0.6659232126402237,0.0000,1.0000,0.4000,10.693
2026-04-26 18:45:44.647,974,0.09542954318167307,0.27663401575459234,-0.12908599398134732,0.112094151957521,-0.6656860431227138,0.0000,0.9000,0.0000,8.437
2026-04-26 18:45:44.655,975,0.09552681372493407,0.27640319184358514,-0.12872921930022282,0.11290933551450913,-0.6654492680564136,0.0000,1.0000,0.0500,5.691
2026-04-26 18:45:44.669,976,0.09562416499655946,0.27617246887809527,-0.1283728326479969,0.11372234693135905,-0.6652132791566947,0.0000,1.0000,0.3500,6.293
2026-04-26 18:45:44.680,977,0.0957215378462734,0.2759417174038089,-0.12801646819996199,0.11453478415898785,-0.6649775081334496,0.0000,1.0000,0.2000,9.923
2026-04-26 18:45:44.694,978,0.09581878835017474,0.27571069906375617,-0.1276597197343588,0.11534643843088722,-0.6647420480718156,0.0000,1.0000,0.4000,9.484
2026-04-26 18:45:44.708,979,0.09591596601757696,0.27548003155110284,-0.1273035666101353,0.11615671699349053,-0.6645070112127781,0.0000,1.0000,0.2000,10.250
2026-04-26 18:45:44.718,980,0.09601336072945249,0.27524914124401023,-0.12694709300694118,0.11696825525466895,-0.6642715962270962,0.0000,1.0000,0.0500,6.269
2026-04-26 18:45:44.731,981,0.09611064520931045,0.27501845884221743,-0.1265909556035096,0.11777875733212738,-0.6640365001675762,0.0000,0.9000,-0.1000,9.693
2026-04-26 18:45:44.741,982,0.09620747970991933,0.27478815075240476,-0.12623529016419366,0.11858735388766277,-0.6638019471295886,0.0000,1.0000,0.2500,7.981
2026-04-26 18:45:44.752,983,0.0963043815156457,0.2745573846505955,-0.1258790563232651,0.11939527551235032,-0.6635677350091709,0.0000,1.0000,0.4500,11.736
2026-04-26 18:45:44.763,984,0.09640099699002212,0.27432731077055245,-0.12552376964859963,0.12020213292576709,-0.6633337319322499,0.0000,0.8000,-0.0500,5.413
2026-04-26 18:45:44.771,985,0.09649747398214223,0.27409714746882213,-0.12516830941385487,0.12100863496112373,-0.6630998491402945,0.0000,1.0000,0.2500,9.019
2026-04-26 18:45:44.782,986,0.0965943135362885,0.2738664442928978,-0.1248120544152421,0.12181741392915998,-0.6628653024291654,0.0000,1.0000,-0.1000,8.468
2026-04-26 18:45:44.792,987,0.09669081225498034,0.2736363373230144,-0.12445676029801653,0.12262311467376656,-0.6626317046782076,0.0000,1.0000,0.1000,10.212
2026-04-26 18:45:44.804,988,0.0967868930470011,0.27340741817827097,-0.12410326220429421,0.12342555403213372,-0.6623990009087248,0.0000,0.8500,0.0000,8.498
2026-04-26 18:45:44.815,989,0.09688323949097352,0.2731779014988531,-0.12374892757089981,0.1242292259554457,-0.6621660058548818,0.0000,1.0000,0.3000,11.404
2026-04-26 18:45:44.825,990,0.09697962698071544,0.2729481484717016,-0.12339419747987657,0.12503370993611143,-0.6619327659210187,0.0000,1.0000,0.1500,7.751
2026-04-26 18:45:44.836,991,0.0970754225973031,0.2727189618499228,-0.12304022034439133,0.12583542000576545,-0.661700324064678,0.0000,1.0000,0.4500,6.723
2026-04-26 18:45:44.847,992,0.09717115699050267,0.2724898444945176,-0.12268640839753768,0.12663605131469768,-0.6614682507385766,0.0000,1.0000,0.3000,10.218
2026-04-26 18:45:44.857,993,0.09726704906942625,0.27226012170292646,-0.12233169883311781,0.12743781298391516,-0.6612359051011486,0.0000,1.0000,0.4000,7.727
2026-04-26 18:45:44.870,994,0.09736329901854916,0.27202991657069886,-0.12197633472770814,0.1282412018452446,-0.6610031205027534,0.0000,1.0000,-0.1000,10.022
2026-04-26 18:45:44.879,995,0.09746018123767042,0.2717990279257457,-0.12162012065329836,0.12904679529011545,-0.6607697734507927,0.0000,1.0000,0.2500,11.102
2026-04-26 18:45:44.890,996,0.09755749359624148,0.2715679045329424,-0.12126367143678043,0.12985379771480993,-0.6605360349113873,0.0000,1.0000,-0.1000,8.092
2026-04-26 18:45:44.901,997,0.09765471766459087,0.27133746294330796,-0.12090842227916783,0.13065797618327088,-0.6603031832287287,0.0000,0.9000,-0.1000,9.675
2026-04-26 18:45:44.910,998,0.0977523367903137,0.2711071555380458,-0.12055359278193836,0.13146205330033317,-0.6600704158134217,0.0000,1.0000,-0.2500,7.486
2026-04-26 18:45:44.921,999,0.0978499894748249,0.27087706736141337,-0.12019919859384105,0.13226504868208638,-0.6598380079793861,0.0000,1.0000,0.0500,7.377
2026-04-26 18:45:44.933,1000,0.09794778481938654,0.27064651693963077,-0.11984410812530977,0.13306916087603676,-0.6596053039960011,0.0000,1.0000,0.5000,11.491
