timestamp,episode,openness,conscientiousness,extraversion,agreeableness,neuroticism,stress,satisfaction,social_energy,total_reward
2026-04-20 22:13:57.024,0,0.5,0.5,0.5,0.5,0.5,0.0000,0.0000,0.0000,0.000
2026-04-20 22:13:57.157,1,0.49951507840210285,0.5076579648646525,0.49401215419448985,0.4975173327832034,0.4894236068620305,0.1500,1.0000,-0.0500,7.038
2026-04-20 22:13:57.214,2,0.4993446627347752,0.5135654031364812,0.49054141416111774,0.49587638699644815,0.4789578770535479,-0.0500,1.0000,0.2500,7.458
2026-04-20 22:13:57.252,3,0.5001530457001502,0.5187652153274298,0.4874628330140257,0.49388219222708074,0.4685301891622045,0.2500,1.0000,0.0500,6.339
2026-04-20 22:13:57.283,4,0.501290206878414,0.523714178626935,0.48444150460995566,0.4917827593922979,0.4583327999533532,0.3000,1.0000,0.3500,8.230
2026-04-20 22:13:57.313,5,0.5023961943898577,0.5285313648371639,0.48147361701404817,0.4896886032643482,0.4484124792816622,0.2500,0.9500,0.1500,3.609
2026-04-20 22:13:57.342,6,0.503668786153725,0.5331498897478502,0.4785758844110045,0.48756536283697444,0.4387438137384907,0.6500,0.8500,0.1500,5.015
2026-04-20 22:13:57.366,7,0.5048592670596658,0.5377303441528624,0.47558577875862984,0.4852563881858838,0.42924194133945526,0.0500,1.0000,0.1500,8.157
2026-04-20 22:13:57.391,8,0.5059519446927335,0.5423292866683628,0.47246340055877944,0.4828900381508367,0.4199887036453073,0.4000,1.0000,0.1500,3.203
2026-04-20 22:13:57.415,9,0.5068757839943578,0.5468986091840268,0.4693310293862381,0.4805800501698392,0.41101980751094,0.2500,1.0000,0.1500,5.527
2026-04-20 22:13:57.444,10,0.5076934464815724,0.5513092459416432,0.4663614878359714,0.4783841384479124,0.4023304775250944,0.2000,1.0000,0.3500,8.448
2026-04-20 22:13:57.463,11,0.5083881826759746,0.5556102031898246,0.4634848220080492,0.47624992599877175,0.3938940056287486,0.1000,0.9000,0.1000,6.952
2026-04-20 22:13:57.486,12,0.5089628271661918,0.5598624577682736,0.46061006185513387,0.4741379542342352,0.3856975145220379,0.1500,0.7500,0.1500,5.711
2026-04-20 22:13:57.507,13,0.5095191581053531,0.5639408906587167,0.45789495347318504,0.47212865326026343,0.37775636525993,0.3000,1.0000,0.4500,4.484
2026-04-20 22:13:57.526,14,0.5101317885495971,0.5678980133806975,0.45523395289971946,0.4701837035640489,0.3700651066526607,0.5500,0.7000,0.0000,4.985
2026-04-20 22:13:57.547,15,0.5107166660917986,0.5717332870951816,0.45265544959649473,0.46827426249008447,0.3625889926944791,0.2000,1.0000,0.1500,5.498
2026-04-20 22:13:57.568,16,0.5112224169216028,0.5754743640501816,0.4501423499070313,0.46639706001205083,0.3553209726506376,0.1500,1.0000,0.3000,6.278
2026-04-20 22:13:57.585,17,0.5116364180925891,0.5791532067308031,0.44764996687330716,0.46451638610904433,0.34824102731450507,0.0000,1.0000,0.1000,5.875
2026-04-20 22:13:57.602,18,0.5120498122322632,0.582725054796633,0.4452214709305219,0.462683814580199,0.3413710014655903,0.2500,1.0000,0.0000,3.647
2026-04-20 22:13:57.637,19,0.5124436631388376,0.586182503156359,0.44287309959542065,0.4608821348717179,0.33468980364269685,0.2000,1.0000,0.3000,2.716
2026-04-20 22:13:57.712,20,0.5128209712113917,0.5895683161328559,0.44054667961276167,0.4591090880525374,0.3282029153377975,0.3000,0.8500,0.0500,2.162
2026-04-20 22:13:57.735,21,0.5131540879810169,0.5928360951108108,0.43832393253939883,0.4573846130614472,0.32189900379599073,0.0000,1.0000,0.4000,4.084
2026-04-20 22:13:57.756,22,0.513503193281119,0.595993897424753,0.4361764234675012,0.4557186683601163,0.31578787897981353,0.3000,1.0000,0.0500,5.918
2026-04-20 22:13:57.776,23,0.5138419926335563,0.5990286866567621,0.4341340718015907,0.4541096030462587,0.3098558243965529,0.3000,1.0000,0.4000,3.831
2026-04-20 22:13:57.799,24,0.5141154380694852,0.6020177097135941,0.43209865206885734,0.45249634233283625,0.3040773198334392,-0.1000,0.9500,0.0500,2.085
2026-04-20 22:13:57.817,25,0.5143377222844313,0.6049513114937085,0.43008332128789034,0.45089038947775084,0.29845272674274925,0.1500,1.0000,0.3000,3.856
2026-04-20 22:13:57.833,26,0.5145180229962582,0.6078402314619145,0.4280730127668893,0.4492957124203086,0.2929835277670122,-0.0500,0.8000,-0.0500,4.788
2026-04-20 22:13:57.863,27,0.5147046714082049,0.6106488674965741,0.42610995655597017,0.447749413848106,0.28768205191382423,0.5000,0.7500,0.0000,4.972
2026-04-20 22:13:57.878,28,0.5148975488779429,0.6133676474069657,0.4242097103415692,0.44625171436420696,0.2825407204941314,0.5000,0.8500,0.2500,2.767
2026-04-20 22:13:57.892,29,0.5150461474467883,0.6160205873133998,0.42235140796465015,0.44476605590729107,0.2775341029960978,-0.1000,1.0000,0.0500,4.370
2026-04-20 22:13:57.905,30,0.5151886351205108,0.6185899209527294,0.4205523336106128,0.4433129205666375,0.27266916295916904,0.2500,1.0000,0.2000,6.492
2026-04-20 22:13:57.919,31,0.51531526639297,0.621083112771572,0.418806440089937,0.44188670169406524,0.2679391601628936,0.0500,1.0000,0.3500,3.825
2026-04-20 22:13:57.935,32,0.5154404272978831,0.6234751792253171,0.417148994534099,0.44050499552919414,0.2633445727602053,0.3000,1.0000,0.5500,5.786
2026-04-20 22:13:57.952,33,0.5155751919538749,0.6257973116465679,0.41552962468444166,0.43914601513107543,0.2588789172607803,0.1000,0.7000,0.0000,3.641
2026-04-20 22:13:57.965,34,0.515722226089259,0.6280516457114723,0.4139451625597894,0.43780512144465866,0.25453635648028994,0.1500,0.8000,0.1000,5.295
2026-04-20 22:13:57.990,35,0.5158805315743196,0.6302257080185956,0.4124167419868024,0.43648986560510067,0.25031361760738896,0.4000,0.9500,0.2500,1.996
2026-04-20 22:13:58.006,36,0.5160516479636746,0.6323279200817844,0.4109324098805218,0.4351939682029614,0.24620585418811083,0.4000,1.0000,0.1000,2.860
2026-04-20 22:13:58.022,37,0.516231805530393,0.6343580824793309,0.40949663291368704,0.43392253981603435,0.2422118738920484,0.2500,1.0000,0.4000,8.531
2026-04-20 22:13:58.038,38,0.5164170238884778,0.636327340004951,0.4080969522436121,0.43267530025622464,0.2383307359926226,0.2000,1.0000,0.3500,7.009
2026-04-20 22:13:58.053,39,0.5166389908305191,0.63821997487984,0.4067480978565384,0.43146560468404493,0.23456609563059744,0.5500,1.0000,0.2500,8.848
2026-04-20 22:13:58.066,40,0.5168661577998228,0.640054182715821,0.4054352821730127,0.4302816981302408,0.2309091435550381,0.1500,0.7000,0.1500,5.276
2026-04-20 22:13:58.082,41,0.5170951799192424,0.6418352473996009,0.40415209545667563,0.4291156808492947,0.2273530860798675,0.0500,0.9000,-0.1000,5.301
2026-04-20 22:13:58.095,42,0.5173093798152887,0.6435725665251643,0.4028922563523956,0.42796403449020776,0.22389340553066742,-0.1500,1.0000,0.4000,9.721
2026-04-20 22:13:58.108,43,0.5175252719587629,0.645257029507498,0.4016663552383479,0.4268384865866386,0.2205332899303159,0.1000,0.9500,0.2500,5.270
2026-04-20 22:13:58.122,44,0.5177488476673103,0.6468891582064397,0.4004715917697499,0.4257336259503109,0.21726743821304217,0.1500,1.0000,0.1000,2.434
2026-04-20 22:13:58.136,45,0.5180012128142661,0.6484582409429941,0.39931873561287345,0.4246599578469813,0.21409858540424076,0.4500,1.0000,0.1500,6.685
2026-04-20 22:13:58.151,46,0.5182564449128145,0.649980744624567,0.39819246485723714,0.42360299264693446,0.21101704460979484,0.1000,1.0000,0.1500,4.820
2026-04-20 22:13:58.163,47,0.51851850245897,0.6514571710561655,0.39709117624511847,0.42255972230505884,0.2080189429902672,0.1000,1.0000,0.0000,8.753
2026-04-20 22:13:58.174,48,0.5187891871048949,0.6528858275746482,0.396019274327615,0.421536969025775,0.20510539389549315,0.1500,1.0000,0.0000,7.899
2026-04-20 22:13:58.187,49,0.5190758306039416,0.6542618952886328,0.39498401576929576,0.42054414183924405,0.2022788730207495,0.3000,1.0000,0.2500,6.011
2026-04-20 22:13:58.199,50,0.5194063697759324,0.6555756959326084,0.39398912006391545,0.41957872462209855,0.19953596034914295,0.6500,0.7000,-0.3000,5.095
2026-04-20 22:13:58.210,51,0.5197450768250185,0.656848158881373,0.39301607628840934,0.41862435636300116,0.19686637827845144,0.1500,1.0000,0.3000,4.872
2026-04-20 22:13:58.223,52,0.5201020214280182,0.658070605202068,0.3920782926550807,0.41769891406989446,0.19427703112898956,0.5000,1.0000,0.5000,7.463
2026-04-20 22:13:58.236,53,0.5204486411654169,0.659261683337198,0.39115718700719654,0.41678362920252626,0.19175656147248418,0.0000,0.7500,0.1000,6.709
2026-04-20 22:13:58.250,54,0.5207820934931864,0.6604269820049743,0.3902445487784979,0.41586742425737727,0.18929751659377306,-0.1500,1.0000,0.2000,5.321
2026-04-20 22:13:58.263,55,0.5211213171653303,0.6615569990368108,0.3893494542918802,0.41495871197511613,0.18690224631868996,0.1000,1.0000,0.1000,8.095
2026-04-20 22:13:58.277,56,0.5214558253138468,0.6626561860391575,0.3884710897212983,0.4140600857056627,0.1845702464740293,-0.0500,1.0000,0.2000,8.652
2026-04-20 22:13:58.291,57,0.5217910572371217,0.6637210493043212,0.38761474945448476,0.4131784168304821,0.18230320592780308,0.1000,1.0000,0.2500,5.051
2026-04-20 22:13:58.306,58,0.5221178279104972,0.6647545500986104,0.38678180391108435,0.41231919047945476,0.18010217282691254,0.0500,1.0000,0.3000,7.309
2026-04-20 22:13:58.323,59,0.5224532911153641,0.6657536136859292,0.38596876201949004,0.41147213930682464,0.17796036991298192,0.2000,1.0000,0.0500,10.129
2026-04-20 22:13:58.337,60,0.5227706139372433,0.6667298496280593,0.3851704133774063,0.4106382479173298,0.1758766952104474,-0.1500,0.9500,0.1500,3.882
2026-04-20 22:13:58.351,61,0.5230875478903537,0.6676767157390242,0.38439010268456264,0.40981746549657366,0.17384957686251587,0.1000,1.0000,0.1500,9.082
2026-04-20 22:13:58.364,62,0.5233828316706944,0.6686025895958979,0.38362564487578665,0.40901360740424264,0.17187942249292348,-0.1500,1.0000,0.4000,6.277
2026-04-20 22:13:58.379,63,0.5236792671211695,0.6694977624309149,0.3828836219363399,0.4082299425186629,0.16996641148640956,0.2000,1.0000,0.3000,9.811
2026-04-20 22:13:58.389,64,0.5240015092895806,0.6703476794821354,0.38217957220590665,0.40748281202256487,0.1681173030315482,0.8000,0.6500,0.0500,8.649
2026-04-20 22:13:58.402,65,0.5243285177973385,0.6711682751512081,0.3814950941801882,0.4067511719963422,0.16632020610782888,0.3000,1.0000,0.1500,12.004
2026-04-20 22:13:58.415,66,0.5246527658006782,0.6719629390895212,0.3808292243672608,0.40603631505425775,0.16457443903349692,0.2000,1.0000,0.3500,4.914
2026-04-20 22:13:58.427,67,0.5249725051147098,0.6727362724390891,0.38017455400833977,0.40532785986907716,0.16287352299571559,0.0000,1.0000,0.0000,8.208
2026-04-20 22:13:58.441,68,0.5252775759297438,0.6734924348322585,0.3795303745134813,0.4046288663537334,0.16121781802347554,-0.1500,1.0000,-0.1000,6.899
2026-04-20 22:13:58.455,69,0.5255635689995019,0.6742474021283708,0.37887280270835916,0.4039217041390289,0.15959968279976883,-0.2500,0.8500,-0.1500,7.449
2026-04-20 22:13:58.474,70,0.525849712446241,0.6749675602988392,0.37824858223239527,0.40323556045975145,0.1580274460382225,0.3500,1.0000,0.2500,11.897
2026-04-20 22:13:58.491,71,0.5261318578953588,0.675667566135852,0.37763696463113317,0.40255920602335643,0.1564969788457746,0.2500,1.0000,0.4000,8.021
2026-04-20 22:13:58.510,72,0.5264025072753789,0.6763512924020945,0.37703575097471836,0.4018919736580121,0.15500684138807955,-0.0000,1.0000,0.2000,6.249
2026-04-20 22:13:58.531,73,0.5266646467726449,0.6770162426502023,0.3764491695925425,0.40123968576257385,0.1535588718035882,0.1500,1.0000,0.4000,11.489
2026-04-20 22:13:58.543,74,0.5269271474112243,0.677660244710967,0.37587681253635563,0.4005992205931461,0.1521504683512053,0.3000,1.0000,-0.0500,8.548
2026-04-20 22:13:58.556,75,0.527174994383273,0.6782922632316606,0.37531065707751593,0.39996336767187624,0.15077701614893138,0.0000,0.9000,0.1000,7.760
2026-04-20 22:13:58.568,76,0.5274212097235584,0.6789040692528688,0.37476026009011215,0.3993428860097214,0.14944291534846416,0.3500,1.0000,0.3000,7.895
2026-04-20 22:13:58.587,77,0.5276602901905192,0.6795003529454728,0.37422022893345136,0.398731558491705,0.14814410741914785,0.1500,1.0000,0.2000,10.577
2026-04-20 22:13:58.605,78,0.5278869336932229,0.680082748829053,0.3736914624857302,0.39813269904946297,0.14688132785282798,-0.0500,1.0000,0.4000,8.565
2026-04-20 22:13:58.636,79,0.5281063497087746,0.6806541209587363,0.37316523178286565,0.3975315990159487,0.14564632848622797,-0.0500,0.9500,-0.1000,7.561
2026-04-20 22:13:58.653,80,0.5283142415591339,0.6812115936077556,0.3726512389040929,0.39694467547267803,0.14444645084524502,0.0500,1.0000,0.2500,6.884
2026-04-20 22:13:58.679,81,0.5285186888129135,0.6817524525079601,0.3721505712410115,0.39637128092501756,0.1432805301781476,0.2000,1.0000,0.3500,9.755
2026-04-20 22:13:58.701,82,0.5287185012984125,0.6822766779707645,0.3716647851457656,0.3958144036192793,0.14214924483380928,0.2000,1.0000,0.3500,10.307
2026-04-20 22:13:58.714,83,0.5289202878955579,0.6827837488955774,0.37119127449901856,0.39526820858988854,0.14104888602838883,0.3500,1.0000,0.2000,7.384
2026-04-20 22:13:58.733,84,0.529105009555005,0.683278189155446,0.37073386031006283,0.3947447631509575,0.13998471985692,0.0000,0.9500,0.2000,6.241
2026-04-20 22:13:58.749,85,0.5292749324088533,0.6837620639568837,0.37028733029088196,0.3942356123127719,0.13895177428938393,-0.2000,1.0000,0.4000,8.733
2026-04-20 22:13:58.765,86,0.5294450156278746,0.6842331106158025,0.3698471270351996,0.39372928582710226,0.13794359200255918,-0.0500,1.0000,0.3000,6.316
2026-04-20 22:13:58.779,87,0.5296124538426137,0.6846916013703562,0.3694151655031459,0.3932297958833215,0.13696147855799856,0.0000,0.9500,0.0500,6.542
2026-04-20 22:13:58.802,88,0.5297813707963411,0.6851334906101045,0.3689978381213452,0.3927457944542682,0.13600908042498178,0.3000,0.9500,0.0500,4.719
2026-04-20 22:13:58.818,89,0.5299400030528088,0.6855617073754623,0.3685973864808487,0.3922846091105889,0.13508940225720667,0.1500,0.7500,0.2500,4.964
2026-04-20 22:13:58.834,90,0.5300925851591263,0.685978736625591,0.3682063068704379,0.39183363527669307,0.1341955024092014,0.0500,0.9500,0.2500,11.314
2026-04-20 22:13:58.899,91,0.5302485932969233,0.6863806121897951,0.3678272032474481,0.3913940350476107,0.13332734175153457,0.2500,0.8500,-0.0500,12.817
2026-04-20 22:13:58.915,92,0.5304023897098168,0.686767241132631,0.36746456224637225,0.39097461149740725,0.13248872024960098,0.3500,0.8500,0.1500,6.421
2026-04-20 22:13:58.933,93,0.5305543509801133,0.6871430278688546,0.36710935057860383,0.39056162752193313,0.131672185826837,0.0500,1.0000,0.2500,9.097
2026-04-20 22:13:58.948,94,0.5306967747677451,0.6875093139963587,0.3667643713712415,0.3901619582798365,0.1308806100438126,0.0000,1.0000,0.5000,7.251
2026-04-20 22:13:58.961,95,0.5308382474802721,0.6878623958815258,0.3664322046157205,0.3897769896077317,0.13011413678064337,0.3000,1.0000,0.2000,5.014
2026-04-20 22:13:58.976,96,0.5309823776074464,0.6882046248558263,0.36610595164684046,0.3893952071094293,0.12936647627218884,0.2500,1.0000,0.3500,7.719
2026-04-20 22:13:58.992,97,0.5311270381501526,0.6885364753368391,0.3657864857049194,0.3890187653378024,0.12863818920485115,0.2500,1.0000,0.0000,9.689
2026-04-20 22:13:59.005,98,0.5312659926764688,0.6888603207552986,0.3654733969206994,0.38864915363008806,0.1279295191549155,0.0000,1.0000,0.2500,9.038
2026-04-20 22:13:59.015,99,0.531405797869335,0.6891737627572107,0.3651678071568772,0.38828615493335406,0.12723987153635233,0.2000,1.0000,0.1500,9.618
2026-04-20 22:13:59.031,100,0.5315499141359807,0.6894759219342681,0.36486968290305355,0.3879287622668925,0.1265682713810313,0.3500,1.0000,-0.1500,9.232
2026-04-20 22:13:59.044,101,0.5316929614656435,0.6897703274714936,0.3645755647234874,0.3875735272091902,0.1259125371447526,0.0500,1.0000,-0.2000,5.043
2026-04-20 22:13:59.059,102,0.5318316892776294,0.690057709602977,0.364286470327042,0.3872231584390611,0.1252735795534833,0.1000,1.0000,0.2000,7.180
2026-04-20 22:13:59.073,103,0.5319612972228768,0.6903378873242848,0.3640063625594527,0.38688534537973024,0.12465481301379931,0.1500,1.0000,0.5000,5.435
2026-04-20 22:13:59.087,104,0.5320829516657531,0.6906124114012002,0.36373155908337884,0.3865542205164018,0.12405288637241707,0.1000,0.9500,-0.0500,3.915
2026-04-20 22:13:59.097,105,0.5321973323619443,0.6908798037449633,0.36346508514341463,0.38623430425178323,0.12346965495668129,0.2000,1.0000,0.2000,7.275
2026-04-20 22:13:59.104,106,0.5323116347005684,0.6911415818938157,0.3631992873869211,0.38591175698104885,0.1228978062363904,0.0500,1.0000,0.2000,8.940
2026-04-20 22:13:59.118,107,0.5324197290529301,0.6914003149845273,0.3629331653471725,0.3855870979828616,0.12233721890492082,-0.0500,1.0000,0.0000,6.927
2026-04-20 22:13:59.129,108,0.5325269876712281,0.6916530823299251,0.36266963015975134,0.3852631813842974,0.121788950508234,0.4000,1.0000,0.1500,7.385
2026-04-20 22:13:59.141,109,0.5326288055310829,0.691900089834147,0.3624116340940451,0.38494607159506067,0.12125567481913307,0.4000,1.0000,0.0500,7.555
2026-04-20 22:13:59.153,110,0.5327293529655437,0.6921401700042991,0.3621591690667002,0.3846345403033382,0.12073643000262377,0.2500,0.9500,0.0000,10.079
2026-04-20 22:13:59.168,111,0.5328250314325136,0.6923741167174611,0.36191325635157184,0.38433138062127437,0.12023227536606321,0.5000,1.0000,0.2000,10.517
2026-04-20 22:13:59.179,112,0.5329178096163512,0.692602739555438,0.36167116363753654,0.3840318954951607,0.1197405352513436,0.1000,1.0000,-0.0500,3.498
2026-04-20 22:13:59.189,113,0.5330087218109593,0.6928246573687749,0.36143539773967803,0.38373967665284103,0.11926268820507085,0.0500,1.0000,0.6000,6.421
2026-04-20 22:13:59.199,114,0.5330953101039594,0.6930399176477116,0.36120776917593506,0.3834583530901505,0.1188002409273661,-0.1000,0.8000,0.0500,5.312
2026-04-20 22:13:59.208,115,0.533176476719075,0.6932487201182802,0.36098885215516746,0.3831892346064669,0.11835354975405557,0.1000,0.9000,0.0000,6.809
2026-04-20 22:13:59.221,116,0.5332573762029628,0.6934512585147318,0.36077505740020577,0.38292529918765955,0.11791881407112721,0.3500,1.0000,0.2500,6.395
2026-04-20 22:13:59.230,117,0.5333336064596274,0.6936477207592898,0.36056917131636396,0.38267227148835853,0.11749861528715777,0.0500,1.0000,0.4500,9.726
2026-04-20 22:13:59.241,118,0.5334119150818083,0.6938382891365111,0.36036655163289316,0.38242101425574804,0.11708811228456316,0.1000,1.0000,0.0500,7.787
2026-04-20 22:13:59.249,119,0.5334902880104215,0.6940231404624158,0.360168401496528,0.3821740766533189,0.11668831532864792,0.6000,1.0000,0.3000,8.747
2026-04-20 22:13:59.258,120,0.5335697676412146,0.6942024462485433,0.3599738906042284,0.3819299366589118,0.11629820702138471,-0.0500,1.0000,0.3000,9.956
2026-04-20 22:13:59.271,121,0.5336480950320694,0.694376372861087,0.3597843936060407,0.3816914779990227,0.11591898053068231,0.1000,1.0000,0.2500,8.895
2026-04-20 22:13:59.281,122,0.5337251463977384,0.6945450816752544,0.3595998656534388,0.38145874137021074,0.1155504149703412,0.2500,1.0000,0.2500,12.676
2026-04-20 22:13:59.296,123,0.5338001021549919,0.6947087292249968,0.35942072958437854,0.38123269893019024,0.11519276242177387,0.2500,1.0000,0.2500,6.514
2026-04-20 22:13:59.307,124,0.533874749919834,0.6948674673482469,0.35924567381051925,0.3810108501896287,0.11484454566279274,0.3000,1.0000,0.0500,5.629
2026-04-20 22:13:59.317,125,0.5339451420910007,0.6950214433277995,0.3590772138170291,0.3807983451255908,0.11450811951373442,0.1500,0.8500,0.0000,8.102
2026-04-20 22:13:59.326,126,0.5340166953366756,0.6951708000279655,0.3589116257302483,0.3805878514272832,0.11417960425605245,-0.1500,1.0000,0.3500,9.055
2026-04-20 22:13:59.338,127,0.5340848417853596,0.6953156760271265,0.35875184541915134,0.3803853528060856,0.11386178458918134,0.0500,1.0000,0.5000,10.794
2026-04-20 22:13:59.349,128,0.5341507830906534,0.6954562057463127,0.35859696568400706,0.3801891434767636,0.11355360667893617,0.2000,1.0000,0.1500,7.040
2026-04-20 22:13:59.359,129,0.5342132924556579,0.6955925195739233,0.35844770147500415,0.3800007586954953,0.11325564324008541,0.1000,1.0000,0.2000,11.376
2026-04-20 22:13:59.371,130,0.5342761177227843,0.6957247439867056,0.3583014544035566,0.37981510388023565,0.11296515791568543,0.0000,0.9500,-0.1000,10.065
2026-04-20 22:13:59.380,131,0.5343321952834673,0.6958530016671044,0.3581628367098722,0.3796415026406732,0.11268662911663717,0.3000,1.0000,0.4500,8.722
2026-04-20 22:13:59.391,132,0.534382878981035,0.6959774116170913,0.35803085190452827,0.37947805815335744,0.11241893053909027,0.0500,1.0000,0.3000,8.003
2026-04-20 22:13:59.401,133,0.5344264369222921,0.6960980892685785,0.3579065634736003,0.3793269906611725,0.11216299974912543,0.3000,1.0000,0.3000,4.740
2026-04-20 22:13:59.411,134,0.53446778783778,0.6962151465905212,0.3577866038872878,0.3791816555771283,0.11191534707454717,0.1000,0.9000,0.1500,9.371
2026-04-20 22:13:59.419,135,0.5345056028342501,0.6963286921928056,0.3576717733496002,0.3790437410676766,0.1116766542412418,0.0500,1.0000,0.6500,9.559
2026-04-20 22:13:59.430,136,0.534542137471518,0.6964388314270215,0.35756048500091525,0.3789101585392524,0.11144521946580761,-0.0500,1.0000,0.3000,11.544
2026-04-20 22:13:59.441,137,0.5345755000078443,0.6965456664842108,0.3574539193439066,0.37878335156911247,0.1112221117748522,0.3000,1.0000,0.3000,8.388
2026-04-20 22:13:59.450,138,0.5346105765343748,0.6966492964896844,0.35734874074574546,0.3786567289863512,0.1110038874037627,-0.1000,1.0000,0.3000,11.515
2026-04-20 22:13:59.462,139,0.5346428255167941,0.6967498175949939,0.35724790100440607,0.3785362720788266,0.11079339326268278,0.3500,1.0000,0.2000,5.641
2026-04-20 22:13:59.471,140,0.5346716430013436,0.696847323067144,0.357151729140905,0.37842271424972407,0.1105908566314334,-0.1000,1.0000,0.4500,8.762
2026-04-20 22:13:59.482,141,0.5346989870517717,0.6969419033751297,0.35705884837303226,0.3783133750349412,0.11039480203884484,0.1500,1.0000,0.4500,6.585
2026-04-20 22:13:59.491,142,0.5347240459226603,0.6970336462738759,0.3569697306002134,0.37820926914063724,0.11020560565605161,0.2000,0.8000,-0.0500,7.121
2026-04-20 22:13:59.537,143,0.5347470815871498,0.6971226368856596,0.35688413398742747,0.37810998167685905,0.11002293279159052,0.3000,0.9000,0.1000,10.001
2026-04-20 22:13:59.544,144,0.5347662724395716,0.6972089577790898,0.35680320776778035,0.37801787782650476,0.10984784260781853,0.0500,0.9500,0.0000,8.611
2026-04-20 22:13:59.552,145,0.53478444094719,0.6972926890457171,0.35672500708087657,0.3779291325839689,0.10967830287571359,0.4000,1.0000,0.2500,8.950
2026-04-20 22:13:59.560,146,0.5348028394285899,0.6973739083743455,0.3566486357285732,0.3778420163266957,0.10951333264956513,-0.1500,1.0000,0.2000,7.356
2026-04-20 22:13:59.568,147,0.5348219038701677,0.6974526911231151,0.356573743573759,0.3777558896709808,0.10935249958712116,0.0500,1.0000,0.3500,10.171
2026-04-20 22:13:59.576,148,0.534841412204,0.6975291103894217,0.35650042096658796,0.3776709923809348,0.10919581429954926,0.3500,1.0000,0.1000,9.890
2026-04-20 22:13:59.585,149,0.5348611895040772,0.697603237077739,0.3564287285601256,0.3775875030545773,0.10904326009309803,-0.2500,1.0000,0.1500,8.322
2026-04-20 22:13:59.593,150,0.5348797156349793,0.6976751399654068,0.35635962549263894,0.3775073955415742,0.10889572107962223,0.2500,1.0000,0.1500,5.886
2026-04-20 22:13:59.601,151,0.534897282964935,0.6977448857664446,0.35629286419518974,0.3774302286099869,0.10875287691456352,0.6000,1.0000,0.3000,10.383
2026-04-20 22:13:59.610,152,0.5349123436443216,0.6978125391934512,0.3562294254904443,0.37735801619390774,0.10861563782823684,-0.1500,1.0000,0.4000,6.901
2026-04-20 22:13:59.618,153,0.5349277669220632,0.6978781630176477,0.35616734700101677,0.3772868842586621,0.10848197296867554,0.3500,1.0000,0.3500,12.301
2026-04-20 22:13:59.627,154,0.53494416563636,0.6979418181271183,0.3561061721096805,0.37721596876829067,0.1083513592983095,0.2500,0.9500,0.0500,5.861
2026-04-20 22:13:59.635,155,0.534961192921933,0.6980035635833047,0.35604608544328087,0.3771456866990236,0.10822391701625102,0.1000,0.9000,-0.0500,6.734
2026-04-20 22:13:59.643,156,0.5349749510159851,0.6980634566758056,0.35598964029217567,0.37708119092243936,0.10810213691795673,0.2000,1.0000,0.5500,9.036
2026-04-20 22:13:59.652,157,0.5349749510159851,0.6981215529755315,0.35593772213129893,0.3770242972905432,0.10798684385830655,-0.0500,1.0000,0.2500,8.898
2026-04-20 22:13:59.663,158,0.5349749510159851,0.6981779063862655,0.3558902501637215,0.37697488776454996,0.10787789823891888,0.0500,1.0000,0.1500,8.897
2026-04-20 22:13:59.675,159,0.5349749510159851,0.6982325691946776,0.35584494364944796,0.37692844311288964,0.10777296228238942,0.4000,1.0000,0.0000,3.736
2026-04-20 22:13:59.688,160,0.5349749510159851,0.6982855921188372,0.35580167911886246,0.3768847573772988,0.10767185719281566,0.1000,1.0000,0.3000,7.887
2026-04-20 22:13:59.697,161,0.5349749510159851,0.6983370243552721,0.35576036644395953,0.37684369005330576,0.10757443917569415,-0.0500,0.9500,0.0500,10.106
2026-04-20 22:13:59.708,162,0.5349749510159851,0.6983869136246139,0.35572298137259345,0.376809231195612,0.10748263192237603,0.1500,1.0000,0.3000,8.957
2026-04-20 22:13:59.717,163,0.5349749510159851,0.6984353062158755,0.3556884279312482,0.3767792262594088,0.10739528896453734,0.3000,1.0000,0.1500,4.965
2026-04-20 22:13:59.727,164,0.5349749510159851,0.6984822470293992,0.3556554596240712,0.3767512185331473,0.10731111482636162,0.0500,0.9000,0.0000,8.107
2026-04-20 22:13:59.736,165,0.5349749510159851,0.6985277796185172,0.3556232923958797,0.37672367509821414,0.10722927794210141,0.0500,1.0000,0.3000,13.253
2026-04-20 22:13:59.745,166,0.5349749510159851,0.6985719462299617,0.35559485802825197,0.376702493653765,0.107152664008087,0.4500,1.0000,0.4500,7.070
2026-04-20 22:13:59.754,167,0.5349601759762727,0.6986147878430629,0.35557069662689306,0.37668878752312934,0.10708176842733302,0.3000,0.9000,0.2000,12.325
2026-04-20 22:13:59.761,168,0.5349432486385378,0.698656344207771,0.35554899043371735,0.37668878752312934,0.10701473008014412,0.0500,1.0000,0.2500,7.211
2026-04-20 22:13:59.770,169,0.5349267320806743,0.6986966538815379,0.3555280001198441,0.37668878752312934,0.10694976757687806,0.1000,1.0000,0.1000,6.919
2026-04-20 22:13:59.777,170,0.5349081616160584,0.6987357542650917,0.35550933911771254,0.37668878752312934,0.1068884535510355,0.0000,0.7500,-0.2000,11.583
2026-04-20 22:13:59.788,171,0.5348874730467407,0.6987736816371389,0.3554930214247385,0.37668878752312934,0.10683076242506175,-0.0000,1.0000,0.4000,6.882
2026-04-20 22:13:59.796,172,0.5348663851255929,0.6988104711880248,0.35547787326849334,0.37668878752312934,0.1067754820388069,-0.0500,1.0000,-0.0500,7.854
2026-04-20 22:13:59.805,173,0.5348446999949982,0.698846157052384,0.3554639994549898,0.37668878752312934,0.10672267996219396,0.2000,1.0000,0.4000,10.239
2026-04-20 22:13:59.814,174,0.5348212100699404,0.6988807723408125,0.355452178754812,0.37668878752312934,0.10667309884680001,0.0500,1.0000,0.4000,9.913
2026-04-20 22:13:59.824,175,0.5347962311285931,0.6989143491705881,0.35544217515166704,0.37668878752312934,0.10662646764089541,0.0000,0.9000,0.0000,7.057
2026-04-20 22:13:59.835,176,0.5347682959106391,0.6989469186954705,0.35544217515166704,0.37670018827623036,0.10658370580106599,0.0000,1.0000,0.4500,9.769
2026-04-20 22:13:59.844,177,0.5347389269769213,0.6989785111346064,0.35544217515166704,0.376714276036475,0.1065437413312998,0.3000,1.0000,0.4000,10.324
2026-04-20 22:13:59.854,178,0.53470685837367,0.6990091558005682,0.35544217515166704,0.37673271548063886,0.10650736295398985,0.1500,1.0000,0.2500,5.656
2026-04-20 22:13:59.863,179,0.5346768771443783,0.6990388811265512,0.35544217515166704,0.37674910132032857,0.10647132571742458,0.2000,1.0000,0.0500,8.410
2026-04-20 22:13:59.875,180,0.5346466044053587,0.6990677146927546,0.35544217515166704,0.37676658351363634,0.10643716356236066,0.2000,0.6500,-0.2500,9.039
2026-04-20 22:13:59.885,181,0.5346172567027425,0.699095683251972,0.35544217515166704,0.37678351876883454,0.10640401503579348,-0.0500,0.8500,-0.0500,9.733
2026-04-20 22:13:59.899,182,0.5345851475777736,0.6991228127544129,0.35544217515166704,0.37680480177095166,0.10637428886731076,0.1000,1.0000,0.3000,9.042
2026-04-20 22:13:59.911,183,0.5345536361548945,0.6991491283717806,0.35544217515166704,0.37682593371188433,0.10634569819832204,-0.1500,1.0000,0.2500,4.997
2026-04-20 22:13:59.919,184,0.5345226780102202,0.6991746545206271,0.35544217515166704,0.376846954447231,0.10631822662572397,-0.0500,1.0000,0.3500,9.754
2026-04-20 22:13:59.929,185,0.5344890692256501,0.6991994148850083,0.35544217515166704,0.3768721170728321,0.10629396545646126,-0.0500,0.9000,0.1000,5.503
2026-04-20 22:13:59.936,186,0.5344549689571535,0.699223432438458,0.35544217515166704,0.37689852448294997,0.10627143195391885,0.3500,1.0000,0.5000,9.772
2026-04-20 22:13:59.948,187,0.5344182236520126,0.6992467294653042,0.35544217515166704,0.37692903039702985,0.10625201981958547,0.2000,0.9500,0.1500,7.172
2026-04-20 22:13:59.957,188,0.5343810935374209,0.6992693275813451,0.35544217515166704,0.3769606040251608,0.10623418149501881,0.1000,1.0000,0.3000,10.383
2026-04-20 22:13:59.968,189,0.5343424911992233,0.6992912477539047,0.35544217515166704,0.37699467861383934,0.10621860240488493,-0.3000,0.9500,-0.0500,5.902
2026-04-20 22:14:00.011,190,0.5343034251766653,0.6993125103212876,0.35544217515166704,0.3770298933041992,0.1062045718571259,0.0000,1.0000,0.3500,11.503
2026-04-20 22:14:00.019,191,0.5342660855821965,0.699333135011649,0.35544217515166704,0.3770633122906317,0.10619059259419136,-0.1000,1.0000,0.1500,8.547
2026-04-20 22:14:00.026,192,0.5342262260688297,0.6993531409612995,0.3554534945277175,0.3771005821831138,0.10617945944696613,0.0500,0.9000,0.1500,7.636
2026-04-20 22:14:00.033,193,0.5341880911992061,0.6993725467324605,0.35546412175025854,0.3771360288343655,0.1061683077219297,0.3500,0.9500,-0.1000,11.562
2026-04-20 22:14:00.041,194,0.5341505103418371,0.6993913703304867,0.3554748235120126,0.3771711987978581,0.10615788390453361,0.3500,1.0000,0.4500,9.893
2026-04-20 22:14:00.048,195,0.534110447157848,0.6994096292205721,0.3554876107224749,0.37721012666556775,0.10615788390453361,0.0500,1.0000,0.2500,8.406
2026-04-20 22:14:00.055,196,0.5340700747553873,0.699427340343955,0.3555010217259508,0.377249901515901,0.10615788390453361,0.8000,1.0000,0.2500,9.247
2026-04-20 22:14:00.062,197,0.5340303926971212,0.6994445201336363,0.3555143776179086,0.3772891775578966,0.10615788390453361,0.2000,1.0000,0.1000,9.097
2026-04-20 22:14:00.069,198,0.5339922579636249,0.6994611845296272,0.3555270949244264,0.3773267995012698,0.10615788390453361,0.0500,1.0000,0.1500,12.517
2026-04-20 22:14:00.077,199,0.5339545931444956,0.6994773489937385,0.355539880130174,0.37736419162319246,0.10615788390453361,0.3000,1.0000,0.5500,12.466
2026-04-20 22:14:00.085,200,0.5339163216928036,0.6994930285239264,0.3555534394978402,0.3774027774176395,0.10615788390453361,0.1500,1.0000,0.1000,10.305
2026-04-20 22:14:00.093,201,0.5338773468842655,0.6995082376682086,0.35556782641807433,0.37744267430544903,0.10615788390453361,0.4000,1.0000,0.2000,8.807
2026-04-20 22:14:00.100,202,0.5338366011259682,0.6995229905381624,0.35558374186004493,0.37748529454531127,0.10615788390453361,0.2500,1.0000,0.2000,10.022
2026-04-20 22:14:00.109,203,0.5337931908077805,0.6995373008220175,0.35560177112718266,0.37753181875483016,0.10615788390453361,0.3500,1.0000,0.2000,7.340
2026-04-20 22:14:00.116,204,0.5337491579171832,0.699551181797357,0.35562054277094307,0.37757951374733706,0.10615788390453361,0.3500,1.0000,0.1500,8.599
2026-04-20 22:14:00.123,205,0.5337064283163414,0.6995646463434363,0.35563876306336567,0.37762580148601876,0.10615788390453361,-0.0000,1.0000,0.5000,8.540
2026-04-20 22:14:00.131,206,0.5336620347186122,0.6995777069531331,0.3556584006702907,0.3776746284390902,0.10615788390453361,0.0500,0.6500,-0.2000,5.010
2026-04-20 22:14:00.138,207,0.5336169975078778,0.6995903757445392,0.35567876609629934,0.3777246244781522,0.10615788390453361,-0.0500,1.0000,0.3500,6.544
2026-04-20 22:14:00.146,208,0.5335712320131288,0.699602664472203,0.3556999068264188,0.3777758931698245,0.10615788390453361,0.3500,1.0000,0.1500,10.201
2026-04-20 22:14:00.153,209,0.5335248004520666,0.6996145845380369,0.35572177268873845,0.37782834250895425,0.10615788390453361,0.2000,1.0000,0.4500,9.010
2026-04-20 22:14:00.161,210,0.5334786632207212,0.6996261470018958,0.3557437149865985,0.3778806831907301,0.10615788390453361,0.4000,1.0000,0.6500,12.281
2026-04-20 22:14:00.168,211,0.5334318440718239,0.699637362591839,0.35576637637185105,0.3779342083647091,0.10616812022224806,0.2000,1.0000,0.5000,9.628
2026-04-20 22:14:00.176,212,0.5333824648892613,0.6996482417140838,0.35579100098763405,0.37799141392764485,0.10618069252251915,0.1500,1.0000,0.3500,7.729
2026-04-20 22:14:00.183,213,0.5333325696618021,0.6996587944626613,0.35581621847852596,0.37804956655085736,0.10619421926736451,-0.2000,0.9500,0.0000,5.130
2026-04-20 22:14:00.190,214,0.5332823090075144,0.6996690306287815,0.35584192096712597,0.3781084576402432,0.10620858173229936,0.1500,1.0000,0.2000,9.310
2026-04-20 22:14:00.198,215,0.5332298893524743,0.6996690306287815,0.35586929692798863,0.3781704710907888,0.10622495787020682,0.5500,1.0000,0.3500,10.611
2026-04-20 22:14:00.204,216,0.5331789977613771,0.6996690306287815,0.35589588129383093,0.37823068350542904,0.10624087240778259,0.3500,1.0000,0.1500,9.272
2026-04-20 22:14:00.212,217,0.5331250496115317,0.6996690306287815,0.355924723666352,0.3782952006229382,0.10625936504688513,0.2000,1.0000,0.7000,9.017
2026-04-20 22:14:00.220,218,0.5330691383808712,0.6996690306287815,0.3559550884512378,0.3783625575940027,0.10627969059035491,0.1000,0.8000,0.1500,8.141
2026-04-20 22:14:00.227,219,0.5330123337942793,0.6996690306287815,0.3559862560878112,0.37843132144640373,0.10630112016275482,0.1500,1.0000,0.4000,9.559
2026-04-20 22:14:00.234,220,0.5329573225595953,0.6996690306287815,0.3560164292190806,0.37849790343081907,0.1063218473717759,0.1000,1.0000,0.7500,13.991
2026-04-20 22:14:00.242,221,0.532902255358918,0.6996690306287815,0.3560468346917678,0.3785647630264137,0.1063430902998822,0.2000,1.0000,0.1000,11.629
2026-04-20 22:14:00.249,222,0.5328479299693724,0.6996690306287815,0.35607693480353353,0.37863083044065876,0.10636430274340448,0.3500,1.0000,0.4000,11.306
2026-04-20 22:14:00.256,223,0.5327925334173372,0.6996690306287815,0.3561079325280635,0.37869851706471097,0.10638667942973834,0.3000,1.0000,0.1000,7.781
2026-04-20 22:14:00.263,224,0.5327378332739964,0.6996690306287815,0.3561386439794354,0.3787654604071972,0.10640902847405997,0.0500,1.0000,-0.2500,9.121
2026-04-20 22:14:00.270,225,0.5326821897526239,0.6996690306287815,0.3561701570088207,0.37883384129251807,0.10643242996860657,-0.1500,1.0000,0.2000,6.781
2026-04-20 22:14:00.278,226,0.5326248236554739,0.6996690306287815,0.3562029859016036,0.37890469325983755,0.10645739067259588,0.0000,1.0000,0.3500,9.216
2026-04-20 22:14:00.284,227,0.5325675162400886,0.6996690306287815,0.35623593812836957,0.3789756360696706,0.10648271075623209,0.2000,0.9500,0.1000,9.589
2026-04-20 22:14:00.293,228,0.5325086226095008,0.6996690306287815,0.35627010541344184,0.37904885784542725,0.10650947486246849,-0.1500,1.0000,0.7500,12.048
2026-04-20 22:14:00.301,229,0.532448941543706,0.6996690306287815,0.3563049505093784,0.3791232886267441,0.10653713887493427,0.2000,0.7500,-0.0500,7.698
2026-04-20 22:14:00.309,230,0.5323908047761556,0.6996690306287815,0.3563389143415898,0.37919581466292734,0.10656413705617902,0.3500,1.0000,0.5000,8.155
2026-04-20 22:14:00.317,231,0.5323333228051185,0.6996690306287815,0.3563725854631771,0.3792676173267096,0.10659105149632868,0.0500,0.9500,0.0500,11.325
2026-04-20 22:14:00.323,232,0.5322756418923201,0.6996690306287815,0.35640652871837836,0.37933983044510144,0.10661844077053538,0.3500,0.9000,0.0000,9.427
2026-04-20 22:14:00.331,233,0.5322186366987022,0.6996690306287815,0.3564401568147259,0.37941128344754615,0.10664571150531821,-0.1000,1.0000,-0.0500,8.571
2026-04-20 22:14:00.337,234,0.532162324785434,0.6996690306287815,0.3564734539851555,0.3794819486938625,0.10667284203503002,0.4500,1.0000,0.4000,12.991
2026-04-20 22:14:00.377,235,0.5321067568296306,0.6996690306287815,0.3565063825070945,0.37955175451603385,0.10669978891547274,-0.1000,1.0000,0.5000,9.957
2026-04-20 22:14:00.384,236,0.5320510424660914,0.6996690306287815,0.35653953213764855,0.3796218840920866,0.10672713635377543,0.7000,1.0000,0.4000,10.264
2026-04-20 22:14:00.391,237,0.5319943958416983,0.6996690306287815,0.35657342307379264,0.3796933813698711,0.10675539916343572,0.2000,1.0000,0.2500,12.460
2026-04-20 22:14:00.399,238,0.5319368578311404,0.6996690306287815,0.3566080244717834,0.3797661881091841,0.10678454127873722,0.3500,1.0000,0.2000,9.075
2026-04-20 22:14:00.407,239,0.5318784785679311,0.6996690306287815,0.3566432994231466,0.379840233836942,0.1068145207258918,0.1000,1.0000,0.2500,9.379
2026-04-20 22:14:00.415,240,0.5318200014974075,0.6996690306287815,0.35667874891610934,0.37991452377314805,0.10684483357977222,-0.0500,1.0000,0.3000,12.109
2026-04-20 22:14:00.423,241,0.5317613665186558,0.6996690306287815,0.3567144097378457,0.3799891346383929,0.1068755118615987,-0.0500,1.0000,0.3500,9.354
2026-04-20 22:14:00.432,242,0.5317025554303801,0.6996690306287815,0.3567502908408543,0.38006408738952907,0.10690655990089472,0.1500,1.0000,0.0500,9.783
2026-04-20 22:14:00.442,243,0.5316421509387886,0.6996690306287815,0.35678733400141543,0.3801412685394167,0.10693891498965463,0.2000,0.9500,0.1500,6.514
2026-04-20 22:14:00.452,244,0.531583073062763,0.6996690306287815,0.3568235895466143,0.38021678161371686,0.10697062310520632,0.0500,1.0000,0.3000,9.741
2026-04-20 22:14:00.463,245,0.5315209598393436,0.6996690306287815,0.3568619625479069,0.3802964395406874,0.10700458509974117,0.2000,1.0000,0.4500,9.438
2026-04-20 22:14:00.473,246,0.5314601847497521,0.6996690306287815,0.3568995345344105,0.3803744080803484,0.10703787840968972,0.1500,1.0000,0.0000,12.412
2026-04-20 22:14:00.482,247,0.5313991870393285,0.6996690306287815,0.3569373432769988,0.3804527653951792,0.10707153683601967,0.1500,1.0000,0.1000,9.684
2026-04-20 22:14:00.491,248,0.5313378355582842,0.6996690306287815,0.3569754735585985,0.3805316835931432,0.10710564131084876,0.0000,1.0000,0.0000,7.718
2026-04-20 22:14:00.501,249,0.5312761971870334,0.6996690306287815,0.35701387822150865,0.3806110708246851,0.1071401409411914,0.3000,1.0000,0.2000,9.995
2026-04-20 22:14:00.509,250,0.5312143213433511,0.6996690306287815,0.357052521826911,0.38069085860403973,0.10717499666500324,0.3000,1.0000,0.3000,9.417
2026-04-20 22:14:00.518,251,0.5311529122115904,0.6996690306287815,0.3570909324997438,0.3807701055011988,0.10720973309269326,-0.1500,1.0000,0.3000,8.839
2026-04-20 22:14:00.525,252,0.5310912360509266,0.6996690306287815,0.3571295970542956,0.38084978739525105,0.10724483362945657,0.0500,1.0000,0.0000,8.148
2026-04-20 22:14:00.534,253,0.5310281605347149,0.6996690306287815,0.35716926809912264,0.3809314116863054,0.1072810475770288,-0.0000,1.0000,0.2500,10.821
2026-04-20 22:14:00.544,254,0.5309663922566241,0.6996690306287815,0.3572081390308485,0.38101136728511537,0.1073165651244175,0.3000,1.0000,0.3500,10.620
2026-04-20 22:14:00.552,255,0.5309044423710209,0.6996690306287815,0.3572472002718594,0.3810916370904346,0.10735237358262133,-0.0500,1.0000,0.1500,10.424
2026-04-20 22:14:00.563,256,0.530842375171112,0.6996690306287815,0.3572864068828891,0.3811721332160925,0.10738842499432814,0.0500,1.0000,0.6000,9.595
2026-04-20 22:14:00.575,257,0.5307813494473429,0.6996690306287815,0.35732498432215953,0.381251308511124,0.10742394189025543,0.2500,1.0000,0.3500,9.522
2026-04-20 22:14:00.587,258,0.5307181622864015,0.6996690306287815,0.35736506591084216,0.3813334314924851,0.10746105475189519,0.1500,1.0000,0.4000,10.550
2026-04-20 22:14:00.599,259,0.5306542232544876,0.6996690306287815,0.3574057100423981,0.3814166207654729,0.10749881921821948,0.0000,1.0000,0.3500,10.007
2026-04-20 22:14:00.612,260,0.530588950464741,0.6996690306287815,0.3574473028025342,0.38150165026532484,0.10753761870308096,0.6500,0.9000,0.2000,8.578
2026-04-20 22:14:00.626,261,0.5305241296769337,0.6996690306287815,0.3574886519010348,0.38158613712251843,0.10757625832456519,0.2000,1.0000,0.3000,11.986
2026-04-20 22:14:00.636,262,0.5304585576593103,0.6996690306287815,0.3575305577622141,0.3816716838452635,0.10761553599303857,0.3000,0.9000,-0.2000,8.234
2026-04-20 22:14:00.645,263,0.5303923064954574,0.6996690306287815,0.35757297065206334,0.38175819257533694,0.10765539953596308,0.0000,1.0000,0.2000,6.651
2026-04-20 22:14:00.654,264,0.5303259662918756,0.6996690306287815,0.3576154955383135,0.381844874809701,0.10769545155569626,0.3000,1.0000,0.5500,12.013
2026-04-20 22:14:00.664,265,0.5302596472176576,0.6996690306287815,0.3576580573958052,0.3819315820126922,0.10773561473266649,0.1500,1.0000,0.1500,11.299
2026-04-20 22:14:00.672,266,0.5301945662985384,0.6996690306287815,0.35769984334232396,0.38201668988909726,0.10777507395907943,0.3000,1.0000,0.1000,10.092
2026-04-20 22:14:00.682,267,0.5301301624363361,0.6996690306287815,0.3577412259575517,0.3821009450234192,0.10781419965580448,0.2500,1.0000,0.1000,11.017
2026-04-20 22:14:00.692,268,0.5300652575197986,0.6996690306287815,0.3577829892077901,0.38218591673064656,0.10785377369509533,-0.0500,1.0000,0.2500,10.176
2026-04-20 22:14:00.700,269,0.5300010663222584,0.6996690306287815,0.35782432184618723,0.3822699838579888,0.1078929827988733,0.0500,1.0000,0.1500,7.749
2026-04-20 22:14:00.710,270,0.5299363515216536,0.6996690306287815,0.3578660473980929,0.38235479475683176,0.10793264852219842,0.2000,1.0000,0.1500,9.445
2026-04-20 22:14:00.722,271,0.5298716739668106,0.6996690306287815,0.35790779064894573,0.38243960025971807,0.10797239373932808,0.3000,1.0000,0.0500,10.310
2026-04-20 22:14:00.738,272,0.5298063918880936,0.6996690306287815,0.3579499781692858,0.38252525473154336,0.10801264316695666,0.3500,1.0000,0.5000,11.247
2026-04-20 22:14:00.748,273,0.5297417375052708,0.6996690306287815,0.3579917872416606,0.3826101139245038,0.10805257228940132,0.4500,1.0000,0.0500,8.050
2026-04-20 22:14:00.759,274,0.5296771114053541,0.6996690306287815,0.3580336162742498,0.38269497580644674,0.10809257777055832,0.3500,1.0000,0.3000,10.782
2026-04-20 22:14:00.768,275,0.5296130486188318,0.6996690306287815,0.3580751074155967,0.3827791257914022,0.10813230006701603,0.2000,1.0000,0.3000,10.845
2026-04-20 22:14:00.777,276,0.5295496198827285,0.6996690306287815,0.35811621237815444,0.3828624683877114,0.10817168925003116,0.4000,1.0000,0.4500,10.034
2026-04-20 22:14:00.786,277,0.5294861796706037,0.6996690306287815,0.35815736041723845,0.38294586315693735,0.10821117298295888,0.5000,1.0000,0.1500,9.218
2026-04-20 22:14:00.795,278,0.5294233588055021,0.6996690306287815,0.35819812992137695,0.38302846789554057,0.10825032811012579,0.5000,1.0000,0.5000,12.795
2026-04-20 22:14:00.804,279,0.5293610752277909,0.6996690306287815,0.35823857456609975,0.3831103909434026,0.10828920680918615,0.0500,1.0000,0.3500,10.791
2026-04-20 22:14:00.812,280,0.529298743259022,0.6996690306287815,0.3582790838037402,0.38319241216434735,0.10832819707953399,0.0500,1.0000,0.4000,11.995
2026-04-20 22:14:00.822,281,0.5292367842331047,0.6996690306287815,0.3583193757750591,0.3832739687702792,0.10836701565257911,0.1500,1.0000,0.2000,11.899
2026-04-20 22:14:00.830,282,0.529175130327568,0.6996690306287815,0.35835949475416967,0.38335515021189553,0.10840570543536408,0.3000,1.0000,-0.1500,9.903
2026-04-20 22:14:00.839,283,0.5291127471164336,0.6996690306287815,0.3584001294457495,0.3834373347739485,0.10844495380650807,0.2500,1.0000,0.3500,7.739
2026-04-20 22:14:00.850,284,0.5290496648868003,0.6996690306287815,0.35844125877313726,0.38352048115225046,0.10848473840307304,0.2500,1.0000,0.3000,9.517
2026-04-20 22:14:00.859,285,0.5289862798025694,0.6996690306287815,0.35848261776836104,0.3836040602345188,0.10852479300939878,0.1000,1.0000,0.0500,10.144
2026-04-20 22:14:00.868,286,0.5289221842561942,0.6996690306287815,0.3585244773368423,0.3836886146305474,0.10856538732064887,0.2000,1.0000,0.2500,10.370
2026-04-20 22:14:00.876,287,0.5288584375536766,0.6996690306287815,0.3585661304666249,0.38377273109140675,0.10860581315091729,0.1500,1.0000,0.1500,9.798
2026-04-20 22:14:00.886,288,0.5287933591631254,0.6996690306287815,0.3586086967285867,0.3838586495105857,0.10864718893235034,0.4500,0.8500,0.1500,8.375
2026-04-20 22:14:00.893,289,0.5287266632003738,0.6996690306287815,0.3586523659519677,0.3839467502757453,0.10868970338961843,0.1000,1.0000,0.3000,8.582
2026-04-20 22:14:00.903,290,0.5286602904229005,0.6996690306287815,0.35869584356105005,0.3840344449427557,0.10873206087557126,0.4000,1.0000,0.2000,12.042
2026-04-20 22:14:00.910,291,0.5285938971135777,0.6996690306287815,0.35873935798530904,0.384122191056654,0.10877448878039463,0.3000,1.0000,0.3500,8.825
2026-04-20 22:14:00.919,292,0.5285279155939269,0.6996690306287815,0.35878262031657876,0.38420941146661236,0.10881669718781178,0.4500,1.0000,-0.1000,12.208
2026-04-20 22:14:00.929,293,0.5284618586882927,0.6996690306287815,0.3588259546656256,0.38429675503970245,0.10885900923072167,0.1500,1.0000,0.2000,10.259
2026-04-20 22:14:00.937,294,0.5283953953455984,0.6996690306287815,0.35886958108035377,0.38438466249790526,0.10890164400849697,0.2000,1.0000,0.4500,9.008
2026-04-20 22:14:00.948,295,0.5283293586781084,0.6996690306287815,0.35891294351935793,0.38447202236579764,0.10894404455965682,-0.0500,1.0000,0.4000,13.243
2026-04-20 22:14:00.954,296,0.528264175183727,0.6996690306287815,0.35895575703646926,0.38455826534020787,0.1089859250455592,0.2500,1.0000,0.0500,10.715
2026-04-20 22:14:00.963,297,0.5281998414299153,0.6996690306287815,0.3589980233242418,0.3846433953777349,0.10902728629305905,-0.0500,1.0000,0.0000,11.340
2026-04-20 22:14:00.970,298,0.5281348916741175,0.6996690306287815,0.35904071896644807,0.38472936620026993,0.10906910404620082,0.0000,1.0000,0.3000,8.260
2026-04-20 22:14:00.979,299,0.5280680350262673,0.6996690306287815,0.35908470399587245,0.3848178984110974,0.1091122375232326,-0.3500,1.0000,0.4500,8.382
2026-04-20 22:14:00.989,300,0.5280012391251205,0.6996690306287815,0.3591286661095688,0.3849063679259095,0.10915537363110812,0.1500,1.0000,0.3000,10.104
2026-04-20 22:14:01.035,301,0.5279347742551355,0.6996690306287815,0.359172424590436,0.38499441381644084,0.1091983308863292,0.0500,1.0000,0.2500,10.283
2026-04-20 22:14:01.044,302,0.5278682264673391,0.6996690306287815,0.3592162548928178,0.38508258748213725,0.10924138399983416,0.2500,1.0000,0.0000,10.187
2026-04-20 22:14:01.051,303,0.5278012401615718,0.6996690306287815,0.359260393587198,0.3851713625400026,0.10928476882100388,0.2500,1.0000,0.6000,10.679
2026-04-20 22:14:01.058,304,0.5277333683958295,0.6996690306287815,0.35930513815351217,0.3852613344116627,0.10932878213030384,0.0000,1.0000,0.2500,9.167
2026-04-20 22:14:01.064,305,0.527664623071233,0.6996690306287815,0.35935048019072124,0.38535248674294176,0.10937341484820919,-0.0000,1.0000,0.2000,8.506
2026-04-20 22:14:01.071,306,0.5275954740606619,0.6996690306287815,0.359396105997289,0.3854441925652323,0.10941835261505233,0.1500,1.0000,0.3000,10.508
2026-04-20 22:14:01.078,307,0.5275256461890789,0.6996690306287815,0.35944219858387905,0.38553681832129283,0.10946377780310948,0.2500,1.0000,0.7000,8.650
2026-04-20 22:14:01.085,308,0.527455530741519,0.6996690306287815,0.35948849666762106,0.3856298418541708,0.10950942851027456,0.2500,1.0000,0.3000,9.694
2026-04-20 22:14:01.092,309,0.5273856383620724,0.6996690306287815,0.3595346594057264,0.3857225818748136,0.1095549632931003,0.5500,1.0000,0.2000,11.997
2026-04-20 22:14:01.099,310,0.527315506372041,0.6996690306287815,0.35958099484966743,0.3858156548707949,0.10960068962042012,0.1500,1.0000,0.1000,4.867
2026-04-20 22:14:01.107,311,0.5272456421475434,0.6996690306287815,0.35962716435973496,0.38590838393578614,0.10964626828736507,0.0500,1.0000,0.4500,8.717
2026-04-20 22:14:01.114,312,0.527176395684661,0.6996690306287815,0.3596729342279137,0.38600030201565405,0.10969146503771487,0.0500,1.0000,0.3000,8.485
2026-04-20 22:14:01.122,313,0.5271072636185108,0.6996690306287815,0.35971863966481654,0.386092079882665,0.1097366145503237,0.3500,1.0000,0.3000,12.139
2026-04-20 22:14:01.129,314,0.5270390308545656,0.6996690306287815,0.35976375704513197,0.3861826706267049,0.10978119268407392,0.3000,1.0000,0.0000,7.526
2026-04-20 22:14:01.137,315,0.5269712289245028,0.6996690306287815,0.3598085983367286,0.38627269851380497,0.10982551090650229,0.0000,1.0000,0.1500,12.720
2026-04-20 22:14:01.145,316,0.5269038022799504,0.6996690306287815,0.3598532002378383,0.3863622372608139,0.10986960543051877,0.3000,1.0000,0.0500,9.615
2026-04-20 22:14:01.153,317,0.5268368548588399,0.6996690306287815,0.3598974931325111,0.38645114794660546,0.10991340616941117,0.2500,1.0000,0.1500,10.235
2026-04-20 22:14:01.160,318,0.5267697181430662,0.6996690306287815,0.35994192238520817,0.3865403216015521,0.10995735803100123,0.1000,1.0000,0.3500,8.191
2026-04-20 22:14:01.168,319,0.5267025034242546,0.6996690306287815,0.359986413496665,0.3866296095195317,0.11000138607308427,0.1000,1.0000,0.3000,8.871
2026-04-20 22:14:01.176,320,0.5266347880114058,0.6996690306287815,0.3600312479651791,0.38671957498077386,0.1100457713643058,-0.2500,1.0000,0.3500,10.949
2026-04-20 22:14:01.183,321,0.5265677771547737,0.6996690306287815,0.3600756220037504,0.386808610686404,0.11008970970090329,0.2000,1.0000,0.0500,8.626
2026-04-20 22:14:01.190,322,0.5265013097520621,0.6996690306287815,0.3601196427356834,0.3868969311499029,0.11013330780192172,0.2500,1.0000,0.0500,7.570
2026-04-20 22:14:01.198,323,0.5264353976811768,0.6996690306287815,0.36016330197249524,0.38698452025317054,0.11017655708674641,0.1000,1.0000,0.0500,8.761
2026-04-20 22:14:01.204,324,0.5263700052012934,0.6996690306287815,0.3602066232796191,0.38707142537817285,0.11021948074044273,0.1000,1.0000,0.1500,11.683
2026-04-20 22:14:01.212,325,0.5263044866703159,0.6996690306287815,0.36025003683118967,0.3871585071167459,0.11026250856818855,0.1000,1.0000,0.3500,5.346
2026-04-20 22:14:01.219,326,0.5262399090655826,0.6996690306287815,0.36029283106266985,0.3872443425760753,0.1103049286475588,0.1000,1.0000,0.2500,9.419
2026-04-20 22:14:01.227,327,0.5261755118496725,0.6996690306287815,0.36033551276008485,0.3873299455573832,0.11034724741742712,0.2500,1.0000,0.3000,7.922
2026-04-20 22:14:01.234,328,0.5261116163715576,0.6996690306287815,0.36037786745903216,0.3874148873541614,0.11038925007665415,0.2500,1.0000,0.2000,12.588
2026-04-20 22:14:01.241,329,0.5260481040829077,0.6996690306287815,0.36041997396692993,0.3874993257968741,0.11043101510602327,0.0000,1.0000,0.2000,10.472
2026-04-20 22:14:01.249,330,0.5259838104541489,0.6996690306287815,0.3604626084187697,0.3875848133646632,0.11047331832369026,0.1500,1.0000,0.7500,6.431
2026-04-20 22:14:01.256,331,0.5259197015396695,0.6996690306287815,0.3605051265667766,0.3876700617648632,0.1105155151745495,0.2000,1.0000,0.3500,10.307
2026-04-20 22:14:01.263,332,0.5258556505045303,0.6996690306287815,0.36054761276240604,0.3877552398971828,0.11055768971194575,0.2000,1.0000,0.4000,8.367
2026-04-20 22:14:01.270,333,0.5257923799958707,0.6996690306287815,0.360589585041883,0.3878393840249656,0.11059935968293651,0.4000,1.0000,0.5500,12.130
2026-04-20 22:14:01.278,334,0.5257296021445538,0.6996690306287815,0.36063123512492035,0.3879228777728044,0.11064071652674227,0.0000,1.0000,0.5500,7.103
2026-04-20 22:14:01.285,335,0.5256665898330021,0.6996690306287815,0.3606730475693162,0.3880066904359071,0.11068224452908343,0.2000,1.0000,0.3000,9.683
2026-04-20 22:14:01.293,336,0.5256040687404019,0.6996690306287815,0.3607145384073101,0.38808985425297676,0.11072345945828437,0.1500,1.0000,0.1500,11.421
2026-04-20 22:14:01.301,337,0.5255422277535488,0.6996690306287815,0.3607555815381848,0.38817211719157557,0.11076423495762988,0.2000,1.0000,0.2500,11.256
2026-04-20 22:14:01.308,338,0.525480673925985,0.6996690306287815,0.3607964387553442,0.3882540030024381,0.1108048325722059,0.0000,1.0000,0.2500,11.445
2026-04-20 22:14:01.316,339,0.5254190728826778,0.6996690306287815,0.3608373328097023,0.3883359573464019,0.11084547481205818,0.7000,1.0000,0.1500,10.092
2026-04-20 22:14:01.323,340,0.5253573646912832,0.6996690306287815,0.36087830349535405,0.38841805996589546,0.11088620123763925,0.1000,1.0000,0.2000,14.022
2026-04-20 22:14:01.332,341,0.5252949790034392,0.6996690306287815,0.3609197308885637,0.3885010711630592,0.11092739169858037,0.4500,1.0000,0.3000,9.842
2026-04-20 22:14:01.338,342,0.5252331185109771,0.6996690306287815,0.3609608130434795,0.38858338719131275,0.11096824402919563,-0.1000,1.0000,0.3000,10.976
2026-04-20 22:14:01.349,343,0.525170949249934,0.6996690306287815,0.36100210578931763,0.3886661198498584,0.11100931384546225,0.2000,1.0000,-0.0500,10.542
2026-04-20 22:14:01.356,344,0.5251088895001189,0.6996690306287815,0.3610433301305162,0.3887487112841188,0.11105032194497648,0.1500,1.0000,0.2500,8.389
2026-04-20 22:14:01.364,345,0.5250469914027479,0.6996690306287815,0.36108445116817905,0.38883109182875186,0.1110912332282055,0.0500,1.0000,0.3000,9.176
2026-04-20 22:14:01.373,346,0.5249852220688974,0.6996690306287815,0.36112549069431243,0.3889133051962468,0.11113206929253806,0.1000,1.0000,0.2500,10.231
2026-04-20 22:14:01.379,347,0.5249235599898768,0.6996690306287815,0.3611664629181188,0.38899537992963096,0.1111728441583977,0.1000,1.0000,0.1500,10.890
2026-04-20 22:14:01.387,348,0.5248624138176003,0.6996690306287815,0.36120709527896205,0.3890767710285157,0.11121328508203258,0.1500,1.0000,-0.1500,8.919
2026-04-20 22:14:01.394,349,0.5248013039787507,0.6996690306287815,0.361247707370141,0.3891581177967558,0.1112537114791194,0.1500,1.0000,0.2500,11.211
2026-04-20 22:14:01.404,350,0.5247404664017072,0.6996690306287815,0.36128814178749075,0.38923910553976104,0.11129396577319976,0.0500,1.0000,0.5000,11.718
2026-04-20 22:14:01.411,351,0.5246793503961826,0.6996690306287815,0.36132876554284826,0.3893204683915327,0.11133441480898602,0.4500,1.0000,0.2000,8.517
2026-04-20 22:14:01.420,352,0.5246180890050375,0.6996690306287815,0.3613694898294026,0.3894020288454663,0.11137496961755623,-0.1500,1.0000,0.4500,10.440
2026-04-20 22:14:01.429,353,0.5245569242281942,0.6996690306287815,0.3614101532056486,0.38948346412235857,0.11141546860015765,0.0500,1.0000,0.3000,11.656
2026-04-20 22:14:01.436,354,0.5244958472713078,0.6996690306287815,0.3614507614295062,0.38956478583874193,0.11145591736217998,0.1000,1.0000,0.1500,7.595
2026-04-20 22:14:01.446,355,0.5244348360212087,0.6996690306287815,0.361491329141261,0.38964602337285953,0.11149633039595451,0.0500,1.0000,0.4500,8.901
2026-04-20 22:14:01.453,356,0.5243738858692641,0.6996690306287815,0.36153185931456194,0.38972718276675133,0.11153671053161468,0.1000,1.0000,0.3000,13.042
2026-04-20 22:14:01.464,357,0.5243129059017079,0.6996690306287815,0.36157241246277727,0.3898083851390532,0.11157711814331846,0.4000,1.0000,0.5000,11.921
2026-04-20 22:14:01.472,358,0.5242514387454497,0.6996690306287815,0.36161329340836523,0.3898902402238242,0.1116178579184902,-0.1000,1.0000,0.4000,10.594
2026-04-20 22:14:01.482,359,0.5241897387475196,0.6996690306287815,0.361654332496492,0.38997240879786493,0.11165876007131323,0.4000,1.0000,0.3000,10.144
2026-04-20 22:14:01.492,360,0.5241277162768139,0.6996690306287815,0.361695589393784,0.3900550102783026,0.11169988414136063,0.3000,0.9500,-0.0500,9.081
2026-04-20 22:14:01.503,361,0.5240656967587413,0.6996690306287815,0.36173684706514925,0.39013761067631103,0.11174101297029858,0.2500,1.0000,0.3000,8.504
2026-04-20 22:14:01.514,362,0.5240036036195929,0.6996690306287815,0.36177815647745226,0.39022031200453666,0.11178219740544709,0.5500,1.0000,0.0000,8.570
2026-04-20 22:14:01.521,363,0.5239417437850444,0.6996690306287815,0.36182282908527763,0.39030973724869844,0.11182982541800258,0.2500,1.0000,0.4500,14.262
2026-04-20 22:14:01.531,364,0.5238799083633435,0.6996022395709132,0.36190770636425035,0.3904795694342995,0.11195285287649595,0.0500,1.0000,-0.1000,10.193
2026-04-20 22:14:01.539,365,0.5238182501993158,0.699479667444757,0.3620241757472337,0.39071258349909227,0.11213522033362633,0.0000,1.0000,0.5500,9.375
2026-04-20 22:14:01.550,366,0.5237567103552387,0.6993045080027842,0.36217045646324186,0.39100521797096977,0.11237355442135773,0.1000,1.0000,0.2500,13.530
2026-04-20 22:14:01.610,367,0.5236950159825954,0.6990954084892429,0.362336079633597,0.3913365351603454,0.11264806678969824,0.5000,1.0000,0.2000,11.207
2026-04-20 22:14:01.619,368,0.5236333351054178,0.698845003797605,0.36252514652131884,0.3917147376589945,0.11296654528121736,0.3000,1.0000,0.1000,9.360
2026-04-20 22:14:01.627,369,0.5235715743606493,0.6985397210488914,0.36274547980662725,0.3921554708911207,0.11334360292112153,-0.0000,1.0000,0.2500,6.394
2026-04-20 22:14:01.635,370,0.5235097486739311,0.6982041204729944,0.3629830394941306,0.3926306549277913,0.11375292338740516,0.4500,1.0000,0.0000,9.711
2026-04-20 22:14:01.645,371,0.5234480828560316,0.6978033391385744,0.36325760162598775,0.3931798419133197,0.11423171786257916,-0.3000,1.0000,0.2000,9.243
2026-04-20 22:14:01.654,372,0.5233865580835414,0.6973621942767665,0.36355500158992893,0.3937747026813618,0.11475341668324791,0.2000,1.0000,0.0500,9.116
2026-04-20 22:14:01.663,373,0.5233252512576748,0.6968942398265427,0.363867447000807,0.39439965251807274,0.11530345395228678,0.3500,1.0000,0.0500,5.922
2026-04-20 22:14:01.671,374,0.5232639914505255,0.6963939439674515,0.36419821672142116,0.3950612492038074,0.11588787779650407,0.3000,1.0000,0.2000,12.434
2026-04-20 22:14:01.680,375,0.5232027911553849,0.6958485655746929,0.3645545868201389,0.395774044928414,0.11652033809983689,0.0500,1.0000,0.4000,11.281
2026-04-20 22:14:01.689,376,0.5231419315958481,0.6952658526283436,0.3649319460392279,0.39652881722794786,0.11719235277008914,0.1000,1.0000,0.1000,10.229
2026-04-20 22:14:01.697,377,0.5230814483479117,0.6946472882511097,0.3653294266952633,0.3973238307855339,0.11790231562339053,0.1000,1.0000,-0.0500,9.512
2026-04-20 22:14:01.705,378,0.5230211447764074,0.6940071306618816,0.3657390157513233,0.3981430595758036,0.11863508748245406,0.4000,1.0000,0.2000,9.895
2026-04-20 22:14:01.713,379,0.5229611917854854,0.6933278739837175,0.3661706059533792,0.3990062891377207,0.11940931691172985,0.0000,1.0000,0.2000,10.475
2026-04-20 22:14:01.721,380,0.5229010275057742,0.6926117355034449,0.3666233080840724,0.39991174108217825,0.12022300884405308,0.0000,1.0000,0.3500,9.313
2026-04-20 22:14:01.729,381,0.5228407588020563,0.6918544797418473,0.36709947430143386,0.40086411976948017,0.12108063588686227,-0.2000,0.9500,0.1000,7.928
2026-04-20 22:14:01.737,382,0.5227807168815733,0.6910589612560147,0.36759725565871576,0.4018597273490456,0.12197892444336991,-0.1000,1.0000,0.3000,9.868
2026-04-20 22:14:01.745,383,0.5227204903308799,0.6902375438022862,0.36810986437047927,0.4028849882916242,0.12290490739961785,0.1000,1.0000,0.3000,8.133
2026-04-20 22:14:01.752,384,0.522660378483565,0.6893907818933742,0.36863678687086776,0.4039388755058812,0.12385779640655387,0.0500,1.0000,0.3500,10.150
2026-04-20 22:14:01.761,385,0.5226002313230024,0.6885261180410663,0.369173873075735,0.40501308886269133,0.12482972252310383,0.4000,1.0000,0.2500,11.534
2026-04-20 22:14:01.769,386,0.5225403317634493,0.6876389260047157,0.36972358062724897,0.40611254368438265,0.1258254588387561,0.3000,1.0000,0.2000,9.699
2026-04-20 22:14:01.778,387,0.5224806184069093,0.6867148835307489,0.3702941372073274,0.407253695371643,0.12686039641940197,-0.1500,1.0000,0.3000,10.764
2026-04-20 22:14:01.787,388,0.5224210296831638,0.6857790573194495,0.3708712625609199,0.40840798345011836,0.12790772384932073,0.3500,1.0000,0.2000,12.146
2026-04-20 22:14:01.797,389,0.5223611975297325,0.6848366557490129,0.37145222829796604,0.40956995117436223,0.12896211067314142,0.5000,0.8500,0.1000,7.474
2026-04-20 22:14:01.805,390,0.5223014560331996,0.6838693437715535,0.372047291241829,0.4107601122247353,0.13004298329824363,0.0500,1.0000,0.1000,10.367
2026-04-20 22:14:01.814,391,0.5222417673192596,0.6828873465671205,0.3726506359882243,0.41196683582529353,0.1311394157285897,0.3000,1.0000,0.4000,9.081
2026-04-20 22:14:01.823,392,0.5221816333975726,0.6818818028921981,0.37326766033545533,0.41320091760429023,0.13226123832256412,-0.0500,1.0000,0.3000,7.976
2026-04-20 22:14:01.830,393,0.5221209660933084,0.6808630150643111,0.37389253819806645,0.41445070542151113,0.13339747571612254,0.3000,1.0000,0.2000,5.868
2026-04-20 22:14:01.841,394,0.5220603338997961,0.6798270523760374,0.3745271388038442,0.4157199377623053,0.13455196431453084,0.2000,1.0000,0.2000,8.243
2026-04-20 22:14:01.849,395,0.5219993010955412,0.6787705308628839,0.3751736883694491,0.4170130670888766,0.13572862408575134,0.0500,1.0000,0.3500,9.463
2026-04-20 22:14:01.857,396,0.5219382830777162,0.677702147753957,0.37582694209864687,0.4183196038367728,0.1369178633349802,0.3000,1.0000,0.3000,9.680
2026-04-20 22:14:01.866,397,0.5218770556796622,0.676614345636862,0.37649136987825077,0.4196484878067962,0.13812793231973225,0.1000,1.0000,0.2000,7.284
2026-04-20 22:14:01.877,398,0.5218158902232788,0.6755123269485221,0.3771638198692707,0.42099341534732726,0.13935307959712473,0.2000,1.0000,0.3500,8.431
2026-04-20 22:14:01.887,399,0.521754617356355,0.6743897762919329,0.37784801557894304,0.42236183349840833,0.14060018793902823,-0.0500,1.0000,0.1500,6.358
2026-04-20 22:14:01.896,400,0.5216933651084822,0.6732551137281689,0.3785390619439853,0.42374395215827715,0.14186015377077088,0.2000,1.0000,0.6000,13.300
2026-04-20 22:14:01.908,401,0.5216321938772007,0.6721090980409598,0.3792364868093204,0.42513882704083805,0.14313212701898442,0.3000,1.0000,0.3000,9.529
2026-04-20 22:14:01.916,402,0.5215708541659663,0.670952113726992,0.3799402384432181,0.4265463547059677,0.14441586513296176,0.2000,1.0000,0.4000,12.715
2026-04-20 22:14:01.925,403,0.5215096806147033,0.6697878328235106,0.38064799704554236,0.42796189557603026,0.14570721368042958,0.2500,1.0000,0.0000,10.486
2026-04-20 22:14:01.931,404,0.5214482501944465,0.6686256805779107,0.3813546603320882,0.4293752451045736,0.14699635909837608,0.5500,0.7500,0.0500,6.901
2026-04-20 22:14:01.940,405,0.5213867044562067,0.6674596099674828,0.3820635908826387,0.43079312847246265,0.14828968878248322,0.3500,1.0000,0.3500,9.240
2026-04-20 22:14:01.949,406,0.5213251833443088,0.66628360176612,0.38277813641916064,0.43222224114429103,0.14959356133317897,0.1000,1.0000,0.1500,11.142
2026-04-20 22:14:01.956,407,0.5212635398504865,0.6650957566485833,0.3834994816924686,0.43366495264172794,0.15091011239134294,0.0000,0.9500,0.1500,4.846
2026-04-20 22:14:01.965,408,0.5212017544332793,0.6638995657561589,0.3842256461664231,0.43511730191193315,0.15223561704081465,0.1500,1.0000,0.5500,12.060
2026-04-20 22:14:01.972,409,0.5211400875820164,0.6626930769480981,0.3849575730233455,0.43658117533840535,0.15357199568919339,0.0500,1.0000,0.2500,11.137
2026-04-20 22:14:01.982,410,0.521078358759228,0.6614771370821104,0.38569489999574635,0.43805584840445566,0.15491846376039117,0.0000,1.0000,0.4000,6.477
2026-04-20 22:14:01.989,411,0.5210166677608503,0.660254875607473,0.38643577355037406,0.4395376140613222,0.15627160408316662,0.2000,1.0000,0.2500,9.916
2026-04-20 22:14:01.998,412,0.520954968079049,0.6590288875676662,0.38717874302694155,0.44102357100564,0.15762866952954166,0.3500,1.0000,0.2000,11.044
2026-04-20 22:14:02.005,413,0.5208932421128507,0.6577973535624265,0.3879248609967091,0.4425158243966223,0.15899162339333603,0.2000,1.0000,0.4500,7.272
2026-04-20 22:14:02.014,414,0.5208315819612522,0.6565586595484617,0.38867498951538326,0.4440160983618745,0.16036213574365737,0.0500,1.0000,0.2500,10.916
2026-04-20 22:14:02.025,415,0.5207699724551995,0.6553095355438069,0.3894310083670372,0.44552815248524913,0.16174372231756357,-0.2000,1.0000,0.2000,8.530
2026-04-20 22:14:02.032,416,0.5207084326594023,0.6540603894972765,0.3901869585194819,0.4470400687176032,0.16312522104160052,0.4500,1.0000,0.4500,13.709
2026-04-20 22:14:02.042,417,0.5206469612221029,0.6528053217158069,0.39094621317170025,0.44855859347168076,0.16451295586643103,0.0000,1.0000,0.3500,7.912
2026-04-20 22:14:02.049,418,0.5205856267968223,0.6515450654735964,0.3917083085541435,0.4500827992227188,0.16590609726340047,0.1000,1.0000,0.2500,12.302
2026-04-20 22:14:02.059,419,0.520524415727112,0.6502784430354627,0.3924739277455377,0.45161405214207423,0.1673059180304798,-0.0500,1.0000,0.0500,9.298
2026-04-20 22:14:02.066,420,0.520463235023292,0.6490094396424997,0.3932408564117851,0.4531479235750391,0.16870821203912853,0.2000,1.0000,0.2500,9.194
2026-04-20 22:14:02.075,421,0.5204021669898553,0.6477395604310072,0.39400818053014297,0.4546825854892108,0.17011131349977487,0.2000,1.0000,0.3500,12.891
2026-04-20 22:14:02.084,422,0.520341141205005,0.6464702690750727,0.3947751115603442,0.4562164608167456,0.1715137028123893,0.4500,1.0000,0.1500,11.019
2026-04-20 22:14:02.093,423,0.5202802904578688,0.6451998806740891,0.3955425246467996,0.4577512998587747,0.17291709832564908,0.3000,1.0000,0.0500,12.200
2026-04-20 22:14:02.103,424,0.5202194031354791,0.643925938768518,0.3963119654000305,0.4592901938482812,0.17432427461118863,0.0500,0.9000,0.1000,6.001
2026-04-20 22:14:02.111,425,0.5201585839531694,0.642650153024924,0.39708238787621514,0.46083105090920384,0.17573333160130775,0.2000,1.0000,0.2500,16.069
2026-04-20 22:14:02.120,426,0.5200977292116185,0.6413749263668812,0.39785248890321073,0.4623712647084918,0.17714176535019813,0.5000,1.0000,0.3000,10.513
2026-04-20 22:14:02.127,427,0.5200369867967081,0.640098997752847,0.3986228912559334,0.46391208080687507,0.17855082982102508,0.2500,1.0000,0.4000,8.089
2026-04-20 22:14:02.137,428,0.519976436518498,0.6388207989677599,0.39939443859779555,0.4654551865417491,0.17996215343218527,0.0000,1.0000,0.1000,11.372
2026-04-20 22:14:02.147,429,0.5199160620765185,0.6375415941112991,0.40016642017791315,0.46699916042159956,0.1813743940109852,0.2000,1.0000,0.4000,12.869
2026-04-20 22:14:02.155,430,0.5198558697586445,0.6362616784364903,0.40093866379142035,0.4685436580466408,0.18278723233523517,0.2000,1.0000,0.1500,8.564
2026-04-20 22:14:02.165,431,0.5197957288309902,0.6349821075485479,0.401710654073235,0.470087648696356,0.18419962582815919,0.3500,1.0000,0.3000,8.555
2026-04-20 22:14:02.173,432,0.5197356772957729,0.6337029808924718,0.4024823095243457,0.4716309693820809,0.18561144384143202,0.3000,1.0000,0.3500,12.099
2026-04-20 22:14:02.227,433,0.5196755778360422,0.6324233646868557,0.40325425592043,0.4731748716642478,0.18702377959742472,0.0500,1.0000,0.5000,10.722
2026-04-20 22:14:02.234,434,0.5196155222524087,0.6311439476493784,0.4040260391305405,0.4747184472897672,0.18843583514566117,0.2000,1.0000,0.3000,8.660
2026-04-20 22:14:02.243,435,0.5195555468332035,0.6298645672434745,0.4047977284442401,0.4762618348463058,0.1898477615671184,0.1500,1.0000,0.3000,11.101
2026-04-20 22:14:02.249,436,0.519495675438619,0.6285858371692096,0.40556895785461605,0.47780430232832294,0.19125888651228837,0.2500,1.0000,0.2000,9.307
2026-04-20 22:14:02.257,437,0.5194358710918783,0.6273080803450825,0.40633956805606136,0.47934553113264083,0.19266888970852897,0.2000,1.0000,0.6500,9.699
2026-04-20 22:14:02.263,438,0.5193761919973312,0.6260314928097028,0.40710940877463647,0.4808852207191755,0.1940775233400436,0.0500,1.0000,0.0500,9.063
2026-04-20 22:14:02.270,439,0.5193166113578636,0.6247565144663615,0.40787824703626746,0.4824229051473404,0.19548433494423753,0.2000,1.0000,0.3500,6.777
2026-04-20 22:14:02.277,440,0.5192571593580577,0.6234834919018881,0.40864586518673984,0.483958149116041,0.1968889340227121,0.2000,1.0000,0.2000,10.455
2026-04-20 22:14:02.284,441,0.5191978182835857,0.6222125523597678,0.4094122028279466,0.4854908318361777,0.19829119699137152,0.2500,1.0000,0.3000,8.085
2026-04-20 22:14:02.291,442,0.5191386197379968,0.6209439002247693,0.4101771225873751,0.4870206785696261,0.19969088470799998,0.0500,1.0000,0.4000,10.225
2026-04-20 22:14:02.298,443,0.5190795317358993,0.6196770279711129,0.4109409362765332,0.488548312946096,0.201088563156996,0.4000,1.0000,0.3500,8.678
2026-04-20 22:14:02.305,444,0.5190205603257284,0.6184122183784511,0.41170347873374463,0.49007340464872795,0.20248392618455777,0.3500,1.0000,0.2000,9.663
2026-04-20 22:14:02.312,445,0.518961736579316,0.6171499058483049,0.41246448146023135,0.4915954166862642,0.2038764884769164,0.2500,1.0000,0.2500,13.270
2026-04-20 22:14:02.318,446,0.518903027449449,0.6158899266694917,0.4132240604685764,0.49311458108998035,0.20526644827644291,0.1000,1.0000,0.5000,7.906
2026-04-20 22:14:02.326,447,0.5188444330652514,0.6146312940000368,0.41398278000130195,0.4946320263508466,0.20665486360961752,0.5500,1.0000,0.3000,12.371
2026-04-20 22:14:02.332,448,0.5187859385524194,0.6133748691029224,0.4147401582306725,0.4961467888191404,0.2080408223692953,0.3000,1.0000,0.2500,9.800
2026-04-20 22:14:02.339,449,0.5187275290633657,0.612121412295406,0.41549577098222285,0.49765802015150723,0.20942352056390132,0.1500,1.0000,0.0500,9.270
2026-04-20 22:14:02.346,450,0.5186691952930527,0.6108693244484452,0.41625053862965866,0.499167561100767,0.21080467846293607,0.4500,1.0000,0.4500,12.857
2026-04-20 22:14:02.353,451,0.5186109106526331,0.6096190832105941,0.4170042063277006,0.5006749019816074,0.21218380271817858,0.4000,1.0000,0.2000,9.576
2026-04-20 22:14:02.360,452,0.5185526466969421,0.6083707840597556,0.4177567388407179,0.5021799723278558,0.21356081066674193,0.3500,1.0000,0.1000,10.486
2026-04-20 22:14:02.367,453,0.5184943953532781,0.6071225342185648,0.4185092234865134,0.5036849467800543,0.21493773631745583,0.5000,1.0000,0.1500,12.300
2026-04-20 22:14:02.374,454,0.5184361729366469,0.6058784102734873,0.41925932024890405,0.5051851453106246,0.21631020165417844,-0.0500,1.0000,0.3000,9.162
2026-04-20 22:14:02.381,455,0.5183780067606225,0.6046350607984647,0.4200089263477591,0.5066843623639502,0.21768177989428422,0.4000,1.0000,0.1000,5.658
2026-04-20 22:14:02.389,456,0.5183199102322547,0.6033935649405454,0.4207574165080536,0.5081813473944863,0.21905130646516566,0.3500,1.0000,0.1500,9.606
2026-04-20 22:14:02.396,457,0.5182618261647909,0.602153846270712,0.42150487283692395,0.5096762646208756,0.22041890195613115,0.3500,1.0000,0.7500,14.628
2026-04-20 22:14:02.403,458,0.518203741380227,0.6009185621599022,0.4222497859216707,0.5111660952219582,0.22178172852864586,0.0000,1.0000,0.0500,10.096
2026-04-20 22:14:02.412,459,0.5181456711726719,0.5996850963692105,0.4229936408505354,0.5126538093783292,0.22314257964224868,0.3000,1.0000,0.1500,7.931
2026-04-20 22:14:02.419,460,0.518087634702672,0.5984521936281646,0.4237371424291675,0.5141408167052756,0.22450278798211418,0.4000,1.0000,0.2500,9.381
2026-04-20 22:14:02.427,461,0.5180295750327851,0.5972229303099369,0.4244785709618109,0.5156236778151542,0.22585909590286057,0.1500,1.0000,0.4000,9.925
2026-04-20 22:14:02.434,462,0.5179715230571886,0.595997121522393,0.4252180117702676,0.5171025633553215,0.2272116814022086,0.2000,1.0000,0.5000,10.413
2026-04-20 22:14:02.442,463,0.5179134623394667,0.5947728666394384,0.42595656214151584,0.5185796679033744,0.22856259230314005,0.4000,1.0000,0.2000,13.240
2026-04-20 22:14:02.449,464,0.5178554532650439,0.5935540760553653,0.4266919475571762,0.5200504424260848,0.22990759910639666,-0.0500,1.0000,0.2000,7.495
2026-04-20 22:14:02.457,465,0.5177974526892791,0.5923351853851809,0.42742737667101655,0.5215213042344136,0.23125269286802205,0.4000,1.0000,0.0000,10.922
2026-04-20 22:14:02.464,466,0.5177394831016571,0.5911179266759998,0.42816184498368226,0.5229902443329736,0.23259600326859048,0.3000,1.0000,0.1500,9.593
2026-04-20 22:14:02.473,467,0.5176816347564095,0.5899018593585325,0.4288955443073631,0.524457646349367,0.23393794260231773,0.4000,1.0000,0.3500,10.624
2026-04-20 22:14:02.482,468,0.5176237894445004,0.5886811344647764,0.4296318959364772,0.525930352875556,0.23528485683908323,0.6500,1.0000,0.2000,11.004
2026-04-20 22:14:02.490,469,0.5175659787619136,0.587459671497927,0.43036863930525904,0.5274038427830416,0.23663252584723996,0.4500,1.0000,0.4500,11.741
2026-04-20 22:14:02.499,470,0.5175082188621187,0.5862333021011985,0.4311081457707971,0.528882858788942,0.2379854053424139,0.6500,1.0000,0.2500,9.866
2026-04-20 22:14:02.507,471,0.5174504799117488,0.5850060580235233,0.4318481315671379,0.5303628333642032,0.23933919585892582,0.4500,1.0000,0.0000,11.752
2026-04-20 22:14:02.516,472,0.5173927601752238,0.5837805717816203,0.43258709375168486,0.5318407606263993,0.2406910783653178,0.2000,1.0000,0.0000,13.195
2026-04-20 22:14:02.523,473,0.5173351432034984,0.5825513694216443,0.43332810478717676,0.5333227855036923,0.24204686246566448,0.5500,1.0000,0.2000,11.361
2026-04-20 22:14:02.532,474,0.5172775510984441,0.5813185182971587,0.4340711783020056,0.5348089352554698,0.24340652827105683,0.4500,1.0000,0.2000,11.735
2026-04-20 22:14:02.540,475,0.5172199389861779,0.5800894087694717,0.43481212132702385,0.5362908239459626,0.2447621877863897,0.1500,1.0000,0.4000,11.070
2026-04-20 22:14:02.548,476,0.5171623799734023,0.578864193431669,0.4355507981015601,0.5377681800562777,0.24611362910450427,0.1500,1.0000,0.2500,7.593
2026-04-20 22:14:02.560,477,0.5171049664452352,0.5776456890014315,0.43628553765055894,0.5392376616386807,0.2474577730370585,0.0500,1.0000,0.3000,7.883
2026-04-20 22:14:02.568,478,0.5170475538739644,0.5764337306745517,0.4370165306626057,0.5406996500726474,0.2487948928159287,0.1000,1.0000,0.2500,9.550
2026-04-20 22:14:02.577,479,0.5169902442832637,0.575222307648525,0.4377471440242621,0.5421608791335372,0.25013136086588056,0.4000,1.0000,0.3500,10.226
2026-04-20 22:14:02.585,480,0.5169329817475666,0.5740032076896966,0.438482107877499,0.5436308091074605,0.2514760135785552,0.6000,1.0000,0.2500,9.299
2026-04-20 22:14:02.599,481,0.5168757309679562,0.5727817379574099,0.43921841324116057,0.5451034220342097,0.25282318852198293,0.5000,1.0000,0.2000,8.924
2026-04-20 22:14:02.613,482,0.5168183966523496,0.5715547295070957,0.43995793461302357,0.546582466911379,0.25417634479121726,0.6000,1.0000,0.1500,11.932
2026-04-20 22:14:02.626,483,0.5167609991584442,0.5703289735010914,0.4406967778970228,0.5480601555488175,0.2555281928302664,0.3000,1.0000,0.2500,9.588
2026-04-20 22:14:02.642,484,0.5167035693376205,0.5691077432774574,0.44143305218240736,0.5495327061269435,0.2568752051769543,0.2000,1.0000,0.1500,10.588
2026-04-20 22:14:02.654,485,0.5166460694101908,0.5678807389764104,0.4421726684214539,0.5510119405521727,0.25822844282752605,0.6000,1.0000,0.3500,14.959
2026-04-20 22:14:02.669,486,0.5165886324744582,0.5666553951249264,0.44291128970853777,0.5524891850150625,0.2595798517235236,0.2500,1.0000,0.4000,9.063
2026-04-20 22:14:02.680,487,0.5165311470661698,0.5654313778960113,0.44364918123531843,0.5539649699006842,0.26092986407743834,0.3000,1.0000,0.1500,7.123
2026-04-20 22:14:02.693,488,0.5164736036714296,0.5642118708430743,0.4443845302911756,0.5554356697894971,0.2622750755060602,0.2500,1.0000,0.3500,9.021
2026-04-20 22:14:02.703,489,0.5164161052906966,0.5629981876640191,0.4451165176411745,0.5568996462132805,0.2636140100264941,0.0500,1.0000,0.5000,11.511
2026-04-20 22:14:02.718,490,0.5163584777596976,0.561785024370888,0.44584829035814977,0.5583631933193031,0.2649524668035151,0.4000,1.0000,-0.1500,8.132
2026-04-20 22:14:02.729,491,0.5163006591698792,0.5605768269479068,0.4465773492617214,0.5598213127483562,0.266285723759653,0.2000,1.0000,0.2500,10.306
2026-04-20 22:14:02.739,492,0.516242992044562,0.5593773944618218,0.44730129521410145,0.5612692062263689,0.26760948231591897,0.1000,1.0000,0.1000,6.174
2026-04-20 22:14:02.751,493,0.516185450181795,0.5581750388732344,0.4480268246660983,0.5627202666564175,0.26893628303222766,0.5000,1.0000,0.3000,4.482
2026-04-20 22:14:02.763,494,0.5161278363686271,0.5569742401032061,0.4487515092382092,0.5641696372809127,0.2702614576552704,0.3000,1.0000,0.1500,10.445
2026-04-20 22:14:02.780,495,0.5160702698727279,0.5557747722959215,0.44947539857620705,0.5656174173927736,0.2715851688428505,0.3500,0.9500,0.1500,6.394
2026-04-20 22:14:02.790,496,0.5160128078340055,0.554577554260143,0.45019792964741506,0.5670624809279788,0.2729063942395097,0.2000,1.0000,0.3000,8.481
2026-04-20 22:14:02.803,497,0.5159553692707907,0.5533736148323234,0.45092428291013115,0.5685151888044165,0.2742347999644706,0.5500,1.0000,0.4000,8.504
2026-04-20 22:14:02.818,498,0.5158978776861564,0.5521803001052384,0.45164459739790014,0.5699558190904298,0.275551852081667,0.0500,1.0000,0.2000,9.587
2026-04-20 22:14:02.880,499,0.515840455549476,0.5509842408412807,0.45236643111477004,0.5713994877953308,0.27687179328842415,0.4500,1.0000,0.1500,10.934
2026-04-20 22:14:02.890,500,0.5157829772617302,0.5497899727251103,0.4530872760569863,0.5728411789127895,0.2781898478108968,0.3000,0.9000,-0.2000,9.353
2026-04-20 22:14:02.899,501,0.5157254116624359,0.5485977427463674,0.4538070119421371,0.5742806518791266,0.27950577194192505,0.2500,1.0000,0.2500,10.546
2026-04-20 22:14:02.908,502,0.5156677951306731,0.5474028343969253,0.4545283097434477,0.5757232486419023,0.28082459497676765,0.4000,1.0000,0.3500,12.239
2026-04-20 22:14:02.917,503,0.5156102558938014,0.5462094254151123,0.45524869677305785,0.5771640238264724,0.2821417554243308,0.4000,1.0000,0.3500,5.325
2026-04-20 22:14:02.926,504,0.5155525575191935,0.5450176205945405,0.455968270844463,0.5786031730608721,0.283457298765257,0.4000,1.0000,0.0500,10.386
2026-04-20 22:14:02.935,505,0.5154947647168373,0.5438180529236504,0.45669234146729926,0.5800513153653861,0.2847812180769964,0.6000,1.0000,0.1500,9.043
2026-04-20 22:14:02.943,506,0.5154368713904761,0.542626109462026,0.4574121201697071,0.5814908737972782,0.28609703141807075,0.1500,1.0000,0.2000,7.545
2026-04-20 22:14:02.955,507,0.5153790596280395,0.5414363799919495,0.4581305771800779,0.5829277888142838,0.2874104141840985,0.3500,1.0000,0.0500,8.479
2026-04-20 22:14:02.965,508,0.5153212363687878,0.5402540452039319,0.4588448142096687,0.5843562638398415,0.28871587779769825,0.2000,1.0000,0.4500,10.143
2026-04-20 22:14:02.975,509,0.5152634299589891,0.5390585359261886,0.45956656623679754,0.585799768831484,0.2900354418779989,0.7000,1.0000,0.4000,13.654
2026-04-20 22:14:02.984,510,0.5152054898324885,0.5378500845672183,0.46029580089552447,0.5872582390582012,0.29136895790808204,0.6500,1.0000,0.2000,12.176
2026-04-20 22:14:02.994,511,0.5151474070910408,0.5366388647673545,0.46102671066888684,0.5887200594869113,0.2927055316024913,0.4500,1.0000,0.7000,11.154
2026-04-20 22:14:03.004,512,0.5150892467062815,0.5354307683065648,0.4617558855688974,0.5901784101424583,0.29403880713337827,0.2500,1.0000,0.4000,13.498
2026-04-20 22:14:03.013,513,0.515031377540792,0.5342027161817328,0.4624962677450608,0.5916591753246452,0.2953932662004248,0.8000,0.9000,0.1000,13.697
2026-04-20 22:14:03.023,514,0.5149735615416922,0.5329712404689584,0.46323856905309624,0.5931437787456804,0.2967513546684605,0.5000,1.0000,0.4000,6.994
2026-04-20 22:14:03.033,515,0.5149156190165273,0.5317548216097335,0.4639723490884877,0.5946113395972787,0.2980933919579691,0.0000,1.0000,0.3000,10.585
2026-04-20 22:14:03.043,516,0.5148582182007337,0.5305407921233429,0.4647044009725641,0.5960754441228223,0.2994325049750103,0.3500,1.0000,0.4000,10.120
2026-04-20 22:14:03.052,517,0.5148008457598369,0.5293179680822824,0.4654414577937001,0.5975495584997634,0.30078101881475305,0.5000,1.0000,0.6000,7.816
2026-04-20 22:14:03.063,518,0.5147432475297148,0.5280918103808462,0.46618056853180295,0.5990277806885982,0.30213325205170816,0.4500,1.0000,0.7000,14.552
2026-04-20 22:14:03.071,519,0.5146855969221984,0.5268624519888332,0.46692154164298216,0.6005097276022069,0.30348894669758403,0.4000,1.0000,0.0500,9.264
2026-04-20 22:14:03.082,520,0.5146280982639811,0.5256360635797444,0.46766071485563576,0.6019880746980268,0.3048413551833115,0.3000,1.0000,0.5500,10.494
2026-04-20 22:14:03.092,521,0.5145708925334826,0.5244058299986064,0.46840188860239784,0.6034704228419484,0.3061976855571162,0.5000,1.0000,0.4000,9.331
2026-04-20 22:14:03.102,522,0.5145134825803459,0.5231722450122404,0.46914511220702804,0.6049568706820942,0.3075577402963088,0.4500,1.0000,0.2500,8.747
2026-04-20 22:14:03.111,523,0.5144560799162802,0.5219357089555926,0.4698900159402715,0.6064466787605401,0.30892094954001414,0.4000,1.0000,0.2500,14.092
2026-04-20 22:14:03.119,524,0.5143987623151541,0.5207028154208564,0.4706327802260514,0.6079322079257,0.3102801969508359,0.3000,1.0000,0.2500,11.020
2026-04-20 22:14:03.129,525,0.5143415940740189,0.5194735899180628,0.4713733476614385,0.6094133433722664,0.3116354124045635,0.3000,1.0000,0.3500,5.867
2026-04-20 22:14:03.138,526,0.5142846201119586,0.5182542093665685,0.4721081586699375,0.6108829659477827,0.3129799478977449,0.2500,1.0000,0.2000,8.255
2026-04-20 22:14:03.148,527,0.5142277016167469,0.5170448409649063,0.47283721028764525,0.6123410697249609,0.314313716898951,0.2000,1.0000,0.4000,8.560
2026-04-20 22:14:03.158,528,0.5141707032538541,0.5158245048657193,0.47357258125731805,0.6138118121898164,0.31565928810540456,0.6000,1.0000,0.3000,12.866
2026-04-20 22:14:03.166,529,0.5141138915404644,0.5146002139170268,0.47431008659357404,0.615286823372073,0.3170089701375784,0.4500,1.0000,0.6500,12.455
2026-04-20 22:14:03.177,530,0.5140569055745972,0.5133869400218635,0.47504141155800383,0.6167494737953848,0.3183469623345143,0.1000,1.0000,0.0000,7.195
2026-04-20 22:14:03.186,531,0.5139997154051749,0.5121765267453017,0.4757712369703805,0.6182091250997568,0.3196820237615486,0.3500,1.0000,0.3500,8.288
2026-04-20 22:14:03.197,532,0.5139428155962715,0.5109617944325261,0.4765033358126725,0.619673323249571,0.32102151725531386,0.5000,1.0000,0.3000,10.398
2026-04-20 22:14:03.207,533,0.5138860516131457,0.5097427816399198,0.47723778910633485,0.6211422302881688,0.32236550458551216,0.5000,1.0000,0.4000,9.665
2026-04-20 22:14:03.218,534,0.5138291948514149,0.5085131934861852,0.4779783463589141,0.6226233452310623,0.3237208827259846,0.5000,1.0000,-0.1000,14.098
2026-04-20 22:14:03.229,535,0.5137724713532044,0.5072799167179491,0.47872092162058283,0.6241084961790028,0.32508012237846645,0.4500,1.0000,0.5500,11.999
2026-04-20 22:14:03.238,536,0.5137157188309174,0.5060615192164106,0.47945501289309256,0.6255766791358871,0.32642343762823967,0.2500,1.0000,0.5500,10.476
2026-04-20 22:14:03.251,537,0.5136589822212955,0.5048796736399183,0.4801682058694294,0.6270030654880697,0.3277275778625221,0.5500,1.0000,0.6000,11.258
2026-04-20 22:14:03.261,538,0.513602187319015,0.5037332834307207,0.4808611766504409,0.6283890074376165,0.3289937674837409,0.6500,1.0000,0.4000,10.365
2026-04-20 22:14:03.271,539,0.5135455390263913,0.502621284927799,0.48153439646629653,0.6297354474452256,0.33022300957459744,0.4000,1.0000,0.0500,9.939
2026-04-20 22:14:03.281,540,0.5134889524252724,0.501542646379965,0.4821885115258591,0.6310436779289719,0.33141646624091103,0.4500,1.0000,0.5500,13.449
2026-04-20 22:14:03.293,541,0.5134322865519682,0.5004963669885661,0.4828241877137807,0.6323150306584975,0.3325753037873811,0.2500,1.0000,0.7000,9.255
2026-04-20 22:14:03.304,542,0.5133758670910928,0.4994814759789092,0.48344176265857813,0.6335501808911642,0.3337003452499705,0.4500,1.0000,0.4000,10.254
2026-04-20 22:14:03.315,543,0.5133195866402233,0.4984970316995419,0.48404184607091194,0.6347503480486116,0.3347926711845626,0.3000,1.0000,0.3000,14.366
2026-04-20 22:14:03.327,544,0.5132632267752142,0.49754212074855564,0.4846251055326528,0.6359168672948897,0.3358534058928939,0.4500,1.0000,0.5500,13.998
2026-04-20 22:14:03.336,545,0.5132068932944845,0.49661585712609896,0.48519197681832205,0.6370506101793406,0.3368834281677559,0.2000,1.0000,0.2500,9.633
2026-04-20 22:14:03.347,546,0.5131506587472648,0.49571738141231597,0.48574290267936254,0.6381524622051407,0.3378836104883134,0.5000,1.0000,0.5500,12.444
2026-04-20 22:14:03.355,547,0.5130943174586916,0.4948458599699465,0.48627849661641853,0.6392236503738602,0.33885498319110086,0.7000,1.0000,0.4000,8.965
2026-04-20 22:14:03.365,548,0.5130379136681654,0.49400048417084813,0.4867991912291029,0.6402650398849984,0.3397983832065448,0.0000,1.0000,0.1500,10.211
2026-04-20 22:14:03.373,549,0.5129814390284904,0.4931804696457227,0.48730544031198325,0.6412775383279553,0.3407146565301019,0.5000,1.0000,0.2500,15.449
2026-04-20 22:14:03.382,550,0.5129249803934548,0.49238505555635104,0.487797620745411,0.6422618994636912,0.3416045604769861,0.8000,1.0000,-0.0500,13.802
2026-04-20 22:14:03.393,551,0.5128686884260477,0.4916135038896605,0.4882760538267843,0.6432187658872517,0.3424687853664122,0.6000,1.0000,0.3000,8.053
2026-04-20 22:14:03.401,552,0.5128122684858858,0.4908650987729707,0.4887413450702344,0.6441493486271415,0.34330829466367346,0.4500,1.0000,0.2000,11.331
2026-04-20 22:14:03.412,553,0.5127558596155745,0.4901391458097816,0.48919379859528384,0.6450542559226402,0.34412373970091975,0.4500,1.0000,0.5000,9.735
2026-04-20 22:14:03.420,554,0.5126994003351595,0.48943497143548814,0.4896338402987238,0.645934339567558,0.34491588317119065,0.4500,1.0000,0.0500,13.143
2026-04-20 22:14:03.432,555,0.5126428393870865,0.4887519222924235,0.4900618777151075,0.646790414631222,0.3456854593014003,0.2000,1.0000,0.6000,13.616
2026-04-20 22:14:03.439,556,0.5125861752096669,0.48808936462365077,0.49047827404752564,0.6476232075200281,0.34643314818622967,0.4000,1.0000,0.4000,8.562
2026-04-20 22:14:03.449,557,0.5125296209443505,0.48744668368494126,0.4908832384987841,0.6484331366397957,0.347159466413327,0.6000,1.0000,0.4000,9.979
2026-04-20 22:14:03.459,558,0.512473077269651,0.48682328317439305,0.4912771780413999,0.6492210159357605,0.34786511911850654,0.2000,1.0000,0.5000,7.380
2026-04-20 22:14:03.468,559,0.5124165433537624,0.48621858467916124,0.4916604237653573,0.6499875075880864,0.3485507266101507,0.3000,1.0000,0.3000,12.221
2026-04-20 22:14:03.480,560,0.5123602246856989,0.4856320271387864,0.49203315929736363,0.650732978850378,0.34921675305681327,0.1500,1.0000,0.4000,11.098
2026-04-20 22:14:03.488,561,0.5123038365723545,0.4850630663246228,0.492395885433625,0.6514584313152312,0.3498639713802911,0.3500,1.0000,0.2500,8.263
2026-04-20 22:14:03.500,562,0.51224776185248,0.4845111743348841,0.4927486486190855,0.6521639578727128,0.35049269198735167,0.0000,1.0000,0.4000,5.798
2026-04-20 22:14:03.508,563,0.5121919606075671,0.4839758391048376,0.4930917680867386,0.6528501969889826,0.35110349015395675,0.6500,1.0000,0.3500,8.834
2026-04-20 22:14:03.519,564,0.5121363333139118,0.48345656393169245,0.49342559402775527,0.6535178490465507,0.35169696443295684,0.7000,1.0000,0.0500,12.358
2026-04-20 22:14:03.532,565,0.5120808823494295,0.4829528670137417,0.49375040018363264,0.6541674615285743,0.3522736294766781,0.2500,1.0000,0.4500,11.961
2026-04-20 22:14:03.540,566,0.5120256432212152,0.48246428100332944,0.4940664299499446,0.654799521226359,0.3528339623641987,0.4500,1.0000,0.1000,11.041
2026-04-20 22:14:03.554,567,0.5119705676300548,0.4819903525732296,0.4943739745811289,0.6554146106489336,0.35337848102295544,0.7500,1.0000,0.3500,10.421
2026-04-20 22:14:03.564,568,0.5119153331997657,0.4815306419960327,0.49467350027795337,0.6560136621979823,0.3539078715265251,0.6500,1.0000,0.2500,10.498
2026-04-20 22:14:03.578,569,0.5118599790717906,0.4810847227361517,0.4949652246909362,0.6565971111746857,0.35442256480205075,0.6000,1.0000,0.5500,11.927
2026-04-20 22:14:03.588,570,0.5118048060764148,0.48065218105406715,0.4952491836990228,0.6571650293370745,0.35492280360680395,0.2500,1.0000,0.4500,8.043
2026-04-20 22:14:03.601,571,0.5117494462759596,0.4802326156224451,0.4955258519334939,0.6577183659478459,0.35540926324404165,0.4000,1.0000,0.3500,11.285
2026-04-20 22:14:03.616,572,0.5116939663621634,0.47982563715377174,0.4957954073925008,0.658257477003434,0.3558823163637321,0.3500,1.0000,0.5000,12.193
2026-04-20 22:14:03.625,573,0.5116383976858758,0.4794308680391586,0.4960580449610075,0.6587827522738945,0.3563423466631019,0.2000,1.0000,0.4500,11.662
2026-04-20 22:14:03.639,574,0.5115827335059432,0.47904794199798384,0.49631397844508157,0.6592946193714861,0.3567897510961131,0.4000,1.0000,0.1500,13.765
2026-04-20 22:14:03.649,575,0.5115273102030825,0.4786765037380443,0.49656318662351734,0.659793035853918,0.35722468609501795,0.2000,1.0000,0.1500,7.096
2026-04-20 22:14:03.664,576,0.5114718349360831,0.478316208625903,0.49680606166541647,0.6602787860595097,0.3576477161527721,0.4000,1.0000,0.0000,13.670
2026-04-20 22:14:03.674,577,0.5114162500810309,0.47796672236712595,0.49704283302010044,0.6607523288870174,0.3580592378728354,0.4500,1.0000,0.6500,14.216
2026-04-20 22:14:03.688,578,0.5113608379779224,0.47762772069611215,0.49727349776328245,0.6612136584879769,0.35845941047043534,0.6000,1.0000,0.2000,11.830
2026-04-20 22:14:03.698,579,0.5113051196859323,0.47729888907522877,0.4974985549321523,0.6616637729368742,0.3588488902580906,0.5000,1.0000,0.1000,13.924
2026-04-20 22:14:03.713,580,0.511249289184938,0.47697992240297193,0.49771804955779864,0.6621027622959897,0.3592278748239588,0.5500,1.0000,0.2500,10.313
2026-04-20 22:14:03.727,581,0.5111933452638693,0.4766705247308828,0.49793215156807835,0.6625309664211374,0.3595966820762537,0.4000,1.0000,0.4500,10.442
2026-04-20 22:14:03.736,582,0.5111371669683343,0.4763704089889563,0.49814110564611525,0.6629488746786618,0.3599557002390454,0.6500,1.0000,0.3500,10.362
2026-04-20 22:14:03.747,583,0.5110805154195438,0.47607929671928756,0.49834523016989213,0.6633571238246226,0.36030538692503433,0.6000,1.0000,0.4500,11.882
2026-04-20 22:14:03.755,584,0.5110237441054899,0.47579691781770894,0.49854444383244045,0.663755551245174,0.36064579588492834,0.5500,1.0000,0.5500,13.375
2026-04-20 22:14:03.768,585,0.510966857878567,0.47552301028317767,0.4987388931199727,0.6641444499128297,0.36097720461088595,0.3000,1.0000,0.5500,11.224
2026-04-20 22:14:03.776,586,0.5109096101241244,0.47525731997468235,0.4989288876717639,0.6645244391062256,0.3613000498179498,0.4000,1.0000,0.7500,11.423
2026-04-20 22:14:03.788,587,0.5108523694654789,0.47499960037544187,0.49911432261155886,0.6648953090729346,0.36161434989335917,0.5500,1.0000,0.2500,5.635
2026-04-20 22:14:03.801,588,0.5107958321829237,0.4747496123641786,0.4992948703989393,0.6652564047322009,0.3619198968622856,0.4000,0.9500,0.2000,8.819
2026-04-20 22:14:03.809,589,0.5107389670354726,0.47450712399325323,0.49947135107494667,0.665609366166186,0.3622176267443926,0.2000,1.0000,0.0000,7.983
2026-04-20 22:14:03.822,590,0.510682029439584,0.4742719102734556,0.49964372293258125,0.6659541099609664,0.3625076103319438,0.3000,1.0000,0.3000,8.157
2026-04-20 22:14:03.831,591,0.5106248380320968,0.4740437529652519,0.4998122315941369,0.6662911273612036,0.36279020237151854,0.5500,1.0000,0.6500,14.044
2026-04-20 22:14:03.847,592,0.5105680412854653,0.47382244037629434,0.4999765657167585,0.666619795681259,0.3630651973708187,0.5500,1.0000,0.3500,8.164
2026-04-20 22:14:03.857,593,0.5105114393528069,0.4736077671650055,0.5001369758746521,0.6669406160696139,0.3633329485790905,0.5500,1.0000,0.2000,7.960
2026-04-20 22:14:03.872,594,0.5104550187901211,0.47339953415005537,0.5002935848531469,0.6672538340969941,0.3635936783764521,0.6000,1.0000,0.0000,8.356
2026-04-20 22:14:03.889,595,0.5103981811435998,0.4731975481255537,0.500446902029431,0.6675604685178412,0.36384799274703705,0.5500,1.0000,0.2500,12.101
2026-04-20 22:14:03.901,596,0.5103411310515438,0.4730016216817871,0.5005968980737134,0.6678604606726367,0.3640959560697913,0.4500,1.0000,0.1000,10.340
2026-04-20 22:14:03.919,597,0.510283805116699,0.4728115730313335,0.500743719133701,0.6681541028568555,0.36433780538989646,0.3000,1.0000,-0.0500,11.786
2026-04-20 22:14:03.929,598,0.5102260617163993,0.47262722584039346,0.5008875603908891,0.6684417854335483,0.36457382405939875,0.2500,1.0000,0.3500,9.075
2026-04-20 22:14:03.947,599,0.51016782095269,0.47244840906518165,0.501028572853974,0.6687238104201648,0.36480424861242833,0.2500,1.0000,0.1000,11.114
2026-04-20 22:14:03.957,600,0.5101094465253057,0.4722749567932262,0.5011666088675572,0.6689998825059648,0.3650290143532579,0.3000,1.0000,0.3500,11.111
2026-04-20 22:14:03.976,601,0.5100508716612205,0.4721067080894294,0.5013018049137478,0.6692702746552204,0.36524833823487746,0.7500,1.0000,0.6000,9.393
2026-04-20 22:14:03.993,602,0.5099920275494232,0.4719435068467465,0.5014342960743091,0.6695352570315114,0.365462433395805,0.5500,1.0000,-0.0500,9.837
2026-04-20 22:14:04.003,603,0.5099328552996147,0.47178520164134413,0.5015642081409637,0.6697950812183338,0.3656715013428147,0.2000,1.0000,0.2000,11.734
2026-04-20 22:14:04.019,604,0.5098731453894192,0.4716316455921038,0.5016917647308728,0.67005019445006,0.3658758391366683,0.4000,1.0000,0.3500,16.985
2026-04-20 22:14:04.029,605,0.5098132510340647,0.4714826962243407,0.5018168117847279,0.6703002886081207,0.36607536395834955,0.7000,1.0000,0.5000,8.712
2026-04-20 22:14:04.043,606,0.509753110059072,0.47133821533761044,0.5019394697271666,0.6705456045418382,0.3662702653355796,0.1000,1.0000,0.6500,12.066
2026-04-20 22:14:04.052,607,0.5096933868822371,0.4711980688774821,0.5020593722187268,0.6707854095723333,0.3664602439588874,0.6000,1.0000,0.2000,9.242
2026-04-20 22:14:04.067,608,0.5096334156375156,0.47106212681115767,0.5021770374776678,0.6710207401361691,0.3666458830656236,0.4000,1.0000,0.1500,12.214
2026-04-20 22:14:04.143,609,0.5095734350110404,0.47093026300682295,0.5022923784582377,0.6712514221418837,0.36682715867855475,0.2000,1.0000,0.3000,10.957
2026-04-20 22:14:04.154,610,0.5095129128610011,0.4708023551166183,0.5024058198376293,0.6714783049439047,0.36700455665133686,0.6500,1.0000,0.5500,15.190
2026-04-20 22:14:04.165,611,0.5094523628819938,0.4706782844631197,0.5025170869712853,0.6717008392531573,0.3671778616805816,0.5000,1.0000,0.1000,7.862
2026-04-20 22:14:04.175,612,0.5093917804103134,0.4705579359292261,0.5026262487522938,0.6719191628558567,0.3673472002203112,0.6000,1.0000,0.2000,12.544
2026-04-20 22:14:04.184,613,0.5093310801988756,0.47044119785134936,0.5027334258224773,0.6721335170356856,0.3675127487464541,0.5000,1.0000,0.4500,9.487
2026-04-20 22:14:04.194,614,0.5092705680958012,0.4703279619158089,0.5028384761792084,0.672343617787426,0.36767441941546597,0.3500,1.0000,0.4500,12.707
2026-04-20 22:14:04.205,615,0.5092102473812257,0.4702181230583346,0.5029414576749665,0.672549580816072,0.36783232261413634,0.3000,1.0000,0.3500,13.677
2026-04-20 22:14:04.216,616,0.509150433146871,0.47011157936658454,0.5030422184866628,0.6727511024754803,0.3679863574776575,0.5000,1.0000,0.4500,13.477
2026-04-20 22:14:04.227,617,0.5090906544029603,0.470008231985587,0.5031411290983993,0.6729489237338886,0.3681369439196641,0.5000,1.0000,0.2500,13.435
2026-04-20 22:14:04.237,618,0.5090308480296224,0.4699079850260194,0.50323828638628,0.6731432383435374,0.36828422676290695,0.5000,1.0000,0.2000,13.466
2026-04-20 22:14:04.246,619,0.5089706917131505,0.4698107454752388,0.5033339583784138,0.6733345823606756,0.3684285205437419,0.6500,1.0000,0.4000,14.935
2026-04-20 22:14:04.255,620,0.5089107438013097,0.46971642311098166,0.5034278244006922,0.673522314437117,0.3685695497010605,0.3000,1.0000,0.4500,11.960
2026-04-20 22:14:04.264,621,0.5088510013248095,0.4696249304176522,0.5035199364436453,0.6737065385539512,0.36870740998500257,0.3500,1.0000,0.1500,10.978
2026-04-20 22:14:04.275,622,0.5087909059141633,0.46953618250512263,0.5036107152642706,0.673888096225202,0.3688425645993871,-0.0500,1.0000,0.2000,10.706
2026-04-20 22:14:04.285,623,0.5087307134164344,0.469450097029969,0.5037000373532118,0.6740667404321846,0.36897493120827485,0.4000,1.0000,0.4500,14.114
2026-04-20 22:14:04.296,624,0.5086712347840681,0.4693665941190699,0.5037874077191976,0.6742414811923834,0.36910405475860875,0.7000,1.0000,0.2500,9.711
2026-04-20 22:14:04.306,625,0.5086113885458036,0.4692855962954978,0.5038735916174499,0.6744138490162684,0.36923073924567873,0.4000,1.0000,0.7000,13.614
2026-04-20 22:14:04.315,626,0.5085521409522449,0.46920702840663286,0.5039579878270495,0.6745826414620265,0.36935442102643146,0.3000,1.0000,0.3000,6.606
2026-04-20 22:14:04.325,627,0.5084926471902472,0.46913081755443387,0.5040412012145249,0.6747490682627394,0.3694757414179254,0.7500,1.0000,0.4000,14.870
2026-04-20 22:14:04.334,628,0.5084330654328025,0.46905689302780085,0.5041231667392474,0.6749129993371736,0.36959467073654584,0.6000,1.0000,0.3000,9.217
2026-04-20 22:14:04.344,629,0.5083731403960025,0.46898518623696683,0.5042040937862806,0.6750748534554797,0.3697114526636601,0.4500,1.0000,0.4500,13.476
2026-04-20 22:14:04.353,630,0.5083134644570487,0.4689156306498578,0.504283625457408,0.6752339168212469,0.36982576356846614,0.8000,1.0000,0.1000,12.508
2026-04-20 22:14:04.363,631,0.5082538487937406,0.4688481617303621,0.5043619245134169,0.6753905149560717,0.3699377984811433,0.6000,1.0000,0.4000,11.931
2026-04-20 22:14:04.373,632,0.5081942951403774,0.46878271687845124,0.5044390255710484,0.6755447170934574,0.37004762331974295,0.3500,1.0000,0.4000,11.115
2026-04-20 22:14:04.382,633,0.508135076867384,0.4687192353720977,0.5045147810831049,0.6756962281390297,0.37015512089933866,0.3500,1.0000,0.2500,10.525
2026-04-20 22:14:04.392,634,0.5080757791632872,0.46865765831093475,0.5045895012493287,0.6758456684922927,0.3702606308710754,0.5500,1.0000,0.3000,11.485
2026-04-20 22:14:04.401,635,0.5080166522190334,0.4685979285616067,0.5046630519247522,0.6759927698633308,0.3703640476578466,0.4000,1.0000,0.4500,11.321
2026-04-20 22:14:04.411,636,0.5079569086854797,0.4685399907047585,0.5047359896783314,0.6761386453900744,0.37046595553943296,0.3500,1.0000,0.5000,15.351
2026-04-20 22:14:04.419,637,0.5078970846130715,0.46848379098361576,0.5048079878625441,0.6762826417774973,0.37056605474781257,0.3000,1.0000,0.2000,7.895
2026-04-20 22:14:04.429,638,0.5078377005717477,0.46842927725410727,0.5048787292286222,0.6764241245280812,0.3706640541073326,0.4000,1.0000,0.5000,12.124
2026-04-20 22:14:04.438,639,0.5077790083918676,0.46837639893648403,0.504948074793582,0.6765628156758756,0.37075983992593103,0.2500,1.0000,0.4500,10.556
2026-04-20 22:14:04.450,640,0.5077201339536339,0.4683251069683895,0.5050166353407596,0.6766999367875696,0.37085404751913825,0.5500,1.0000,0.4500,13.473
2026-04-20 22:14:04.460,641,0.5076615255815835,0.4682753537593378,0.505084139182831,0.676834944488531,0.3709464289958584,0.5500,1.0000,0.3000,10.288
2026-04-20 22:14:04.469,642,0.5076030985062383,0.4682270931465577,0.5051506692126112,0.6769680045644053,0.37103709033124777,0.5000,1.0000,0.3500,11.588
2026-04-20 22:14:04.480,643,0.5075441464273367,0.46818028035216097,0.5052167218853758,0.6771001099257591,0.37112655037045333,0.6500,1.0000,0.1500,14.020
2026-04-20 22:14:04.490,644,0.5074852921011125,0.46813487194159614,0.505281906851084,0.6772304798725252,0.3712144404816092,0.6000,1.0000,0.5000,10.296
2026-04-20 22:14:04.501,645,0.5074263661130238,0.46809082578334826,0.5053463611289216,0.6773593884430898,0.3713009187505311,0.6000,1.0000,0.5000,13.964
2026-04-20 22:14:04.510,646,0.5073682632104698,0.46804810100984784,0.5054095115744962,0.6774856893486816,0.37138543246745737,0.3500,1.0000,0.6000,13.391
2026-04-20 22:14:04.520,647,0.5073104328296693,0.4680066579795524,0.5054717478835856,0.6776101619808697,0.37146839114975794,0.4000,1.0000,0.4000,9.237
2026-04-20 22:14:04.531,648,0.5072520541538836,0.4679664582401658,0.5055336392410085,0.6777339447093043,0.3715503832091956,0.5000,1.0000,0.4500,13.196
2026-04-20 22:14:04.540,649,0.5071930429709349,0.46792746449296085,0.5055952631026663,0.6778571924458013,0.37163150475180784,0.6000,1.0000,0.4000,9.925
2026-04-20 22:14:04.550,650,0.5071344176619251,0.467889640558172,0.5056559612228408,0.6779785886989363,0.37171111562250814,0.5000,1.0000,0.2500,8.210
2026-04-20 22:14:04.559,651,0.5070760109052247,0.46785295134142685,0.5057158652040508,0.6780983966737585,0.371789364971728,0.4000,1.0000,0.5500,10.747
2026-04-20 22:14:04.570,652,0.5070176373345311,0.467817362801184,0.5057751180769539,0.6782169024315949,0.3718664128516007,0.4000,1.0000,0.5500,10.161
2026-04-20 22:14:04.579,653,0.5069591172675905,0.46778284191714853,0.5058338584992483,0.6783343832878533,0.3719424144306558,0.5000,1.0000,0.2500,9.687
2026-04-20 22:14:04.591,654,0.5069011029111709,0.4677493566596341,0.5058916699698656,0.678450006240407,0.3720169692233307,0.6000,1.0000,0.6000,10.929
2026-04-20 22:14:04.603,655,0.5068429520434737,0.46771687595984507,0.5059489983910109,0.6785646630936774,0.3720905386668721,0.5500,1.0000,0.3500,10.371
2026-04-20 22:14:04.612,656,0.5067848461994229,0.46768536968104973,0.5060057399611116,0.6786781462445292,0.372163034028697,0.7000,1.0000,0.5500,12.038
2026-04-20 22:14:04.623,657,0.5067269794719691,0.46765480859061825,0.5060617819899257,0.6787902303124881,0.3722343572354835,0.5500,1.0000,0.3500,6.489
2026-04-20 22:14:04.632,658,0.506669518240218,0.4676251643328997,0.5061170297619559,0.6789007258665695,0.372304427750147,0.5000,1.0000,0.3500,8.176
2026-04-20 22:14:04.643,659,0.506612371394996,0.4675964094029127,0.5061715597344408,0.6790097858212596,0.3723733357829862,0.7000,1.0000,0.3000,10.169
2026-04-20 22:14:04.654,660,0.5065556025299085,0.4675685171208253,0.5062253447578994,0.6791173558776054,0.37244106752498835,0.5500,1.0000,0.4500,11.279
2026-04-20 22:14:04.666,661,0.5064991241327594,0.46754146160720056,0.5062784579626637,0.6792235822962797,0.3725077090467399,0.4500,1.0000,0.3000,13.857
2026-04-20 22:14:04.678,662,0.5064419789347708,0.4675152177589845,0.506331551873121,0.6793297701260657,0.3725739254246749,0.7000,1.0000,0.1000,12.126
2026-04-20 22:14:04.687,663,0.5063845703456065,0.467489761226215,0.5063843714643415,0.679435409317112,0.37263947380934875,0.5000,1.0000,0.6000,11.008
2026-04-20 22:14:04.702,664,0.5063269135736925,0.46746506838942853,0.506436920094775,0.6795405065863263,0.3727043693694321,0.6000,1.0000,0.1000,10.966
2026-04-20 22:14:04.713,665,0.5062697787195799,0.46744111633774565,0.506488697456533,0.679644061317939,0.37276812325295033,0.3000,1.0000,0.3000,7.343
2026-04-20 22:14:04.726,666,0.5062125889152254,0.46741788284761326,0.5065401008280151,0.6797468680687571,0.37283114385053995,0.2000,1.0000,0.2000,8.689
2026-04-20 22:14:04.735,667,0.5061554322535948,0.4673953463621849,0.5065910837992905,0.679848834018926,0.3728933955311396,0.3500,1.0000,0.1500,10.721
2026-04-20 22:14:04.747,668,0.50609911211976,0.46737348597131934,0.5066411227294632,0.679948911886661,0.37295436510935676,0.2500,1.0000,0.2500,14.177
2026-04-20 22:14:04.756,669,0.506043224758114,0.46735228139217977,0.5066904983796148,0.6800476631941321,0.3730143434881115,0.1500,1.0000,0.0500,10.583
2026-04-20 22:14:04.767,670,0.5059869690635723,0.46733171295041437,0.5067397560627586,0.6801461785673726,0.3730738858180004,0.6500,1.0000,0.4500,10.901
2026-04-20 22:14:04.780,671,0.5059305570170967,0.46731176156190196,0.5067887653639215,0.6802441971764428,0.37313287122650607,0.4500,1.0000,0.1500,11.877
2026-04-20 22:14:04.789,672,0.5058733915335499,0.4672924087150449,0.5068379349183597,0.6803425362918614,0.3731917176050668,0.1000,1.0000,0.3500,10.396
2026-04-20 22:14:04.801,673,0.5058161973845613,0.46727363645359354,0.5068867918061303,0.6804402500737483,0.3732499610122362,0.3000,1.0000,0.2000,9.962
2026-04-20 22:14:04.811,674,0.5057591917189689,0.46725542735998576,0.5069352012146501,0.6805370688969432,0.37330747534457276,0.5000,1.0000,0.5000,12.424
2026-04-20 22:14:04.824,675,0.5057021730071254,0.4672377645391862,0.5069833071517269,0.6806332807770675,0.37336441305775186,0.7000,1.0000,0.5000,11.366
2026-04-20 22:14:04.838,676,0.5056451545434837,0.4672206316030106,0.5070311101194603,0.680728886718326,0.37342078284830454,0.2000,1.0000,0.1000,10.682
2026-04-20 22:14:04.854,677,0.505588630480931,0.4672040126549203,0.5070782897667087,0.6808232460184406,0.3734762723136876,0.4000,1.0000,0.6500,8.053
2026-04-20 22:14:04.873,678,0.5055324924808263,0.4671878922752727,0.5071249271308251,0.680916520752123,0.37353097020139475,0.3000,1.0000,0.0000,8.035
2026-04-20 22:14:04.882,679,0.5054762226476888,0.4671722555070145,0.5071713760227089,0.6810094185411764,0.37358523780116143,0.5000,1.0000,0.2500,11.515
2026-04-20 22:14:04.898,680,0.5054201335937568,0.4671570878418041,0.5072174363250285,0.6811015391509427,0.3736388822501274,0.5000,1.0000,0.0000,10.823
2026-04-20 22:14:04.908,681,0.5053644191265356,0.46714237520655,0.5072629868748834,0.6811926402556259,0.3736917894222293,0.6000,1.0000,0.5000,9.335
2026-04-20 22:14:04.923,682,0.505308455905484,0.4671281039503535,0.5073084510334739,0.6812835685776312,0.3737443895043995,0.5500,1.0000,0.1000,10.738
2026-04-20 22:14:04.934,683,0.5052522570604988,0.4671142608318429,0.5073538276143501,0.6813743217440632,0.37379668793114795,0.8000,0.8500,-0.2000,5.533
2026-04-20 22:14:04.946,684,0.5051953875885891,0.4671008330068876,0.5073994139593161,0.6814654944385343,0.37384898846661,0.2500,1.0000,0.3000,9.479
2026-04-20 22:14:04.962,685,0.5051381836527785,0.467087808016681,0.5074449930793052,0.6815566526829155,0.3739010803513803,0.6500,1.0000,0.0500,11.248
2026-04-20 22:14:04.971,686,0.5050813699049945,0.4670751737761806,0.5074900887790599,0.6816468440866956,0.37395249343297265,0.8000,1.0000,0.3000,13.762
2026-04-20 22:14:04.989,687,0.5050246366952987,0.46706291856289517,0.5075349141907187,0.6817364949141561,0.3740034467050141,0.4500,1.0000,0.0500,6.028
2026-04-20 22:14:05.005,688,0.5049681698594675,0.4670510310060083,0.5075793519216454,0.6818253703800278,0.3740538284605119,0.6000,1.0000,0.3500,11.787
2026-04-20 22:14:05.026,689,0.5049112259571664,0.46703950007582806,0.507623903901674,0.681914474343983,0.37410414614437454,0.4500,1.0000,0.2000,14.512
2026-04-20 22:14:05.039,690,0.5048544285103095,0.46702831507355325,0.5076681605633852,0.6820029876711862,0.37415399553880463,0.6000,1.0000,0.3000,11.458
2026-04-20 22:14:05.060,691,0.5047970434141831,0.46701746562134666,0.5077126172403617,0.6820919010288068,0.3742038771665186,0.4000,1.0000,0.3500,10.109
2026-04-20 22:14:05.074,692,0.5047399351163304,0.4670069416527063,0.5077567033867689,0.6821800733251787,0.3742532255151411,0.1500,1.0000,0.3500,12.721
2026-04-20 22:14:05.097,693,0.5046825764674621,0.4669967334031251,0.5078007760154182,0.682268218585928,0.3743024024799392,0.3500,1.0000,0.5000,11.767
2026-04-20 22:14:05.118,694,0.5046258337361073,0.4669967334031251,0.5078442630265096,0.6823551926114582,0.374350840697095,0.8000,1.0000,0.5000,14.799
2026-04-20 22:14:05.132,695,0.5045685116621036,0.4669967334031251,0.507887966510328,0.6824425995823418,0.37439934685079584,0.5000,1.0000,0.2500,8.982
2026-04-20 22:14:05.152,696,0.5045124491546179,0.4669967334031251,0.5079306656200999,0.682527997805035,0.3744467045503537,0.4000,1.0000,0.1000,9.171
2026-04-20 22:14:05.162,697,0.5044568713384274,0.4669967334031251,0.5079728818791982,0.6826124303262866,0.3744934396415444,0.2500,1.0000,0.1500,9.840
2026-04-20 22:14:05.176,698,0.5044004316060695,0.4669967334031251,0.5080155178176257,0.6826977022061047,0.37454045884710147,0.8000,1.0000,0.3500,11.804
2026-04-20 22:14:05.187,699,0.5043436863994694,0.4669967334031251,0.5080582071220422,0.6827830808178122,0.3745873999206338,0.8000,1.0000,0.2000,11.522
2026-04-20 22:14:05.201,700,0.5042875484891322,0.4669967334031251,0.508100345787283,0.682867358151082,0.37463366280191684,0.5500,0.9500,0.1000,10.530
2026-04-20 22:14:05.219,701,0.5042309700305825,0.4669967334031251,0.5081426367495817,0.6829519400783839,0.3746799542537765,0.4000,1.0000,0.3500,14.242
2026-04-20 22:14:05.230,702,0.5041745091651139,0.4669967334031251,0.508184712156795,0.6830360908954338,0.3747259101358639,0.7000,1.0000,0.4000,8.659
2026-04-20 22:14:05.247,703,0.5041186129435474,0.4669967334031251,0.5082262780898331,0.6831192227640549,0.37477124012953006,0.5000,1.0000,0.4000,11.545
2026-04-20 22:14:05.257,704,0.5040628237398371,0.4669967334031251,0.5082676436240741,0.683201953835005,0.3748162568025801,0.3000,1.0000,0.3000,11.732
2026-04-20 22:14:05.271,705,0.5040076999143362,0.4669967334031251,0.508308440390889,0.6832835473710291,0.3748605951740398,0.4500,1.0000,0.1500,6.910
2026-04-20 22:14:05.280,706,0.5039517768271055,0.4669967334031251,0.5083496485723628,0.6833659637362991,0.37490523871201903,0.4500,1.0000,0.2000,14.412
2026-04-20 22:14:05.295,707,0.50389607433375,0.4669967334031251,0.5083905919075534,0.6834478504089331,0.37494951434302,0.3500,1.0000,0.3500,15.452
2026-04-20 22:14:05.308,708,0.5038410334283846,0.4669967334031251,0.5084309799338954,0.6835286264638024,0.374993134696298,0.8000,1.0000,0.6500,10.198
2026-04-20 22:14:05.317,709,0.5037865138849449,0.4669967334031251,0.5084709095629374,0.683608485724006,0.3750361996824679,0.3500,1.0000,0.7000,12.099
2026-04-20 22:14:05.332,710,0.5037313089450428,0.4669967334031251,0.5085111886249518,0.6836890438500909,0.37507952004089634,0.4500,1.0000,0.5500,6.542
2026-04-20 22:14:05.341,711,0.5036765416765326,0.4669967334031251,0.5085510716329759,0.6837688098681334,0.3751223531064421,0.4500,1.0000,0.3500,9.533
2026-04-20 22:14:05.356,712,0.5036211133798121,0.4669967334031251,0.508591294181603,0.6838492549673222,0.3751654372108652,0.5500,1.0000,0.3500,11.388
2026-04-20 22:14:05.365,713,0.5035651670505062,0.4669967334031251,0.5086317639747625,0.6839301945555177,0.3752086827131469,0.5000,1.0000,0.5000,10.520
2026-04-20 22:14:05.378,714,0.5035098159120466,0.4669967334031251,0.508671741806816,0.6840101502214448,0.3752513529830488,0.2500,1.0000,0.3000,12.692
2026-04-20 22:14:05.392,715,0.5034547316761957,0.4669967334031251,0.5087114493916044,0.6840895653927874,0.3752936722325503,0.6000,1.0000,0.1500,6.548
2026-04-20 22:14:05.484,716,0.5033994605604392,0.4669967334031251,0.50875119202017,0.6841690506516315,0.37533594817588756,0.4000,1.0000,0.1500,8.325
2026-04-20 22:14:05.494,717,0.5033444631822545,0.4669967334031251,0.5087906653004793,0.6842479972139113,0.3753778787715253,0.5500,1.0000,0.2500,10.320
2026-04-20 22:14:05.502,718,0.5032908887557757,0.4669967334031251,0.5088291056954724,0.6843248780055088,0.375418702762387,0.6000,1.0000,0.3500,11.524
2026-04-20 22:14:05.512,719,0.503236531709206,0.4669967334031251,0.5088679861138724,0.6844026388438721,0.37545989526877965,0.5500,1.0000,0.4000,13.978
2026-04-20 22:14:05.520,720,0.5031830115614939,0.4669967334031251,0.5089062293280802,0.6844791252738038,0.37550038120834023,0.4500,1.0000,0.4000,10.172
2026-04-20 22:14:05.529,721,0.5031299448180536,0.4669967334031251,0.5089440933793014,0.6845548533777169,0.37554042070315363,0.3000,1.0000,0.5500,7.680
2026-04-20 22:14:05.539,722,0.503076913536982,0.4669967334031251,0.5089818592022757,0.6846303850250921,0.37558029670641235,0.2500,1.0000,0.2500,9.980
2026-04-20 22:14:05.550,723,0.5030233534848769,0.4669967334031251,0.5090199051902046,0.6847064770023336,0.3756203895692171,0.5500,1.0000,0.0000,9.478
2026-04-20 22:14:05.559,724,0.502969822652508,0.4669967334031251,0.5090578615197134,0.6847823896626937,0.37566033136735566,0.5000,1.0000,0.5500,11.637
2026-04-20 22:14:05.569,725,0.5029163591999614,0.4669967334031251,0.509095704856103,0.6848580763367748,0.37570010060831593,0.4500,1.0000,0.1500,10.921
2026-04-20 22:14:05.579,726,0.5028631723493677,0.4669967334031251,0.5091332977601497,0.6849332621461313,0.3757395616397963,0.3000,1.0000,0.3500,7.773
2026-04-20 22:14:05.589,727,0.5028100441613258,0.4669967334031251,0.5091707875057191,0.6850082416384952,0.3757788634689763,0.5500,1.0000,0.3500,10.699
2026-04-20 22:14:05.599,728,0.5027584452153416,0.4669967334031251,0.5092071956279771,0.6850810578841995,0.3758170293123366,0.3000,1.0000,0.3000,2.486
2026-04-20 22:14:05.608,729,0.5027069656074563,0.4669967334031251,0.5092434639267546,0.6851535944829069,0.37585500260058324,0.2500,1.0000,0.2000,6.882
2026-04-20 22:14:05.618,730,0.5026555194665522,0.4669967334031251,0.5092796514574056,0.685225969545327,0.37589284397101935,0.7000,1.0000,0.1500,11.488
2026-04-20 22:14:05.627,731,0.502603396617768,0.4669967334031251,0.5093162334235419,0.6852991334786841,0.3759310301617472,0.3500,1.0000,0.2500,10.699
2026-04-20 22:14:05.637,732,0.5025513338591059,0.4669967334031251,0.5093527203275884,0.685372107287829,0.3759690731636475,0.6000,1.0000,-0.0500,14.691
2026-04-20 22:14:05.646,733,0.5024984983807136,0.4669967334031251,0.5093896690261734,0.6854460046860197,0.37600753127715086,0.6000,1.0000,0.3000,13.660
2026-04-20 22:14:05.656,734,0.5024461790853796,0.4669967334031251,0.50942622185133,0.6855191103373226,0.3760455482347781,0.7000,1.0000,0.2500,9.666
2026-04-20 22:14:05.666,735,0.5023934736331735,0.4669967334031251,0.5094629819155533,0.6855926304667291,0.3760837285074979,0.6500,1.0000,0.3500,9.496
2026-04-20 22:14:05.675,736,0.5023415525608179,0.4669967334031251,0.5094991703669937,0.6856650073705411,0.3761212945611799,0.2000,1.0000,0.4500,7.433
2026-04-20 22:14:05.686,737,0.5022897990483782,0.4669967334031251,0.5095351998797273,0.6857370663969117,0.37615866034808787,0.1500,1.0000,0.3000,12.978
2026-04-20 22:14:05.697,738,0.502237401647304,0.4669967334031251,0.5095716128364174,0.6858098923111682,0.37619636949072716,0.5000,1.0000,0.5500,10.417
2026-04-20 22:14:05.707,739,0.5021854467749903,0.4669967334031251,0.5096076863332545,0.6858820393056925,0.376233700287935,0.5000,1.0000,0.7000,11.159
2026-04-20 22:14:05.718,740,0.5021328689005147,0.4669967334031251,0.5096441320574074,0.685954930754823,0.3762713655934476,0.2000,1.0000,0.3500,12.687
2026-04-20 22:14:05.727,741,0.5020805326507607,0.4669967334031251,0.5096803748841776,0.686027416409163,0.37630879141413653,0.3000,1.0000,0.2000,7.671
2026-04-20 22:14:05.740,742,0.5020283034286984,0.4669967334031251,0.5097165057993452,0.686099678240274,0.3763460698334054,0.3500,1.0000,0.1500,7.580
2026-04-20 22:14:05.751,743,0.5019759200049776,0.4669967334031251,0.5097527001726048,0.6861720669875456,0.37638337728564314,0.5000,1.0000,0.6500,12.348
2026-04-20 22:14:05.762,744,0.5019236427070816,0.4669967334031251,0.5097887856325911,0.6862442379082482,0.3764205424322383,0.9000,1.0000,-0.0500,13.307
2026-04-20 22:14:05.771,745,0.5018712147011111,0.4669967334031251,0.5098249345467855,0.6863165357373449,0.37645773864244325,0.5500,1.0000,0.5500,14.195
2026-04-20 22:14:05.783,746,0.5018188876960934,0.4669967334031251,0.5098609802197048,0.6863886270838703,0.3764948001924928,0.4500,1.0000,-0.0500,7.129
2026-04-20 22:14:05.794,747,0.5017667828013899,0.4669967334031251,0.5098968429889942,0.6864603526231151,0.3765316483625985,0.6500,1.0000,0.1000,10.996
2026-04-20 22:14:05.804,748,0.5017140214035793,0.4669967334031251,0.5099331096418369,0.6865328859294467,0.3765688708542331,0.5500,1.0000,0.0500,12.311
2026-04-20 22:14:05.817,749,0.5016622076503473,0.4669967334031251,0.5099687117599982,0.6866040901663961,0.3766054001360225,0.5000,0.9000,0.1000,10.586
2026-04-20 22:14:05.827,750,0.5016100879096376,0.4669967334031251,0.5100044860813312,0.68667563880967,0.3766420738060747,0.3500,1.0000,0.1000,9.134
2026-04-20 22:14:05.839,751,0.5015581621188941,0.4669967334031251,0.5100401002678608,0.6867468671833189,0.37667856036086195,0.3500,1.0000,0.3000,10.931
2026-04-20 22:14:05.851,752,0.5015060699972606,0.4669967334031251,0.5100757954318695,0.6868182575119083,0.37671510172208056,0.5000,1.0000,0.3500,11.194
2026-04-20 22:14:05.863,753,0.501454558826203,0.4669967334031251,0.5101110742830065,0.6868888152147372,0.37675120138451124,0.8000,1.0000,0.2500,14.336
2026-04-20 22:14:05.875,754,0.5014026362905605,0.4669967334031251,0.5101465992350872,0.686959865119437,0.37678752252354686,0.4500,1.0000,0.4500,8.754
2026-04-20 22:14:05.885,755,0.5013505353478084,0.4669967334031251,0.5101822158273914,0.6870310983045675,0.3768239114171973,0.3000,1.0000,0.5500,8.092
2026-04-20 22:14:05.897,756,0.5012983919677889,0.4669967334031251,0.5102178342322932,0.6871023351148774,0.3768602789544048,0.5500,1.0000,0.3000,13.114
2026-04-20 22:14:05.907,757,0.5012457174554045,0.4669967334031251,0.5102537810408916,0.6871742287325655,0.3768969524213399,0.6000,1.0000,0.4000,11.332
2026-04-20 22:14:05.920,758,0.5011928902262508,0.4669967334031251,0.5102898047466592,0.6872462761445773,0.37693368098569413,0.3500,1.0000,0.2500,10.364
2026-04-20 22:14:05.931,759,0.5011394241487425,0.4669967334031251,0.5103262301847399,0.687319127021201,0.37697079013660384,0.2500,1.0000,0.5500,15.166
2026-04-20 22:14:05.944,760,0.5010866973949992,0.4669967334031251,0.5103621392987183,0.6873909452496063,0.3770073624520264,0.3000,1.0000,0.5000,6.497
2026-04-20 22:14:05.957,761,0.5010338284542997,0.4669967334031251,0.5103981204656565,0.6874629075839175,0.37704398692436525,0.3500,1.0000,0.1500,12.543
2026-04-20 22:14:05.967,762,0.5009805888311649,0.4669967334031251,0.5104343266980239,0.6875353200490744,0.3770808171629715,0.4000,1.0000,0.0500,10.936
2026-04-20 22:14:05.979,763,0.5009278505245649,0.4669967334031251,0.5104701773248599,0.6876070213031555,0.37711727307585907,-0.1500,1.0000,0.3000,9.087
2026-04-20 22:14:05.988,764,0.5008745985773542,0.4669967334031251,0.5105063496260966,0.687679365906026,0.3771540325045658,0.6000,1.0000,0.3000,7.117
2026-04-20 22:14:06.000,765,0.5008212055764022,0.4669967334031251,0.510542595833068,0.6877518583203537,0.3771908482251831,0.5000,1.0000,0.6500,14.710
2026-04-20 22:14:06.009,766,0.5007681866256259,0.4669967334031251,0.5105785731470655,0.687823812948722,0.37722737796741707,0.4500,1.0000,-0.0500,10.594
2026-04-20 22:14:06.020,767,0.5007155450553669,0.4669967334031251,0.510614279933647,0.6878952265222473,0.37726362060938806,0.3000,1.0000,0.2500,11.533
2026-04-20 22:14:06.031,768,0.5006634102056164,0.4669967334031251,0.5106496305343639,0.6879659277240324,0.3772994909898327,0.4500,1.0000,0.5000,11.569
2026-04-20 22:14:06.040,769,0.5006110415716825,0.4669967334031251,0.5106851191701766,0.6880369049959987,0.37733548381198134,0.3000,1.0000,0.1000,11.377
2026-04-20 22:14:06.053,770,0.5005585543604785,0.4669967334031251,0.510720669571107,0.6881080057981901,0.3773715232736576,0.2500,1.0000,0.3500,8.562
2026-04-20 22:14:06.062,771,0.5005050410983394,0.4669967334031251,0.5107568872381902,0.6881804411326773,0.37740821532966434,0.7000,1.0000,0.4000,13.442
2026-04-20 22:14:06.074,772,0.5004515875228915,0.4669967334031251,0.5107930488493763,0.6882527643553605,0.37744483709810617,0.6000,1.0000,0.4000,9.808
2026-04-20 22:14:06.084,773,0.5003977767748158,0.4669967334031251,0.510829432798821,0.6883255322545517,0.377481667400089,0.5000,1.0000,0.3500,12.511
2026-04-20 22:14:06.096,774,0.5003440295549645,0.4669967334031251,0.5108657590925942,0.688398184842391,0.3775184266558242,0.1000,1.0000,0.3000,11.950
2026-04-20 22:14:06.105,775,0.5002903498518357,0.4669967334031251,0.510902025530803,0.6884707177190924,0.377555113067136,0.3000,1.0000,0.5000,12.191
2026-04-20 22:14:06.117,776,0.5002365995216043,0.4669967334031251,0.5109383246546632,0.6885433159670882,0.37759181956490623,0.6000,1.0000,0.3500,13.295
2026-04-20 22:14:06.131,777,0.5001836785072346,0.4669967334031251,0.510974056934171,0.688614780526371,0.3776279469971068,0.5500,1.0000,0.7000,10.343
2026-04-20 22:14:06.140,778,0.5001300107535537,0.4669967334031251,0.5110102734917884,0.688687213641865,0.3776645468528361,0.4500,1.0000,0.8000,12.952
2026-04-20 22:14:06.152,779,0.5000768035265734,0.4669967334031251,0.5110461698899506,0.6887590064384407,0.37770081505016684,0.5000,1.0000,0.6500,14.048
2026-04-20 22:14:06.161,780,0.5000244286707329,0.4669967334031251,0.5110814986266142,0.6888296639120118,0.377736504432024,0.5500,1.0000,0.3000,8.700
2026-04-20 22:14:06.173,781,0.4999718155888171,0.4669967334031251,0.5111169738156783,0.6889006142903766,0.37777232944692585,0.5500,1.0000,0.2000,15.784
2026-04-20 22:14:06.183,782,0.4999194903865698,0.4669967334031251,0.5111522450909298,0.6889711568411091,0.3778079400532399,0.4000,1.0000,0.5000,9.967
2026-04-20 22:14:06.196,783,0.49986690664516004,0.4669967334031251,0.5111876770914103,0.6890420208422927,0.37784370120485117,0.3000,1.0000,0.6000,12.786
2026-04-20 22:14:06.208,784,0.49981420766126927,0.4669967334031251,0.5112231746350253,0.6891130159297385,0.3778795180250629,0.3000,1.0000,0.2500,8.258
2026-04-20 22:14:06.217,785,0.49976193301831673,0.4669967334031251,0.5112583783380509,0.689183423335999,0.3779150314263874,0.4000,1.0000,0.3500,6.860
2026-04-20 22:14:06.229,786,0.49970939580936297,0.4669967334031251,0.5112937464668456,0.6892541595937913,0.3779506999625319,0.9000,1.0000,0.7000,10.350
2026-04-20 22:14:06.239,787,0.499657418905037,0.4669967334031251,0.5113287307595369,0.689324128179371,0.37798597565035263,0.7000,1.0000,0.0000,12.426
2026-04-20 22:14:06.252,788,0.4996070380481467,0.4669967334031251,0.5113626410299102,0.6893919487203088,0.3780201685740015,0.5000,1.0000,0.2000,7.933
2026-04-20 22:14:06.261,789,0.49955671323581974,0.4669967334031251,0.511396504246268,0.6894596751532097,0.3780543059640365,0.8000,1.0000,0.3500,12.154
2026-04-20 22:14:06.275,790,0.4995069752521707,0.4669967334031251,0.511429966843263,0.6895266003473793,0.3780880345094984,0.5500,1.0000,0.4500,8.824
2026-04-20 22:14:06.287,791,0.4994567445757165,0.4669967334031251,0.5114637487838912,0.68959416422881,0.3781220744201395,0.4000,1.0000,0.3500,12.354
2026-04-20 22:14:06.297,792,0.49940617020525213,0.4669967334031251,0.5114977510091697,0.6896621686795362,0.37815632687633055,0.1500,1.0000,0.4000,9.608
2026-04-20 22:14:06.310,793,0.49935579318213624,0.4669967334031251,0.5115316130902002,0.6897298928417612,0.3781904316813462,0.4500,1.0000,0.4000,11.355
2026-04-20 22:14:06.319,794,0.49930507177999905,0.4669967334031251,0.5115656964352763,0.6897980595320725,0.37822475046868786,0.4000,1.0000,0.6000,13.258
2026-04-20 22:14:06.335,795,0.4992543988927537,0.4669967334031251,0.5115997393647815,0.6898661453912376,0.37825902177719084,0.2500,1.0000,0.5500,11.872
2026-04-20 22:14:06.344,796,0.4992029915472054,0.4669967334031251,0.5116342641030153,0.6899351948678547,0.37829376804305226,0.5000,1.0000,0.5500,11.245
2026-04-20 22:14:06.358,797,0.4991508667268561,0.4669967334031251,0.5116692595625468,0.6900051857870632,0.3783289783843828,0.3500,1.0000,0.4500,14.176
2026-04-20 22:14:06.367,798,0.4990992821737845,0.4669967334031251,0.5117038874765144,0.6900744416151391,0.37836381473369524,0.5500,1.0000,0.4000,6.222
2026-04-20 22:14:06.379,799,0.49904707165366685,0.4669967334031251,0.5117389255554884,0.6901445177732237,0.3783990549949538,0.0500,1.0000,0.6000,10.816
2026-04-20 22:14:06.393,800,0.4989955537260276,0.4669967334031251,0.5117734949741766,0.6902136566107326,0.378433820530458,0.4000,1.0000,0.0500,9.247
2026-04-20 22:14:06.402,801,0.4989431501184242,0.4669967334031251,0.5118086481221663,0.6902839629068408,0.3784691639117593,0.2000,1.0000,0.5000,8.308
2026-04-20 22:14:06.415,802,0.4988908968489484,0.4669967334031251,0.51184369452245,0.690354055707533,0.37850439483835524,0.7500,1.0000,0.1500,8.284
2026-04-20 22:14:06.424,803,0.4988381694929935,0.4669967334031251,0.5118790506537675,0.6904247679702891,0.3785399299601956,0.3500,1.0000,0.3500,9.954
2026-04-20 22:14:06.437,804,0.49878593217339057,0.4669967334031251,0.5119140739573632,0.6904948145775979,0.37857512688459843,0.5000,1.0000,0.6000,10.955
2026-04-20 22:14:06.446,805,0.49873409361865007,0.4669967334031251,0.5119488254650015,0.6905643175929883,0.3786100468044197,0.2000,1.0000,0.3500,9.787
2026-04-20 22:14:06.460,806,0.4986816967069392,0.4669967334031251,0.5119839434364857,0.6906345535360672,0.3786453281357213,0.6500,1.0000,0.4000,14.495
2026-04-20 22:14:06.473,807,0.49862986416730665,0.4669967334031251,0.5120186795590074,0.6907040257812177,0.3786802227172659,0.6000,1.0000,0.4000,15.856
2026-04-20 22:14:06.482,808,0.498578430182973,0.4669967334031251,0.5120531445451134,0.6907729557535338,0.37871484140862427,0.7000,1.0000,0.7500,13.321
2026-04-20 22:14:06.496,809,0.4985266787493157,0.4669967334031251,0.5120878158942054,0.6908422984518185,0.3787496618518109,0.5000,1.0000,0.4000,15.123
2026-04-20 22:14:06.506,810,0.49847468001448847,0.4669967334031251,0.5121226469989444,0.6909119606613944,0.37878463757782177,0.3000,1.0000,0.2000,9.203
2026-04-20 22:14:06.522,811,0.49842268471123075,0.4669967334031251,0.5121574708575248,0.69098160837865,0.37881960171903584,0.6500,1.0000,0.3000,8.791
2026-04-20 22:14:06.530,812,0.49837036720582867,0.4669967334031251,0.5121925047078425,0.6910516760793773,0.37885477164350817,0.0500,1.0000,0.3000,11.358
2026-04-20 22:14:06.546,813,0.49831749866095826,0.4669967334031251,0.5122279012524042,0.6911224691685901,0.3788903001799999,0.2500,1.0000,0.1000,14.209
2026-04-20 22:14:06.561,814,0.4982643514659564,0.4669967334031251,0.5122634790382808,0.6911936247404299,0.37892600599804865,0.7000,1.0000,0.3000,8.681
2026-04-20 22:14:06.571,815,0.4982115018479779,0.4669967334031251,0.5122988540497989,0.69126437476355,0.3789615052007737,0.4500,1.0000,0.1000,13.445
2026-04-20 22:14:06.586,816,0.4981590923282453,0.4669967334031251,0.5123339314045005,0.6913345294730345,0.378996703020946,0.3500,1.0000,0.5500,9.999
2026-04-20 22:14:06.596,817,0.4981076818309333,0.4669967334031251,0.5123683386140085,0.6914033438921297,0.3790312270819607,0.5000,1.0000,0.0500,5.538
2026-04-20 22:14:06.609,818,0.49805781137408334,0.4669967334031251,0.5124017151235363,0.6914700969112617,0.3790647169374498,0.4000,1.0000,0.2500,10.703
2026-04-20 22:14:06.618,819,0.49800775205617576,0.4669967334031251,0.5124352136542869,0.6915370939728374,0.379098325413783,0.5500,1.0000,0.2500,11.300
2026-04-20 22:14:06.633,820,0.49795751491889334,0.4669967334031251,0.512468826961723,0.6916043205877818,0.37913204536843426,0.7000,1.0000,0.4500,12.597
2026-04-20 22:14:06.734,821,0.49790637129214466,0.4669967334031251,0.5125030409389926,0.6916727485423908,0.37916636279350246,0.6500,1.0000,0.1000,12.181
2026-04-20 22:14:06.744,822,0.49785490537518395,0.4669967334031251,0.5125374662296204,0.6917415991237142,0.379200888428495,0.6000,1.0000,0.6000,14.914
2026-04-20 22:14:06.754,823,0.49780337225166554,0.4669967334031251,0.5125719328842403,0.6918105324330199,0.37923545241714873,0.7500,1.0000,0.4000,11.044
2026-04-20 22:14:06.763,824,0.49775126661220154,0.4669967334031251,0.5126067778789891,0.6918802224225814,0.3792703918259103,0.8000,1.0000,0.2000,14.161
2026-04-20 22:14:06.774,825,0.49770074131942554,0.4669967334031251,0.5126405660722261,0.6919477988091173,0.37930427160073965,0.8000,0.9500,0.1500,10.363
2026-04-20 22:14:06.782,826,0.4976494535246341,0.4669967334031251,0.5126748594601984,0.692016385585122,0.3793386538228566,0.3500,1.0000,0.0500,9.624
2026-04-20 22:14:06.791,827,0.4975976675536765,0.4669967334031251,0.5127094819198715,0.6920856305045264,0.37937336245164993,0.2000,1.0000,0.3500,10.668
2026-04-20 22:14:06.800,828,0.49754531082616227,0.4669967334031251,0.5127444819295447,0.6921556305239293,0.3794084460453697,0.3500,1.0000,0.1000,12.246
2026-04-20 22:14:06.810,829,0.4974934003125915,0.4669967334031251,0.5127791815975156,0.692225029859926,0.3794432267898659,0.1500,1.0000,0.4500,8.941
2026-04-20 22:14:06.819,830,0.4974411873962688,0.4669967334031251,0.5128140800875534,0.6922948268400547,0.37947820392413323,0.5500,1.0000,0.6000,14.455
2026-04-20 22:14:06.827,831,0.4973896782670377,0.4669967334031251,0.5128485066898221,0.6923636800446438,0.37951270681130456,0.4500,1.0000,0.3500,8.255
2026-04-20 22:14:06.837,832,0.49733801611993805,0.4669967334031251,0.5128830326885198,0.6924327320420892,0.3795473068063578,0.3500,1.0000,0.4500,13.156
2026-04-20 22:14:06.845,833,0.4972866242389305,0.4669967334031251,0.5129173759728037,0.6925014186107058,0.37958172186710665,0.7000,1.0000,0.4000,10.319
2026-04-20 22:14:06.855,834,0.4972356619895168,0.4669967334031251,0.5129514303751168,0.6925695274153789,0.3796158458925906,0.2500,1.0000,0.2500,12.520
2026-04-20 22:14:06.864,835,0.497184540767723,0.4669967334031251,0.5129855883719355,0.6926378434090619,0.37965007142388507,0.6000,1.0000,0.4500,11.951
2026-04-20 22:14:06.874,836,0.4971336907048128,0.4669967334031251,0.5130195632806965,0.6927057932266281,0.3796841118410876,0.6000,1.0000,0.8000,10.646
2026-04-20 22:14:06.883,837,0.4970830096380019,0.4669967334031251,0.5130534232793866,0.6927735132240512,0.37971803538296595,0.4000,1.0000,0.0500,10.749
2026-04-20 22:14:06.891,838,0.4970325815436295,0.4669967334031251,0.5130871124511599,0.6928408915676395,0.37975178619163186,0.5000,1.0000,0.3000,10.353
2026-04-20 22:14:06.901,839,0.49698180365764166,0.4669967334031251,0.5131210327040777,0.6929087320735157,0.37978576623233556,0.4000,1.0000,0.5000,13.584
2026-04-20 22:14:06.910,840,0.4969310147609276,0.4669967334031251,0.5131549582476119,0.6929765831606233,0.37981974977002203,0.6500,1.0000,0.3000,9.792
2026-04-20 22:14:06.919,841,0.4968800442936272,0.4669967334031251,0.5131890028498319,0.6930446723651014,0.37985385062656973,0.3000,1.0000,0.4500,10.296
2026-04-20 22:14:06.930,842,0.49682856662928193,0.4669967334031251,0.5132233836546947,0.6931134339748636,0.3798882859981303,0.5000,1.0000,0.5500,10.920
2026-04-20 22:14:06.941,843,0.4967766704752508,0.4669967334031251,0.5132580415818222,0.6931827498291545,0.3799229968549548,0.5000,1.0000,0.1500,10.663
2026-04-20 22:14:06.952,844,0.49672565336838975,0.4669967334031251,0.5132921116627699,0.6932508899910846,0.3799571182777085,0.1000,1.0000,0.1000,10.028
2026-04-20 22:14:06.961,845,0.4966758305324431,0.4669967334031251,0.5133253838028168,0.6933174342712121,0.3799904402193072,0.5000,1.0000,0.3000,10.481
2026-04-20 22:14:06.973,846,0.4966258120142946,0.4669967334031251,0.5133587846901824,0.693384236045976,0.38002388941417814,0.5000,1.0000,0.4500,11.169
2026-04-20 22:14:06.982,847,0.49657594178492254,0.4669967334031251,0.5133920850621058,0.6934508367898544,0.3800572366443816,0.4500,1.0000,0.1500,8.052
2026-04-20 22:14:06.993,848,0.4965264750601058,0.4669967334031251,0.513425114824422,0.6935168963145175,0.3800903118592296,0.6000,1.0000,0.5500,10.818
2026-04-20 22:14:07.002,849,0.4964763862681275,0.4669967334031251,0.5134585577398061,0.6935837821453155,0.38012379886356945,0.3500,1.0000,0.3000,10.537
2026-04-20 22:14:07.013,850,0.49642672723091796,0.4669967334031251,0.5134917126403891,0.6936500919465103,0.3801569965304395,0.3500,1.0000,0.1500,8.771
2026-04-20 22:14:07.022,851,0.4963779162992088,0.4669967334031251,0.5135243006710318,0.6937152680078238,0.3801896260443807,0.8000,1.0000,0.6000,14.688
2026-04-20 22:14:07.033,852,0.4963298339958013,0.4669967334031251,0.5135564015271884,0.693779469720164,0.3802217671393368,0.2500,1.0000,0.1500,10.990
2026-04-20 22:14:07.046,853,0.4962828875443704,0.4669967334031251,0.5135877437690773,0.6938421542039682,0.3802531484128613,0.7000,1.0000,0.5000,11.729
2026-04-20 22:14:07.055,854,0.4962368631271322,0.4669967334031251,0.5136184699832764,0.6939036066323919,0.3802839124877468,0.5000,1.0000,0.2500,7.236
2026-04-20 22:14:07.066,855,0.4961902827648775,0.4669967334031251,0.5136495655294053,0.6939657977246745,0.38031504475874156,0.2000,1.0000,0.1500,9.817
2026-04-20 22:14:07.075,856,0.49614343250177273,0.4669967334031251,0.5136808397502954,0.6940283461664788,0.38034635460275157,0.4000,1.0000,0.4500,9.930
2026-04-20 22:14:07.086,857,0.49609709671928826,0.4669967334031251,0.5137117697627408,0.6940902061913928,0.38037731916962325,0.4500,1.0000,0.2000,9.611
2026-04-20 22:14:07.096,858,0.4960507539444017,0.4669967334031251,0.5137427032520638,0.6941520731700616,0.38040828617673983,0.4500,1.0000,0.6500,12.933
2026-04-20 22:14:07.107,859,0.49600464862687466,0.4669967334031251,0.5137734772872986,0.6942136212405531,0.3804390927242343,0.2500,1.0000,0.2000,10.612
2026-04-20 22:14:07.118,860,0.49595877229834695,0.4669967334031251,0.513804097548494,0.694274861762965,0.3804697445223216,0.5500,1.0000,0.2000,13.848
2026-04-20 22:14:07.127,861,0.49591380687885517,0.4669967334031251,0.5138341094557334,0.6943348855774646,0.38049978702034615,0.3000,1.0000,0.3500,11.132
2026-04-20 22:14:07.138,862,0.4958697165315467,0.4669967334031251,0.5138635369326899,0.6943937405313977,0.38052924417036427,0.2500,1.0000,0.5500,11.335
2026-04-20 22:14:07.147,863,0.49582528236383006,0.4669967334031251,0.5138931926058894,0.6944530518778161,0.38055892862643353,0.7000,1.0000,0.5500,12.786
2026-04-20 22:14:07.157,864,0.49578052055735256,0.4669967334031251,0.5139230657180878,0.6945127981022318,0.3805888296580156,0.6000,1.0000,0.3500,10.900
2026-04-20 22:14:07.166,865,0.49573622021102143,0.4669967334031251,0.5139526302329521,0.6945719271319789,0.38061842125468215,0.5500,1.0000,0.2000,12.187
2026-04-20 22:14:07.176,866,0.49569141827619567,0.4669967334031251,0.5139825282116269,0.6946317230893464,0.3806483455027051,0.4500,1.0000,0.2000,8.628
2026-04-20 22:14:07.187,867,0.4956464652239027,0.4669967334031251,0.5140125260346162,0.6946917187353422,0.38067836880696204,0.1000,1.0000,0.3000,12.183
2026-04-20 22:14:07.196,868,0.4956031810350591,0.4669967334031251,0.5140414104083287,0.6947494874827839,0.3807072778975042,0.3000,0.9000,0.0000,8.281
2026-04-20 22:14:07.206,869,0.4955603020771438,0.4669967334031251,0.5140700237806546,0.6948067142274518,0.38073591524515477,0.4000,1.0000,0.3000,8.051
2026-04-20 22:14:07.215,870,0.49551687306267317,0.4669967334031251,0.5140990030353392,0.6948646727368366,0.3807649177559043,0.2500,1.0000,0.4000,9.508
2026-04-20 22:14:07.226,871,0.4954730895027271,0.4669967334031251,0.5141282178563229,0.6949231023788193,0.3807941551352711,0.6000,1.0000,0.3500,7.989
2026-04-20 22:14:07.234,872,0.4954291342426427,0.4669967334031251,0.5141575463706349,0.6949817594074582,0.3808235055312147,0.6000,1.0000,0.3000,7.219
2026-04-20 22:14:07.245,873,0.4953854386673368,0.4669967334031251,0.5141867010115336,0.6950400686892699,0.38085268139729594,0.6000,1.0000,0.6500,12.608
2026-04-20 22:14:07.253,874,0.49534155951798053,0.4669967334031251,0.5142159773074118,0.69509862128104,0.3808819782816012,0.5000,1.0000,0.4000,10.160
2026-04-20 22:14:07.263,875,0.49529854370354376,0.4669967334031251,0.5142446773407876,0.6951560213478053,0.38091069828575136,0.3500,1.0000,0.4500,5.399
2026-04-20 22:14:07.275,876,0.4952559298717903,0.4669967334031251,0.5142731087009954,0.695212884068234,0.3809391490176103,0.5500,1.0000,0.1000,10.188
2026-04-20 22:14:07.284,877,0.4952128473959786,0.4669967334031251,0.5143018518264042,0.6952703703190644,0.3809679109335206,0.5000,1.0000,0.2000,10.204
2026-04-20 22:14:07.295,878,0.4951691306926695,0.4669967334031251,0.5143310171258986,0.6953287009180654,0.3809970944598015,0.1500,1.0000,0.2500,11.053
2026-04-20 22:14:07.303,879,0.4951247034063049,0.4669967334031251,0.5143606555225113,0.6953879777113028,0.3810267505363971,0.6000,1.0000,0.6500,13.494
2026-04-20 22:14:07.314,880,0.4950801940426413,0.4669967334031251,0.5143903480311522,0.6954473627285963,0.38105646019462147,0.4000,1.0000,0.1500,11.385
2026-04-20 22:14:07.322,881,0.4950367567246866,0.4669967334031251,0.5144193252546679,0.695505317175639,0.38108545405323313,0.4500,1.0000,0.2000,10.517
2026-04-20 22:14:07.335,882,0.49499332119110173,0.4669967334031251,0.5144483007182574,0.6955632681028289,0.3811144456528657,0.6000,1.0000,0.4500,9.325
2026-04-20 22:14:07.346,883,0.4949495387485684,0.4669967334031251,0.5144775069012432,0.695621680468811,0.3811436674878132,0.3500,1.0000,0.2500,9.358
2026-04-20 22:14:07.354,884,0.4949072586241097,0.4669967334031251,0.514505711002207,0.6956780886707489,0.3811718867711799,0.5000,1.0000,0.4500,11.455
2026-04-20 22:14:07.366,885,0.49486434089886605,0.4669967334031251,0.514534339649821,0.6957353459659869,0.38120053014572475,0.4000,1.0000,0.0500,13.620
2026-04-20 22:14:07.375,886,0.4948216832027825,0.4669967334031251,0.5145627944397381,0.6957922555458307,0.3812289992207647,0.5500,1.0000,0.0500,10.388
2026-04-20 22:14:07.386,887,0.4947791972926015,0.4669967334031251,0.5145911342159443,0.6958489350982524,0.3812573528535401,0.4000,1.0000,0.1000,10.071
2026-04-20 22:14:07.395,888,0.49473756844880706,0.4669967334031251,0.5146189021394769,0.6959044709453267,0.38128513421794485,0.5000,1.0000,0.5500,10.235
2026-04-20 22:14:07.407,889,0.4946947538699001,0.4669967334031251,0.5146474600922545,0.6959615868508906,0.3813137052083684,0.6500,1.0000,0.2000,11.776
2026-04-20 22:14:07.419,890,0.4946527987528979,0.4669967334031251,0.5146754446234236,0.6960175559132374,0.3813417023860541,0.4000,1.0000,0.5500,10.083
2026-04-20 22:14:07.428,891,0.49461106126075216,0.4669967334031251,0.5147032836377602,0.6960732339419188,0.3813695536675117,0.5500,1.0000,-0.0500,5.492
2026-04-20 22:14:07.440,892,0.4945687419040365,0.4669967334031251,0.5147315101412228,0.696129686948852,0.38139779207008173,0.8000,1.0000,0.0000,9.832
2026-04-20 22:14:07.449,893,0.4945266530115103,0.4669967334031251,0.5147595825939228,0.69618583185426,0.381425876064916,0.5500,1.0000,0.3500,9.388
2026-04-20 22:14:07.462,894,0.49448435169574756,0.4669967334031251,0.5147877962663835,0.6962422591991887,0.38145410093324683,0.2000,1.0000,0.0000,10.959
2026-04-20 22:14:07.471,895,0.4944408552089908,0.4669967334031251,0.5148168063356482,0.6963002793377255,0.38148312186250566,0.2000,1.0000,0.4000,12.703
2026-04-20 22:14:07.484,896,0.4943961876278129,0.4669967334031251,0.5148465967621841,0.6963598601908046,0.3815129228232359,0.7000,1.0000,0.7000,13.905
2026-04-20 22:14:07.500,897,0.49435082151215654,0.4669967334031251,0.5148768525172,0.6964203717008431,0.38154318879642013,0.6500,1.0000,0.3500,9.446
2026-04-20 22:14:07.509,898,0.49430621418383236,0.4669967334031251,0.5149066020636569,0.6964798707937638,0.3815729482545005,0.2500,1.0000,0.6000,9.917
2026-04-20 22:14:07.523,899,0.4942612774034543,0.4669967334031251,0.5149365709049892,0.6965398084764349,0.38160292671010754,0.5500,1.0000,0.5500,15.847
2026-04-20 22:14:07.534,900,0.4942160210023594,0.4669967334031251,0.5149667524971671,0.696600171660797,0.38163311762813185,0.7000,1.0000,0.4500,12.598
2026-04-20 22:14:07.550,901,0.4941698151020982,0.4669967334031251,0.5149975667690456,0.6966618002045604,0.3816639409460815,0.8000,1.0000,0.1500,10.977
2026-04-20 22:14:07.562,902,0.4941240241967208,0.4669967334031251,0.5150281040675172,0.6967228748015094,0.381694487019242,0.3500,1.0000,0.6000,8.656
2026-04-20 22:14:07.578,903,0.49407893201095504,0.4669967334031251,0.5150581752520678,0.6967830171706163,0.38172456671524085,0.4500,0.8500,-0.1500,10.527
2026-04-20 22:14:07.587,904,0.4940336935108638,0.4669967334031251,0.5150883436876809,0.6968433540418479,0.3817547434069587,0.5500,1.0000,0.2000,10.497
2026-04-20 22:14:07.602,905,0.49398964036193643,0.4669967334031251,0.515117721606118,0.6969021098787277,0.38178412933381756,0.2500,1.0000,0.3500,7.655
2026-04-20 22:14:07.617,906,0.4939464758977052,0.4669967334031251,0.5151465067935166,0.6969596802535301,0.3818129222893851,0.8000,1.0000,0.1500,9.957
2026-04-20 22:14:07.625,907,0.4939026639361941,0.4669967334031251,0.5151757233794311,0.6970181134253641,0.3818421464104235,0.3000,1.0000,0.1500,8.389
2026-04-20 22:14:07.640,908,0.4938591090850264,0.4669967334031251,0.5152047683001028,0.6970762032667124,0.3818711986401654,0.3000,1.0000,0.3500,14.679
2026-04-20 22:14:07.650,909,0.49381535991113984,0.4669967334031251,0.5152339425186568,0.6971345517038253,0.3819003799485176,0.6000,1.0000,0.4000,14.127
2026-04-20 22:14:07.665,910,0.4937714841627453,0.4669967334031251,0.5152632008771374,0.697193068420791,0.38192964518410233,0.4500,1.0000,0.5500,10.649
2026-04-20 22:14:07.674,911,0.49372767125524064,0.4669967334031251,0.5152924171059048,0.6972515008783303,0.3819588680836608,0.7000,1.0000,0.4000,5.285
2026-04-20 22:14:07.688,912,0.49368328609978834,0.4669967334031251,0.515322014604591,0.6973106958757072,0.38198847205301434,0.7000,1.0000,0.5000,12.784
2026-04-20 22:14:07.702,913,0.49363872786110025,0.4669967334031251,0.5153517272702496,0.6973701212070285,0.3820181909952202,0.7500,1.0000,0.1000,12.548
2026-04-20 22:14:07.713,914,0.49359381349343656,0.4669967334031251,0.5153816771400292,0.6974300209465918,0.38204814695325073,0.4500,1.0000,0.5500,13.533
2026-04-20 22:14:07.727,915,0.4935486150744147,0.4669967334031251,0.5154118161686408,0.6974902990038191,0.3820782918874657,0.3500,1.0000,0.3000,11.378
2026-04-20 22:14:07.736,916,0.4935037166265584,0.4669967334031251,0.5154417550139976,0.6975501766945363,0.3821082364612577,0.7000,1.0000,0.4500,14.254
2026-04-20 22:14:07.752,917,0.493459941948731,0.4669967334031251,0.5154709444829314,0.6976085556324078,0.38213743148677376,0.2000,1.0000,0.2000,8.520
2026-04-20 22:14:07.763,918,0.49341751028575814,0.4669967334031251,0.5154992384181174,0.6976651435027834,0.3821657308118445,0.6500,1.0000,0.6000,11.142
2026-04-20 22:14:07.776,919,0.4933744022166299,0.4669967334031251,0.5155279831059442,0.6977226328784405,0.3821944807278595,0.7000,1.0000,0.1500,11.949
2026-04-20 22:14:07.789,920,0.49333172676643383,0.4669967334031251,0.5155564392018973,0.6977795450703502,0.38222294189515515,0.7000,1.0000,0.5000,13.188
2026-04-20 22:14:07.800,921,0.4932888313842461,0.4669967334031251,0.5155850417453035,0.697836750157166,0.3822515493577636,0.4000,1.0000,0.4000,12.653
2026-04-20 22:14:07.818,922,0.49324488882066986,0.4669967334031251,0.515614342240977,0.6978953511485161,0.3822808546250633,0.5000,1.0000,0.4500,12.088
2026-04-20 22:14:07.830,923,0.49320056977739857,0.4669967334031251,0.5156438935595151,0.6979544537855955,0.3823104105720788,0.3000,1.0000,0.2500,9.060
2026-04-20 22:14:07.850,924,0.4931561388153996,0.4669967334031251,0.5156735193318477,0.6980137053302636,0.38234004083403444,0.6000,1.0000,0.5500,13.207
2026-04-20 22:14:07.862,925,0.49311153708349265,0.4669967334031251,0.5157032587968555,0.6980731842602823,0.38236978465397675,0.7000,1.0000,0.2000,10.965
2026-04-20 22:14:07.879,926,0.49306612046211784,0.4669967334031251,0.5157335413721965,0.6981337494109672,0.38240007145360416,0.5000,1.0000,0.1000,10.699
2026-04-20 22:14:07.890,927,0.4930203606204241,0.4669967334031251,0.5157640526162508,0.6981947718990784,0.3824305867952162,0.0000,1.0000,0.1500,7.853
2026-04-20 22:14:07.998,928,0.49297471500048595,0.4669967334031251,0.5157944875719802,0.69825564181054,0.38246102572557666,0.4500,1.0000,0.3000,8.135
2026-04-20 22:14:08.010,929,0.49292872644722485,0.4669967334031251,0.5158251510136518,0.6983169686938858,0.38249169302264036,0.5500,1.0000,0.2500,7.475
2026-04-20 22:14:08.021,930,0.49288365759744596,0.4669967334031251,0.5158552011874836,0.6983770690415522,0.38252174693620256,0.2500,1.0000,0.1000,8.882
2026-04-20 22:14:08.034,931,0.4928380447892396,0.4669967334031251,0.5158856138720478,0.6984378944106829,0.38255216324830515,0.3000,1.0000,0.4000,11.576
2026-04-20 22:14:08.048,932,0.49279294978563204,0.4669967334031251,0.5159156812291733,0.6984980291249363,0.38258223412414294,0.3500,1.0000,0.2000,8.649
2026-04-20 22:14:08.065,933,0.49274724984241675,0.4669967334031251,0.515946151758729,0.69855897018405,0.38261270806684955,0.2500,1.0000,0.4500,13.177
2026-04-20 22:14:08.084,934,0.4927022679095556,0.4669967334031251,0.5159761434976929,0.69861895366198,0.38264270311656984,0.6500,1.0000,0.5500,13.751
2026-04-20 22:14:08.098,935,0.49265737587860203,0.4669967334031251,0.5160060751885401,0.6986788170436765,0.3826726380188507,0.3000,1.0000,0.4000,11.614
2026-04-20 22:14:08.115,936,0.49261256785781393,0.4669967334031251,0.516035950762504,0.6987385681916063,0.3827025167079052,0.3000,1.0000,0.2000,10.243
2026-04-20 22:14:08.129,937,0.4925663115798289,0.4669967334031251,0.5160667917344626,0.6988002501355256,0.3827333607015018,0.5500,1.0000,0.6500,13.714
2026-04-20 22:14:08.144,938,0.4925203246049442,0.4669967334031251,0.5160974530674219,0.6988615728014462,0.38276402496545,0.2000,1.0000,0.0000,6.992
2026-04-20 22:14:08.158,939,0.49247332631685237,0.4669967334031251,0.5161287885086949,0.6989242436839942,0.38279536324978214,0.5500,1.0000,0.3500,7.377
2026-04-20 22:14:08.173,940,0.49242595573370357,0.4669967334031251,0.5161603720491962,0.6989874107649986,0.3828269495480508,0.4000,1.0000,0.2000,12.438
2026-04-20 22:14:08.186,941,0.4923780614582829,0.4669967334031251,0.5161923046233267,0.6990512759132614,0.38285888479721564,0.6000,1.0000,0.4000,10.582
2026-04-20 22:14:08.199,942,0.4923303261607756,0.4669967334031251,0.5162241311204661,0.699114928907542,0.38289071388913837,0.2000,1.0000,0.5000,12.017
2026-04-20 22:14:08.214,943,0.49228269898517124,0.4669967334031251,0.5162558854473728,0.6991784375613572,0.3829224707329849,0.3500,1.0000,0.3500,11.951
2026-04-20 22:14:08.227,944,0.4922343017326119,0.4669967334031251,0.5162881530726211,0.6992429728118554,0.38295474079966485,-0.1000,1.0000,0.5000,11.692
2026-04-20 22:14:08.240,945,0.4921852016816282,0.4669967334031251,0.516320889146446,0.6993084449595068,0.3829874792416784,0.2500,1.0000,0.4500,9.625
2026-04-20 22:14:08.252,946,0.4921369799398399,0.4669967334031251,0.5163530395996123,0.699372745865841,0.38301963199198774,0.7000,1.0000,0.5000,8.434
2026-04-20 22:14:08.268,947,0.4920878070287762,0.4669967334031251,0.5163858240868696,0.6994383148403571,0.3830524187074738,0.2000,1.0000,0.5500,12.319
2026-04-20 22:14:08.280,948,0.49203993066508284,0.4669967334031251,0.5164177441328169,0.6995021549322532,0.383084340914803,0.4500,1.0000,0.4000,10.419
2026-04-20 22:14:08.297,949,0.49199284435649426,0.4669967334031251,0.5164491374012564,0.6995649414691337,0.38311573627978296,0.4000,1.0000,0.2500,7.280
2026-04-20 22:14:08.312,950,0.49194455162588185,0.4669967334031251,0.5164813348791638,0.6996293364249498,0.3831479357913345,0.7000,1.0000,0.2000,13.413
2026-04-20 22:14:08.327,951,0.4918959657703977,0.4669967334031251,0.5165137277039273,0.6996941220744783,0.38318033058873296,0.3500,1.0000,0.2500,11.633
2026-04-20 22:14:08.342,952,0.4918479851758685,0.4669967334031251,0.5165457169537544,0.6997581005741337,0.38321232175201586,0.6000,1.0000,0.1000,8.493
2026-04-20 22:14:08.357,953,0.49179924199611097,0.4669967334031251,0.5165782145281294,0.6998230957228849,0.383244821182443,0.5000,1.0000,0.3000,13.614
2026-04-20 22:14:08.372,954,0.4917495433371762,0.4669967334031251,0.5166113490249864,0.6998893647166002,0.3832779574796707,0.2500,1.0000,0.3500,14.789
2026-04-20 22:14:08.385,955,0.49169981573445226,0.4669967334031251,0.5166445027559758,0.6999556721785803,0.38331111295701964,0.6500,1.0000,0.5000,13.376
2026-04-20 22:14:08.398,956,0.49165053877398796,0.4669967334031251,0.5166773559989171,0.7000213786644639,0.38334396789392955,0.3500,1.0000,0.4500,8.786
2026-04-20 22:14:08.410,957,0.4916025952542759,0.4669967334031251,0.5167093202232779,0.7000853071131865,0.38337593376143997,0.4500,1.0000,0.2000,12.729
2026-04-20 22:14:08.422,958,0.4915546356340552,0.4669967334031251,0.5167412951249745,0.7001492569165808,0.3834079102569917,0.7000,1.0000,0.5500,13.845
2026-04-20 22:14:08.436,959,0.49150687186399655,0.4669967334031251,0.5167731394052499,0.7002129454771328,0.38343975608330666,0.2000,1.0000,0.5000,8.580
2026-04-20 22:14:08.449,960,0.49145903856793743,0.4669967334031251,0.5168050299831852,0.7002767266330044,0.3834716481609003,0.4000,1.0000,0.7000,11.394
2026-04-20 22:14:08.462,961,0.4914113991783269,0.4669967334031251,0.5168367912387379,0.700340249144111,0.3835034108711216,0.3000,1.0000,0.4000,9.360
2026-04-20 22:14:08.474,962,0.4913636878169989,0.4669967334031251,0.5168686004255613,0.7004038675177585,0.3835352214689734,0.3000,1.0000,0.2000,12.828
2026-04-20 22:14:08.488,963,0.49131479952062806,0.4669967334031251,0.5169011941873684,0.7004690550413736,0.3835678165994781,0.1000,1.0000,0.6000,11.850
2026-04-20 22:14:08.501,964,0.4912667821455273,0.4669967334031251,0.5169332072880686,0.7005330812427749,0.38359983102781503,0.4000,1.0000,0.3500,9.285
2026-04-20 22:14:08.515,965,0.49121823914616575,0.4669967334031251,0.5169655707594237,0.700597808185486,0.38363219578697777,0.6500,1.0000,0.2500,14.113
2026-04-20 22:14:08.531,966,0.4911706164952669,0.4669967334031251,0.5169973206209836,0.7006613079086066,0.38366394689771105,0.5000,1.0000,0.4000,9.519
2026-04-20 22:14:08.544,967,0.4911229454886,0.4669967334031251,0.5170291026768933,0.7007248720204269,0.38369573016531894,0.8000,1.0000,0.0000,6.379
2026-04-20 22:14:08.561,968,0.49107501773243584,0.4669967334031251,0.5170610558575907,0.7007887783818223,0.3837276845213635,0.5000,1.0000,0.1500,9.990
2026-04-20 22:14:08.573,969,0.49102704803076946,0.4669967334031251,0.5170930369616584,0.7008527405899586,0.38375966676551815,0.4000,1.0000,0.5000,11.277
2026-04-20 22:14:08.588,970,0.4909783981312588,0.4669967334031251,0.517125471491867,0.7009176096503766,0.383792102401611,0.4500,1.0000,0.5500,12.889
2026-04-20 22:14:08.602,971,0.4909288205575878,0.4669967334031251,0.5171585244335999,0.700983715533843,0.38382515641605147,0.3500,1.0000,0.4500,15.361
2026-04-20 22:14:08.619,972,0.49087972868748225,0.4669967334031251,0.5171912535361771,0.7010491737389982,0.3838578865591552,0.2500,1.0000,0.5500,6.750
2026-04-20 22:14:08.638,973,0.49083154176700833,0.4669967334031251,0.5172233793033247,0.7011134252732942,0.3838900133356135,0.5500,1.0000,0.4500,10.353
2026-04-20 22:14:08.650,974,0.49078242169559577,0.4669967334031251,0.5172561271364932,0.7011789209396319,0.3839227621478133,0.4500,1.0000,0.3500,13.495
2026-04-20 22:14:08.666,975,0.490734966210439,0.4669967334031251,0.5172877652119243,0.7012421970904947,0.3839544011729048,0.4500,1.0000,0.5000,13.037
2026-04-20 22:14:08.680,976,0.4906884325825569,0.4669967334031251,0.5173187886832792,0.7013042440332051,0.38398542556543025,0.6500,1.0000,0.1000,10.012
2026-04-20 22:14:08.694,977,0.4906416186437337,0.4669967334031251,0.5173499989970118,0.701366664660671,0.38401663677269837,0.5000,1.0000,-0.0500,10.878
2026-04-20 22:14:08.706,978,0.4905944816496661,0.4669967334031251,0.5173814246502718,0.7014295159671916,0.3840480632926878,0.7500,0.9500,-0.1000,13.324
2026-04-20 22:14:08.721,979,0.4905473414108607,0.4669967334031251,0.517412852436974,0.7014923715405964,0.3840794919201175,0.5000,1.0000,0.3500,13.058
2026-04-20 22:14:08.733,980,0.49049987285742663,0.4669967334031251,0.5174444990712703,0.7015556648091895,0.3841111393699195,0.6500,0.9500,-0.1000,8.729
2026-04-20 22:14:08.748,981,0.4904521396029715,0.4669967334031251,0.5174763221449538,0.7016193109565569,0.3841429632346434,0.5500,1.0000,0.5500,14.200
2026-04-20 22:14:08.763,982,0.49040576965014554,0.4669967334031251,0.517507236323763,0.701681139314176,0.384173878180762,0.3500,0.9500,0.2000,8.517
2026-04-20 22:14:08.774,983,0.49035888763314717,0.4669967334031251,0.5175384918523794,0.7017436503714093,0.38420513445366844,0.4500,1.0000,0.5000,6.927
2026-04-20 22:14:08.787,984,0.4903119419472648,0.4669967334031251,0.5175697898014,0.7018062462694509,0.38423643312465033,0.4500,1.0000,0.5000,8.987
2026-04-20 22:14:08.799,985,0.49026494295741385,0.4669967334031251,0.5176011232616466,0.7018689131899447,0.3842677672851995,0.2500,1.0000,0.2000,8.143
2026-04-20 22:14:08.814,986,0.49021719287486804,0.4669967334031251,0.5176329574263462,0.7019325815193442,0.38429960212919245,0.8000,1.0000,0.4000,13.178
2026-04-20 22:14:08.825,987,0.4901708264527138,0.4669967334031251,0.5176638691274946,0.7019944049216414,0.3843305144892555,0.6500,1.0000,0.3000,7.030
2026-04-20 22:14:08.839,988,0.4901244377812931,0.4669967334031251,0.517694795638896,0.7020562579444446,0.384361441639804,0.6000,1.0000,0.4500,14.672
2026-04-20 22:14:08.855,989,0.49007749106634785,0.4669967334031251,0.5177260941574001,0.7021188549814532,0.3843927407782809,0.8000,1.0000,0.2500,10.347
2026-04-20 22:14:08.867,990,0.49003000495977506,0.4669967334031251,0.5177577522490664,0.7021821711647861,0.38442439947132073,0.5000,1.0000,0.1500,11.549
2026-04-20 22:14:08.883,991,0.4899834098711597,0.4669967334031251,0.5177888163081424,0.7022442992829386,0.38445546411372916,0.3000,1.0000,0.0500,11.421
2026-04-20 22:14:08.894,992,0.4899367085906126,0.4669967334031251,0.5178199511418397,0.7023065689503335,0.3844865995132588,0.5500,0.9500,0.0500,10.659
2026-04-20 22:14:08.913,993,0.4898899018528525,0.4669967334031251,0.5178511562609456,0.7023689791885458,0.3845178051812222,0.3000,1.0000,0.0500,7.642
2026-04-20 22:14:08.925,994,0.48984211377548526,0.4669967334031251,0.5178830155876384,0.7024326978419317,0.3845496650403067,0.3000,1.0000,0.3500,12.610
2026-04-20 22:14:08.941,995,0.4897962091629707,0.4669967334031251,0.5179136192528425,0.7024939051723404,0.38458026922193084,0.8000,1.0000,0.4500,9.523
2026-04-20 22:14:08.957,996,0.4897519020027166,0.4669967334031251,0.5179431579321672,0.7025529825309902,0.3846098084021829,0.5500,1.0000,0.7000,11.717
2026-04-20 22:14:08.968,997,0.4897077256368751,0.4669967334031251,0.5179726093980422,0.7026118854627406,0.38463926035395746,0.3500,1.0000,0.5000,13.729
2026-04-20 22:14:08.983,998,0.4896636745109435,0.4669967334031251,0.5180019773539846,0.7026706213746254,0.38466862878122227,0.5000,1.0000,0.4000,9.030
2026-04-20 22:14:08.995,999,0.4896189963817436,0.4669967334031251,0.5180317632959461,0.7027301932585488,0.3846984151803667,0.6000,1.0000,0.2500,11.163
2026-04-20 22:14:09.011,1000,0.4895742014540988,0.4669967334031251,0.5180616270878627,0.7027899208423823,0.38472827941575066,0.7000,1.0000,0.3000,11.845
2026-04-20 22:14:09.022,1001,0.48952906794702616,0.4669967334031251,0.5180917165841933,0.7028500998350438,0.3847583693422446,0.3500,1.0000,0.3500,11.039
2026-04-20 22:14:09.036,1002,0.4894833392617739,0.4669967334031251,0.5181222028512285,0.7029110723691144,0.3847888560265383,0.6000,1.0000,0.2500,11.680
2026-04-20 22:14:09.048,1003,0.48943801084541205,0.4669967334031251,0.5181524222580307,0.7029715111827192,0.3848190758380812,0.3500,1.0000,0.3500,11.450
2026-04-20 22:14:09.063,1004,0.48939236138324893,0.4669967334031251,0.5181828556814903,0.7030323780296386,0.3848495096541393,0.5000,1.0000,0.1500,8.702
2026-04-20 22:14:09.078,1005,0.48934760898297996,0.4669967334031251,0.5182126910502265,0.7030920487671114,0.38487934540369606,0.3000,1.0000,0.2000,7.144
2026-04-20 22:14:09.089,1006,0.48930323822169575,0.4669967334031251,0.5182422719799162,0.7031512106264911,0.3849089267027817,0.6500,1.0000,0.3500,11.941
2026-04-20 22:14:09.109,1007,0.48925852724842644,0.4669967334031251,0.518272079704931,0.703210826076521,0.38493873478611057,0.6500,1.0000,0.4500,13.657
2026-04-20 22:14:09.124,1008,0.48921322157343744,0.4669967334031251,0.518302283885474,0.703271234437607,0.38496893931421805,0.6000,1.0000,0.3500,12.671
2026-04-20 22:14:09.148,1009,0.4891676153599333,0.4669967334031251,0.5183326884131104,0.7033320434928801,0.3849993441789922,0.2500,1.0000,-0.0500,7.136
2026-04-20 22:14:09.166,1010,0.48912243145551565,0.4669967334031251,0.5183628113897969,0.7033922894462533,0.38502946748270217,0.6000,1.0000,0.2500,9.676
2026-04-20 22:14:09.191,1011,0.48907721241009044,0.4669967334031251,0.5183929577826095,0.7034525822318787,0.3850596141927276,0.3000,1.0000,0.5500,12.070
2026-04-20 22:14:09.217,1012,0.48903118972628057,0.4669967334031251,0.5184236399234693,0.7035139465135986,0.38509029664128386,0.3500,1.0000,0.4000,13.639
2026-04-20 22:14:09.235,1013,0.4889848803015587,0.4669967334031251,0.5184545132143875,0.7035756930954352,0.38512117023066766,0.5000,1.0000,0.4500,11.368
2026-04-20 22:14:09.254,1014,0.4889375643545314,0.4669967334031251,0.5184860575099429,0.7036387816865461,0.38515271481573465,0.4000,1.0000,0.0500,13.919
2026-04-20 22:14:09.268,1015,0.4888904973572007,0.4669967334031251,0.5185174358291078,0.7037015383248761,0.3851840934157258,0.5500,1.0000,0.1000,11.563
2026-04-20 22:14:09.286,1016,0.4888439021763622,0.4669967334031251,0.5185484995943163,0.7037636658552932,0.3852151574533357,0.4000,1.0000,0.1500,9.871
2026-04-20 22:14:09.299,1017,0.4887975406564589,0.4669967334031251,0.5185794075762283,0.7038254818191175,0.3852460656994772,0.4500,1.0000,0.4000,9.903
2026-04-20 22:14:09.319,1018,0.48875064082123565,0.4669967334031251,0.5186106744259612,0.7038880155185834,0.3852773328055126,0.4500,1.0000,0.2500,10.504
2026-04-20 22:14:09.337,1019,0.48870422452342305,0.4669967334031251,0.5186416189086327,0.7039499044839266,0.3853082775367976,0.4000,1.0000,0.3500,11.629
2026-04-20 22:14:09.350,1020,0.48865827909701276,0.4669967334031251,0.5186722494685121,0.7040111656036856,0.385338908337832,0.6000,1.0000,0.3500,13.090
2026-04-20 22:14:09.367,1021,0.48861278954737924,0.4669967334031251,0.5187025761022722,0.704071818871206,0.3853692352055125,0.0500,1.0000,0.3500,10.628
2026-04-20 22:14:09.380,1022,0.48856819967339915,0.4669967334031251,0.5187323029442432,0.7041312725551481,0.38539896227438625,0.4500,1.0000,-0.1500,10.385
2026-04-20 22:14:09.397,1023,0.48852353560484574,0.4669967334031251,0.5187620792414835,0.7041908251496289,0.3854287387917223,0.6000,1.0000,0.4000,7.343
2026-04-20 22:14:09.409,1024,0.4884785730746734,0.4669967334031251,0.5187920545055903,0.7042507756778427,0.38545871426932193,0.6000,1.0000,0.4500,9.485
2026-04-20 22:14:09.426,1025,0.48843235604576696,0.4669967334031251,0.5188228660948667,0.7043123988563957,0.3854895260656864,0.4000,1.0000,0.1000,14.250
2026-04-20 22:14:09.444,1026,0.48838638503894,0.4669967334031251,0.5188535136623234,0.7043736939913091,0.3855201738340185,0.7000,1.0000,0.6000,9.859
2026-04-20 22:14:09.456,1027,0.4883406563657139,0.4669967334031251,0.5188839996671589,0.7044346660009804,0.3855506600337032,0.4500,1.0000,0.3000,13.154
2026-04-20 22:14:09.473,1028,0.48829511946799337,0.4669967334031251,0.5189143578149769,0.7044953822966165,0.38558101837052483,0.5500,1.0000,0.1500,14.270
2026-04-20 22:14:09.484,1029,0.48824954526720477,0.4669967334031251,0.5189447408250267,0.7045561483167163,0.3856114015639083,0.9000,1.0000,0.2000,7.442
2026-04-20 22:14:09.499,1030,0.4882029588254226,0.4669967334031251,0.51897579865612,0.7046182639789028,0.38564245957283505,0.3500,1.0000,0.2500,12.589
2026-04-20 22:14:09.508,1031,0.4881576036103107,0.4669967334031251,0.5190060356633358,0.7046787379933347,0.38567269675254945,0.6500,1.0000,0.3500,12.007
2026-04-20 22:14:09.522,1032,0.4881119652730494,0.4669967334031251,0.5190364614127371,0.7047395894921373,0.3857031226692743,0.3500,1.0000,0.3500,10.790
2026-04-20 22:14:09.532,1033,0.48806752580783025,0.4669967334031251,0.5190660879083734,0.7047988424834101,0.3857327493272145,0.4500,1.0000,0.4500,8.238
2026-04-20 22:14:09.546,1034,0.48802301487564553,0.4669967334031251,0.5190957620430887,0.7048581907528408,0.38576242361936464,0.3500,1.0000,0.2000,9.849
2026-04-20 22:14:09.560,1035,0.48797842872267416,0.4669967334031251,0.5191254863195974,0.7049176393058583,0.385792148048585,0.4000,1.0000,0.3000,12.410
2026-04-20 22:14:09.569,1036,0.48793255912282585,0.4669967334031251,0.5191560662221215,0.7049787991109067,0.3858227280992395,0.3500,1.0000,0.3000,10.402
2026-04-20 22:14:09.586,1037,0.48788767180408776,0.4669967334031251,0.5191859912654934,0.7050386491976505,0.38585265328629786,0.3000,1.0000,0.2000,7.912
2026-04-20 22:14:09.594,1038,0.48784244280650346,0.4669967334031251,0.5192161440898364,0.7050989548463366,0.3858828062500167,0.7000,1.0000,0.3000,10.224
2026-04-20 22:14:09.610,1039,0.4877966890234182,0.4669967334031251,0.5192466467664014,0.7051599601994667,0.3859133090617763,0.5500,1.0000,0.3000,10.862
2026-04-20 22:14:09.621,1040,0.48775039320714997,0.4669967334031251,0.5192775107937865,0.705221688254237,0.38594417322030017,0.7500,1.0000,0.5500,9.706
2026-04-20 22:14:09.634,1041,0.4877045972232983,0.4669967334031251,0.5193080415950643,0.7052827498567928,0.3859747041487826,0.4500,1.0000,0.3500,7.106
2026-04-20 22:14:09.650,1042,0.4876580830141432,0.4669967334031251,0.5193390512088498,0.7053447690843639,0.38600571388595656,0.7500,1.0000,0.5500,12.895
2026-04-20 22:14:09.659,1043,0.4876103512523603,0.4669967334031251,0.5193708725201568,0.7054084117069779,0.3860375353169503,0.4500,1.0000,0.2000,14.035
2026-04-20 22:14:09.674,1044,0.48756166722551075,0.4669967334031251,0.5194033286707379,0.7054733240081402,0.3860699915836276,0.4000,1.0000,-0.0500,10.866
2026-04-20 22:14:09.683,1045,0.48751205063158876,0.4669967334031251,0.5194364065287203,0.7055394797241049,0.38610306955422324,0.4500,1.0000,0.5500,11.807
2026-04-20 22:14:09.697,1046,0.48746153022421695,0.4669967334031251,0.5194700869251414,0.7056068405169472,0.3861367500598793,0.5000,1.0000,0.2500,11.469
2026-04-20 22:14:09.707,1047,0.4874106509869441,0.4669967334031251,0.5195040065377514,0.7056746797421674,0.38617066977844716,0.4500,1.0000,0.3000,11.495
2026-04-20 22:14:09.724,1048,0.4873608949939267,0.4669967334031251,0.5195371773172249,0.7057410213011144,0.3862038406606998,0.4500,1.0000,0.3500,12.400
2026-04-20 22:14:09.740,1049,0.48731152188219556,0.4669967334031251,0.5195700928389837,0.705806852344632,0.38623675628215437,0.7000,1.0000,0.5000,8.322
2026-04-20 22:14:09.749,1050,0.4872627116549938,0.4669967334031251,0.5196026331009714,0.7058719328686076,0.386269296640847,0.4500,1.0000,0.3000,9.233
2026-04-20 22:14:09.767,1051,0.4872155367685171,0.4669967334031251,0.5196340831324936,0.7059348329316519,0.3863007467661729,0.4500,1.0000,0.1500,3.406
2026-04-20 22:14:09.777,1052,0.4871676365840598,0.4669967334031251,0.5196660166927866,0.7059987000522381,0.3863326804174555,0.5500,1.0000,0.4000,12.105
2026-04-20 22:14:09.793,1053,0.48711931854701196,0.4669967334031251,0.5196982288183537,0.7060631243033724,0.38636489263128254,0.3500,1.0000,0.4000,9.702
2026-04-20 22:14:09.803,1054,0.4870708320272057,0.4669967334031251,0.5197305532627338,0.7061277731921324,0.3863972171612747,0.5500,1.0000,0.5500,11.603
2026-04-20 22:14:09.818,1055,0.487022180270731,0.4669967334031251,0.5197629878619574,0.7061926423905798,0.3864296518435421,0.3500,1.0000,0.1500,12.476
2026-04-20 22:14:09.829,1056,0.4869741353108161,0.4669967334031251,0.519795017927294,0.706256702521253,0.38646168198943115,0.5000,1.0000,0.3500,10.987
2026-04-20 22:14:09.846,1057,0.48692621191573854,0.4669967334031251,0.5198269669466439,0.7063206005599529,0.3864936310869169,0.7000,1.0000,0.6500,11.169
2026-04-20 22:14:09.863,1058,0.4868778862711559,0.4669967334031251,0.5198591841296515,0.7063850349259683,0.3865258483457164,0.5000,1.0000,0.3000,9.864
2026-04-20 22:14:09.873,1059,0.4868295967537243,0.4669967334031251,0.5198913772252932,0.7064494211172518,0.3865580415148762,0.3500,1.0000,-0.0500,10.056
2026-04-20 22:14:09.889,1060,0.48678268661492013,0.4669967334031251,0.5199226507326627,0.7065119681319909,0.3865893150935582,0.2000,1.0000,0.4500,9.479
2026-04-20 22:14:09.900,1061,0.4867351254423266,0.4669967334031251,0.5199543582601135,0.7065753831868924,0.38662102269018206,0.5000,1.0000,0.3500,9.304
2026-04-20 22:14:09.919,1062,0.48668734823748544,0.4669967334031251,0.519986209806691,0.7066390862800475,0.38665287430385753,0.2500,1.0000,0.3000,12.783
2026-04-20 22:14:09.931,1063,0.48663965053574876,0.4669967334031251,0.5200180083488983,0.7067026833644622,0.3866846729111499,0.4500,1.0000,0.3000,10.241
2026-04-20 22:14:09.947,1064,0.48659231568423517,0.4669967334031251,0.5200495649887255,0.7067657966441164,0.38671622961410945,0.6500,1.0000,0.3000,9.107
2026-04-20 22:14:09.965,1065,0.48654480172553993,0.4669967334031251,0.5200812410311758,0.7068291487290171,0.3867479057177983,0.4500,1.0000,0.2500,11.319
2026-04-20 22:14:09.977,1066,0.4864976464109342,0.4669967334031251,0.5201126779754669,0.7068920226175994,0.3867793427214907,0.7500,1.0000,0.6000,10.327
2026-04-20 22:14:09.994,1067,0.48644954713989536,0.4669967334031251,0.5201447442220101,0.7069561551106859,0.3868114090256532,0.2000,1.0000,0.3500,12.510
2026-04-20 22:14:10.003,1068,0.4864028392270717,0.4669967334031251,0.5201758828944343,0.7070184324555343,0.3868425477539681,0.4500,1.0000,0.6500,10.456
2026-04-20 22:14:10.020,1069,0.4863564181646956,0.4669967334031251,0.5202068303313105,0.7070803273292868,0.3868734952450583,0.6000,1.0000,0.3500,11.156
2026-04-20 22:14:10.029,1070,0.48630955629697037,0.4669967334031251,0.5202380716365608,0.7071428099397874,0.38690473660289615,0.3000,1.0000,0.1000,10.242
2026-04-20 22:14:10.045,1071,0.48626251027693757,0.4669967334031251,0.520269435708213,0.7072055380830921,0.3869361007255584,0.5000,1.0000,0.3500,10.371
2026-04-20 22:14:10.062,1072,0.4862152869258465,0.4669967334031251,0.5203009179988219,0.7072685026643099,0.38696758306564694,0.3000,1.0000,0.5500,10.451
2026-04-20 22:14:10.071,1073,0.4861686677265851,0.4669967334031251,0.5203319975198479,0.7073306617063618,0.3869986626346682,0.4000,1.0000,0.0500,9.746
2026-04-20 22:14:10.087,1074,0.4861228718939335,0.4669967334031251,0.5203625281281552,0.7073917229229764,0.38702919328953084,0.6000,1.0000,0.7000,8.625
2026-04-20 22:14:10.099,1075,0.4860768135672924,0.4669967334031251,0.5203932337308593,0.7074531341283846,0.3870598989373937,0.6000,1.0000,0.4000,7.400
2026-04-20 22:14:10.115,1076,0.48603050537639986,0.4669967334031251,0.5204241059081827,0.7075148784830314,0.38709077115852103,0.5000,1.0000,0.3000,12.602
2026-04-20 22:14:10.124,1077,0.4859845396657091,0.4669967334031251,0.5204547497638696,0.7075761661944054,0.3871214150566979,0.4000,1.0000,0.6000,12.584
2026-04-20 22:14:10.140,1078,0.48594010978443775,0.4669967334031251,0.5204843697318202,0.7076354061303067,0.3871510350658637,0.4500,0.9000,0.1500,8.254
2026-04-20 22:14:10.157,1079,0.4858964983029629,0.4669967334031251,0.5205134440984934,0.7076935548636532,0.3871801094725156,0.3000,1.0000,0.3500,9.414
2026-04-20 22:14:10.166,1080,0.4858525682231092,0.4669967334031251,0.5205427308627152,0.7077521283920967,0.38720939627551665,0.6000,0.9000,-0.1000,13.006
2026-04-20 22:14:10.183,1081,0.4858096877252734,0.4669967334031251,0.520571317904262,0.7078093024751905,0.3872379833546795,0.0000,1.0000,0.4000,10.291
2026-04-20 22:14:10.191,1082,0.48576705343700843,0.4669967334031251,0.5205997408048053,0.7078661482762771,0.3872664062917103,0.2000,1.0000,0.2000,9.712
2026-04-20 22:14:10.207,1083,0.4857253797354861,0.4669967334031251,0.5206275233129359,0.7079217132925383,0.3872941888352337,0.5000,1.0000,0.3500,9.508
2026-04-20 22:14:10.216,1084,0.4856833801463246,0.4669967334031251,0.5206555230782791,0.7079777128232246,0.3873221886349079,0.5000,1.0000,0.3500,8.600
2026-04-20 22:14:10.325,1085,0.48564261135255576,0.4669967334031251,0.5206827023121835,0.7080320712910334,0.38734936790211344,0.4500,1.0000,0.1500,9.720
2026-04-20 22:14:10.334,1086,0.48560125032653606,0.4669967334031251,0.5207102763664467,0.7080872193995598,0.3873769419886787,0.4500,1.0000,0.4000,12.044
2026-04-20 22:14:10.343,1087,0.4855603307529765,0.4669967334031251,0.5207375561179624,0.7081417789025909,0.38740422177152734,0.7000,1.0000,0.4500,10.570
2026-04-20 22:14:10.352,1088,0.4855187743445634,0.4669967334031251,0.5207652604249726,0.7081971875166115,0.3874319261089307,0.5500,1.0000,0.4500,9.676
2026-04-20 22:14:10.361,1089,0.4854779107573507,0.4669967334031251,0.5207925028501407,0.7082516723669476,0.38745916856358,0.1500,1.0000,0.4000,13.011
2026-04-20 22:14:10.370,1090,0.4854354442497014,0.4669967334031251,0.5208208138879222,0.7083082944425109,0.3874874796299584,0.1000,1.0000,0.5500,11.581
2026-04-20 22:14:10.380,1091,0.48539398353683255,0.4669967334031251,0.5208484543948698,0.7083635754564059,0.38751512016464484,0.1500,1.0000,0.1000,7.997
2026-04-20 22:14:10.389,1092,0.4853534517176264,0.4669967334031251,0.5208754756384245,0.7084176179435153,0.3875421414351063,0.1000,1.0000,0.3500,12.170
2026-04-20 22:14:10.398,1093,0.48531256120764565,0.4669967334031251,0.5209027360082398,0.7084721386831458,0.38756940183102107,0.6500,1.0000,0.5500,14.363
2026-04-20 22:14:10.407,1094,0.4852713164541712,0.4669967334031251,0.5209302325394893,0.7085271317456449,0.38759689838758715,0.4500,1.0000,0.0500,9.295
2026-04-20 22:14:10.417,1095,0.4852307513196086,0.4669967334031251,0.5209572759905963,0.7085812186478588,0.3876239418632512,0.2500,1.0000,0.1000,8.295
2026-04-20 22:14:10.425,1096,0.4851895375840396,0.4669967334031251,0.5209847518415321,0.7086361703497307,0.3876514177380075,0.3500,1.0000,0.4500,12.104
2026-04-20 22:14:10.435,1097,0.4851476957436257,0.4669967334031251,0.5210126464282147,0.7086919595230957,0.38767931234779573,0.1500,1.0000,-0.0500,6.938
2026-04-20 22:14:10.444,1098,0.48510660450082727,0.4669967334031251,0.5210400406156946,0.7087467478980557,0.3877067065576883,0.6000,1.0000,0.4500,11.943
2026-04-20 22:14:10.454,1099,0.48506619744559953,0.4669967334031251,0.5210669786773591,0.7088006240213846,0.3877336446410929,0.6500,1.0000,0.4000,11.151
2026-04-20 22:14:10.464,1100,0.4850259641001284,0.4669967334031251,0.5210938009317737,0.7088542685302139,0.38776046691659555,0.7000,1.0000,0.3000,10.288
2026-04-20 22:14:10.474,1101,0.4849846231489482,0.4669967334031251,0.5211213615892714,0.7089093898452092,0.38778802759454856,0.3500,1.0000,0.3000,10.534
2026-04-20 22:14:10.484,1102,0.48494318534870623,0.4669967334031251,0.5211489868121089,0.7089646402908844,0.3878156528372278,0.5000,1.0000,0.3000,10.208
2026-04-20 22:14:10.492,1103,0.4849037524827763,0.4669967334031251,0.5211752754113914,0.7090172174894496,0.38784194145575684,0.7000,1.0000,0.1500,12.534
2026-04-20 22:14:10.503,1104,0.4848636370553907,0.4669967334031251,0.5212020190509845,0.7090707047686358,0.387868685114019,0.5500,1.0000,0.1500,8.286
2026-04-20 22:14:10.512,1105,0.4848236391057269,0.4669967334031251,0.5212286843714563,0.7091240354095795,0.3878953504525998,0.5000,1.0000,0.2500,10.822
2026-04-20 22:14:10.523,1106,0.48478272598008487,0.4669967334031251,0.521255959808626,0.709178586283919,0.3879226259073353,0.3500,1.0000,0.2000,11.603
2026-04-20 22:14:10.532,1107,0.48474117805981387,0.4669967334031251,0.5212836584416128,0.7092339835498928,0.38795032455736084,0.5000,1.0000,0.1500,11.292
2026-04-20 22:14:10.542,1108,0.48470008972885986,0.4669967334031251,0.5213110506811375,0.709288768028942,0.3879777168134131,0.6000,1.0000,0.4500,11.406
2026-04-20 22:14:10.551,1109,0.4846596985575439,0.4669967334031251,0.5213379781470034,0.709342622960674,0.3880046442953108,0.5500,1.0000,0.3000,9.802
2026-04-20 22:14:10.561,1110,0.4846187096926343,0.4669967334031251,0.5213653040747155,0.7093972748160982,0.38803197023857366,0.5500,1.0000,0.1000,11.263
2026-04-20 22:14:10.572,1111,0.4845792034417382,0.4669967334031251,0.521391641592552,0.7094499498517713,0.3880583077714945,0.3500,1.0000,0.4000,12.031
2026-04-20 22:14:10.585,1112,0.4845396193239565,0.4669967334031251,0.5214180310211285,0.7095027287089243,0.38808469721470273,0.6000,1.0000,0.4500,12.388
2026-04-20 22:14:10.596,1113,0.4845012402688685,0.4669967334031251,0.5214436170740742,0.7095539008148157,0.3881102832818412,0.4000,1.0000,0.7500,12.569
2026-04-20 22:14:10.606,1114,0.4844622235504547,0.4669967334031251,0.5214696282354171,0.7096059231375016,0.38813629445695114,0.7000,1.0000,0.5000,11.966
2026-04-20 22:14:10.618,1115,0.4844243977229177,0.4669967334031251,0.5214948454690368,0.7096563576047411,0.3881615117039249,0.2500,1.0000,0.3500,8.993
2026-04-20 22:14:10.629,1116,0.48438640691238877,0.4669967334031251,0.5215201726908599,0.7097070120483874,0.38818683893870143,0.4500,1.0000,0.1000,12.470
2026-04-20 22:14:10.642,1117,0.48434800656428767,0.4669967334031251,0.5215457729372871,0.7097582125412416,0.3882124391976933,0.5500,1.0000,0.4500,11.345
2026-04-20 22:14:10.653,1118,0.4843097463105768,0.4669967334031251,0.5215712797870233,0.709809226240714,0.38823794605961737,0.5000,1.0000,0.4000,10.692
2026-04-20 22:14:10.663,1119,0.4842718713636927,0.4669967334031251,0.5215965297651238,0.709859726196915,0.38826319604954007,0.3000,1.0000,0.3500,12.047
2026-04-20 22:14:10.675,1120,0.48423462030557946,0.4669967334031251,0.5216213638169718,0.7099093943006107,0.3882880301128555,0.2500,1.0000,0.3000,13.181
2026-04-20 22:14:10.685,1121,0.4841969485547012,0.4669967334031251,0.5216464783302699,0.7099596233272069,0.38831314463727706,0.3500,1.0000,0.5500,10.170
2026-04-20 22:14:10.696,1122,0.4841594047214583,0.4669967334031251,0.521671507564763,0.7100096817961932,0.38833817388256,0.6000,1.0000,0.3000,12.598
2026-04-20 22:14:10.706,1123,0.4841206623902574,0.4669967334031251,0.5216973357975249,0.7100613382617169,0.3883640021257879,0.4000,1.0000,0.3500,6.642
2026-04-20 22:14:10.719,1124,0.4840834065315329,0.4669967334031251,0.521722173048277,0.7101110127632211,0.38838883938669216,0.3500,1.0000,0.7500,10.308
2026-04-20 22:14:10.731,1125,0.4840464741783382,0.4669967334031251,0.5217467946283278,0.7101602559233228,0.3884134609765906,0.4500,1.0000,0.2000,8.048
2026-04-20 22:14:10.741,1126,0.484009856764352,0.4669967334031251,0.5217712062485688,0.7102090791638045,0.38843787260638357,0.4000,1.0000,0.4000,11.637
2026-04-20 22:14:10.752,1127,0.4839725176384607,0.4669967334031251,0.5217960990097522,0.7102588646861713,0.38846276537683255,0.7500,1.0000,0.3500,13.067
2026-04-20 22:14:10.762,1128,0.4839363401124166,0.4669967334031251,0.5218202173707198,0.7103071014081065,0.38848688374678775,0.3500,1.0000,0.4500,8.838
2026-04-20 22:14:10.773,1129,0.4838989273668417,0.4669967334031251,0.5218451592110664,0.7103569850887999,0.3885118255958524,0.5000,1.0000,0.2500,12.826
2026-04-20 22:14:10.782,1130,0.4838626719318432,0.4669967334031251,0.52186932951073,0.7104053256881269,0.3885359959039723,0.3000,1.0000,0.5500,10.693
2026-04-20 22:14:10.794,1131,0.483825174951918,0.4669967334031251,0.5218943275067213,0.7104553216801096,0.3885609939081664,0.7000,1.0000,0.1500,9.437
2026-04-20 22:14:10.803,1132,0.483788839510649,0.4669967334031251,0.5219185511433273,0.7105037689533217,0.38858521755272907,0.7500,1.0000,0.5500,13.452
2026-04-20 22:14:10.815,1133,0.4837541252636245,0.4669967334031251,0.5219416939834975,0.710550054633662,0.38860836040061725,0.5500,1.0000,0.3500,8.800
2026-04-20 22:14:10.826,1134,0.48371945659774046,0.4669967334031251,0.5219648064359762,0.7105962795386193,0.38863147286058225,0.2500,1.0000,0.4000,7.827
2026-04-20 22:14:10.834,1135,0.48368508687951806,0.4669967334031251,0.5219877195897571,0.7106421058461809,0.3886543860216249,0.5500,1.0000,0.2500,10.282
2026-04-20 22:14:10.848,1136,0.483649936719242,0.4669967334031251,0.5220111530379914,0.7106889727426495,0.38867781947690316,0.3500,1.0000,0.1500,7.751
2026-04-20 22:14:10.858,1137,0.4836140292773891,0.4669967334031251,0.5220350913403687,0.7107368493474042,0.38870175778611316,0.7000,1.0000,0.1500,13.557
2026-04-20 22:14:10.870,1138,0.48357797288645493,0.4669967334031251,0.5220591289418993,0.7107849245504655,0.38872579539427143,0.4500,1.0000,0.5500,12.550
2026-04-20 22:14:10.879,1139,0.4835411895369421,0.4669967334031251,0.5220836511822552,0.7108339690311771,0.3887503176410561,0.4500,1.0000,0.5500,12.971
2026-04-20 22:14:10.893,1140,0.4835027127212278,0.4669967334031251,0.5221093023998582,0.7108852714663831,0.3887759688648951,0.5500,1.0000,0.5500,13.006
2026-04-20 22:14:10.904,1141,0.4834630769293308,0.4669967334031251,0.5221357262680358,0.7109381192027384,0.3888023927391217,0.4500,1.0000,0.2500,12.322
2026-04-20 22:14:10.914,1142,0.48342340213656587,0.4669967334031251,0.5221621761365848,0.7109910189398363,0.38882884261353806,0.6500,1.0000,0.5500,10.968
2026-04-20 22:14:10.925,1143,0.4833833978427789,0.4669967334031251,0.5221888456722806,0.7110443580112279,0.38885551215492525,0.5000,1.0000,0.2500,11.311
2026-04-20 22:14:10.935,1144,0.48334307482321626,0.4669967334031251,0.5222157276916317,0.7110981220499301,0.388882394179797,0.5500,1.0000,0.4500,12.415
2026-04-20 22:14:10.947,1145,0.4833018988074779,0.4669967334031251,0.5222431783749106,0.7111530234164879,0.38890984486843094,0.3500,1.0000,0.3000,11.868
2026-04-20 22:14:10.957,1146,0.4832601482426458,0.4669967334031251,0.5222710120907351,0.711208690848137,0.3889376785894499,0.2500,1.0000,0.4500,12.667
2026-04-20 22:14:10.970,1147,0.48321763529524075,0.4669967334031251,0.5222993540614301,0.7112653747895271,0.3889660205651835,0.6000,1.0000,0.4500,12.848
2026-04-20 22:14:10.984,1148,0.48317513648881827,0.4669967334031251,0.5223276866046307,0.7113220398759283,0.38899435311327146,0.4000,1.0000,0.2000,13.939
2026-04-20 22:14:10.993,1149,0.4831329475082339,0.4669967334031251,0.5223558125971051,0.711378291860877,0.38902247911048654,0.5500,1.0000,0.5000,13.785
2026-04-20 22:14:11.006,1150,0.48309211306244426,0.4669967334031251,0.5223830355662203,0.7114327377991074,0.3890497020842003,0.5500,1.0000,0.6500,12.017
2026-04-20 22:14:11.015,1151,0.4830504330082958,0.4669967334031251,0.5224108222740839,0.7114883112148344,0.3890774887965244,0.1000,1.0000,0.1000,7.003
2026-04-20 22:14:11.028,1152,0.483007963604965,0.4669967334031251,0.5224391352145826,0.7115449370958319,0.3891058017413499,0.2000,1.0000,0.1500,10.092
2026-04-20 22:14:11.037,1153,0.48296629754134074,0.4669967334031251,0.5224669125951287,0.7116004918569241,0.389133579126093,0.5000,1.0000,0.4000,10.966
2026-04-20 22:14:11.050,1154,0.4829256658572965,0.4669967334031251,0.5224940003891442,0.711654667444955,0.3891606669241795,0.4500,1.0000,0.0500,10.802
2026-04-20 22:14:11.063,1155,0.4828841774901266,0.4669967334031251,0.5225216593051039,0.7117099852768743,0.38918832584408813,0.6000,1.0000,0.3000,10.532
2026-04-20 22:14:11.072,1156,0.4828440218461957,0.4669967334031251,0.5225484297387688,0.7117635261442042,0.3892150962815836,0.5500,1.0000,0.4500,12.625
2026-04-20 22:14:11.086,1157,0.48280329903008556,0.4669967334031251,0.5225755782870886,0.7118178232408438,0.3892422448336189,0.4000,1.0000,0.4000,10.747
2026-04-20 22:14:11.094,1158,0.4827617273508729,0.4669967334031251,0.522603292744016,0.7118732521546985,0.3892699592941504,0.6500,1.0000,0.4000,13.378
2026-04-20 22:14:11.108,1159,0.4827204287233279,0.4669967334031251,0.5226308251663747,0.711928316999416,0.38929749172000516,0.3000,1.0000,0.6000,9.181
2026-04-20 22:14:11.117,1160,0.48267884683672874,0.4669967334031251,0.522658546427983,0.7119837595226327,0.38932521298500455,0.4500,1.0000,0.2500,10.520
2026-04-20 22:14:11.130,1161,0.4826369908085093,0.4669967334031251,0.5226864504505553,0.7120395675677772,0.38935311701086617,0.6000,1.0000,0.4500,14.520
2026-04-20 22:14:11.140,1162,0.482595128829866,0.4669967334031251,0.5227143584399639,0.7120953835465946,0.38938102500346555,0.6500,1.0000,0.5000,12.076
2026-04-20 22:14:11.154,1163,0.4825527482761696,0.4669967334031251,0.5227426121459653,0.7121518909585973,0.38940927871256187,0.5500,1.0000,0.5000,14.820
2026-04-20 22:14:11.168,1164,0.4825093073381027,0.4669967334031251,0.5227715727747743,0.7122098122162152,0.3894382393443729,0.3000,1.0000,0.2500,13.865
2026-04-20 22:14:11.178,1165,0.4824651355234318,0.4669967334031251,0.5228010206545496,0.7122687079757658,0.38946768722706027,0.4500,1.0000,0.5500,12.643
2026-04-20 22:14:11.191,1166,0.48242026078023165,0.4669967334031251,0.5228309371532446,0.7123285409731558,0.38949760372857994,0.4000,1.0000,0.5500,13.756
2026-04-20 22:14:11.200,1167,0.4823752191291743,0.4669967334031251,0.5228609649237475,0.7123885965141616,0.3895276315018228,0.8000,1.0000,0.4500,9.234
2026-04-20 22:14:11.215,1168,0.48233002333737574,0.4669967334031251,0.5228910954546506,0.7124488575759679,0.38955776203538367,0.5000,1.0000,0.6500,14.243
2026-04-20 22:14:11.226,1169,0.4822857598769754,0.4669967334031251,0.5229206044311971,0.7125078755290609,0.3895872710145082,0.2000,1.0000,0.3000,9.616
2026-04-20 22:14:11.240,1170,0.48224240406510277,0.4669967334031251,0.5229495083086368,0.7125656832839403,0.38961617489444855,0.5500,1.0000,0.2000,11.391
2026-04-20 22:14:11.254,1171,0.4821991580826444,0.4669967334031251,0.5229783389663812,0.7126233445994291,0.3896450055546186,0.7000,1.0000,0.2500,7.954
2026-04-20 22:14:11.265,1172,0.4821567936967199,0.4669967334031251,0.52300658189302,0.7126798304527064,0.3896732484836102,0.5500,1.0000,0.4000,11.330
2026-04-20 22:14:11.280,1173,0.4821145150988747,0.4669967334031251,0.5230347676275251,0.7127362019217166,0.38970143422039755,0.4500,1.0000,0.5500,11.690
2026-04-20 22:14:11.289,1174,0.48207201744768585,0.4669967334031251,0.5230630993975144,0.7127928654616953,0.3897297659926007,0.4000,1.0000,0.1500,12.713
2026-04-20 22:14:11.303,1175,0.482029824346749,0.4669967334031251,0.5230912281339265,0.7128491229345195,0.3897578947311602,0.6500,1.0000,0.1500,11.076
2026-04-20 22:14:11.313,1176,0.48198741271158213,0.4669967334031251,0.5231195025597516,0.7129056717861698,0.3897861691590683,0.5500,1.0000,0.2500,11.509
2026-04-20 22:14:11.328,1177,0.4819439694626209,0.4669967334031251,0.5231484647280349,0.7129635961227364,0.38981513132937207,0.5500,1.0000,0.4500,12.590
2026-04-20 22:14:11.342,1178,0.48189982791687563,0.4669967334031251,0.5231778924274383,0.7130224515215432,0.38984455903073534,0.3000,1.0000,0.2500,11.635
2026-04-20 22:14:11.352,1179,0.48185500628217365,0.4669967334031251,0.5232077735194123,0.7130822137054912,0.3898744401246104,0.2500,1.0000,0.4500,11.036
2026-04-20 22:14:11.366,1180,0.48181169709665483,0.4669967334031251,0.5232366463118656,0.7131399592903979,0.38990331291890784,0.2500,1.0000,0.4500,9.236
2026-04-20 22:14:11.377,1181,0.4817673786535983,0.4669967334031251,0.5232661919426143,0.7131990505518951,0.3899328585514452,0.6000,1.0000,0.2500,10.890
2026-04-20 22:14:11.391,1182,0.4817234736637631,0.4669967334031251,0.5232954619378206,0.713257590542308,0.3899621285483867,0.3500,1.0000,0.3000,10.965
2026-04-20 22:14:11.400,1183,0.4816794480536665,0.4669967334031251,0.5233248123464751,0.713316291359617,0.3899914789587242,0.5000,1.0000,0.4000,9.891
2026-04-20 22:14:11.416,1184,0.4816368677711058,0.4669967334031251,0.5233531992033813,0.7133730650734295,0.39001986581726295,0.7000,0.9000,0.0000,10.965
2026-04-20 22:14:11.425,1185,0.4815949012106885,0.4669967334031251,0.5233811769121359,0.7134290204909387,0.39004784352760113,0.6000,1.0000,0.3500,11.827
2026-04-20 22:14:11.439,1186,0.48155409530979676,0.4669967334031251,0.5234083808478193,0.7134834283623053,0.39007504746482047,0.5500,1.0000,0.3000,12.180
2026-04-20 22:14:11.453,1187,0.4815138505262991,0.4669967334031251,0.5234352107051872,0.7135370880770412,0.39010187732367835,0.7500,1.0000,0.3500,14.243
2026-04-20 22:14:11.463,1188,0.4814727573707826,0.4669967334031251,0.5234626061438499,0.7135918789543666,0.39012927276378634,0.0000,1.0000,0.5000,9.428
2026-04-20 22:14:11.477,1189,0.4814322328375447,0.4669967334031251,0.523489622500944,0.7136459116685548,0.39015628912228234,0.6000,1.0000,-0.1500,9.331
2026-04-20 22:14:11.487,1190,0.4813906074445374,0.4669967334031251,0.523517372764503,0.7137014121956728,0.3901840393872012,0.6500,1.0000,0.2500,14.548
2026-04-20 22:14:11.503,1191,0.4813493076711866,0.4669967334031251,0.5235449059482443,0.7137564785631555,0.3902115725722616,0.8500,1.0000,0.5000,14.810
2026-04-20 22:14:11.513,1192,0.4813080647307531,0.4669967334031251,0.5235724012433289,0.7138114691533247,0.39023906786862567,0.5000,1.0000,0.5500,9.327
2026-04-20 22:14:11.530,1193,0.481267963437515,0.4669967334031251,0.5235991354402394,0.7138649375471458,0.39026580206677725,0.4500,1.0000,0.3000,12.549
2026-04-20 22:14:11.547,1194,0.48122730651483886,0.4669967334031251,0.5236262400567326,0.7139191467801322,0.39029290668447436,0.5000,1.0000,0.5000,10.829
2026-04-20 22:14:11.557,1195,0.4811894294256957,0.4669967334031251,0.5236514914508293,0.7139696495683256,0.3903181580797388,0.2500,1.0000,0.2000,6.116
2026-04-20 22:14:11.574,1196,0.48115311497532465,0.4669967334031251,0.5236757010857046,0.7140180688380762,0.39034236771574676,0.6500,1.0000,0.3000,15.053
2026-04-20 22:14:11.585,1197,0.4811150454186254,0.4669967334031251,0.5237010807914265,0.7140688282495199,0.39036774742256736,0.5500,1.0000,0.4500,16.025
2026-04-20 22:14:11.600,1198,0.4810779816337044,0.4669967334031251,0.5237257899825919,0.7141182466318506,0.3903924566147985,0.5000,1.0000,0.0500,10.545
2026-04-20 22:14:11.610,1199,0.48104027266755117,0.4669967334031251,0.5237509292945423,0.7141685252557513,0.3904175959277826,0.6500,1.0000,0.4000,12.057
2026-04-20 22:14:11.626,1200,0.4810030316401713,0.4669967334031251,0.5237757566472749,0.7142181799612165,0.390442423281518,0.2000,1.0000,0.4500,8.309
2026-04-20 22:14:11.647,1201,0.48096511488880594,0.4669967334031251,0.5238010344826302,0.7142687356319269,0.39046770111784596,0.4500,1.0000,0.2500,13.911
2026-04-20 22:14:11.659,1202,0.48092793579088555,0.4669967334031251,0.5238258205489887,0.7143183077646441,0.39049248718514806,0.2500,1.0000,0.1000,12.798
2026-04-20 22:14:11.675,1203,0.4808909452491964,0.4669967334031251,0.5238504809111608,0.7143676284889883,0.39051714754823535,0.2500,1.0000,0.5000,11.418
2026-04-20 22:14:11.685,1204,0.4808533122657266,0.4669967334031251,0.523875569567822,0.7144178058023105,0.39054223620578427,0.6500,1.0000,0.4000,12.562
2026-04-20 22:14:11.701,1205,0.48081502150771377,0.4669967334031251,0.5239010967408146,0.7144688601482958,0.39056776337963806,0.5000,1.0000,0.5500,8.957
2026-04-20 22:14:11.711,1206,0.4807777973084197,0.4669967334031251,0.523925912874632,0.7145184924159305,0.39059257951429066,0.8500,1.0000,0.2000,11.694
2026-04-20 22:14:11.727,1207,0.4807402135560748,0.4669967334031251,0.5239509687104545,0.7145686040875756,0.3906176353509235,0.0500,1.0000,0.1500,11.199
2026-04-20 22:14:11.737,1208,0.4807022861157569,0.4669967334031251,0.5239762536715648,0.7146191740097959,0.39064292031281955,0.4000,1.0000,0.2500,11.190
2026-04-20 22:14:11.755,1209,0.4806645539484682,0.4669967334031251,0.5240014084506285,0.7146694835679234,0.3906680750926456,0.6000,1.0000,0.2500,10.196
2026-04-20 22:14:11.771,1210,0.48062704947281654,0.4669967334031251,0.5240264114352413,0.7147194895371491,0.39069307807799797,0.3000,1.0000,0.4000,12.486
2026-04-20 22:14:11.781,1211,0.4805894623832682,0.4669967334031251,0.52405146949576,0.7147696056581865,0.39071813613923395,0.2500,1.0000,0.3000,11.800
2026-04-20 22:14:11.797,1212,0.4805534555417282,0.4669967334031251,0.5240754740575818,0.7148176147818301,0.39074214070175156,0.6000,1.0000,0.2000,10.895
2026-04-20 22:14:11.806,1213,0.4805173257169158,0.4669967334031251,0.524099560608228,0.7148657878831226,0.3907662272530727,0.2500,1.0000,0.1000,8.181
2026-04-20 22:14:11.822,1214,0.48048164958608497,0.4669967334031251,0.5241233446961968,0.71491335605906,0.39079001134169605,0.6000,1.0000,0.4500,13.322
2026-04-20 22:14:11.832,1215,0.48044776902577296,0.4669967334031251,0.5241459317371305,0.7149585301409275,0.3908125983832648,0.5000,1.0000,0.3500,9.372
2026-04-20 22:14:11.850,1216,0.4804153631652375,0.4669967334031251,0.5241675356448582,0.7150017379563827,0.3908342022916084,0.5500,0.9000,0.1000,11.409
2026-04-20 22:14:11.869,1217,0.48038247895100294,0.4669967334031251,0.5241894584550307,0.7150455835767278,0.39085612510237844,0.6000,1.0000,0.3500,12.223
2026-04-20 22:14:11.879,1218,0.4803488703411339,0.4669967334031251,0.5242118641956058,0.7150903950578779,0.3908785308435331,0.2500,1.0000,0.4000,11.690
2026-04-20 22:14:11.896,1219,0.4803139903312376,0.4669967334031251,0.5242351175361791,0.7151369017390244,0.3909017841846686,0.4000,1.0000,0.1500,11.935
2026-04-20 22:14:11.905,1220,0.4802778743848026,0.4669967334031251,0.5242591948344256,0.7151850563355175,0.3909258614834604,0.5500,1.0000,0.3500,13.223
2026-04-20 22:14:11.924,1221,0.4802416895465452,0.4669967334031251,0.5242833180605351,0.7152333027877364,0.39094998471009884,0.6500,1.0000,0.6500,14.907
2026-04-20 22:14:11.934,1222,0.48020429962362116,0.4669967334031251,0.5243082446764041,0.7152831560194746,0.390974911326481,0.7000,1.0000,0.2500,10.474
2026-04-20 22:14:11.951,1223,0.4801662698355478,0.4669967334031251,0.5243335978690219,0.71533386240471,0.3910002645195964,0.4000,1.0000,0.2500,12.664
2026-04-20 22:14:11.968,1224,0.4801287632410969,0.4669967334031251,0.5243586022658742,0.7153838711984146,0.39102526891693146,0.2500,1.0000,0.2500,10.796
2026-04-20 22:14:11.979,1225,0.480092299110542,0.4669967334031251,0.5243829116867792,0.7154324900402248,0.39104957833830484,0.5000,1.0000,0.2500,7.219
2026-04-20 22:14:11.996,1226,0.48005627872498086,0.4669967334031251,0.5244069252776724,0.7154805172220112,0.3910735919296523,0.2500,1.0000,0.3000,11.433
2026-04-20 22:14:12.006,1227,0.4800201621270998,0.4669967334031251,0.5244310030100967,0.7155286726868597,0.39109766966251713,0.5500,1.0000,0.6000,9.434
2026-04-20 22:14:12.023,1228,0.47998395092669843,0.4669967334031251,0.5244551438108527,0.7155769542883718,0.39112181046370054,0.5000,1.0000,0.1000,11.734
2026-04-20 22:14:12.033,1229,0.4799476073759088,0.4669967334031251,0.5244793728451862,0.7156254123570388,0.3911460394984486,0.3000,1.0000,0.2500,7.289
2026-04-20 22:14:12.050,1230,0.4799111773639383,0.4669967334031251,0.5245036595202928,0.7156739857072519,0.3911703261739573,0.5500,1.0000,0.3000,12.292
2026-04-20 22:14:12.068,1231,0.4798758068349511,0.4669967334031251,0.5245272398733967,0.7157211464134597,0.39119390652745123,0.7500,1.0000,0.3000,10.445
2026-04-20 22:14:12.078,1232,0.47984032461402243,0.4669967334031251,0.5245508946877816,0.7157684560422295,0.39121756134221447,0.0500,1.0000,0.2000,10.459
2026-04-20 22:14:12.096,1233,0.4798036298162852,0.4669967334031251,0.5245753578866925,0.7158173824400513,0.3912420245414924,0.4000,1.0000,0.3500,11.750
2026-04-20 22:14:12.106,1234,0.4797660263932612,0.4669967334031251,0.524600426835782,0.7158675203382304,0.3912670934909379,0.2000,1.0000,0.2000,10.531
2026-04-20 22:14:12.123,1235,0.47972811377572266,0.4669967334031251,0.5246257019145357,0.7159180704957379,0.3912923685700369,0.6500,1.0000,0.0500,13.952
2026-04-20 22:14:12.133,1236,0.4796902061659775,0.4669967334031251,0.5246509736547487,0.7159686139761637,0.3913176403105848,0.4500,1.0000,0.4500,11.248
2026-04-20 22:14:12.265,1237,0.47965226318803866,0.4669967334031251,0.5246762689737459,0.7160192046141581,0.3913429356299069,0.3000,1.0000,0.3000,11.485
2026-04-20 22:14:12.275,1238,0.47961371195545616,0.4669967334031251,0.5247019697958277,0.7160706062583219,0.3913686364523039,0.3000,1.0000,-0.0500,10.552
2026-04-20 22:14:12.284,1239,0.4795757189154059,0.4669967334031251,0.5247272984895439,0.7161212636457542,0.39139396514632585,0.4000,1.0000,0.3500,12.767
2026-04-20 22:14:12.293,1240,0.4795405223038413,0.4669967334031251,0.5247507628975926,0.7161681924618515,0.391417429554671,0.5500,1.0000,0.3000,7.811
2026-04-20 22:14:12.302,1241,0.4795035669232287,0.4669967334031251,0.5247753998183298,0.7162174663033257,0.3914420664756958,0.5500,1.0000,0.5500,15.906
2026-04-20 22:14:12.311,1242,0.47946543643298056,0.4669967334031251,0.5248008201454807,0.7162683069576277,0.39146748680312576,0.3000,1.0000,0.3500,13.491
2026-04-20 22:14:12.320,1243,0.47942731864662746,0.4669967334031251,0.5248262320033588,0.7163191306733838,0.39149289866127446,0.3500,1.0000,0.6500,11.784
2026-04-20 22:14:12.329,1244,0.4793880591596576,0.4669967334031251,0.524852404994972,0.7163714766566104,0.39151907165315025,0.5500,1.0000,0.1500,8.892
2026-04-20 22:14:12.338,1245,0.4793471518014562,0.4669967334031251,0.5248796765673973,0.7164260198014609,0.39154634322583015,0.5500,1.0000,0.6500,12.437
2026-04-20 22:14:12.346,1246,0.47930575919668317,0.4669967334031251,0.5249072716375283,0.7164812099417229,0.3915739382962082,0.5000,1.0000,0.5000,10.327
2026-04-20 22:14:12.355,1247,0.47926303994047803,0.4669967334031251,0.5249357511419388,0.7165381689505441,0.39160241780085836,0.6000,1.0000,0.4000,13.869
2026-04-20 22:14:12.364,1248,0.4792198830314422,0.4669967334031251,0.524964522414895,0.7165957114964564,0.3916311890740469,0.6000,1.0000,0.4000,12.869
2026-04-20 22:14:12.373,1249,0.4791768100379309,0.4669967334031251,0.5249932377441602,0.7166531421549868,0.39165990440353754,0.5500,1.0000,0.1500,8.125
2026-04-20 22:14:12.382,1250,0.4791335819076953,0.4669967334031251,0.5250220564979005,0.7167107796624674,0.39168872315749653,0.6500,1.0000,0.1500,8.270
2026-04-20 22:14:12.392,1251,0.47909051088283805,0.4669967334031251,0.5250507705147144,0.7167682076960953,0.39171743717452256,0.3000,1.0000,0.1500,7.061
2026-04-20 22:14:12.400,1252,0.47904642255563135,0.4669967334031251,0.5250801627330873,0.7168269921328412,0.39174682939310124,0.6000,1.0000,0.4500,10.426
2026-04-20 22:14:12.409,1253,0.4790042342839834,0.4669967334031251,0.5251082882477474,0.7168832431621612,0.3917749549079609,0.5000,1.0000,0.3500,10.147
2026-04-20 22:14:12.419,1254,0.4789618578074394,0.4669967334031251,0.5251365392323313,0.7169397451313291,0.3918032058927384,0.4000,1.0000,0.4500,14.170
2026-04-20 22:14:12.429,1255,0.4789184371675222,0.4669967334031251,0.525165486325824,0.7169976393183145,0.39183215298641894,0.2500,1.0000,0.4500,10.463
2026-04-20 22:14:12.439,1256,0.47887514178134966,0.4669967334031251,0.5251943499168139,0.7170553665002942,0.3918610165775909,0.3000,1.0000,0.3000,13.583
2026-04-20 22:14:12.449,1257,0.47883083243967134,0.4669967334031251,0.5252238894781347,0.7171144456229358,0.3918905561390884,0.4500,1.0000,0.1500,13.429
2026-04-20 22:14:12.458,1258,0.4787875418220649,0.4669967334031251,0.5252527498900682,0.7171721664468028,0.39191941655119333,0.3500,1.0000,0.5000,9.318
2026-04-20 22:14:12.467,1259,0.4787446782084076,0.4669967334031251,0.5252813256326964,0.7172293179320592,0.39194799229398775,0.5500,1.0000,0.7000,12.313
2026-04-20 22:14:12.477,1260,0.4787022026998417,0.4669967334031251,0.5253096426385913,0.717285951943849,0.3919763093000439,0.5000,1.0000,0.5500,12.283
2026-04-20 22:14:12.484,1261,0.478660105068274,0.4669967334031251,0.5253377077264818,0.7173420821196301,0.3920043743880909,0.6500,1.0000,0.3500,10.085
2026-04-20 22:14:12.494,1262,0.47861782192203495,0.4669967334031251,0.5253658964908146,0.7173984596482957,0.3920325631525754,0.1000,1.0000,0.3500,13.450
2026-04-20 22:14:12.503,1263,0.478576497064505,0.4669967334031251,0.5253934463960027,0.7174535594586721,0.3920601130579107,0.6000,1.0000,0.6000,12.426
2026-04-20 22:14:12.511,1264,0.47853613558095226,0.4669967334031251,0.5254203540518677,0.717507374770402,0.3920870207139185,0.6000,1.0000,0.3500,13.407
2026-04-20 22:14:12.520,1265,0.4784949474351376,0.4669967334031251,0.5254478128159024,0.7175622922984715,0.39211447947809164,0.7000,1.0000,0.1000,13.761
2026-04-20 22:14:12.528,1266,0.47845354914914096,0.4669967334031251,0.525475411673387,0.7176174900134407,0.3921420783357106,0.4500,1.0000,0.4500,8.551
2026-04-20 22:14:12.538,1267,0.47841250518088785,0.4669967334031251,0.5255027743190379,0.7176722153047426,0.39216944098149187,0.4500,1.0000,0.3500,12.149
2026-04-20 22:14:12.546,1268,0.47837097236874165,0.4669967334031251,0.5255304628606131,0.7177275923878931,0.39219712952319347,0.4500,1.0000,0.3000,9.946
2026-04-20 22:14:12.556,1269,0.47832837317021415,0.4669967334031251,0.5255588623264382,0.7177843913195433,0.39222552898914115,0.4000,1.0000,0.4500,13.581
2026-04-20 22:14:12.565,1270,0.4782850121775896,0.4669967334031251,0.5255877696549904,0.7178422059766478,0.3922544363178123,0.5500,1.0000,0.4000,14.041
2026-04-20 22:14:12.573,1271,0.4782414719383449,0.4669967334031251,0.5256167964812855,0.7179002596292378,0.39228346314422263,0.3500,1.0000,0.3000,13.023
2026-04-20 22:14:12.585,1272,0.47819778729554335,0.4669967334031251,0.5256459195766143,0.7179585058198955,0.39231258623966336,0.5500,1.0000,0.3500,12.196
2026-04-20 22:14:12.593,1273,0.4781551445751028,0.4669967334031251,0.5256743480570321,0.718015362780731,0.3923410147201896,0.2000,1.0000,0.7500,12.721
2026-04-20 22:14:12.604,1274,0.47811348730700276,0.4669967334031251,0.5257021195692191,0.7180709058051049,0.3923687862324819,0.5000,1.0000,0.5000,7.553
2026-04-20 22:14:12.612,1275,0.4780719185587864,0.4669967334031251,0.5257298320681467,0.7181263308029602,0.3923964987315116,0.4500,1.0000,0.3000,11.360
2026-04-20 22:14:12.623,1276,0.4780290061387939,0.4669967334031251,0.5257584403482549,0.7181835473631766,0.39242510701171884,0.6000,1.0000,0.2000,9.497
2026-04-20 22:14:12.633,1277,0.4779862616603128,0.4669967334031251,0.5257869366673521,0.718240540001371,0.39245360333091217,0.6500,1.0000,0.4500,6.277
2026-04-20 22:14:12.643,1278,0.47794452362020384,0.4669967334031251,0.5258147620275312,0.7182961907217293,0.3924814286911845,0.5500,1.0000,0.4000,11.768
2026-04-20 22:14:12.654,1279,0.47790435773129347,0.4669967334031251,0.5258415392869081,0.7183497452404831,0.39250820595065183,0.6000,1.0000,0.5500,7.992
2026-04-20 22:14:12.664,1280,0.4778630966044142,0.4669967334031251,0.5258690467049278,0.7184047600765227,0.39253571336875925,0.7000,1.0000,0.0500,9.842
2026-04-20 22:14:12.676,1281,0.47782020605268694,0.4669967334031251,0.5258976404061766,0.71846194747902,0.392564307070093,0.3500,1.0000,0.5500,15.572
2026-04-20 22:14:12.686,1282,0.4777757322285636,0.4669967334031251,0.5259272896223531,0.718521245911373,0.392593956286352,0.3000,1.0000,0.3500,8.286
2026-04-20 22:14:12.698,1283,0.47773236364746374,0.4669967334031251,0.5259562020098445,0.7185790706863557,0.39262286867392343,0.1500,1.0000,0.4500,7.937
2026-04-20 22:14:12.709,1284,0.4776906255378317,0.4669967334031251,0.5259840274163545,0.7186347214993759,0.3926506940805111,0.3500,1.0000,0.5500,9.889
2026-04-20 22:14:12.718,1285,0.47764986849247193,0.4669967334031251,0.5260111987800138,0.7186890642266944,0.39267786544424566,0.6500,1.0000,0.3000,10.000
2026-04-20 22:14:12.730,1286,0.47760858880392315,0.4669967334031251,0.5260387185724631,0.718744103811593,0.392705385236768,0.3500,1.0000,0.5500,10.430
2026-04-20 22:14:12.740,1287,0.4775667974605699,0.4669967334031251,0.5260665794681129,0.7187998256028927,0.39273324613248867,0.4000,1.0000,0.5500,13.566
2026-04-20 22:14:12.752,1288,0.47752482487096587,0.4669967334031251,0.5260945611945941,0.7188557890558551,0.39276122785903866,0.1000,1.0000,0.2500,10.124
2026-04-20 22:14:12.761,1289,0.4774823970622314,0.4669967334031251,0.5261228464004932,0.7189123594676534,0.3927895130650045,0.5500,1.0000,0.4000,10.319
2026-04-20 22:14:12.773,1290,0.4774412574908546,0.4669967334031251,0.526150272781485,0.718967212229637,0.3928169394460609,0.2000,1.0000,0.2500,11.701
2026-04-20 22:14:12.783,1291,0.47739932470569857,0.4669967334031251,0.5261782279716607,0.7190231226099885,0.39284489463629935,0.4000,1.0000,0.4000,12.840
2026-04-20 22:14:12.795,1292,0.4773569343771466,0.4669967334031251,0.5262064881907649,0.7190796430481968,0.39287315485546437,0.4500,1.0000,0.0000,9.381
2026-04-20 22:14:12.807,1293,0.4773161468882693,0.4669967334031251,0.5262336798500838,0.7191340263668348,0.39290034651484235,0.3500,1.0000,0.3500,11.071
2026-04-20 22:14:12.817,1294,0.4772739823546483,0.4669967334031251,0.52626178953923,0.7191902457451269,0.3929284562040457,0.4500,1.0000,0.3000,12.215
2026-04-20 22:14:12.828,1295,0.47723196233704096,0.4669967334031251,0.526289802884365,0.719246272435397,0.39295646954923624,0.6000,1.0000,0.3500,9.915
2026-04-20 22:14:12.837,1296,0.47719154043555584,0.4669967334031251,0.52631675081875,0.7193001683041669,0.3929834174836751,0.5500,1.0000,0.4500,11.442
2026-04-20 22:14:12.850,1297,0.47715207271599847,0.4669967334031251,0.5263430626318479,0.7193527919303627,0.3930097292968253,0.3000,1.0000,0.4000,11.494
2026-04-20 22:14:12.858,1298,0.47711381340631587,0.4669967334031251,0.5263685688383609,0.7194038043433887,0.393035235503389,0.2000,0.9500,-0.0500,11.497
2026-04-20 22:14:12.871,1299,0.4770743973882079,0.4669967334031251,0.5263948461838224,0.7194563590343117,0.3930615128488996,0.1000,1.0000,0.3500,10.968
2026-04-20 22:14:12.884,1300,0.4770347410033712,0.4669967334031251,0.5264212837737681,0.719509234214203,0.393087950438893,0.4000,1.0000,0.1500,8.361
2026-04-20 22:14:12.894,1301,0.47699424811255037,0.4669967334031251,0.5264482790343682,0.7195632247354031,0.3931149456995393,0.4500,1.0000,0.4000,13.533
2026-04-20 22:14:12.907,1302,0.4769544306148519,0.4669967334031251,0.5264748240328851,0.719616314732437,0.3931414906981011,0.1500,1.0000,0.4500,12.445
2026-04-20 22:14:12.916,1303,0.4769167545205375,0.4669967334031251,0.5264999414291445,0.7196665495249557,0.39316660809440396,0.3500,1.0000,0.5000,10.201
2026-04-20 22:14:12.929,1304,0.4768793561160848,0.4669967334031251,0.5265248736988278,0.7197164140643224,0.39319154036412957,0.0500,1.0000,0.3500,9.585
2026-04-20 22:14:12.939,1305,0.4768433941798637,0.4669967334031251,0.526548848323022,0.7197643633127108,0.3932155149883647,0.2500,0.7000,-0.2000,8.356
2026-04-20 22:14:12.951,1306,0.47680708825243007,0.4669967334031251,0.5265730522746898,0.7198127712160465,0.39323971894007226,0.3000,1.0000,0.5500,10.497
2026-04-20 22:14:12.963,1307,0.4767707265457726,0.4669967334031251,0.5265972934125054,0.7198612534916778,0.39326396007792647,0.2500,1.0000,0.0000,4.774
2026-04-20 22:14:12.972,1308,0.47673519112187607,0.4669967334031251,0.5266209836951458,0.7199086340569586,0.39328765036060426,0.2000,1.0000,0.5000,10.154
2026-04-20 22:14:12.985,1309,0.4767004505859447,0.4669967334031251,0.5266441440524748,0.7199549547716166,0.39331081071796953,0.5000,1.0000,0.3000,10.435
2026-04-20 22:14:12.994,1310,0.4766644283956019,0.4669967334031251,0.5266681588460769,0.7200029843588207,0.3933348255116067,0.5000,1.0000,0.3500,11.858
2026-04-20 22:14:13.007,1311,0.47662862740663847,0.4669967334031251,0.5266920261720915,0.7200507190108499,0.39335869283765545,0.4500,1.0000,0.4500,11.597
2026-04-20 22:14:13.016,1312,0.4765927773886873,0.4669967334031251,0.5267159261840968,0.7200985190348604,0.3933825928496938,0.3500,1.0000,0.1500,8.955
2026-04-20 22:14:13.028,1313,0.4765559919312163,0.4669967334031251,0.5267404498224475,0.7201475663115618,0.3934071164880766,0.2500,1.0000,0.6500,12.003
2026-04-20 22:14:13.036,1314,0.4765176973295875,0.4669967334031251,0.5267659795569023,0.7201986257804713,0.39343264622256247,0.5500,1.0000,0.6000,14.121
2026-04-20 22:14:13.048,1315,0.4764788223335495,0.4669967334031251,0.5267918962209621,0.7202504591085911,0.39345856288665254,0.6000,1.0000,0.3000,13.024
2026-04-20 22:14:13.059,1316,0.476439671442246,0.4669967334031251,0.5268179968151979,0.7203026602970627,0.3934846634809176,0.2000,1.0000,0.5500,11.432
2026-04-20 22:14:13.068,1317,0.4764002505546863,0.4669967334031251,0.5268442774069368,0.7203552214805405,0.39351094407268494,0.4000,1.0000,0.4500,12.374
2026-04-20 22:14:13.080,1318,0.4763599842187854,0.4669967334031251,0.5268711216309023,0.7204089099284715,0.39353778829667796,0.5000,1.0000,0.6500,11.544
2026-04-20 22:14:13.088,1319,0.47631979609054115,0.4669967334031251,0.526897913716429,0.7204624940995249,0.3935645803822314,0.7500,1.0000,0.5500,14.060
2026-04-20 22:14:13.099,1320,0.47628087117408224,0.4669967334031251,0.5269238636607646,0.7205143939881961,0.3935905303265929,0.4500,1.0000,0.2000,9.436
2026-04-20 22:14:13.107,1321,0.4762419834584512,0.4669967334031251,0.5269497888045473,0.7205662442757615,0.39361645547040086,0.3000,1.0000,0.7500,6.725
2026-04-20 22:14:13.119,1322,0.47620252853652484,0.4669967334031251,0.5269760920858595,0.7206188508383858,0.3936427587517374,0.6000,1.0000,0.6000,14.900
2026-04-20 22:14:13.131,1323,0.4761637129781878,0.4669967334031251,0.5270019691247779,0.7206706049162226,0.39366863579067946,0.6000,1.0000,0.4500,11.706
2026-04-20 22:14:13.140,1324,0.47612343343945707,0.4669967334031251,0.5270288221506246,0.7207243109679161,0.39369548881654914,0.4500,1.0000,0.6000,14.290
2026-04-20 22:14:13.153,1325,0.4760844324853839,0.4669967334031251,0.5270548227866989,0.7207763122400646,0.3937214894526456,0.7000,1.0000,0.3000,9.888
2026-04-20 22:14:13.161,1326,0.4760466505147442,0.4669967334031251,0.52708001076715,0.7208266882009668,0.39374667743311836,0.5500,1.0000,0.3500,11.314
2026-04-20 22:14:13.174,1327,0.4760073775257372,0.4669967334031251,0.5271061927598454,0.7208790521863575,0.3937728594258346,0.4000,1.0000,0.4000,13.298
2026-04-20 22:14:13.183,1328,0.4759678504690426,0.4669967334031251,0.5271325441309983,0.7209317549286633,0.39379921079700786,0.6000,1.0000,0.0500,8.707
2026-04-20 22:14:13.196,1329,0.47592807776902807,0.4669967334031251,0.5271590592643639,0.7209847851953944,0.3938257259303931,0.6500,1.0000,-0.1500,11.945
2026-04-20 22:14:13.207,1330,0.4758886479424035,0.4669967334031251,0.5271853458154688,0.7210373582976043,0.39385201248151713,0.4500,1.0000,0.5500,7.289
2026-04-20 22:14:13.216,1331,0.47585105442791703,0.4669967334031251,0.527210408158481,0.7210874829836286,0.39387707482454787,0.8000,1.0000,0.4000,9.076
2026-04-20 22:14:13.230,1332,0.4758143525807551,0.4669967334031251,0.5272348760566095,0.7211364187798855,0.39390154272269434,0.3000,1.0000,0.1500,6.679
2026-04-20 22:14:13.239,1333,0.47577670922869497,0.4669967334031251,0.5272599716246695,0.7211866099160056,0.39392663829077185,0.5000,1.0000,0.0000,12.702
2026-04-20 22:14:13.252,1334,0.4757405526877326,0.4669967334031251,0.5272840759853304,0.7212348186373275,0.39395074265144975,0.7000,1.0000,0.3500,9.679
2026-04-20 22:14:13.260,1335,0.47570433773583615,0.4669967334031251,0.5273082192866135,0.7212831052398936,0.3939748859527492,0.3500,1.0000,0.4000,13.808
2026-04-20 22:14:13.274,1336,0.47566925787324355,0.4669967334031251,0.5273316058616935,0.7213298783900535,0.3939982725278451,0.6500,1.0000,0.2500,11.114
2026-04-20 22:14:13.282,1337,0.47563469362022337,0.4669967334031251,0.527354648697058,0.7213759640607824,0.394021315363225,0.3000,1.0000,0.8500,12.553
2026-04-20 22:14:13.296,1338,0.4755988502327003,0.4669967334031251,0.5273785442887571,0.7214237552441807,0.3940452109549391,0.4000,1.0000,0.5000,14.861
2026-04-20 22:14:13.308,1339,0.4755635455076313,0.4669967334031251,0.527402080772153,0.7214708282109726,0.3940687474383496,0.6500,1.0000,0.2500,11.486
2026-04-20 22:14:13.316,1340,0.47552726020651104,0.4669967334031251,0.527426270972916,0.7215192086124985,0.3940929376391267,0.6000,1.0000,0.1000,12.295
2026-04-20 22:14:13.328,1341,0.4754921366048934,0.4669967334031251,0.5274496867073433,0.7215660400813533,0.3941163533735677,0.3000,1.0000,0.6000,10.882
2026-04-20 22:14:13.337,1342,0.47545665622303773,0.4669967334031251,0.5274733402952623,0.7216133472571912,0.3941400069614999,0.4000,1.0000,0.3000,9.535
2026-04-20 22:14:13.349,1343,0.4754226073359662,0.4669967334031251,0.5274960395533247,0.721658745773316,0.39416270621957517,0.5500,1.0000,0.1500,9.395
2026-04-20 22:14:13.358,1344,0.4753881522589501,0.4669967334031251,0.527519009604683,0.7217046858760326,0.394185676270946,0.3000,1.0000,0.2500,8.897
2026-04-20 22:14:13.371,1345,0.4753530120231531,0.4669967334031251,0.5275424364285615,0.7217515395237897,0.3942091030948366,0.6500,1.0000,0.2000,11.688
2026-04-20 22:14:13.385,1346,0.4753189902348002,0.4669967334031251,0.5275651176208102,0.721796901908287,0.39423178428709704,0.2500,0.9500,-0.1500,10.057
2026-04-20 22:14:13.394,1347,0.4752851745490539,0.4669967334031251,0.5275876614113207,0.7218419894893081,0.394254328077619,0.7000,1.0000,0.2000,9.157
2026-04-20 22:14:13.408,1348,0.47525065549430723,0.4669967334031251,0.5276106741144978,0.7218880148956622,0.3942773407808071,0.6500,1.0000,0.1000,12.269
2026-04-20 22:14:13.418,1349,0.4752157435179788,0.4669967334031251,0.5276339487653957,0.7219345641974579,0.3943006154317157,0.2500,1.0000,0.1500,8.924
2026-04-20 22:14:13.434,1350,0.4751810496679642,0.4669967334031251,0.5276570779987506,0.7219808226641679,0.394323744665081,0.5500,1.0000,0.5000,11.939
2026-04-20 22:14:13.444,1351,0.4751468662975232,0.4669967334031251,0.5276798669123896,0.7220264004914456,0.39434653357873,0.6500,1.0000,0.1500,11.671
2026-04-20 22:14:13.460,1352,0.47511286892896104,0.4669967334031251,0.5277025318247754,0.7220717303162175,0.3943691984911257,0.4500,1.0000,0.2500,9.083
2026-04-20 22:14:13.477,1353,0.47507785763113597,0.4669967334031251,0.527725872690003,0.7221184120466727,0.3943925393563628,0.5000,1.0000,0.4000,14.335
2026-04-20 22:14:13.490,1354,0.475042163912912,0.4669967334031251,0.5277496685021629,0.7221660036709924,0.39441633516853186,0.6000,1.0000,0.4500,9.763
2026-04-20 22:14:13.505,1355,0.47500611041780877,0.4669967334031251,0.5277737041655752,0.7222140749978171,0.39444037083195316,0.4000,1.0000,0.5500,10.383
2026-04-20 22:14:13.515,1356,0.4749691090767554,0.4669967334031251,0.5277983717262874,0.7222634101192414,0.394465038392674,0.4000,1.0000,0.6500,13.183
2026-04-20 22:14:13.530,1357,0.47493268833158775,0.4669967334031251,0.5278226522230755,0.7223119711128175,0.3944893188894704,0.9000,1.0000,0.3500,11.545
2026-04-20 22:14:13.539,1358,0.4748953164514321,0.4669967334031251,0.5278475668098552,0.722361800286377,0.3945142334762583,0.4000,1.0000,0.2000,13.551
2026-04-20 22:14:13.556,1359,0.47485975530545316,0.4669967334031251,0.5278712742405169,0.7224092151477003,0.3945379409069279,0.6000,1.0000,0.4500,14.006
2026-04-20 22:14:13.566,1360,0.4748244407006488,0.4669967334031251,0.5278948173103953,0.722456301287457,0.3945614839768139,0.4000,1.0000,0.5000,11.299
2026-04-20 22:14:13.582,1361,0.4747881614826734,0.4669967334031251,0.5279190034557207,0.7225046735781078,0.39458567012214674,0.1500,1.0000,0.4500,10.663
2026-04-20 22:14:13.602,1362,0.4747521409939005,0.4669967334031251,0.5279430171149109,0.7225527008964882,0.39460968378134414,0.6000,1.0000,0.0500,12.706
2026-04-20 22:14:13.612,1363,0.4747148689925866,0.4669967334031251,0.5279678651157949,0.7226023968982561,0.3946345317822351,0.3500,1.0000,0.0500,6.961
2026-04-20 22:14:13.629,1364,0.4746769940464868,0.4669967334031251,0.5279931150798691,0.7226528968264047,0.3946597817463162,0.6500,1.0000,0.3000,11.377
2026-04-20 22:14:13.639,1365,0.4746379220186554,0.4669967334031251,0.5280191630984309,0.7227049928635282,0.3946858297648846,0.3000,1.0000,0.3500,14.008
2026-04-20 22:14:13.658,1366,0.4746016482482781,0.4669967334031251,0.528043345612023,0.7227533578907125,0.3947100122784831,0.6000,1.0000,0.5500,8.417
2026-04-20 22:14:13.669,1367,0.47456354017161034,0.4669967334031251,0.5280687509964753,0.722804168659617,0.39473541766294157,0.3000,1.0000,0.3500,5.964
2026-04-20 22:14:13.685,1368,0.47452455200788496,0.4669967334031251,0.5280947431056324,0.7228561528779313,0.3947614097721047,0.4000,1.0000,0.0000,14.174
2026-04-20 22:14:13.701,1369,0.474486849111128,0.4669967334031251,0.5281198783701437,0.7229064234069539,0.39478654503662186,0.5000,1.0000,0.4000,10.545
2026-04-20 22:14:13.711,1370,0.4744497777480372,0.4669967334031251,0.5281445926122107,0.7229558518910878,0.3948112592786945,0.4500,1.0000,0.2500,12.075
2026-04-20 22:14:13.727,1371,0.47441241839216797,0.4669967334031251,0.5281694988494631,0.7230056643655927,0.39483616551595235,0.3000,1.0000,0.7000,15.239
2026-04-20 22:14:13.737,1372,0.47437508193932204,0.4669967334031251,0.5281943898180331,0.7230554463027328,0.39486105648452774,0.5000,1.0000,0.5500,11.187
2026-04-20 22:14:13.752,1373,0.47433593504048094,0.4669967334031251,0.5282204877505997,0.723107642167866,0.39488715441709954,0.9000,1.0000,0.4500,15.127
2026-04-20 22:14:13.761,1374,0.4742974562216193,0.4669967334031251,0.5282461402965132,0.723158947259693,0.394912806963018,0.5500,1.0000,0.3000,10.047
2026-04-20 22:14:13.776,1375,0.4742620790319234,0.4669967334031251,0.5282697250896493,0.7232061168459653,0.394936391756159,0.6500,1.0000,0.7000,8.836
2026-04-20 22:14:13.793,1376,0.47422483521951525,0.4669967334031251,0.5282945542979268,0.7232557752625203,0.3949612209644412,0.5500,1.0000,0.4500,10.428
2026-04-20 22:14:13.803,1377,0.47418821594142085,0.4669967334031251,0.528318967149995,0.7233046009666566,0.3949856338165139,0.4500,1.0000,0.4500,10.577
2026-04-20 22:14:13.820,1378,0.4741506861094138,0.4669967334031251,0.5283439870380048,0.7233546407426762,0.39501065370452815,0.5500,1.0000,0.3500,9.818
2026-04-20 22:14:13.829,1379,0.4741131914559486,0.4669967334031251,0.5283689834736531,0.723404633613973,0.3950356501401808,0.3500,1.0000,0.6500,11.226
2026-04-20 22:14:13.845,1380,0.4740754204833696,0.4669967334031251,0.5283941641220439,0.7234549949107546,0.3950608307885758,0.5000,1.0000,0.2500,11.038
2026-04-20 22:14:13.855,1381,0.4740379976732695,0.4669967334031251,0.5284191126621153,0.7235048919908974,0.3950857793286512,0.4500,1.0000,0.0000,8.436
2026-04-20 22:14:13.871,1382,0.4739996923362023,0.4669967334031251,0.5284446495534979,0.7235559657736625,0.3951113162200377,0.5500,1.0000,0.5500,12.049
2026-04-20 22:14:13.887,1383,0.4739605305043145,0.4669967334031251,0.5284707574414275,0.7236081815495217,0.39513742410797104,0.4500,1.0000,0.6500,11.291
2026-04-20 22:14:13.897,1384,0.47392082539005587,0.4669967334031251,0.5284972275176041,0.723661121701875,0.3951638941841514,0.4500,1.0000,0.2500,15.838
2026-04-20 22:14:13.914,1385,0.4738809121348712,0.4669967334031251,0.5285238363543979,0.7237143393754627,0.3951905030209488,0.4000,1.0000,0.0500,9.867
2026-04-20 22:14:13.924,1386,0.4738398739371536,0.4669967334031251,0.5285511951528803,0.7237690569724274,0.3952178618194347,0.6000,1.0000,0.1500,9.823
2026-04-20 22:14:13.940,1387,0.473798668138702,0.4669967334031251,0.5285786656851852,0.7238239980370373,0.395245332351743,0.7500,1.0000,0.1500,9.261
2026-04-20 22:14:13.951,1388,0.47375822409058405,0.4669967334031251,0.5286056283839342,0.7238779234345354,0.39527229505049527,0.5000,1.0000,0.2500,11.180
2026-04-20 22:14:14.087,1389,0.4737172894251783,0.4669967334031251,0.528632918160875,0.7239325029884169,0.3952995848274392,0.5000,1.0000,0.3000,9.148
2026-04-20 22:14:14.097,1390,0.47367679264864876,0.4669967334031251,0.5286599160118982,0.7239864986904634,0.3953265826784655,0.1000,1.0000,0.4500,12.664
2026-04-20 22:14:14.106,1391,0.4736360998918383,0.4669967334031251,0.5286870445164419,0.7240407556995508,0.3953537111830122,0.6500,1.0000,0.1000,11.267
2026-04-20 22:14:14.116,1392,0.4735955454982989,0.4669967334031251,0.5287140807788048,0.7240948282242766,0.395380747445378,0.5000,1.0000,0.5500,10.385
2026-04-20 22:14:14.125,1393,0.47355572261434403,0.4669967334031251,0.5287406293681113,0.7241479254028895,0.3954072960346873,0.6000,1.0000,0.2000,9.549
2026-04-20 22:14:14.134,1394,0.4735160142917845,0.4669967334031251,0.5287671015831541,0.724200869832975,0.39543376824973275,0.6000,1.0000,0.3500,10.202
2026-04-20 22:14:14.143,1395,0.47347486929219984,0.4669967334031251,0.5287945315828803,0.7242557298324274,0.3954611982494615,0.6000,1.0000,0.3000,6.489
2026-04-20 22:14:14.154,1396,0.4734335646626266,0.4669967334031251,0.5288220680025987,0.7243108026718642,0.3954887346691825,0.5500,1.0000,0.5500,11.047
2026-04-20 22:14:14.163,1397,0.4733933430061149,0.4669967334031251,0.528848882440276,0.7243644315472187,0.39551554910686226,0.6000,1.0000,0.3000,9.207
2026-04-20 22:14:14.173,1398,0.4733523078611836,0.4669967334031251,0.5288762392035663,0.7244191450737993,0.395542905870155,0.2000,1.0000,0.6000,9.974
2026-04-20 22:14:14.183,1399,0.4733117150848708,0.4669967334031251,0.5289033010544442,0.7244732687755551,0.3955699677210352,0.5500,1.0000,0.3500,13.965
2026-04-20 22:14:14.193,1400,0.4732718661104663,0.4669967334031251,0.5289298670373831,0.7245264007414329,0.3955965337039764,0.6500,1.0000,0.0500,10.069
2026-04-20 22:14:14.202,1401,0.4732305673976015,0.4669967334031251,0.5289573995126288,0.7245814656919244,0.3956240661792243,0.6000,1.0000,0.5000,12.331
2026-04-20 22:14:14.212,1402,0.47318910303800954,0.4669967334031251,0.5289850424190259,0.7246367515047185,0.3956517090856235,0.6000,1.0000,0.3500,13.050
2026-04-20 22:14:14.222,1403,0.473149346352229,0.4669967334031251,0.5290115468762153,0.7246897604190974,0.395678213542815,0.6500,1.0000,0.4500,10.502
2026-04-20 22:14:14.232,1404,0.47310906083131665,0.4669967334031251,0.5290384038901592,0.7247434744469852,0.3957050705567609,0.1500,1.0000,0.1500,12.410
2026-04-20 22:14:14.242,1405,0.4730679558067637,0.4669967334031251,0.5290658072398634,0.7247982811463936,0.39573247390646704,0.6500,1.0000,0.1000,11.493
2026-04-20 22:14:14.252,1406,0.473026372212373,0.4669967334031251,0.5290935296361261,0.7248537259389188,0.39576019630273157,0.5500,1.0000,0.6000,9.453
2026-04-20 22:14:14.262,1407,0.47298400165865995,0.4669967334031251,0.5291217766719369,0.7249102200105404,0.3957884433385442,0.4000,1.0000,0.3000,13.196
2026-04-20 22:14:14.274,1408,0.47294180451372253,0.4669967334031251,0.5291499081018972,0.724966482870461,0.3958165747685063,0.6000,1.0000,0.3000,8.859
2026-04-20 22:14:14.284,1409,0.47290008901196506,0.4669967334031251,0.5291777184364042,0.7250221035394748,0.39584438510301495,0.6500,1.0000,0.3500,12.227
2026-04-20 22:14:14.295,1410,0.4728582208162983,0.4669967334031251,0.5292056305668505,0.7250779278003677,0.39587229723346307,0.4500,1.0000,0.3500,13.158
2026-04-20 22:14:14.304,1411,0.4728187064887932,0.4669967334031251,0.5292319734518558,0.7251306135703782,0.3958986401184699,0.6000,1.0000,0.0000,11.607
2026-04-20 22:14:14.314,1412,0.4727789696830358,0.4669967334031251,0.5292584646556959,0.7251835959780584,0.39592513132231155,0.5500,1.0000,0.2500,11.225
2026-04-20 22:14:14.324,1413,0.47274058011670334,0.4669967334031251,0.5292840576999193,0.7252347820665052,0.39595072436653644,0.7500,1.0000,0.5000,9.004
2026-04-20 22:14:14.334,1414,0.47270193802058574,0.4669967334031251,0.5293098190973327,0.7252863048613319,0.39597648576395134,0.4000,1.0000,0.3500,12.375
2026-04-20 22:14:14.345,1415,0.47266461638265617,0.4669967334031251,0.5293347001892874,0.7253360670452413,0.3960013668559075,0.3000,1.0000,0.1000,9.693
2026-04-20 22:14:14.354,1416,0.472627321777272,0.4669967334031251,0.5293595632595451,0.7253857931857567,0.3960262299261666,0.3000,1.0000,0.1000,12.704
2026-04-20 22:14:14.364,1417,0.4725919258857803,0.4669967334031251,0.5293831605205411,0.7254329877077488,0.39604982718716397,0.4000,1.0000,0.3000,6.296
2026-04-20 22:14:14.373,1418,0.47255619556093387,0.4669967334031251,0.5294069807371069,0.7254806281408803,0.3960736474037311,0.6500,1.0000,0.4500,12.099
2026-04-20 22:14:14.384,1419,0.4725204510260862,0.4669967334031251,0.5294308104270068,0.7255282875206801,0.39609747709363224,0.6500,1.0000,0.5000,8.141
2026-04-20 22:14:14.394,1420,0.47248843168965604,0.4669967334031251,0.529452156651295,0.7255709799692565,0.39611882331792164,0.7000,1.0000,0.3500,7.004
2026-04-20 22:14:14.405,1421,0.47245567696252017,0.4669967334031251,0.5294739931360536,0.7256146529387737,0.3961406598026814,0.2000,1.0000,0.4000,9.328
2026-04-20 22:14:14.415,1422,0.4724234467627716,0.4669967334031251,0.5294954799358873,0.7256576265384411,0.3961621466025163,0.5500,1.0000,0.0500,7.516
2026-04-20 22:14:14.424,1423,0.4723892443739163,0.4669967334031251,0.5295182815284588,0.7257032297235841,0.3961849481950889,0.6500,1.0000,0.0500,10.668
2026-04-20 22:14:14.435,1424,0.4723552974258958,0.4669967334031251,0.5295409128271403,0.7257484923209472,0.39620757949377156,0.4500,1.0000,0.6000,9.379
2026-04-20 22:14:14.445,1425,0.472320353503217,0.4669967334031251,0.5295642087755941,0.7257950842178547,0.39623087544222635,0.2500,1.0000,0.4500,10.652
2026-04-20 22:14:14.458,1426,0.4722866198039985,0.4669967334031251,0.5295866979084075,0.7258400624834817,0.3962533645750409,0.7000,1.0000,0.3500,11.814
2026-04-20 22:14:14.467,1427,0.4722515705258753,0.4669967334031251,0.5296100640938242,0.7258867948543148,0.3962767307604585,0.6500,1.0000,0.3500,13.697
2026-04-20 22:14:14.479,1428,0.4722161765210442,0.4669967334031251,0.529633660097046,0.7259339868607586,0.3963003267636813,0.3000,1.0000,0.1500,10.166
2026-04-20 22:14:14.491,1429,0.4721810699447327,0.4669967334031251,0.5296570644812547,0.7259807956291761,0.396323731147891,0.6500,1.0000,0.1500,10.588
2026-04-20 22:14:14.500,1430,0.4721446770310864,0.4669967334031251,0.5296813264236866,0.7260293195140398,0.3963479930903238,0.0500,1.0000,0.4500,10.490
2026-04-20 22:14:14.512,1431,0.47210829033446,0.4669967334031251,0.5297055842214385,0.7260778351095437,0.39637225088807665,0.4500,1.0000,0.4000,12.874
2026-04-20 22:14:14.522,1432,0.4720703373999229,0.4669967334031251,0.5297308861777976,0.7261284390222619,0.39639755284443656,0.5500,1.0000,0.5000,14.146
2026-04-20 22:14:14.533,1433,0.4720318080643819,0.4669967334031251,0.5297565724014925,0.7261798114696517,0.3964232390681323,0.6000,1.0000,0.2500,12.512
2026-04-20 22:14:14.542,1434,0.4719952326891239,0.4669967334031251,0.5297809559849987,0.7262285786366641,0.39644762265163935,0.5500,1.0000,0.2000,8.353
2026-04-20 22:14:14.554,1435,0.47195929902309464,0.4669967334031251,0.5298049117623524,0.7262764901913715,0.39647157842899383,0.4000,1.0000,0.2500,11.264
2026-04-20 22:14:14.566,1436,0.47192241829153797,0.4669967334031251,0.5298294989167244,0.7263256645001155,0.39649616558336653,0.8000,1.0000,0.2500,14.925
2026-04-20 22:14:14.575,1437,0.4718858764888727,0.4669967334031251,0.5298538601185021,0.7263743869036708,0.396520526785145,0.5000,1.0000,0.3500,13.446
2026-04-20 22:14:14.588,1438,0.47184935232312814,0.4669967334031251,0.5298782095623327,0.7264230857913319,0.3965448762289762,0.2000,1.0000,0.3000,10.205
2026-04-20 22:14:14.597,1439,0.471813156874851,0.4669967334031251,0.5299023398611848,0.7264713463890363,0.3965690065278291,0.5000,1.0000,0.0000,10.738
2026-04-20 22:14:14.609,1440,0.4717772799472315,0.4669967334031251,0.5299262578129319,0.7265191822925304,0.3965929244795769,0.6000,1.0000,0.4000,10.151
2026-04-20 22:14:14.618,1441,0.47174202632135004,0.4669967334031251,0.5299497602301869,0.7265661871270406,0.39661642689683263,0.4500,1.0000,0.2500,6.669
2026-04-20 22:14:14.630,1442,0.4717064387693327,0.4669967334031251,0.5299734852648659,0.7266136371963984,0.3966401519315122,0.6000,1.0000,0.3500,11.461
2026-04-20 22:14:14.640,1443,0.4716692708413347,0.4669967334031251,0.5299982638835319,0.7266631944337305,0.3966649305501789,0.5000,1.0000,0.4000,11.984
2026-04-20 22:14:14.652,1444,0.47163214145614035,0.4669967334031251,0.5300230168069955,0.7267127002806576,0.39668968347364303,0.5500,1.0000,0.2000,8.424
2026-04-20 22:14:14.665,1445,0.4715947334885849,0.4669967334031251,0.5300479554520331,0.7267625775707329,0.39671462211868125,0.1500,1.0000,-0.0500,10.177
2026-04-20 22:14:14.675,1446,0.47155578803434756,0.4669967334031251,0.530073919088192,0.7268145048430507,0.39674058575484067,0.5500,1.0000,0.5000,14.147
2026-04-20 22:14:14.687,1447,0.4715175646671362,0.4669967334031251,0.5300994013330003,0.726865469332667,0.3967660679996494,0.2500,1.0000,0.0500,9.111
2026-04-20 22:14:14.697,1448,0.4714803606454946,0.4669967334031251,0.5301242040140953,0.726915074694857,0.396790870680745,0.6000,1.0000,0.4000,12.143
2026-04-20 22:14:14.709,1449,0.47144161818248925,0.4669967334031251,0.5301500323227661,0.7269667313121987,0.3968166989894163,0.1000,1.0000,0.6000,12.207
2026-04-20 22:14:14.720,1450,0.47140264970748114,0.4669967334031251,0.5301760113061055,0.7270186892788774,0.39684267797275613,0.3000,1.0000,0.5500,11.601
2026-04-20 22:14:14.732,1451,0.47136378284985564,0.4669967334031251,0.530201922544523,0.7270705117557125,0.3968685892111741,0.4500,1.0000,0.4000,11.275
2026-04-20 22:14:14.745,1452,0.4713243821083699,0.4669967334031251,0.530228189705514,0.7271230460776945,0.3968948563721656,0.7000,1.0000,0.3500,16.418
2026-04-20 22:14:14.754,1453,0.4712838277115587,0.4669967334031251,0.5302552259700554,0.7271771186067771,0.39692189263670735,0.4500,1.0000,0.1500,10.846
2026-04-20 22:14:14.766,1454,0.47124438284835823,0.4669967334031251,0.5302815225455229,0.727229711757712,0.39694818921217523,0.4000,1.0000,0.1000,9.780
2026-04-20 22:14:14.775,1455,0.4712041115731822,0.4669967334031251,0.5303083700623074,0.727283406791281,0.3969750367289602,0.2500,1.0000,0.5500,12.630
2026-04-20 22:14:14.788,1456,0.47116335373856755,0.4669967334031251,0.5303355419520509,0.7273377505707682,0.39700220861870417,0.1000,1.0000,0.4000,13.169
2026-04-20 22:14:14.797,1457,0.4711227607160606,0.4669967334031251,0.530362603967056,0.7273918746007784,0.3970292706337097,0.3500,1.0000,0.3000,13.891
2026-04-20 22:14:14.809,1458,0.4710832855276081,0.4669967334031251,0.5303889207593581,0.7274445081853825,0.39705558742601216,0.4500,1.0000,0.3000,9.896
2026-04-20 22:14:14.820,1459,0.4710445767576783,0.4669967334031251,0.5304147266059783,0.7274961198786232,0.3970813932726328,0.5000,1.0000,0.5500,12.259
2026-04-20 22:14:14.828,1460,0.47100629815104217,0.4669967334031251,0.5304402456770695,0.7275471580208056,0.39710691234372436,0.4500,1.0000,0.2000,10.611
2026-04-20 22:14:14.841,1461,0.47096812187008846,0.4669967334031251,0.530465696531039,0.7275980597287447,0.39713236319769424,0.2500,1.0000,0.1500,4.987
2026-04-20 22:14:14.849,1462,0.47093100034175495,0.4669967334031251,0.5304904442165951,0.7276475550998569,0.3971571108832507,0.6000,1.0000,0.8500,10.188
2026-04-20 22:14:14.863,1463,0.47089331385077476,0.4669967334031251,0.5305155685439156,0.7276978037544979,0.3971822352105715,0.4500,1.0000,0.5000,10.880
2026-04-20 22:14:14.872,1464,0.4708569818497396,0.4669967334031251,0.5305397898779394,0.7277462464225455,0.39720645654459563,0.4500,1.0000,0.4500,11.702
2026-04-20 22:14:14.885,1465,0.4708200587394566,0.4669967334031251,0.5305644052847951,0.7277954772362569,0.39723107195145163,0.6500,1.0000,0.0500,11.499
2026-04-20 22:14:14.898,1466,0.47078351855590583,0.4669967334031251,0.5305887654071626,0.7278441974809919,0.39725543207381947,0.6000,1.0000,0.3500,11.041
2026-04-20 22:14:14.906,1467,0.4707476720944014,0.4669967334031251,0.5306126630481659,0.7278919927629985,0.39727932971482305,0.2500,1.0000,0.2500,11.416
2026-04-20 22:14:14.918,1468,0.4707118626429808,0.4669967334031251,0.53063653601578,0.7279397386982266,0.39730320268243735,0.5000,1.0000,0.3000,9.797
2026-04-20 22:14:14.926,1469,0.47067735727529547,0.4669967334031251,0.5306595395942372,0.7279857458551411,0.3973262062608949,0.3000,0.9000,0.1500,10.992
2026-04-20 22:14:14.938,1470,0.47064222073866707,0.4669967334031251,0.5306829639519898,0.7280325945706463,0.39734963061864775,0.5500,1.0000,0.5000,8.671
2026-04-20 22:14:14.948,1471,0.4706052007034976,0.4669967334031251,0.5307076439754363,0.7280819546175396,0.3973743106420946,0.3000,1.0000,0.4500,13.900
2026-04-20 22:14:14.962,1472,0.4705682560573561,0.4669967334031251,0.530732273739531,0.7281312141457288,0.3973989404061895,0.5000,1.0000,0.3000,10.603
2026-04-20 22:14:14.972,1473,0.470532344886367,0.4669967334031251,0.5307562145201907,0.7281790957070481,0.39742288118684943,0.5000,1.0000,0.4000,9.772
2026-04-20 22:14:14.986,1474,0.4704964803607453,0.4669967334031251,0.5307801242039388,0.7282269150745442,0.39744679087059775,0.4500,1.0000,0.5000,11.460
2026-04-20 22:14:15.000,1475,0.4704619397192584,0.4669967334031251,0.5308031512982637,0.7282729692631938,0.39746981796492287,0.4000,1.0000,0.5000,11.384
2026-04-20 22:14:15.009,1476,0.4704274026779315,0.4669967334031251,0.5308261759924819,0.7283190186516303,0.3974928426591413,0.5500,1.0000,0.3000,9.456
2026-04-20 22:14:15.023,1477,0.47039223664475244,0.4669967334031251,0.5308496200146016,0.7283659066958695,0.3975162866812611,0.6500,1.0000,0.7000,11.166
2026-04-20 22:14:15.032,1478,0.47035677981847646,0.4669967334031251,0.5308732578987858,0.728413182464238,0.39753992456544557,0.4000,1.0000,0.4500,11.805
2026-04-20 22:14:15.045,1479,0.4703210357097335,0.4669967334031251,0.5308970873046147,0.7284608412758957,0.39756375397127464,0.4500,1.0000,0.5500,8.820
2026-04-20 22:14:15.055,1480,0.4702846915065335,0.4669967334031251,0.5309213167734149,0.7285093002134961,0.39758798344007507,0.5000,1.0000,0.4500,11.696
2026-04-20 22:14:15.068,1481,0.4702484070927802,0.4669967334031251,0.530945506382584,0.7285576794318344,0.39761217304924434,0.6500,1.0000,0.4500,9.545
2026-04-20 22:14:15.082,1482,0.47021186430676404,0.4669967334031251,0.5309698682399283,0.728606403146523,0.39763653490658885,0.0000,1.0000,0.6000,6.788
2026-04-20 22:14:15.092,1483,0.47017538114451785,0.4669967334031251,0.5309941903480926,0.7286550473628517,0.39766085701475334,0.7000,1.0000,0.3500,7.657
2026-04-20 22:14:15.105,1484,0.4701399150433482,0.4669967334031251,0.5310178344155392,0.728702335497745,0.39768450108220016,0.3500,1.0000,0.3000,9.467
2026-04-20 22:14:15.116,1485,0.4701044785857174,0.4669967334031251,0.5310414587206266,0.7287495841079197,0.39770812538728767,0.2500,1.0000,0.2500,10.629
2026-04-20 22:14:15.132,1486,0.47006906522593206,0.4669967334031251,0.5310650676271503,0.7287968019209672,0.3977317342938116,0.3000,1.0000,0.7500,13.358
2026-04-20 22:14:15.144,1487,0.470033356971572,0.4669967334031251,0.5310888731300571,0.7288444129267809,0.3977555397967186,0.6000,1.0000,0.6500,14.198
2026-04-20 22:14:15.158,1488,0.46999640422398997,0.4669967334031251,0.5311135082951121,0.7288936832568907,0.39778017496177365,0.1000,1.0000,0.3500,8.374
2026-04-20 22:14:15.173,1489,0.46995856377419637,0.4669967334031251,0.5311387352616413,0.7289441371899492,0.39780540192830305,0.4500,1.0000,0.4000,9.915
2026-04-20 22:14:15.183,1490,0.46992082197815144,0.4669967334031251,0.5311638964590047,0.7289944595846761,0.3978305631256666,0.6500,1.0000,0.6500,11.760
2026-04-20 22:14:15.196,1491,0.4698831799249968,0.4669967334031251,0.531188991161108,0.7290446489888827,0.39785565782777,0.3000,1.0000,0.5000,8.755
2026-04-20 22:14:15.206,1492,0.4698459545791353,0.4669967334031251,0.5312138080583491,0.729094282783365,0.39788047472501126,0.2500,1.0000,0.2500,12.923
2026-04-20 22:14:15.220,1493,0.4698088070320632,0.4669967334031251,0.5312385730897307,0.7291438128461281,0.39790523975639297,0.7000,1.0000,0.5000,10.538
2026-04-20 22:14:15.229,1494,0.4697714116840148,0.4669967334031251,0.5312635033217631,0.7291936733101928,0.39793016998842545,0.4500,1.0000,0.3500,9.178
2026-04-20 22:14:15.244,1495,0.46973474222746825,0.4669967334031251,0.5312879496261276,0.7292425659189219,0.3979546162927901,0.7500,1.0000,0.1500,9.081
2026-04-20 22:14:15.258,1496,0.4696987750474587,0.4669967334031251,0.5313119277461341,0.7292905221589349,0.3979785944127967,0.8000,1.0000,0.5500,12.327
2026-04-20 22:14:15.268,1497,0.46966509204283524,0.4669967334031251,0.5313343830825499,0.7293354328317665,0.39800104974921263,0.4000,1.0000,0.4000,10.299
2026-04-20 22:14:15.282,1498,0.4696323440156605,0.4669967334031251,0.5313562151006666,0.7293790968679997,0.39802288176732936,0.7000,1.0000,0.4000,8.538
2026-04-20 22:14:15.293,1499,0.4696004957306902,0.4669967334031251,0.5313774472906468,0.7294215612479604,0.3980441139573098,0.8000,1.0000,0.4000,11.114
2026-04-20 22:14:15.307,1500,0.46957015537217706,0.4669967334031251,0.5313976741963223,0.7294620150593115,0.3980643408629855,0.5500,1.0000,0.1500,10.755
2026-04-20 22:14:15.315,1501,0.4695406444138735,0.4669967334031251,0.5314173481685248,0.7295013630037165,0.39808401483518807,0.5000,1.0000,0.4000,13.810
2026-04-20 22:14:15.328,1502,0.46951320571613636,0.4669967334031251,0.5314356406336831,0.7295379479340329,0.3981023073003464,0.2000,1.0000,0.5000,10.962
2026-04-20 22:14:15.341,1503,0.46948523299516104,0.4669967334031251,0.5314542891143335,0.7295752448953335,0.3981209557809968,0.3000,1.0000,0.4500,11.145
2026-04-20 22:14:15.349,1504,0.46945737532709114,0.4669967334031251,0.5314728608930468,0.7296123884527603,0.3981395275597103,0.4500,1.0000,0.5000,11.014
2026-04-20 22:14:15.363,1505,0.4694305954324354,0.4669967334031251,0.5314907141561507,0.7296480949789682,0.3981573808228144,0.6500,1.0000,0.2500,11.330
2026-04-20 22:14:15.371,1506,0.4694029412862232,0.4669967334031251,0.5315091502536257,0.7296849671739181,0.3981758169202894,0.4000,1.0000,0.3000,12.688
2026-04-20 22:14:15.384,1507,0.46937698962019103,0.4669967334031251,0.5315264513643139,0.7297195693952945,0.3981931180309777,0.3500,0.8500,0.0000,9.782
2026-04-20 22:14:15.392,1508,0.4693526815073505,0.4669967334031251,0.5315426567728743,0.7297519802124154,0.3982093234395382,0.5500,0.9500,0.1000,8.745
2026-04-20 22:14:15.406,1509,0.4693280674518205,0.4669967334031251,0.5315590661432277,0.7297847989531222,0.3982257328098917,0.4000,1.0000,0.3000,4.517
2026-04-20 22:14:15.414,1510,0.4693047365708848,0.4669967334031251,0.5315746200638516,0.72981590679437,0.3982412867305157,0.1000,1.0000,0.3500,12.393
2026-04-20 22:14:15.430,1511,0.4692829681333117,0.4669967334031251,0.531589132355567,0.7298449313778009,0.3982557990222312,0.6000,1.0000,0.4000,11.974
2026-04-20 22:14:15.443,1512,0.4692627136270618,0.4669967334031251,0.5316026353597337,0.7298719373861343,0.39826930202639793,0.5500,0.8500,0.1000,9.174
2026-04-20 22:14:15.452,1513,0.46924266534137826,0.4669967334031251,0.5316160008835228,0.7298986684337125,0.3982826675501871,0.0500,1.0000,0.1500,9.215
2026-04-20 22:14:15.466,1514,0.469223131813619,0.4669967334031251,0.5316290232353623,0.7299247131373917,0.39829568990202674,0.3000,1.0000,0.3000,10.322
2026-04-20 22:14:15.475,1515,0.4692021944373265,0.4669967334031251,0.531642981486224,0.7299526296391152,0.39830964815288855,0.4000,1.0000,0.5500,12.038
2026-04-20 22:14:15.490,1516,0.4691799054031093,0.4669967334031251,0.5316578408423689,0.7299823483514051,0.39832450750903353,0.3500,1.0000,0.4000,12.599
2026-04-20 22:14:15.500,1517,0.46915944664857534,0.4669967334031251,0.5316714800120582,0.7300096266907837,0.39833814667872297,0.7000,1.0000,0.2000,10.730
2026-04-20 22:14:15.516,1518,0.46913699107861156,0.4669967334031251,0.5316864503920341,0.7300395674507355,0.3983531170586989,0.4000,1.0000,0.3000,13.417
2026-04-20 22:14:15.533,1519,0.4691160717296185,0.4669967334031251,0.5317003966246963,0.7300674599160597,0.3983670632913611,0.5000,0.8000,0.0000,9.915
2026-04-20 22:14:15.543,1520,0.46909601698144926,0.4669967334031251,0.5317137664568091,0.7300941995802855,0.3983804331234741,0.5000,1.0000,0.3500,9.598
2026-04-20 22:14:15.560,1521,0.46907617384126216,0.4669967334031251,0.5317269952169339,0.7301206571005352,0.398393661883599,0.2000,1.0000,0.2000,10.950
2026-04-20 22:14:15.570,1522,0.4690568449120684,0.4669967334031251,0.5317398811697298,0.730146429006127,0.39840654783639495,0.5000,1.0000,-0.1000,6.352
2026-04-20 22:14:15.592,1523,0.46903893934446894,0.4669967334031251,0.5317518182147962,0.7301703030962597,0.39841848488146137,0.3000,1.0000,0.5500,9.140
2026-04-20 22:14:15.602,1524,0.4690199150116762,0.4669967334031251,0.5317645011033247,0.7301956688733168,0.39843116776998994,0.3500,1.0000,0.4000,11.904
2026-04-20 22:14:15.619,1525,0.46900074756515703,0.4669967334031251,0.5317772794010043,0.7302212254686758,0.39844394606766953,0.2000,1.0000,0.3000,11.616
2026-04-20 22:14:15.639,1526,0.4689805049556772,0.4669967334031251,0.5317907744739909,0.730248215614649,0.3984574411406562,0.6500,1.0000,0.3000,11.890
2026-04-20 22:14:15.649,1527,0.4689589128082842,0.4669967334031251,0.5318051692389196,0.7302770051445064,0.39847183590558494,0.2500,1.0000,0.1000,10.002
2026-04-20 22:14:15.667,1528,0.4689378951527302,0.4669967334031251,0.531819181009289,0.7303050286852452,0.39848584767595435,0.4500,1.0000,0.3000,6.397
2026-04-20 22:14:15.677,1529,0.4689155403196501,0.4669967334031251,0.5318340842313425,0.730334835129352,0.39850075089800785,0.1000,1.0000,0.6500,11.685
2026-04-20 22:14:15.694,1530,0.468894405987246,0.4669967334031251,0.5318481737862786,0.7303630142392242,0.398514840452944,0.6500,1.0000,0.1500,8.330
2026-04-20 22:14:15.704,1531,0.46887161713265463,0.4669967334031251,0.5318633663560063,0.7303933993786795,0.3985300330226717,0.6000,1.0000,0.6000,13.042
2026-04-20 22:14:15.721,1532,0.4688484944207958,0.4669967334031251,0.5318787814972455,0.730424229661158,0.398545448163911,0.4500,1.0000,0.2000,9.078
2026-04-20 22:14:15.731,1533,0.46882661232735595,0.4669967334031251,0.5318933695595388,0.7304534057857446,0.39856003622620434,-0.1500,1.0000,0.3500,12.329
2026-04-20 22:14:15.748,1534,0.4688046907725551,0.4669967334031251,0.5319079839294061,0.7304826345254791,0.39857465059607167,0.5000,1.0000,0.1500,13.087
2026-04-20 22:14:15.768,1535,0.46878083258857056,0.4669967334031251,0.5319238893853958,0.7305144454374586,0.39859055605206145,0.4000,1.0000,0.6000,17.251
2026-04-20 22:14:15.778,1536,0.4687573013636082,0.4669967334031251,0.5319395768687041,0.7305458204040751,0.3986062435353698,0.8500,1.0000,0.3500,11.506
2026-04-20 22:14:15.794,1537,0.46873251645525926,0.4669967334031251,0.5319561001409367,0.7305788669485405,0.3986227668076025,0.5000,1.0000,0.1000,9.775
2026-04-20 22:14:15.803,1538,0.46870839314990836,0.4669967334031251,0.531972182344504,0.7306110313556751,0.39863884901116986,0.4500,1.0000,0.2500,8.083
2026-04-20 22:14:15.818,1539,0.4686855495371936,0.4669967334031251,0.5319874114196472,0.7306414895059614,0.3986540780863131,0.3500,1.0000,0.5500,10.157
2026-04-20 22:14:15.957,1540,0.46866237883501655,0.4669967334031251,0.532002858554432,0.7306723837755309,0.3986695252210979,0.6500,1.0000,0.3000,11.730
2026-04-20 22:14:15.969,1541,0.4686395151418331,0.4669967334031251,0.5320181010165543,0.7307028686997755,0.39868476768322025,0.4000,1.0000,0.3500,13.268
2026-04-20 22:14:15.980,1542,0.4686181940392609,0.4669967334031251,0.5320323150849359,0.7307312968365385,0.3986989817516018,0.3000,1.0000,0.1500,9.024
2026-04-20 22:14:15.991,1543,0.46859712550278876,0.4669967334031251,0.5320463607759174,0.7307593882185014,0.3987130274425833,0.4500,1.0000,0.3500,10.396
2026-04-20 22:14:16.002,1544,0.46857600217916145,0.4669967334031251,0.532060442991669,0.7307875526500046,0.3987271096583349,0.7000,1.0000,0.5500,13.953
2026-04-20 22:14:16.012,1545,0.4685545100235925,0.4669967334031251,0.5320747710953817,0.7308162088574299,0.3987414377620476,0.4000,1.0000,0.4000,15.894
2026-04-20 22:14:16.023,1546,0.468533907448161,0.4669967334031251,0.5320885061456694,0.7308436789580054,0.39875517281233536,0.4500,1.0000,0.3000,10.242
2026-04-20 22:14:16.034,1547,0.46851293517384224,0.4669967334031251,0.5321024876618818,0.7308716419904304,0.39876915432854787,0.7000,1.0000,0.0500,14.544
2026-04-20 22:14:16.044,1548,0.46849096285000585,0.4669967334031251,0.5321171358777728,0.7309009384222124,0.39878380254443885,0.6000,1.0000,0.4000,11.151
2026-04-20 22:14:16.056,1549,0.46846801904200774,0.4669967334031251,0.5321324317497715,0.7309315301662099,0.3987990984164376,0.3500,1.0000,0.4000,10.834
2026-04-20 22:14:16.065,1550,0.46844445152475866,0.4669967334031251,0.5321481434279376,0.730962953522542,0.39881481009460373,0.6000,1.0000,0.2500,12.624
2026-04-20 22:14:16.076,1551,0.46842090541862874,0.4669967334031251,0.5321638408320243,0.7309943483307153,0.39883050749869037,0.4500,1.0000,0.6000,9.596
2026-04-20 22:14:16.086,1552,0.46839675638834793,0.4669967334031251,0.5321799401855448,0.7310265470377565,0.39884660685221096,0.5000,1.0000,0.4500,11.458
2026-04-20 22:14:16.097,1553,0.46837139376858405,0.4669967334031251,0.5321968485987207,0.7310603638641084,0.39886351526538694,0.5000,1.0000,0.2000,15.842
2026-04-20 22:14:16.106,1554,0.46834548096685724,0.4669967334031251,0.532214123799872,0.7310949142664109,0.3988807904665382,0.6000,1.0000,0.5500,12.389
2026-04-20 22:14:16.117,1555,0.4683190289728066,0.4669967334031251,0.5322317584625724,0.7311301835918118,0.3988984251292387,0.7500,1.0000,0.4000,12.086
2026-04-20 22:14:16.127,1556,0.46829520683651893,0.4669967334031251,0.5322476398867642,0.7311619464401954,0.39891430655343046,0.8000,1.0000,0.5500,9.623
2026-04-20 22:14:16.138,1557,0.4682723613622989,0.4669967334031251,0.5322628702029109,0.7311924070724888,0.3989295368695772,0.4500,1.0000,0.4000,10.997
2026-04-20 22:14:16.150,1558,0.4682498469846118,0.4669967334031251,0.5322778797880356,0.7312224262427383,0.39894454645470195,0.5000,1.0000,0.1000,7.792
2026-04-20 22:14:16.161,1559,0.4682276451740687,0.4669967334031251,0.5322926809950644,0.7312520286567958,0.39895934766173075,0.5500,1.0000,0.2500,10.869
2026-04-20 22:14:16.174,1560,0.46820762801633975,0.4669967334031251,0.5323060257668837,0.7312787182004344,0.39897269243355005,0.5000,1.0000,0.3500,11.869
2026-04-20 22:14:16.184,1561,0.4681881591431649,0.4669967334031251,0.532319005015667,0.7313046766980009,0.3989856716823333,0.7500,1.0000,0.6500,12.346
2026-04-20 22:14:16.195,1562,0.4681676603796118,0.4669967334031251,0.5323326708580357,0.7313320083827384,0.39899933752470207,0.2500,1.0000,0.5000,11.340
2026-04-20 22:14:16.205,1563,0.4681455354035785,0.4669967334031251,0.532347420842058,0.7313615083507828,0.3990140875087243,0.5500,1.0000,0.1500,12.349
2026-04-20 22:14:16.216,1564,0.4681221341348028,0.4669967334031251,0.5323630216879085,0.7313927100424839,0.3990296883545748,0.8000,1.0000,0.3500,14.901
2026-04-20 22:14:16.227,1565,0.4680984366126997,0.4669967334031251,0.5323788200359773,0.7314243067386214,0.39904548670264356,0.5500,1.0000,0.3500,12.072
2026-04-20 22:14:16.237,1566,0.4680769715376116,0.4669967334031251,0.532393130086036,0.7314529268387389,0.3990597967527023,0.5500,1.0000,0.4500,7.796
2026-04-20 22:14:16.247,1567,0.4680557863234742,0.4669967334031251,0.5324072535621275,0.731481173790922,0.3990739202287939,0.7000,1.0000,0.4500,13.225
2026-04-20 22:14:16.258,1568,0.46803455566179347,0.4669967334031251,0.5324214073365814,0.7315094813398297,0.3990880740032478,0.5000,1.0000,0.8000,12.918
2026-04-20 22:14:16.270,1569,0.46801265977759543,0.4669967334031251,0.5324360045927135,0.7315386758520939,0.39910267125937987,0.7500,1.0000,0.3500,6.784
2026-04-20 22:14:16.281,1570,0.4679913879199772,0.4669967334031251,0.5324501858311257,0.7315670383289182,0.39911685249779205,0.3000,1.0000,0.1500,11.428
2026-04-20 22:14:16.292,1571,0.46796883024580344,0.4669967334031251,0.5324652242805749,0.7315971152278166,0.3991318909472413,0.2500,1.0000,0.3000,9.629
2026-04-20 22:14:16.305,1572,0.4679475117231009,0.4669967334031251,0.5324794366290432,0.7316255399247533,0.39914610329570965,0.7000,1.0000,0.5000,15.423
2026-04-20 22:14:16.315,1573,0.46792522148266175,0.4669967334031251,0.532494296789336,0.7316552602453389,0.39916096345600244,0.5500,1.0000,0.2500,8.573
2026-04-20 22:14:16.327,1574,0.46790291347412444,0.4669967334031251,0.5325091687950275,0.731685004256722,0.399175835461694,0.7000,1.0000,0.5000,9.724
2026-04-20 22:14:16.338,1575,0.4678806077466238,0.4669967334031251,0.532524039280028,0.7317147452267229,0.3991907059466944,0.3500,1.0000,0.2500,10.243
2026-04-20 22:14:16.351,1576,0.46785766766117276,0.4669967334031251,0.5325393326703287,0.7317453320073243,0.39920599933699513,0.2500,1.0000,0.1500,7.097
2026-04-20 22:14:16.361,1577,0.4678347361171421,0.4669967334031251,0.5325546203663492,0.7317759073993652,0.39922128703301557,0.5000,1.0000,0.4000,10.786
2026-04-20 22:14:16.373,1578,0.4678124497872459,0.4669967334031251,0.5325694779196133,0.7318056225058934,0.39923614458627976,0.5500,1.0000,-0.1000,12.751
2026-04-20 22:14:16.386,1579,0.46778952815469954,0.4669967334031251,0.5325847590079775,0.7318361846826219,0.399251425674644,0.5000,1.0000,0.3500,9.944
2026-04-20 22:14:16.396,1580,0.46776568609343017,0.4669967334031251,0.5326006537154905,0.7318679740976478,0.39926732038215695,0.7000,1.0000,0.0500,11.795
2026-04-20 22:14:16.409,1581,0.4677440582000235,0.4669967334031251,0.532615072311095,0.7318968112888566,0.39928173897776137,0.3500,1.0000,0.3000,11.714
2026-04-20 22:14:16.419,1582,0.46772365420078876,0.4669967334031251,0.5326286749772515,0.7319240166211697,0.3992953416439179,0.0500,1.0000,0.3500,11.580
2026-04-20 22:14:16.432,1583,0.46770192918365433,0.4669967334031251,0.5326431583220078,0.7319529833106823,0.39930982498867423,0.9000,1.0000,0.4500,12.080
2026-04-20 22:14:16.442,1584,0.4676792380070404,0.4669967334031251,0.5326582857730837,0.7319832382128342,0.3993249524397502,0.4500,1.0000,0.2000,7.474
2026-04-20 22:14:16.454,1585,0.46765592917010995,0.4669967334031251,0.532673824997704,0.7320143166620748,0.3993404916643705,0.8000,1.0000,0.2500,11.122
2026-04-20 22:14:16.463,1586,0.4676317218987548,0.4669967334031251,0.5326899631786075,0.7320465930238818,0.399356629845274,0.6000,1.0000,0.0500,10.303
2026-04-20 22:14:16.475,1587,0.46760758201874597,0.4669967334031251,0.5327060564319467,0.7320787795305602,0.3993727230986132,0.8000,1.0000,0.1500,13.100
2026-04-20 22:14:16.488,1588,0.4675859915355445,0.4669967334031251,0.5327204500874143,0.7321075668414956,0.3993871167540809,0.3000,1.0000,0.1500,7.697
2026-04-20 22:14:16.498,1589,0.46756343726711325,0.4669967334031251,0.5327354862663685,0.7321376391994039,0.39940215293303505,0.7000,1.0000,0.4000,16.918
2026-04-20 22:14:16.511,1590,0.4675396432668269,0.4669967334031251,0.5327513489332261,0.732169364533119,0.3994180155998926,0.4500,1.0000,0.4000,12.317
2026-04-20 22:14:16.522,1591,0.46751560353669147,0.4669967334031251,0.5327673754199831,0.7322014175066329,0.39943404208664957,0.6000,1.0000,0.0500,15.127
2026-04-20 22:14:16.535,1592,0.4674916102776719,0.4669967334031251,0.5327833709259961,0.732233408518659,0.3994500375926626,0.5000,1.0000,0.7000,14.612
2026-04-20 22:14:16.546,1593,0.46746686196934173,0.4669967334031251,0.5327998697982163,0.7322664062630992,0.3994665364648827,0.3500,1.0000,0.4500,13.702
2026-04-20 22:14:16.557,1594,0.4674428561102615,0.4669967334031251,0.5328158737042697,0.7322984140752062,0.3994825403709362,0.3000,1.0000,0.6000,11.766
2026-04-20 22:14:16.569,1595,0.46741957042695365,0.4669967334031251,0.5328313974931417,0.7323294616529501,0.39949806415980815,0.4500,1.0000,0.3500,9.681
2026-04-20 22:14:16.579,1596,0.46739698331414503,0.4669967334031251,0.5328464555683474,0.7323595778033616,0.3995131222350139,0.4000,1.0000,0.3500,10.496
2026-04-20 22:14:16.593,1597,0.46737507381472065,0.4669967334031251,0.532861061901297,0.7323887904692608,0.3995277285679635,0.4500,1.0000,0.5000,9.814
2026-04-20 22:14:16.603,1598,0.46735382160027905,0.4669967334031251,0.5328752300442581,0.7324171267551829,0.39954189671092455,0.3500,1.0000,0.2500,12.902
2026-04-20 22:14:16.616,1599,0.46733320695227065,0.4669967334031251,0.5328889731429304,0.7324446129525274,0.3995556398095968,0.3500,1.0000,0.3500,10.564
2026-04-20 22:14:16.626,1600,0.4673132107437025,0.4669967334031251,0.5329023039486425,0.7324712745639516,0.3995689706153089,0.3500,1.0000,0.0000,9.185
2026-04-20 22:14:16.639,1601,0.46729381442139145,0.4669967334031251,0.5329152348301832,0.7324971363270331,0.39958190149684963,0.5500,1.0000,0.4500,14.771
2026-04-20 22:14:16.654,1602,0.4672749999887497,0.4669967334031251,0.5329277777852777,0.7325222222372221,0.39959444445194414,0.3500,1.0000,0.5000,10.518
2026-04-20 22:14:16.665,1603,0.46725674998908723,0.4669967334031251,0.5329399444517193,0.7325465555701054,0.3996066111183858,0.7000,1.0000,0.5500,9.978
2026-04-20 22:14:16.680,1604,0.4672390474894146,0.4669967334031251,0.5329517461181678,0.7325701589030023,0.39961841278483423,0.1000,1.0000,0.4500,10.602
2026-04-20 22:14:16.691,1605,0.46722187606473214,0.4669967334031251,0.5329631937346228,0.7325930541359121,0.3996298604012892,0.7500,1.0000,0.2500,10.477
2026-04-20 22:14:16.705,1606,0.46720521978279017,0.4669967334031251,0.5329742979225841,0.7326152625118347,0.3996409645892505,0.4500,1.0000,0.4500,12.115
2026-04-20 22:14:16.717,1607,0.4671890631893065,0.4669967334031251,0.5329850689849066,0.7326368046364797,0.399651735651573,0.6000,1.0000,0.6000,12.407
2026-04-20 22:14:16.732,1608,0.4671733912936273,0.4669967334031251,0.5329955169153594,0.7326577004973853,0.3996621835820258,0.4500,1.0000,0.5500,10.014
2026-04-20 22:14:16.746,1609,0.46715818955481847,0.4669967334031251,0.5330056514078986,0.7326779694824638,0.39967231807456505,0.4000,1.0000,0.4500,12.293
2026-04-20 22:14:16.757,1610,0.4671434438681739,0.4669967334031251,0.5330056514078986,0.7326976303979899,0.39967231807456505,0.3500,1.0000,0.8000,8.234
2026-04-20 22:14:16.771,1611,0.4671291405521287,0.4669967334031251,0.5330056514078986,0.7327167014860502,0.39967231807456505,0.8000,1.0000,0.3000,9.487
2026-04-20 22:14:16.783,1612,0.4671152663355648,0.4669967334031251,0.5330056514078986,0.7327352004414687,0.39967231807456505,0.5500,1.0000,0.1000,7.833
2026-04-20 22:14:16.798,1613,0.46710180834549786,0.4669967334031251,0.5330056514078986,0.7327531444282246,0.39967231807456505,0.1500,1.0000,0.5000,11.593
2026-04-20 22:14:16.809,1614,0.4670887540951329,0.4669967334031251,0.5330056514078986,0.7327705500953778,0.39967231807456505,0.5500,1.0000,0.4500,11.980
2026-04-20 22:14:16.824,1615,0.4670760914722789,0.4669967334031251,0.5330056514078986,0.7327874335925165,0.39967231807456505,0.8500,1.0000,0.4000,7.986
2026-04-20 22:14:16.835,1616,0.46706380872811054,0.4669967334031251,0.5330056514078986,0.732803810584741,0.39967231807456505,0.6500,1.0000,0.3000,13.236
2026-04-20 22:14:16.849,1617,0.4670518944662672,0.4669967334031251,0.5330056514078986,0.7328196962671988,0.39967231807456505,0.9000,1.0000,0.7000,14.183
2026-04-20 22:14:16.864,1618,0.4670403376322792,0.4669967334031251,0.5330056514078986,0.7328351053791828,0.39967231807456505,0.6000,1.0000,0.6000,15.982
2026-04-20 22:14:16.874,1619,0.4670291275033108,0.4669967334031251,0.5330056514078986,0.7328500522178073,0.39967231807456505,0.5500,1.0000,0.4000,14.531
2026-04-20 22:14:16.891,1620,0.4670182536782115,0.4669967334031251,0.5330056514078986,0.7328645506512731,0.39967231807456505,0.2500,1.0000,0.2000,7.242
2026-04-20 22:14:16.902,1621,0.4670077060678651,0.4669967334031251,0.5330056514078986,0.7328786141317349,0.39967231807456505,0.2500,1.0000,0.4500,14.058
2026-04-20 22:14:16.916,1622,0.46699747488582916,0.4669967334031251,0.5330056514078986,0.7328922557077829,0.39967231807456505,0.5000,1.0000,0.1500,5.681
2026-04-20 22:14:16.926,1623,0.46699747488582916,0.4669967334031251,0.5330056514078986,0.7329054880365494,0.39967231807456505,0.5000,1.0000,0.5500,13.701
2026-04-20 22:14:16.939,1624,0.46699747488582916,0.4669967334031251,0.5330056514078986,0.7329183233954529,0.39967231807456505,0.7000,1.0000,0.4500,11.324
2026-04-20 22:14:16.952,1625,0.46699747488582916,0.4669967334031251,0.5330056514078986,0.7329307736935894,0.39967231807456505,0.8000,1.0000,0.1500,17.588
2026-04-20 22:14:16.962,1626,0.46699747488582916,0.4669967334031251,0.5330056514078986,0.7329428504827817,0.39967231807456505,0.4000,1.0000,0.2000,11.971
2026-04-20 22:14:16.979,1627,0.46699747488582916,0.4669967334031251,0.5330056514078986,0.7329545649682982,0.39967231807456505,0.4500,1.0000,0.4000,10.119
2026-04-20 22:14:16.989,1628,0.46699747488582916,0.4669967334031251,0.5330056514078986,0.7329659280192493,0.39967231807456505,0.3000,1.0000,0.1500,11.806
2026-04-20 22:14:17.004,1629,0.46699747488582916,0.4669967334031251,0.5330056514078986,0.7329769501786718,0.39967231807456505,0.3500,1.0000,0.3500,9.087
2026-04-20 22:14:17.014,1630,0.46699747488582916,0.4669967334031251,0.5330056514078986,0.7329876416733117,0.39967231807456505,0.6500,1.0000,0.3500,14.784
2026-04-20 22:14:17.029,1631,0.46699747488582916,0.4669967334031251,0.5330056514078986,0.7329980124231124,0.39967231807456505,0.4500,1.0000,0.4000,11.893
2026-04-20 22:14:17.040,1632,0.46699747488582916,0.4669967334031251,0.5330056514078986,0.733008072050419,0.39967231807456505,0.3000,1.0000,0.3500,8.099
2026-04-20 22:14:17.054,1633,0.46699747488582916,0.4669967334031251,0.5330056514078986,0.733008072050419,0.39967231807456505,0.6500,1.0000,0.3000,11.035
2026-04-20 22:14:17.067,1634,0.46699747488582916,0.4669967334031251,0.5330056514078986,0.733008072050419,0.39967231807456505,0.4500,1.0000,0.3000,8.491
2026-04-20 22:14:17.077,1635,0.46699747488582916,0.4669967334031251,0.5330056514078986,0.733008072050419,0.39967231807456505,0.6000,1.0000,0.5000,10.240
2026-04-20 22:14:17.091,1636,0.46699747488582916,0.4669967334031251,0.5330056514078986,0.733008072050419,0.39967231807456505,0.1500,1.0000,0.4000,9.433
2026-04-20 22:14:17.101,1637,0.46699747488582916,0.4669967334031251,0.5330056514078986,0.733008072050419,0.39967231807456505,0.3000,1.0000,0.5500,10.612
2026-04-20 22:14:17.115,1638,0.46699747488582916,0.4669967334031251,0.5330056514078986,0.733008072050419,0.39967231807456505,0.5500,1.0000,0.7000,13.182
2026-04-20 22:14:17.125,1639,0.46699747488582916,0.4669967334031251,0.5330056514078986,0.733008072050419,0.39967231807456505,0.2500,1.0000,0.4000,9.056
2026-04-20 22:14:17.139,1640,0.46699747488582916,0.4669967334031251,0.5330056514078986,0.733008072050419,0.39967231807456505,0.1500,1.0000,0.3500,10.667
2026-04-20 22:14:17.155,1641,0.46699747488582916,0.4669967334031251,0.5330056514078986,0.733008072050419,0.39967231807456505,0.3500,1.0000,0.3500,8.991
2026-04-20 22:14:17.165,1642,0.46699747488582916,0.4669967334031251,0.5330056514078986,0.733008072050419,0.39967231807456505,0.7000,1.0000,0.4000,13.745
2026-04-20 22:14:17.181,1643,0.46699747488582916,0.4669967334031251,0.5330056514078986,0.733008072050419,0.39967231807456505,0.4000,0.9000,0.0500,8.874
2026-04-20 22:14:17.192,1644,0.46699747488582916,0.4669967334031251,0.5330056514078986,0.733008072050419,0.39967231807456505,0.4500,1.0000,0.2000,13.155
2026-04-20 22:14:17.205,1645,0.46699747488582916,0.4669967334031251,0.5330056514078986,0.733008072050419,0.39967231807456505,0.8500,1.0000,0.7000,14.795
2026-04-20 22:14:17.215,1646,0.46699747488582916,0.4669967334031251,0.5330056514078986,0.733008072050419,0.39967231807456505,0.3500,1.0000,0.5500,9.618
2026-04-20 22:14:17.231,1647,0.46699747488582916,0.4669967334031251,0.5330056514078986,0.733008072050419,0.39967231807456505,0.4000,1.0000,0.3000,13.298
2026-04-20 22:14:17.245,1648,0.46699747488582916,0.4669967334031251,0.5330056514078986,0.733008072050419,0.39967231807456505,0.2000,1.0000,0.4000,11.456
2026-04-20 22:14:17.254,1649,0.46699747488582916,0.4669967334031251,0.5330056514078986,0.733008072050419,0.39967231807456505,0.4000,1.0000,0.6500,10.814
2026-04-20 22:14:17.267,1650,0.46699747488582916,0.4669967334031251,0.5330056514078986,0.733008072050419,0.39967231807456505,0.5500,1.0000,0.3000,9.758
2026-04-20 22:14:17.275,1651,0.46699747488582916,0.4669967334031251,0.5330056514078986,0.733008072050419,0.39967231807456505,0.3500,1.0000,0.5500,17.141
2026-04-20 22:14:17.290,1652,0.46699747488582916,0.4669967334031251,0.5330056514078986,0.733008072050419,0.39967231807456505,0.3000,1.0000,0.6000,9.831
2026-04-20 22:14:17.298,1653,0.46699747488582916,0.4669967334031251,0.5330056514078986,0.733008072050419,0.39967231807456505,0.4000,1.0000,0.2000,13.278
2026-04-20 22:14:17.312,1654,0.46699747488582916,0.4669967334031251,0.5330056514078986,0.733008072050419,0.39967231807456505,0.6000,1.0000,0.1500,12.197
2026-04-20 22:14:17.321,1655,0.46699747488582916,0.4669967334031251,0.5330056514078986,0.733008072050419,0.39967231807456505,0.3500,1.0000,0.2500,11.875
2026-04-20 22:14:17.337,1656,0.46699747488582916,0.4669967334031251,0.5330056514078986,0.733008072050419,0.39967231807456505,0.6000,1.0000,0.2500,13.526
2026-04-20 22:14:17.351,1657,0.46699747488582916,0.4669967334031251,0.5330056514078986,0.733008072050419,0.39967231807456505,0.6000,1.0000,0.0500,9.234
2026-04-20 22:14:17.360,1658,0.46699747488582916,0.4669967334031251,0.5330056514078986,0.733008072050419,0.39967231807456505,0.6500,1.0000,0.5000,11.333
2026-04-20 22:14:17.374,1659,0.46699747488582916,0.4669967334031251,0.5330056514078986,0.733008072050419,0.39967231807456505,0.5000,1.0000,0.1500,10.667
2026-04-20 22:14:17.382,1660,0.46699747488582916,0.4669967334031251,0.5330056514078986,0.733008072050419,0.39967231807456505,0.8000,1.0000,0.2000,8.094
2026-04-20 22:14:17.396,1661,0.46699747488582916,0.4669967334031251,0.5330056514078986,0.733008072050419,0.39967231807456505,0.6000,1.0000,0.4500,11.374
2026-04-20 22:14:17.405,1662,0.46699747488582916,0.4669967334031251,0.5330056514078986,0.733008072050419,0.39967231807456505,0.6000,1.0000,0.3000,10.059
2026-04-20 22:14:17.420,1663,0.46699747488582916,0.4669967334031251,0.5330056514078986,0.733008072050419,0.39967231807456505,0.6000,1.0000,0.0500,12.983
2026-04-20 22:14:17.436,1664,0.46699747488582916,0.4669967334031251,0.5330056514078986,0.733008072050419,0.39967231807456505,0.6000,1.0000,0.1500,8.814
2026-04-20 22:14:17.446,1665,0.46699747488582916,0.4669967334031251,0.5330056514078986,0.733008072050419,0.39967231807456505,0.2500,1.0000,0.4500,11.430
2026-04-20 22:14:17.462,1666,0.46699747488582916,0.4669967334031251,0.5330056514078986,0.733008072050419,0.39967231807456505,0.2500,1.0000,0.0000,9.496
2026-04-20 22:14:17.472,1667,0.46699747488582916,0.4669967334031251,0.5330056514078986,0.733008072050419,0.39967231807456505,0.6000,1.0000,0.2500,13.069
2026-04-20 22:14:17.490,1668,0.46699747488582916,0.4669967334031251,0.5330056514078986,0.733008072050419,0.39967231807456505,0.4500,1.0000,0.6500,10.779
2026-04-20 22:14:17.500,1669,0.46699747488582916,0.4669967334031251,0.5330056514078986,0.733008072050419,0.39967231807456505,0.6000,1.0000,0.3000,10.805
2026-04-20 22:14:17.516,1670,0.46699747488582916,0.4669967334031251,0.5330056514078986,0.733008072050419,0.39967231807456505,0.7500,1.0000,0.3000,12.094
2026-04-20 22:14:17.525,1671,0.46699747488582916,0.4669967334031251,0.5330056514078986,0.733008072050419,0.39967231807456505,0.7500,1.0000,0.2500,12.697
2026-04-20 22:14:17.541,1672,0.46699747488582916,0.4669967334031251,0.5330056514078986,0.733008072050419,0.39967231807456505,0.5500,1.0000,0.3000,7.252
2026-04-20 22:14:17.557,1673,0.46699747488582916,0.4669967334031251,0.5330056514078986,0.733008072050419,0.39967231807456505,0.3500,1.0000,0.8500,15.558
2026-04-20 22:14:17.565,1674,0.46699747488582916,0.4669967334031251,0.5330056514078986,0.733008072050419,0.39967231807456505,0.2500,1.0000,0.1500,8.109
2026-04-20 22:14:17.580,1675,0.46699747488582916,0.4669967334031251,0.5330056514078986,0.733008072050419,0.39967231807456505,0.6500,1.0000,0.3000,10.364
2026-04-20 22:14:17.589,1676,0.46699747488582916,0.4669967334031251,0.5330056514078986,0.733008072050419,0.39967231807456505,0.3000,1.0000,0.3000,10.061
2026-04-20 22:14:17.605,1677,0.46699747488582916,0.4669967334031251,0.5330056514078986,0.733008072050419,0.39967231807456505,0.4500,1.0000,0.3000,10.966
2026-04-20 22:14:17.616,1678,0.46699747488582916,0.4669967334031251,0.5330056514078986,0.733008072050419,0.39967231807456505,0.7000,1.0000,0.4500,9.901
2026-04-20 22:14:17.633,1679,0.46699747488582916,0.4669967334031251,0.5330056514078986,0.733008072050419,0.39967231807456505,0.5000,1.0000,0.4000,12.274
2026-04-20 22:14:17.653,1680,0.46699747488582916,0.4669967334031251,0.5330056514078986,0.733008072050419,0.39967231807456505,0.8000,1.0000,0.3500,8.954
2026-04-20 22:14:17.664,1681,0.46699747488582916,0.4669967334031251,0.5330056514078986,0.733008072050419,0.39967231807456505,0.8000,1.0000,0.4500,9.115
2026-04-20 22:14:17.681,1682,0.46699747488582916,0.4669967334031251,0.5330056514078986,0.733008072050419,0.39967231807456505,0.2000,1.0000,0.1500,9.203
2026-04-20 22:14:17.693,1683,0.46699747488582916,0.4669967334031251,0.5330056514078986,0.733008072050419,0.39967231807456505,0.8000,1.0000,0.2000,11.507
2026-04-20 22:14:17.711,1684,0.46699747488582916,0.4669967334031251,0.5330056514078986,0.733008072050419,0.39967231807456505,0.6000,1.0000,0.5500,12.819
2026-04-20 22:14:17.721,1685,0.46699747488582916,0.4669967334031251,0.5330056514078986,0.733008072050419,0.39967231807456505,0.2500,1.0000,0.3500,10.514
2026-04-20 22:14:17.738,1686,0.46699747488582916,0.4669967334031251,0.5330056514078986,0.733008072050419,0.39967231807456505,0.0500,1.0000,0.5000,8.186
2026-04-20 22:14:17.749,1687,0.46699747488582916,0.4669967334031251,0.5330056514078986,0.733008072050419,0.39967231807456505,0.7000,1.0000,0.1500,10.218
2026-04-20 22:14:17.766,1688,0.46699747488582916,0.4669967334031251,0.5330056514078986,0.733008072050419,0.39967231807456505,0.5000,1.0000,0.4000,12.856
2026-04-20 22:14:17.783,1689,0.46699747488582916,0.4669967334031251,0.5330056514078986,0.733008072050419,0.39967231807456505,0.6000,1.0000,0.5000,11.364
2026-04-20 22:14:17.793,1690,0.46699747488582916,0.4669967334031251,0.5330056514078986,0.733008072050419,0.39967231807456505,0.6500,1.0000,0.1000,8.765
2026-04-20 22:14:17.810,1691,0.46699747488582916,0.4669967334031251,0.5330056514078986,0.733008072050419,0.39967231807456505,0.5000,1.0000,0.2500,11.157
2026-04-20 22:14:17.820,1692,0.46699747488582916,0.4669967334031251,0.5330056514078986,0.733008072050419,0.39967231807456505,0.6000,1.0000,0.1500,11.397
2026-04-20 22:14:17.842,1693,0.46699747488582916,0.4669967334031251,0.5330056514078986,0.733008072050419,0.39967231807456505,0.6500,1.0000,0.2000,10.898
2026-04-20 22:14:17.852,1694,0.46699747488582916,0.4669967334031251,0.5330056514078986,0.733008072050419,0.39967231807456505,0.7500,1.0000,0.5000,9.821
2026-04-20 22:14:17.869,1695,0.46699747488582916,0.4669967334031251,0.5330056514078986,0.733008072050419,0.39967231807456505,0.8000,1.0000,0.6000,15.664
2026-04-20 22:14:17.886,1696,0.46699747488582916,0.4669967334031251,0.5330056514078986,0.733008072050419,0.39967231807456505,0.7000,1.0000,0.4500,17.117
2026-04-20 22:14:17.895,1697,0.46699747488582916,0.4669967334031251,0.5330056514078986,0.733008072050419,0.39967231807456505,0.5000,1.0000,0.7000,12.487
2026-04-20 22:14:17.913,1698,0.46699747488582916,0.4669967334031251,0.5330056514078986,0.733008072050419,0.39967231807456505,0.3000,1.0000,0.5500,8.697
2026-04-20 22:14:17.922,1699,0.46699747488582916,0.4669967334031251,0.5330056514078986,0.733008072050419,0.39967231807456505,0.7500,1.0000,0.5000,13.603
2026-04-20 22:14:17.937,1700,0.46699747488582916,0.4669967334031251,0.5330056514078986,0.733008072050419,0.39967231807456505,0.3000,1.0000,0.3000,11.914
2026-04-20 22:14:17.946,1701,0.46699747488582916,0.4669967334031251,0.5330056514078986,0.733008072050419,0.39967231807456505,0.4500,1.0000,0.6500,10.466
2026-04-20 22:14:17.962,1702,0.46699747488582916,0.4669967334031251,0.5330056514078986,0.733008072050419,0.39967231807456505,0.1500,1.0000,0.4500,11.052
2026-04-20 22:14:17.972,1703,0.46699747488582916,0.4669967334031251,0.5330056514078986,0.733008072050419,0.39967231807456505,0.6000,1.0000,0.4500,6.572
2026-04-20 22:14:17.995,1704,0.46699747488582916,0.4669967334031251,0.5330056514078986,0.733008072050419,0.39967231807456505,0.7000,1.0000,0.4500,9.609
2026-04-20 22:14:18.014,1705,0.46699747488582916,0.4669967334031251,0.5330056514078986,0.733008072050419,0.39967231807456505,0.7000,1.0000,0.3000,10.840
2026-04-20 22:14:18.024,1706,0.46699747488582916,0.4669967334031251,0.5330056514078986,0.733008072050419,0.39967231807456505,0.3500,1.0000,0.5500,11.891
2026-04-20 22:14:18.042,1707,0.46699747488582916,0.4669967334031251,0.5330056514078986,0.733008072050419,0.39967231807456505,0.6000,1.0000,0.1000,12.427
2026-04-20 22:14:18.052,1708,0.46699747488582916,0.4669967334031251,0.5330056514078986,0.733008072050419,0.39967231807456505,0.3500,1.0000,0.3500,13.113
2026-04-20 22:14:18.069,1709,0.46699747488582916,0.4669967334031251,0.5330056514078986,0.733008072050419,0.39967231807456505,0.4500,1.0000,0.3000,10.594
2026-04-20 22:14:18.079,1710,0.46699747488582916,0.4669967334031251,0.5330056514078986,0.733008072050419,0.39967231807456505,0.4000,1.0000,0.6000,15.305
2026-04-20 22:14:18.098,1711,0.46699747488582916,0.4669967334031251,0.5330056514078986,0.733008072050419,0.39967231807456505,0.8000,1.0000,0.5000,9.630
2026-04-20 22:14:18.116,1712,0.46699747488582916,0.4669967334031251,0.5330056514078986,0.733008072050419,0.39967231807456505,0.6000,1.0000,0.2000,11.155
2026-04-20 22:14:18.127,1713,0.46699747488582916,0.4669967334031251,0.5330056514078986,0.733008072050419,0.39967231807456505,0.3000,1.0000,0.2500,8.078
2026-04-20 22:14:18.146,1714,0.46699747488582916,0.4669967334031251,0.5330056514078986,0.733008072050419,0.39967231807456505,0.4000,1.0000,0.3500,13.987
2026-04-20 22:14:18.157,1715,0.46699747488582916,0.4669967334031251,0.5330056514078986,0.733008072050419,0.39967231807456505,0.6000,0.9500,0.1000,8.618
2026-04-20 22:14:18.175,1716,0.46699747488582916,0.4669967334031251,0.5330056514078986,0.733008072050419,0.39967231807456505,0.5500,1.0000,0.3000,10.819
2026-04-20 22:14:18.187,1717,0.46699747488582916,0.4669967334031251,0.5330056514078986,0.733008072050419,0.39967231807456505,0.7000,1.0000,0.3500,10.536
2026-04-20 22:14:18.205,1718,0.46699747488582916,0.4669967334031251,0.5330056514078986,0.733008072050419,0.39967231807456505,0.5500,1.0000,0.7000,11.987
2026-04-20 22:14:18.215,1719,0.46699747488582916,0.4669967334031251,0.5330056514078986,0.733008072050419,0.39967231807456505,0.6000,1.0000,0.0500,11.654
2026-04-20 22:14:18.233,1720,0.46699747488582916,0.4669967334031251,0.5330056514078986,0.733008072050419,0.39967231807456505,0.5500,1.0000,0.2500,9.401
2026-04-20 22:14:18.251,1721,0.46699747488582916,0.4669967334031251,0.5330056514078986,0.733008072050419,0.39967231807456505,0.4500,1.0000,0.6500,8.700
2026-04-20 22:14:18.261,1722,0.46699747488582916,0.4669967334031251,0.5330056514078986,0.733008072050419,0.39967231807456505,0.6000,1.0000,0.3000,9.344
2026-04-20 22:14:18.279,1723,0.46699747488582916,0.4669967334031251,0.5330056514078986,0.733008072050419,0.39967231807456505,0.5500,1.0000,0.6000,12.134
2026-04-20 22:14:18.288,1724,0.46699747488582916,0.4669967334031251,0.5330056514078986,0.733008072050419,0.39967231807456505,0.6000,1.0000,0.0500,9.798
2026-04-20 22:14:18.306,1725,0.46699747488582916,0.4669967334031251,0.5330056514078986,0.733008072050419,0.39967231807456505,0.7000,1.0000,0.3000,10.318
2026-04-20 22:14:18.314,1726,0.46699747488582916,0.4669967334031251,0.5330056514078986,0.733008072050419,0.39967231807456505,0.3500,1.0000,0.3000,10.659
2026-04-20 22:14:18.331,1727,0.46699747488582916,0.4669967334031251,0.5330056514078986,0.733008072050419,0.39967231807456505,0.3500,1.0000,0.2000,9.998
2026-04-20 22:14:18.347,1728,0.46699747488582916,0.4669967334031251,0.5330056514078986,0.733008072050419,0.39967231807456505,0.6500,1.0000,0.4500,7.706
2026-04-20 22:14:18.357,1729,0.46699747488582916,0.4669967334031251,0.5330056514078986,0.733008072050419,0.39967231807456505,0.3500,1.0000,0.3500,8.876
2026-04-20 22:14:18.374,1730,0.46699747488582916,0.4669967334031251,0.5330056514078986,0.733008072050419,0.39967231807456505,0.7000,1.0000,0.2500,12.210
2026-04-20 22:14:18.383,1731,0.46699747488582916,0.4669967334031251,0.5330056514078986,0.733008072050419,0.39967231807456505,0.9000,1.0000,0.2000,11.910
2026-04-20 22:14:18.400,1732,0.46699747488582916,0.4669967334031251,0.5330056514078986,0.733008072050419,0.39967231807456505,0.2000,1.0000,0.4000,7.346
2026-04-20 22:14:18.410,1733,0.46699747488582916,0.4669967334031251,0.5330056514078986,0.733008072050419,0.39967231807456505,0.2000,1.0000,0.2000,13.087
2026-04-20 22:14:18.426,1734,0.46699747488582916,0.4669967334031251,0.5330056514078986,0.733008072050419,0.39967231807456505,0.9000,1.0000,0.5000,15.488
2026-04-20 22:14:18.435,1735,0.46699747488582916,0.4669967334031251,0.5330056514078986,0.733008072050419,0.39967231807456505,0.5000,1.0000,0.3500,9.771
2026-04-20 22:14:18.453,1736,0.46699747488582916,0.4669967334031251,0.5330056514078986,0.733008072050419,0.39967231807456505,0.5500,1.0000,0.4500,8.838
2026-04-20 22:14:18.472,1737,0.46699747488582916,0.4669967334031251,0.5330056514078986,0.733008072050419,0.39967231807456505,0.3000,1.0000,0.1500,13.290
2026-04-20 22:14:18.481,1738,0.46699747488582916,0.4669967334031251,0.5330056514078986,0.733008072050419,0.39967231807456505,0.3500,1.0000,0.2500,11.119
2026-04-20 22:14:18.647,1739,0.46699747488582916,0.4669967334031251,0.5330056514078986,0.733008072050419,0.39967231807456505,0.2500,1.0000,0.4500,12.261
2026-04-20 22:14:18.658,1740,0.46699747488582916,0.4669967334031251,0.5330056514078986,0.733008072050419,0.39967231807456505,0.4000,1.0000,0.3000,9.974
2026-04-20 22:14:18.668,1741,0.46699747488582916,0.4669967334031251,0.5330056514078986,0.733008072050419,0.39967231807456505,0.3500,1.0000,0.3500,9.694
2026-04-20 22:14:18.678,1742,0.46699747488582916,0.4669967334031251,0.5330056514078986,0.733008072050419,0.39967231807456505,0.3000,1.0000,0.2500,11.215
2026-04-20 22:14:18.688,1743,0.46699747488582916,0.4669967334031251,0.5330056514078986,0.733008072050419,0.39967231807456505,0.8000,1.0000,0.4000,10.602
2026-04-20 22:14:18.698,1744,0.46699747488582916,0.4669967334031251,0.5330056514078986,0.733008072050419,0.39967231807456505,0.1500,1.0000,0.6000,11.732
2026-04-20 22:14:18.708,1745,0.46699747488582916,0.4669967334031251,0.5330056514078986,0.733008072050419,0.39967231807456505,0.3000,1.0000,0.1500,7.470
2026-04-20 22:14:18.719,1746,0.46699747488582916,0.4669967334031251,0.5330056514078986,0.733008072050419,0.39967231807456505,0.4500,1.0000,0.1500,11.376
2026-04-20 22:14:18.730,1747,0.46699747488582916,0.4669967334031251,0.5330056514078986,0.733008072050419,0.39967231807456505,0.8000,1.0000,0.4000,14.005
2026-04-20 22:14:18.740,1748,0.46699747488582916,0.4669967334031251,0.5330056514078986,0.733008072050419,0.39967231807456505,0.7000,1.0000,0.3500,12.621
2026-04-20 22:14:18.749,1749,0.46699747488582916,0.4669967334031251,0.5330056514078986,0.733008072050419,0.39967231807456505,0.5500,1.0000,0.3500,13.953
2026-04-20 22:14:18.759,1750,0.46699747488582916,0.4669967334031251,0.5330056514078986,0.733008072050419,0.39967231807456505,0.4500,1.0000,0.4500,14.078
2026-04-20 22:14:18.770,1751,0.46699747488582916,0.4669967334031251,0.5330056514078986,0.733008072050419,0.39967231807456505,0.1500,1.0000,0.0500,10.930
2026-04-20 22:14:18.780,1752,0.46699747488582916,0.4669967334031251,0.5330056514078986,0.733008072050419,0.39967231807456505,0.4000,1.0000,0.3000,10.502
2026-04-20 22:14:18.791,1753,0.46699747488582916,0.4669967334031251,0.5330056514078986,0.733008072050419,0.39967231807456505,0.8000,1.0000,0.6500,13.893
2026-04-20 22:14:18.800,1754,0.46699747488582916,0.4669967334031251,0.5330056514078986,0.733008072050419,0.39967231807456505,-0.1000,1.0000,0.4500,11.519
2026-04-20 22:14:18.811,1755,0.46699747488582916,0.4669967334031251,0.5330056514078986,0.733008072050419,0.39967231807456505,0.4500,1.0000,0.4500,12.781
2026-04-20 22:14:18.821,1756,0.46699747488582916,0.4669967334031251,0.5330056514078986,0.733008072050419,0.39967231807456505,0.7500,1.0000,0.4500,11.307
2026-04-20 22:14:18.831,1757,0.46699747488582916,0.4669967334031251,0.5330056514078986,0.733008072050419,0.39967231807456505,0.5500,1.0000,0.3500,9.536
2026-04-20 22:14:18.842,1758,0.46699747488582916,0.4669967334031251,0.5330056514078986,0.733008072050419,0.39967231807456505,0.3500,1.0000,0.2000,12.601
2026-04-20 22:14:18.853,1759,0.46699747488582916,0.4669967334031251,0.5330056514078986,0.733008072050419,0.39967231807456505,0.4000,1.0000,0.4500,15.095
2026-04-20 22:14:18.865,1760,0.46699747488582916,0.4669967334031251,0.5330056514078986,0.733008072050419,0.39967231807456505,0.7000,1.0000,0.0500,6.997
2026-04-20 22:14:18.875,1761,0.46699747488582916,0.4669967334031251,0.5330056514078986,0.733008072050419,0.39967231807456505,0.6500,1.0000,0.1500,15.091
2026-04-20 22:14:18.887,1762,0.46699747488582916,0.4669967334031251,0.5330056514078986,0.733008072050419,0.39967231807456505,0.1000,1.0000,0.3000,9.374
2026-04-20 22:14:18.897,1763,0.46699747488582916,0.4669967334031251,0.5330056514078986,0.733008072050419,0.39967231807456505,0.2500,1.0000,0.3000,12.012
2026-04-20 22:14:18.909,1764,0.46699747488582916,0.4669967334031251,0.5330056514078986,0.733008072050419,0.39967231807456505,0.4500,1.0000,0.1500,8.754
2026-04-20 22:14:18.919,1765,0.46699747488582916,0.4669967334031251,0.5330056514078986,0.733008072050419,0.39967231807456505,0.4000,1.0000,0.5000,9.972
2026-04-20 22:14:18.931,1766,0.46699747488582916,0.4669967334031251,0.5330056514078986,0.733008072050419,0.39967231807456505,0.5000,1.0000,0.0000,8.367
2026-04-20 22:14:18.942,1767,0.46699747488582916,0.4669967334031251,0.5330056514078986,0.733008072050419,0.39967231807456505,0.7500,1.0000,0.4000,10.002
2026-04-20 22:14:18.952,1768,0.46699747488582916,0.4669967334031251,0.5330056514078986,0.733008072050419,0.39967231807456505,0.6000,1.0000,0.2500,12.997
2026-04-20 22:14:18.964,1769,0.46699747488582916,0.4669967334031251,0.5330056514078986,0.733008072050419,0.39967231807456505,0.6000,1.0000,0.4500,13.445
2026-04-20 22:14:18.974,1770,0.46699747488582916,0.4669967334031251,0.5330056514078986,0.733008072050419,0.39967231807456505,0.3500,1.0000,0.4500,10.831
2026-04-20 22:14:18.987,1771,0.46699747488582916,0.4669967334031251,0.5330056514078986,0.733008072050419,0.39967231807456505,0.6500,1.0000,0.5000,13.140
2026-04-20 22:14:18.998,1772,0.46699747488582916,0.4669967334031251,0.5330056514078986,0.733008072050419,0.39967231807456505,0.6000,1.0000,0.3500,14.075
2026-04-20 22:14:19.011,1773,0.46699747488582916,0.4669967334031251,0.5330056514078986,0.733008072050419,0.39967231807456505,0.1500,1.0000,0.3500,9.744
2026-04-20 22:14:19.021,1774,0.46699747488582916,0.4669967334031251,0.5330056514078986,0.733008072050419,0.39967231807456505,0.6500,1.0000,0.8500,13.271
2026-04-20 22:14:19.033,1775,0.46699747488582916,0.4669967334031251,0.5330056514078986,0.733008072050419,0.39967231807456505,0.6500,1.0000,0.3500,13.424
2026-04-20 22:14:19.045,1776,0.46699747488582916,0.4669967334031251,0.5330056514078986,0.733008072050419,0.39967231807456505,0.5500,1.0000,0.3500,11.146
2026-04-20 22:14:19.056,1777,0.46699747488582916,0.4669967334031251,0.5330056514078986,0.733008072050419,0.39967231807456505,0.3000,1.0000,0.7000,12.436
2026-04-20 22:14:19.068,1778,0.46699747488582916,0.4669967334031251,0.5330056514078986,0.733008072050419,0.39967231807456505,0.7500,1.0000,0.5500,9.490
2026-04-20 22:14:19.078,1779,0.46699747488582916,0.4669967334031251,0.5330056514078986,0.733008072050419,0.39967231807456505,0.6500,1.0000,0.7000,7.755
2026-04-20 22:14:19.089,1780,0.46699747488582916,0.4669967334031251,0.5330056514078986,0.733008072050419,0.39967231807456505,0.5500,1.0000,0.1500,9.304
2026-04-20 22:14:19.099,1781,0.46699747488582916,0.4669967334031251,0.5330056514078986,0.733008072050419,0.39967231807456505,0.4500,1.0000,0.5500,11.690
2026-04-20 22:14:19.111,1782,0.46699747488582916,0.4669967334031251,0.5330056514078986,0.733008072050419,0.39967231807456505,0.3000,1.0000,0.1500,13.183
2026-04-20 22:14:19.122,1783,0.46699747488582916,0.4669967334031251,0.5330056514078986,0.733008072050419,0.39967231807456505,0.5000,1.0000,0.4500,14.090
2026-04-20 22:14:19.132,1784,0.46699747488582916,0.4669967334031251,0.5330056514078986,0.733008072050419,0.39967231807456505,0.5500,1.0000,0.2500,10.224
2026-04-20 22:14:19.143,1785,0.46699747488582916,0.4669967334031251,0.5330056514078986,0.733008072050419,0.39967231807456505,0.4000,1.0000,0.3000,9.871
2026-04-20 22:14:19.154,1786,0.46699747488582916,0.4669967334031251,0.5330056514078986,0.733008072050419,0.39967231807456505,0.3500,1.0000,0.7000,11.398
2026-04-20 22:14:19.166,1787,0.46699747488582916,0.4669967334031251,0.5330056514078986,0.733008072050419,0.39967231807456505,0.5000,1.0000,0.3000,12.757
2026-04-20 22:14:19.176,1788,0.46699747488582916,0.4669967334031251,0.5330056514078986,0.733008072050419,0.39967231807456505,0.6500,1.0000,0.2000,12.222
2026-04-20 22:14:19.189,1789,0.46699747488582916,0.4669967334031251,0.5330056514078986,0.733008072050419,0.39967231807456505,0.5500,1.0000,0.5500,13.648
2026-04-20 22:14:19.199,1790,0.46699747488582916,0.4669967334031251,0.5330056514078986,0.733008072050419,0.39967231807456505,0.3000,0.7500,-0.1000,8.830
2026-04-20 22:14:19.212,1791,0.46699747488582916,0.4669967334031251,0.5330056514078986,0.733008072050419,0.39967231807456505,0.4000,1.0000,0.4500,13.420
2026-04-20 22:14:19.226,1792,0.46699747488582916,0.4669967334031251,0.5330056514078986,0.733008072050419,0.39967231807456505,0.4000,1.0000,0.7000,8.736
2026-04-20 22:14:19.236,1793,0.46699747488582916,0.4669967334031251,0.5330056514078986,0.733008072050419,0.39967231807456505,0.6500,1.0000,0.4500,9.789
2026-04-20 22:14:19.249,1794,0.46699747488582916,0.4669967334031251,0.5330056514078986,0.733008072050419,0.39967231807456505,0.6000,1.0000,0.5500,11.264
2026-04-20 22:14:19.260,1795,0.46699747488582916,0.4669967334031251,0.5330056514078986,0.733008072050419,0.39967231807456505,0.7000,1.0000,0.3500,9.605
2026-04-20 22:14:19.273,1796,0.46699747488582916,0.4669967334031251,0.5330056514078986,0.733008072050419,0.39967231807456505,0.6000,1.0000,0.5500,12.216
2026-04-20 22:14:19.285,1797,0.46699747488582916,0.4669967334031251,0.5330056514078986,0.733008072050419,0.39967231807456505,0.2500,1.0000,0.3500,12.490
2026-04-20 22:14:19.297,1798,0.46699747488582916,0.4669967334031251,0.5330056514078986,0.733008072050419,0.39967231807456505,0.5000,1.0000,0.2500,10.807
2026-04-20 22:14:19.312,1799,0.46699747488582916,0.4669967334031251,0.5330056514078986,0.733008072050419,0.39967231807456505,0.5000,1.0000,0.8500,10.710
2026-04-20 22:14:19.322,1800,0.46699747488582916,0.4669967334031251,0.5330056514078986,0.733008072050419,0.39967231807456505,0.4000,1.0000,0.4000,12.171
2026-04-20 22:14:19.335,1801,0.46699747488582916,0.4669967334031251,0.5330056514078986,0.733008072050419,0.39967231807456505,0.8500,1.0000,0.6500,10.354
2026-04-20 22:14:19.346,1802,0.46699747488582916,0.4669967334031251,0.5330056514078986,0.733008072050419,0.39967231807456505,0.7000,1.0000,0.3500,10.827
2026-04-20 22:14:19.359,1803,0.46699747488582916,0.4669967334031251,0.5330056514078986,0.733008072050419,0.39967231807456505,0.4500,1.0000,0.3000,10.554
2026-04-20 22:14:19.369,1804,0.46699747488582916,0.4669967334031251,0.5330056514078986,0.733008072050419,0.39967231807456505,0.1500,1.0000,0.8000,12.549
2026-04-20 22:14:19.381,1805,0.46699747488582916,0.4669967334031251,0.5330056514078986,0.733008072050419,0.39967231807456505,0.9000,1.0000,0.4000,13.548
2026-04-20 22:14:19.391,1806,0.46699747488582916,0.4669967334031251,0.5330056514078986,0.733008072050419,0.39967231807456505,0.4500,1.0000,0.2000,11.962
2026-04-20 22:14:19.403,1807,0.46699747488582916,0.4669967334031251,0.5330056514078986,0.733008072050419,0.39967231807456505,0.2500,1.0000,0.2500,10.051
2026-04-20 22:14:19.414,1808,0.46699747488582916,0.4669967334031251,0.5330056514078986,0.733008072050419,0.39967231807456505,0.5500,1.0000,0.5000,11.270
2026-04-20 22:14:19.423,1809,0.46699747488582916,0.4669967334031251,0.5330056514078986,0.733008072050419,0.39967231807456505,0.6000,1.0000,0.2000,13.488
2026-04-20 22:14:19.435,1810,0.46699747488582916,0.4669967334031251,0.5330056514078986,0.733008072050419,0.39967231807456505,0.2000,1.0000,0.3500,8.926
2026-04-20 22:14:19.443,1811,0.46699747488582916,0.4669967334031251,0.5330056514078986,0.733008072050419,0.39967231807456505,0.2500,1.0000,0.3000,13.434
2026-04-20 22:14:19.459,1812,0.46699747488582916,0.4669967334031251,0.5330056514078986,0.733008072050419,0.39967231807456505,0.3000,1.0000,0.2000,10.490
2026-04-20 22:14:19.470,1813,0.46699747488582916,0.4669967334031251,0.5330056514078986,0.733008072050419,0.39967231807456505,0.8000,1.0000,0.3000,12.874
2026-04-20 22:14:19.484,1814,0.46699747488582916,0.4669967334031251,0.5330056514078986,0.733008072050419,0.39967231807456505,0.5000,1.0000,0.5500,10.009
2026-04-20 22:14:19.497,1815,0.46699747488582916,0.4669967334031251,0.5330056514078986,0.733008072050419,0.39967231807456505,0.5000,1.0000,0.3000,12.128
2026-04-20 22:14:19.507,1816,0.46699747488582916,0.4669967334031251,0.5330056514078986,0.733008072050419,0.39967231807456505,0.6000,1.0000,0.2500,11.417
2026-04-20 22:14:19.521,1817,0.46699747488582916,0.4669967334031251,0.5330056514078986,0.733008072050419,0.39967231807456505,0.7000,1.0000,0.5500,15.122
2026-04-20 22:14:19.531,1818,0.46699747488582916,0.4669967334031251,0.5330056514078986,0.733008072050419,0.39967231807456505,0.6000,1.0000,0.4500,13.572
2026-04-20 22:14:19.544,1819,0.46699747488582916,0.4669967334031251,0.5330056514078986,0.733008072050419,0.39967231807456505,0.5500,1.0000,0.6000,15.489
2026-04-20 22:14:19.554,1820,0.46699747488582916,0.4669967334031251,0.5330056514078986,0.733008072050419,0.39967231807456505,0.4500,1.0000,0.1500,9.361
2026-04-20 22:14:19.568,1821,0.46699747488582916,0.4669967334031251,0.5330056514078986,0.733008072050419,0.39967231807456505,0.4500,1.0000,0.5000,11.661
2026-04-20 22:14:19.582,1822,0.46699747488582916,0.4669967334031251,0.5330056514078986,0.733008072050419,0.39967231807456505,0.5500,1.0000,0.4000,7.773
2026-04-20 22:14:19.592,1823,0.46699747488582916,0.4669967334031251,0.5330056514078986,0.733008072050419,0.39967231807456505,0.3000,1.0000,0.4500,10.303
2026-04-20 22:14:19.608,1824,0.46699747488582916,0.4669967334031251,0.5330056514078986,0.733008072050419,0.39967231807456505,0.4500,1.0000,0.1500,9.251
2026-04-20 22:14:19.619,1825,0.46699747488582916,0.4669967334031251,0.5330056514078986,0.733008072050419,0.39967231807456505,0.3500,1.0000,0.5000,10.142
2026-04-20 22:14:19.634,1826,0.46699747488582916,0.4669967334031251,0.5330056514078986,0.733008072050419,0.39967231807456505,0.4000,1.0000,0.1500,9.161
2026-04-20 22:14:19.645,1827,0.46699747488582916,0.4669967334031251,0.5330056514078986,0.733008072050419,0.39967231807456505,0.6000,1.0000,0.3500,9.430
2026-04-20 22:14:19.662,1828,0.46699747488582916,0.4669967334031251,0.5330056514078986,0.733008072050419,0.39967231807456505,0.4000,1.0000,0.0000,10.115
2026-04-20 22:14:19.672,1829,0.46699747488582916,0.4669967334031251,0.5330056514078986,0.733008072050419,0.39967231807456505,0.4000,1.0000,0.1000,11.527
2026-04-20 22:14:19.687,1830,0.46699747488582916,0.4669967334031251,0.5330056514078986,0.733008072050419,0.39967231807456505,0.1500,1.0000,0.5500,9.766
2026-04-20 22:14:19.702,1831,0.46699747488582916,0.4669967334031251,0.5330056514078986,0.733008072050419,0.39967231807456505,0.4500,1.0000,0.0500,9.347
2026-04-20 22:14:19.713,1832,0.46699747488582916,0.4669967334031251,0.5330056514078986,0.733008072050419,0.39967231807456505,0.2500,1.0000,0.3500,10.604
2026-04-20 22:14:19.727,1833,0.46699747488582916,0.4669967334031251,0.5330056514078986,0.733008072050419,0.39967231807456505,0.3500,1.0000,0.4500,7.291
2026-04-20 22:14:19.740,1834,0.46699747488582916,0.4669967334031251,0.5330056514078986,0.733008072050419,0.39967231807456505,0.7500,1.0000,0.0500,12.056
2026-04-20 22:14:19.755,1835,0.46699747488582916,0.4669967334031251,0.5330056514078986,0.733008072050419,0.39967231807456505,0.3000,1.0000,0.6500,11.208
2026-04-20 22:14:19.766,1836,0.46699747488582916,0.4669967334031251,0.5330056514078986,0.733008072050419,0.39967231807456505,0.6000,1.0000,0.6000,10.185
2026-04-20 22:14:19.782,1837,0.46699747488582916,0.4669967334031251,0.5330056514078986,0.733008072050419,0.39967231807456505,0.5500,1.0000,0.2500,8.744
2026-04-20 22:14:19.803,1838,0.46699747488582916,0.4669967334031251,0.5330056514078986,0.733008072050419,0.39967231807456505,0.2000,1.0000,0.3500,16.251
2026-04-20 22:14:19.815,1839,0.46699747488582916,0.4669967334031251,0.5330056514078986,0.733008072050419,0.39967231807456505,0.8000,1.0000,0.3000,11.355
2026-04-20 22:14:19.833,1840,0.46699747488582916,0.4669967334031251,0.5330056514078986,0.733008072050419,0.39967231807456505,0.5000,1.0000,0.6000,11.900
2026-04-20 22:14:19.845,1841,0.46699747488582916,0.4669967334031251,0.5330056514078986,0.733008072050419,0.39967231807456505,0.2500,1.0000,0.3000,14.848
2026-04-20 22:14:19.862,1842,0.46699747488582916,0.4669967334031251,0.5330056514078986,0.733008072050419,0.39967231807456505,0.6000,1.0000,0.3500,10.322
2026-04-20 22:14:19.873,1843,0.46699747488582916,0.4669967334031251,0.5330056514078986,0.733008072050419,0.39967231807456505,0.5000,1.0000,0.3500,11.234
2026-04-20 22:14:19.888,1844,0.46699747488582916,0.4669967334031251,0.5330056514078986,0.733008072050419,0.39967231807456505,0.6000,1.0000,0.3000,7.757
2026-04-20 22:14:19.898,1845,0.46699747488582916,0.4669967334031251,0.5330056514078986,0.733008072050419,0.39967231807456505,0.7500,1.0000,0.6500,13.922
2026-04-20 22:14:19.913,1846,0.46699747488582916,0.4669967334031251,0.5330056514078986,0.733008072050419,0.39967231807456505,0.4000,1.0000,0.2000,12.270
2026-04-20 22:14:19.928,1847,0.46699747488582916,0.4669967334031251,0.5330056514078986,0.733008072050419,0.39967231807456505,0.7000,1.0000,0.3000,13.566
2026-04-20 22:14:19.939,1848,0.46699747488582916,0.4669967334031251,0.5330056514078986,0.733008072050419,0.39967231807456505,0.5000,1.0000,0.2500,11.304
2026-04-20 22:14:19.953,1849,0.46699747488582916,0.4669967334031251,0.5330056514078986,0.733008072050419,0.39967231807456505,0.4500,1.0000,0.3000,12.660
2026-04-20 22:14:19.965,1850,0.46699747488582916,0.4669967334031251,0.5330056514078986,0.733008072050419,0.39967231807456505,0.3000,1.0000,0.5000,12.796
2026-04-20 22:14:19.979,1851,0.46699747488582916,0.4669967334031251,0.5330056514078986,0.733008072050419,0.39967231807456505,0.8000,1.0000,0.0000,9.840
2026-04-20 22:14:19.989,1852,0.46699747488582916,0.4669967334031251,0.5330056514078986,0.733008072050419,0.39967231807456505,0.1500,1.0000,0.4000,11.539
2026-04-20 22:14:20.004,1853,0.46699747488582916,0.4669967334031251,0.5330056514078986,0.733008072050419,0.39967231807456505,0.4500,1.0000,0.8000,12.611
2026-04-20 22:14:20.019,1854,0.46699747488582916,0.4669967334031251,0.5330056514078986,0.733008072050419,0.39967231807456505,0.4000,1.0000,0.3500,9.756
2026-04-20 22:14:20.029,1855,0.46699747488582916,0.4669967334031251,0.5330056514078986,0.733008072050419,0.39967231807456505,0.4500,1.0000,0.2000,14.680
2026-04-20 22:14:20.044,1856,0.46699747488582916,0.4669967334031251,0.5330056514078986,0.733008072050419,0.39967231807456505,0.5000,1.0000,0.3000,13.342
2026-04-20 22:14:20.053,1857,0.46699747488582916,0.4669967334031251,0.5330056514078986,0.733008072050419,0.39967231807456505,0.8000,1.0000,0.2000,9.970
2026-04-20 22:14:20.067,1858,0.46699747488582916,0.4669967334031251,0.5330056514078986,0.733008072050419,0.39967231807456505,0.3000,1.0000,0.1500,8.587
2026-04-20 22:14:20.076,1859,0.46699747488582916,0.4669967334031251,0.5330056514078986,0.733008072050419,0.39967231807456505,0.1500,1.0000,0.1500,11.145
2026-04-20 22:14:20.090,1860,0.46699747488582916,0.4669967334031251,0.5330056514078986,0.733008072050419,0.39967231807456505,0.5000,1.0000,0.1500,8.941
2026-04-20 22:14:20.099,1861,0.46699747488582916,0.4669967334031251,0.5330056514078986,0.733008072050419,0.39967231807456505,0.4500,1.0000,0.3000,8.961
2026-04-20 22:14:20.115,1862,0.46699747488582916,0.4669967334031251,0.5330056514078986,0.733008072050419,0.39967231807456505,0.7000,1.0000,0.5500,16.218
2026-04-20 22:14:20.129,1863,0.46699747488582916,0.4669967334031251,0.5330056514078986,0.733008072050419,0.39967231807456505,0.5500,1.0000,0.4000,9.342
2026-04-20 22:14:20.139,1864,0.46699747488582916,0.4669967334031251,0.5330056514078986,0.733008072050419,0.39967231807456505,0.4000,1.0000,0.3000,10.752
2026-04-20 22:14:20.154,1865,0.46699747488582916,0.4669967334031251,0.5330056514078986,0.733008072050419,0.39967231807456505,0.6500,1.0000,0.3000,13.015
2026-04-20 22:14:20.163,1866,0.46699747488582916,0.4669967334031251,0.5330056514078986,0.733008072050419,0.39967231807456505,0.5000,1.0000,0.1500,15.650
2026-04-20 22:14:20.177,1867,0.46699747488582916,0.4669967334031251,0.5330056514078986,0.733008072050419,0.39967231807456505,0.6000,1.0000,0.2500,12.321
2026-04-20 22:14:20.187,1868,0.46699747488582916,0.4669967334031251,0.5330056514078986,0.733008072050419,0.39967231807456505,0.5000,1.0000,0.5500,12.077
2026-04-20 22:14:20.201,1869,0.46699747488582916,0.4669967334031251,0.5330056514078986,0.733008072050419,0.39967231807456505,0.4000,1.0000,0.2000,9.579
2026-04-20 22:14:20.215,1870,0.46699747488582916,0.4669967334031251,0.5330056514078986,0.733008072050419,0.39967231807456505,0.5000,1.0000,0.0000,9.665
2026-04-20 22:14:20.224,1871,0.46699747488582916,0.4669967334031251,0.5330056514078986,0.733008072050419,0.39967231807456505,0.5000,1.0000,0.2500,10.637
2026-04-20 22:14:20.238,1872,0.46699747488582916,0.4669967334031251,0.5330056514078986,0.733008072050419,0.39967231807456505,0.9000,1.0000,0.6000,12.346
2026-04-20 22:14:20.249,1873,0.46699747488582916,0.4669967334031251,0.5330056514078986,0.733008072050419,0.39967231807456505,0.6500,1.0000,0.5500,14.440
2026-04-20 22:14:20.265,1874,0.46699747488582916,0.4669967334031251,0.5330056514078986,0.733008072050419,0.39967231807456505,0.5500,1.0000,0.4000,12.659
2026-04-20 22:14:20.274,1875,0.46699747488582916,0.4669967334031251,0.5330056514078986,0.733008072050419,0.39967231807456505,0.3500,1.0000,0.2500,5.009
2026-04-20 22:14:20.289,1876,0.46699747488582916,0.4669967334031251,0.5330056514078986,0.733008072050419,0.39967231807456505,0.1500,1.0000,0.1000,9.630
2026-04-20 22:14:20.305,1877,0.46699747488582916,0.4669967334031251,0.5330056514078986,0.733008072050419,0.39967231807456505,0.4000,1.0000,0.0500,9.447
2026-04-20 22:14:20.315,1878,0.46699747488582916,0.4669967334031251,0.5330056514078986,0.733008072050419,0.39967231807456505,0.7000,1.0000,0.1500,9.806
2026-04-20 22:14:20.332,1879,0.46699747488582916,0.4669967334031251,0.5330056514078986,0.733008072050419,0.39967231807456505,0.6500,1.0000,0.5000,11.122
2026-04-20 22:14:20.341,1880,0.46699747488582916,0.4669967334031251,0.5330056514078986,0.733008072050419,0.39967231807456505,0.5500,1.0000,0.0500,9.125
2026-04-20 22:14:20.356,1881,0.46699747488582916,0.4669967334031251,0.5330056514078986,0.733008072050419,0.39967231807456505,0.6000,0.9500,0.1500,10.053
2026-04-20 22:14:20.365,1882,0.46699747488582916,0.4669967334031251,0.5330056514078986,0.733008072050419,0.39967231807456505,0.6000,1.0000,0.1500,9.535
2026-04-20 22:14:20.380,1883,0.46699747488582916,0.4669967334031251,0.5330056514078986,0.733008072050419,0.39967231807456505,0.6000,1.0000,0.6500,12.157
2026-04-20 22:14:20.389,1884,0.46699747488582916,0.4669967334031251,0.5330056514078986,0.733008072050419,0.39967231807456505,0.5500,1.0000,0.5500,11.046
2026-04-20 22:14:20.405,1885,0.46699747488582916,0.4669967334031251,0.5330056514078986,0.733008072050419,0.39967231807456505,0.5000,1.0000,0.5500,9.756
2026-04-20 22:14:20.421,1886,0.46699747488582916,0.4669967334031251,0.5330056514078986,0.733008072050419,0.39967231807456505,0.3000,1.0000,0.1000,8.664
2026-04-20 22:14:20.432,1887,0.46699747488582916,0.4669967334031251,0.5330056514078986,0.733008072050419,0.39967231807456505,0.1500,1.0000,0.6500,13.241
2026-04-20 22:14:20.447,1888,0.46699747488582916,0.4669967334031251,0.5330056514078986,0.733008072050419,0.39967231807456505,0.5500,1.0000,0.1000,9.615
2026-04-20 22:14:20.456,1889,0.46699747488582916,0.4669967334031251,0.5330056514078986,0.733008072050419,0.39967231807456505,0.2000,1.0000,0.2500,9.850
2026-04-20 22:14:20.470,1890,0.46699747488582916,0.4669967334031251,0.5330056514078986,0.733008072050419,0.39967231807456505,0.3000,1.0000,0.2500,10.167
2026-04-20 22:14:20.480,1891,0.46699747488582916,0.4669967334031251,0.5330056514078986,0.733008072050419,0.39967231807456505,0.5500,1.0000,0.2000,13.074
2026-04-20 22:14:20.495,1892,0.46699747488582916,0.4669967334031251,0.5330056514078986,0.733008072050419,0.39967231807456505,0.5000,1.0000,0.5000,13.362
2026-04-20 22:14:20.511,1893,0.46699747488582916,0.4669967334031251,0.5330056514078986,0.733008072050419,0.39967231807456505,0.6000,1.0000,0.8500,17.170
2026-04-20 22:14:20.520,1894,0.46699747488582916,0.4669967334031251,0.5330056514078986,0.733008072050419,0.39967231807456505,0.2500,1.0000,0.0500,11.648
2026-04-20 22:14:20.535,1895,0.46699747488582916,0.4669967334031251,0.5330056514078986,0.733008072050419,0.39967231807456505,0.2000,1.0000,0.4000,10.931
2026-04-20 22:14:20.544,1896,0.46699747488582916,0.4669967334031251,0.5330056514078986,0.733008072050419,0.39967231807456505,-0.0000,1.0000,0.2500,12.959
2026-04-20 22:14:20.559,1897,0.46699747488582916,0.4669967334031251,0.5330056514078986,0.733008072050419,0.39967231807456505,0.5500,1.0000,0.6000,10.654
2026-04-20 22:14:20.570,1898,0.46699747488582916,0.4669967334031251,0.5330056514078986,0.733008072050419,0.39967231807456505,0.3000,1.0000,0.7500,8.008
2026-04-20 22:14:20.587,1899,0.46699747488582916,0.4669967334031251,0.5330056514078986,0.733008072050419,0.39967231807456505,0.4500,1.0000,0.5000,9.187
2026-04-20 22:14:20.597,1900,0.46699747488582916,0.4669967334031251,0.5330056514078986,0.733008072050419,0.39967231807456505,0.4500,1.0000,0.4500,13.877
2026-04-20 22:14:20.613,1901,0.46699747488582916,0.4669967334031251,0.5330056514078986,0.733008072050419,0.39967231807456505,0.8500,1.0000,0.3500,11.528
2026-04-20 22:14:20.629,1902,0.46699747488582916,0.4669967334031251,0.5330056514078986,0.733008072050419,0.39967231807456505,0.2500,1.0000,0.3000,9.680
2026-04-20 22:14:20.640,1903,0.46699747488582916,0.4669967334031251,0.5330056514078986,0.733008072050419,0.39967231807456505,0.6000,1.0000,0.8000,12.667
2026-04-20 22:14:20.659,1904,0.46699747488582916,0.4669967334031251,0.5330056514078986,0.733008072050419,0.39967231807456505,0.4500,1.0000,0.5000,12.882
2026-04-20 22:14:20.669,1905,0.46699747488582916,0.4669967334031251,0.5330056514078986,0.733008072050419,0.39967231807456505,0.4500,1.0000,0.1500,14.850
2026-04-20 22:14:20.685,1906,0.46699747488582916,0.4669967334031251,0.5330056514078986,0.733008072050419,0.39967231807456505,0.4000,1.0000,0.6500,14.521
2026-04-20 22:14:20.696,1907,0.46699747488582916,0.4669967334031251,0.5330056514078986,0.733008072050419,0.39967231807456505,-0.0500,1.0000,0.1500,5.575
2026-04-20 22:14:20.714,1908,0.46699747488582916,0.4669967334031251,0.5330056514078986,0.733008072050419,0.39967231807456505,0.4000,1.0000,0.1000,14.337
2026-04-20 22:14:20.732,1909,0.46699747488582916,0.4669967334031251,0.5330056514078986,0.733008072050419,0.39967231807456505,0.3000,1.0000,0.1000,10.603
2026-04-20 22:14:20.744,1910,0.46699747488582916,0.4669967334031251,0.5330056514078986,0.733008072050419,0.39967231807456505,0.8000,1.0000,0.2000,9.578
2026-04-20 22:14:20.762,1911,0.46699747488582916,0.4669967334031251,0.5330056514078986,0.733008072050419,0.39967231807456505,0.2000,1.0000,0.5000,12.457
2026-04-20 22:14:20.773,1912,0.46699747488582916,0.4669967334031251,0.5330056514078986,0.733008072050419,0.39967231807456505,0.4500,1.0000,0.0000,14.963
2026-04-20 22:14:20.792,1913,0.46699747488582916,0.4669967334031251,0.5330056514078986,0.733008072050419,0.39967231807456505,0.4500,1.0000,0.1500,10.736
2026-04-20 22:14:20.803,1914,0.46699747488582916,0.4669967334031251,0.5330056514078986,0.733008072050419,0.39967231807456505,0.4000,1.0000,0.5500,9.742
2026-04-20 22:14:20.821,1915,0.46699747488582916,0.4669967334031251,0.5330056514078986,0.733008072050419,0.39967231807456505,0.2500,1.0000,0.6000,12.932
2026-04-20 22:14:20.833,1916,0.46699747488582916,0.4669967334031251,0.5330056514078986,0.733008072050419,0.39967231807456505,0.4000,1.0000,0.1000,8.954
2026-04-20 22:14:20.854,1917,0.46699747488582916,0.4669967334031251,0.5330056514078986,0.733008072050419,0.39967231807456505,0.4500,1.0000,0.3500,8.651
2026-04-20 22:14:20.875,1918,0.46699747488582916,0.4669967334031251,0.5330056514078986,0.733008072050419,0.39967231807456505,0.6000,1.0000,0.1000,14.238
2026-04-20 22:14:20.885,1919,0.46699747488582916,0.4669967334031251,0.5330056514078986,0.733008072050419,0.39967231807456505,0.7000,1.0000,0.4000,13.302
2026-04-20 22:14:20.904,1920,0.46699747488582916,0.4669967334031251,0.5330056514078986,0.733008072050419,0.39967231807456505,0.6000,1.0000,0.2500,10.742
2026-04-20 22:14:20.914,1921,0.46699747488582916,0.4669967334031251,0.5330056514078986,0.733008072050419,0.39967231807456505,0.2500,1.0000,0.5500,10.449
2026-04-20 22:14:20.933,1922,0.46699747488582916,0.4669967334031251,0.5330056514078986,0.733008072050419,0.39967231807456505,0.5500,1.0000,0.3000,11.245
2026-04-20 22:14:20.945,1923,0.46699747488582916,0.4669967334031251,0.5330056514078986,0.733008072050419,0.39967231807456505,0.6000,1.0000,0.7500,10.963
2026-04-20 22:14:20.963,1924,0.46699747488582916,0.4669967334031251,0.5330056514078986,0.733008072050419,0.39967231807456505,0.3000,1.0000,0.3000,8.717
2026-04-20 22:14:20.980,1925,0.46699747488582916,0.4669967334031251,0.5330056514078986,0.733008072050419,0.39967231807456505,0.5000,1.0000,0.4000,10.282
2026-04-20 22:14:20.990,1926,0.46699747488582916,0.4669967334031251,0.5330056514078986,0.733008072050419,0.39967231807456505,0.5000,1.0000,0.4000,13.853
2026-04-20 22:14:21.007,1927,0.46699747488582916,0.4669967334031251,0.5330056514078986,0.733008072050419,0.39967231807456505,0.6500,1.0000,0.7000,16.337
2026-04-20 22:14:21.016,1928,0.46699747488582916,0.4669967334031251,0.5330056514078986,0.733008072050419,0.39967231807456505,0.2500,1.0000,0.1000,7.584
2026-04-20 22:14:21.034,1929,0.46699747488582916,0.4669967334031251,0.5330056514078986,0.733008072050419,0.39967231807456505,0.7000,0.9500,0.1500,11.288
2026-04-20 22:14:21.044,1930,0.46699747488582916,0.4669967334031251,0.5330056514078986,0.733008072050419,0.39967231807456505,0.2500,1.0000,0.2500,10.202
2026-04-20 22:14:21.060,1931,0.46699747488582916,0.4669967334031251,0.5330056514078986,0.733008072050419,0.39967231807456505,0.2000,1.0000,0.4500,8.983
2026-04-20 22:14:21.078,1932,0.46699747488582916,0.4669967334031251,0.5330056514078986,0.733008072050419,0.39967231807456505,0.7000,1.0000,0.4000,15.203
2026-04-20 22:14:21.088,1933,0.46699747488582916,0.4669967334031251,0.5330056514078986,0.733008072050419,0.39967231807456505,0.8000,1.0000,0.1000,12.675
2026-04-20 22:14:21.262,1934,0.46699747488582916,0.4669967334031251,0.5330056514078986,0.733008072050419,0.39967231807456505,0.5000,1.0000,0.1000,10.299
2026-04-20 22:14:21.274,1935,0.46699747488582916,0.4669967334031251,0.5330056514078986,0.733008072050419,0.39967231807456505,0.7500,1.0000,0.4000,13.396
2026-04-20 22:14:21.284,1936,0.46699747488582916,0.4669967334031251,0.5330056514078986,0.733008072050419,0.39967231807456505,0.5500,1.0000,0.7000,12.769
2026-04-20 22:14:21.295,1937,0.46699747488582916,0.4669967334031251,0.5330056514078986,0.733008072050419,0.39967231807456505,0.5000,1.0000,0.5000,16.134
2026-04-20 22:14:21.306,1938,0.46699747488582916,0.4669967334031251,0.5330056514078986,0.733008072050419,0.39967231807456505,0.3500,1.0000,0.4500,11.395
2026-04-20 22:14:21.316,1939,0.46699747488582916,0.4669967334031251,0.5330056514078986,0.733008072050419,0.39967231807456505,0.4000,1.0000,0.1000,10.471
2026-04-20 22:14:21.327,1940,0.46699747488582916,0.4669967334031251,0.5330056514078986,0.733008072050419,0.39967231807456505,0.4500,1.0000,0.5000,10.315
2026-04-20 22:14:21.338,1941,0.46699747488582916,0.4669967334031251,0.5330056514078986,0.733008072050419,0.39967231807456505,0.6000,1.0000,0.4500,12.543
2026-04-20 22:14:21.348,1942,0.46699747488582916,0.4669967334031251,0.5330056514078986,0.733008072050419,0.39967231807456505,0.3500,1.0000,0.5500,9.303
2026-04-20 22:14:21.360,1943,0.46699747488582916,0.4669967334031251,0.5330056514078986,0.733008072050419,0.39967231807456505,0.6500,1.0000,0.4000,12.612
2026-04-20 22:14:21.371,1944,0.46699747488582916,0.4669967334031251,0.5330056514078986,0.733008072050419,0.39967231807456505,0.7000,1.0000,0.3000,10.880
2026-04-20 22:14:21.382,1945,0.46699747488582916,0.4669967334031251,0.5330056514078986,0.733008072050419,0.39967231807456505,0.6000,1.0000,0.3000,12.185
2026-04-20 22:14:21.392,1946,0.46699747488582916,0.4669967334031251,0.5330056514078986,0.733008072050419,0.39967231807456505,0.3000,1.0000,0.4000,12.083
2026-04-20 22:14:21.404,1947,0.46699747488582916,0.4669967334031251,0.5330056514078986,0.733008072050419,0.39967231807456505,0.2500,1.0000,0.6000,12.439
2026-04-20 22:14:21.415,1948,0.46699747488582916,0.4669967334031251,0.5330056514078986,0.733008072050419,0.39967231807456505,0.4500,1.0000,0.3500,11.153
2026-04-20 22:14:21.425,1949,0.46699747488582916,0.4669967334031251,0.5330056514078986,0.733008072050419,0.39967231807456505,-0.1000,1.0000,0.2500,7.402
2026-04-20 22:14:21.436,1950,0.46699747488582916,0.4669967334031251,0.5330056514078986,0.733008072050419,0.39967231807456505,0.4500,1.0000,0.1000,12.258
2026-04-20 22:14:21.446,1951,0.46699747488582916,0.4669967334031251,0.5330056514078986,0.733008072050419,0.39967231807456505,0.5000,1.0000,0.6000,6.891
2026-04-20 22:14:21.457,1952,0.46699747488582916,0.4669967334031251,0.5330056514078986,0.733008072050419,0.39967231807456505,0.2000,1.0000,0.2000,13.016
2026-04-20 22:14:21.467,1953,0.46699747488582916,0.4669967334031251,0.5330056514078986,0.733008072050419,0.39967231807456505,0.5500,1.0000,0.4000,9.143
2026-04-20 22:14:21.478,1954,0.46699747488582916,0.4669967334031251,0.5330056514078986,0.733008072050419,0.39967231807456505,0.5500,1.0000,0.3500,11.307
2026-04-20 22:14:21.488,1955,0.46699747488582916,0.4669967334031251,0.5330056514078986,0.733008072050419,0.39967231807456505,0.6500,1.0000,0.4000,11.516
2026-04-20 22:14:21.499,1956,0.46699747488582916,0.4669967334031251,0.5330056514078986,0.733008072050419,0.39967231807456505,0.5500,1.0000,0.5500,12.766
2026-04-20 22:14:21.511,1957,0.46699747488582916,0.4669967334031251,0.5330056514078986,0.733008072050419,0.39967231807456505,0.6500,1.0000,0.3500,8.004
2026-04-20 22:14:21.521,1958,0.46699747488582916,0.4669967334031251,0.5330056514078986,0.733008072050419,0.39967231807456505,0.4000,1.0000,0.3500,11.651
2026-04-20 22:14:21.532,1959,0.46699747488582916,0.4669967334031251,0.5330056514078986,0.733008072050419,0.39967231807456505,0.3000,1.0000,0.5500,9.109
2026-04-20 22:14:21.541,1960,0.46699747488582916,0.4669967334031251,0.5330056514078986,0.733008072050419,0.39967231807456505,0.6500,1.0000,0.3000,13.499
2026-04-20 22:14:21.553,1961,0.46699747488582916,0.4669967334031251,0.5330056514078986,0.733008072050419,0.39967231807456505,0.5000,1.0000,0.4500,11.076
2026-04-20 22:14:21.562,1962,0.46699747488582916,0.4669967334031251,0.5330056514078986,0.733008072050419,0.39967231807456505,0.4500,1.0000,0.6000,8.577
2026-04-20 22:14:21.574,1963,0.46699747488582916,0.4669967334031251,0.5330056514078986,0.733008072050419,0.39967231807456505,0.8000,1.0000,0.6000,12.378
2026-04-20 22:14:21.585,1964,0.46699747488582916,0.4669967334031251,0.5330056514078986,0.733008072050419,0.39967231807456505,0.5500,1.0000,0.5500,12.148
2026-04-20 22:14:21.595,1965,0.46699747488582916,0.4669967334031251,0.5330056514078986,0.733008072050419,0.39967231807456505,0.7000,1.0000,0.5000,10.842
2026-04-20 22:14:21.605,1966,0.46699747488582916,0.4669967334031251,0.5330056514078986,0.733008072050419,0.39967231807456505,0.5000,1.0000,0.5000,9.084
2026-04-20 22:14:21.615,1967,0.46699747488582916,0.4669967334031251,0.5330056514078986,0.733008072050419,0.39967231807456505,0.6500,1.0000,0.2500,11.402
2026-04-20 22:14:21.627,1968,0.46699747488582916,0.4669967334031251,0.5330056514078986,0.733008072050419,0.39967231807456505,0.6500,1.0000,0.1000,7.947
2026-04-20 22:14:21.637,1969,0.46699747488582916,0.4669967334031251,0.5330056514078986,0.733008072050419,0.39967231807456505,0.6500,1.0000,0.3000,12.407
2026-04-20 22:14:21.649,1970,0.46699747488582916,0.4669967334031251,0.5330056514078986,0.733008072050419,0.39967231807456505,0.4500,1.0000,0.2000,8.366
2026-04-20 22:14:21.660,1971,0.46699747488582916,0.4669967334031251,0.5330056514078986,0.733008072050419,0.39967231807456505,0.4500,1.0000,0.2500,15.777
2026-04-20 22:14:21.672,1972,0.46699747488582916,0.4669967334031251,0.5330056514078986,0.733008072050419,0.39967231807456505,0.5500,1.0000,0.2500,11.721
2026-04-20 22:14:21.684,1973,0.46699747488582916,0.4669967334031251,0.5330056514078986,0.733008072050419,0.39967231807456505,0.5000,1.0000,0.1500,8.509
2026-04-20 22:14:21.694,1974,0.46699747488582916,0.4669967334031251,0.5330056514078986,0.733008072050419,0.39967231807456505,0.2000,1.0000,0.3000,10.053
2026-04-20 22:14:21.706,1975,0.46699747488582916,0.4669967334031251,0.5330056514078986,0.733008072050419,0.39967231807456505,0.6000,1.0000,0.5500,7.345
2026-04-20 22:14:21.716,1976,0.46699747488582916,0.4669967334031251,0.5330056514078986,0.733008072050419,0.39967231807456505,0.5000,1.0000,0.4000,10.041
2026-04-20 22:14:21.728,1977,0.46699747488582916,0.4669967334031251,0.5330056514078986,0.733008072050419,0.39967231807456505,0.8000,1.0000,0.1000,12.169
2026-04-20 22:14:21.737,1978,0.46699747488582916,0.4669967334031251,0.5330056514078986,0.733008072050419,0.39967231807456505,0.5000,1.0000,0.6000,11.370
2026-04-20 22:14:21.749,1979,0.46699747488582916,0.4669967334031251,0.5330056514078986,0.733008072050419,0.39967231807456505,0.5500,1.0000,0.3500,10.454
2026-04-20 22:14:21.762,1980,0.46699747488582916,0.4669967334031251,0.5330056514078986,0.733008072050419,0.39967231807456505,0.2000,1.0000,0.6000,6.818
2026-04-20 22:14:21.772,1981,0.46699747488582916,0.4669967334031251,0.5330056514078986,0.733008072050419,0.39967231807456505,0.3500,1.0000,0.4000,8.812
2026-04-20 22:14:21.784,1982,0.46699747488582916,0.4669967334031251,0.5330056514078986,0.733008072050419,0.39967231807456505,0.2000,1.0000,0.4000,10.697
2026-04-20 22:14:21.795,1983,0.46699747488582916,0.4669967334031251,0.5330056514078986,0.733008072050419,0.39967231807456505,0.3500,1.0000,0.3000,12.173
2026-04-20 22:14:21.808,1984,0.46699747488582916,0.4669967334031251,0.5330056514078986,0.733008072050419,0.39967231807456505,0.6500,1.0000,0.4000,8.677
2026-04-20 22:14:21.819,1985,0.46699747488582916,0.4669967334031251,0.5330056514078986,0.733008072050419,0.39967231807456505,0.3500,1.0000,0.6500,12.406
2026-04-20 22:14:21.831,1986,0.46699747488582916,0.4669967334031251,0.5330056514078986,0.733008072050419,0.39967231807456505,0.7000,1.0000,0.5000,12.231
2026-04-20 22:14:21.845,1987,0.46699747488582916,0.4669967334031251,0.5330056514078986,0.733008072050419,0.39967231807456505,0.3000,1.0000,0.0500,14.058
2026-04-20 22:14:21.854,1988,0.46699747488582916,0.4669967334031251,0.5330056514078986,0.733008072050419,0.39967231807456505,0.3500,1.0000,-0.0500,11.644
2026-04-20 22:14:21.869,1989,0.46699747488582916,0.4669967334031251,0.5330056514078986,0.733008072050419,0.39967231807456505,0.4000,1.0000,0.3500,14.781
2026-04-20 22:14:21.880,1990,0.46699747488582916,0.4669967334031251,0.5330056514078986,0.733008072050419,0.39967231807456505,0.8500,1.0000,0.2500,12.530
2026-04-20 22:14:21.894,1991,0.46699747488582916,0.4669967334031251,0.5330056514078986,0.733008072050419,0.39967231807456505,0.3500,1.0000,0.0000,10.942
2026-04-20 22:14:21.904,1992,0.46699747488582916,0.4669967334031251,0.5330056514078986,0.733008072050419,0.39967231807456505,0.2000,1.0000,0.3500,12.745
2026-04-20 22:14:21.918,1993,0.46699747488582916,0.4669967334031251,0.5330056514078986,0.733008072050419,0.39967231807456505,0.2500,1.0000,0.4500,11.440
2026-04-20 22:14:21.929,1994,0.46699747488582916,0.4669967334031251,0.5330056514078986,0.733008072050419,0.39967231807456505,0.6000,1.0000,0.3500,12.924
2026-04-20 22:14:21.943,1995,0.46699747488582916,0.4669967334031251,0.5330056514078986,0.733008072050419,0.39967231807456505,0.5500,1.0000,0.2500,10.639
2026-04-20 22:14:21.957,1996,0.46699747488582916,0.4669967334031251,0.5330056514078986,0.733008072050419,0.39967231807456505,0.4500,1.0000,0.6000,8.788
2026-04-20 22:14:21.967,1997,0.46699747488582916,0.4669967334031251,0.5330056514078986,0.733008072050419,0.39967231807456505,0.5500,1.0000,0.1000,11.236
2026-04-20 22:14:21.980,1998,0.46699747488582916,0.4669967334031251,0.5330056514078986,0.733008072050419,0.39967231807456505,0.6000,1.0000,0.4500,11.958
2026-04-20 22:14:21.990,1999,0.46699747488582916,0.4669967334031251,0.5330056514078986,0.733008072050419,0.39967231807456505,0.4000,1.0000,0.3500,11.082
2026-04-20 22:14:22.003,2000,0.46699747488582916,0.4669967334031251,0.5330056514078986,0.733008072050419,0.39967231807456505,0.7000,1.0000,0.4000,14.027
