timestamp,episode,help_bob,decline_bob,delay_bob,help_alice,decline_alice,teach_alice,help_dave,decline_dave,suggest_dave
2026-04-26 18:46:36.293,1,0.9848999999999998,1.3238999999999999,-0.7187999999999999,-0.3589999999999999,-2.1350000000000002,3.0509999999999997,1.5949999999999998,-5.574761904761905,-0.5147619047619044
2026-04-26 18:46:36.374,2,1.5169595238095241,0.8806738095238094,-0.2184214285714285,-3.409247619047619,-1.1422809523809525,2.212657142857142,2.5857867724867716,-9.845507940880669,-1.6339746075473336
2026-04-26 18:46:36.432,3,1.7881711399711406,0.26018913626056467,0.4199388476602762,-6.21806114827933,0.9252034675761949,1.9886405527132789,4.5122778589567725,-13.3018488854291,-2.051346504476716
2026-04-26 18:46:36.481,4,1.1399923907791565,0.05885702392845235,1.5955365442447378,-8.955375329336368,3.548171367807832,1.9815756746121362,6.468543692117419,-16.22753762118145,-1.9000364723302994
2026-04-26 18:46:36.519,5,-0.19608740008310674,-0.699494154566724,2.599433701048593,-10.76176379663608,6.265178755683798,1.6826589963581515,8.223758228042316,-19.073896434384817,-1.2880742537876373
2026-04-26 18:46:36.563,6,-1.484442756095398,-1.778113524221051,3.6324203969534206,-13.282323480558356,7.584014299740254,0.29666674612651245,8.901930979023353,-22.9345775555823,-1.3804943748913026
2026-04-26 18:46:36.608,7,-1.9365315813072104,-2.8379634798095896,4.9780848513027705,-14.50810145078274,10.384931126508036,0.4688436628628031,10.316275714544803,-26.361280155642724,-0.8781948509506358
2026-04-26 18:46:36.659,8,-1.953777535307902,-4.291585984146076,6.026482145638376,-16.176345945520367,12.902447668800331,0.4539610174075118,13.271279765122676,-28.161543582167006,1.2337753607874054
2026-04-26 18:46:36.694,9,-1.963391316396106,-5.562710921995595,7.319770750661753,-19.858687600357595,13.626653519245641,-1.5137204506222148,15.05161544501916,-31.262533593864752,1.834807035716817
2026-04-26 18:46:36.726,10,-2.1832073193423205,-7.190364377320474,8.16860092998128,-22.217138353668563,15.701380381556774,-2.4083302753900577,16.210289362792402,-34.854297732810224,1.8591021893516912
2026-04-26 18:46:36.757,11,-2.159370123469091,-8.887327172198741,9.144273106098446,-23.64984089284982,18.462369553036595,-2.668666893407073,17.87600092034837,-37.71216219505031,2.4313486082622253
2026-04-26 18:46:36.788,12,-1.5804202357851003,-10.507507348361825,9.982368638387156,-24.213830324447933,22.080538155561324,-1.8502465316485397,20.41799646717356,-39.942529398670324,3.354882650700153
2026-04-26 18:46:36.821,13,-1.1324352688269448,-12.330793079271993,10.406336525125559,-25.456333775854997,24.91192561614034,-1.6925581946952013,22.55513237625242,-42.695257681687956,3.5730175330327993
2026-04-26 18:46:36.911,14,-0.11465803156484383,-13.785115708583623,11.21807818054629,-27.584149156059063,26.734092643435453,-2.4368305549988194,23.251959842908963,-46.93920164222724,2.215754153816963
2026-04-26 18:46:36.942,15,0.466339319564023,-15.710233848730196,11.598255386841421,-29.387167686282957,28.846206696763254,-2.947155987331644,25.367802624130217,-49.99017554798759,2.148903810706817
2026-04-26 18:46:36.973,16,1.3046877712779148,-17.434961070137245,12.139773517570212,-30.341847935131604,31.581484674563587,-2.7408767908664053,28.246399837989923,-52.29356243781877,3.0055560325155746
2026-04-26 18:46:37.001,17,2.139797943785488,-19.09658204870578,12.716886060094724,-32.418834211904745,33.18702045439715,-3.599235519650493,30.915042036428716,-54.837709405295186,3.7201127544952963
2026-04-26 18:46:37.032,18,2.561816511990206,-21.188355147362838,12.898469995512093,-34.561040648201796,34.82164361344821,-4.505024542097483,32.39843922735288,-58.60903576964142,3.2705339624541154
2026-04-26 18:46:37.052,19,3.959381786442925,-22.32695085856196,13.843133268405266,-36.23268401627164,36.79834226992374,-5.078996941678244,35.48834597004981,-60.78283437354654,4.385891630983161
2026-04-26 18:46:37.071,20,4.715266000734606,-24.132099152416394,14.10507122450059,-37.593546137379725,38.99787645818057,-5.456727699157546,37.93490912869229,-63.65774749545867,4.677140020997293
2026-04-26 18:46:37.093,21,5.41505229650024,-25.987099381486658,14.410397422181502,-38.96466616458539,41.23384033324055,-5.8446042400559275,39.48196884259255,-67.52851878259365,3.9169649024934095
2026-04-26 18:46:37.126,22,6.416198079157052,-27.410056684572382,15.261906140927813,-40.037509245791696,43.71276517266266,-6.023983196712361,41.36131514895183,-71.0811097585788,3.371235722678555
2026-04-26 18:46:37.150,23,7.871805751165734,-28.33146172221395,16.621746759570783,-41.41112477977982,45.80617478125753,-6.569788745999611,44.032968140166574,-73.81659694069151,3.5542709122748253
2026-04-26 18:46:37.175,24,8.338655897669899,-30.160297191215573,17.071504254515606,-42.42028882393858,48.424821918784005,-6.608598855000221,46.156635391275685,-77.07308112184661,3.0288226689448985
2026-04-26 18:46:37.197,25,9.242974651879319,-31.512217543321526,18.01784174287188,-43.848807416213894,50.696468379929776,-6.959613647446445,49.12181113139792,-79.5175982187163,3.3123961191296623
2026-04-26 18:46:37.213,26,9.40652327947249,-33.607930248349504,18.28733869783411,-44.86868348621,53.29686519554237,-6.951816386801996,52.60832766045607,-81.42430152714415,4.195400556480394
2026-04-26 18:46:37.231,27,9.809745059157622,-35.44398670326938,18.816773188851478,-46.347796134205325,55.427126070570814,-7.417940499241267,54.780372511623305,-84.673941520732,3.6611493312113685
2026-04-26 18:46:37.248,28,10.012105712752158,-37.52309266545378,19.086122927757984,-47.98510130635346,57.48242981025313,-8.000706295912671,56.419521507380885,-88.48127243793539,2.5445234792506835
2026-04-26 18:46:37.266,29,10.827104938476198,-38.970043778760875,20.077146955259767,-49.67822702476195,59.516054221534766,-8.71084209306904,59.17456735728113,-91.2163325275415,2.5235146237766157
2026-04-26 18:46:37.293,30,11.857860952768958,-40.1562365379642,21.351118698668408,-50.836753919296726,62.124200721702564,-8.861917070550117,61.89085805178977,-93.948825755524,2.5442816796756604
2026-04-26 18:46:37.313,31,12.23824690530582,-42.088224516155464,21.9417702149215,-52.18325124479548,64.52607303181345,-9.214254405851774,64.04958749075374,-97.22667028545239,2.0295553324143563
2026-04-26 18:46:37.330,32,12.581011451430633,-44.07355109789343,22.50945412355013,-53.347530636943226,67.16936836129966,-9.386156386683584,66.71341082238561,-99.97590388333754,2.0612427258423165
2026-04-26 18:46:37.346,33,12.400494501391677,-46.59061376521531,22.61718453805817,-55.32756241671055,68.92935545383656,-10.378536659875122,70.21619156044696,-101.88716107414716,2.912658147480988
2026-04-26 18:46:37.362,34,13.248312292265302,-48.09527847478743,23.7777976409331,-56.79417322839267,71.11735820571701,-10.880742597374423,72.10268203048663,-105.43215247056258,2.1321090968011873
2026-04-26 18:46:37.380,35,14.14036395381292,-49.59317698290795,24.9656292126374,-57.816890413433796,73.77246201333587,-10.946895694919224,75.01692893325276,-107.9359050320053,2.432263925755305
2026-04-26 18:46:37.398,36,15.538318199194746,-50.610054602234406,26.62491700092223,-59.26646233085738,75.9577350367809,-11.485077402346603,78.21775052339505,-110.17275960805448,3.0672494665062824
2026-04-26 18:46:37.419,37,16.187989196556458,-52.364522672721584,27.5017229845343,-61.119212903909094,77.76429868145225,-12.366411723770252,80.37284249884154,-113.50238374564688,2.6466849947138393
2026-04-26 18:46:37.438,38,16.826058389642288,-54.074248737271944,28.352656272497786,-61.975781642389244,80.54122964680225,-12.238091814100969,83.37512965254001,-116.04115968527876,3.027315513660372
2026-04-26 18:46:37.455,39,17.195537734406038,-56.05214453085391,28.920839531777403,-63.936308108012874,82.24318262397523,-13.218887586903062,86.1099829822473,-118.89098764438053,3.121532647515231
2026-04-26 18:46:37.469,40,18.083441583166966,-57.501301907585805,30.040243459245723,-65.49627504182969,84.3629071592259,-13.84284939448229,89.13119847930734,-121.43264238969242,3.487881535918435
2026-04-26 18:46:37.485,41,18.676788576699,-59.22409083636043,30.849580478966004,-67.32453923703623,86.19361874765531,-14.739406856515153,91.88772118922223,-124.23911218427367,3.6046036008462985
2026-04-26 18:46:37.502,42,19.292471913847923,-60.89326410736269,31.624384048471953,-68.43144980543708,88.6747055034489,-14.884385531762911,93.46930098831943,-128.16590568347516,2.5997130780314035
2026-04-26 18:46:37.527,43,19.90599636912577,-62.52248675242859,32.39498985480449,-70.44650052010847,90.21930694188482,-15.90188818140819,95.85446017087514,-131.28167731718855,2.4161778371205083
2026-04-26 18:46:37.544,44,20.609280040241835,-64.18515603168301,33.14190242000923,-72.71530287322389,91.55552381529327,-17.112870416390233,98.04103467782308,-134.6268919399917,2.0005212988746774
2026-04-26 18:46:37.563,45,20.59305039196005,-66.61862246139381,33.15958078313151,-75.20684135031709,92.67758259641604,-18.53902263434593,101.5896710833177,-136.56790106090287,2.8870529837774965
2026-04-26 18:46:37.577,46,21.308468252062244,-68.28999574364929,33.88813015072844,-77.27440799784134,94.10927146102294,-19.555928559314758,104.62345373809825,-139.05742969382237,3.2086941038731447
2026-04-26 18:46:37.593,47,21.955563646955184,-69.95169661139943,34.62479078679193,-79.08730576790298,95.78587816459174,-20.322299333111257,107.34165939141026,-141.81874366100456,3.249022529035531
2026-04-26 18:46:37.608,48,22.84131410430008,-71.36308225959506,35.580468634412775,-81.16312025633422,97.22554126790376,-21.350985593072142,111.1611115272516,-143.47731713454525,4.3588914834506545
2026-04-26 18:46:37.627,49,23.73564181709981,-72.75439829889349,36.57717521141479,-81.92219245889743,99.99393399339674,-21.077693293897678,112.80492207545525,-147.34286176412115,3.2624177699441477
2026-04-26 18:46:37.650,50,23.934605269010913,-74.87805745606676,36.847824011714955,-83.72730998359363,101.72176132048902,-21.903380699569283,115.85221728757162,-149.84408201299541,3.5378757568931487
2026-04-26 18:46:37.671,51,24.87796483910228,-76.28022869106557,37.78267091471931,-84.17917394155499,104.76228845302921,-21.448158175661053,117.79991907957468,-153.46070360058945,2.703558707065418
2026-04-26 18:46:37.686,52,25.10834340066001,-78.38781609805639,38.014081435913106,-85.73824555250538,106.67509757091997,-22.15402489396588,121.39720520854402,-155.4039407029214,3.5622882159787377
2026-04-26 18:46:37.701,53,26.264677719303215,-79.56530238598219,39.19714645082561,-87.97273073971355,107.8877756288994,-23.559604156195842,125.27556826393001,-157.07836692382,4.692026945770431
2026-04-26 18:46:37.715,54,26.97490322730447,-81.2285066281711,39.89732329486853,-89.57826050417621,109.67906731105367,-24.348357638030553,126.38916888738045,-161.5627664002961,3.037436454354304
2026-04-26 18:46:37.730,55,28.163744429699822,-82.418208735545,41.080083053381,-90.83022222477315,111.79074853531415,-24.790812083118432,129.1795260576785,-164.3753822088894,3.0522880351825195
2026-04-26 18:46:37.747,56,29.12476896760571,-83.85231122499553,42.02895440220938,-92.16340201616623,113.815575610843,-25.312469708489143,131.43621955274756,-167.7324652831747,2.453783668303282
2026-04-26 18:46:37.768,57,30.55865852459216,-84.81491762587974,43.47660199176311,-93.3234404945139,116.02043211309156,-25.664528922826015,134.33886210319525,-170.4489124158853,2.38543702142444
2026-04-26 18:46:37.787,58,31.04517915409296,-86.75408822233118,43.96223113720566,-95.30735832045424,117.37957034852141,-26.86247384102685,137.26246842027496,-173.12769462358224,2.3097828017120867
2026-04-26 18:46:37.804,59,32.24503906616489,-87.9875937335967,45.20125493667716,-96.69765361776003,119.31815528030045,-27.47241897361811,138.72661504153527,-177.27154426759137,0.7544044587433036
2026-04-26 18:46:37.821,60,33.229137287257615,-89.46161681976056,46.17822904918613,-98.60574005331898,120.74830517028673,-28.58234513935707,141.83376111095512,-179.72727834765328,0.9152025160761205
2026-04-26 18:46:37.836,61,34.737326945777006,-90.42823004203784,47.6301088294823,-100.33612423233268,122.37829749562573,-29.541500769230495,144.90720666867333,-182.20900153264103,1.0493318713029405
2026-04-26 18:46:37.854,62,35.73396300787754,-91.90360638633452,48.552911696882084,-101.66541485247943,124.42971350885249,-30.084836092448008,148.27810082744065,-184.36584205592405,1.509329843825308
2026-04-26 18:46:37.871,63,36.24001551234334,-93.8511864012517,49.01307756886297,-103.16610279254614,126.30330909715913,-30.830044273302654,151.9267460809314,-186.25938611441268,2.226190837861347
2026-04-26 18:46:37.889,64,37.207245426549996,-95.31877549120128,49.99562930965423,-104.39671171371945,128.42407953584595,-31.33221478275912,154.5463329373321,-189.19836800999298,1.8442136732854246
2026-04-26 18:46:37.914,65,38.423205524537636,-96.55327586221723,51.2418687391029,-105.60973771750602,130.51168738727435,-31.816995372838747,157.34955989914684,-191.91060384823368,1.654427552682433
2026-04-26 18:46:37.938,66,39.15378773114258,-98.29883401297872,51.99116416862087,-106.69635748245815,132.7133630952574,-32.19087954635156,160.2532474302054,-194.51820228743037,1.5535094244080383
2026-04-26 18:46:37.963,67,40.13687441633814,-99.7816416386674,52.987805022614786,-108.29091285404002,134.39670382063315,-33.077203732576415,164.22927434100973,-196.0701543167629,2.4985684113107167
2026-04-26 18:46:37.988,68,40.37838333314437,-102.00421362167349,53.24363068460205,-110.12820425534618,135.81658512402504,-34.22729854723777,167.3012991977291,-198.5329902584447,2.52529851736157
2026-04-26 18:46:38.005,69,41.82704278023745,-102.98752606141214,54.74618505781797,-111.58101070766432,137.64795489866484,-34.99406357830696,170.69579889470583,-200.68787647743622,2.84604932623556
2026-04-26 18:46:38.025,70,42.30658662954819,-104.9562362451994,55.260974606655,-113.11704856946521,139.43228258846878,-35.83493066112596,173.298663677778,-203.64366910325046,2.3252951339814354
2026-04-26 18:46:38.043,71,43.02307994552907,-106.67190307366492,56.003730190341734,-114.98399102968659,140.8781214962399,-37.00727783912602,177.31528426697147,-205.1837461172639,3.2387061400888997
2026-04-26 18:46:38.071,72,43.23439183928973,-108.8724885876606,56.27058422600975,-116.52705199975294,142.6674860655929,-37.85575598944827,178.73621400458978,-209.3080609494281,1.5459048595141287
2026-04-26 18:46:38.097,73,43.43868221279595,-111.03182224593942,56.577036037647254,-119.01775532336667,143.54176681160894,-39.661582667574415,181.3683108737879,-212.18207053785483,1.1117963526795427
2026-04-26 18:46:38.119,74,44.07365627059585,-112.71977920760042,57.34016332432146,-120.56262704626539,145.35849431430265,-40.54725957224724,184.1904956190118,-214.88562558895063,0.8606256294528519
2026-04-26 18:46:38.141,75,44.24105692180332,-114.82918832491967,57.70321669872818,-122.21891245367752,147.01209234288368,-41.54493239465913,188.4348966202073,-216.18654257619022,2.0446212950155305
2026-04-26 18:46:38.161,76,45.07397705550968,-116.26476728276293,58.77491655456722,-123.2074896295825,149.31795501390704,-41.87417063563059,190.4953419687547,-219.65047639825897,1.0836106830012417
2026-04-26 18:46:38.185,77,45.46286381397395,-118.19455089062643,59.35575302582103,-124.51778386044766,151.2867946095382,-42.52760304332736,193.89242378712956,-221.76433101066382,1.4975935505462652
2026-04-26 18:46:38.207,78,46.56339790936301,-119.41319339434465,60.65220679779014,-125.62557631967519,153.42905879531878,-42.97784454263086,196.16650481733987,-224.970216671533,0.8168914618615485
2026-04-26 18:46:38.228,79,47.18606346075781,-121.09699947422185,61.49143417890272,-127.0310529728028,155.22990144371767,-43.75870382440866,198.70692914563082,-227.9335343143099,0.38948295198898253
2026-04-26 18:46:38.256,80,48.26971975421715,-122.32749719545792,62.81313174234678,-128.1637656898365,157.2569740379901,-44.258003558718976,202.350989238278,-229.78614564758558,1.0406156949496799
2026-04-26 18:46:38.278,81,48.607887364045595,-124.32201519658366,63.40372746313209,-129.84567026890957,158.68408295278465,-45.274457143673615,204.58093405422002,-233.0175545867669,0.310094317715555
2026-04-26 18:46:38.299,82,49.2360212834497,-126.0001471877361,64.3347483068398,-131.11133748983244,160.49289191859486,-45.85478950782003,207.64902077555533,-235.41208741741696,0.43398542808641044
2026-04-26 18:46:38.348,83,49.77863922056263,-127.72102205908489,65.22813670383856,-132.2243685568033,162.3746484483795,-46.279349634786,210.71375646945256,-237.80936397350382,0.562944775453238
2026-04-26 18:46:38.361,84,51.27565937755407,-128.4713055560105,67.10996879555876,-133.218089413264,164.34071306689492,-46.60208896805257,213.2518051579016,-240.7272711962886,0.2012944019563413
2026-04-26 18:46:38.374,85,52.584260449920244,-129.4077514966613,68.80906286574876,-135.31118596576448,165.15469098076343,-48.05689896167181,217.11460186585023,-242.33450967192215,1.1708269902225408
2026-04-26 18:46:38.387,86,53.409976223836104,-130.83476100436846,70.01110377045676,-137.16197012135007,166.17461996486483,-49.27924249523241,219.6344399944465,-245.3039411037051,0.7789509425244119
2026-04-26 18:46:38.400,87,54.17720914883637,-132.3425354243466,71.12919772102447,-138.7005153772703,167.4691665713109,-50.205309145376866,222.4541299172629,-247.97150858414537,0.6682987547850551
2026-04-26 18:46:38.412,88,54.498413065716406,-134.29215996491266,71.78893159870918,-139.5090619762364,169.46651279425654,-50.391507917753295,225.52232502843665,-250.38410588594536,0.8119109973489772
2026-04-26 18:46:38.424,89,55.33496691239078,-135.71977812643019,72.9685947791924,-140.66591201550406,171.11522701457525,-50.91150054782348,229.39379389396262,-251.99443807362067,1.7826226019449063
2026-04-26 18:46:38.436,90,55.71399146744925,-137.59906730741756,73.70587883521569,-141.6895579286956,172.86136497039422,-51.31274160602774,231.9195572955062,-254.9395729305329,1.4362886583409231
2026-04-26 18:46:38.450,91,56.19270154284211,-139.37167652167398,74.57132382051319,-142.6179423112305,174.6538423920993,-51.67290039417223,235.81471966336707,-256.5134275802547,2.4253060590821733
2026-04-26 18:46:38.461,92,56.77345362289325,-141.07615882470435,75.50274144308845,-144.17113983549035,175.76980597465484,-52.67802201077792,238.61193318557287,-259.1805021204603,2.329882199962593
2026-04-26 18:46:38.474,93,57.357625215007566,-142.78806613856045,76.43152383599889,-144.76531870097216,177.83892619024527,-52.72477748317658,240.83768454477425,-262.3841120846136,1.7058850665742231
2026-04-26 18:46:38.488,94,58.661537494316484,-143.77230406917755,78.07919584769948,-145.87952236499694,179.35792659627432,-53.29455129091802,242.5220883548087,-266.1193576929796,0.5348945097037521
2026-04-26 18:46:38.501,95,58.72152093482258,-146.0055050452396,78.47721846032027,-146.61956753131037,181.20001467626454,-53.476111091280345,245.85162281746727,-268.2021488448685,1.0162519931111205
2026-04-26 18:46:38.514,96,59.51949352322701,-147.4807111586958,79.64864949380538,-147.55375156166593,182.81552431944917,-53.84765885837172,250.71856454896775,-268.743069026303,3.064450998625876
2026-04-26 18:46:38.525,97,60.115008228261054,-149.13734658617832,80.64511772311927,-148.2838116669339,184.6103990266862,-54.01990559956284,252.62741179350186,-272.25846498157944,2.145249362284403
2026-04-26 18:46:38.536,98,60.56457528726626,-150.96123416395636,81.48053247886125,-149.93945945220298,185.4366951549156,-55.12098116046432,255.40454771859353,-274.9052748906353,2.0998736447144557
2026-04-26 18:46:38.544,99,60.75549779118898,-153.02262836023735,82.10406100135502,-151.27252699652865,186.55171992262825,-55.90674924171645,259.49338353787317,-276.2558397440846,3.3657946387527566
2026-04-26 18:46:38.554,100,61.05684638645452,-154.94441782774666,82.88136353824501,-152.58614935484067,187.65261990103335,-56.6913766917407,262.5164224437361,-278.66927051620615,3.5613830885354134
2026-04-26 18:46:38.566,101,61.75623139568195,-156.4679374224358,84.05325295096968,-153.50737500472061,189.10645778103938,-57.082815791166965,265.00774118011356,-281.6009567138221,3.238204099623131
2026-04-26 18:46:38.577,102,62.15621470603871,-158.2686167379408,84.97029714616971,-154.37386010785067,190.59868102881154,-57.41132021598148,268.0005698381059,-284.03152120605716,3.4222210574114595
2026-04-26 18:46:38.589,103,62.630308925337985,-159.9514405736163,86.02659723445683,-155.24190055464882,192.08697490842744,-57.73739577954773,270.4773648771055,-286.97481671093504,3.1131186703534146
2026-04-26 18:46:38.599,104,62.98044205426273,-161.73876310404515,86.95563307885591,-155.98853700549944,193.66822310258323,-57.92551751474098,272.113323360559,-290.7617434042343,1.9830745969355028
2026-04-26 18:46:38.611,105,63.07383076857761,-163.78821354291355,87.60512227129828,-157.47382759072278,194.4757550984651,-58.84237431315545,275.11081177894505,-293.18891503614793,2.222315172309057
2026-04-26 18:46:38.624,106,63.287059857650036,-165.72609719358013,88.36356622791371,-158.4402460076053,195.78210122681773,-59.240348042164726,279.44927234798445,-294.2566698404078,3.823470814875151
2026-04-26 18:46:38.635,107,63.29519972096156,-167.86644215080057,88.89783250147961,-159.18426203365192,197.31366969308635,-59.40806579791349,280.8244292629932,-298.30773123278544,2.425337856490327
2026-04-26 18:46:38.652,108,63.66939846667845,-169.6292858387635,89.80840163901003,-160.6501745969362,198.0941554219488,-60.28603665335536,282.76800847571934,-301.81254121694695,1.5695541061630194
2026-04-26 18:46:38.666,109,64.77890932835402,-170.64632356771958,91.46766125690526,-161.8322431684197,199.1436545379689,-60.88855608286875,287.1415443954201,-302.8883162831628,3.154069549820313
2026-04-26 18:46:38.681,110,64.98069400860399,-172.55923967297664,92.23085629993494,-163.22714591593578,199.97051791544908,-61.71150075553039,290.42997170606304,-305.05406086375007,3.64128331613156
2026-04-26 18:46:38.697,111,65.88117754998787,-173.78261158073047,93.67210414715434,-164.26664192103487,201.1060373110898,-62.192864674753054,293.1960963454033,-307.75323849272166,3.5881855340143396
2026-04-26 18:46:38.712,112,66.20182377308487,-175.5998124292351,94.52792973384216,-164.91859074367275,202.61348877151488,-62.29999981540394,295.68679155691666,-310.7352790709391,3.251948375729445
2026-04-26 18:46:38.728,113,67.17304438450833,-176.78349817178525,96.02711860323144,-166.47849146405477,203.20404006319183,-63.311428449491615,298.1428969789389,-313.7208118220862,2.9115796634579922
2026-04-26 18:46:38.740,114,67.39434036716978,-178.71388342355417,96.77010133322405,-167.70729454538576,204.09959606009573,-63.99528980341656,301.44820103463377,-315.8484333070109,3.4271454566038106
2026-04-26 18:46:38.756,115,68.3655278072057,-179.89308279675586,98.26340037550551,-168.70244543350637,205.19720842104837,-64.45052825812118,304.72293563565006,-318.0088301594377,3.914660227647604
2026-04-26 18:46:38.773,116,68.90402698651451,-181.4960656464029,99.33144226513883,-169.383972048153,206.59720563312422,-64.60422917722627,306.63821729889503,-321.53771420201724,3.019199565189865
2026-04-26 18:46:38.790,117,70.02518818600797,-182.51592595221223,100.99352686401903,-170.7804774140352,207.26791268636893,-65.4750070091537,309.0877308408493,-324.4982394073897,2.698405036400965
2026-04-26 18:46:38.803,118,70.10071837410284,-184.59412408689008,101.57795418582961,-171.6237373071773,208.48347400481916,-65.78041273125783,310.176765043836,-328.80951966704305,1.0465379704691122
2026-04-26 18:46:38.816,119,70.70335011749206,-186.14787247164105,102.6975813990223,-172.64347608722605,209.4795476071882,-66.27007471000378,313.69826565826094,-330.67842415793115,1.8352128299116184
2026-04-26 18:46:38.832,120,72.17130069003396,-186.8498563991408,104.67215112412562,-174.32497589953903,209.76698875312684,-67.4191983458692,316.66177793249494,-333.08780807203976,2.0879571036291558
2026-04-26 18:46:38.846,121,72.3060133524372,-188.90037390609763,105.30743743273162,-174.97551288175916,211.0599832690863,-67.54856533548173,318.82353455803786,-336.30442039382496,1.5321920737327699
2026-04-26 18:46:38.860,122,72.06104215790889,-191.32222743744853,105.55307980468909,-176.22446570503135,211.72174467108374,-68.29445162211834,321.5233517410448,-338.9816244986585,1.5241372568998175
2026-04-26 18:46:38.879,123,72.29875661119453,-193.2331215559862,106.27751921277046,-177.0400549977237,212.78200602756587,-68.60987882489637,324.4804963717925,-341.39460368825445,1.7677847298695895
2026-04-26 18:46:38.893,124,73.95939140387547,-193.71044391859965,108.42849409489014,-178.35650780162868,213.3290038990291,-69.4310839544116,326.8912892114724,-344.3384618187497,1.5007152519475124
2026-04-26 18:46:38.908,125,74.23552698654126,-195.57036449254676,109.21041504425637,-179.24682375849525,214.28680637992488,-69.82284613288247,330.6365865062619,-345.9497035343827,2.5771509781510256
2026-04-26 18:46:38.921,126,75.14639739585195,-196.7912695734909,110.64080407164379,-180.368708666866,215.00433728900575,-70.43876832014686,334.118495805453,-347.82884587118633,3.380947639161292
2026-04-26 18:46:38.932,127,76.05323718608877,-198.01213520876917,112.07710045530968,-181.29473792863263,215.89392555504227,-70.86014716970625,336.5392146203854,-350.780098402204,3.1076526676768634
2026-04-26 18:46:38.945,128,76.32884529574144,-199.8816910337082,112.8670342960948,-182.16437081977625,216.82255380472188,-71.231190461287,338.69038186412854,-354.01487126773986,2.570103284445913
2026-04-26 18:46:38.955,129,76.61601858405633,-201.7595193189017,113.63845215758592,-183.40198740091574,217.39148965543006,-71.95881104892219,341.6635831417027,-356.4450145964446,2.8362549086517035
2026-04-26 18:46:38.967,130,77.03933584817688,-203.51007126969233,114.52399516232198,-184.15342687844202,218.44374486667624,-72.19315038292838,343.5516134668853,-359.96002626399587,2.027902569559563
2026-04-26 18:46:39.006,131,77.82173999584,-204.90523828889906,115.7503539896302,-185.3175407181253,219.07227659805437,-72.82259283890662,345.7085109888855,-363.2021352337526,1.5107282859898818
2026-04-26 18:46:39.018,132,78.29882812762305,-206.6059514141285,116.66340381078187,-186.1986108018049,219.9812509481539,-73.1514456180143,350.0072006800075,-364.295989090741,3.1524483625981468
2026-04-26 18:46:39.027,133,78.64391935161909,-208.44601933366482,117.44962683026559,-187.25526627351445,220.68553230231302,-73.66860133837665,353.5072223496651,-366.1924009462538,3.9822527072106055
2026-04-26 18:46:39.039,134,79.3254510357334,-209.94354674731812,118.6028816024501,-187.98821961184981,221.67819535515417,-73.8687104210737,356.20611661583905,-368.90413323779467,3.9906783605201612
2026-04-26 18:46:39.051,135,79.69104227748375,-211.76021266643082,119.45045893034928,-188.66476121790114,222.7087255059826,-74.00388584966771,359.4509867756005,-371.0782884604154,4.553033376089331
2026-04-26 18:46:39.062,136,80.3264861113697,-213.30452942681092,120.55965891543308,-189.7190533779325,223.32766083864826,-74.51625270337033,361.0895072350296,-374.8829522301463,3.47292607789552
2026-04-26 18:46:39.073,137,80.83186246942998,-214.97159865628302,121.54419330703263,-190.2633655146139,224.43020897014014,-74.52472718810579,364.3617199730636,-377.06250477433406,4.015366513878621
2026-04-26 18:46:39.085,138,81.3420969877294,-216.6374872224526,122.5361651593796,-191.01567988334008,225.29390182636763,-74.75718399206514,368.4520346877653,-378.42670233202404,5.3842668726261795
2026-04-26 18:46:39.096,139,81.79902108059338,-218.35103994851843,123.4799815660682,-191.84571004190536,226.0491765169834,-75.0979873616971,371.9943542017087,-380.33102193459814,6.192833372572639
2026-04-26 18:46:39.106,140,82.18601101138731,-220.13911191504295,124.34713655869558,-192.504126379375,226.9505975103775,-75.28151461124459,373.3540949177563,-384.4049696948027,4.824307950445021
2026-04-26 18:46:39.119,141,82.38860888603706,-222.11471969183958,125.01496988227456,-193.26697389790107,227.73492490383651,-75.5702846731526,375.25051636314606,-387.91888604322696,4.009417568336971
2026-04-26 18:46:39.130,142,83.04678649822522,-223.65004076934324,126.11356161546857,-193.70435506908962,228.835051885755,-75.53567454132289,377.68615828511855,-390.89672915928537,3.737412928316683
2026-04-26 18:46:39.145,143,84.04548952604789,-224.8288458021268,127.56489001161786,-194.2394313394216,229.82515926283648,-75.61382049357522,381.21192575631017,-392.79408085848127,4.555306291842849
2026-04-26 18:46:39.158,144,84.8761551397856,-226.18527469744657,128.84193829240823,-194.65088825928038,230.92107068176955,-75.59159105628515,384.47008451514444,-394.96393398102504,5.093827863355728
2026-04-26 18:46:39.169,145,85.30352551429854,-227.94623287554808,129.7283713805089,-195.36819678562495,231.68350215388523,-75.89478704209613,386.6481912986538,-398.22421583561965,4.541529672392527
2026-04-26 18:46:39.184,146,85.44784694471866,-229.97664607353153,130.35748195508597,-196.0306656290288,232.4762100078896,-76.16637952117553,389.097670281932,-401.2140750718139,4.2623592889855
2026-04-26 18:46:39.197,147,86.17339096328892,-231.42571247426753,131.56241987557175,-196.68778266141268,233.2622011648461,-76.43473246247858,390.99681406072847,-404.7376667142572,3.4439095270673983
2026-04-26 18:46:39.212,148,86.7454460904857,-233.05886249276662,132.58488309201357,-197.7538992791769,233.6102910694666,-77.12007649986796,394.2517636405606,-406.91277274986527,3.9880671312832443
2026-04-26 18:46:39.224,149,87.23157701988862,-234.7848173098941,133.5181081786937,-198.7194451475661,234.05792938833164,-77.69544132882847,398.05041690756525,-408.54632862582844,5.0807372903101875
2026-04-26 18:46:39.235,150,87.48986066794095,-236.73934213548847,134.23394811988618,-199.32365448087725,234.86646512292938,-77.91055213846084,400.4899093785465,-411.5327143760774,4.814439497329189
2026-04-26 18:46:39.249,151,88.0663682256755,-238.38671545361186,135.25770083166248,-199.89838406630625,235.68668764551026,-78.09574364252556,403.19645601188193,-414.2440814275132,4.814038539023957
2026-04-26 18:46:39.262,152,89.5386038122795,-239.14562853698956,137.1782641957125,-200.39745446077404,236.58651767486637,-78.19759270123508,404.5515161102313,-418.30907874386656,3.4526027474864294
2026-04-26 18:46:39.273,153,89.6038975963494,-241.30704040207195,137.71737661325156,-201.13545822481908,237.21534017981315,-78.55291867087766,407.5454344382563,-420.75050103696054,3.718637578491428
2026-04-26 18:46:39.286,154,90.88409722412419,-242.2422461681664,139.5019438052317,-201.75197202798577,237.93905669749685,-78.7888356455685,409.99907335714516,-423.74007578955724,3.442293650759305
2026-04-26 18:46:39.299,155,90.74104326080068,-244.59846728440743,139.87666972969834,-202.42761277086487,238.58661768364507,-79.0962531955643,413.00625299137005,-426.18657462702527,3.699868108671652
2026-04-26 18:46:39.313,156,91.75105053313987,-245.81522872828194,141.39980702894374,-203.38094334304458,238.94280267705264,-79.69372026902637,415.4656444452791,-429.1782697555222,3.4095349524467804
2026-04-26 18:46:39.324,157,93.46843083534654,-246.31116577104063,143.64850034940497,-203.9710377238224,239.65731429393094,-79.94738705505017,417.9358070219156,-432.1718435008405,3.1137318868798767
2026-04-26 18:46:39.337,158,94.19192940611791,-247.79993232097485,144.90687469620553,-204.38338666847716,240.5239028088653,-80.04999456979924,420.9443948470459,-434.62312889205816,3.3726077751725727
2026-04-26 18:46:39.351,159,94.92206437165856,-249.29317469770902,146.16341076514024,-205.10841872935367,241.06065571859148,-80.46719548251059,423.96150441662354,-437.0812687674032,3.632169888145684
2026-04-26 18:46:39.362,160,95.66546742501542,-250.7924492418854,147.4185935399282,-205.9421820960408,241.46539709138773,-80.99973795626036,426.1471171794808,-440.35423882066567,3.0864329087294915
2026-04-26 18:46:39.374,161,96.18811775432724,-252.5109023377556,148.4471547688233,-206.43072836201816,242.20244825791684,-81.18420649411249,429.14526058439884,-442.8072312922201,3.3584860192651145
2026-04-26 18:46:39.384,162,96.6532900402179,-254.27476871748704,149.4233461977379,-207.00218710828426,242.83733841213453,-81.4477296561023,431.0685532477804,-446.3509591527234,2.5277630653696272
2026-04-26 18:46:39.395,163,96.97988874503066,-256.17343866483424,150.235690960931,-207.3973663271581,243.63645859070894,-81.53085956755467,434.6204688246583,-448.2610394075073,3.3421992489050405
2026-04-26 18:46:39.406,164,97.09114602664701,-258.2818867234389,150.82347494481428,-207.92276590022465,244.31497223005158,-81.72669185825102,436.8089547061338,-451.5417079400872,2.783121214884062
2026-04-26 18:46:39.415,165,97.62079592602109,-259.981575300145,151.82267416655603,-208.65754612142288,244.78348491412223,-82.13144038356289,439.8147383507572,-453.9956086861985,3.053149159510128
2026-04-26 18:46:39.424,166,98.4115893400888,-261.41029481452097,153.09425863565727,-209.09514682256824,245.53476788573266,-82.23549192874962,443.9020456226636,-455.354697407988,4.415675235394061
2026-04-26 18:46:39.433,167,99.09507382525497,-262.9333870728733,154.27737594023006,-209.54570362265116,246.25559033006368,-82.35742174265798,446.62998506828455,-458.0760729943512,4.408022201734408
2026-04-26 18:46:39.443,168,99.77842766869094,-264.45477040415574,155.4569821857868,-210.2941558259519,246.67598801122935,-82.77807644747338,448.81437097571984,-461.34429212700644,3.8568570845721224
2026-04-26 18:46:39.453,169,100.67546413690567,-265.7628117816981,156.8637651643905,-210.65245568218015,247.4760613024738,-82.82172447628851,452.36680601506254,-463.25331926816233,4.670418056731072
2026-04-26 18:46:39.461,170,101.5701934131991,-267.07186025514034,158.277091056314,-210.94448193270168,248.32924371449846,-82.79823982037789,456.462215930938,-464.6188833588202,6.038805252396327
2026-04-26 18:46:39.471,171,101.75502308814985,-269.0842162296007,158.97300974506604,-211.6729114557659,248.74788758744106,-83.21824232959914,458.6369500749423,-467.90090643583665,5.501172517296388
2026-04-26 18:46:39.480,172,101.98482512663088,-271.0481004793008,159.72211226820633,-212.0507418651535,249.52654028375682,-83.28485034479564,461.086095230893,-470.9075379845751,5.241921363091587
2026-04-26 18:46:39.491,173,102.80644561440012,-272.411372502718,161.08062953534713,-212.6687737619297,250.06126722894516,-83.58900422858564,465.1671372763217,-472.27903936981,6.6259397361645505
2026-04-26 18:46:39.501,174,103.19955222433263,-274.2064942394294,162.00129405660772,-213.06589728261673,250.82195799963347,-83.65360199231824,469.24963380457785,-473.6515362118903,8.008730423547398
2026-04-26 18:46:39.510,175,103.42526614869196,-276.1736679968746,162.7565884067258,-213.75322779629138,251.27629858699038,-84.00654786213032,472.23125092772455,-476.12945668284823,8.29970479855365
2026-04-26 18:46:39.555,176,103.54337253589769,-278.24327325850555,163.4084841039131,-214.42050324932785,251.74661128954224,-84.34634797553474,475.75858537419606,-478.0589226128553,9.140962605966903
2026-04-26 18:46:39.565,177,104.58329741210403,-279.3904164595104,164.98900940432958,-215.1227008686863,252.16148337166814,-84.73321788305121,479.82812603892563,-479.44179769537914,10.523191839608135
2026-04-26 18:46:39.574,178,105.18767360780029,-280.96858109806936,166.12841830189373,-215.69145947738878,252.69633074984162,-84.985442158414,482.5486023080976,-482.1754667974242,10.547080697455517
2026-04-26 18:46:39.584,179,105.07704140525425,-283.25241501214083,166.562102297244,-216.47476707356194,253.00773723214755,-85.45041934608216,485.53818052443916,-484.64003974621784,10.828631226680805
2026-04-26 18:46:39.595,180,106.27935118639861,-284.23284561505477,168.3043564759111,-217.18064984158977,253.38791975937184,-85.83041746352782,489.35446089208415,-486.28412061260735,11.925986039620778
2026-04-26 18:46:39.606,181,106.38976644465397,-286.3024297792673,168.95656778031605,-217.70780443365257,253.94614654901767,-86.02115150374863,492.0873562891631,-489.01870155282484,11.92623862281116
2026-04-26 18:46:39.617,182,107.1032437920896,-287.7728514617818,170.20404244625232,-218.375806498296,254.3512649271938,-86.35915188789106,495.64741539774764,-490.9359540486046,12.746086357208135
2026-04-26 18:46:39.628,183,107.48789124255386,-289.5847892936866,171.1173944776788,-218.9332330486973,254.86472636251247,-86.59342067130969,497.8314723546243,-494.22428749823877,12.202368246425046
2026-04-26 18:46:39.637,184,108.64532704698205,-290.6179370283515,172.80117786937043,-219.55393442080316,255.29572791874642,-86.90181843308741,501.1073033343664,-496.4120205710352,12.755538998637599
2026-04-26 18:46:39.646,185,109.58018182931984,-291.8704625066887,174.26310445635028,-220.2385577952422,255.64897631714425,-87.27518851806597,503.28819079143676,-499.69348758080326,12.211986617763865
2026-04-26 18:46:39.654,186,110.85044018540175,-292.801871249594,176.03303564855014,-220.77553234835028,256.146606604744,-87.50943617114221,506.8390818724008,-501.604819367747,13.030383404423697
2026-04-26 18:46:39.664,187,111.58614637347826,-294.27392766146136,177.2592668643964,-221.06405494272545,256.8805264721131,-87.49017484387699,509.84415783123694,-504.0592836556497,13.30039988566748
2026-04-26 18:46:39.678,188,112.10425299524569,-295.97309857189776,178.26409579397856,-221.66619817834263,257.2953126819415,-87.78250253521871,512.3172364264716,-507.05900278661187,13.007449949522217
2026-04-26 18:46:39.690,189,113.23510154120204,-297.0604132313147,179.8949794622389,-222.41495694519796,257.5715684314408,-88.21771264240228,515.3388766139517,-509.50396736929497,13.251964847434973
2026-04-26 18:46:39.700,190,113.5365972416812,-298.99017005089917,180.67793950917414,-222.84577143017506,258.15040650607546,-88.33296846173272,519.175687649319,-511.12345662986553,14.3209105487541
2026-04-26 18:46:39.709,191,114.34692010904091,-300.4356344005205,181.94614618247317,-223.2145637498645,258.79032343552655,-88.37262472180977,522.4677949174668,-513.2846320256858,14.837683512068265
2026-04-26 18:46:39.718,192,114.62411517893979,-302.43605496692874,182.66615281431254,-223.8147999548088,259.19375219469237,-88.64858811347315,525.2015057440628,-515.9972365116535,14.801967169027362
2026-04-26 18:46:39.726,193,115.8130183323501,-303.5310811303323,184.30924031782178,-224.31982356107807,259.6932468947299,-88.81064104710701,527.6652518334035,-518.979858664749,14.498102467345216
2026-04-26 18:46:39.735,194,116.22146236060546,-305.4085840236122,185.17994842516586,-224.68430593271145,260.3218994882914,-88.84589841136712,531.4999286095223,-520.5999559721923,15.563082911933726
2026-04-26 18:46:39.743,195,116.26582894105755,-307.6560626545369,185.68288428986085,-225.42975453409508,260.55442924066443,-89.2764282298378,534.2376704204837,-523.3096507773063,15.543413846499279
2026-04-26 18:46:39.753,196,116.94934867945035,-309.2623635457895,186.83181728111114,-226.2327811716446,260.71502383139153,-89.76874239836062,537.5291777601124,-525.4732208589281,16.062469809574814
2026-04-26 18:46:39.762,197,117.96347116574567,-310.5462933243472,188.29696929648304,-226.67521227542673,261.22613080569226,-89.90080097177146,539.4465953937903,-529.0143347813319,15.190547715516344
2026-04-26 18:46:39.771,198,118.70458967835337,-312.10682636450616,189.4870503008083,-227.18134484980027,261.6596970154801,-90.08447009211578,541.3671628191888,-532.5373165184961,14.338131329667773
2026-04-26 18:46:39.781,199,119.29860103176003,-313.7959452844727,190.54883445863155,-227.86846666734704,261.90759050330604,-90.44992681509838,543.8341792910894,-535.5166411584703,14.032519380279204
2026-04-26 18:46:39.790,200,120.348026201378,-315.02794527595427,192.06014863923292,-228.21076663884065,262.4772188973274,-90.47637248386653,546.3074283051573,-538.4953385976162,13.705332087670152
2026-04-26 18:46:39.800,201,120.35025201836929,-317.30444750806316,192.51469450377886,-228.6071617031192,262.9823155290382,-90.55874618414008,550.1642734889946,-540.100412851989,14.748783583237413
2026-04-26 18:46:39.809,202,121.38333236649244,-318.52610366407333,194.016553523624,-229.11778781923286,263.3703378456561,-90.75133198688094,553.1934837385312,-542.5374871361686,14.967213258145383
2026-04-26 18:46:39.818,203,121.6974767593538,-320.4724410214827,194.79073766006852,-229.58439671408473,263.77495679540743,-90.89897799441135,557.3217730687368,-543.8811892220253,16.280771075769007
2026-04-26 18:46:39.827,204,122.14387065090908,-322.2883240740688,195.70242925979795,-230.12800501883757,264.0847909999024,-91.12732398866206,560.899576387129,-545.7735198902292,17.05255278722992
2026-04-26 18:46:39.835,205,122.90502236701451,-323.7868451494258,196.93742127203737,-230.76993552466303,264.29942304648307,-91.4496733577548,563.9165848912012,-548.2285494289537,17.257498372085198
2026-04-26 18:46:39.844,206,123.34096649494361,-325.6124863972027,197.85706232448314,-231.39371433095653,264.54734599710474,-91.74270480363806,567.2243520739039,-550.4038819644926,17.73756890202911
2026-04-26 18:46:39.855,207,123.77230639264997,-327.4393867064404,198.78194056659274,-231.83732324600794,264.96936009757604,-91.86027596436838,570.8162015480295,-552.3002280364879,18.503868487315884
2026-04-26 18:46:39.864,208,125.019454960694,-328.4416671616613,200.53870986477912,-232.34778333388545,265.32311058599726,-92.04146521443994,572.7549606715645,-555.8422801754662,17.632374980069276
2026-04-26 18:46:39.874,209,125.97639143418735,-329.71869990387984,202.02499878858356,-232.9304784866308,265.5996565974662,-92.29635530157937,576.6026297002921,-557.4690707400154,18.672724082049047
2026-04-26 18:46:39.883,210,126.87754878015734,-331.04543145857895,203.4616373321495,-233.3660829796677,266.00959461733925,-92.41095869566095,580.1817034490595,-559.3628580040837,19.439284099455747
2026-04-26 18:46:39.893,211,127.82610705778109,-332.31777911896563,204.95083116105647,-233.82212603639735,266.3874169628946,-92.55920954814384,582.6766214238114,-562.3331244805802,19.135020275197526
2026-04-26 18:46:39.903,212,128.21248142173093,-334.13971566670193,205.89093290807182,-234.13086251514798,266.9033125887359,-92.56417045025606,585.9744263737329,-564.4888862923726,19.642690844608566
2026-04-26 18:46:39.912,213,128.86686845548587,-335.68201097971075,207.10574455669274,-234.57678768879987,267.2712944431741,-92.70831566864769,588.184447993969,-567.7402769825717,19.05840201144728
2026-04-26 18:46:39.921,214,129.58974682999724,-337.1694395718511,208.3684593208271,-235.15323262258087,267.5016883754764,-92.97834061333658,592.024776770264,-569.3683313637708,20.10010014950768
2026-04-26 18:46:39.929,215,129.81630072269405,-339.15069075770754,209.13423378222805,-235.53956030441412,267.92956729786,-93.06050872275672,594.2228350957707,-572.6369544797375,19.506945151088818
2026-04-26 18:46:39.939,216,129.93308967714154,-341.2456224612654,209.79263684663061,-235.9488201418636,268.33821751862246,-93.16543657158726,597.7981761944334,-574.53549277822,20.287789394656272
2026-04-26 18:46:39.950,217,130.31582595244075,-343.07122144577863,210.73555609009097,-236.2490871449326,268.83674877663714,-93.17574627597146,599.993762439581,-577.8012724962683,19.704586073764666
2026-04-26 18:46:39.959,218,131.2513865186162,-344.34397079105275,212.23385900105092,-236.56691937306536,269.3058749947616,-93.22402267442759,603.5560667587337,-579.6946118274808,20.485984936082023
2026-04-26 18:46:39.969,219,131.96196284353098,-345.83299152110095,213.51263212504128,-236.7704457387016,269.8646139812128,-93.17571475530814,606.3091248372144,-582.4058521402217,20.454107810217646
2026-04-26 18:46:40.020,220,133.1604226487818,-346.8236264179967,215.28962253201243,-237.1931487327259,270.19274079796844,-93.3550370559253,609.6175094701479,-584.5693759261402,20.966272525974468
2026-04-26 18:46:40.029,221,133.921545065407,-348.2539413399994,216.62638729037732,-237.491094562453,270.6457621585318,-93.4074439701487,612.9370405045238,-586.7232310582115,21.488845118764807
2026-04-26 18:46:40.038,222,134.74621486503412,-349.6295112515992,218.00661697861327,-238.04111408705688,270.84563681321646,-93.7091280924544,615.9670207766774,-589.1641689969408,21.716130809425458
2026-04-26 18:46:40.048,223,135.9586249941459,-350.62299168202503,219.76937048974202,-238.62288406963356,271.0187423207966,-94.03575419765477,618.9969889000599,-591.6003991468435,21.93872592482746
2026-04-26 18:46:40.058,224,136.79596503079227,-351.99635383240593,221.1441065994595,-239.27902529172277,271.11881884576104,-94.43321074482058,623.3791003710108,-592.679008361285,23.522575081310475
2026-04-26 18:46:40.068,225,137.46454512850585,-353.5391417338762,222.35172491703457,-239.7610673562844,271.39753598857374,-94.66074705892224,625.0406222458626,-596.4810685459857,22.393054621863712
2026-04-26 18:46:40.078,226,138.29449301677073,-354.92080166079035,223.7268582035405,-240.01341707427375,271.90638871410295,-94.66206351026409,628.6105861974293,-598.3756811804407,23.171451168905513
2026-04-26 18:46:40.088,227,139.51967537831064,-355.91722816962994,225.48782168847612,-240.2620185679278,272.4090372208087,-94.66808710484548,630.8354924611058,-601.6203310036104,22.60171256949395
2026-04-26 18:46:40.099,228,140.7456632252715,-356.9130711438221,227.24654813302388,-240.7036090836654,272.7052088152112,-94.86613377425758,634.7111379644649,-603.2164535664288,23.666381077525664
2026-04-26 18:46:40.110,229,141.30256036381968,-358.5686898939226,228.3429826067029,-241.19115543609098,272.9490292441194,-95.10499064445503,637.745853829553,-605.6553267932328,23.884434781687766
2026-04-26 18:46:40.121,230,141.92293593181626,-360.157664475855,229.49232867896697,-241.58071056481023,273.2825487496056,-95.24349632322185,641.0794311067701,-607.7912039713642,24.399683841803537
2026-04-26 18:46:40.131,231,142.64178562680894,-361.63851283417523,230.74550294780158,-241.73449534856115,273.8419341844137,-95.14090191599364,644.115235441304,-610.2233431965417,24.611636385022283
2026-04-26 18:46:40.143,232,143.64090656409084,-362.8470386438425,232.2658384405272,-242.04528376313664,274.23370060770196,-95.20220218926411,647.4415972922303,-612.3639183445042,25.128642998705445
2026-04-26 18:46:40.155,233,144.5362789781038,-364.15438139102315,233.68027063741852,-242.23429647709085,274.7383005874097,-95.15270377265756,649.1278182398754,-616.1477889892624,24.00653432892827
2026-04-26 18:46:40.166,234,144.66055022940398,-366.22618987533593,234.33192161192844,-242.6714551814156,274.99223142103097,-95.35983301633128,651.601625612732,-619.1306852405614,23.69152547039642
2026-04-26 18:46:40.177,235,145.5929637758034,-367.48090694771764,235.79978701749803,-243.01449695258245,275.33316292733434,-95.46840747841158,654.9010462736254,-621.2902451137892,24.20280975850158
2026-04-26 18:46:40.187,236,145.97692040264377,-369.2821439484906,236.72802070549739,-243.35906928253095,275.66948766860384,-95.5766434139065,657.9329571491236,-623.715836346112,24.44780863169721
2026-04-26 18:46:40.198,237,147.6667222758401,-369.7742981613979,238.9713809345769,-243.75020418950783,275.95600448134945,-95.72888333222889,661.5061256294715,-625.5987105227526,25.237415019223775
2026-04-26 18:46:40.208,238,148.8739349723009,-370.75877227449945,240.72098406385808,-244.0939850193487,276.292148032828,-95.83325621884266,662.8725337941286,-629.6836244598496,23.833729422341694
2026-04-26 18:46:40.219,239,149.04310482935065,-372.7814834157752,241.42961379855734,-244.47812364458753,276.5813457705529,-95.98664464404384,665.066460849932,-632.9364497129206,23.267757819191765
2026-04-26 18:46:40.230,240,149.97303946135995,-374.03417733322397,242.89856451395517,-244.6652740850958,277.0541001611444,-95.9400688471347,667.8038820849056,-635.6538420786001,23.228591534837538
2026-04-26 18:46:40.240,241,150.63127132765715,-375.55493394383205,244.0926586930728,-244.8862428725476,277.480486623997,-95.93286971486452,670.8286492347846,-638.0932306331542,23.455179686666266
2026-04-26 18:46:40.251,242,151.77577177512035,-376.5888252993346,245.7807212171934,-245.24277387100022,277.7490467433153,-96.07664285960927,673.8401796728702,-640.543403793819,23.660045938441908
2026-04-26 18:46:40.261,243,153.45856989814473,-377.0782655540418,248.009227446858,-245.52198912064796,278.0752565957207,-96.1612805489381,676.8682821246276,-642.9741183414433,23.870672057996927
2026-04-26 18:46:40.272,244,154.38158717199235,-378.33051283308623,249.47873292064045,-245.77800940006532,278.41727002718835,-96.22708821596531,678.8291487644123,-646.480893730441,23.00297290351039
2026-04-26 18:46:40.284,245,155.63079115322506,-379.2549339296146,251.2783685883848,-246.06393527323843,278.7134697680096,-96.33615003699767,681.8663853498264,-648.9105556739178,23.20498619514289
2026-04-26 18:46:40.293,246,156.6586357626364,-380.39395000856166,252.85830115353284,-246.46004129564997,278.8910901542777,-96.5632658591194,685.1849290438475,-651.0561910047833,23.691643576423264
2026-04-26 18:46:40.308,247,157.41220166439112,-381.79992266613215,254.1678518239754,-246.78070187791633,279.1404810734895,-96.71349008122439,688.2328068365159,-653.4674893074682,23.92009714437771
2026-04-26 18:46:40.320,248,157.9398500439491,-383.42751899164347,255.25330079051488,-247.034111968393,279.4522678465799,-96.79960707101048,691.5199078703916,-655.6329319073841,24.400056615362413
2026-04-26 18:46:40.332,249,159.06176257045712,-384.45737744130645,256.9408024804828,-247.30649603901944,279.74918872111374,-96.90300968773133,694.5606884620386,-658.046598811722,24.632136780944773
2026-04-26 18:46:40.344,250,159.7608052702749,-385.9182482179638,258.1931704965252,-247.70114194243126,279.92599818800454,-97.12686592784037,697.8725685448427,-660.1930935989021,25.121379258500316
2026-04-26 18:46:40.354,251,160.62196065143002,-387.22211234728263,259.605646941344,-247.9009795296025,280.29741135638676,-97.15778470244112,699.8089661380644,-663.7106557616577,24.239341659578866
2026-04-26 18:46:40.367,252,160.99461697069387,-389.01031169751485,260.5299686173377,-248.11490483359063,280.6437230084663,-97.2041633861928,701.7461484887519,-667.2255102985529,23.357051707176165
2026-04-26 18:46:40.377,253,162.45318676079316,-389.71230270855756,262.5296670202139,-248.48452141516017,280.8348395044808,-97.39555047627522,704.2302580387887,-670.1961519003527,23.01662331959685
2026-04-26 18:46:40.388,254,162.88628031874188,-391.43958659662775,263.50230546552,-248.72129570078502,281.1550840822276,-97.45852006772004,708.6337680095219,-671.2453729509524,24.59036562410505
2026-04-26 18:46:40.399,255,163.4243920584567,-393.05836960618234,264.58712882107045,-249.12316503720652,281.3091813364275,-97.68987109968589,712.4742216840707,-672.8596287665847,25.58874740621025
2026-04-26 18:46:40.409,256,164.83208764386612,-393.81484866102255,266.53042842585427,-249.42145764374294,281.57208997540477,-97.81893221621775,715.274970469798,-675.5191785561057,25.541602889848008
2026-04-26 18:46:40.422,257,165.43624854372447,-395.3799929542301,267.66317685178814,-249.7622454289847,281.77390376806034,-98.00366274081685,718.0325826609044,-678.2260954684665,25.442581135263822
2026-04-26 18:46:40.432,258,165.99199265418073,-396.99605772659254,268.7408758392889,-250.04005849582973,282.03051398213273,-98.12134779001406,722.1612648484819,-679.5540531431443,26.723583521435966
2026-04-26 18:46:40.442,259,166.64814223512386,-398.5070711648309,269.9267644342897,-250.3883338431811,282.21046303056465,-98.3112998498836,725.4847944934618,-681.686612833562,27.197370826848378
2026-04-26 18:46:40.452,260,167.30582267795359,-400.0132581532018,271.1076970086071,-250.57328510651658,282.54378566352966,-98.3465393761335,727.1469901071852,-685.4801311458023,26.004422729890678
2026-04-26 18:46:40.461,261,168.07841395695695,-401.41995320686567,272.3766345825062,-250.86064211891792,282.7638296729642,-98.49367032555328,729.6444906891078,-688.4389267115655,25.63974705681042
2026-04-26 18:46:40.471,262,169.18870307246664,-402.49387785701487,273.98772293636114,-251.17265559812463,282.9651210158471,-98.66827239629636,733.4822137905021,-690.0444796272659,26.625731751131006
2026-04-26 18:46:40.479,263,169.25685814733106,-404.61261222673386,274.5512969844379,-251.39351319711295,283.2529065415385,-98.7529379373868,735.3998521731422,-693.5662489205558,25.681212017600416
2026-04-26 18:46:40.489,264,170.26614258167092,-405.81058407531094,276.0315618313184,-251.63230830460847,283.5143089899964,-98.86042697449854,738.1995066605252,-696.2007055719262,25.627029622326525
2026-04-26 18:46:40.499,265,171.1858283203205,-407.10194186154723,277.41592860550054,-251.9355517306234,283.7116492048662,-99.0317392833876,740.9869015910289,-698.8401621180933,25.575433235011708
2026-04-26 18:46:40.507,266,171.295013986806,-409.20091225057433,278.00057891096276,-252.2088924441071,283.93480007719324,-99.17682080010985,744.5536637962674,-700.7020996709596,26.30022869308531
2026-04-26 18:46:40.518,267,172.0352046138298,-410.6668036019549,279.2158890840018,-252.45975384888098,284.17289342578727,-99.29298969625957,746.7802820717251,-703.9060127584158,25.676980968696082
2026-04-26 18:46:40.528,268,172.73307161321284,-412.182057210542,280.38116786711026,-252.773971916795,284.336313238634,-99.47083274751468,750.3531658675297,-705.7663118675351,26.391843102159786
2026-04-26 18:46:40.537,269,172.89382131255033,-414.2366781604,281.0134707323358,-253.09315005728772,284.48464894515064,-99.6612934024284,754.1824610147903,-707.3672806620725,27.3670857209779
2026-04-26 18:46:40.548,270,173.50246353035183,-415.8453159557746,282.0868048244762,-253.40684216211713,284.63116959731593,-99.8498997706995,756.6993112844185,-710.2832716215876,27.022514496739248
2026-04-26 18:46:40.558,271,174.07253421284807,-417.48993505901024,283.12576268472134,-253.66500284270293,284.8349028469907,-99.98534865608302,759.7031133147574,-712.71641452539,27.16495367002958
2026-04-26 18:46:40.569,272,174.82039812197894,-418.960346922048,284.3371499514277,-253.92698181809135,285.02630435396605,-100.13064739265238,763.0823317446569,-714.7721074887191,27.678420154235067
2026-04-26 18:46:40.580,273,176.01539816920052,-419.9871651045229,285.99038419152777,-254.2280148837244,285.1715762985438,-100.31997746529304,767.2311173494395,-716.0581970809528,28.964323487924908
2026-04-26 18:46:40.588,274,176.40802943477996,-421.81959945551375,286.8420203499911,-254.56083272007774,285.2833345413966,-100.54281946778661,770.8432889312742,-717.8817254216922,29.699865432051105
2026-04-26 18:46:40.599,275,177.08034862674032,-423.37592072673516,287.9536766696603,-254.881790559798,285.4055434149544,-100.7526742651587,773.9100157066663,-720.2500182804207,29.89448884698899
2026-04-26 18:46:40.607,276,177.8867039203053,-424.7996407741497,289.18794599612914,-255.22708087909575,285.5034630132734,-100.98143577596468,777.1957338579199,-722.3932614353317,30.32020508128357
2026-04-26 18:46:40.621,277,178.56679745309265,-426.3552357495531,290.29620517237333,-255.38110174169964,285.8016628936343,-101.00887441352559,779.4229382323022,-725.5932646919526,29.69371244116782
2026-04-26 18:46:40.633,278,179.28258645801228,-427.86762230432754,291.4521269032645,-255.61621644474585,286.0167157172864,-101.10754499726917,782.7082334282289,-727.736817801607,30.125020040470865
2026-04-26 18:46:40.642,279,179.9978828103385,-429.3802888358752,292.60848668444856,-255.7885566901667,286.2867046527817,-101.14748245926862,785.4785668531864,-730.3966105198771,30.04088173036719
2026-04-26 18:46:40.702,280,181.69037538060607,-429.91380987113246,294.7398670797546,-256.08144146302385,286.4373893146873,-101.30870468676093,789.0509012618905,-732.2585736732811,30.7627660807044
2026-04-26 18:46:40.712,281,182.1813790753003,-431.6476561390934,295.6741298425032,-256.2431882999551,286.72025614127296,-101.33431440371919,791.5679625041581,-735.1811885633887,30.42224743442568
2026-04-26 18:46:40.721,282,183.11089917578306,-432.9393900287988,297.05573659417973,-256.4164729296423,286.97621744063036,-101.38553671899417,794.88813439989,-737.3023394339507,30.883969253107995
2026-04-26 18:46:40.730,283,183.64373224148204,-434.62765011967605,298.03312186639965,-256.6800536075862,287.1328576921919,-101.54340783211784,797.9469010935908,-739.6797851071055,31.08801874778796
2026-04-26 18:46:40.738,284,185.1057178936617,-435.38117816175105,299.9409677695479,-256.89477187423864,287.3454634873574,-101.64809033343427,801.254001634586,-741.7961581569214,31.552254801301633
2026-04-26 18:46:40.749,285,185.85799060331394,-436.8434349177522,301.1381950790069,-257.0992902771774,287.569993134192,-101.74269030106387,803.9887039597011,-744.4818444893372,31.450857387436844
2026-04-26 18:46:40.759,286,186.8321716416027,-438.08606233988877,302.5595375519772,-257.36202620416094,287.7275676897914,-101.90114296913761,805.9266501125377,-747.9679469918818,30.55144086964432
2026-04-26 18:46:40.769,287,187.27835202964977,-439.86351472488036,303.44450938420516,-257.5949668980031,287.90184800456365,-102.03498517146586,808.9380631016833,-750.3696726783171,30.739789650620732
2026-04-26 18:46:40.780,288,187.95479078939107,-441.41677030518434,304.5515751860324,-257.8190175049481,288.0723267801982,-102.17120880338125,811.6676026305308,-753.0523054531224,30.64438559861821
2026-04-26 18:46:40.789,289,188.93918543236867,-442.661602825296,305.9717948194772,-258.0513470593527,288.22737448182073,-102.32290978291783,814.1381574199232,-755.9931590587814,30.289025039681793
2026-04-26 18:46:40.799,290,189.386691710869,-444.4406903696281,306.8591022773715,-258.2447434528442,288.42504825921054,-102.42351777019458,815.8101541882327,-759.7318404332339,29.132934373790533
2026-04-26 18:46:40.807,291,190.63680405270247,-445.42176632350674,308.54606432392274,-258.4664903601952,288.60201981689954,-102.54237073314779,818.5673988265693,-762.3840683200833,29.057406558267104
2026-04-26 18:46:40.816,292,191.71346412574601,-446.583209270107,310.05045053042784,-258.61352425456073,288.8607637813636,-102.57993404841793,823.4550237039841,-762.8990090434949,31.115725472463335
2026-04-26 18:46:40.825,293,192.92255972137082,-447.6079594717823,311.6949906720467,-258.8675871575106,289.0070359451166,-102.72622793570415,827.001404761852,-764.75255201767,31.842129814048437
2026-04-26 18:46:40.833,294,193.8666971574808,-448.9032296848011,313.07725701257397,-259.10891462750607,289.16552672983755,-102.86551644578958,829.4458267564837,-767.7130380330179,31.464918636370758
2026-04-26 18:46:40.842,295,194.28757616868523,-450.7273347391563,313.9197632126864,-259.24272816115473,289.43569551747663,-102.8924846031893,831.6323973877946,-770.9326784714368,30.830079826512588
2026-04-26 18:46:40.851,296,195.55805244689984,-451.7080133681328,315.59255033529564,-259.40456582659147,289.6736331882944,-102.94647195119364,836.0079941106773,-771.9663979222133,32.37979317774826
2026-04-26 18:46:40.860,297,196.56115981740479,-452.94972994245904,316.99581566382676,-259.62704767170015,289.851063961967,-103.05637866847842,839.0417906250638,-774.3411303527284,32.59112659916162
2026-04-26 18:46:40.869,298,197.48248927572672,-454.2695700343698,318.31542980170525,-259.8472583638353,290.0270203492699,-103.16263743274136,841.791852264175,-776.997197745399,32.52084419455851
2026-04-26 18:46:40.877,299,198.0341425605407,-455.95784388404513,319.27108438903934,-259.9731643987804,290.2885788616803,-103.183755570603,845.3608235113912,-778.831893920317,33.27575068390977
2026-04-26 18:46:40.887,300,198.85272678866056,-457.3819967921078,320.47935333917883,-260.11140432068004,290.52405913194406,-103.23766827198266,845.6428355395792,-783.958077418099,30.736984392885635
2026-04-26 18:46:40.895,301,199.55473013865102,-458.9241225119962,321.57247134783734,-260.2482007351434,290.76128044809457,-103.29091901730713,848.3983464058764,-786.6176576268011,30.66339476623596
2026-04-26 18:46:40.905,302,200.51749036734586,-460.2029527649193,322.92884433767415,-260.3668317007754,291.019451159972,-103.3239006660467,850.6132680136428,-789.8197539626035,30.045826702740086
2026-04-26 18:46:40.915,303,201.25988478486036,-461.7082710496111,324.0625911192738,-260.46183812034104,291.3022632084828,-103.32864972575862,854.9646638579571,-790.8798320584559,31.579954876357284
2026-04-26 18:46:40.923,304,202.5307487783321,-462.686620281846,325.7269822106427,-260.7631173685602,291.3677127722325,-103.54872403854083,859.5979618373898,-791.6583475324327,33.396612394092294
2026-04-26 18:46:40.935,305,203.27406731583426,-464.19446166146406,326.8619161129897,-261.01351486259443,291.49078202654925,-103.71329364011834,862.3550234341221,-794.3164167560315,33.323607989610366
2026-04-26 18:46:40.944,306,203.7942218474938,-465.9254770479189,327.77168425643066,-261.22776872286977,291.6510332969139,-103.8394408478906,864.5728501705827,-797.5145536678278,32.704452130787985
2026-04-26 18:46:40.955,307,204.31462031527806,-467.6561026616065,328.681404097894,-261.49051412391253,291.7647752996625,-104.01092318959685,867.5884490220847,-799.914608513464,32.886628716120384
2026-04-26 18:46:40.965,308,205.1032034685539,-469.12132419043974,329.8460521800959,-261.69960980661847,291.9366983732987,-104.12623743964441,871.1465129031398,-801.7686131620835,33.608240885892926
2026-04-26 18:46:40.975,309,205.92913570947104,-470.54929754858836,331.0488272952925,-261.9680238392844,292.0525681353234,-104.29982745348605,874.73058807221,-803.5955287788609,34.352152346194636
2026-04-26 18:46:40.985,310,207.9107378915739,-470.8128195626754,333.419973357405,-262.10172618350146,292.30228291892985,-104.34168736657732,877.5169705416316,-806.2199130160506,34.29874597969485
2026-04-26 18:46:40.997,311,208.73155702150402,-472.23840978195886,334.63141050515213,-262.28234522017647,292.50345159544895,-104.43081061404261,879.7304760693984,-809.4080235771504,33.67597831221799
2026-04-26 18:46:41.005,312,209.0688872269122,-474.15402199439427,335.3487508812865,-262.4787862122625,292.6823087956896,-104.53781201936918,883.0203463348425,-811.5185544220503,34.138450873560885
2026-04-26 18:46:41.016,313,210.0360913492499,-475.4316497377251,336.7039244697673,-262.70795237805,292.81969568346705,-104.68391244079928,885.773484740615,-814.1719797434193,34.06399114820922
2026-04-26 18:46:41.024,314,211.07995376496203,-476.6325943073318,338.13730897989757,-262.9185401117013,292.9664666087196,-104.81524706307185,889.5866117730523,-815.7694256346197,35.04344302541175
2026-04-26 18:46:41.033,315,211.29708927861256,-478.66284585612294,338.74212739202187,-263.0813922439523,293.15310719715205,-104.89961013975692,893.6593551309915,-817.1102745689233,36.28206064734201
2026-04-26 18:46:41.044,316,212.49058687853523,-479.7140099242583,340.31965654192095,-263.2744209615553,293.3018812402592,-105.0174535321058,896.9579227576108,-819.2281275805683,36.749420187270516
2026-04-26 18:46:41.053,317,212.67747659203664,-481.77466731998015,340.8817031156866,-263.3951549573664,293.50980288236934,-105.06721756582276,901.3134338953778,-820.2863669537369,38.27722386654481
2026-04-26 18:46:41.064,318,213.05220748209993,-483.64931154164407,341.6324836317362,-263.5443911987681,293.6822633792425,-105.14859185775073,904.5833380550474,-822.4267298027761,38.72102659437213
2026-04-26 18:46:41.072,319,213.24782707218492,-485.70846230518845,342.1932686650059,-263.69284465114964,293.8492076898862,-105.22948953579449,906.4906502956787,-825.9335227832904,37.79800893656524
2026-04-26 18:46:41.083,320,214.08035760329514,-487.1366282911432,343.3852902037544,-263.8405488182432,294.01206137016953,-105.31828493441826,909.2419375039194,-828.5932286509814,37.72754806358835
2026-04-26 18:46:41.093,321,214.61333998484457,-488.8608365550139,344.2776601455307,-264.0025439772807,294.1616517321907,-105.42916546647102,912.5344560186519,-830.7142402583258,38.20224079766152
2026-04-26 18:46:41.101,322,215.1046792216848,-490.6205362486222,345.1383006325593,-264.18338774435216,294.27621395520333,-105.56794847677114,913.9159859392145,-834.7337610187363,36.780538750351795
2026-04-26 18:46:41.112,323,215.59339156011222,-492.379720201136,345.99718691956326,-264.33041764562074,294.4105389275771,-105.68611904025838,916.6599470598765,-837.3924339276263,36.71422299223366
2026-04-26 18:46:41.121,324,216.34510969318674,-493.8745228542419,347.11731283303044,-264.42444455934464,294.5975043253934,-105.75609775805093,920.4662596216829,-838.9912817062473,37.70456719988407
2026-04-26 18:46:41.131,325,217.5505780906393,-494.917177766743,348.68176621181505,-264.5981313554408,294.7040966415279,-105.91083617731496,923.1831446348459,-841.6655565243525,37.61951192615774
2026-04-26 18:46:41.143,326,218.11471674703014,-496.5972936548541,349.6145202518162,-264.74589781035917,294.83703148784286,-106.03393566687163,926.7330836067667,-843.5020871390981,38.38032490637609
2026-04-26 18:46:41.155,327,218.64184828205,-498.3129371189459,350.5086466972611,-264.8961854711392,294.9630663669607,-106.15361146810478,929.9611642710447,-845.6534258720679,38.82334204812724
2026-04-26 18:46:41.167,328,218.82200062965944,-500.36783798004444,351.0719143259806,-264.9600161347031,295.1741997114766,-106.18986041422468,933.481427363139,-847.507851223956,39.566150216676824
2026-04-26 18:46:41.177,329,219.8236852043765,-501.60332087469686,352.46161276550987,-265.1239421917644,295.27911018539606,-106.32839343557417,936.4654952431066,-849.9022795412085,39.77379309072625
2026-04-26 18:46:41.190,330,220.64071177159502,-503.0252641993473,353.6704048112681,-265.24457053355286,295.4274816917738,-106.4265252491903,940.2438681904986,-851.4965127420172,40.77905304638734
2026-04-26 18:46:41.202,331,221.1560285012027,-504.75112049091365,354.57734544445304,-265.32400131785,295.59718322456587,-106.49212167159216,941.8914023855342,-855.2201870568364,39.649571994700125
2026-04-26 18:46:41.211,332,221.86604828503366,-506.288682526318,355.66602409890504,-265.4692340087646,295.68462099351535,-106.61865967811525,944.6183846460674,-857.8660709374557,39.59198091364038
2026-04-26 18:46:41.223,333,222.39152278545524,-508.00881383242415,356.56429513445306,-265.51844678115793,295.8483308216503,-106.65318621362837,947.3722473967882,-860.4885477417356,39.54830372960936
2026-04-26 18:46:41.232,334,223.09673373731414,-509.5414733249271,357.6496558692726,-265.62517736453657,295.9517582492659,-106.7526191218105,950.6371306019131,-862.5907481747062,40.01822625375735
2026-04-26 18:46:41.244,335,223.46918814068874,-511.4145261192895,358.40196124469753,-265.7243864472651,296.05470074407253,-106.85646954879127,953.6247180639805,-864.9742072710976,40.208815345736404
2026-04-26 18:46:41.256,336,223.6922293570559,-513.4423782224654,359.0032870796139,-265.82530746167157,296.15645717116735,-106.96005548874672,955.5183574758108,-868.458928817719,39.29784409804812
2026-04-26 18:46:41.266,337,224.62385167614568,-514.7588584520114,360.3207470292964,-265.8892203025236,296.29622425177814,-107.01945110271177,957.7442048257667,-871.6166644320018,38.71193987734756
2026-04-26 18:46:41.280,338,225.82268543990986,-515.807935910752,361.8947949735176,-265.98721287637716,296.3961839209693,-107.12462893679427,959.9193021934245,-874.8189972434839,38.07702750176229
2026-04-26 18:46:41.290,339,226.1251288552902,-517.7562257889813,362.5655495829711,-266.09866977859133,296.4777420571406,-107.25216957689908,962.9346324968761,-877.1796881393357,38.28597101341096
2026-04-26 18:46:41.372,340,226.62193835650177,-519.5192809047637,363.4242671418689,-266.17248625879506,296.59355554137574,-107.34477475124697,965.6490652486516,-879.845895806166,38.189646901592916
2026-04-26 18:46:41.381,341,227.00615644628573,-521.4087407189933,364.16247653889593,-266.2354376999919,296.71457850967715,-107.42568423052178,969.434946726504,-881.4359510672862,39.17131439362436
2026-04-26 18:46:41.390,342,228.2353307792756,-522.4608444525367,365.74070244095617,-266.3276024290311,296.80744818382055,-107.53589191774122,971.9111836065246,-884.3311453268832,38.843468483489865
2026-04-26 18:46:41.398,343,229.30926868972432,-523.6722026121334,367.15379194146794,-266.427891456925,296.8827543059929,-107.65049049701436,975.4398459831606,-886.1752025557587,39.563632976369426
2026-04-26 18:46:41.406,344,230.31658992861784,-524.9516567546502,368.4994626763213,-266.4924462325639,296.99369907729465,-107.7262884003575,978.1776890674712,-888.8150311141655,39.48924769771313
2026-04-26 18:46:41.415,345,230.83083435680913,-526.7249904147966,369.35841054124137,-266.6003936732941,297.06547782746804,-107.84292993110274,981.7126449113048,-890.6624592672688,40.21194436591491
2026-04-26 18:46:41.424,346,231.61223417144654,-528.2335701076051,370.4765156373511,-266.681758381061,297.1560466755269,-107.94003166652617,983.9141750689384,-893.8418295901822,39.603016372239985
2026-04-26 18:46:41.432,347,232.62854960903226,-529.5109959761119,371.8209847969029,-266.72292861960653,297.2906771620004,-107.99792244578553,985.5742804174096,-897.5620743183799,38.45798858577622
2026-04-26 18:46:41.441,348,233.6835396371397,-530.7544394371772,373.18927151067464,-266.80615666796376,297.38133608663696,-108.10077245167956,988.313822354161,-900.2060302204051,38.387179073805264
2026-04-26 18:46:41.449,349,234.41984355600005,-532.3195768780078,374.2321604588169,-266.89742278719683,297.4527761565765,-108.22160303214395,991.8227376915887,-902.0779806998364,39.089432118075344
2026-04-26 18:46:41.458,350,235.419306758205,-533.6214145150464,375.5346078814698,-266.9354167431325,297.5716701465612,-108.29091200503574,995.8928976559059,-903.3873898593326,40.35104644071481
2026-04-26 18:46:41.467,351,235.41339430291728,-535.9319615991226,375.8241799497851,-266.99937797038484,297.6613616184963,-108.38840896978002,996.7368600412672,-907.9314669760907,38.38078996801463
2026-04-26 18:46:41.476,352,237.02690736645397,-536.6236745794807,377.72737055613214,-267.0457988340089,297.7609444339567,-108.47102073624097,1000.8178411952213,-909.2452200120276,39.64609496552938
2026-04-26 18:46:41.485,353,237.54301227112788,-538.409611015787,378.53407630326467,-267.0696422448206,297.8838925187143,-108.52756994427608,1003.5556231113268,-911.8976435461444,39.58195628646733
2026-04-26 18:46:41.493,354,238.63533885740136,-539.6174484495566,379.9167656708841,-267.09637605741545,297.9923373724627,-108.58388723002373,1006.5759443794342,-914.2718047277095,39.79758724588582
2026-04-26 18:46:41.502,355,239.44201635613146,-541.1112903917497,381.0085947573051,-267.1538502314734,298.0604530895193,-108.67057023020047,1009.0366679700492,-917.2065190939319,39.451790424108246
2026-04-26 18:46:41.512,356,240.24632296275195,-542.6052850970436,382.1007437895581,-267.1707573323834,298.164688665211,-108.71543309799945,1012.0425150371784,-919.6001851265331,39.63909321572836
2026-04-26 18:46:41.521,357,241.3391894053318,-543.81136822218,383.47787417543634,-267.24977637999615,298.20803600698565,-108.81691506994048,1015.0414164980839,-921.993596970017,39.82816994291078
2026-04-26 18:46:41.532,358,242.17234328347664,-545.2770857452957,384.59761630537,-267.31480946455525,298.26196952881133,-108.90443706497359,1018.039318906343,-924.3888293972412,40.02371661827711
2026-04-26 18:46:41.542,359,242.55316172444975,-547.2084531029457,385.25144826352494,-267.41431097099877,298.2736859009232,-109.02740466257652,1020.8074147196919,-927.0192500224465,39.978512052742865
2026-04-26 18:46:41.551,360,243.41961012153615,-548.6485551431676,386.3957366808955,-267.4572172347324,298.3313652479791,-109.09649475183086,1024.352048791256,-928.8725837577326,40.705440391621316
2026-04-26 18:46:41.562,361,244.05976179180234,-550.3234516876605,387.305121594318,-267.45955524803065,298.4237920091043,-109.11859655670905,1027.9154895560541,-930.7049766862468,41.457589246106274
2026-04-26 18:46:41.570,362,245.37229701384183,-551.3301211318728,388.8812069594644,-267.4978828597186,298.4769373148037,-109.18376043878375,1032.254285846717,-931.7620360165745,42.9903268197184
2026-04-26 18:46:41.580,363,246.24482860223364,-552.7723956559277,390.0183621563013,-267.5455492499235,298.5158628028312,-109.25707144777466,1034.7130014242653,-934.6958416163928,42.646180581098555
2026-04-26 18:46:41.589,364,246.76788281937456,-554.5537200704124,390.82257474516405,-267.5571628952116,298.57833156948277,-109.30237016252602,1036.6334266589906,-938.1718860550047,41.76239488762168
2026-04-26 18:46:41.598,365,247.77835333931958,-555.846129624925,392.1159533395795,-267.55930908269943,298.6500094334854,-109.34507191204041,1039.095442962716,-941.1089836463082,41.41906065074717
2026-04-26 18:46:41.608,366,249.33730324951614,-556.5934166894992,393.9523018388426,-267.5508570083659,298.72976996769626,-109.37523235947091,1042.6384627744549,-942.9669522823964,42.15371492800536
2026-04-26 18:46:41.618,367,249.8681130780926,-558.3722444577139,394.75316596108286,-267.55731941177714,298.78318009897816,-109.42495226590316,1045.387691518197,-945.6218095572495,42.083089060752094
2026-04-26 18:46:41.630,368,250.45082482079096,-560.0969293328291,395.6141252715441,-267.5852958836107,298.81449235176245,-109.49860696976394,1049.4814622955726,-946.9348926533816,43.34437685905474
2026-04-26 18:46:41.642,369,251.49197675892574,-561.3620206522979,396.93549305762207,-267.6035660410899,298.857610692127,-109.55996143069486,1051.6465601878667,-950.1832703767348,42.6720785984783
2026-04-26 18:46:41.651,370,252.81798931433806,-562.3383194369405,398.5418385662335,-267.6240229805836,298.8988579934843,-109.62248295528966,1053.6129908945059,-953.6392122916923,41.79150952233038
2026-04-26 18:46:41.662,371,253.90443306111214,-563.5409739639209,399.92189479868404,-267.65523576959407,298.92395713862527,-109.69520505107184,1056.6897615029425,-955.9825126070483,42.02210866812463
2026-04-26 18:46:41.671,372,254.94828180184228,-564.7715856562426,401.27646474353844,-267.6713838556804,298.96445251000756,-109.75083613736628,1060.252388901878,-957.8400616537706,42.74269430752534
2026-04-26 18:46:41.681,373,256.28106984204686,-565.7136475219172,402.91831584661645,-267.67213946554375,299.01473849017174,-109.79211861250931,1063.7917965126285,-959.7258683181756,43.438323691729735
2026-04-26 18:46:41.692,374,256.81354839610896,-567.4610911213346,403.75462526348986,-267.68617870158903,299.05142846360695,-109.84897045779289,1066.5338210535422,-962.4131968467298,43.32923618319524
2026-04-26 18:46:41.701,375,257.3163138299701,-569.2347195246255,404.5586607188833,-267.69808951691414,299.0834529871226,-109.90767091989821,1069.2977246418436,-965.0741323283374,43.249114482405474
2026-04-26 18:46:41.712,376,257.5983798772258,-571.2333038143778,405.13061416125714,-267.71435175630586,299.1019877344721,-109.96631988017282,1073.142525192721,-966.6518569882654,44.261325504834346
2026-04-26 18:46:41.722,377,258.8834569264136,-572.2334272139938,406.70139146758595,-267.7100875113309,299.134523888997,-110.00196683924042,1075.358297599037,-969.8559487691239,43.646675385686315
2026-04-26 18:46:41.734,378,258.67730546242865,-574.7188187777102,406.79030601236445,-267.7036541189674,299.16543583062395,-110.03143839932987,1076.7476087701748,-973.8785014834707,42.20958330361613
2026-04-26 18:46:41.746,379,259.40839062487953,-576.2665545724643,407.82223844817264,-267.6955481276333,299.2000177954731,-110.05205533222725,1080.5590831980076,-975.4760963661562,43.191643036062366
2026-04-26 18:46:41.758,380,259.9758940547148,-577.9838498213724,408.68371940626304,-267.69860693245465,299.22200854126277,-110.0875361255544,1084.1356169237422,-977.3099549754766,43.94449411053634
2026-04-26 18:46:41.769,381,261.0062380173079,-579.2434415900046,409.9993087243232,-267.6990814562563,299.2466778712291,-110.12420306843997,1087.4566024988465,-979.4012601578446,44.43554732183456
2026-04-26 18:46:41.779,382,261.8670121471656,-580.6739263289973,411.1421436997355,-267.70102540693426,299.2684884077852,-110.16588789524889,1089.3857599978883,-982.8796605243236,43.540524303139335
2026-04-26 18:46:41.790,383,262.69275680344754,-582.1285180031211,412.25764384751204,-267.7084146824014,299.28161021359944,-110.21105967324931,1092.089322213347,-985.5834671482739,43.41796128659702
2026-04-26 18:46:41.803,384,263.715382066765,-583.3814833428262,413.5660292206709,-267.7149635299341,299.2969044265138,-110.25310650552252,1093.7616833509194,-989.3222223848124,42.261324398953036
2026-04-26 18:46:41.812,385,264.48728457323557,-584.8836280529689,414.6149444777103,-267.706385357843,299.322659580434,-110.28372624714659,1097.3100955670477,-991.1783512729726,42.988093496025115
2026-04-26 18:46:41.822,386,265.59676523765563,-586.0473914088823,415.9981311364847,-267.7039220664064,299.3340299325431,-110.32210863609146,1100.8561369251602,-993.032345194421,43.71485891522713
2026-04-26 18:46:41.831,387,266.4255851501123,-587.4942134145452,417.0973360955237,-267.6920552884287,299.34613996795065,-110.34994512318406,1104.1931959593594,-995.0967104275126,44.2306520332009
2026-04-26 18:46:41.841,388,266.6914838304511,-589.5034898906523,417.63382274068783,-267.6872902545914,299.34303950218225,-110.38503245267913,1107.4795679213034,-997.2065191555445,44.69888183100713
2026-04-26 18:46:41.851,389,267.4635138120571,-591.0092110964877,418.68423059101667,-267.67108486209446,299.3531842140429,-110.41274871249968,1112.3315387522566,-997.7457639623117,46.73256176171723
2026-04-26 18:46:41.860,390,268.348117838983,-592.4085866485384,419.84535128950154,-267.66368999412515,299.3504936665793,-110.45441451485284,1115.0529058856705,-1000.4168622367422,46.633049092375835
2026-04-26 18:46:41.871,391,269.91848214845623,-593.1210113594842,421.69108915168664,-267.6488243696268,299.34868529484754,-110.49604322696646,1117.2578148850346,-1003.5976359210316,46.0196073681042
2026-04-26 18:46:41.879,392,270.4693741395065,-594.856992446067,422.51175503803915,-267.6203539501925,299.34981231856545,-110.52960955378194,1121.0804443311376,-1005.1608306419963,47.01799059003337
2026-04-26 18:46:41.890,393,271.2390208521038,-596.3668628222966,423.5650076327988,-267.59382547238926,299.342497546734,-110.56844817387005,1122.7503151812098,-1008.8825091285983,45.86076645034843
2026-04-26 18:46:41.900,394,272.01288893368746,-597.8745942373115,424.6162639205459,-267.56044042579737,299.33651292715854,-110.60908240955362,1124.9861556196515,-1012.0440853255577,45.26991109026685
2026-04-26 18:46:41.909,395,273.32444650263653,-598.8416707177649,426.20939526933296,-267.51765138888635,299.33414685994705,-110.64937663280101,1127.7360413212602,-1014.6900598794597,45.1954470946207
2026-04-26 18:46:41.921,396,273.6715106560087,-600.7762528355329,426.8309531826945,-267.4812310888897,299.31716517261003,-110.69990233379592,1130.4596802908777,-1017.3600030068945,45.09297178370381
2026-04-26 18:46:41.930,397,274.4784410117216,-602.2575905709908,427.90839278078045,-267.41317207994,299.32287999850524,-110.72336121341377,1134.2622595015928,-1018.9516089383949,46.062746571880496
2026-04-26 18:46:41.943,398,275.33691947935273,-603.6824864644024,429.0473207595365,-267.3694529855906,299.30412297585474,-110.77537705138177,1136.2159163006338,-1022.3935927499247,45.187548587078396
2026-04-26 18:46:41.955,399,276.129541438755,-605.1635871713463,430.13153919967806,-267.30502755583257,299.29704341218815,-110.81613205289447,1138.7432529259909,-1025.2675431937928,44.87692223540299
2026-04-26 18:46:41.965,400,276.69252824030514,-606.8733904556616,430.9907403105356,-267.2301102609845,299.3068257277872,-110.84842886099155,1142.3514740189355,-1027.0607499987982,45.64558174999748
2026-04-26 18:46:42.032,401,277.50688246066244,-608.3254852981976,432.1136749868965,-267.1749947562642,299.29699948282007,-110.9076389777474,1145.9009567720618,-1028.9083544454775,46.35995466348304
2026-04-26 18:46:42.041,402,277.57853352973797,-610.5232493204744,432.49519748964167,-267.0943229311194,299.316081529898,-110.94073658256914,1149.1943082202515,-1031.0114657675197,46.81909184488197
2026-04-26 18:46:42.050,403,278.13904789889216,-612.2372871707889,433.3617832140823,-267.02984517224246,299.31425586927793,-110.99017530198878,1151.6597504727988,-1033.9363882888017,46.45766817104862
2026-04-26 18:46:42.059,404,278.91829284891327,-613.7231340915398,434.45772755872645,-266.9620412401126,299.3088106506382,-111.03890075191543,1155.4826155388955,-1035.502236055522,47.45893862840721
2026-04-26 18:46:42.067,405,279.6644918077954,-615.2435671852522,435.5251431185865,-266.86498105656244,299.32972303215945,-111.05958176032833,1159.789590413555,-1036.5791323166561,48.952133739786504
2026-04-26 18:46:42.076,406,280.89793128259555,-616.2791251785592,437.0770027433455,-266.80376767811794,299.3160929736156,-111.11826079886939,1162.2493581727604,-1039.5048318472293,48.60051675192176
2026-04-26 18:46:42.085,407,282.16128321798124,-617.2828525766076,438.6637596982061,-266.7373344872988,299.3087938121014,-111.1735500535698,1165.243823793043,-1041.891100688252,48.78712129195592
2026-04-26 18:46:42.094,408,283.4200689020512,-618.2870269535377,440.2532037742447,-266.65630510522095,299.3095009554145,-111.217363854179,1169.0630765497542,-1043.454908783475,49.788468610205555
2026-04-26 18:46:42.103,409,284.67515161523943,-619.2929420547613,441.84601795359714,-266.6004926889799,299.27831709306275,-111.28789889256602,1171.5239713089447,-1046.3798805178476,49.43191096573073
2026-04-26 18:46:42.112,410,285.63747733289813,-620.5933528845394,443.1468976450174,-266.51397882154055,299.2765985152112,-111.32546481710301,1174.2363578909024,-1049.0448194440341,49.33814144602564
2026-04-26 18:46:42.121,411,286.11859975299853,-622.3770779271218,443.9586793123554,-266.4436481925999,299.2563837152243,-111.38396317835506,1177.5311838537773,-1051.1273729886716,49.82975093580669
2026-04-26 18:46:42.130,412,286.33847613353277,-624.4261205404863,444.51221658565646,-266.36128825184426,299.2352272200597,-111.43767823626833,1180.2645813289137,-1053.7746109662196,49.764857827081805
2026-04-26 18:46:42.139,413,287.33481120529143,-625.6946647692059,445.8490557913585,-266.25423263032366,299.2346676217695,-111.47316341470942,1183.2815611223214,-1056.1385608099838,49.97516024388704
2026-04-26 18:46:42.149,414,288.4024077619421,-626.8970453902326,447.25185240870786,-266.14857798519,299.2363071232071,-111.51276792079831,1186.3224118301625,-1058.472999393666,50.20746443607504
2026-04-26 18:46:42.158,415,289.18228793021035,-628.3948954898581,448.3587956608078,-266.04701315835416,299.2297989154281,-111.55910180684111,1189.3137449899461,-1060.8586426263762,50.39668519601624
2026-04-26 18:46:42.167,416,290.1902579733013,-629.6673374269994,449.69536109974865,-265.92561362392905,299.2412120255684,-111.58570834603113,1191.2514233876584,-1064.2982160677202,49.53500737844884
2026-04-26 18:46:42.176,417,290.2608108263774,-631.8861316008312,450.082282214239,-265.8142762162948,299.23920710839485,-111.6199508776192,1193.9573308518536,-1066.9629381371262,49.450377927264846
2026-04-26 18:46:42.185,418,291.31959687432965,-633.1267481120136,451.4442131411082,-265.7323485929448,299.206095565875,-111.6791900505718,1196.685167550052,-1069.6089391476307,49.38812985641576
2026-04-26 18:46:42.193,419,292.63835186167324,-634.107011686607,453.06629091099126,-265.63221649301795,299.18795571622894,-111.72528625294143,1200.7487148301936,-1070.9223113858282,50.659948150816525
2026-04-26 18:46:42.202,420,293.9923778034846,-635.0593425812725,454.7182350446986,-265.5288797617332,299.1730728652634,-111.76980181233829,1203.1993401442605,-1073.8477427632074,50.317672909757
2026-04-26 18:46:42.210,421,294.8002964363737,-636.5655961393547,455.8206927669261,-265.45213307792636,299.1270794346321,-111.8459980930803,1206.191438851547,-1076.2359050860216,50.51049368188209
2026-04-26 18:46:42.219,422,295.3779155177116,-638.3062266340332,456.6921987248098,-265.318055675563,299.13165768688566,-111.86730550090677,1209.1845948706984,-1078.6257693902228,50.70300603837281
2026-04-26 18:46:42.227,423,296.44937258254265,-639.5545403091605,458.0569048511467,-265.2210207579002,299.0935975193439,-111.93040240085071,1212.999060110541,-1080.1972348770103,51.7142511201526
2026-04-26 18:46:42.237,424,297.80661860252206,-640.5100941339242,459.7138516123661,-265.1385493017424,299.0430688894434,-112.01132468635333,1216.2991510467414,-1082.285538775779,52.208609808189706
2026-04-26 18:46:42.246,425,299.1333837637954,-641.4960005575016,461.3425097859806,-264.99697529449116,299.05366888529727,-112.0354260634412,1218.756945720235,-1085.2127558622624,51.856706291460284
2026-04-26 18:46:42.256,426,299.9069012783528,-643.0359504330833,462.42013625283704,-264.8819283619747,299.03332445832376,-112.09056361157839,1222.8621164049032,-1086.4956363262213,53.14282547015505
2026-04-26 18:46:42.266,427,300.2491845964824,-645.0072194554245,463.0645964026959,-264.7502907246443,299.02508933039496,-112.13140931920793,1225.6099629254588,-1089.1374262499248,53.06296335684828
2026-04-26 18:46:42.275,428,300.890596755016,-646.6921230285074,463.99365400360534,-264.6582847058628,298.97260167917113,-112.21405226987383,1228.64010677422,-1091.5006778907457,53.26855619340091
2026-04-26 18:46:42.285,429,301.71541834107927,-648.2016729776075,465.08981724647714,-264.54222832151567,298.93713650974894,-112.2809881087169,1232.1608722912072,-1093.3774800007022,53.9641947267884
2026-04-26 18:46:42.294,430,302.5438857743629,-649.7100288190629,466.1826375545934,-264.4135691479897,298.9117503828202,-112.33513421656254,1234.6284667399595,-1096.3076990044144,53.60595402823276
2026-04-26 18:46:42.305,431,303.398248562802,-651.1890249639861,467.3039408628137,-264.26737273338733,298.90397934078356,-112.37001609543053,1238.9743311747472,-1097.3617823646296,55.12281905264261
2026-04-26 18:46:42.316,432,303.73135885057724,-653.1903297667432,467.9030493729343,-264.113146013418,298.9059555297096,-112.3973157117062,1242.0081668354205,-1099.729163235795,55.32827673262476
2026-04-26 18:46:42.327,433,304.5616202918112,-654.6997056407744,468.99786659519003,-263.96974471958754,298.9009427900724,-112.43525130998779,1246.8962799965393,-1100.2443974750486,57.389043406962685
2026-04-26 18:46:42.338,434,305.10657295732216,-656.4931515798719,469.8035038838578,-263.8252870633354,298.89309211960637,-112.4700790432996,1250.986886423259,-1101.5583967137732,58.6529832083124
2026-04-26 18:46:42.348,435,305.6576035127134,-658.2842885189997,470.60733296741046,-263.6780466281956,298.8881124697183,-112.50063861505774,1253.199677484584,-1104.7482488492303,58.03733169227203
2026-04-26 18:46:42.358,436,306.98633207579053,-659.294615177754,472.1859014508424,-263.53214604135474,298.87880430737965,-112.53098411455552,1256.7784672574082,-1106.5747171200542,58.78201539491557
2026-04-26 18:46:42.369,437,308.1310207019366,-660.4876723968621,473.5749000718592,-263.4536052823709,298.80640817251594,-112.62203147457319,1259.530257848052,-1109.22765703265,58.7073067430345
2026-04-26 18:46:42.378,438,309.48568069104346,-661.470748215161,475.17128774602315,-263.3751482253952,298.7285786100494,-112.71861785751672,1263.3383214392284,-1110.825078217992,59.690433837324015
2026-04-26 18:46:42.389,439,310.3488561119006,-662.9476007471206,476.27528225756953,-263.23828289295625,298.70721073961516,-112.75958541489064,1266.656230717027,-1112.914199041213,60.18137997719144
2026-04-26 18:46:42.397,440,310.9797876326899,-664.6613400526929,477.1457092473935,-263.09384667436655,298.6940901639098,-112.79618254306992,1270.490825063161,-1114.48861274761,61.190692279189
2026-04-26 18:46:42.408,441,312.311029487313,-665.6688237158019,478.7175231549647,-262.95273633715937,298.67619391787525,-112.83650654720437,1273.521056309153,-1116.8612053045945,61.40239010684725
2026-04-26 18:46:42.420,442,312.93928441083494,-667.3773567117856,479.5882628752656,-262.7966675831599,298.6702446097586,-112.86314970726822,1274.901889038583,-1120.872984105777,59.97757755828865
2026-04-26 18:46:42.429,443,313.50394041621735,-669.1534681402511,480.3806662473466,-262.622331752045,298.67783961964864,-112.87065545445617,1277.6407676805372,-1123.5267297593734,59.913036989332014
2026-04-26 18:46:42.440,444,314.8610049951776,-670.1338377116916,481.9659830001703,-262.486219390966,298.64758140826893,-112.91959649893899,1279.562123464495,-1127.0006548824103,59.02435045584789
2026-04-26 18:46:42.449,445,316.4520115284898,-670.8810562415067,483.78381835028586,-262.37752995743136,298.58403227192025,-112.99664183234212,1282.0507639717312,-1129.910524753114,58.695172373686574
2026-04-26 18:46:42.460,446,317.0396784830888,-672.633698164694,484.59909737412494,-262.22924453529185,298.5550384510005,-113.03834312256244,1283.9743588437245,-1133.3830802064049,57.80443905507242
2026-04-26 18:46:42.470,447,317.8925208798454,-674.1295762030526,485.669026013431,-262.0690633359385,298.5426566416145,-113.06260867755748,1286.4523080004162,-1136.2944299442322,57.48267131984101
2026-04-26 18:46:42.480,448,319.4739193947167,-674.8987956787984,487.46394788504585,-261.927031040345,298.5171670399019,-113.107024953411,1290.006659696757,-1138.1270280542487,58.23858610850388
2026-04-26 18:46:42.494,449,320.8240695751217,-675.9017465907829,489.02020109149356,-261.80537479856525,298.47004639192886,-113.17126951335402,1292.4430467886266,-1141.079395223854,57.87035202822573
2026-04-26 18:46:42.505,450,321.4675545195327,-677.6106186504146,489.8676755291426,-261.63310082141663,298.47291028039086,-113.18342825570987,1295.9811628800326,-1142.9322457098845,58.59889196142152
2026-04-26 18:46:42.514,451,322.32751304687537,-679.1050492578325,490.9317408675245,-261.4772013288826,298.4604673924067,-113.2101003994234,1299.823541788374,-1144.4816826733647,59.631742156838264
2026-04-26 18:46:42.525,452,323.20771209507217,-680.581437493659,492.01888482208284,-261.35553530376626,298.41513868037407,-113.27045277834631,1303.3607266746913,-1146.3336033403978,60.36164695007434
2026-04-26 18:46:42.534,453,324.0876890125079,-682.0584694769111,493.10903088762956,-261.21269029980203,298.39102133091495,-113.31288390112317,1306.358639434864,-1148.7222952099942,60.551430214589686
2026-04-26 18:46:42.545,454,325.2187320740659,-683.2759392469585,494.45723613351043,-261.07683447047145,298.36124445014616,-113.36045855863796,1309.6606198289257,-1150.8078059472978,61.04409867356051
2026-04-26 18:46:42.555,455,325.6218973558496,-685.2166081373597,495.08399095847756,-260.98715841190557,298.2884288965515,-113.45507488842618,1313.456624408448,-1152.401312824015,62.028161578301805
2026-04-26 18:46:42.565,456,326.44370687626196,-686.7368087169558,496.13523285699455,-260.84560170750586,298.26292335355316,-113.49981768518252,1316.735023552028,-1154.5099515532868,62.49670320622996
2026-04-26 18:46:42.576,457,327.77959826456254,-687.7440289497393,497.70499902620986,-260.6734146668772,298.26788166548243,-113.50798831514068,1318.3974271931434,-1158.2335702885234,61.34894769967175
2026-04-26 18:46:42.585,458,328.87526520802874,-688.985054584325,499.0422604001764,-260.5193274873362,298.25630058691564,-113.53537957444051,1322.4739699245715,-1159.5462691552207,62.615740020121585
2026-04-26 18:46:42.596,459,329.95084396082143,-690.2501051419936,500.35391773338495,-260.3624159340612,298.25023744468933,-113.56102233592995,1325.451078857834,-1161.961507869622,62.77869114889242
2026-04-26 18:46:42.607,460,330.3267845339627,-692.2198762338285,500.95929110023224,-260.24269866802763,298.20701535712163,-113.62395013300284,1328.1953344070885,-1164.612257102547,62.709376426747404
2026-04-26 18:46:42.683,461,331.6943305364258,-693.2068526770913,502.5502576837499,-260.0772098887236,298.2136764016884,-113.63440536762137,1331.4569064012478,-1166.7475722067886,63.15430597297315
2026-04-26 18:46:42.694,462,333.04597706451443,-694.2164210230516,504.1196071707085,-259.94609387929154,298.18463910234607,-113.67509605547237,1335.2779371458066,-1168.3215397620022,64.16469379726377
2026-04-26 18:46:42.704,463,333.6707844605073,-695.956021047794,504.9553991342766,-259.8140634112382,298.1526629490171,-113.71726032336214,1338.2998906375274,-1170.6947891477218,64.37990689247177
2026-04-26 18:46:42.717,464,334.7867832534113,-697.1997750696056,506.28337992157356,-259.65817232336934,298.1401074863634,-113.74006757532749,1341.2991538475837,-1173.0900034421954,64.57461426823293
2026-04-26 18:46:42.727,465,335.88246966307344,-698.4636309572745,507.5898010801205,-259.51886391450705,298.1083692947264,-113.78374290850547,1344.8376532021564,-1174.9473719989448,65.31008941633665
2026-04-26 18:46:42.738,466,336.4843943467785,-700.2231604176513,508.4043459136936,-259.3945494468405,298.05952374787404,-113.84140481051699,1347.5589829116234,-1177.625902345732,65.22391810007707
2026-04-26 18:46:42.749,467,337.6057259264957,-701.4697064557694,509.73577393856993,-259.2545636682934,298.02760361910225,-113.88361505175722,1350.041296077264,-1180.5451125854768,64.90109597159478
2026-04-26 18:46:42.760,468,338.21037832921456,-703.234111687938,510.55198783404035,-259.07789869434197,298.0304287797342,-113.88788889588466,1353.0427182316898,-1182.9456169025627,65.09897453611782
2026-04-26 18:46:42.772,469,339.54614833562704,-704.2658288364632,512.101064125987,-258.93379586845725,297.996677538057,-113.9242987215649,1354.1627008088124,-1187.2219569417528,63.4192392145902
2026-04-26 18:46:42.785,470,340.16734267039567,-706.0074529388568,512.9419906655105,-258.8033675740462,297.94163970659434,-113.982214271983,1356.8958825295558,-1189.872768449209,63.357107768492824
2026-04-26 18:46:42.797,471,342.0360447020434,-706.502217270002,515.0287591656711,-258.707115865109,297.8453664195233,-114.08130366142497,1359.3911612442844,-1192.7604074863514,63.056450452103796
2026-04-26 18:46:42.808,472,342.4435931358536,-708.4605140305989,515.6556364454228,-258.56531915954747,297.7848919265761,-114.14369953171149,1363.1998209171268,-1194.3326157862589,64.06967661231204
2026-04-26 18:46:42.819,473,342.78054642339976,-710.4858356690715,516.2181598167267,-258.4065929461587,297.74649755981676,-114.18583266414642,1366.7049338542806,-1196.204108830603,64.78293965671043
2026-04-26 18:46:42.831,474,344.131018021816,-711.500112709341,517.7946171935749,-258.2293690679027,297.72926023765234,-114.20918559309042,1369.1735937610742,-1199.1064786616319,64.46364516231115
2026-04-26 18:46:42.842,475,344.4479184954883,-713.5518537401437,518.3362086023542,-258.12818527866773,297.62914201986194,-114.31469559009716,1372.6754171694145,-1200.9757427385948,65.17360845435704
2026-04-26 18:46:42.852,476,345.3311686728181,-715.0389360843424,519.4363997157091,-257.98308624742515,297.56657410439357,-114.37698509799729,1375.935960418816,-1203.0811114396556,65.64924819497585
2026-04-26 18:46:42.862,477,346.1736441130398,-716.5708352649002,520.4921915239685,-257.81808953223475,297.5245808154308,-114.41666399410086,1378.3826020331383,-1206.0027337411861,65.30862307983912
2026-04-26 18:46:42.872,478,346.79840424089724,-718.3164506259708,521.3337520961458,-257.67398609622194,297.4589900851922,-114.47785480819098,1380.5714410455062,-1209.1841978728203,64.71235445710123
2026-04-26 18:46:42.883,479,347.42890675236043,-720.0608596118028,522.1707601544633,-257.5270168867116,297.39249592032024,-114.54181466508709,1383.295145332494,-1211.831963055428,64.65340808088408
2026-04-26 18:46:42.894,480,348.31587152725353,-721.546916089002,523.268259591825,-257.37269700341045,297.3267678646759,-114.60806599984414,1386.0197894065293,-1214.483226793986,64.59720829324921
2026-04-26 18:46:42.903,481,349.2190753656711,-723.0104053483992,524.3895037647003,-257.1930957832682,297.2779573595579,-114.6519308403844,1389.5776653734151,-1216.3033359548376,65.37665374715513
2026-04-26 18:46:42.914,482,350.3123996543785,-724.281218877681,525.7035590565399,-257.03610797506366,297.20560959658616,-114.71334413507465,1392.8238810310556,-1218.4360784792932,65.83950263000732
2026-04-26 18:46:42.924,483,351.92679972802193,-725.0344294728027,527.5331141882716,-256.8495199866203,297.15760220568995,-114.75031765107325,1395.8076690310395,-1220.8283763528566,66.046464887504
2026-04-26 18:46:42.935,484,352.5056157342657,-726.8217918889012,528.3302472275578,-256.6884620884658,297.07689241378176,-114.81503428594962,1400.1428154862765,-1221.8676998161457,67.60573275744004
2026-04-26 18:46:42.947,485,353.62009182884196,-728.0684922984417,529.6651945481386,-256.4711421326025,297.0485087439723,-114.82529653181884,1403.664096040927,-1223.7224233442262,68.3501181220443
2026-04-26 18:46:42.958,486,353.98339880879007,-730.0651022986821,530.2458386959729,-256.2574521177962,297.0179389000132,-114.84030686109591,1406.6466908817547,-1226.1144012035397,68.55638697367402
2026-04-26 18:46:42.971,487,355.85060714438475,-730.5584322085984,532.3258910765063,-256.1152191800227,296.9168845498892,-114.92973836265946,1408.556979278137,-1229.5831391086858,67.6853388122762
2026-04-26 18:46:42.981,488,356.21887013023064,-732.5539507587685,532.9013552342637,-255.9162237229256,296.8653708083857,-114.96770211211525,1411.5471190268759,-1231.976492728856,67.88656256161065
2026-04-26 18:46:42.996,489,356.8689809248762,-734.2731386013335,533.7529745337794,-255.6951640033403,296.834724983971,-114.98558160580691,1414.8001278807662,-1234.1113813393686,68.34394781365313
2026-04-26 18:46:43.010,490,358.0152902696156,-735.500299822131,535.1001575130907,-255.44784225204688,296.8308955483473,-114.97656257973358,1418.6310226542366,-1235.6697538333167,69.38232993849495
2026-04-26 18:46:43.020,491,359.16770338816997,-736.729971301346,536.4467598503144,-255.2248605964775,296.8026952994311,-114.99086987527174,1422.423720194605,-1237.267311470541,70.38120147353769
2026-04-26 18:46:43.032,492,360.26441874655256,-738.0176906925805,537.7342929325466,-255.000622528153,296.7742589207015,-115.00543570574699,1425.7004083142344,-1239.384081424708,70.85988697145943
2026-04-26 18:46:43.043,493,361.40026628856566,-739.2666616587876,539.0588844380525,-254.75166122005768,296.7680797750146,-114.99595083112604,1429.5174395430265,-1240.9610496244454,71.87793683644145
2026-04-26 18:46:43.054,494,362.5145509405422,-740.5345704382456,540.365036217334,-254.5530229763561,296.7113236680722,-115.03534362075214,1433.311360605309,-1242.55880682012,72.87741527839195
2026-04-26 18:46:43.066,495,363.37225736209797,-742.0588336619215,541.4137688896545,-254.37649247528887,296.6257807919424,-115.10340594232989,1436.0711903356544,-1245.1930205764775,72.83522592889561
2026-04-26 18:46:43.077,496,364.28847131472077,-743.5276040550535,542.5173487560583,-254.16979144504626,296.5703255749694,-115.14584519508433,1439.0702578041075,-1247.588436837967,73.02941492845189
2026-04-26 18:46:43.089,497,364.6761204290497,-745.5310553475737,543.0851691562625,-254.011490968724,296.4599838263268,-115.24423515973693,1442.0686804082486,-1249.982264405266,73.22219122141568
2026-04-26 18:46:43.099,498,365.32248562903925,-747.278177406089,543.9125927082989,-253.81994086238734,296.3773784490331,-115.3188833277329,1445.0677828525293,-1252.374510672114,73.41315102705134
2026-04-26 18:46:43.110,499,366.22306959733004,-748.7677799328791,544.9977566299364,-253.6058768375232,296.3174909419988,-115.36995067823521,1447.7836172228397,-1255.047194593698,73.3261899986884
2026-04-26 18:46:43.122,500,367.34668093514733,-750.037116440185,546.3035664555239,-253.3880336747083,296.25900790727746,-115.41180227433397,1450.4987294482107,-1257.7187703598054,73.2389623034167
2026-04-26 18:46:43.133,501,367.97138346775233,-751.8065198800358,547.1143717205882,-253.14314374597794,296.22170185697934,-115.43105943774339,1454.3153802167358,-1259.292027219728,74.25087956056993
2026-04-26 18:46:43.145,502,368.5794696094542,-753.5937543470811,547.9080188844754,-252.94927995081082,296.1315685443998,-115.50440234802242,1458.392430285565,-1260.606232939528,75.52146095830946
2026-04-26 18:46:43.158,503,368.73122808815475,-755.8415365594282,548.2377387722181,-252.75021029851825,296.03953713229834,-115.57615084343632,1461.4125421648755,-1262.9770458169755,75.735705477719
2026-04-26 18:46:43.170,504,369.39657856476913,-757.5727656231486,549.0860753590966,-252.51923248305678,295.97959254892373,-115.61831848206434,1463.5908462345408,-1266.1909601094496,75.11056655616163
2026-04-26 18:46:43.184,505,370.2586524560561,-759.1034682962178,550.1382155557556,-252.2927761663721,295.9154530497391,-115.66779880777294,1465.5102947785724,-1269.6597551706784,74.22413782061929
2026-04-26 18:46:43.195,506,370.9403230074136,-760.8179708098046,551.0046599103831,-252.11733000622394,295.79455552805956,-115.77377949459692,1467.1470191606902,-1273.4052101306586,73.05995722859906
2026-04-26 18:46:43.207,507,372.3075348650998,-761.8516274506038,552.554479416797,-251.8450294747284,295.75794356845796,-115.79138551834886,1469.33744386917,-1276.5888651580872,72.46080193702011
2026-04-26 18:46:43.223,508,373.19132272441817,-763.3664328145346,553.6290322628391,-251.57289864500166,295.7253865741552,-115.80618380839779,1471.506429871743,-1279.7929156849766,71.84269633680455
2026-04-26 18:46:43.234,509,374.330950748057,-764.6236424597821,554.9633203412687,-251.3338835395751,295.66217529074237,-115.8553314622698,1474.494803132135,-1282.1824487808592,72.04065247356068
2026-04-26 18:46:43.251,510,374.9731199146378,-766.3824373056858,555.7991509795281,-251.12449522579206,295.56450148367395,-115.9388372005456,1477.5028795492271,-1284.5511381606673,72.25843600574818
2026-04-26 18:46:43.263,511,376.3765361727691,-767.3817965898511,557.3955910966231,-251.00299358679544,295.37192457183846,-116.11665998334436,1480.229493207056,-1287.198823479841,72.19962418709319
2026-04-26 18:46:43.278,512,378.0177701749499,-768.1412016949922,559.2325062952638,-250.7851465655151,295.26947108318285,-116.20385882402022,1484.2680017922944,-1288.532264833379,73.45622010701108
2026-04-26 18:46:43.291,513,378.3606103297748,-770.2026433331488,559.7717802286182,-250.50176997364886,295.225004927699,-116.22866739770537,1487.2531199963596,-1290.9218963875749,73.6575246647248
2026-04-26 18:46:43.302,514,378.95998579477055,-772.0064072251691,560.5736764594292,-250.3073726165797,295.08430067559254,-116.34820709899505,1489.9795778056045,-1293.5729860265722,73.5991369147114
2026-04-26 18:46:43.316,515,380.5774223593229,-772.78955863272,562.4012613559183,-250.08282284136024,294.9723504783932,-116.4372571550842,1494.0430574192646,-1294.8902158200524,74.87853284716887
2026-04-26 18:46:43.329,516,380.95487133242176,-774.8142701632568,562.9828267408251,-249.85432678099355,294.8640158276624,-116.5209160490061,1497.310964097789,-1297.004948877159,75.35885957181989
2026-04-26 18:46:43.343,517,382.10244890302073,-776.0774096777361,564.3218460249348,-249.65426208163453,294.72313847492995,-116.63935449059392,1500.5819867337527,-1299.1187393664363,75.83759443414318
2026-04-26 18:46:43.357,518,382.75020848360526,-777.8415748149167,565.1594851881753,-249.42101315656882,294.6169519946734,-116.72538478278373,1503.57400921061,-1301.5132925329144,76.03816369610152
2026-04-26 18:46:43.368,519,383.66079281866104,-779.3488535473031,566.2563680533274,-249.15189783860612,294.5446625494206,-116.77873640836712,1506.3070998486983,-1304.1666387663715,75.97932993535422
2026-04-26 18:46:43.381,520,383.83213906616896,-781.6040995220519,566.605483178412,-248.8541114103074,294.49843316676345,-116.80101594899304,1509.042426920497,-1306.8177030178429,75.91605003427517
2026-04-26 18:46:43.393,521,384.97329943039693,-782.8880198326134,567.9250729231953,-248.55249094737624,294.45169622061667,-116.82349432937129,1512.3151477948472,-1308.9325080457425,76.39437075409911
2026-04-26 18:46:43.407,522,385.8900175353618,-784.3966347168157,569.0206157320421,-248.35095599566955,294.29959877945294,-116.94965853692142,1515.3304472468235,-1311.3070057814705,76.61187833511873
2026-04-26 18:46:43.422,523,387.2902974756884,-785.4204594769877,570.6010347057291,-248.00422708079054,294.2870373487804,-116.9374467458637,1517.550605638414,-1314.4771525915644,76.03063763137588
2026-04-26 18:46:43.433,524,388.222721570438,-786.9098379522051,571.7156326731605,-247.6856638739622,294.24436642112977,-116.94938941241801,1520.0324916274612,-1317.3846295737571,75.70486864001765
2026-04-26 18:46:43.447,525,388.87644374821195,-788.6785505160526,572.5513832423572,-247.3617722449357,294.2042027558461,-116.95440518427982,1523.0290108343513,-1319.7767060697659,75.89660355358745
2026-04-26 18:46:43.457,526,390.29202706343676,-789.6840230808149,574.1520069383848,-247.08719002202494,294.11582776093127,-117.00295153116706,1525.5105599868366,-1322.6870697260422,75.57079269468987
2026-04-26 18:46:43.472,527,390.92635594850134,-791.4706578268808,574.9707920248021,-246.8064722491564,294.03610548391543,-117.045034666553,1528.2541007626328,-1325.3393417088012,75.50210595730144
2026-04-26 18:46:43.472,528,391.8193412986292,-792.9953730013833,576.04929621786,-246.57143919683458,293.90584497750166,-117.13526604007224,1530.1796829055102,-1328.8152308265442,74.60941338077204
2026-04-26 18:46:43.488,529,393.19368439988733,-794.0351352928783,577.6080556895269,-246.28342510991598,293.8233154778942,-117.17584115842084,1532.3623973489323,-1332.0308964493922,73.97962067991685
2026-04-26 18:46:43.504,530,394.33049132336726,-795.314382086177,578.9235155945162,-246.0096282072492,293.7286326620228,-117.22858681741747,1534.587686455653,-1335.2021637067985,73.3951212868996
2026-04-26 18:46:43.520,531,395.26083530602335,-796.7959893915246,580.0342942858779,-245.75807362317363,293.6088678271321,-117.30706354265111,1538.1086783691032,-1337.0808809936507,74.10290069006564
2026-04-26 18:46:43.535,532,396.6285389478651,-797.8307556535749,581.5872597377897,-245.54217694388646,293.4517502381011,-117.42487784776226,1541.1385881234767,-1339.4541726273258,74.31499626102742
2026-04-26 18:46:43.551,533,396.979582947115,-799.8828847558832,582.1231949329131,-245.25307155365505,293.3647578207943,-117.4728088737253,1543.342044649965,-1342.6464494200236,73.7084966138007
2026-04-26 18:46:43.551,534,397.8692743516397,-801.4011846318069,583.1964005412093,-244.99206203202667,293.24782545113226,-117.55316776083704,1546.1082560038267,-1345.2719051802485,73.66229833571653
2026-04-26 18:46:43.567,535,399.03853690540177,-802.6422979597102,584.5459269686896,-244.69875907826656,293.1663865911778,-117.60318312934083,1549.3893975912815,-1347.3806412979998,74.13055495898028
2026-04-26 18:46:43.582,536,399.6740824354009,-804.4193405186744,585.3559222357947,-244.45485605051255,293.0316954169504,-117.70327556395428,1551.8485134849218,-1350.3106635477748,73.78030481825238
2026-04-26 18:46:43.598,537,400.08954332838687,-806.4197465765251,585.9415431465864,-244.2025227537609,292.9032799948746,-117.7969826716593,1554.3307593158986,-1353.2198915979304,73.4553943849636
2026-04-26 18:46:43.614,538,400.50474802452527,-808.4168935481114,586.5259377157209,-243.90581611433888,292.8120330696641,-117.85491572420473,1555.9942405875202,-1356.9477320758447,72.30860936975678
2026-04-26 18:46:43.614,539,401.1464865785002,-810.1863851565557,587.3311625910245,-243.61171504185288,292.71385955808336,-117.91374879113886,1560.0456074557496,-1358.2834132478768,73.55340135455916
2026-04-26 18:46:43.630,540,402.78653698482117,-810.9582209814489,589.1323717135538,-243.3100808370702,292.6226978342504,-117.96403756046342,1563.3265211508385,-1360.392543924019,74.02203415356115
2026-04-26 18:46:43.645,541,403.6884728925424,-812.469612237712,590.1923857763718,-243.03363800874956,292.50354622112695,-118.04021363182603,1566.0932252385812,-1363.0141629075697,73.97367209621824
2026-04-26 18:46:43.661,542,404.0617587023213,-814.5136583873835,590.7231544898149,-242.76833255117828,292.36972190346364,-118.12783488447555,1569.9148225758274,-1364.5812573284786,74.97682005225336
2026-04-26 18:46:43.688,543,405.7080724526961,-815.2866065556714,592.5276603720569,-242.42969517980714,292.30970198183536,-118.1378303187736,1573.480364056572,-1366.4041951371557,75.72258952477031
2026-04-26 18:46:43.692,544,407.35440310213016,-816.0594529656845,594.3315499431172,-242.05551804147444,292.28430534041894,-118.1128308816891,1577.558620275723,-1367.7116516475799,76.97946809250591
2026-04-26 18:46:43.713,545,408.27615663439855,-817.5598022725434,595.4087889524546,-241.77952564632488,292.1586381014337,-118.1893745107157,1581.1003611964368,-1369.5575768008773,77.69382902108838
2026-04-26 18:46:43.724,546,409.9608486673019,-818.3036757012806,597.2426259895122,-241.44461114903095,292.08669866797874,-118.20929008203704,1584.387185679769,-1371.6588336718942,78.1512719165101
2026-04-26 18:46:43.740,547,410.1020718878938,-820.5953978669229,597.5299612077279,-241.09525595580354,292.0296218238978,-118.21176379303361,1586.8799849632148,-1374.5546411652695,77.8127707122702
2026-04-26 18:46:43.755,548,410.7390868774247,-822.3892432818471,598.3201341021413,-240.7357902737411,291.97755691765775,-118.20842747944472,1590.4213604639401,-1376.40017387783,78.52894691472883
2026-04-26 18:46:43.771,549,412.1994703372059,-823.363199787434,599.928064305693,-240.3824604360272,291.92088075401443,-118.21155772078643,1592.8855334816888,-1379.3228232322288,78.16596909607748
2026-04-26 18:46:43.789,550,413.8620622325534,-824.1376780715531,601.7357514387747,-240.02886592408407,291.8643808201631,-118.21561813923056,1596.7088734205552,-1380.8870433402142,79.16400925042859
2026-04-26 18:46:43.803,551,415.5404465933687,-824.8982661868633,603.5576556144924,-239.76744257872053,291.7105169200897,-118.31240244317583,1599.9913803394122,-1382.9918792075118,79.62674924274663
2026-04-26 18:46:43.818,552,416.71451739331945,-826.1616014792125,604.8802117584738,-239.57131533057103,291.4896667502272,-118.47235127046572,1602.9895065176802,-1385.379025133323,79.81079512546037
2026-04-26 18:46:43.834,553,418.9084680516879,-826.4051075541964,607.2240737454997,-239.24599130394165,291.3922230735884,-118.50837750257739,1606.5487046592311,-1387.2027157614841,80.55843278088973
2026-04-26 18:46:43.849,554,419.8195636869217,-827.9262229490972,608.290218029018,-238.91646519089517,291.2951302087936,-118.5451017439845,1609.0064913356719,-1390.1276771371997,80.20690927760795
2026-04-26 18:46:43.865,555,421.2650277174451,-828.9150951524142,609.890042602052,-238.58681173352292,291.19811278797926,-118.58533263651654,1611.7432651386093,-1392.7721017608103,80.1370838041523
2026-04-26 18:46:43.881,556,421.69011566676073,-830.9251753486559,610.4693138600012,-238.22548640358235,291.1311445484479,-118.59296716310753,1613.6604045423887,-1396.2363984933504,79.25248179362136
2026-04-26 18:46:43.889,557,422.62496568863344,-832.4350884995566,611.5490971425672,-237.869383235133,291.0583022902519,-118.60567783047854,1615.8588379554715,-1399.4221781157523,78.64723008657704
2026-04-26 18:46:43.897,558,423.5515945285339,-833.9583450704602,612.6094962569925,-237.62090050471227,290.8739463300892,-118.73356251323155,1619.6500430483136,-1401.0145189317102,79.63099781664428
2026-04-26 18:46:43.912,559,424.99993388621266,-834.9647399051782,614.1811677390092,-237.2473707506254,290.81377290833353,-118.7368746731996,1622.6454380258888,-1403.4027110997056,79.82110117202357
2026-04-26 18:46:43.912,560,426.217095532296,-836.205351932619,615.5184573080286,-236.84729096851237,290.77942360480665,-118.7141041426122,1625.8981634462712,-1405.5329003449224,80.26897034375202
2026-04-26 18:46:43.928,561,427.1825295616989,-837.7080116403259,616.5944842691612,-236.47319401801164,290.71959143441404,-118.71892451009919,1629.1700774702954,-1407.639817552042,80.74005212586822
2026-04-26 18:46:43.944,562,428.88856726524597,-838.4711598237478,618.4131946825884,-236.21095002368548,290.5445987212206,-118.8417256937418,1632.1832700572627,-1410.007247188099,80.95546665172479
2026-04-26 18:46:43.959,563,429.3350224257099,-840.4893812082879,618.9753815263914,-235.82888906437597,290.49117465587597,-118.8452409725914,1633.819187496405,-1413.7558454521177,79.79363421191984
2026-04-26 18:46:43.963,564,429.7582545765729,-842.5333015775577,619.515110538284,-235.50403769833449,290.37853036366266,-118.90739050370887,1635.9757961418863,-1416.991092674286,79.1457501392835
2026-04-26 18:46:43.975,565,430.68961188258817,-844.072435752961,620.55997028864,-235.07983718306525,290.36430110107005,-118.87489743187028,1639.2353379341394,-1419.1262677794896,79.59623187811104
2026-04-26 18:46:43.991,566,431.9020082807074,-845.3310135857805,621.8872060368308,-234.7821223758126,290.2227579230938,-118.97023946019067,1643.3347544570534,-1420.4201595266916,80.89007671483965
2026-04-26 18:46:43.991,567,432.3182734989169,-847.3892732904865,622.4155891373181,-234.40368965652223,290.15766591328907,-118.98519828664948,1647.3917751294307,-1421.7576455133378,82.13896200903216
2026-04-26 18:46:44.101,568,432.75902206634277,-849.427354397564,622.9653677264714,-234.03128721775028,290.0835665891348,-119.01010580347015,1650.931944570933,-1423.6128057994486,82.87167904857026
2026-04-26 18:46:44.117,569,433.45239128388687,-851.2199581784164,623.76380695223,-233.72664829609997,289.9373932079645,-119.10406195277629,1654.4706811628123,-1425.4673177221198,83.60438678433036
2026-04-26 18:46:44.117,570,434.66919200907193,-852.4936120485261,625.0751522952586,-233.33023147538538,289.8805630595687,-119.10522626813807,1657.4857808495528,-1427.8394465982315,83.82140100184212
2026-04-26 18:46:44.132,571,435.6497025007244,-854.0099142773208,626.1436446384483,-232.90415379723584,289.85107952228276,-119.07582889551826,1660.2207931084608,-1430.492421031983,83.75968905466803
2026-04-26 18:46:44.148,572,436.61136920454817,-855.5446952834416,627.1960167284566,-232.51696322710092,289.78060685242934,-119.08443418831942,1662.9342584219687,-1433.1655924118506,83.67842710042399
2026-04-26 18:46:44.148,573,437.0525529882481,-857.5972475398524,627.7334092633618,-232.21435433305993,289.623402379103,-119.17802364563164,1666.4845562332275,-1435.0020275145466,84.43753035635162
2026-04-26 18:46:44.164,574,438.78016140271353,-858.3651572737302,629.5556639818891,-231.8962300622989,289.4773422224033,-119.25562516609475,1668.418999534558,-1438.4566233670662,83.58045393790457
2026-04-26 18:46:44.164,575,439.9804067136283,-859.6613082171066,630.8512725664501,-231.45765841405176,289.45081113937687,-119.21586567759792,1671.1515418089589,-1441.1130332506536,83.52441833549373
2026-04-26 18:46:44.179,576,440.93451613308326,-861.2044739940848,631.8946944344257,-231.01830742370825,289.4246652483498,-119.1760447011338,1674.684744379779,-1442.970338123331,84.26399190713016
2026-04-26 18:46:44.189,577,442.6571519380735,-861.9804536486764,633.7049573043419,-230.67753366544144,289.2962382548668,-119.236065136114,1677.1561132914317,-1445.8871190088323,83.94675713355689
2026-04-26 18:46:44.195,578,443.88039522021825,-863.2573117185359,635.0183365037942,-230.2144036428014,289.28922908549686,-119.17317267041798,1679.8889162087887,-1448.5418557984638,83.8889268185443
2026-04-26 18:46:44.195,579,445.10339054783617,-864.5351738256678,636.3323407440387,-229.82612731155277,289.2058126430931,-119.18453286326957,1682.6249525538044,-1451.1963071653151,83.82748265927856
2026-04-26 18:46:44.213,580,446.3373651579806,-865.804627282752,637.6554629091229,-229.51797763855967,289.04235218810834,-119.27583571407204,1685.343265938781,-1453.8733484003242,83.74543775314805
2026-04-26 18:46:44.227,581,447.3094850665223,-867.3339933632043,638.7204786315577,-229.20284778472137,288.886997918336,-119.3607213546627,1688.341500652433,-1456.2698427293362,83.94349963012976
2026-04-26 18:46:44.227,582,448.2728930881264,-868.8731262701286,639.777597001394,-228.75470205119385,288.85796352228465,-119.31703681881635,1690.798419778299,-1459.2064284869512,83.60506967381316
2026-04-26 18:46:44.247,583,449.7587593599166,-869.8932492731551,641.3496051359245,-228.4491816129393,288.6846402567568,-119.41696558236676,1693.5351951865673,-1461.8637781495613,83.54663064454097
2026-04-26 18:46:44.256,584,451.24027672079313,-870.9206675212425,642.9099615778858,-228.13744877541134,288.5180078715381,-119.5089350939201,1696.826301221963,-1463.9647501411396,84.04877543685853
2026-04-26 18:46:44.265,585,451.98036141375445,-872.6949472027073,643.7227465136992,-227.76821762784868,288.40567258697627,-119.54378646335743,1700.076299118458,-1466.1013599424632,84.51570345703576
2026-04-26 18:46:44.276,586,452.4524135340337,-874.7423585137027,644.2568807901299,-227.48255413280157,288.2022348275084,-119.66764084032741,1703.6326507063309,-1467.928434210979,85.29861730232
2026-04-26 18:46:44.283,587,454.2034250971034,-875.5149556777272,646.0602496037827,-227.0390743763589,288.1515377702279,-119.63354123037625,1706.645533672538,-1470.2960870056957,85.54495140462097
2026-04-26 18:46:44.292,588,455.4540680354134,-876.7860850006458,647.3643194736311,-226.58880027100432,288.107782601416,-119.59014561569653,1709.9185413818725,-1472.4018095815286,86.05248476708975
2026-04-26 18:46:44.303,589,456.95489228911464,-877.8059685220171,648.920840846836,-226.24698103392484,287.9575307893403,-119.65419239388004,1713.4358279049238,-1474.259145878927,86.80388068190034
2026-04-26 18:46:44.314,590,457.67492151033395,-879.6098200851635,649.6940412737684,-225.7783437827226,287.9320414676913,-119.59381307537934,1716.9527777777978,-1476.1171788371066,87.55498780334932
2026-04-26 18:46:44.324,591,458.9294024161089,-880.8842282923542,650.9985530194873,-225.40705224030418,287.80754497333936,-119.63272413596063,1720.2096598671037,-1478.2372038653011,88.04492511040111
2026-04-26 18:46:44.333,592,460.1749604733155,-882.170240078877,652.293950116206,-224.9522685966356,287.7627359689913,-119.58791860451699,1724.0055623561664,-1479.8199263342078,89.07447063121046
2026-04-26 18:46:44.343,593,461.1674960503084,-883.7099975409385,653.3366231723584,-224.72504088166093,287.4838406522775,-119.78056096862673,1727.0165518131403,-1482.1880933399807,89.32138436751866
2026-04-26 18:46:44.354,594,462.1619706296356,-885.2504148994036,654.3795242068329,-224.40851310683473,287.285020882821,-119.8925635591393,1729.4611161203707,-1485.1248998861656,88.998635668263
2026-04-26 18:46:44.363,595,462.9054226011103,-887.046191612794,655.167671223786,-223.94569444017324,287.2291475819107,-119.8550024840303,1732.9762090386325,-1486.984191134187,89.75426342009092
2026-04-26 18:46:44.374,596,463.6409559276941,-888.8497986470421,655.9466380555716,-223.53526816028335,287.11563792559264,-119.8706487258326,1735.9539612424485,-1489.3812892648148,89.97251662956378
2026-04-26 18:46:44.383,597,465.15916307398146,-889.8745662219146,657.502832443559,-223.23970654197836,286.8840550320517,-119.99740385116303,1738.930295094797,-1491.7790656891418,90.19182721623032
2026-04-26 18:46:44.394,598,465.9005387698943,-891.6779098704105,658.2806672109314,-222.80800819333047,286.7878194846154,-119.98523464802561,1741.6596076275766,-1494.4217047705245,90.16307676270117
2026-04-26 18:46:44.404,599,467.67328428133686,-892.451918228881,660.0871135787337,-222.38937429111178,286.6803590594699,-119.98295058823135,1744.9082095946403,-1496.5428255321315,90.65973544885473
2026-04-26 18:46:44.415,600,468.93422439723827,-893.7384363571267,661.3799164857811,-221.92785868546838,286.61681505337623,-119.9386802197333,1747.0821041422637,-1499.7408057692196,90.08350084159204
2026-04-26 18:46:44.426,601,469.93798837518324,-895.2792174767213,662.4195195869306,-221.54679611414878,286.4683376635722,-119.97962153372103,1750.843747216814,-1501.3526242695305,91.09623403137715
2026-04-26 18:46:44.435,602,470.94057420042145,-896.8197442869534,663.4578382688568,-221.2870862495293,286.1883055139029,-120.15169816830493,1754.3427394693351,-1503.2275223915753,91.84604500448395
2026-04-26 18:46:44.445,603,471.68742650647164,-898.6122986503732,664.2415266217528,-220.77497400875444,286.155705372129,-120.07492204078419,1757.8544717717502,-1505.089270939967,92.60906577742577
2026-04-26 18:46:44.457,604,472.44717492802175,-900.394436192221,665.0356865838233,-220.4535655245469,285.9226704584762,-120.19523302920477,1760.5604015737122,-1507.7499878695432,92.5742477532659
2026-04-26 18:46:44.465,605,473.70448348447735,-901.6753840686822,666.3321384463846,-219.92990339435454,285.8879666237643,-120.11599413670156,1764.326855242474,-1509.348316365681,93.60242212238788
2026-04-26 18:46:44.478,606,474.7088064684441,-903.211525705415,667.3742482493994,-219.50885091053286,285.7511867665105,-120.13716162100548,1766.7563312376567,-1512.2833830946038,93.29728291983446
2026-04-26 18:46:44.487,607,474.9396438650135,-905.517727187054,667.6507294713814,-219.0532590127192,285.6487992285853,-120.12359863687955,1769.4587059450118,-1514.9469848566234,93.26673760878965
2026-04-26 18:46:44.497,608,475.9340487573991,-907.0581048966841,668.6931400391636,-218.62530207185645,285.51250938531007,-120.14248840050355,1771.9001899027671,-1517.874835920199,92.97345277097888
2026-04-26 18:46:44.508,609,476.9353801882415,-908.5945171885041,669.7409335468051,-218.1612951842892,285.4088993074178,-120.12869016079479,1774.8685527643745,-1520.2770221238982,93.20693538177883
2026-04-26 18:46:44.516,610,478.18693535751396,-909.8771758381754,671.0426805970677,-217.6177225829327,285.3859028934973,-120.03573167892786,1777.2966104093343,-1523.2137205617767,92.90656774445426
2026-04-26 18:46:44.527,611,479.4534872836853,-911.1514349890701,672.347866551316,-217.13097057858732,285.3065320029404,-120.00215931777295,1780.8167309675412,-1525.0577918807924,93.69694491454052
2026-04-26 18:46:44.536,612,480.4562750930558,-912.6908138150311,673.3853587174632,-216.646845118324,285.22373249672904,-119.96681048140546,1784.0632193366162,-1527.1763218992978,94.21494191536051
2026-04-26 18:46:44.548,613,481.72105955373036,-913.9693536991537,674.6836457336218,-216.23880566314128,285.06345938402603,-120.01078098841397,1787.0383795793214,-1529.5676374043333,94.45965050525004
2026-04-26 18:46:44.561,614,482.73257714078954,-915.5043269905328,675.727893773212,-215.81534207261504,284.91219633814313,-120.04309347339597,1790.8148338637204,-1531.158585794843,95.50383529708954
2026-04-26 18:46:44.570,615,483.48371697434237,-917.3056559711524,676.5076097164332,-215.33101277055707,284.81708770903055,-120.01402827032645,1793.7814856843943,-1533.559530910118,95.74014769679944
2026-04-26 18:46:44.582,616,484.2410956715498,-919.1058073071808,677.288406121362,-215.03260378163887,284.53588009431365,-120.17103359186312,1796.7551062130685,-1535.952477808508,95.98658844579182
2026-04-26 18:46:44.592,617,484.49097444868545,-921.4208161721563,677.5550345511305,-214.56036150632153,284.4283096834972,-120.15406085618334,1799.9883115132725,-1538.0811707799494,96.49839621902271
2026-04-26 18:46:44.606,618,484.74198801320176,-923.7418561404833,677.8166749289595,-214.07512088573463,284.3310119698468,-120.1221607344907,1802.1557929826351,-1541.2766859765347,95.9476214783547
2026-04-26 18:46:44.621,619,486.2816443886073,-924.7709597849325,679.3644225394613,-213.77745439709972,284.0435433977718,-120.27650578823076,1804.855060653838,-1543.9381938256095,95.93530834310505
2026-04-26 18:46:44.632,620,487.3083681675264,-926.3125169765709,680.3934798737314,-213.408103247401,283.82884570562777,-120.35981819258625,1808.8808965145736,-1545.26823577241,97.25482214825993
2026-04-26 18:46:44.647,621,487.8231874964186,-928.3703832563218,680.9019860706868,-212.8816850311814,283.7702466172321,-120.28850268664394,1812.0963257860965,-1547.4022150860658,97.7667914427246
2026-04-26 18:46:44.656,622,488.8554609982262,-929.9152459307179,681.9241734668503,-212.46596019043162,283.6014753375511,-120.3279590857675,1815.048163496844,-1549.8006976954061,98.01291876603649
2026-04-26 18:46:44.669,623,489.8886757226976,-931.4592377565511,682.9507907176227,-212.25677665487868,283.2218267010103,-120.57813700829644,1817.4713497448938,-1552.7270383894156,97.72943494266086
2026-04-26 18:46:44.683,624,490.9228904492169,-933.0022250866338,683.9788213378743,-211.8072523880593,283.0766653449159,-120.59358360724933,1821.4945027953531,-1554.0547587541184,99.04345403679388
2026-04-26 18:46:44.694,625,492.2121500421147,-934.2905080571718,685.2619037175172,-211.32433185333142,282.9634824882236,-120.57329076294158,1823.909781194554,-1556.985451317358,98.75339078188387
2026-04-26 18:46:44.706,626,494.01729415829135,-935.0633354946794,687.0619069044756,-210.88756444283877,282.803291790531,-120.59803415273927,1826.5949641067618,-1559.6449610351797,98.73427026118867
2026-04-26 18:46:44.720,627,494.79611642488015,-936.8636982658163,687.8305611186888,-210.5682110787933,282.52315919262713,-120.74358713220421,1830.0721868520957,-1561.5127106631853,99.50901616535961
2026-04-26 18:46:44.732,628,496.3432957912012,-937.8936441648281,689.3685952754378,-210.32954082479603,282.165241890065,-120.96910440929607,1832.217174553471,-1564.7066321490458,98.95991686686087
2026-04-26 18:46:44.747,629,497.89690501196236,-938.9212170832125,690.9080888564146,-210.01062387434692,281.88450340998247,-121.11516508460336,1834.6208920018516,-1567.6394025864065,98.67329021024665
2026-04-26 18:46:44.760,630,499.19189279447306,-940.2083854557037,692.1837405037048,-209.61662486344048,281.6760185277535,-121.18726851986318,1838.0945850558471,-1569.499338711397,99.45785482711025
2026-04-26 18:46:44.774,631,500.7431833898095,-941.2374522826875,693.7195871877736,-209.26027168491757,281.4240834989274,-121.30135225600414,1839.963412685349,-1572.9619400643633,98.6379012010539
2026-04-26 18:46:44.790,632,501.52371634708675,-943.036970131459,694.4869816693231,-209.0427212070444,281.02844471982274,-121.5581656828217,1842.9081125340692,-1575.349803489658,98.8925895167504
2026-04-26 18:46:44.801,633,503.07666019318134,-944.0660582446143,696.0266447801276,-208.53394185945032,280.92709816218684,-121.5244760772354,1845.3218842955398,-1578.2707551409358,98.61259047076413
2026-04-26 18:46:44.815,634,504.3721209486944,-945.353415428875,697.3109283691803,-208.25489620291285,280.59361619379445,-121.7209954287902,1848.2714658812795,-1580.6584742309947,98.86488858009291
2026-04-26 18:46:44.826,635,506.1825053559324,-946.1277175385953,699.1088850717564,-207.85443943218075,280.38295277997116,-121.79487585573122,1851.7536097888521,-1582.5129764287071,99.65159021470727
2026-04-26 18:46:44.839,636,507.4775115876459,-947.416332171582,700.390804971381,-207.45131638781535,280.1707575229596,-121.86955323723171,1854.1630066715793,-1585.4409944231459,99.36620198662628
2026-04-26 18:46:44.852,637,508.5160587038491,-948.961389942282,701.4116536446008,-207.05917691298015,279.9463196289589,-121.95012152177527,1857.6411499302103,-1587.3004133501024,100.14734350133136
2026-04-26 18:46:44.863,638,509.5542072097392,-950.5061429950449,702.4372132210871,-206.579077929455,279.8111473605265,-121.93893739842404,1861.1173347535716,-1589.159598878819,100.93001732380063
2026-04-26 18:46:44.877,639,510.0785424720936,-952.5728477616706,702.941970562976,-206.02278905306346,279.7519181787104,-121.85012810459476,1864.3285439399494,-1591.2814730202888,101.44843784996567
2026-04-26 18:46:44.887,640,510.601340264271,-954.6332165389454,703.4497906386599,-205.60662090030104,279.5520101042733,-121.90322824064728,1868.0691620921432,-1592.8688198446887,102.49772043577104
2026-04-26 18:46:44.893,641,511.89540545597384,-955.9200380343958,704.73143314535,-205.2162873692942,279.32045528559763,-121.98635001421052,1869.9399417604473,-1596.322430017713,101.68280787278891
2026-04-26 18:46:44.909,642,512.6756121463023,-957.7225970167316,705.4984127514092,-204.79456462855973,279.11850605020584,-122.04249001395581,1872.3340621834773,-1599.2447794477296,101.39882616686998
2026-04-26 18:46:44.909,643,513.7152493083204,-959.2697164360948,706.5194866906128,-204.28815622245827,278.99667188547414,-122.0163471902126,1876.0600914470551,-1600.8318642103927,102.4511919915574
2026-04-26 18:46:44.924,644,514.7562732880432,-960.8154131597846,707.5399544145388,-203.82828959364033,278.82543098089434,-122.03754818242639,1878.9889157205246,-1603.2190161583749,102.70408956023057
2026-04-26 18:46:44.940,645,515.7999296273321,-962.3594364089829,708.5615867229313,-203.41600616216286,278.6063303070551,-122.1088778890932,1882.9826639513328,-1604.543388604375,104.02129575485553
2026-04-26 18:46:44.955,646,516.5840585536029,-964.1626548684025,709.3262912324594,-203.0022379212307,278.3874936601472,-122.18021689208624,1886.448463766341,-1606.3963089651722,104.81093627071282
2026-04-26 18:46:44.969,647,517.8856372651188,-965.4483023168418,710.6116937135891,-202.6010424056618,278.1501370896597,-122.26498827021761,1890.1811898860378,-1607.9835451755143,105.86130122249031
2026-04-26 18:46:44.978,648,518.6754462291858,-967.2456668583329,711.3824447244419,-202.08345489414478,278.0238510181357,-122.23650166868342,1891.7818325426088,-1611.7037626739366,104.77961135359295
2026-04-26 18:46:44.990,649,519.4644833634144,-969.0419713761237,712.1451207913551,-201.6618004391996,277.79913111656117,-122.308077295847,1894.4456230335516,-1614.357625622862,104.76108273398314
2026-04-26 18:46:44.998,650,520.0086055426401,-971.0841327554376,712.6556854829716,-201.2315831518263,277.575816536174,-122.37688180387822,1897.904493874836,-1616.216546366671,105.53666217243627
2026-04-26 18:46:44.998,651,521.3115948524936,-972.3680142771507,713.9253609670598,-200.8031217107772,277.3481258466336,-122.4516226336549,1901.1039904247064,-1618.333789773532,106.05333622715581
2026-04-26 18:46:45.014,652,522.8748575468808,-973.3972271166784,715.4487749660731,-200.5183665647675,276.97310972146454,-122.6763656222381,1904.5668320047303,-1620.1875528588816,106.83547187122502
2026-04-26 18:46:45.029,653,524.1840170516944,-974.682435773268,716.7167183040244,-200.00350117563147,276.8260676933727,-122.67711635062517,1907.4978704872556,-1622.5738555111166,107.085043527576
2026-04-26 18:46:45.050,654,525.4944172607997,-975.9675824246701,717.9847104909409,-199.58088490346842,276.5833865393704,-122.7762826834067,1910.1660585208094,-1625.2232231061475,107.07179179604668
2026-04-26 18:46:45.060,655,526.2981172062305,-977.7620546448345,718.7395351704004,-199.15521518678057,276.33848232798624,-122.8759285308708,1911.7657944048813,-1628.9401488348074,105.99055291851117
2026-04-26 18:46:45.075,656,527.606406047266,-979.0525181867451,720.0003109061411,-198.7262631183546,276.092370207312,-122.97713300252799,1914.4365465080036,-1631.5843935119674,105.98175764489467
2026-04-26 18:46:45.095,657,528.1560416410282,-981.1085303938889,720.4932437526595,-198.37867528393042,275.76217550332717,-123.15997658759451,1917.627385009664,-1633.7053639044072,106.4989159210499
2026-04-26 18:46:45.103,658,528.7021225086196,-983.1627903807222,720.9874862548254,-197.75922603550873,275.70336710512095,-123.07227693030907,1920.0215866992,-1636.6217534698549,106.22362041194513
2026-04-26 18:46:45.117,659,530.0163675275517,-984.4477350458569,722.2531452113011,-197.45030706145326,275.33371654731866,-123.29230413502721,1922.9508228399104,-1639.0055557700634,106.48220541852699
2026-04-26 18:46:45.131,660,531.578561587671,-985.4814048854449,723.7693559579288,-197.01954100565544,275.0840305916656,-123.3904829062947,1925.3492010605285,-1641.922017541441,106.21307006030322
2026-04-26 18:46:45.145,661,532.6444476782167,-987.01123959141,724.7893793543964,-196.52093355755156,274.9028860013683,-123.42208279986815,1928.0128363797712,-1644.5746162884107,106.20959526781591
2026-04-26 18:46:45.163,662,533.4363899986988,-988.812876498363,725.5351226673913,-196.02010731487746,274.71980461872135,-123.45253610219883,1930.4044103357298,-1647.4971059106417,105.93809064939991
2026-04-26 18:46:45.172,663,534.9999186102024,-989.8403810483695,727.0557335924337,-195.63927612865373,274.4152313690719,-123.60695197306235,1934.1229414288994,-1649.0896104512685,106.99878281297806
2026-04-26 18:46:45.186,664,536.3022681987527,-991.1255367578287,728.3170882198738,-195.11927085777918,274.2473826734882,-123.62258245826955,1938.10645204697,-1650.4179184864877,108.32759116335949
2026-04-26 18:46:45.200,665,537.6103233633852,-992.4015319267423,729.5854807839637,-194.54238687159435,274.13196779744567,-123.58403082551537,1940.4933967078389,-1653.3387902311672,108.06552991417249
2026-04-26 18:46:45.209,666,538.6592953190508,-993.9328331697321,730.6010931016011,-193.99630874179732,273.9854983757173,-123.57607956761444,1943.6716305116984,-1655.4651769852635,108.60265354605907
2026-04-26 18:46:45.224,667,539.7085940323525,-995.4639057593915,731.6157353803975,-193.57108290690988,273.71403761942906,-123.69116961110896,1947.1133004865562,-1657.3298124920113,109.40540815236524
2026-04-26 18:46:45.234,668,541.0082649171862,-996.7419180706762,732.8871174033643,-193.05972726396243,273.5271574554143,-123.72055351760208,1950.2946684765259,-1659.455528957595,109.94801343471119
2026-04-26 18:46:45.248,669,542.5621356633105,-997.7687959452744,734.4138751138555,-192.53009873408558,273.355848741765,-123.73579361758715,1953.7355776153495,-1661.3150967089134,110.75458467103421
2026-04-26 18:46:45.265,670,543.8643958246814,-999.0480361108066,735.6880034540383,-191.9992032269197,273.1851114873894,-123.75356856718531,1956.380392384117,-1663.9705584356464,110.76224954217972
2026-04-26 18:46:45.277,671,544.9112758907631,-1000.5821312860969,736.7061239353072,-191.35766668445385,273.12428141921737,-123.6621918012486,1959.2920298061874,-1666.3589617985408,111.03533102927149
2026-04-26 18:46:45.294,672,546.4682816183595,-1001.6089085130194,738.2303830913517,-190.80086536526605,272.9749025518097,-123.65430850202605,1963.0010594481153,-1667.9519943297691,112.10470104766193
2026-04-26 18:46:45.306,673,547.2640580985261,-1003.4007505725513,738.9874204793429,-190.49448096124496,272.5717875942705,-123.8956546995517,1965.1185053792265,-1671.1357221592518,111.58504861537395
2026-04-26 18:46:45.441,674,549.0814786953412,-1004.1739915588455,740.761711574805,-189.84832296913618,272.50657028472466,-123.79918911644253,1968.0253035172466,-1673.5276539838746,111.85766915177003
2026-04-26 18:46:45.451,675,550.9062522244986,-1004.943126205727,742.5404956024454,-189.24346058923487,272.40471031552835,-123.74463478145915,1970.6675550948864,-1676.1812483626863,111.86680701084839
2026-04-26 18:46:45.459,676,552.2263752524681,-1006.2181296411945,743.8151996760695,-188.65509285521622,272.28653297327617,-123.70434927848011,1973.036455883384,-1679.1069524861875,111.60818875178457
2026-04-26 18:46:45.468,677,553.2858880853424,-1007.7553809801817,744.8324045143574,-188.15070933760944,272.0796353298173,-123.74877922479278,1976.205748674651,-1681.2330858122539,112.15025450775457
2026-04-26 18:46:45.478,678,554.5974893070401,-1009.043137332793,746.1035140676205,-187.69947832153264,271.8170351600018,-123.85042304683773,1978.583712744446,-1684.152051305438,111.89768624052667
2026-04-26 18:46:45.487,679,555.9129991751803,-1010.3273241228956,747.3802848192175,-187.15098186694343,271.65105068778547,-123.85850888714235,1980.9556995279586,-1687.0748202977134,111.64409047840523
2026-04-26 18:46:45.497,680,557.2230583549314,-1011.6144592448416,748.6534043979282,-186.74537373473464,271.34167145094244,-124.00988612239017,1983.6001182068385,-1689.726809708444,111.66086853750322
2026-04-26 18:46:45.506,681,558.5399890625946,-1012.8963397185353,749.9265876174918,-186.1492821789638,271.22263999087284,-123.97142628940802,1987.833341958255,-1690.7892523301398,113.26298646164453
2026-04-26 18:46:45.515,682,560.1094180567209,-1013.9262670497319,751.4460186836519,-185.70077401565626,270.9524121531124,-124.08387550543198,1991.0020308378769,-1692.9165829462984,113.7981782563556
2026-04-26 18:46:45.525,683,561.934298563522,-1014.7016787113117,753.2216227762408,-185.2581848289181,270.67108641711184,-124.20356415881837,1994.4400758336576,-1694.7754683889134,114.60380321382547
2026-04-26 18:46:45.536,684,562.4838447228668,-1016.7519732266456,753.7218578357634,-184.61346442929332,270.5882573336351,-124.12065385568008,1997.3501524283301,-1697.1657445920778,114.8798855652615
2026-04-26 18:46:45.546,685,563.2836633699815,-1018.5516792642078,754.4721139299207,-184.02531525997372,270.4491427984284,-124.09456741507272,2000.5276410250767,-1699.2906427143766,115.423762694095
2026-04-26 18:46:45.555,686,564.5965078852662,-1019.8362479253553,755.7385163329508,-183.43623658419827,270.3103000196141,-124.0677678931664,2003.7056030964363,-1701.4159875244668,115.96912461112751
2026-04-26 18:46:45.564,687,565.6485922330204,-1021.3807041365643,756.7461575891884,-183.01738679087114,270.0036890907543,-124.21051490085816,2007.1407479913485,-1703.283905625451,116.77606184212488
2026-04-26 18:46:45.574,688,567.2236398662759,-1022.4049496727405,758.2708045447943,-182.65983304502018,269.6313573993423,-124.4211584043286,2009.5102405786388,-1706.216771002938,116.5182094988548
2026-04-26 18:46:45.583,689,568.2844455261702,-1023.9435914636177,759.2792114196128,-182.08252288253203,269.4768642295206,-124.41405990903492,2012.4208823396957,-1708.6092755470017,116.79614306381535
2026-04-26 18:46:45.593,690,570.1144984368759,-1024.713335907803,761.0572931866949,-181.6194285942616,269.2051521051109,-124.5164040581237,2014.0055291974334,-1712.3308999696055,115.74585002696612
2026-04-26 18:46:45.601,691,571.4364631558409,-1025.991004629312,762.324686423877,-181.0794007508655,269.0063579015195,-124.5438135364747,2016.6519346909213,-1714.990985174935,115.75544749256134
2026-04-26 18:46:45.611,692,572.4890109430225,-1027.5405340315858,763.3184218889501,-180.5806512802508,268.76783785469337,-124.61035904165438,2019.5644683749963,-1717.3882968674864,116.02846148350376
2026-04-26 18:46:45.621,693,574.066575131178,-1028.5639576725814,764.8399760091226,-180.1876719941917,268.4203844910019,-124.78619590778611,2023.5379206445632,-1718.7250650731453,117.36551428278109
2026-04-26 18:46:45.632,694,574.8715434949764,-1030.3566151385555,765.5939295278647,-179.64539191453247,268.2189725690897,-124.81355496134489,2025.6510327920257,-1721.9232168752685,116.84222189412358
2026-04-26 18:46:45.642,695,576.1843115473503,-1031.6401537305228,766.8578264212557,-179.02549769945426,268.0920308533113,-124.76604423629095,2029.6276888111013,-1723.2596537596803,118.17876008810269
2026-04-26 18:46:45.651,696,576.986421374428,-1033.4335507047049,767.6134526069228,-178.51605935997043,267.8567032027765,-124.82865813306269,2032.8089332717568,-1725.3864222653247,118.72303807210702
2026-04-26 18:46:45.661,697,577.7998382688432,-1035.2166532521096,768.3783578615514,-177.87976914044557,267.7472741396878,-124.76420947342858,2036.2498968561556,-1727.2534953093639,119.52861572691664
2026-04-26 18:46:45.670,698,578.348911589386,-1037.2674089621146,768.869014650462,-177.4283767603943,267.4468082573406,-124.88685810687878,2038.9013743720568,-1729.9126120583558,119.54219066913082
2026-04-26 18:46:45.680,699,579.9259440286123,-1038.2902145571816,770.3887638210413,-176.78601595077404,267.337322866221,-124.81403222761831,2042.0800474108962,-1732.044342519001,120.08448183173488
2026-04-26 18:46:45.691,700,580.9962520461712,-1039.8204630939797,771.399237476805,-176.16392581685713,267.20755632897806,-124.76187644466715,2043.9282196526508,-1735.5036216043359,119.29867446263209
2026-04-26 18:46:45.701,701,582.0631883899414,-1041.3577947382712,772.4029199558116,-175.65441776295077,266.9626834629939,-124.82359926323326,2048.169692603062,-1736.5690978814446,120.90653711818706
2026-04-26 18:46:45.712,702,582.883323729458,-1043.1432640408937,773.1586734619372,-175.16063468868842,266.69836874384225,-124.90536111889665,2049.4900104880007,-1740.5559110077254,119.59475274365319
2026-04-26 18:46:45.725,703,584.4682268512881,-1044.1663006822191,774.6761941366366,-174.70094570558587,266.39670504565066,-125.02386102071226,2052.671127032581,-1742.6838155801122,120.14334600315284
2026-04-26 18:46:45.737,704,585.2762374494688,-1045.9659192194513,775.4183920728242,-174.29764702198486,266.03629152547126,-125.20266950020185,2055.3162828963996,-1745.3475480602688,120.14978729267146
2026-04-26 18:46:45.748,705,586.8588229092287,-1046.9895559718404,776.9386707894688,-173.90896676482794,265.65613905602413,-125.40041044698596,2058.498609456187,-1747.4764641127629,120.68718209870036
2026-04-26 18:46:45.760,706,588.9588601594569,-1047.4970434583715,778.9703628490666,-173.32784893489185,265.46442541563886,-125.40772404886651,2059.822188972589,-1751.466260811322,119.3632108866724
2026-04-26 18:46:45.772,707,590.2775665704359,-1048.7864416341542,780.2168298814241,-172.8023107096946,265.2177337959956,-125.47063877044529,2062.740398324234,-1753.8594887245715,119.63637936808777
2026-04-26 18:46:45.785,708,591.3640283745373,-1050.3085956408438,781.2313604533318,-172.21761652296664,265.02906851741153,-125.47390472623779,2066.1919278317787,-1755.719804378278,120.44337146683038
2026-04-26 18:46:45.796,709,592.1665736785161,-1052.111946698953,781.9655572122521,-171.57743388910785,264.8959914937174,-125.42150206641915,2069.90401190202,-1757.3179891051134,121.51282621467851
2026-04-26 18:46:45.815,710,593.4926043583779,-1053.3957317901702,783.2207797926661,-171.0131817426418,264.686010749257,-125.44680543367566,2073.0823120145155,-1759.4494946944103,122.04837801065868
2026-04-26 18:46:45.826,711,595.327988010765,-1054.1718039588166,784.984825146051,-170.35333149877485,264.5716311938113,-125.37634686299471,2075.4614831819054,-1762.3779780192021,121.78734592483133
2026-04-26 18:46:45.839,712,596.6394119739401,-1055.469707694611,786.2260536345966,-169.73277520279322,264.4207641437047,-125.34333379234467,2079.7045522905846,-1763.4412011134805,123.38721713191282
2026-04-26 18:46:45.850,713,596.9293540429401,-1057.7917674593662,786.4435955824532,-169.28498640245664,264.09559371759354,-125.48256627455841,2083.9494090836106,-1764.5039300916162,124.98649385218975
2026-04-26 18:46:45.859,714,597.7561870224578,-1059.5792391883692,787.1988169836335,-168.64491035777877,263.96310531600653,-125.43053861818095,2086.6006480331007,-1767.161199739424,124.99045637701947
2026-04-26 18:46:45.859,715,598.8303901892466,-1061.121434291877,788.203212491846,-168.16074791411717,263.6773594664859,-125.53394755896103,2091.1135639574577,-1767.9588848059266,126.85287191465697
2026-04-26 18:46:45.881,716,599.8934514714729,-1062.6792331144047,789.1913766729517,-167.63753679552892,263.4298217853484,-125.59551703357087,2093.5024435153155,-1770.8818857105846,126.58981916302855
2026-04-26 18:46:45.892,717,600.4638094984272,-1064.732202566953,789.6858399400123,-166.94009347570034,263.35492883109504,-125.48308937242767,2097.21971253562,-1772.4765346612653,127.65657050330319
2026-04-26 18:46:45.902,718,602.0589855809817,-1065.7593995126135,791.2080209958181,-166.3974410522542,263.1243793820669,-125.52472958136083,2100.9378219553555,-1774.0716345250537,128.72123072950643
2026-04-26 18:46:45.911,719,603.1229640496715,-1067.3187154762588,792.1987451147285,-165.79817974411267,262.95026874229893,-125.50828390935348,2105.4522137221816,-1774.8704343794209,130.5848187162689
2026-04-26 18:46:45.924,720,604.1913501518341,-1068.8686710798363,793.1984299876887,-165.31282696679725,262.65933468182874,-125.60679921594514,2108.904059356461,-1776.7329754103628,131.38751216324277
2026-04-26 18:46:45.933,721,606.0379317173757,-1069.6401092677436,794.9750151786814,-164.80386796852028,262.38559138318317,-125.68824167161296,2112.091550971088,-1778.8605603826068,131.92448744617002
2026-04-26 18:46:45.944,722,607.3577387847068,-1070.9443920125582,796.2183443051856,-164.38745406222827,262.0104017978485,-125.8694847025074,2114.479885480287,-1781.7876025079818,131.66162444516604
2026-04-26 18:46:45.956,723,607.9152872492848,-1073.015139453803,796.6942812894017,-163.9457090797169,261.6514303984617,-126.03404067120775,2117.1351799098225,-1784.446814180005,131.66953143691265
2026-04-26 18:46:45.963,724,608.9834719341442,-1074.575886098316,797.6767367747188,-163.36050542140174,261.43061632591144,-126.05518771313781,2120.056842786792,-1786.839360921291,131.94373238227507
2026-04-26 18:46:45.973,725,609.8268094036036,-1076.3660218612395,798.4309777160872,-162.65459627608632,261.32987884640823,-125.95587584930692,2122.1793317361316,-1790.0322766120526,131.41821923010033
2026-04-26 18:46:45.982,726,611.1577572969824,-1077.6641200566823,799.6780385889117,-161.96699968902402,261.20862083189496,-125.87608664141128,2124.5688802005393,-1792.958749543849,131.158399201873
2026-04-26 18:46:45.991,727,612.4958440246361,-1078.9545945378277,800.9360972352634,-161.40152886928058,260.9664324719749,-125.91629676763928,2126.6896808106376,-1796.1504580877506,130.6342075931146
2026-04-26 18:46:46.001,728,613.3191389395813,-1080.764383001965,801.6743379716331,-160.71252053770078,260.8450316281551,-125.8365054686129,2129.342060270559,-1798.8112077031228,130.64020938580515
2026-04-26 18:46:46.009,729,614.4099255277521,-1082.3119490355975,802.6754837875002,-160.18437426427897,260.56084845713497,-125.91973400862891,2132.265088386591,-1801.204444570055,130.91143311539946
2026-04-26 18:46:46.019,730,615.2313458915996,-1084.1356388628176,803.4031239353011,-159.65493302203396,260.27599526702664,-126.00299757995879,2134.921924519685,-1803.8629853168406,130.91645965425508
2026-04-26 18:46:46.029,731,616.8387416135547,-1085.1762361080303,804.9168329190508,-159.1232395630403,259.9885004800887,-126.08463322460507,2137.8387171375707,-1806.2607635773998,131.1848015778048
2026-04-26 18:46:46.041,732,617.4113575617192,-1087.2466483840362,805.4016550593686,-158.56657966805528,259.71841985975215,-126.14499311407734,2140.49356292569,-1808.922300983005,131.18902502477007
2026-04-26 18:46:46.052,733,617.9826543822611,-1089.3171234134081,805.8870779594452,-158.10999868505172,259.34417590114225,-126.31073412447881,2143.678742417617,-1811.0556798586763,131.72473080518822
2026-04-26 18:46:46.060,734,619.5827561848797,-1090.3551953081944,807.4021134459122,-157.59294267706426,259.03192902185543,-126.41118038646363,2147.3991599544333,-1812.652232956349,132.79498820128967
2026-04-26 18:46:46.071,735,621.4396059355614,-1091.1380363413487,809.1706181199858,-157.09621669545453,258.6970856206325,-126.5324609576168,2150.320186162564,-1815.0470819799546,133.06305203327614
2026-04-26 18:46:46.079,736,622.2763898267908,-1092.9423523694468,809.9183036392126,-156.49230455833336,258.46617346168614,-126.54992475003216,2153.5068711736094,-1817.176710673124,133.5986164079566
2026-04-26 18:46:46.091,737,622.5767293104632,-1095.283339469419,810.127784275864,-155.86632191647018,258.25444069083665,-126.5484597088747,2155.626670724796,-1820.371225290064,133.07143476242672
2026-04-26 18:46:46.101,738,623.91785952233,-1096.5866410574347,811.3740593544736,-155.36424798596832,257.9169750493195,-126.67245285835308,2159.610836573628,-1821.702474070389,134.40498351920223
2026-04-26 18:46:46.108,739,624.485027569859,-1098.663397906769,811.8446772877378,-154.88150366918984,257.55944946141585,-126.81916491372698,2162.0012717058376,-1824.629890787605,134.14540810476416
2026-04-26 18:46:46.108,740,625.5909985859348,-1100.200195905402,812.8530113479633,-154.18431285455335,257.4107307351133,-126.75355953218062,2163.859069069257,-1828.0883913324749,133.35441561363672
2026-04-26 18:46:46.124,741,627.2041268351122,-1101.2288659123208,814.3725640524119,-153.50512722363382,257.2380390020038,-126.70714359717797,2168.108661014559,-1829.152530385709,134.95478966844075
2026-04-26 18:46:46.139,742,628.5429920991721,-1102.530169201646,815.6181760403917,-152.8482774042148,257.0397457103559,-126.6797849609018,2170.4987104834377,-1832.0778090940112,134.69322625369375
2026-04-26 18:46:46.139,743,630.6624210424518,-1103.0484167153254,817.6434694833368,-152.3398700193873,256.6922332310187,-126.800362800219,2172.8907027886758,-1835.0049823344484,134.42818493174454
2026-04-26 18:46:46.155,744,632.0202364000096,-1104.3304633484934,818.905914913106,-151.78551830908788,256.38863250651735,-126.87439068787842,2175.8171510007255,-1837.4001069299268,134.69542291947656
2026-04-26 18:46:46.174,745,633.3789254514583,-1105.613261229445,820.1687719503561,-151.1674977567553,256.147056170707,-126.88386787251567,2178.2135262067486,-1840.3282264502905,134.4286088976717
2026-04-26 18:46:46.189,746,633.9460974912331,-1107.6912977193483,820.6396086078087,-150.68202554172635,255.77472046293073,-127.02640613086601,2181.1440113244958,-1842.7256009780026,134.69364323347875
2026-04-26 18:46:46.198,747,635.28703721773,-1108.9952678816162,821.8876172739914,-149.97794447417266,255.61973169542054,-126.95105980780174,2184.8747435346404,-1844.3242230673654,135.75933692409205
2026-04-26 18:46:46.212,748,635.857498193085,-1111.0648736288954,822.3729799098659,-149.27271342853672,255.46519176811603,-126.87738147713777,2188.6047661479315,-1845.92245151301,136.82364677579844
2026-04-26 18:46:46.222,749,636.1635018357766,-1113.3966048763455,822.5947101871099,-148.63549570511412,255.24193233584643,-126.87196934816355,2191.2663804541635,-1848.5890596431645,136.8254279116156
2026-04-26 18:46:46.234,750,637.0078287967882,-1115.1911734765667,823.3517097991776,-147.82135947695457,255.19646106206588,-126.68987359279963,2194.726584979463,-1850.4553629563686,137.6297051297797
2026-04-26 18:46:46.247,751,637.5989090152976,-1117.2381766224285,823.8521870081562,-147.20318516905868,254.95714399061478,-126.70231595828051,2197.651157894169,-1852.858149490346,137.89834845344785
2026-04-26 18:46:46.259,752,638.6917632768349,-1118.7827518502695,824.8509318913751,-146.45454237997635,254.84817116504072,-126.58065609597752,2200.845188269881,-1854.9922696698154,138.43282632069148
2026-04-26 18:46:46.272,753,640.0372084409405,-1120.0728364043648,826.1035251866585,-145.86174825473105,254.58228584560794,-126.61181637527737,2203.7753121566675,-1857.391260022519,138.7003971539933
2026-04-26 18:46:46.284,754,641.3932502574529,-1121.35209541537,827.3637826336778,-145.13437465980854,254.44931967057914,-126.51079965153146,2205.3746444429817,-1861.1238623015076,137.6367184712974
2026-04-26 18:46:46.298,755,642.7227632958696,-1122.6622220740933,828.5911116226362,-144.6384473408183,254.07963868695182,-126.64356513962976,2207.2376944921284,-1864.5905062897043,136.83932570891764
2026-04-26 18:46:46.311,756,643.8235308678452,-1124.2045033492302,829.5834842593989,-144.1883552849745,253.6617846894993,-126.82779223248077,2209.9003053027377,-1867.2551822566027,136.84312888398128
2026-04-26 18:46:46.317,757,644.6504534380591,-1126.02399158268,830.298806368749,-143.6241293349849,253.35363172836313,-126.90377338740922,2211.763731783824,-1870.7193408625676,136.04776226976225
2026-04-26 18:46:46.332,758,646.0216524365354,-1127.3025192549123,831.5549532617683,-143.2336279862189,252.86860543280173,-127.15547490740899,2216.0209676596205,-1871.7847373897825,137.64856551050917
2026-04-26 18:46:46.332,759,646.8489900721845,-1129.1232402071396,832.2717777754852,-142.53238721377107,252.69345983210334,-127.09851272167754,2218.9447263483166,-1874.182922037199,137.9178010514776
2026-04-26 18:46:46.348,760,648.2220732930823,-1130.4021175364262,833.5283803221839,-141.83537639536738,252.5138767737191,-127.04790851924119,2221.333507920698,-1877.1151856969414,137.6567432615763
2026-04-26 18:46:46.363,761,649.0670957756254,-1132.212423552732,834.2517372058315,-141.07326952977363,252.39946305818972,-126.93345299753837,2223.191058967036,-1880.5761235497548,136.86851393868903
2026-04-26 18:46:46.379,762,650.4217214517282,-1133.5177390650358,835.4816946204968,-140.41731356956663,252.17891664418778,-126.92756359602978,2225.844784692047,-1883.2427396823116,136.87729595899583
2026-04-26 18:46:46.390,763,651.2934603274449,-1135.3062558789115,836.2303610329376,-139.76102802066305,251.95802028624215,-126.92114049049741,2227.4314557266703,-1886.9795168773303,135.81866270618585
2026-04-26 18:46:46.395,764,652.3968678956604,-1136.8651645556006,837.2058921955523,-139.1483595160265,251.69021657650697,-126.95997322281238,2229.5552741844763,-1890.179811559082,135.29512180973623
2026-04-26 18:46:46.411,765,654.5375889582535,-1137.384607885477,839.2225244706133,-138.4461295303204,251.51066233057068,-126.91098578696318,2232.480419677731,-1892.5813851981695,135.57217806054175
2026-04-26 18:46:46.426,766,655.6383150414349,-1138.944084128034,840.2006405874283,-137.93934670347494,251.13457120849844,-127.05954757388713,2236.4714972377737,-1893.9176057427253,136.91492786873866
2026-04-26 18:46:46.426,767,657.0131883642972,-1140.2261189378205,841.459310943651,-137.28189184753688,250.90925794780009,-127.05666318105054,2239.925339889585,-1895.78859904033,137.7207611944613
2026-04-26 18:46:46.442,768,658.1227523333406,-1141.7749646871844,842.4530205345139,-136.53204185865349,250.7745024034593,-126.9607996276338,2242.5867328578556,-1898.4490123202397,137.73773527503658
2026-04-26 18:46:46.466,769,658.9565341585269,-1143.600974434912,843.168408068227,-135.9568294906577,250.462061272973,-127.04287245059193,2244.971839992982,-1901.3833262443295,137.48043087165064
2026-04-26 18:46:46.480,770,659.7894514688722,-1145.4274221990852,843.883535291995,-135.31416030915526,250.21489933533704,-127.06012028892825,2247.888213538703,-1903.7860165344673,137.7548966659992
2026-04-26 18:46:46.491,771,660.9009139393207,-1146.9771208556201,844.8766620075071,-134.82619766121252,249.8124792854993,-127.23223128823338,2251.0691231277187,-1905.924932891385,138.2940245389853
2026-04-26 18:46:46.491,772,662.5340741201527,-1148.0062604803875,846.3906654786092,-134.42470737419578,249.3186551874438,-127.49619904725998,2253.989742901402,-1908.3251888293448,138.57349086467698
2026-04-26 18:46:46.515,773,663.9235859918286,-1149.2790729981145,847.6629495969935,-133.75182379814842,249.0928735263996,-127.49140653127604,2256.642503763432,-1910.9872268359654,138.59137259125552
2026-04-26 18:46:46.538,774,663.9685239920753,-1151.8960901171683,847.5955251516067,-133.16725569118836,248.7751095713741,-127.57699108752827,2260.086030595557,-1912.8598308105716,139.40065548186703
2026-04-26 18:46:46.554,775,665.8433869839926,-1152.6833324117563,849.3597967762236,-132.53574705236213,248.5020488805966,-127.61955469584187,2263.001418081411,-1915.259556067824,139.6849427406819
2026-04-26 18:46:46.570,776,667.7268519304046,-1153.4597266574397,851.1348778486163,-131.92535374262832,248.20345746504924,-127.68467651623249,2265.377921837499,-1918.19877632395,139.42534827135512
2026-04-26 18:46:46.711,777,668.0868329385067,-1155.761327155024,851.3780463771423,-131.1498705206478,248.06432264267258,-127.58676170023097,2268.298225320754,-1920.5970001087646,139.70406178145393
2026-04-26 18:46:46.716,778,669.7098614847137,-1156.8021258657177,852.8758336281218,-130.4434051257311,247.85787856917474,-127.55466660338726,2271.477545219132,-1922.7351080017493,140.24291032161295
2026-04-26 18:46:46.727,779,671.0689584084512,-1158.109211977197,854.1073653399957,-129.71598689210836,247.67147754438128,-127.50299858042446,2274.1269781219025,-1925.4008037318742,140.2550030288956
2026-04-26 18:46:46.743,780,672.1937752234442,-1159.6456350118324,855.1113669224615,-129.16958620013887,247.30102716485166,-127.63627602972772,2276.247382021313,-1928.598171341822,139.733861180967
2026-04-26 18:46:46.743,781,674.3450266027409,-1160.154426347018,857.1461035938623,-128.5972042378209,246.95392181672437,-127.74658487473091,2279.6987632527416,-1930.4663289952045,140.53850995441468
2026-04-26 18:46:46.758,782,675.2024464870069,-1161.9593312169698,857.8852515109846,-128.0236447409628,246.60688583919168,-127.85727489738427,2283.154367669466,-1932.3315088315828,141.34423210746374
2026-04-26 18:46:46.774,783,676.5551216783767,-1163.266730015092,859.1246095568837,-127.37844001498928,246.33025472588835,-127.89639908175683,2286.345237731187,-1934.4631789703978,141.88055500315818
2026-04-26 18:46:46.774,784,677.6429904722024,-1164.841882042706,860.0984555858993,-126.61981905555048,246.16701966477532,-127.82307233049431,2289.2694658505848,-1936.8629052018239,142.15031050812894
2026-04-26 18:46:46.791,785,678.7550431190683,-1166.3947070852353,861.0951331663487,-126.07046062233424,245.79490869985167,-127.95594748840497,2292.1973426818727,-1939.2607201897506,142.41993331110893
2026-04-26 18:46:46.806,786,679.3460875521099,-1168.4706167699458,861.5717012206153,-125.54216114524395,245.4024579765036,-128.1061846192426,2295.3890163284473,-1941.3931459641663,142.9558489069191
2026-04-26 18:46:46.806,787,680.6967332597811,-1169.779510212002,862.817948535368,-125.01813200436912,245.00206684348672,-128.26096845411072,2298.848366459633,-1943.2599278851246,143.76033327094927
2026-04-26 18:46:46.821,788,682.0772892682129,-1171.058522208641,864.0967034309251,-124.25775425993146,244.8351867137363,-128.18024379236775,2302.5747432563217,-1944.861342118227,144.83144965716988
2026-04-26 18:46:46.837,789,683.1728708389578,-1172.6222261082162,865.0875447800448,-123.40530051176522,244.7610543638589,-128.0074552193612,2304.7046600749504,-1948.0600477609457,144.30411655876455
2026-04-26 18:46:46.837,790,683.7264781787433,-1174.7277695409273,865.533922540339,-122.69600351592024,244.54375501164404,-127.97562962591996,2308.43361696036,-1949.6602744464374,145.37493225440778
2026-04-26 18:46:46.853,791,685.3460360946141,-1175.7704092331714,867.0420691102478,-121.96264261712192,244.35061542314108,-127.91808353485924,2312.1599864786026,-1951.2639884307011,146.4434342192111
2026-04-26 18:46:46.868,792,686.6998515511854,-1177.0796286733766,868.283054876296,-121.29703689484488,244.09069918173282,-127.92856261228813,2314.8223864552806,-1953.9330771941015,146.4479080989093
2026-04-26 18:46:46.868,793,687.011231295472,-1179.4305278066054,868.4806387741722,-120.69674840058353,243.7618761488878,-128.00725868266312,2318.5541475072296,-1955.5337631592727,147.51887928546392
2026-04-26 18:46:46.891,794,688.6189045400665,-1180.4837459545663,869.9737764924685,-120.21415287089582,243.3152371377741,-128.20451686636264,2322.019435981049,-1957.400431805089,148.32242591331718
2026-04-26 18:46:46.900,795,690.5063693741827,-1181.2599176294862,871.7451805310699,-119.54419348926866,243.05511867980627,-128.21753555327115,2326.0193876425715,-1958.7344116337063,149.65741971198165
2026-04-26 18:46:46.900,796,691.6152633339792,-1182.8117056811516,872.7420019965518,-118.99048129166319,242.67731969132072,-128.3501785386708,2328.4202299292338,-1961.6690644004925,149.39052436403927
2026-04-26 18:46:46.915,797,692.713087539635,-1184.375676050465,873.7287529941601,-118.57428998842555,242.16151700574713,-128.6187979786976,2331.621968776627,-1963.8042939539575,149.92461727437058
2026-04-26 18:46:46.931,798,693.0328710251517,-1186.7136010325523,873.9409700133494,-118.01820790782223,241.78045497116696,-128.75091054994869,2333.757638405463,-1967.0084671977838,149.38997557634426
2026-04-26 18:46:46.947,799,694.9065222350105,-1187.5004561166156,875.7025945827879,-117.34199455281438,241.51740256317171,-128.76337847528896,2337.2274068270904,-1968.8786547863756,150.19227954603497
2026-04-26 18:46:46.947,800,696.0153494497707,-1189.0530075435586,876.7002077621574,-116.54657536991692,241.3737851336231,-128.6582448281521,2340.429111749763,-1971.0172534172352,150.7296962905227
2026-04-26 18:46:46.966,801,696.8369466598982,-1190.8951619866905,877.4079785153748,-115.8200163102964,241.16050231164883,-128.62261332615506,2343.6305320549527,-1973.154717896066,151.27020326980153
2026-04-26 18:46:46.978,802,697.6928818416045,-1192.69944713475,878.1494390817668,-115.02181518845384,241.0162319224112,-128.5172785450406,2346.5557326082408,-1975.5642910024312,151.54091621378842
2026-04-26 18:46:46.991,803,698.5572575003483,-1194.4920770803449,878.9020748910253,-114.36657020030655,240.72845181752183,-128.557092742112,2349.749463666199,-1977.7027527921407,152.08309435883527
2026-04-26 18:46:46.994,804,700.1831150153985,-1195.522181211221,880.4200672862073,-113.54853725921788,240.60403315825334,-128.4325377050443,2353.7458773204607,-1979.0386947725374,153.4229533744137
2026-04-26 18:46:47.010,805,701.5454157364244,-1196.819192584391,881.6729999955087,-112.84235580608626,240.36409759228602,-128.41999201494937,2357.2074286694187,-1980.9100618486345,154.22731196343904
2026-04-26 18:46:47.010,806,702.3977598827605,-1198.6269060921386,882.4164465490917,-112.30075635116341,239.96066138466284,-128.57076893922616,2360.6710000483076,-1982.78047083172,155.03103646671167
2026-04-26 18:46:47.026,807,702.9736642201558,-1200.7136846129818,882.8836669314927,-111.78340977245409,239.53133097146002,-128.74615593153393,2362.269108506908,-1986.516789707416,153.96750136091217
2026-04-26 18:46:47.041,808,704.5976227550908,-1201.7577597672787,884.3919093464143,-111.10283215864324,239.26589528513827,-128.75858650845305,2364.6689662994568,-1989.4532378895435,153.70491465010218
2026-04-26 18:46:47.041,809,706.2339430331198,-1202.7910925256062,885.9125402147857,-110.51307374427492,238.9025775773278,-128.86393677161632,2367.334251929076,-1992.1242712254673,153.7093482970941
2026-04-26 18:46:47.058,810,707.0698945749879,-1204.6258420701593,886.6325289563205,-109.77324397799784,238.68517296560017,-128.82233213140333,2370.266885958298,-1994.5293356900208,153.98273149775716
2026-04-26 18:46:47.073,811,708.4547661681446,-1205.914992931832,887.8972820605692,-109.15298874774494,238.3456372728531,-128.90345912622493,2374.0028593509714,-1996.1323365526373,155.05625662199006
2026-04-26 18:46:47.089,812,709.2844677505899,-1207.7655742069535,888.6020771630941,-108.36476412414865,238.17150380406576,-128.81853178502962,2375.602234859573,-1999.8723472430129,153.99154745144617
2026-04-26 18:46:47.091,813,710.1772592420223,-1209.551870506802,889.3673688494845,-107.71893736368803,237.85732444132182,-128.87354344261732,2379.3387694747535,-2001.4776306579595,155.06411595579738
2026-04-26 18:46:47.105,814,711.300238715827,-1211.1068228124984,890.36149246871,-106.93469185263112,237.68422501023315,-128.7893600713013,2382.5390654962957,-2003.6177004392264,155.6037021323042
2026-04-26 18:46:47.120,815,711.8735812379385,-1213.210105275527,890.8079365884206,-106.10066145005335,237.56308535195168,-128.65593533295507,2385.2068590414974,-2006.289479540536,155.6107320025841
2026-04-26 18:46:47.136,816,712.7273536006775,-1215.0324727811674,891.534972085813,-105.48151969567706,237.22532209476714,-128.7394347579567,2388.139598509453,-2008.6971239987186,155.88212618623544
2026-04-26 18:46:47.136,817,714.3450082416928,-1216.0896406142408,893.0263954381952,-104.70603840259223,237.0450903162459,-128.66212164854628,2390.8033893538095,-2011.3721132381609,155.88556370062574
2026-04-26 18:46:47.151,818,714.9446731396124,-1218.1649250073035,893.4971339339087,-104.01870247364296,236.777714768323,-128.67564778979886,2393.734176675539,-2013.776913514016,156.16047416430263
2026-04-26 18:46:47.167,819,716.3481629552281,-1219.4383438040697,894.7704648321658,-103.2613432217548,236.5823714060859,-128.62089611707233,2397.4655152390455,-2015.3803308581673,157.23875325180038
2026-04-26 18:46:47.183,820,717.4817218427437,-1220.9802113492237,895.7771843680637,-102.52599547698982,236.36787280439634,-128.5885170972522,2399.592425906019,-2018.58907864152,156.71122676180883
2026-04-26 18:46:47.191,821,718.831232950571,-1222.3054886599707,897.0026114109189,-102.0029067703252,235.93624583295954,-128.77296332525373,2401.7231998140733,-2021.7935002429208,156.18986381175117
2026-04-26 18:46:47.199,822,719.9522127295339,-1223.861288788838,897.9983534577046,-101.5515928985207,235.42923682327836,-129.03257141799543,2405.1873151539244,-2023.666566171971,157.00201223349993
2026-04-26 18:46:47.214,823,721.3033557146091,-1225.1871129117535,899.2212573907768,-100.83269131947952,235.18685176051477,-129.0254429470826,2408.122012785439,-2026.0705921329466,157.28405954563812
2026-04-26 18:46:47.216,824,722.67039112277,-1226.5010203102484,900.4556835630883,-100.25939721888426,234.79495462150734,-129.1634943360878,2410.7857672882633,-2028.7462405386257,157.2927242097091
2026-04-26 18:46:47.230,825,723.8007869426839,-1228.0559776053365,901.4451885951684,-99.36944776972888,234.71994416575615,-128.9876835002205,2413.4536554822016,-2031.4177747282968,157.30177668044817
2026-04-26 18:46:47.246,826,724.4354425088363,-1230.1064438771627,901.9400788984098,-98.57406447077747,234.54873691504054,-128.9098518577707,2416.1191464429116,-2034.0902835098345,157.30716960863114
2026-04-26 18:46:47.246,827,724.8130092828147,-1232.4127964323206,902.1817454665269,-97.75706080177783,234.39848791596165,-128.8094087412315,2419.0506063556973,-2036.4947228822718,157.58148124983808
2026-04-26 18:46:47.261,828,726.1932572972437,-1233.7153554012157,903.4314992897638,-97.15315789019286,234.03212466384727,-128.92464704340588,2422.782862796807,-2038.097651085379,158.65674193525678
2026-04-26 18:46:47.277,829,726.7971139523362,-1235.7974998699212,903.9017180820358,-96.52453134930516,233.69182922460752,-129.01638029858375,2424.64669588481,-2041.5697846897117,157.8646051985937
2026-04-26 18:46:47.277,830,727.9249830496174,-1237.3567091818204,904.8966264572485,-95.7512608700856,233.49664983226003,-128.96541149374465,2427.0416617451497,-2044.5106965099692,157.60442405761344
2026-04-26 18:46:47.293,831,729.578390078429,-1238.392788301417,906.416913571797,-95.07418397622808,233.2048323995426,-129.0122982412401,2429.9709310095213,-2046.915085575792,157.88085017054115
2026-04-26 18:46:47.315,832,729.9164722627112,-1240.7471069261758,906.6179802766952,-94.70914562347623,232.59621797196704,-129.3759161318692,2432.371274265518,-2049.851336789634,157.6225434032998
2026-04-26 18:46:47.324,833,730.781281458966,-1242.5769764550942,907.3406560826423,-94.05013869907563,232.27771988969667,-129.44831286842287,2435.039417540267,-2052.523349452423,157.62933234503376
2026-04-26 18:46:47.337,834,731.9073515389068,-1244.152535464155,908.3157179202947,-93.315749423754,232.03286225700842,-129.44775917014252,2438.509114641361,-2054.395696409672,158.43615443992596
2026-04-26 18:46:47.347,835,733.3052328019359,-1245.4586810412338,909.559736929465,-92.6054239571738,231.76346698115924,-129.4726303777919,2440.909740740339,-2057.3378620485996,158.17290735659975
2026-04-26 18:46:47.361,836,734.1985543980625,-1247.2742045649334,910.2922733630038,-92.09082007334061,231.296178278394,-129.69274122326917,2443.574879452176,-2060.0111540868843,158.17885767304838
2026-04-26 18:46:47.376,837,735.0929584560506,-1249.090552382159,911.0234374707718,-91.25265359636077,231.14775734457476,-129.59141731920275,2445.4393003039927,-2063.4849267402387,157.38645481114008
2026-04-26 18:46:47.387,838,735.7344570005424,-1251.1601574650767,911.4992172161063,-90.53684219254004,230.87412894625257,-129.61224497665728,2447.8362062553147,-2066.4277691403017,157.12550054823424
2026-04-26 18:46:47.403,839,736.5985872567089,-1253.0082555127035,912.194903055205,-89.62286040595615,230.7974715680847,-129.4335297743633,2451.041559383503,-2068.5644916058386,157.6704594523924
2026-04-26 18:46:47.415,840,737.4832385458182,-1254.8403035248625,912.9049361624764,-88.80914303877755,230.6214917839989,-129.35300059703295,2453.9735633959467,-2070.971054967952,157.94642498631535
2026-04-26 18:46:47.429,841,738.0986602685396,-1256.9440621411554,913.3412409936209,-88.07364244349657,230.37003519849898,-129.35012322155336,2457.169637718991,-2073.1112724994273,158.4883672294693
2026-04-26 18:46:47.445,842,739.2936957200367,-1258.466540837852,914.3562866724809,-87.38475826540602,230.07103184507847,-129.39546048332565,2461.439607985607,-2074.178695210457,160.10268452038298
2026-04-26 18:46:47.456,843,740.1791025817812,-1260.29579896955,915.0646214316074,-86.49714628304406,229.97009226417444,-129.24376900276482,2463.8319882728606,-2077.1209356812765,159.84365240206597
2026-04-26 18:46:47.474,844,741.350218778611,-1261.8376077919088,916.0637103311818,-85.66012574258421,229.82172282984837,-129.14298907454088,2466.75657735023,-2079.530164377915,160.11971857731965
2026-04-26 18:46:47.490,845,741.9097727705089,-1263.9908754900148,916.4539299713116,-85.06907325384543,229.42531040528533,-129.28846241996865,2469.1522593082586,-2082.469588919572,159.86511044202373
2026-04-26 18:46:47.503,846,743.0827985099927,-1265.5328304436578,917.4534143949332,-84.35203797656862,229.15278362783522,-129.31188036668377,2472.6138248664424,-2084.3419828122055,160.67822290096407
2026-04-26 18:46:47.517,847,744.5087336774592,-1266.8210093220796,918.7071481846606,-83.56199724051368,228.95449825708343,-129.2613070321946,2477.6797157706383,-2084.610403875454,163.09534204480087
2026-04-26 18:46:47.528,848,745.1221633060406,-1268.9221812133687,919.145369533709,-82.74794982777567,228.7815023849138,-129.18712640493575,2481.406207884272,-2086.2183669271526,164.17390069203867
2026-04-26 18:46:47.544,849,746.2648154294071,-1270.498071062001,920.1030320779817,-82.12705395813734,228.4085023574956,-129.31122136617947,2484.6042407500204,-2088.3570454402907,164.72304563236625
2026-04-26 18:46:47.556,850,746.6110636346385,-1272.868146863066,920.264000864748,-81.55273899490595,227.98451522754343,-129.4865104795768,2488.0635285183307,-2090.235631806087,165.5338044870556
2026-04-26 18:46:47.556,851,747.715431722701,-1274.4786239344837,921.1845457443515,-80.70343342297093,227.83480506335974,-129.38685012883988,2490.7257636708696,-2092.912199333785,165.54454379969715
2026-04-26 18:46:47.579,852,749.6499228232233,-1275.2561002437385,922.938964214778,-80.05374520856616,227.48403142541193,-129.48509962409858,2493.390804407763,-2095.5888358501034,165.55322716897902
2026-04-26 18:46:47.589,853,751.3303074761898,-1276.286699592622,924.4405753411752,-79.40395676179382,227.1328965151452,-129.58332505782377,2495.525006988918,-2098.797159478796,165.029514697171
2026-04-26 18:46:47.597,854,752.757231204479,-1277.5699878130129,925.6879198783363,-78.77738889830958,226.7560986138994,-129.7074093666882,2498.7227759388093,-2100.940069352295,165.568226181255
2026-04-26 18:46:47.611,855,753.9326144682261,-1279.1058939588795,926.6811839488375,-78.02522209322791,226.50305292976486,-129.70612770768494,2501.389349489068,-2103.6157220357672,165.5746303807206
2026-04-26 18:46:47.633,856,754.2588910895932,-1281.4931311681917,926.8237870077811,-77.47317408253365,226.04917576399967,-129.90273829310226,2504.3245207912055,-2106.0237129558736,165.8495295122846
2026-04-26 18:46:47.643,857,755.420552446794,-1283.047256819698,927.7973065602026,-76.79447029968595,225.7214791592478,-129.97363987766482,2507.2573649255687,-2108.4314276141276,166.12684098564145
2026-04-26 18:46:47.643,858,756.3118807843546,-1284.8719460203376,928.4972450175114,-76.01379395165677,225.4940310009757,-129.94453255255715,2510.451559219101,-2110.5786116121644,166.66754253343365
2026-04-26 18:46:47.671,859,757.2049831824215,-1286.6960458330057,929.1955439897738,-75.2847034386327,225.21495928264213,-129.96725271828487,2514.453403112412,-2111.9192203084335,168.01475544409365
2026-04-26 18:46:47.687,860,758.10044892038,-1288.5217161836704,929.8928378723256,-74.60126941367717,224.88516010608103,-130.03853343921924,2516.318830033969,-2115.398474051297,167.22439463841877
2026-04-26 18:46:47.698,861,758.7436640406522,-1290.6000863377953,930.3378463118582,-73.84233988461216,224.63064629995665,-130.03454479697177,2518.9855203993484,-2118.0788444900177,167.23426684103237
2026-04-26 18:46:47.714,862,760.1857530191451,-1291.8818193270365,931.5794294818813,-73.20993343522873,224.2469969730604,-130.15699358638798,2521.918719253606,-2120.4951546434986,167.51036263229275
2026-04-26 18:46:47.728,863,760.8526356201506,-1293.9404441870574,932.0434163617708,-72.4716059672661,223.9645793909889,-130.17907594653857,2524.5899265310964,-2123.1741247858226,167.52629176027824
2026-04-26 18:46:47.736,864,762.0433650066898,-1295.473665167213,933.0321207188401,-71.78514473346519,223.62994431869035,-130.25306271415764,2528.0591409580925,-2125.0528626903274,168.34455822565803
2026-04-26 18:46:47.757,865,763.2113401195749,-1297.0277881394945,934.0018257507079,-71.02446356346186,223.37102787396668,-130.25026428844834,2531.259128782246,-2127.2018878480967,168.8933788863508
2026-04-26 18:46:47.764,866,763.8532029797302,-1299.1065060069989,934.4481908140406,-70.33664322314308,223.03915316703598,-130.3209911421072,2533.9308171411244,-2129.8819514124743,168.90937556207868
2026-04-26 18:46:47.780,867,765.2747717969512,-1300.4085916792953,935.6700927035973,-69.64752713793604,222.70656783518814,-130.39250266977723,2536.600266182432,-2132.566075403012,168.91991940059177
2026-04-26 18:46:47.793,868,766.4269428118203,-1301.98420613864,936.6185577514913,-68.96082220892404,222.37108445699516,-130.46625561557317,2539.27845602531,-2135.244469655702,168.9364978038734
2026-04-26 18:46:47.807,869,767.5779792972335,-1303.558590004702,937.5679186066637,-68.092043443795,222.21671204571635,-130.36029993286195,2541.1521385956657,-2138.7290363834795,168.1473481656091
2026-04-26 18:46:47.820,870,768.7290062089844,-1305.1320119090694,938.5143460669342,-67.5571764288456,221.72964674421934,-130.58657324678038,2544.098184577966,-2141.1422085336176,168.43033837829182
2026-04-26 18:46:47.833,871,770.1714170112095,-1306.4112200610869,939.7531579518665,-66.94558008203029,221.31908749606472,-130.7375859060253,2546.5010886731025,-2144.097975981783,168.1707040524867
2026-04-26 18:46:47.847,872,771.5541265595247,-1307.7528952099653,940.9308779993627,-66.43650729022079,220.80653912069585,-130.9904020251383,2549.434853279601,-2146.5209171214938,168.44393062334655
2026-04-26 18:46:47.861,873,772.4130368916524,-1309.618420789622,941.5840711214422,-65.62091714391387,220.60090860024027,-130.93712576016986,2553.71357202918,-2147.5986460190393,170.0607422894792
2026-04-26 18:46:47.875,874,773.2911252734648,-1311.4623464928002,942.25878730075,-64.88177195384789,220.318701230585,-130.95875221015265,2556.92481110997,-2149.744823313943,170.60883168834212
2026-04-26 18:46:47.892,875,773.937639609924,-1313.5364418986496,942.7010446084279,-64.24358624730532,219.93310362210582,-131.0840320429978,2559.8666175024296,-2152.1601385995577,170.88767599472348
2026-04-26 18:46:47.903,876,775.1471173261996,-1315.0462341012658,943.7074911393248,-63.34834604338012,219.80323449247066,-130.95411169915852,2562.270977521512,-2155.113876833661,170.62676118732014
2026-04-26 18:46:47.916,877,775.5819090077672,-1317.3322164040492,943.938897739222,-62.376116929573676,219.75119092660313,-130.74596922401008,2564.6780174893725,-2158.065122297181,170.36377213140392
2026-04-26 18:46:47.932,878,776.7307610549123,-1318.9030344494583,944.885768824581,-61.60777397692152,219.49446990681434,-130.74416504810506,2568.159909078385,-2159.942858565663,171.1713978488562
2026-04-26 18:46:47.938,879,777.6048409323056,-1320.7435278528083,945.5616278336964,-60.81163948246674,219.2624420467919,-130.71671242449565,2570.301919019769,-2163.1605242018286,170.6385402484545
2026-04-26 18:46:47.955,880,779.291779718176,-1321.7697518738705,947.0510676937939,-60.1161109517026,218.92649812509998,-130.79321605466365,2573.514424478411,-2165.306275278694,171.17856919893404
2026-04-26 18:46:47.964,881,780.4587175609628,-1323.3188560821554,948.0159163007294,-59.23837126664164,218.7711869312952,-130.6888425284519,2577.800208703802,-2166.379715338522,172.7919091933062
2026-04-26 18:46:48.098,882,781.332897116789,-1325.158278761221,948.6920061469823,-58.46125139835658,218.51169267864168,-130.68690336430913,2580.209960957622,-2169.328700771666,172.52887342710684
2026-04-26 18:46:48.119,883,782.7482882506633,-1326.4540092168481,949.9083986076769,-57.811708076956045,218.11995279953763,-130.81525680892108,2584.228488420982,-2170.6693658101653,173.87048344610082
2026-04-26 18:46:48.130,884,784.6661665844288,-1327.2476861355956,951.6278157429693,-56.952540460933534,217.9359572403873,-130.73415342404994,2586.905095923108,-2173.3510631683957,173.87142664836716
2026-04-26 18:46:48.132,885,785.3270021149901,-1329.2979222270528,952.0911055163479,-56.40642931178286,217.4395821923934,-130.96598109840167,2590.3856736481953,-2175.2290535505736,174.6778075018429
2026-04-26 18:46:48.153,886,785.7178989336533,-1331.6170977966117,952.2823621284437,-55.573169530968045,217.2304678606519,-130.91230702783963,2593.3315782981344,-2177.640629712343,174.95179223922173
2026-04-26 18:46:48.160,887,786.397877403421,-1333.6478006716886,952.7658529608528,-54.94925142096343,216.81305462456183,-131.06756345357232,2595.471176190531,-2180.8583720014676,174.42081360329047
2026-04-26 18:46:48.176,888,788.3369049497221,-1334.422321770717,954.5071591130078,-54.480383042320916,216.23856849639353,-131.3773717842836,2598.1485973971576,-2183.5390390144894,174.42656764914705
2026-04-26 18:46:48.192,889,789.7746907926612,-1335.699571317872,955.7446230554954,-53.59283201455618,216.07999723037642,-131.27170626955208,2600.5572861576707,-2186.489057718998,174.16140972239623
2026-04-26 18:46:48.195,890,790.4386077478594,-1337.7497525698452,956.2068042583861,-52.83494796313898,215.7910664950153,-131.29559004402563,2603.5011541506015,-2188.9034854041165,174.43264751889103
2026-04-26 18:46:48.221,891,792.1077340637662,-1338.7949804873688,957.672881554573,-52.15181173661781,215.4227359175642,-131.39850016588045,2607.2500827709277,-2190.511499519162,175.50841272170803
2026-04-26 18:46:48.222,892,793.7966445545192,-1339.8199869134373,959.1597573527308,-51.206268546641944,215.3157083557035,-131.23820171397898,2610.195349929308,-2192.9241340851213,175.77838804286043
2026-04-26 18:46:48.252,893,794.6949759590417,-1341.6393504013135,959.8501694348585,-50.65484946656325,214.81374840671276,-131.47207533677846,2613.409829234177,-2195.0677494499964,176.31460604081457
2026-04-26 18:46:48.264,894,795.8893651574878,-1343.1647484031714,960.8316148479594,-49.99618670965841,214.41683278219526,-131.60288318243144,2616.622687784022,-2197.209910667362,176.85030200588756
2026-04-26 18:46:48.271,895,797.6094901146352,-1344.1657404947118,962.3341078441858,-49.30792726356825,214.04607328391623,-131.7081948282232,2620.6379690687804,-2198.5483840970583,178.1906327198143
2026-04-26 18:46:48.292,896,799.0356758814404,-1345.4610411247916,963.5420586074715,-48.75175281333956,213.5424782357204,-131.9460370039366,2623.311218635592,-2201.223965256942,178.1931478348063
2026-04-26 18:46:48.306,897,799.6680439809874,-1347.5523510875685,963.9549646502962,-48.06237801129074,213.17139540717693,-132.0523920989265,2626.2495182612047,-2203.631343689132,178.46256191209773
2026-04-26 18:46:48.313,898,801.3704724806959,-1348.5759148610443,965.4353881864779,-47.53188813565213,212.64124403805386,-132.31818911588465,2629.1831888915794,-2206.040190985779,178.73191959263232
2026-04-26 18:46:48.333,899,802.2765206153903,-1350.3953307468776,966.1199971318317,-47.00235094608819,212.11283086867218,-132.5824903562582,2631.583492028418,-2208.9830821656096,178.4681512246228
2026-04-26 18:46:48.349,900,803.5000317576473,-1351.8968546071696,967.1208805360765,-46.33965005060584,211.71563254455884,-132.7144622066539,2634.254444096894,-2211.6566093721553,178.4735870444427
2026-04-26 18:46:48.361,901,804.6343422900509,-1353.4875887651933,968.0338885164998,-45.543131022775796,211.44963463444148,-132.71359647147762,2636.1248733724333,-2215.1323216431733,177.6763873909548
2026-04-26 18:46:48.361,902,806.040210178853,-1354.8062031119885,969.2206858030486,-45.1196210022918,210.8145044425633,-133.08385291885176,2639.600464783693,-2217.005796654798,178.48147941343447
2026-04-26 18:46:48.382,903,807.2171992052039,-1356.3541850280349,970.1801983431794,-44.589340518622585,210.2845578112596,-133.34937826070671,2643.880100079551,-2218.076023289851,180.08719597802883
2026-04-26 18:46:48.396,904,808.1201096847955,-1358.174962242109,970.8681098200644,-43.79342264757305,210.01926799098914,-133.35025154229305,2646.555945863235,-2220.751570708116,180.08626639909593
2026-04-26 18:46:48.403,905,808.8166094064121,-1360.202690657055,971.3482903362958,-42.99732215409864,209.75456840351552,-133.35299455805963,2648.428586785661,-2224.230452406966,179.2834951049747
2026-04-26 18:46:48.424,906,809.2178621637582,-1362.523841051109,971.5343919974883,-41.98806249236261,209.70236841974693,-133.14417499247838,2650.30090404366,-2227.708535055865,178.48355459810202
2026-04-26 18:46:48.436,907,810.3500443034587,-1364.1143378477084,972.4518091812845,-41.192620158946816,209.43886775593518,-133.14900174740677,2654.5810216104996,-2228.779604131562,180.09051084738826
2026-04-26 18:46:48.449,908,812.3193168507714,-1364.8666323639864,974.207604641175,-40.31941959967646,209.2560549086139,-133.07432023056123,2659.129630712811,-2229.582168770146,181.96326425319103
2026-04-26 18:46:48.462,909,813.4291367499044,-1366.4783486283973,975.104501220792,-39.52700295759427,208.99403484101208,-133.08048527769904,2661.80428179974,-2232.2570553537657,181.96448183835457
2026-04-26 18:46:48.476,910,814.8301970214524,-1367.7959465853555,976.2969535317627,-38.65611126732205,208.8119725881225,-133.0064186789689,2663.9428952276835,-2235.4656893810284,181.4304886627625
2026-04-26 18:46:48.488,911,816.0014805143428,-1369.342382982783,977.2591204765808,-37.8912300491813,208.52373003729343,-133.03391990731527,2666.881217446368,-2237.871859011881,181.69850135604514
2026-04-26 18:46:48.503,912,817.6930705842333,-1370.3665960903854,978.7434377520442,-37.28611850288879,208.0764529570621,-133.2181035244742,2669.5531820824453,-2240.544721982225,181.69950864127657
2026-04-26 18:46:48.514,913,819.1345329932697,-1371.6418441997487,979.977005460681,-36.44550068944849,207.86598412633623,-133.16766469470903,2672.223063787629,-2243.2192262886288,181.70087977707794
2026-04-26 18:46:48.530,914,820.7874020246583,-1372.7083614528967,981.4192485100624,-35.81310046513781,207.44359429030686,-133.32941538683974,2675.1621364467774,-2245.624509508821,181.96867290675917
2026-04-26 18:46:48.546,915,821.4370263938905,-1374.7784281010865,981.8565327828196,-35.176455931112216,207.0206962130146,-133.49000005333596,2677.2970481670627,-2248.8314540371,181.43557114806086
2026-04-26 18:46:48.560,916,822.0873745521718,-1376.8498908546983,982.2945023026674,-34.643935641016725,206.4904326618061,-133.7568356683421,2679.964522233438,-2251.503744636411,181.43950947811823
2026-04-26 18:46:48.572,917,824.036671739867,-1377.6241846199002,984.0297901823701,-33.8464392841506,206.22510592769635,-133.75835194513368,2682.6327529088617,-2254.174613159296,181.44567839922962
2026-04-26 18:46:48.587,918,825.2357597251826,-1379.1511966416458,985.0112247836229,-32.91413395998648,206.09199839351345,-133.6265928316074,2685.2944338549114,-2256.849307198828,181.44733228347263
2026-04-26 18:46:48.599,919,826.6868662765024,-1380.4278231448777,986.2438803513356,-32.24621637867891,205.69321920647707,-133.76183711940777,2687.693732861356,-2259.782998227065,181.18776868955206
2026-04-26 18:46:48.615,920,827.0711657851652,-1382.7750578575126,986.406069837503,-31.494969911679437,205.37398174033999,-133.81782983081385,2690.8866236956906,-2261.9217901611937,181.7248933074542
2026-04-26 18:46:48.630,921,828.5293460733229,-1384.051029734989,987.636229448453,-30.796446396697764,204.99920322244247,-133.92865933998797,2694.349095235629,-2263.7915034890334,182.53216482231142
2026-04-26 18:46:48.644,922,830.513423225571,-1384.8020919405044,989.3883789910617,-29.90757458292822,204.8128471063747,-133.85232634551934,2697.0048100144954,-2266.4672682376713,182.53482035004268
2026-04-26 18:46:48.658,923,831.7036760492543,-1386.349275807581,990.3428392237006,-29.258846657028634,204.38498334362978,-134.01851989860182,2700.2010823672395,-2268.6020919325574,183.07739644708275
2026-04-26 18:46:48.671,924,832.3941394669497,-1388.394676312203,990.7943317630691,-28.285256337501824,204.2803657023192,-133.86147495885595,2702.860591615785,-2271.2729644875003,183.08072615145335
2026-04-26 18:46:48.687,925,833.8325451102502,-1389.6904015461273,991.9945989863991,-27.52604254543467,203.9592849626854,-133.9203223410264,2705.7884659019087,-2273.6764879856873,183.34912393220526
2026-04-26 18:46:48.701,926,834.9950624423059,-1391.257637968603,992.9224099790189,-26.818629874236294,203.58659833470333,-134.03144928743419,2708.4507842211533,-2276.34722278979,183.3520355676046
2026-04-26 18:46:48.711,927,835.9502183533577,-1393.0279332036362,993.6483942037923,-25.95518109261445,203.3703201436304,-133.9879725546992,2711.383929411539,-2278.748649866754,183.62078298539134
2026-04-26 18:46:48.726,928,837.1543272792896,-1394.549359226908,994.6248417067925,-25.248989790119193,202.99323158057553,-134.1048342496362,2713.783811131331,-2281.683812914848,183.35643797601438
2026-04-26 18:46:48.740,929,838.5858063741225,-1395.8439773609016,995.8279772312468,-24.622649373765924,202.53191570521727,-134.30309464364873,2715.1138479294304,-2285.6828977843525,182.02898373993153
2026-04-26 18:46:48.762,930,839.2428866007743,-1397.9103728699254,996.2605353995539,-23.75219131406465,202.31420695433155,-134.25829202738237,2718.0417120744864,-2288.082387948432,182.3008293391751
2026-04-26 18:46:48.778,931,840.4418399811194,-1399.4315353039647,997.237533980607,-23.09688442688022,201.8839400544772,-134.4274931521679,2721.499453854982,-2289.951391452037,183.10449344345452
2026-04-26 18:46:48.801,932,840.8927325562784,-1401.701470471553,997.4645105836424,-22.52300155010156,201.3713061230733,-134.6800128707056,2723.8942548615437,-2292.8854293253476,182.84505439770894
2026-04-26 18:46:48.822,933,842.047830980354,-1403.2662259135332,998.3973336224805,-21.6515535218681,201.15315397270604,-134.63777009269978,2727.356623316718,-2294.754209082553,183.65080549392877
2026-04-26 18:46:48.839,934,843.2022262956204,-1404.8319990713517,999.3294802290114,-20.79845658272067,200.91422087103655,-134.6173783663018,2730.283955295657,-2297.159680690109,183.92301442926538
2026-04-26 18:46:48.855,935,844.8569528190292,-1405.8975399664675,1000.7628704721491,-20.02814566319793,200.59002491377336,-134.67841509241285,2734.2825593347306,-2298.4945175812745,185.26773604458347
2026-04-26 18:46:48.877,936,846.2816869696161,-1407.191462061619,1001.9698817959498,-19.257080528415845,200.2659147428844,-134.73964448316323,2737.477996952498,-2300.634306085066,185.8095232671323
2026-04-26 18:46:48.896,937,847.4144385461959,-1408.7808516272287,1002.8822904462751,-18.650482756197828,199.77352418998834,-134.9676979404921,2739.073576828482,-2304.376131189404,184.7501292137729
2026-04-26 18:46:48.917,938,848.8407987374956,-1410.0769102755821,1004.0900752842505,-17.848576155788763,199.47294884769576,-135.0013313504962,2741.9957184653854,-2306.788904199621,185.0222100980627
2026-04-26 18:46:48.931,939,849.1584018259792,-1412.4887607110886,1004.1836018272329,-17.21067873915478,199.00226826986523,-135.20268772050466,2743.858107316651,-2310.2608027803035,184.23122593087123
2026-04-26 18:46:48.949,940,849.8201364117057,-1414.5609345945952,1004.6153550497588,-16.710289106677813,198.39456007026905,-135.54196259812304,2745.717927234941,-2313.7351951566634,183.43939592538106
2026-04-26 18:46:48.964,941,851.5314035508992,-1415.585987998737,1006.0948859493592,-15.903184901493663,198.0926557756558,-135.57694176319688,2749.1814467093786,-2315.6071702947006,184.24955359882176
2026-04-26 18:46:48.984,942,852.1969360616017,-1417.6590374309992,1006.5240042596488,-15.402917821814986,197.4854651603852,-135.91727677618175,2752.380914237404,-2317.74481896793,184.79477517996074
2026-04-26 18:46:49.001,943,853.6635143459267,-1418.9336117742369,1007.7498634706589,-14.542267344619901,197.23715440328905,-135.8963462992757,2756.648877504822,-2318.8154145865014,186.40780286268026
2026-04-26 18:46:49.007,944,855.0826377245104,-1420.256403189764,1008.9278449981957,-13.678705233023823,196.9909754945051,-135.87181121459378,2758.5127999831666,-2322.2908721900167,185.61768391313683
2026-04-26 18:46:49.032,945,855.7498912661188,-1422.3310862444728,1009.3571686166697,-13.011201660930155,196.55136239560977,-136.04292193749927,2761.442152887736,-2324.6970776951393,185.89700939122474
2026-04-26 18:46:49.051,946,857.1927876201537,-1423.6319689104864,1010.5622483147797,-12.511702339942229,195.94403343362862,-136.38159891118812,2765.1740066916723,-2326.301708020782,186.97822021386617
2026-04-26 18:46:49.062,947,858.4071326091805,-1425.1602090215508,1011.5423613174288,-11.540083039178255,195.80634757189998,-136.25091398771562,2768.1047179383954,-2328.708745766925,187.25657648432306
2026-04-26 18:46:49.081,948,860.1447407447847,-1426.1637486994,1013.0476517030359,-10.64880388821836,195.58699228492526,-136.19935122751951,2769.964138317,-2332.1849342569544,186.4641224642368
2026-04-26 18:46:49.095,949,862.1327281858611,-1426.917002098972,1014.8050364902529,-9.868018316488676,195.25212249322536,-136.26165060579052,2773.1540073864603,-2334.3312546114544,187.0055901120651
2026-04-26 18:46:49.097,950,863.5485708971781,-1428.2415044111312,1015.9922795208031,-8.998246888997937,195.00459893715123,-136.23725241266706,2776.078798564668,-2336.7433524136463,187.28294586204004
2026-04-26 18:46:49.128,951,864.164855969362,-1430.3646834318802,1016.3799086480637,-8.099860873256038,194.784098160049,-136.18597730382555,2780.3404741576123,-2337.8195473162386,188.89681438452695
2026-04-26 18:46:49.140,952,865.858214977055,-1431.4154027019545,1017.8389747491344,-7.091659283807246,194.67204503846668,-136.02716491257718,2783.5397659537457,-2339.9592427519224,189.4468635718198
2026-04-26 18:46:49.158,953,867.0247229585797,-1432.9910971669258,1018.7735429421738,-6.387690701587353,194.25415597332523,-136.17334117537982,2787.0060273608387,-2341.833658730542,190.2600023555174
2026-04-26 18:46:49.174,954,868.3974097166539,-1434.3639281342184,1019.9102803751572,-5.458741541549126,194.0597020253133,-136.09453745189634,2789.9356591104215,-2344.2411092823822,190.5395259095016
2026-04-26 18:46:49.180,955,869.3166245371236,-1436.1915061114203,1020.5911488177105,-4.501745161829533,193.8927927379868,-135.98975111906734,2792.8619230573413,-2346.651130136887,190.81512555318997
2026-04-26 18:46:49.203,956,870.485897160214,-1437.7672929804585,1021.5245373695902,-3.7627421245413766,193.50452357781626,-136.10650994726407,2795.2590236166648,-2349.591117062669,190.55845315202677
2026-04-26 18:46:49.216,957,872.4274175130982,-1438.5664557515413,1023.2354629339791,-3.1660709514588503,192.9715860041771,-136.3694587534572,2797.9257736754835,-2352.2635027132933,190.56960212833056
2026-04-26 18:46:49.235,958,873.0458906042551,-1440.6918847139411,1023.6210951787067,-2.5683199764438833,192.43841996094136,-136.63344335162307,2801.3912258937335,-2354.137130517057,191.38175375673944
2026-04-26 18:46:49.252,959,874.215292095611,-1442.2705450235678,1024.5556307445295,-1.7986869298676482,192.0781357313594,-136.7250877502936,2805.6561370190293,-2355.2121284307623,192.9942624328345
2026-04-26 18:46:49.266,960,874.6552147342506,-1444.5784074926344,1024.7586971870758,-1.0884513126311353,191.65827638118847,-136.87536542469425,2809.1220932333517,-2357.0862805091624,193.8063406459122
2026-04-26 18:46:49.282,961,876.1021980002549,-1445.8824262846754,1025.9668219144219,-0.37949444742345717,191.23920405840224,-137.02579781619968,2812.854654271593,-2358.6954967414563,194.8846119696953
2026-04-26 18:46:49.293,962,878.0536639201644,-1446.684372428629,1027.677772139992,0.36352890018050443,190.8535406371645,-137.14491448543046,2815.516580964118,-2361.3759695119575,194.89057437083304
2026-04-26 18:46:49.309,963,879.2489770796287,-1448.239899117335,1028.6356433527956,1.2457381544637725,190.60812894195314,-137.12452827074213,2817.38031030173,-2364.8574263029923,194.09593089891342
2026-04-26 18:46:49.329,964,879.9412997132124,-1450.298417042202,1029.0918241723014,2.0408486749567336,190.27587865718363,-137.18985029440807,2819.7813466972666,-2367.8010415449266,193.8380702005585
2026-04-26 18:46:49.335,965,881.1587905473468,-1451.830041376913,1030.0736876758183,2.6384317112215117,189.7441577811095,-137.45544786209135,2821.6491253050967,-2371.279731078096,193.04406864216236
2026-04-26 18:46:49.351,966,882.8305267791868,-1452.90539747084,1031.5123834074734,3.525435727177173,189.49794415955986,-137.4357728269145,2825.9244436858835,-2372.3515076226686,194.65691821045408
2026-04-26 18:46:49.367,967,884.2698201227626,-1454.2083856288666,1032.723504670395,4.1802716460395715,189.016739656305,-137.65256198802476,2829.6628126433393,-2373.96098628963,195.73401942118758
2026-04-26 18:46:49.382,968,885.4573199796024,-1455.7640607499595,1033.6849321275527,5.036883002655163,188.73607691796886,-137.66776711798647,2832.8668480343717,-2376.1051360609504,196.27565846434777
2026-04-26 18:46:49.398,969,886.9209345120598,-1457.046246049764,1034.9215002036892,5.9201921891986435,188.48230972315423,-137.657766255515,2836.3375575958135,-2377.98385142149,197.08449499919195
2026-04-26 18:46:49.414,970,889.1402923008712,-1457.5729183035105,1036.9137953077015,6.778038907702189,188.20157053429708,-137.67329670281094,2839.0085706124487,-2380.663708101033,197.09070036818284
2026-04-26 18:46:49.430,971,890.8545423965157,-1458.603728800634,1038.4037049714193,7.295827749257951,187.5777009518987,-138.03146678676902,2843.022096877536,-2382.0029259981466,198.4371530216566
2026-04-26 18:46:49.445,972,891.7685618790027,-1460.436553248842,1039.0923024633182,8.158832452838018,187.29574987027846,-138.04906715402373,2844.3601414019245,-2386.020659850594,197.1047451043846
2026-04-26 18:46:49.461,973,893.2332226033412,-1461.7212190387777,1040.3314429031263,9.030735779870993,187.02187112828364,-138.0579784529297,2847.842368058003,-2387.8975580044525,197.9116379084618
2026-04-26 18:46:49.477,974,894.4236432439263,-1463.2808873506992,1041.296415109795,9.689431589456422,186.5385082586851,-138.27838286744222,2850.7880759341588,-2390.311324116517,198.18150246598609
2026-04-26 18:46:49.493,975,895.6146177300694,-1464.8413352799942,1042.2612667832698,10.322006977533865,186.0281592314262,-138.52509398641624,2853.1958325204664,-2393.2591190608296,197.92048651278645
2026-04-26 18:46:49.508,976,896.5075420127279,-1466.7010250706771,1042.9287357269698,11.157782149699223,185.72055116727407,-138.56973971642387,2856.9425341489177,-2394.867494584265,198.99873375767794
2026-04-26 18:46:49.524,977,897.9041412853468,-1468.0534284174935,1044.1047988743817,11.93426276723713,185.34969378452078,-138.67746620572092,2860.1528920740825,-2397.014140648151,199.54006308276948
2026-04-26 18:46:49.540,978,898.8562470332959,-1469.8460428854796,1044.8422652687154,12.747492400555576,185.01339221566337,-138.74818882087928,2864.168518588471,-2398.356599443475,200.88681358786994
2026-04-26 18:46:49.556,979,900.2726664421506,-1471.175597609533,1046.0426735978338,13.384226448641368,184.50018283504173,-138.99726118037205,2867.112149021916,-2400.772410158902,201.1590947744652
2026-04-26 18:46:49.571,980,901.4591274534857,-1472.7349480344342,1047.009261214585,14.02359874251063,183.98588888677068,-139.249488546337,2869.790935563263,-2403.4546220349525,201.16493274298253
2026-04-26 18:46:49.593,981,902.3249667085142,-1474.6112072747565,1047.6582267252506,14.84339688758012,183.65010752585317,-139.32363621507812,2873.2764609534274,-2405.332673724213,201.975799962893
2026-04-26 18:46:49.603,982,902.9642729001577,-1476.7195313522034,1048.0736248893156,15.780229820411176,183.4297160659388,-139.28228028263325,2874.8826219403363,-2409.0904431935114,200.90748940850497
2026-04-26 18:46:49.619,983,903.5581655310822,-1478.8730135813082,1048.4443188795922,16.396212143170242,182.88838381417008,-139.56180812996655,2877.563234007049,-2411.773756076564,200.91504388332726
2026-04-26 18:46:49.634,984,904.7240041502703,-1480.4555159238457,1049.3879520773294,17.15501964577153,182.48802636226895,-139.69950162961723,2880.23903216744,-2414.458737801536,200.92157381052257
2026-04-26 18:46:49.650,985,905.8902889081204,-1482.038067960584,1050.3322111835307,17.772110317032876,181.94521671466646,-139.98007504331753,2883.988640149563,-2416.069772898185,201.9990022258951
2026-04-26 18:46:49.666,986,907.6251656390897,-1483.0494729375143,1051.8484806243127,18.47976679251792,181.49184400100347,-140.17098828465345,2886.665698834809,-2418.7506706048416,202.00623518302828
2026-04-26 18:46:49.681,987,909.5915291395848,-1483.8298988757529,1053.596801806543,19.482103508838897,181.3344781065699,-140.06590137997844,2889.608092012811,-2421.1654126765225,202.27850982534713
2026-04-26 18:46:49.697,988,909.9779470587804,-1486.1932263927683,1053.7607545533658,20.524010060415833,181.21856506798275,-139.92116885088302,2892.817206500064,-2423.3133179853326,202.81747669736242
2026-04-26 18:46:49.719,989,911.9243905223516,-1486.9957367078785,1055.486606365413,21.344404634764665,180.88379635029264,-139.99684775290845,2895.4928450828743,-2425.996296928845,202.82271500360062
2026-04-26 18:46:49.729,990,913.341988754522,-1488.3261315284087,1056.6850974755205,22.256145854150013,180.63678142822388,-139.98169862747977,2899.242979980399,-2427.606459595346,203.90247206370879
2026-04-26 18:46:49.760,991,915.0535861813416,-1489.3598929365785,1058.1818634671374,23.106033930063948,180.32502392053004,-140.02911628748018,2901.3837870222364,-2430.827175367516,203.37163489686444
2026-04-26 18:46:49.780,992,916.7420417275501,-1490.4153921725979,1059.658536881522,24.04525157769714,180.10323494558412,-139.9870909277753,2903.790513221512,-2433.781486415889,203.10934291047892
2026-04-26 18:46:49.794,993,917.9462936965288,-1491.9554922144098,1060.6487670800768,24.75308836113749,179.64915281631647,-140.17742954273518,2907.5355864493044,-2435.3962110490397,204.18621816180377
2026-04-26 18:46:49.819,994,918.8769083794173,-1493.769323802988,1061.3650256463995,25.666575474748747,179.40130389634675,-140.16228094834509,2910.210084600083,-2438.0824981119445,204.18998702904244
2026-04-26 18:46:49.835,995,920.05950007113,-1495.3287219123229,1062.3338315263645,26.258605976203473,178.83065865974947,-140.47000712805072,2913.423996621215,-2440.2304977220747,204.7307752952712
2026-04-26 18:46:49.862,996,921.4721310524332,-1496.6569537811615,1063.5337763141138,27.292333495615274,178.69918491008318,-140.33850824952128,2915.836338108216,-2443.1822493453906,204.46591946318006
2026-04-26 18:46:49.891,997,922.8846466204619,-1497.9847840350299,1064.7344837544003,28.09439531020627,178.33499808362347,-140.44083821092548,2918.78597907743,-2445.598420977677,204.73711266716919
2026-04-26 18:46:49.904,998,923.4979031911952,-1500.1154587487008,1065.1322807490753,28.922615562540496,177.99783744099702,-140.5173095340036,2921.735047726042,-2448.01538403815,205.008027336953
2026-04-26 18:46:49.932,999,924.6799924535508,-1501.6768410321083,1066.102633411053,29.751003149985337,177.66122818046503,-140.5948659460652,2925.48951930985,-2449.625464365484,206.08415210169466
2026-04-26 18:46:49.956,1000,925.8412222472699,-1503.259570549579,1067.0514871914231,30.53999567777338,177.28631537455686,-140.7124453895923,2927.095863523315,-2453.382042716263,205.0150820868438
