timestamp,episode,openness,conscientiousness,extraversion,agreeableness,neuroticism,stress,satisfaction,social_energy,total_reward
2026-04-26 18:47:46.952,0,0.0,0.0,0.0,0.0,0.0,0.0000,0.0000,0.0000,0.000
2026-04-26 18:47:47.131,1,0.0020253753796372507,0.003987312310181374,-0.0029619369305441236,-0.0029238738610882463,-0.01097462462036275,0.0000,1.0000,0.1000,4.959
2026-04-26 18:47:47.205,2,0.0039949947489426926,0.008081075091933378,-0.00614786657619305,-0.0059568019863742855,-0.021810005251057307,0.0000,1.0000,-0.1000,8.071
2026-04-26 18:47:47.260,3,0.007935069827708552,0.010974404224951238,-0.006077466466645447,-0.0028747225862771025,-0.030482855172291448,0.0000,1.0000,0.2000,11.191
2026-04-26 18:47:47.352,4,0.011816043780292924,0.01380978816157697,-0.0059863044696457654,1.6839825251705343E-4,-0.03902561234470708,0.0000,1.0000,0.2000,10.654
2026-04-26 18:47:47.410,5,0.01563880312358853,0.016602641339153318,-0.005896509902601079,0.003165872278729298,-0.04744022815953647,0.0000,1.0000,0.1500,7.011
2026-04-26 18:47:47.452,6,0.01920105338978334,0.019434868793846562,-0.005889329328842608,0.005996483582377541,-0.055769258274533696,0.0000,1.0000,0.0000,8.761
2026-04-26 18:47:47.496,7,0.021696813817432554,0.022629835270540476,-0.006287478897511582,0.008176802065739456,-0.06417596415471649,0.0000,1.0000,0.4000,10.491
2026-04-26 18:47:47.534,8,0.023444148304106113,0.02606127306390835,-0.00696405203647489,0.009897822051114391,-0.07259876735360873,0.0000,1.0000,0.1500,7.829
2026-04-26 18:47:47.562,9,0.02489113655877548,0.02955089377625734,-0.007740131064235384,0.011428545007886249,-0.08095005574745841,0.0000,1.0000,0.2500,8.485
2026-04-26 18:47:47.586,10,0.02607105592059475,0.03308631580553312,-0.008602714534191492,0.012789088678888496,-0.08922514762920634,0.0000,1.0000,0.1000,6.426
2026-04-26 18:47:47.613,11,0.027059563989935767,0.03663819150519015,-0.009521844252918644,0.014024996693595134,-0.09741085563313825,0.0000,1.0000,0.3000,8.827
2026-04-26 18:47:47.643,12,0.027893384891333597,0.04019273288811355,-0.010483130844626118,0.015158450359939327,-0.1055017499263918,0.0000,1.0000,0.2500,6.553
2026-04-26 18:47:47.677,13,0.028609499285392432,0.04373603582782031,-0.011472077814985191,0.01621178270499754,-0.11349232064401016,0.0000,1.0000,0.2000,7.487
2026-04-26 18:47:47.717,14,0.02925304333413468,0.04725749863220645,-0.012488463251251688,0.01718042442834175,-0.12138965076693956,0.0000,1.0000,0.1000,9.504
2026-04-26 18:47:47.748,15,0.029959289321496295,0.05075860990004343,-0.013624427386918875,0.017881122766704737,-0.1292871102162114,0.0000,1.0000,0.2000,8.355
2026-04-26 18:47:47.777,16,0.03058904143599479,0.05424262014445557,-0.014793860326763162,0.01848800192036442,-0.1370989082171599,0.0000,1.0000,0.4500,10.406
2026-04-26 18:47:47.814,17,0.031241015230377946,0.05769347588283017,-0.01601781214058759,0.018951209974377922,-0.14485603679235765,0.0000,1.0000,0.1000,8.484
2026-04-26 18:47:47.848,18,0.03183350355617469,0.0611146578847403,-0.017249171701720585,0.01936698040835492,-0.1525115309136378,0.0000,1.0000,0.1500,9.603
2026-04-26 18:47:47.885,19,0.032499008823511026,0.06450336752921096,-0.018566918040625446,0.019576222629739144,-0.16014762710799302,0.0000,1.0000,0.1000,6.353
2026-04-26 18:47:47.917,20,0.033085874759202605,0.06787528878613641,-0.019909906368348537,0.019709330978559918,-0.1676971689147738,0.0000,1.0000,0.1500,9.632
2026-04-26 18:47:47.936,21,0.03364620704699033,0.07122690017362333,-0.02130164663035106,0.0197177836584655,-0.17518722987894045,0.0000,1.0000,0.1500,7.912
2026-04-26 18:47:47.964,22,0.034233022375559356,0.07454172855448707,-0.02273174590965994,0.01961438488779427,-0.18261742946778645,0.0000,1.0000,0.3000,6.246
2026-04-26 18:47:47.981,23,0.034749164617491064,0.07783021549397148,-0.024161495753529688,0.019482023483348918,-0.18994558762438343,0.0000,1.0000,-0.0500,9.098
2026-04-26 18:47:47.999,24,0.035269881575119594,0.08109173958754408,-0.025637649137773118,0.019227130152997016,-0.19722049096757296,0.0000,1.0000,0.1500,10.852
2026-04-26 18:47:48.015,25,0.0357884229395024,0.08432657017762958,-0.02715469528310934,0.018861104777845746,-0.20443819114351286,0.0000,1.0000,0.1500,6.631
2026-04-26 18:47:48.032,26,0.03627674854664794,0.08753317387730174,-0.028688148827585695,0.01843239138490038,-0.21157664112391486,0.0000,1.0000,0.1500,5.681
2026-04-26 18:47:48.053,27,0.036755457695825486,0.09070307947594249,-0.03022747539822415,0.01795805951142253,-0.21863118870670825,0.0000,1.0000,0.0000,4.831
2026-04-26 18:47:48.083,28,0.037256573280867566,0.09382543066392263,-0.031763421247888515,0.01745142134753537,-0.22559963016668572,0.0000,1.0000,0.1500,6.100
2026-04-26 18:47:48.110,29,0.037765760701637126,0.09690639555560239,-0.03330125088019483,0.01690526130109235,-0.23248574348939077,0.0000,1.0000,0.0000,7.532
2026-04-26 18:47:48.141,30,0.03824463618695692,0.0999560225936398,-0.034840567971212,0.016325622158821503,-0.23928568170558429,0.0000,1.0000,0.1500,7.677
2026-04-26 18:47:48.164,31,0.03874937292731233,0.10296029365485203,-0.0363798607073952,0.015708741014994844,-0.24600649203569347,0.0000,1.0000,0.0500,8.270
2026-04-26 18:47:48.190,32,0.039244178458784106,0.10592959845372088,-0.037921418090216284,0.015055453914751717,-0.2526467953467443,0.0000,1.0000,0.3000,6.747
2026-04-26 18:47:48.210,33,0.039748968534724906,0.10885248312801392,-0.039446441723675035,0.014397846621955881,-0.2591950239958057,0.0000,1.0000,0.0500,6.558
2026-04-26 18:47:48.230,34,0.04025128264112248,0.11173324273708385,-0.040956569136739264,0.013735004272782913,-0.26565214924679287,0.0000,1.0000,0.0500,6.031
2026-04-26 18:47:48.256,35,0.04076399991996517,0.11457178441729801,-0.04245865246871564,0.013053385631271442,-0.27202652871648325,0.0000,1.0000,0.0500,8.502
2026-04-26 18:47:48.281,36,0.0412978882410431,0.11736365827019599,-0.04394653987935635,0.012363275761038205,-0.27831567267382873,0.0000,1.0000,0.0500,7.187
2026-04-26 18:47:48.305,37,0.04184545460638066,0.12011278663479406,-0.04542425354353754,0.011658794719205076,-0.28452305772676734,0.0000,1.0000,0.2500,6.529
2026-04-26 18:47:48.338,38,0.04241964135075918,0.12281464030146885,-0.04688692335922515,0.010947618293834005,-0.2906474727466081,0.0000,1.0000,-0.1000,7.199
2026-04-26 18:47:48.364,39,0.043034391380237846,0.1254675414490232,-0.04833797128086715,0.010222260851403922,-0.2966945520514012,0.0000,1.0000,0.3500,6.484
2026-04-26 18:47:48.381,40,0.043661205067627745,0.12808032062073624,-0.04978056753291217,0.009480991442841003,-0.30266440344516404,0.0000,1.0000,0.4000,8.040
2026-04-26 18:47:48.397,41,0.044282065774271295,0.13065969178104875,-0.05121924746068663,0.008718287674473888,-0.30855953784944296,0.0000,0.7500,-0.1000,6.438
2026-04-26 18:47:48.419,42,0.04493115278274071,0.13318936713323073,-0.05263202602255925,0.0079701641762398,-0.31436742669103535,0.0000,1.0000,-0.1000,7.005
2026-04-26 18:47:48.437,43,0.0455756364115064,0.1356840098738591,-0.05403480157289688,0.007212341456057562,-0.3200979296075324,0.0000,1.0000,0.0000,5.941
2026-04-26 18:47:48.455,44,0.046225134149265684,0.13813843469058013,-0.05541886097813515,0.006459835958967726,-0.3257461996098367,0.0000,1.0000,0.3500,10.653
2026-04-26 18:47:48.481,45,0.046879853797519695,0.1405565929189348,-0.056793601833694106,0.0056960082534779286,-0.33132091301156347,0.0000,1.0000,0.3000,7.586
2026-04-26 18:47:48.506,46,0.0475328478577121,0.14293970557983657,-0.058156389863454304,0.004926914792487448,-0.3368200605963127,0.0000,1.0000,-0.0500,5.993
2026-04-26 18:47:48.525,47,0.04818755042682442,0.1452900431407868,-0.05951432925921525,0.004139657155498508,-0.34225082835875686,0.0000,0.7500,-0.0500,5.429
2026-04-26 18:47:48.546,48,0.04885007557791249,0.14760522258794093,-0.06086392017669646,0.003340215632560124,-0.347612106742612,0.0000,1.0000,0.3000,9.733
2026-04-26 18:47:48.568,49,0.049522444284790225,0.1498818045562644,-0.062196135420123894,0.0025450944594872607,-0.3528977690339794,0.0000,1.0000,0.0500,6.074
2026-04-26 18:47:48.588,50,0.050194210434176226,0.15212580094969258,-0.06351885782931962,0.0017417008924858336,-0.35811385520808126,0.0000,1.0000,0.1500,6.081
2026-04-26 18:47:48.605,51,0.05087471188643837,0.15433403867123574,-0.06482868399649915,9.35419677754185E-4,-0.36325969404668507,0.0000,1.0000,0.3000,9.546
2026-04-26 18:47:48.629,52,0.05156618837906593,0.15650473827705386,-0.06612121234619879,1.343262562369193E-4,-0.3683329021526886,0.0000,1.0000,0.2500,6.668
2026-04-26 18:47:48.649,53,0.0522696616157615,0.15863910372532522,-0.06739920226239933,-6.663365791800816E-4,-0.3733367484605782,0.0000,1.0000,0.5000,4.305
2026-04-26 18:47:48.668,54,0.05298083994773456,0.16073802226636427,-0.06866104332438683,-0.0014627471738798956,-0.37827027378113354,0.0000,1.0000,0.2000,8.382
2026-04-26 18:47:48.684,55,0.05368867154350991,0.16280528351089163,-0.0699083746805761,-0.00225613418912046,-0.3831343008912102,0.0000,1.0000,0.0500,8.127
2026-04-26 18:47:48.701,56,0.054402685934189524,0.16483671047692824,-0.07113532861945558,-0.0030366981851098983,-0.38792611282758016,0.0000,1.0000,-0.0500,5.098
2026-04-26 18:47:48.721,57,0.05510199316177953,0.16684144492846986,-0.07235129065775375,-0.0038184890931654896,-0.3926515705484087,0.0000,0.9500,-0.1000,11.305
2026-04-26 18:47:48.739,58,0.05580129519788633,0.16881522585185352,-0.07355364951307164,-0.004598266888481056,-0.3973112239067114,0.0000,1.0000,0.3000,4.929
2026-04-26 18:47:48.758,59,0.056489790798124426,0.17076052788620946,-0.07474076924820316,-0.005371376629742151,-0.40190321481487146,0.0000,1.0000,0.1000,5.410
2026-04-26 18:47:48.783,60,0.0571658439914632,0.17267855966951276,-0.07591376361727771,-0.006139297945092996,-0.40642905264964774,0.0000,1.0000,-0.0500,5.955
2026-04-26 18:47:48.802,61,0.05783272685014594,0.1745715618284179,-0.0770797856525826,-0.006915075178070777,-0.41089575507249315,0.0000,0.9500,0.1500,8.536
2026-04-26 18:47:48.825,62,0.05850140731546833,0.1764333718358814,-0.07822872560621628,-0.007681430809799686,-0.4152972637673833,0.0000,1.0000,0.0500,5.315
2026-04-26 18:47:48.848,63,0.05917583656595894,0.17826297066187627,-0.0793595267050264,-0.00843662361169286,-0.41963398709200933,0.0000,1.0000,-0.1500,8.508
2026-04-26 18:47:48.874,64,0.05984976726073419,0.18006396826360255,-0.08047669173103919,-0.00918771902986664,-0.4239095641313902,0.0000,1.0000,0.4000,7.345
2026-04-26 18:47:48.898,65,0.060508123735472576,0.18184190904587397,-0.08158401082744106,-0.009939392036040842,-0.4281259399886741,0.0000,1.0000,0.4000,8.437
2026-04-26 18:47:48.923,66,0.0611486285511681,0.18359718178667378,-0.0826800721168156,-0.010688493370828606,-0.4322824216523862,0.0000,1.0000,0.2000,9.082
2026-04-26 18:47:48.948,67,0.06177550865138545,0.18533004298616748,-0.08376746119083674,-0.011439936818666018,-0.43638236602022684,0.0000,1.0000,0.4000,6.937
2026-04-26 18:47:48.974,68,0.062392502015633164,0.1870398568298788,-0.08484607190499677,-0.012193700786179259,-0.4404268709176941,0.0000,1.0000,0.1500,4.438
2026-04-26 18:47:49.006,69,0.06301392904832116,0.1887208240942508,-0.08590909751322394,-0.012938946089580733,-0.44441290198232075,0.0000,1.0000,0.2000,6.835
2026-04-26 18:47:49.031,70,0.06361645448113276,0.19038121324815702,-0.08696215467040314,-0.013682648380332157,-0.44834280131480353,0.0000,1.0000,0.1500,10.310
2026-04-26 18:47:49.054,71,0.06420369678953773,0.1920208985202477,-0.08800645768959654,-0.014427177597719559,-0.4522186928989244,0.0000,1.0000,0.1000,6.546
2026-04-26 18:47:49.075,72,0.06476154992376736,0.19364513200194125,-0.08904575844029379,-0.015177291686087509,-0.4560425366417331,0.0000,0.9500,0.1500,6.262
2026-04-26 18:47:49.097,73,0.06531442650858763,0.1952448943180746,-0.0900714434092405,-0.01592015535381721,-0.45981105028957703,0.0000,1.0000,0.1000,7.428
2026-04-26 18:47:49.119,74,0.06584459087569067,0.19682746422398734,-0.09109027445641342,-0.01666553675979108,-0.463528165573203,0.0000,1.0000,0.2500,5.465
2026-04-26 18:47:49.140,75,0.06637162786773344,0.19838649888904816,-0.09209758191880767,-0.017407153552664797,-0.46719318135463506,0.0000,1.0000,0.1500,8.252
2026-04-26 18:47:49.157,76,0.06689487468876298,0.1999222485438946,-0.09309279138454163,-0.018143619069315917,-0.47080618325974055,0.0000,1.0000,-0.0500,5.018
2026-04-26 18:47:49.178,77,0.06740509162776502,0.20143845790199558,-0.09407894111668753,-0.018879026445974553,-0.4743691105706288,0.0000,0.9000,-0.1500,6.230
2026-04-26 18:47:49.202,78,0.06790565378272266,0.20293474834329706,-0.09505649551240374,-0.019614384419302255,-0.47788337876962017,0.0000,1.0000,0.1000,7.892
2026-04-26 18:47:49.218,79,0.06840226455712743,0.204409168574864,-0.09602328901839179,-0.02034622980200274,-0.4813485482983918,0.0000,1.0000,0.2000,5.469
2026-04-26 18:47:49.240,80,0.0688935982452881,0.20586177504748657,-0.09697783545744906,-0.021071455903016227,-0.4847638438476263,0.0000,1.0000,0.1000,8.069
2026-04-26 18:47:49.260,81,0.06938066666519316,0.20729258328988562,-0.09792010916960717,-0.021789899118454987,-0.4881299599998761,0.0000,1.0000,0.2000,6.728
2026-04-26 18:47:49.282,82,0.06985901484633406,0.2087046995533142,-0.09885469302021385,-0.02250906910159132,-0.4914506435816403,0.0000,0.7500,0.1500,3.476
2026-04-26 18:47:49.303,83,0.0703354628300731,0.21009440212674632,-0.09977548960715156,-0.02321853049618336,-0.4947223643767907,0.0000,0.9000,-0.2500,4.740
2026-04-26 18:47:49.321,84,0.07079846419056629,0.21146684536549465,-0.10068783752007256,-0.023926283417472376,-0.49794857953284233,0.0000,1.0000,0.5000,6.865
2026-04-26 18:47:49.346,85,0.07126563701767248,0.21281529101311175,-0.10158481535884666,-0.02462175580531091,-0.5011264220773751,0.0000,1.0000,0.0500,6.560
2026-04-26 18:47:49.360,86,0.07173138028404061,0.21414222837546656,-0.10246863961635676,-0.025308039080241113,-0.5042575388703315,0.0000,1.0000,-0.2000,8.435
2026-04-26 18:47:49.379,87,0.07219297260999977,0.21545002283652684,-0.10334312640677065,-0.02599148732000986,-0.5073452282285896,0.0000,0.9000,0.2000,6.973
2026-04-26 18:47:49.426,88,0.072651947776747,0.21673776171792017,-0.10420619727844384,-0.026668305933788588,-0.5103885229609649,0.0000,1.0000,-0.1500,3.126
2026-04-26 18:47:49.442,89,0.07311594306315172,0.21800282574279498,-0.10505530185635406,-0.027334611193633715,-0.5133868274283155,0.0000,1.0000,-0.1500,2.903
2026-04-26 18:47:49.455,90,0.0735850346089395,0.21924606917844,-0.10589212164776396,-0.027993247753346148,-0.5163420314252526,0.0000,1.0000,0.0000,6.425
2026-04-26 18:47:49.468,91,0.07405423167817547,0.2204696091366308,-0.10671833753760726,-0.028646428968231778,-0.5192553831704999,0.0000,1.0000,0.5500,7.372
2026-04-26 18:47:49.482,92,0.07452776923880602,0.22167188783466954,-0.10753199072531378,-0.029290927617705464,-0.5221263192561689,0.0000,1.0000,0.2000,7.133
2026-04-26 18:47:49.494,93,0.07501036066422999,0.22285090394948387,-0.10833026799332976,-0.02992203074506409,-0.5249536343800549,0.0000,1.0000,-0.1500,4.110
2026-04-26 18:47:49.515,94,0.07548108776433032,0.22401603880252016,-0.10912363141288177,-0.03055588595665277,-0.5277436980976667,0.0000,0.7000,0.1500,8.816
2026-04-26 18:47:49.531,95,0.07594980361565644,0.22516280019719992,-0.10990607032479609,-0.031182633445159293,-0.5304933350209505,0.0000,1.0000,-0.0500,11.050
2026-04-26 18:47:49.545,96,0.07640827081766877,0.22629497391040052,-0.11068159735051188,-0.03180832224657807,-0.5332052452181447,0.0000,1.0000,0.2000,9.149
2026-04-26 18:47:49.561,97,0.0768633881222235,0.22741012091648355,-0.11144772527410485,-0.032429115373211186,-0.5358787326163537,0.0000,1.0000,0.3500,5.612
2026-04-26 18:47:49.578,98,0.0773162313251017,0.22850774707288526,-0.11220327999853158,-0.033042830864615146,-0.5385134332455722,0.0000,1.0000,0.0000,7.753
2026-04-26 18:47:49.589,99,0.07776048699935349,0.22959065597352363,-0.11295096384592353,-0.03365339194301993,-0.5411112022408927,0.0000,1.0000,0.4000,9.536
2026-04-26 18:47:49.604,100,0.07819949978793347,0.23065758017597596,-0.11368907022942869,-0.03425794072523507,-0.5436715130274458,0.0000,1.0000,0.1000,8.736
2026-04-26 18:47:49.619,101,0.07863642215552591,0.23170747471523934,-0.11441636606400296,-0.03485445626943643,-0.5461941930990982,0.0000,1.0000,-0.2500,3.096
2026-04-26 18:47:49.634,102,0.07907166526647687,0.23274088864845688,-0.11513404967908851,-0.035444984610513,-0.5486806962816843,0.0000,1.0000,0.4500,8.027
2026-04-26 18:47:49.646,103,0.07951054599200741,0.23375569232389132,-0.11583945475068405,-0.036025182972338414,-0.5511299431516602,0.0000,1.0000,-0.0500,5.415
2026-04-26 18:47:49.657,104,0.07994722567672972,0.23475426374720884,-0.11653450633429444,-0.0365976386334067,-0.553543184005168,0.0000,1.0000,0.0000,7.919
2026-04-26 18:47:49.669,105,0.08038018061946148,0.23573778680970114,-0.11722082967440298,-0.03716493741480129,-0.5559219586708632,0.0000,1.0000,0.4500,10.290
2026-04-26 18:47:49.682,106,0.0808120192909149,0.23670520953744212,-0.11789685022948113,-0.037724384589024426,-0.5582657175260513,0.0000,1.0000,0.2000,8.138
2026-04-26 18:47:49.693,107,0.08123855818161968,0.2376585866094005,-0.11856475750280467,-0.03827926126621056,-0.5605761141824163,0.0000,1.0000,0.1500,9.701
2026-04-26 18:47:49.706,108,0.08166660808680401,0.23859560370057664,-0.11922242736638072,-0.0388264068542951,-0.5628526657506395,0.0000,1.0000,0.2000,8.664
2026-04-26 18:47:49.717,109,0.0820924245073432,0.2395180063116607,-0.11987153242802638,-0.03936822536246707,-0.565096648903225,0.0000,1.0000,0.2000,6.483
2026-04-26 18:47:49.730,110,0.08251825300196819,0.24042482213399158,-0.12051049846177815,-0.039901987063871505,-0.5673074452313459,0.0000,1.0000,-0.0500,4.695
2026-04-26 18:47:49.741,111,0.08293828473503553,0.24131858450494503,-0.12114173721148495,-0.04043118235969871,-0.5694866624280275,0.0000,1.0000,0.3500,9.562
2026-04-26 18:47:49.751,112,0.08335034669212502,0.24220020693189712,-0.12176577182412604,-0.04095633536866681,-0.5716348225651573,0.0000,1.0000,0.0500,7.083
2026-04-26 18:47:49.765,113,0.0837620573561206,0.24306666092514892,-0.12237914808229652,-0.04147198746058641,-0.5737504345135972,0.0000,1.0000,-0.0500,5.393
2026-04-26 18:47:49.775,114,0.08417099295782211,0.24391952797076097,-0.12298401706106236,-0.041981586568933554,-0.5758353007161489,0.0000,1.0000,0.0500,6.277
2026-04-26 18:47:49.788,115,0.08458109963012117,0.24475731187296773,-0.12357857604097246,-0.04248221283116753,-0.5778888020303485,0.0000,1.0000,0.3500,8.429
2026-04-26 18:47:49.801,116,0.08498882592655532,0.2455817696168931,-0.12416470571966821,-0.04297668756631076,-0.5799123696081937,0.0000,1.0000,0.2500,9.527
2026-04-26 18:47:49.813,117,0.08539345042854608,0.24639329565636206,-0.12474254661772552,-0.043465033928659594,-0.581906369256062,0.0000,1.0000,0.0000,10.687
2026-04-26 18:47:49.824,118,0.08579880689108632,0.24719071303460702,-0.12531109206601296,-0.043945767308291146,-0.5838707989582291,0.0000,1.0000,0.3500,9.970
2026-04-26 18:47:49.834,119,0.08619523592363722,0.2479780123479908,-0.1258741264660419,-0.044424402356253626,-0.5858078577504234,0.0000,1.0000,0.0000,8.223
2026-04-26 18:47:49.846,120,0.08658878712045073,0.2487531769805096,-0.1264298939067998,-0.04489837758753753,-0.5877172018130463,0.0000,1.0000,0.2000,8.122
2026-04-26 18:47:49.857,121,0.08698753960795366,0.24951304197495838,-0.12697493542548802,-0.04536230045372668,-0.5895973523885626,0.0000,1.0000,0.2000,10.919
2026-04-26 18:47:49.867,122,0.08738320430009577,0.2502612579612321,-0.1275130608940083,-0.045821909138776915,-0.5914506857946877,0.0000,1.0000,0.3500,9.074
2026-04-26 18:47:49.878,123,0.08777532310599477,0.25099817884739134,-0.12804451557573904,-0.04627746181418815,-0.5932776562251194,0.0000,1.0000,0.2000,7.476
2026-04-26 18:47:49.889,124,0.08816380951101004,0.2517239065168869,-0.12856912628239026,-0.0467285065914467,-0.5950784196459267,0.0000,1.0000,0.1000,9.047
2026-04-26 18:47:49.902,125,0.08855004101017937,0.2524377832303597,-0.12908567597931359,-0.04717288451928031,-0.5968524622867839,0.0000,1.0000,0.2500,9.796
2026-04-26 18:47:49.915,126,0.08893211357042316,0.25314107563307686,-0.12959589735968172,-0.04761337471602048,-0.5986012522969537,0.0000,0.9500,0.0000,7.304
2026-04-26 18:47:49.926,127,0.08930801427812397,0.253834763695094,-0.1301006916974934,-0.04805123759343731,-0.6003255642124496,0.0000,0.8500,0.1000,8.224
2026-04-26 18:47:49.938,128,0.0896875186397908,0.2545150111058145,-0.13059598134898182,-0.04848018465036397,-0.6020235963431403,0.0000,1.0000,0.2000,9.788
2026-04-26 18:47:49.947,129,0.090060745242909,0.25518605520002585,-0.13108611924601996,-0.04890675248475496,-0.6036979353848668,0.0000,0.7000,0.2000,5.668
2026-04-26 18:47:49.959,130,0.09043201534459473,0.2558461193064237,-0.13156889480261125,-0.0493273584208477,-0.6053476062321763,0.0000,1.0000,0.0000,8.641
2026-04-26 18:47:49.969,131,0.0908028581320176,0.25649468661440084,-0.13204360098582926,-0.049740797706262586,-0.6069725021951641,0.0000,1.0000,0.2000,10.049
2026-04-26 18:47:49.978,132,0.09117108284903384,0.257132726855261,-0.13251102013724272,-0.05014810180303232,-0.6085732575583994,0.0000,1.0000,-0.0500,9.522
2026-04-26 18:47:49.989,133,0.091533153238733,0.25776181216452004,-0.1329726491557084,-0.05055143081099145,-0.6101509149095038,0.0000,1.0000,0.1500,11.146
2026-04-26 18:47:50.020,134,0.09189839969867838,0.2583782245619507,-0.13342446080378623,-0.050944542329704266,-0.6117036327813254,0.0000,1.0000,0.0000,9.814
2026-04-26 18:47:50.035,135,0.09226484003490636,0.2589829948964768,-0.13386755465408245,-0.05132907386798708,-0.6132323172004809,0.0000,1.0000,0.2000,6.424
2026-04-26 18:47:50.045,136,0.09262877929428696,0.2595779187613994,-0.13430393267652674,-0.05170808605029342,-0.6147383893905443,0.0000,1.0000,0.3500,7.353
2026-04-26 18:47:50.055,137,0.09299169013030592,0.2601624203210651,-0.13473272294623226,-0.052080078108702486,-0.6162215776389961,0.0000,1.0000,-0.1000,10.201
2026-04-26 18:47:50.065,138,0.0933451892085387,0.2607400672950343,-0.13515753713225737,-0.05245044535811655,-0.6176840173652371,0.0000,1.0000,0.2500,8.042
2026-04-26 18:47:50.074,139,0.09370051262353972,0.2613066843768292,-0.13557442315394735,-0.052813327789482264,-0.6191241471378223,0.0000,1.0000,0.2500,10.012
2026-04-26 18:47:50.084,140,0.0940490505089272,0.2618656726109101,-0.13598640652242072,-0.05317303305433854,-0.6205435903966708,0.0000,1.0000,0.3000,10.105
2026-04-26 18:47:50.094,141,0.09439183235969816,0.2624168177865981,-0.13639330286979198,-0.053529257316512806,-0.6219425638535026,0.0000,0.9500,0.1500,10.522
2026-04-26 18:47:50.104,142,0.09473586025769268,0.262957368194944,-0.1367921473827247,-0.05387740523115184,-0.6233197681141072,0.0000,1.0000,-0.1500,8.313
2026-04-26 18:47:50.116,143,0.09507605873603509,0.26348943716919787,-0.1371849014192639,-0.05422030189865567,-0.6246763930910866,0.0000,1.0000,0.0000,10.178
2026-04-26 18:47:50.128,144,0.09540909677612394,0.2640144712587233,-0.1375729155708969,-0.054559884892488045,-0.6260133470441105,0.0000,1.0000,-0.0500,8.215
2026-04-26 18:47:50.137,145,0.09574279380606145,0.26452957601248583,-0.13795340235210202,-0.05489198673731615,-0.6273295664418957,0.0000,1.0000,0.3000,10.271
2026-04-26 18:47:50.149,146,0.09607714897839412,0.26503485661277026,-0.13832636401102746,-0.05521652020443449,-0.6286252735192385,0.0000,1.0000,0.3000,9.836
2026-04-26 18:47:50.159,147,0.09640465602180202,0.2655335341642953,-0.1386951124714956,-0.05553846004227675,-0.6299024381367251,0.0000,1.0000,0.2500,8.250
2026-04-26 18:47:50.170,148,0.09672768928369824,0.2660247301759148,-0.1390586185834625,-0.05585614922767929,-0.6311607348516716,0.0000,0.9500,-0.1000,4.330
2026-04-26 18:47:50.181,149,0.0970460431009476,0.266508631948703,-0.13941697934351885,-0.056169650704167254,-0.6324004275049914,0.0000,1.0000,0.1500,11.112
2026-04-26 18:47:50.191,150,0.09736050706373528,0.2669850542436667,-0.139769965790752,-0.05647856233127945,-0.6336216363427053,0.0000,1.0000,0.0000,7.376
2026-04-26 18:47:50.204,151,0.09767276036829729,0.26745344104261803,-0.14011695721118625,-0.05678188440459821,-0.6348242713985571,0.0000,1.0000,0.0500,5.407
2026-04-26 18:47:50.215,152,0.09798308479192507,0.2679137433664189,-0.14045775724429352,-0.057079212951359336,-0.6360084097491338,0.0000,1.0000,0.0500,5.415
2026-04-26 18:47:50.226,153,0.098294739969074,0.2683647834074588,-0.14079114836241088,-0.05736866661488436,-0.6371736679839104,0.0000,1.0000,-0.0500,6.438
2026-04-26 18:47:50.238,154,0.09860593694681058,0.26880743648210675,-0.14111802605718277,-0.05765156404319727,-0.6383207454714799,0.0000,1.0000,0.2500,8.370
2026-04-26 18:47:50.250,155,0.09891475789516048,0.2692425599642504,-0.1414391557463604,-0.057928973227932445,-0.6394502168547554,0.0000,1.0000,0.2500,10.148
2026-04-26 18:47:50.263,156,0.09921995427812248,0.26967085830647863,-0.1417553448889366,-0.05820212321621064,-0.6405627717098598,0.0000,1.0000,0.0500,10.173
2026-04-26 18:47:50.275,157,0.09952156351002127,0.2700924560718783,-0.14206671545297467,-0.058471162522713255,-0.6416587005515856,0.0000,1.0000,0.1000,9.467
2026-04-26 18:47:50.290,158,0.09982488822432312,0.2705053777009005,-0.14237130275274912,-0.058733116912960515,-0.6427372538398307,0.0000,1.0000,-0.0500,4.722
2026-04-26 18:47:50.302,159,0.10013113989452851,0.2709091330163549,-0.14266837915641914,-0.05898674405870465,-0.6437981729867106,0.0000,1.0000,-0.1500,10.172
2026-04-26 18:47:50.313,160,0.10043760844898282,0.27130501209692254,-0.14295935343982233,-0.05923418480141655,-0.644842442324753,0.0000,1.0000,0.2000,7.995
2026-04-26 18:47:50.326,161,0.10073890292489907,0.271695232650577,-0.1432463241669478,-0.05947849621928675,-0.6458712688510503,0.0000,1.0000,-0.0500,10.566
2026-04-26 18:47:50.337,162,0.10103663194437382,0.27207926392904447,-0.14352873039527883,-0.05971879107355485,-0.6468845710250067,0.0000,1.0000,0.3500,8.741
2026-04-26 18:47:50.349,163,0.10132957309140016,0.27245775760067914,-0.14380728020499844,-0.05995612942346398,-0.6478829419099953,0.0000,1.0000,0.3000,10.269
2026-04-26 18:47:50.361,164,0.10161642429016896,0.27283130522254323,-0.14408247149434814,-0.06019118147402421,-0.6488667912808329,0.0000,1.0000,0.0000,9.822
2026-04-26 18:47:50.371,165,0.10190363287952926,0.27319743669545293,-0.14435180719440238,-0.06042015877122884,-0.6498350616584659,0.0000,1.0000,0.0000,10.818
2026-04-26 18:47:50.380,166,0.10218842227249875,0.27355751254647503,-0.14461685908113833,-0.06064549567823744,-0.650788846027514,0.0000,1.0000,0.2500,6.520
2026-04-26 18:47:50.389,167,0.10247099799445246,0.273911517154221,-0.14487752035479706,-0.0608669579148439,-0.6517282438490055,0.0000,0.9000,0.0000,7.174
2026-04-26 18:47:50.400,168,0.10275405324836785,0.2742583491984163,-0.14513245050271953,-0.06108238705185578,-0.6526526607437606,0.0000,1.0000,0.1000,7.357
2026-04-26 18:47:50.410,169,0.1030363580231191,0.27459869517108926,-0.14538246402256114,-0.06129304119551815,-0.653562760504662,0.0000,1.0000,0.1500,8.248
2026-04-26 18:47:50.421,170,0.10331499932849826,0.2749337739508733,-0.1456286760656411,-0.06150051398074691,-0.6544592384968352,0.0000,1.0000,0.1500,10.189
2026-04-26 18:47:50.433,171,0.10359607629937916,0.27526126947856794,-0.14586878626374933,-0.061701335880742544,-0.6553411391899966,0.0000,1.0000,0.0500,9.255
2026-04-26 18:47:50.443,172,0.10387661886992217,0.27558247070205455,-0.14610406432158923,-0.06189737541329113,-0.6562092718211102,0.0000,1.0000,0.3000,10.272
2026-04-26 18:47:50.456,173,0.10415664702686796,0.2758973704110109,-0.14633431970206104,-0.062088229087939456,-0.6570636307043456,0.0000,1.0000,0.4000,9.842
2026-04-26 18:47:50.468,174,0.10443757181074871,0.2762054813397309,-0.1465590118590796,-0.06227303381427678,-0.6579040974538873,0.0000,1.0000,0.0000,8.990
2026-04-26 18:47:50.480,175,0.10472056557504954,0.27650640840646545,-0.14677768967371624,-0.062451059648693,-0.6587305943411865,0.0000,1.0000,0.2000,12.029
2026-04-26 18:47:50.495,176,0.10500284746507635,0.2768013156611802,-0.14699142692654346,-0.0626238472594227,-0.6595437863335959,0.0000,1.0000,0.2000,9.820
2026-04-26 18:47:50.508,177,0.10528596416116814,0.2770897489650885,-0.14719986989822648,-0.06279089178228074,-0.6603437173947602,0.0000,1.0000,0.5000,8.421
2026-04-26 18:47:50.518,178,0.10556993143051971,0.27737180804264594,-0.14740312383635587,-0.06295232972273525,-0.6611306109644247,0.0000,1.0000,0.1500,7.635
2026-04-26 18:47:50.533,179,0.10585589442894862,0.27764710373014795,-0.14760074578044619,-0.06310744597609468,-0.6619043841975232,0.0000,1.0000,-0.1000,7.264
2026-04-26 18:47:50.586,180,0.10614377058950449,0.27791578030322506,-0.14779289932247772,-0.06325647217941503,-0.6626652915987838,0.0000,1.0000,0.2000,7.254
2026-04-26 18:47:50.596,181,0.10643345287262766,0.2781779966598148,-0.14797977322365274,-0.06339968334817911,-0.6634136030852452,0.0000,1.0000,0.0000,8.750
2026-04-26 18:47:50.607,182,0.10672337345650997,0.27843442806504487,-0.14816196182361852,-0.0635379078170339,-0.6641497335597235,0.0000,1.0000,0.0500,6.347
2026-04-26 18:47:50.620,183,0.10701092620431105,0.2786861902990028,-0.14834054437585312,-0.06367272383148932,-0.6648743602084497,0.0000,1.0000,0.2500,7.478
2026-04-26 18:47:50.631,184,0.10729594812385886,0.2789334542436481,-0.14851571154963789,-0.06380440525329692,-0.6655877417451803,0.0000,0.9500,0.2000,9.552
2026-04-26 18:47:50.640,185,0.10757745312736926,0.2791766929026113,-0.14868791328695324,-0.06393359375930836,-0.6662902427932536,0.0000,1.0000,0.3500,10.998
2026-04-26 18:47:50.650,186,0.10785668335870575,0.2794155981815583,-0.14885700439977678,-0.06406013164093133,-0.6669820211272395,0.0000,1.0000,0.1000,9.129
2026-04-26 18:47:50.658,187,0.10813602571967834,0.27964926736549844,-0.1490220194924516,-0.06418251840532854,-0.6676627093906706,0.0000,1.0000,-0.0500,7.249
2026-04-26 18:47:50.668,188,0.10841565938748804,0.2798777123060917,-0.14918296243867005,-0.06430073513092115,-0.6683324500128779,0.0000,1.0000,0.0500,9.455
2026-04-26 18:47:50.678,189,0.10869685368808484,0.28010050276448456,-0.14933938717765402,-0.06441408438359325,-0.6689911543667566,0.0000,1.0000,0.1000,8.793
2026-04-26 18:47:50.687,190,0.10897558160007388,0.2803192100752456,-0.14949265645413817,-0.06452448586002313,-0.66963953970929,0.0000,1.0000,0.2500,9.806
2026-04-26 18:47:50.696,191,0.1092499735455287,0.28053479752350846,-0.14964395198534092,-0.06463380152845662,-0.6702784441919697,0.0000,0.9000,0.2000,6.184
2026-04-26 18:47:50.705,192,0.1095251785561664,0.28074537737600985,-0.14979153395571862,-0.06473947609816837,-0.670907207871571,0.0000,1.0000,0.2000,9.762
2026-04-26 18:47:50.714,193,0.1097997091423548,0.28095151522543993,-0.14993578248292405,-0.06484196777474316,-0.6715260620350035,0.0000,1.0000,0.0500,7.437
2026-04-26 18:47:50.723,194,0.11007473068280076,0.2811528273073478,-0.15007631669150628,-0.06494068774462945,-0.6721349496451599,0.0000,1.0000,-0.0500,11.088
2026-04-26 18:47:50.730,195,0.11035029600016272,0.28134942189318296,-0.15021332811405733,-0.0650359462765846,-0.6727341380756834,0.0000,1.0000,0.2500,11.608
2026-04-26 18:47:50.738,196,0.11062744785872282,0.2815409886690661,-0.15034655400280372,-0.06512735465120992,-0.673323647762865,0.0000,1.0000,0.5500,10.475
2026-04-26 18:47:50.745,197,0.11090052095028684,0.281729833709956,-0.15047823855486075,-0.06521823012017697,-0.6739046959730581,0.0000,0.7000,0.0000,7.684
2026-04-26 18:47:50.753,198,0.11117502650334236,0.2819137448597861,-0.15060603030268943,-0.06530495799293778,-0.6744761615318742,0.0000,1.0000,-0.2500,8.794
2026-04-26 18:47:50.760,199,0.11144788619189559,0.28209409971878213,-0.15073142599059894,-0.06538982539199699,-0.6750389747353995,0.0000,1.0000,0.2000,7.876
2026-04-26 18:47:50.768,200,0.11171897021009479,0.2822709313314397,-0.15085430443062986,-0.06547255611667717,-0.6755931183900388,0.0000,1.0000,0.2000,11.181
2026-04-26 18:47:50.778,201,0.11198931598591255,0.28244383677041685,-0.15097416184067985,-0.06555232702347152,-0.6761384088862232,0.0000,1.0000,0.2000,8.063
2026-04-26 18:47:50.787,202,0.11225684981647474,0.2826136959013112,-0.15109184294650524,-0.06563037084376527,-0.6766753679451402,0.0000,0.9500,0.0000,10.032
2026-04-26 18:47:50.796,203,0.11252268221322755,0.28278015250364835,-0.15120702084059243,-0.06570619533724992,-0.6772039619438194,0.0000,1.0000,0.4000,13.983
2026-04-26 18:47:50.804,204,0.1127887954049329,0.28294241994665,-0.15131880375940304,-0.06577839400475198,-0.6777238058808034,0.0000,1.0000,-0.0500,9.074
2026-04-26 18:47:50.813,205,0.11305412870185644,0.2831010166260699,-0.15142775313132947,-0.0658478144620058,-0.678235313731599,0.0000,0.7500,-0.1000,7.024
2026-04-26 18:47:50.822,206,0.11331969058444451,0.2832555602820925,-0.15153340979087312,-0.06591371370539609,-0.6787383275294318,0.0000,1.0000,0.0500,7.568
2026-04-26 18:47:50.832,207,0.11358342891344378,0.2834069725363963,-0.15163675285861447,-0.06597757359975645,-0.6792334740018271,0.0000,1.0000,0.2000,10.819
2026-04-26 18:47:50.840,208,0.1138472853522046,0.2835545319096625,-0.15173704404420926,-0.06603826297205206,-0.6797204823896177,0.0000,1.0000,0.3000,6.050
2026-04-26 18:47:50.848,209,0.11410914070711214,0.28369911165090533,-0.15183509206004056,-0.06609694752051624,-0.680199829970324,0.0000,0.7500,-0.1000,6.845
2026-04-26 18:47:50.857,210,0.11436789789581402,0.28384116652200453,-0.15193127266764633,-0.06615413651178988,-0.6806717687363442,0.0000,0.9500,0.1500,7.611
2026-04-26 18:47:50.871,211,0.11462354824154307,0.2839807208309393,-0.15202554093844864,-0.06620971328236461,-0.6811363436627336,0.0000,1.0000,0.3000,9.455
2026-04-26 18:47:50.882,212,0.11487837468820243,0.2841169759049166,-0.15211718663507054,-0.06626264226130574,-0.6815933443752705,0.0000,1.0000,0.1000,10.308
2026-04-26 18:47:50.891,213,0.11513235066871813,0.28425000377270926,-0.15220628325308083,-0.06631302020927564,-0.6820429073739946,0.0000,0.9000,0.0000,6.044
2026-04-26 18:47:50.901,214,0.11538433061198992,0.2843802282806593,-0.15229309797859475,-0.06636115557248645,-0.6824851854554246,0.0000,1.0000,-0.0500,8.668
2026-04-26 18:47:50.908,215,0.11563540535886883,0.28450731543695074,-0.15237736952762526,-0.06640667898606736,-0.6829201804020519,0.0000,1.0000,-0.1500,8.388
2026-04-26 18:47:50.917,216,0.11588567081185022,0.28463133482278036,-0.15245925098664417,-0.06644984824645099,-0.6833481051392625,0.0000,1.0000,0.2000,8.452
2026-04-26 18:47:50.926,217,0.11613609565638316,0.28475192753823947,-0.15253833612712048,-0.06649001696440573,-0.683768826098549,0.0000,1.0000,0.1500,12.523
2026-04-26 18:47:50.934,218,0.11638395791939754,0.28487026244754415,-0.1526158337434625,-0.06652900511524813,-0.6841830594541305,0.0000,1.0000,0.4000,10.665
2026-04-26 18:47:50.944,219,0.11663292481074998,0.2849848696758987,-0.15269017685092004,-0.06656440068320453,-0.6845900635933941,0.0000,1.0000,-0.1000,8.335
2026-04-26 18:47:50.954,220,0.11688013227759907,0.2850969956509638,-0.15276268914470603,-0.06659821505595424,-0.6849906280759412,0.0000,1.0000,0.1500,6.572
2026-04-26 18:47:50.965,221,0.11712647313695566,0.285206325290115,-0.15283303623365763,-0.06662992439540144,-0.6853846637939665,0.0000,1.0000,0.1500,9.626
2026-04-26 18:47:51.035,222,0.11737094397754934,0.2853132838065852,-0.15290159503744324,-0.06666005752614042,-0.6857724214864365,0.0000,1.0000,0.2000,6.533
2026-04-26 18:47:51.044,223,0.11761349885479155,0.2854179243163858,-0.15296838984821692,-0.06668862425246926,-0.6861539840170255,0.0000,0.9000,-0.0500,10.244
2026-04-26 18:47:51.053,224,0.11785344143312118,0.28552066086741784,-0.1530339751500022,-0.06671651447981036,-0.6865297826983898,0.0000,0.8500,0.2500,7.701
2026-04-26 18:47:51.064,225,0.11809054889928906,0.28562152600791074,-0.15309820505720648,-0.06674340830476976,-0.6868997379656162,0.0000,1.0000,-0.0500,7.978
2026-04-26 18:47:51.074,226,0.11832400429722198,0.2857209134584524,-0.15316150197739067,-0.06676994200195267,-0.6872641567218442,0.0000,1.0000,0.2000,7.560
2026-04-26 18:47:51.085,227,0.11855675183693648,0.28581776668542486,-0.15322292966077636,-0.06679475983359183,-0.6876227111196384,0.0000,0.9500,-0.0500,9.385
2026-04-26 18:47:51.095,228,0.11878874623263076,0.28591211007138456,-0.1532824425280064,-0.06681774711725083,-0.6879754223218649,0.0000,1.0000,0.0000,9.517
2026-04-26 18:47:51.106,229,0.11901921464067321,0.28600433234468126,-0.15334048275608747,-0.06683958268031065,-0.6883226158908544,0.0000,1.0000,0.4500,10.294
2026-04-26 18:47:51.116,230,0.11925089094262206,0.2860933468819504,-0.15339589725562386,-0.06685849266064167,-0.6886637586321496,0.0000,1.0000,0.3000,7.269
2026-04-26 18:47:51.127,231,0.11948018233118221,0.2861805986894946,-0.15345006732731822,-0.06687650632640278,-0.6889995847778093,0.0000,0.8500,-0.1000,6.527
2026-04-26 18:47:51.138,232,0.11971065719978308,0.2862646831923095,-0.15350155067487384,-0.06689143070485883,-0.6893294286220288,0.0000,1.0000,-0.0500,9.295
2026-04-26 18:47:51.149,233,0.1199390122197218,0.28634705192266147,-0.15355194127533867,-0.0669057174763435,-0.689654231564168,0.0000,0.7500,0.1000,10.316
2026-04-26 18:47:51.160,234,0.12016419032658292,0.28642809920485773,-0.15360151251240967,-0.06691970589608243,-0.6899741419163885,0.0000,1.0000,0.3000,8.004
2026-04-26 18:47:51.172,235,0.12038903392483559,0.2865068283598824,-0.1536494291750845,-0.0669322136868144,-0.6902888938164549,0.0000,1.0000,0.2000,8.808
2026-04-26 18:47:51.182,236,0.12061175787010618,0.28658398949293895,-0.15369643019609983,-0.06694433361956796,-0.6905989210886222,0.0000,0.8500,0.0500,7.595
2026-04-26 18:47:51.194,237,0.12083672059562203,0.2866578986358943,-0.15374086043313517,-0.06695358750255338,-0.690903479469595,0.0000,1.0000,0.2000,9.475
2026-04-26 18:47:51.204,238,0.12106119561623827,0.28672963666285445,-0.15378371543033473,-0.06696141624415895,-0.6912030919279983,0.0000,1.0000,0.0000,12.797
2026-04-26 18:47:51.215,239,0.12128439693508011,0.28679961166367735,-0.15382549133631196,-0.0669685984999782,-0.6914981174111278,0.0000,1.0000,0.3000,9.556
2026-04-26 18:47:51.226,240,0.12150715299261819,0.2868674894163479,-0.15386578211431204,-0.06697447985475519,-0.6917883828341927,0.0000,1.0000,0.1000,10.271
2026-04-26 18:47:51.237,241,0.12173017862933978,0.2869329769017592,-0.15390421687475528,-0.06697447985475519,-0.6920737286705095,0.0000,1.0000,0.1000,8.106
2026-04-26 18:47:51.247,242,0.12195269370318211,0.28699644792501344,-0.15394120726190397,-0.06697447985475519,-0.6923544435423316,0.0000,0.9000,-0.1500,8.334
2026-04-26 18:47:51.257,243,0.1221739922582923,0.28705823612523146,-0.1539771082443293,-0.06697447985475519,-0.6926307785210039,0.0000,0.8000,-0.0500,6.871
2026-04-26 18:47:51.268,244,0.1223956905969068,0.2871177312487221,-0.15401130687664127,-0.06697447985475519,-0.6929024877664811,0.0000,1.0000,0.1000,10.455
2026-04-26 18:47:51.279,245,0.12261789962263808,0.2871749665958324,-0.15404390370552473,-0.06697447985475519,-0.6931697162240964,0.0000,1.0000,0.1000,10.194
2026-04-26 18:47:51.289,246,0.12283880378706555,0.2872306324847824,-0.15407546795681992,-0.06697447985475519,-0.6934327480936693,0.0000,1.0000,0.2000,10.767
2026-04-26 18:47:51.301,247,0.12305685857683282,0.2872853742580751,-0.15410663053002163,-0.06697447985475519,-0.693691950834536,0.0000,1.0000,0.0500,9.024
2026-04-26 18:47:51.310,248,0.12327366473112723,0.287338557992306,-0.15413670868897464,-0.06697447985475519,-0.6939470170148704,0.0000,1.0000,0.0500,7.019
2026-04-26 18:47:51.321,249,0.12348849278512172,0.28739050608942013,-0.15416601732061092,-0.06697447985475519,-0.6941981577881189,0.0000,1.0000,0.3000,9.070
2026-04-26 18:47:51.331,250,0.12370221759007179,0.28744087831234955,-0.15419417469667487,-0.06697447985475519,-0.6944452181500349,0.0000,1.0000,0.2500,9.186
2026-04-26 18:47:51.339,251,0.12391403744357957,0.28749002822583297,-0.15422153238958045,-0.06697447985475519,-0.6946884286470557,0.0000,1.0000,0.0500,9.098
2026-04-26 18:47:51.349,252,0.12412486837846637,0.28753760750973,-0.15424771628752254,-0.06696891157086317,-0.6949276442474934,0.0000,1.0000,0.3500,7.744
2026-04-26 18:47:51.358,253,0.12433649934013354,0.28758299512168983,-0.1542722078003878,-0.06696156654935355,-0.6951627109786562,0.0000,1.0000,0.3000,6.534
2026-04-26 18:47:51.370,254,0.12454647435930377,0.2876272161624397,-0.1542960489364307,-0.0669540085734231,-0.6953942115832376,0.0000,0.8000,0.1000,8.645
2026-04-26 18:47:51.381,255,0.12475780224330868,0.2876690904137427,-0.15431804485195294,-0.06694443049708933,-0.6956215938121879,0.0000,1.0000,0.1000,7.723
2026-04-26 18:47:51.391,256,0.12496740505351556,0.2877098583865795,-0.15433939895252569,-0.06693461142181563,-0.6958454925138357,0.0000,1.0000,0.1000,11.554
2026-04-26 18:47:51.404,257,0.1251761033091544,0.28774922165245276,-0.15435981056699077,-0.06692409187715838,-0.6960658071540451,0.0000,1.0000,0.3500,10.045
2026-04-26 18:47:51.417,258,0.125383184946895,0.287787441394156,-0.15437945037737802,-0.06691307540354018,-0.6962826279823815,0.0000,1.0000,0.1000,10.932
2026-04-26 18:47:51.426,259,0.12559087303898883,0.2878236447629591,-0.15439742250515662,-0.0669001995445079,-0.6964955449512273,0.0000,1.0000,0.1500,11.089
2026-04-26 18:47:51.436,260,0.12579912465465987,0.2878579200837287,-0.1544138842876538,-0.06688572779538234,-0.6967047199009264,0.0000,1.0000,0.2000,10.173
2026-04-26 18:47:51.446,261,0.12600641754969236,0.2878908657629987,-0.1544293678146431,-0.06687041822079685,-0.6969104336534536,0.0000,1.0000,0.2000,8.362
2026-04-26 18:47:51.458,262,0.12621352853122556,0.28792225718424586,-0.15444374388112148,-0.06685411791103492,-0.6971127165285038,0.0000,1.0000,0.2500,8.678
2026-04-26 18:47:51.469,263,0.12642182090396722,0.2879515393018447,-0.15445639385767815,-0.06683586042423513,-0.6973112739276685,0.0000,1.0000,0.0500,11.055
2026-04-26 18:47:51.479,264,0.12662921645755812,0.28797961651717274,-0.15446829734086176,-0.06681714614754132,-0.6975066790573744,0.0000,0.7000,0.0500,5.507
2026-04-26 18:47:51.490,265,0.12683695834342465,0.2880059817169858,-0.15447888482942393,-0.06679708312889303,-0.6976986610964035,0.0000,1.0000,0.4500,11.171
2026-04-26 18:47:51.499,266,0.12704435713388268,0.2880309299430524,-0.1544884382055792,-0.06677608120324219,-0.6978873988526434,0.0000,1.0000,-0.0500,10.030
2026-04-26 18:47:51.509,267,0.12725078720608676,0.2880547570576248,-0.15449728475521882,-0.0667546406987811,-0.6980731154607179,0.0000,1.0000,0.0000,7.174
2026-04-26 18:47:51.520,268,0.12745694058376375,0.28807722596157076,-0.15450520963389705,-0.06673244425840723,-0.6982557577489085,0.0000,1.0000,0.2500,10.740
2026-04-26 18:47:51.529,269,0.12766213834468815,0.288098630326955,-0.15451250008199657,-0.06670991340234321,-0.698435508597879,0.0000,1.0000,0.3000,10.449
2026-04-26 18:47:51.540,270,0.12786642774485782,0.28811900340179203,-0.15451923364363698,-0.06668718056217807,-0.6986124707669105,0.0000,0.6000,0.0000,7.484
2026-04-26 18:47:51.549,271,0.1280696506094519,0.28813836348254884,-0.15452531167758363,-0.06666403336505593,-0.6987865776781161,0.0000,1.0000,0.0000,5.923
2026-04-26 18:47:51.560,272,0.12827242003645895,0.28815649081495853,-0.1545305155522469,-0.06664013857191017,-0.6989577611704475,0.0000,1.0000,0.1000,9.117
2026-04-26 18:47:51.572,273,0.1284740597782399,0.28817367574466063,-0.1545305155522469,-0.06661591062741322,-0.69912619874695,0.0000,0.7500,-0.0500,7.506
2026-04-26 18:47:51.581,274,0.12867655336851871,0.28818913368694304,-0.1545305155522469,-0.06659011616312482,-0.6992915120936941,0.0000,1.0000,0.0000,9.539
2026-04-26 18:47:51.593,275,0.12887712694117387,0.28820398339974046,-0.1545305155522469,-0.06656437938907941,-0.699454275216964,0.0000,1.0000,-0.0500,7.725
2026-04-26 18:47:51.604,276,0.12907778470463155,0.28821743664713706,-0.1545305155522469,-0.06653747941390843,-0.699614115696944,0.0000,1.0000,0.1500,11.600
2026-04-26 18:47:51.616,277,0.12927715862523867,0.2882300619218953,-0.1545305155522469,-0.06651025779585099,-0.6997713525419491,0.0000,1.0000,0.1500,10.332
2026-04-26 18:47:51.629,278,0.12947385812859374,0.288242425578154,-0.1545305155522469,-0.06648351693381246,-0.6999262851099978,0.0000,0.6500,0.0500,10.426
2026-04-26 18:47:51.639,279,0.1296685211242612,0.28825428570773387,-0.1545305155522469,-0.06645685848398611,-0.7000788138571251,0.0000,0.7500,-0.0500,9.495
2026-04-26 18:47:51.651,280,0.12986236541130028,0.2882651428637904,-0.1545305155522469,-0.06642941371334764,-0.7002286678421608,0.0000,1.0000,0.0000,8.313
2026-04-26 18:47:51.661,281,0.13005603291702458,0.2882747666389629,-0.1545305155522469,-0.06640084759446424,-0.7003757751384044,0.0000,1.0000,0.3500,8.021
2026-04-26 18:47:51.674,282,0.13024957885002944,0.28828316936963566,-0.1545305155522469,-0.06637121722913741,-0.7005201986280591,0.0000,1.0000,0.5500,9.088
2026-04-26 18:47:51.686,283,0.13044113564986726,0.28829108543571463,-0.1545305155522469,-0.06634150704616504,-0.7006622837847147,0.0000,0.6500,-0.2000,4.814
2026-04-26 18:47:51.746,284,0.13063200012477233,0.28829803255165476,-0.1545305155522469,-0.06631104120780992,-0.7008018495622438,0.0000,1.0000,0.3000,7.581
2026-04-26 18:47:51.760,285,0.13082270900903264,0.28830379489647856,-0.1545305155522469,-0.06627941946451192,-0.7009387855479451,0.0000,0.8500,-0.1500,6.808
2026-04-26 18:47:51.768,286,0.13101085232614879,0.2883093834145201,-0.1545305155522469,-0.06624824307607534,-0.7010736748561193,0.0000,0.8500,0.0000,8.887
2026-04-26 18:47:51.778,287,0.1311981896703948,0.2883093834145201,-0.1545305155522469,-0.06621641416343416,-0.7012061777261663,0.0000,1.0000,0.0000,9.648
2026-04-26 18:47:51.788,288,0.13138475779192413,0.2883093834145201,-0.15452506738547542,-0.0661839091611092,-0.7013363167038882,0.0000,1.0000,-0.1500,7.771
2026-04-26 18:47:51.797,289,0.13157186088197848,0.2883093834145201,-0.15451849154800576,-0.06615011639493808,-0.7014639376512629,0.0000,1.0000,0.2500,9.825
2026-04-26 18:47:51.807,290,0.1317578181214903,0.2883093834145201,-0.15451152717922043,-0.06611615511364466,-0.7015894560466899,0.0000,0.8500,0.1500,10.552
2026-04-26 18:47:51.817,291,0.13194372654717615,0.2883093834145201,-0.1545036672809595,-0.0660812333287156,-0.7017126217383378,0.0000,1.0000,0.0000,10.334
2026-04-26 18:47:51.826,292,0.1321283583086927,0.2883093834145201,-0.15449539446023008,-0.06604606225287943,-0.7018336976478723,0.0000,1.0000,0.1500,9.760
2026-04-26 18:47:51.835,293,0.13231243109666993,0.2883093834145201,-0.15448646886146944,-0.06601028697854601,-0.7019526025244712,0.0000,1.0000,0.5500,9.246
2026-04-26 18:47:51.843,294,0.1324960390543735,0.2883093834145201,-0.15447691024045498,-0.06597394534846954,-0.7020693877492983,0.0000,1.0000,0.0500,8.944
2026-04-26 18:47:51.852,295,0.13267988418817359,0.2883093834145201,-0.15446648023569823,-0.0659366834967352,-0.7021839706127014,0.0000,1.0000,0.1500,10.017
2026-04-26 18:47:51.859,296,0.1328643901413345,0.2883093834145201,-0.1544549634123106,-0.06589815446030012,-0.7022962518893789,0.0000,1.0000,0.1000,12.209
2026-04-26 18:47:51.869,297,0.13304848599462488,0.2883093834145201,-0.15444287376224236,-0.0658591466835954,-0.7024065378501216,0.0000,1.0000,0.0500,9.586
2026-04-26 18:47:51.877,298,0.13323267728197496,0.28830366803375795,-0.15442997736187003,-0.06581929021023628,-0.7025147238032033,0.0000,1.0000,0.0500,7.276
2026-04-26 18:47:51.885,299,0.13341587869952257,0.28829735548090824,-0.15441663533304453,-0.06577909488645951,-0.7026209893439295,0.0000,0.9000,-0.1500,10.922
2026-04-26 18:47:51.894,300,0.13359877852504834,0.2882902287523297,-0.1544027007500881,-0.06573837155542356,-0.7027253226489922,0.0000,1.0000,0.1000,7.044
2026-04-26 18:47:51.903,301,0.13378122913405388,0.28828231145440053,-0.15438811145237313,-0.06569698034248699,-0.7028276759561158,0.0000,1.0000,-0.0500,8.860
2026-04-26 18:47:51.910,302,0.13396330363742223,0.28827360075000313,-0.1543728823206233,-0.06565494873371187,-0.7029280913731005,0.0000,1.0000,0.0500,5.869
2026-04-26 18:47:51.918,303,0.13414553403694307,0.2882639022173781,-0.15435682366486864,-0.06561199092150308,-0.7030265018422462,0.0000,1.0000,0.2500,9.671
2026-04-26 18:47:51.926,304,0.1343274728056516,0.28825340681795736,-0.15434012085297732,-0.06556837857692399,-0.7031230222907743,0.0000,1.0000,0.0000,8.991
2026-04-26 18:47:51.935,305,0.13450807208059437,0.2882425638996359,-0.154323248442062,-0.06552483261005486,-0.703217927266318,0.0000,0.7000,0.0000,8.300
2026-04-26 18:47:51.945,306,0.1346873274742652,0.28823137879045063,-0.15430619296350898,-0.06548131994240522,-0.7033112249307465,0.0000,0.9500,0.0500,7.832
2026-04-26 18:47:51.954,307,0.13486525628586624,0.2882198677518816,-0.15428898493363358,-0.06543789005077978,-0.7034029615997187,0.0000,1.0000,0.2500,11.151
2026-04-26 18:47:51.964,308,0.13504174569065494,0.2882081046057739,-0.1542717219794684,-0.06539469790461146,-0.703493221560477,0.0000,1.0000,0.3000,11.096
2026-04-26 18:47:51.972,309,0.13521742895744865,0.2881958527670883,-0.1542541717322814,-0.06535139373585186,-0.7035819139543744,0.0000,0.9000,0.1500,8.742
2026-04-26 18:47:51.982,310,0.13539169274605953,0.28818332528590684,-0.15423647013247854,-0.06530813962701439,-0.7036690910660778,0.0000,0.9500,-0.0500,9.209
2026-04-26 18:47:51.992,311,0.1355641218450945,0.2881707159735285,-0.1542188342524027,-0.06526526959297671,-0.7037548955885428,0.0000,0.7000,-0.1000,8.752
2026-04-26 18:47:52.000,312,0.13573580149390171,0.2881576153586655,-0.154200873055579,-0.06522220312063673,-0.703839163409307,0.0000,0.9000,0.0000,9.592
2026-04-26 18:47:52.011,313,0.13590726557906277,0.2881438087114047,-0.15418234758644286,-0.06517856653566266,-0.7039217847933054,0.0000,1.0000,0.2000,10.093
2026-04-26 18:47:52.020,314,0.13607894930730202,0.28812913184811006,-0.1541630882269335,-0.0651340996125141,-0.7040026937420049,0.0000,1.0000,0.1000,10.571
2026-04-26 18:47:52.030,315,0.13625084465891665,0.28811358943159826,-0.15414308046090514,-0.06508876795247275,-0.7040818946126455,0.0000,1.0000,0.5500,9.319
2026-04-26 18:47:52.041,316,0.1364223447390648,0.28809742457125204,-0.15412254670368683,-0.06504289184201233,-0.7041595091525872,0.0000,0.9500,0.0000,8.481
2026-04-26 18:47:52.051,317,0.13659352663228855,0.28808062140008966,-0.15410147507242172,-0.06499645250425931,-0.7042355539858853,0.0000,1.0000,0.2500,9.373
2026-04-26 18:47:52.061,318,0.1367643339488669,0.28806322389514677,-0.15407992459986639,-0.06494954311572816,-0.7043100864215988,0.0000,1.0000,0.0000,8.566
2026-04-26 18:47:52.068,319,0.13693490425151356,0.2880451758267341,-0.15405781671216034,-0.06490203178656886,-0.7043830759615595,0.0000,1.0000,0.1500,8.322
2026-04-26 18:47:52.077,320,0.137104786567464,0.2880266898333116,-0.15403539776523603,-0.06485430209529724,-0.704454682303905,0.0000,0.9500,0.0500,8.467
2026-04-26 18:47:52.086,321,0.13727391181210694,0.2880077758849213,-0.15401262855848588,-0.06480626788376988,-0.7045248806295201,0.0000,1.0000,0.1500,9.395
2026-04-26 18:47:52.095,322,0.1374441859085148,0.287987698210468,-0.15398879821602285,-0.06475687255543162,-0.7045933470240814,0.0000,1.0000,0.2500,8.508
2026-04-26 18:47:52.104,323,0.1376142081502401,0.2879670227441592,-0.15396446294794638,-0.06470694287400382,-0.70466037352046,0.0000,0.9500,-0.2000,6.321
2026-04-26 18:47:52.111,324,0.1377838828669669,0.28794582194867696,-0.15393973335152786,-0.06465666115365504,-0.7047260529926137,0.0000,1.0000,0.2000,7.756
2026-04-26 18:47:52.119,325,0.13795277377602366,0.28792424201891764,-0.153914689851218,-0.06460611253654094,-0.7047904109979521,0.0000,1.0000,0.1000,11.909
2026-04-26 18:47:52.128,326,0.13812271253883573,0.287901536163027,-0.15388854381479972,-0.0645540905839962,-0.7048530502571363,0.0000,1.0000,-0.2000,11.178
2026-04-26 18:47:52.135,327,0.13829183013187826,0.2878785012600227,-0.1538621562168374,-0.06450191627403505,-0.7049144509928184,0.0000,0.6000,-0.1000,5.430
2026-04-26 18:47:52.144,328,0.13845930053176728,0.287855462170292,-0.15383582491928213,-0.06445002040673425,-0.7049747660590385,0.0000,0.9500,0.2000,11.111
2026-04-26 18:47:52.151,329,0.1386256384449248,0.2878322268092944,-0.15380936335040016,-0.06439812342466941,-0.7050339220872819,0.0000,1.0000,0.3000,7.202
2026-04-26 18:47:52.160,330,0.1387912252525779,0.287808669971849,-0.1537826746622129,-0.06434609181508984,-0.7050919017356944,0.0000,0.8500,0.0500,9.302
2026-04-26 18:47:52.169,331,0.13895610124398478,0.287784767266592,-0.15375570370726543,-0.06429382509567456,-0.7051486787024843,0.0000,1.0000,0.1500,11.455
2026-04-26 18:47:52.176,332,0.139120776548788,0.28776032794620443,-0.1537282652035952,-0.0642410457288113,-0.7052041794795801,0.0000,1.0000,-0.1500,9.802
2026-04-26 18:47:52.184,333,0.13928537619057826,0.2877353020080285,-0.15370029270160163,-0.06418764350449128,-0.7052583787729383,0.0000,0.9500,-0.1500,9.385
2026-04-26 18:47:52.192,334,0.13944986897894443,0.2877097342302429,-0.153671868604787,-0.06413375856317527,-0.7053113525088862,0.0000,1.0000,0.3000,11.132
2026-04-26 18:47:52.201,335,0.13961344259244443,0.2876839553821664,-0.15364331744884382,-0.0640798723482963,-0.705363275511693,0.0000,1.0000,0.0500,10.073
2026-04-26 18:47:52.211,336,0.13977651859356013,0.2876578154544048,-0.1536145045217017,-0.0640257882307675,-0.7054141035121226,0.0000,1.0000,0.0000,5.851
2026-04-26 18:47:52.219,337,0.1399396845726807,0.2876310886039369,-0.15358520380948723,-0.06397116492785404,-0.7054637386243778,0.0000,1.0000,0.2000,10.946
2026-04-26 18:47:52.231,338,0.14010178674510762,0.2876042429009854,-0.1535558790493099,-0.06391669373481236,-0.7055124255289233,0.0000,0.5500,-0.2500,8.577
2026-04-26 18:47:52.242,339,0.14026367851580157,0.2875769528942956,-0.15352621627635044,-0.06386190733593809,-0.7055600277403572,0.0000,1.0000,0.0000,10.539
2026-04-26 18:47:52.250,340,0.14042445577719181,0.2875495900255909,-0.153496588457516,-0.06380736386416577,-0.7056067470372078,0.0000,1.0000,0.3000,9.684
2026-04-26 18:47:52.261,341,0.14058466489601418,0.2875219541786414,-0.1534668116101317,-0.06375279336344304,-0.705652513809411,0.0000,0.9500,0.2500,8.673
2026-04-26 18:47:52.268,342,0.1407462342334496,0.28749325238622564,-0.15343604236393374,-0.06369690355876748,-0.7056968952700918,0.0000,1.0000,0.0500,11.894
2026-04-26 18:47:52.278,343,0.14090837747889587,0.28746382801574377,-0.15340465800860414,-0.06364027535798904,-0.7057401109135141,0.0000,1.0000,0.2500,7.378
2026-04-26 18:47:52.287,344,0.14107029621398592,0.28743399555112065,-0.15337295095162545,-0.06358333437611344,-0.7057823095851552,0.0000,0.9500,0.2000,10.202
2026-04-26 18:47:52.295,345,0.1412322827511122,0.2874036419576597,-0.15334080091372412,-0.06352589464331491,-0.705823440997848,0.0000,1.0000,0.1500,8.875
2026-04-26 18:47:52.384,346,0.14139429418242694,0.28737278278779105,-0.1533082072403958,-0.06346794517467212,-0.7058635099935097,0.0000,1.0000,-0.1000,6.973
2026-04-26 18:47:52.393,347,0.14155616137715474,0.2873415067109268,-0.15327528030997287,-0.06340966052094178,-0.7059025956893138,0.0000,1.0000,0.1500,5.961
2026-04-26 18:47:52.402,348,0.14171756901379762,0.2873099364318797,-0.15324212400116816,-0.06335118524400905,-0.7059407534890106,0.0000,1.0000,0.1000,7.168
2026-04-26 18:47:52.410,349,0.141879895249823,0.28727751873424984,-0.15320816891890107,-0.06329165534642564,-0.7059777032900018,0.0000,1.0000,-0.1000,12.301
2026-04-26 18:47:52.418,350,0.14204129002625585,0.28724501598695534,-0.15317420194515577,-0.06323226161944602,-0.7060138632838303,0.0000,1.0000,0.2500,11.734
2026-04-26 18:47:52.427,351,0.1422019859277357,0.2872123500139997,-0.15314015712882406,-0.06317290948742126,-0.7060492189139942,0.0000,0.8500,-0.0500,11.137
2026-04-26 18:47:52.435,352,0.14236280779615074,0.28717920400150804,-0.1531057271773613,-0.06311314103718997,-0.7060836334168947,0.0000,0.8000,0.0000,6.818
2026-04-26 18:47:52.445,353,0.14252397854724444,0.2871454699704574,-0.15307076059231692,-0.0630527055523782,-0.7061170212237713,0.0000,1.0000,0.3000,12.396
2026-04-26 18:47:52.455,354,0.14268476758815637,0.28711144638970526,-0.15303555424632506,-0.06299204586047598,-0.7061495417339053,0.0000,1.0000,0.1500,8.943
2026-04-26 18:47:52.463,355,0.14284567739579407,0.2870769441605769,-0.15299992705818277,-0.06293089269031539,-0.7061811200000907,0.0000,1.0000,0.0000,9.966
2026-04-26 18:47:52.473,356,0.14300720144629298,0.2870417830300715,-0.15296371571167588,-0.06286900790274073,-0.7062116942435036,0.0000,1.0000,0.3500,10.569
2026-04-26 18:47:52.482,357,0.14316798113110765,0.2870064937128336,-0.15292741825557524,-0.06280712062924204,-0.706241508395319,0.0000,1.0000,0.3000,9.623
2026-04-26 18:47:52.491,358,0.14332803871816346,0.2869710697184631,-0.1528910209479485,-0.06274520504655626,-0.7062705630299351,0.0000,0.7500,-0.1000,7.702
2026-04-26 18:47:52.501,359,0.14348883921440428,0.28693492892500333,-0.15285393702458397,-0.0626823771264087,-0.7062985733491821,0.0000,1.0000,-0.1000,7.762
2026-04-26 18:47:52.509,360,0.14364843803087837,0.2868988464324383,-0.15281692608250208,-0.06261976697543131,-0.7063259221415763,0.0000,0.9500,0.0500,9.652
2026-04-26 18:47:52.518,361,0.14380745295083563,0.2868625932886928,-0.1527797786588543,-0.06255706862960886,-0.7063525250006719,0.0000,0.9000,0.0000,9.377
2026-04-26 18:47:52.525,362,0.14396611062598527,0.2868260815487184,-0.1527424007168623,-0.0624941364962683,-0.7063783422838746,0.0000,1.0000,0.3000,11.609
2026-04-26 18:47:52.533,363,0.1441241331529017,0.28678940703105976,-0.15270485204517256,-0.062431040774164615,-0.7064033961358936,0.0000,0.8500,-0.0500,11.000
2026-04-26 18:47:52.542,364,0.1442813175608983,0.2867526651067789,-0.15266724135118168,-0.06236794974533308,-0.7064277576899495,0.0000,0.9500,0.1500,9.415
2026-04-26 18:47:52.550,365,0.144438023458818,0.2867157177448043,-0.15262943014414168,-0.062304654018295,-0.7064513674305144,0.0000,1.0000,0.2500,8.723
2026-04-26 18:47:52.558,366,0.14459460649243833,0.28667843987204406,-0.15259131199807946,-0.062241001873514494,-0.7064741912784507,0.0000,1.0000,0.3500,11.052
2026-04-26 18:47:52.566,367,0.14475105121919263,0.28664085540176115,-0.15255293054166286,-0.062177067228622054,-0.7064962705689296,0.0000,0.9500,0.0000,8.379
2026-04-26 18:47:52.574,368,0.14490720181085517,0.2866030435710371,-0.15251438349097785,-0.06211300453492141,-0.7065176729176844,0.0000,1.0000,0.2500,8.526
2026-04-26 18:47:52.583,369,0.14506293144660326,0.28656505151026546,-0.15247570242800423,-0.06204885204928276,-0.7065384157169132,0.0000,1.0000,0.6000,9.382
2026-04-26 18:47:52.591,370,0.14521843848864285,0.28652681895567284,-0.15243684948224015,-0.06198456284082483,-0.7065585004627849,0.0000,1.0000,0.1000,8.383
2026-04-26 18:47:52.600,371,0.14537454528883764,0.2864880169957763,-0.15239748652352572,-0.06191962380303154,-0.706577762577143,0.0000,1.0000,0.2500,8.276
2026-04-26 18:47:52.608,372,0.14553145117377445,0.2864485752524535,-0.15235754963282266,-0.061853941004478816,-0.7065961822898288,0.0000,1.0000,0.3000,10.184
2026-04-26 18:47:52.617,373,0.1456882427369529,0.2864088665936117,-0.15231741519537376,-0.061788079518526016,-0.7066139583775523,0.0000,1.0000,0.1500,8.144
2026-04-26 18:47:52.627,374,0.14584518524396128,0.28636878857670817,-0.15227697801815337,-0.06172187893616822,-0.7066310455615988,0.0000,1.0000,0.2500,11.558
2026-04-26 18:47:52.634,375,0.14600200831907353,0.28632847291332386,-0.15223640035777233,-0.06165559668927506,-0.706647548805433,0.0000,1.0000,0.2500,11.498
2026-04-26 18:47:52.644,376,0.1461584049960203,0.28628803138881664,-0.15219576707140806,-0.06158934539234422,-0.7066635055077575,0.0000,1.0000,0.2000,12.217
2026-04-26 18:47:52.654,377,0.14631490238350237,0.28624727251409204,-0.15215491046323887,-0.06152288420920912,-0.7066788520249893,0.0000,1.0000,0.1500,8.272
2026-04-26 18:47:52.661,378,0.14647118315559374,0.28620633060527034,-0.15211396882189204,-0.061456421387829675,-0.7066936676707714,0.0000,1.0000,0.3000,11.484
2026-04-26 18:47:52.670,379,0.14662729765929633,0.2861651971485984,-0.15207294479667366,-0.06138996533002864,-0.7067079674116162,0.0000,1.0000,0.2500,11.879
2026-04-26 18:47:52.678,380,0.1467835939571067,0.28612374389358036,-0.15203172033908594,-0.06132334292769749,-0.7067217052636989,0.0000,1.0000,0.1000,8.891
2026-04-26 18:47:52.687,381,0.14694060586935873,0.28608173272311005,-0.15199000838289445,-0.06125609798760493,-0.7067347210396715,0.0000,1.0000,0.0000,11.489
2026-04-26 18:47:52.695,382,0.14709723454500798,0.2860396114039678,-0.1519482625574891,-0.061188912782614846,-0.7067472521885624,0.0000,1.0000,0.3500,10.289
2026-04-26 18:47:52.702,383,0.1472542578110188,0.28599708160330634,-0.1519061981296456,-0.061121365926714216,-0.7067591707310538,0.0000,1.0000,-0.1000,10.962
2026-04-26 18:47:52.710,384,0.14741082332203073,0.2859544857815123,-0.15186415248250054,-0.061053959886284974,-0.7067706502937599,0.0000,1.0000,0.2000,8.264
2026-04-26 18:47:52.717,385,0.14756679313811222,0.28591189111100507,-0.15182220528244555,-0.060986819354248024,-0.7067817443184282,0.0000,1.0000,0.5500,9.188
2026-04-26 18:47:52.725,386,0.14772256267429074,0.2858691235219886,-0.15178014856577202,-0.06091961440023629,-0.7067923391273906,0.0000,1.0000,0.2000,9.158
2026-04-26 18:47:52.733,387,0.1478786620232751,0.28582596068224786,-0.15173773556492207,-0.06085196163296149,-0.7068023062615718,0.0000,1.0000,-0.1500,8.226
2026-04-26 18:47:52.741,388,0.14803481504304794,0.28578252034053747,-0.15169508901425835,-0.06078404663982567,-0.7068117166161967,0.0000,1.0000,0.1000,10.378
2026-04-26 18:47:52.750,389,0.1481910001036865,0.28573882388991156,-0.15165224448185302,-0.0607159288686043,-0.7068206019925212,0.0000,1.0000,0.1000,11.390
2026-04-26 18:47:52.757,390,0.1483469294761211,0.2856949923169512,-0.15160932582498743,-0.06064779456360547,-0.7068290325803014,0.0000,1.0000,0.1500,9.561
2026-04-26 18:47:52.766,391,0.1485033056556867,0.2856507330346082,-0.15156601429184746,-0.06057915155241548,-0.7068368426446261,0.0000,1.0000,0.0000,10.032
2026-04-26 18:47:52.776,392,0.14865955054476618,0.28560629217699246,-0.15152257409448872,-0.06051040424421546,-0.706844179953024,0.0000,1.0000,0.1000,9.374
2026-04-26 18:47:52.783,393,0.1488156068918992,0.28556168303849166,-0.15147899587101868,-0.06044152633436974,-0.7068510350195988,0.0000,1.0000,0.2000,8.622
2026-04-26 18:47:52.793,394,0.14897113455080396,0.2855170583661033,-0.15143545363631294,-0.06037278855947878,-0.7068575119110698,0.0000,1.0000,0.1000,10.156
2026-04-26 18:47:52.801,395,0.14912602093327243,0.2854724596136971,-0.15139197642714955,-0.0603042273603065,-0.7068636252662424,0.0000,1.0000,-0.1500,8.227
2026-04-26 18:47:52.810,396,0.1492819014432141,0.2854272497989103,-0.1513479495418192,-0.060234930932346366,-0.7068690851086162,0.0000,1.0000,0.2000,10.479
2026-04-26 18:47:52.818,397,0.1494376996458373,0.2853818531966163,-0.1513037805007118,-0.06016550130005615,-0.706874092961662,0.0000,1.0000,0.2000,11.619
2026-04-26 18:47:52.825,398,0.14959365514831552,0.28533618125721494,-0.15125938674743936,-0.0600958167597578,-0.706874092961662,0.0000,1.0000,0.2000,13.239
2026-04-26 18:47:52.833,399,0.14974878685776852,0.2852906334163235,-0.15121517331192438,-0.060026486800771287,-0.706874092961662,0.0000,1.0000,0.2500,8.311
2026-04-26 18:47:52.840,400,0.14990367990121978,0.2852449595094863,-0.15117085719487783,-0.059957069666820496,-0.706874092961662,0.0000,1.0000,0.0000,11.225
2026-04-26 18:47:52.849,401,0.15005823985615205,0.28519920134941734,-0.15112648105945062,-0.05988762895052342,-0.706874092961662,0.0000,1.0000,0.0500,10.183
2026-04-26 18:47:52.858,402,0.1502123703157256,0.28515339655236327,-0.15108207514366856,-0.05981820550489136,-0.706874092961662,0.0000,0.9000,0.1000,5.674
2026-04-26 18:47:52.865,403,0.1503664936547568,0.28510737620342536,-0.1510374648772851,-0.0597485338441873,-0.706874092961662,0.0000,1.0000,0.2000,10.405
2026-04-26 18:47:52.873,404,0.15052033550052316,0.28506126391875747,-0.15099279136020696,-0.05967883356949505,-0.706874092961662,0.0000,0.9000,0.1500,8.722
2026-04-26 18:47:52.880,405,0.15067367291872472,0.2850151321141872,-0.1509480935348397,-0.059609145578918776,-0.706874092961662,0.0000,0.8500,0.0000,9.603
2026-04-26 18:47:52.889,406,0.15082702492383857,0.2849687676928337,-0.15090314369203828,-0.05953912023549772,-0.706874092961662,0.0000,0.9500,-0.2000,7.877
2026-04-26 18:47:52.962,407,0.15097998175847022,0.28492234107979575,-0.1508581177485961,-0.05946902340466474,-0.706874092961662,0.0000,0.9000,-0.2000,8.773
2026-04-26 18:47:52.970,408,0.15113229733272215,0.28487595129724463,-0.15081311040584194,-0.05939899423372145,-0.706874092961662,0.0000,1.0000,0.2000,10.990
2026-04-26 18:47:52.977,409,0.15128425891387318,0.28482947257701846,-0.15076797257513552,-0.059328796696361805,-0.706874092961662,0.0000,1.0000,-0.0500,6.820
2026-04-26 18:47:52.986,410,0.15143534896308938,0.2847831191815008,-0.1507229254568249,-0.05925876533998041,-0.706874092961662,0.0000,0.9500,0.0500,11.657
2026-04-26 18:47:52.994,411,0.15158643636599614,0.2847365548213619,-0.15067764647343093,-0.05918842244300569,-0.706874092961662,0.0000,1.0000,0.1500,9.931
2026-04-26 18:47:53.002,412,0.1517371161337837,0.28468993584530233,-0.15063227757521017,-0.05911797303099157,-0.706874092961662,0.0000,0.8500,0.0000,9.743
2026-04-26 18:47:53.010,413,0.15188801354896644,0.28464302159477456,-0.15058658894877971,-0.05904707711634622,-0.706874092961662,0.0000,1.0000,0.3000,8.110
2026-04-26 18:47:53.019,414,0.1520390106211592,0.28459585461998954,-0.15054061056253043,-0.05897577268099757,-0.706874092961662,0.0000,1.0000,-0.1000,8.862
2026-04-26 18:47:53.028,415,0.1521898551397104,0.2845485549815392,-0.1504944896716035,-0.058904293535379904,-0.706874092961662,0.0000,0.9000,0.0500,8.781
2026-04-26 18:47:53.036,416,0.15234082616391068,0.28450101239473924,-0.1504481135285218,-0.05883246866737233,-0.706874092961662,0.0000,1.0000,0.1000,11.584
2026-04-26 18:47:53.044,417,0.15249226961783754,0.28445310048318606,-0.15040137112149882,-0.05876013859198748,-0.706874092961662,0.0000,0.9500,-0.0500,6.398
2026-04-26 18:47:53.051,418,0.15264372727803358,0.2844049955570086,-0.15035442257383966,-0.05868753476089916,-0.706874092961662,0.0000,1.0000,0.0500,8.480
2026-04-26 18:47:53.060,419,0.152795132189512,0.2843567354541597,-0.1503073196636813,-0.058614741181131004,-0.706874092961662,0.0000,1.0000,0.1500,11.103
2026-04-26 18:47:53.069,420,0.15294627969373428,0.28430841690639314,-0.150260179484225,-0.05854194305238891,-0.706874092961662,0.0000,0.9500,0.0000,7.060
2026-04-26 18:47:53.078,421,0.15309744062245753,0.2842599262280372,-0.15021287507535433,-0.05846894268576853,-0.706874092961662,0.0000,1.0000,0.1500,7.280
2026-04-26 18:47:53.087,422,0.15324869931324375,0.2842112350645234,-0.15016538276239078,-0.058395706306862125,-0.7068690785154504,0.0000,1.0000,0.2000,9.306
2026-04-26 18:47:53.095,423,0.15339987216339657,0.28416242275610215,-0.15011778749431345,-0.058322363550203,-0.7068637497023039,0.0000,1.0000,0.0500,12.067
2026-04-26 18:47:53.104,424,0.15355068260857685,0.2841136010838902,-0.15007019881799843,-0.058249077034584554,-0.7068581642583043,0.0000,1.0000,0.1500,9.382
2026-04-26 18:47:53.113,425,0.15370098733301585,0.28406483035548497,-0.1500226779123818,-0.05817593838844593,-0.7068523572271566,0.0000,1.0000,0.2000,11.341
2026-04-26 18:47:53.121,426,0.1538506984877268,0.2840161524136378,-0.14997527375612715,-0.05810302408073885,-0.7068463606244377,0.0000,1.0000,0.1000,11.298
2026-04-26 18:47:53.129,427,0.1540002910126343,0.2839673664560533,-0.14992776352758758,-0.058029988310822435,-0.7068400559285635,0.0000,1.0000,0.2000,10.743
2026-04-26 18:47:53.137,428,0.1541494962454774,0.28391857855713637,-0.14988024706782577,-0.05795697717350218,-0.7068334937838251,0.0000,1.0000,0.1000,8.314
2026-04-26 18:47:53.146,429,0.15429838301880053,0.28386976100613553,-0.14983269251276174,-0.05788394025412827,-0.706826659964343,0.0000,1.0000,0.1000,10.635
2026-04-26 18:47:53.155,430,0.1544468175941872,0.28382096808787705,-0.14978515166373896,-0.05781095347923683,-0.7068195828551297,0.0000,1.0000,-0.0500,7.357
2026-04-26 18:47:53.163,431,0.1545959403366713,0.2837717524341067,-0.14973718803984154,-0.05773736704539173,-0.7068120533295875,0.0000,1.0000,0.0500,9.940
2026-04-26 18:47:53.172,432,0.1547449340052852,0.28372243544104986,-0.1496891101842327,-0.057663636822960995,-0.7068042228479051,0.0000,0.9000,0.0000,11.428
2026-04-26 18:47:53.180,433,0.15489337170388387,0.2836732001588016,-0.1496411180022345,-0.057590070587463446,-0.7067962033512681,0.0000,0.9000,0.3000,9.907
2026-04-26 18:47:53.189,434,0.15504140662236227,0.2836239803280432,-0.14959313335255503,-0.057516544683547784,-0.7067879533355413,0.0000,0.8500,0.0500,11.180
2026-04-26 18:47:53.198,435,0.15518986578617677,0.2835744489356305,-0.14954483202772112,-0.05744257370794946,-0.7067793155547086,0.0000,0.9500,0.0000,8.594
2026-04-26 18:47:53.206,436,0.1553377392975619,0.2835250049060906,-0.14949660109140928,-0.057368731838290894,-0.7067704810132447,0.0000,1.0000,0.2500,11.438
2026-04-26 18:47:53.214,437,0.1554855137458432,0.28347546511326926,-0.14944827318225468,-0.0572947754347646,-0.7067613772648775,0.0000,1.0000,0.3000,9.008
2026-04-26 18:47:53.222,438,0.15563292719470392,0.28342593024634083,-0.1493999388139414,-0.05722083470719888,-0.7067520477804395,0.0000,1.0000,0.0500,9.655
2026-04-26 18:47:53.232,439,0.15577975191386845,0.28337648716641234,-0.14935167447983325,-0.05714701874590956,-0.7067425288749506,0.0000,0.9000,0.0500,9.916
2026-04-26 18:47:53.242,440,0.15592704995695736,0.283326721981394,-0.149303081237108,-0.057072736152426515,-0.7067326317550596,0.0000,1.0000,0.2500,10.583
2026-04-26 18:47:53.250,441,0.15607443795058723,0.2832767930690541,-0.14925432262689017,-0.05699823436812722,-0.706722443928382,0.0000,1.0000,0.2000,11.500
2026-04-26 18:47:53.260,442,0.1562218898303115,0.28322670247292453,-0.14920538355322552,-0.05692348173412957,-0.7067119523852419,0.0000,0.8500,-0.0500,9.797
2026-04-26 18:47:53.271,443,0.15636927049073027,0.28317651508630626,-0.14915634387311108,-0.0568486050792477,-0.7067012075974094,0.0000,1.0000,0.1500,10.045
2026-04-26 18:47:53.280,444,0.15651638153135894,0.28312629410244605,-0.14910723676016582,-0.05677363872214463,-0.7066902141573825,0.0000,1.0000,0.5500,8.721
2026-04-26 18:47:53.290,445,0.15666347212832574,0.2830759417700661,-0.14905796463313947,-0.056698435950486334,-0.7066789263298195,0.0000,0.6000,-0.2000,8.725
2026-04-26 18:47:53.298,446,0.15681029697260307,0.28302556418535635,-0.14900864389268711,-0.05662317609839792,-0.7066674103929964,0.0000,1.0000,0.0500,9.296
2026-04-26 18:47:53.308,447,0.15695690264794435,0.28297515516661875,-0.14895928617169765,-0.056547885109702295,-0.7066556839524809,0.0000,0.9500,0.1000,10.439
2026-04-26 18:47:53.317,448,0.15710325622639112,0.28292471801842556,-0.148909875436049,-0.05647252885725734,-0.7066437321604675,0.0000,0.8000,-0.0500,9.482
2026-04-26 18:47:53.325,449,0.15724985382299903,0.28287405663536347,-0.14886021663041557,-0.05639681488260596,-0.7066314608103607,0.0000,1.0000,0.2000,8.565
2026-04-26 18:47:53.335,450,0.15739617536085396,0.2828233775823153,-0.14881051106837873,-0.05632104213596451,-0.7066189706873834,0.0000,1.0000,0.0500,7.540
2026-04-26 18:47:53.343,451,0.15754211267642582,0.2827727308796397,-0.1487608172625005,-0.05624530224369039,-0.7066062980066906,0.0000,0.9000,0.0500,9.986
2026-04-26 18:47:53.355,452,0.15768785865282145,0.2827220389550812,-0.14871105421762046,-0.05616947161883193,-0.7065934032313297,0.0000,0.9500,0.0000,9.077
2026-04-26 18:47:53.365,453,0.15783379163472616,0.28267116225315925,-0.14866109933189894,-0.0560933744584329,-0.7065802361692004,0.0000,1.0000,-0.1000,7.381
2026-04-26 18:47:53.374,454,0.15797936504402932,0.2826203217517336,-0.14861117485079456,-0.05601734439311873,-0.7065669111693507,0.0000,0.9500,0.2500,6.882
2026-04-26 18:47:53.384,455,0.15812515448372197,0.2825692759517947,-0.14856101790850024,-0.05594097607498858,-0.7065532886691095,0.0000,1.0000,0.2000,10.025
2026-04-26 18:47:53.392,456,0.15827103883857643,0.2825180838661321,-0.1485107025642511,-0.05586438775581335,-0.706539415736644,0.0000,0.9500,-0.0500,5.961
2026-04-26 18:47:53.403,457,0.15841729574407387,0.2824666337320007,-0.148460113348133,-0.05578740402223714,-0.7065252352610097,0.0000,1.0000,0.1000,10.101
2026-04-26 18:47:53.415,458,0.15856338851201549,0.2824151446375199,-0.14840947421464395,-0.05571036288961991,-0.706510864093078,0.0000,1.0000,0.0000,10.862
2026-04-26 18:47:53.424,459,0.1587092838032429,0.28236364271827785,-0.14835883018155138,-0.055633340981369434,-0.7064963365866485,0.0000,1.0000,0.3000,10.545
2026-04-26 18:47:53.435,460,0.15885529565899972,0.28231199320040673,-0.14830802879843985,-0.05555610044442085,-0.706481570046009,0.0000,1.0000,0.0000,8.435
2026-04-26 18:47:53.443,461,0.15900099018061423,0.28226037762854284,-0.14825726254050872,-0.055478935122774395,-0.7064666685062932,0.0000,1.0000,0.1000,9.549
2026-04-26 18:47:53.456,462,0.15914669519186933,0.2822086616954375,-0.14820638946190484,-0.05540162794927887,-0.7064515594725412,0.0000,1.0000,0.2000,6.652
2026-04-26 18:47:53.466,463,0.15929213193874348,0.28215695087234827,-0.14815550267605723,-0.05532431209103046,-0.706436285585363,0.0000,1.0000,0.2500,11.357
2026-04-26 18:47:53.474,464,0.15943750405616586,0.2821051679603623,-0.1481045298031834,-0.05524688106864943,-0.7064208152932999,0.0000,1.0000,0.2000,9.420
2026-04-26 18:47:53.484,465,0.15958289648242457,0.28205328778905125,-0.14805345810912146,-0.05516932168454416,-0.706405150642839,0.0000,0.8500,0.0500,7.754
2026-04-26 18:47:53.493,466,0.15972838397680383,0.28200126470349285,-0.14800221348196804,-0.055091508232604114,-0.7063892425120412,0.0000,1.0000,-0.1000,7.560
2026-04-26 18:47:53.504,467,0.1598740868696028,0.2819490674382233,-0.14795079059546015,-0.05501344538791686,-0.7063731033374407,0.0000,1.0000,0.2000,6.274
2026-04-26 18:47:53.516,468,0.16001973391355467,0.2818967984367804,-0.14789927966154004,-0.05493526205205648,-0.7063567742073257,0.0000,0.9000,0.2000,8.984
2026-04-26 18:47:53.602,469,0.1601651068284247,0.2818445389032087,-0.14784774959694594,-0.054857055160443605,-0.7063402855030547,0.0000,1.0000,0.1500,7.261
2026-04-26 18:47:53.612,470,0.16031019827806625,0.2817923057051174,-0.14779623841558856,-0.05477889201550214,-0.7063236688403773,0.0000,0.8500,0.1000,9.164
2026-04-26 18:47:53.622,471,0.16045550726417737,0.28173989406903593,-0.14774453067819707,-0.054700443838206596,-0.7063068131718664,0.0000,0.8500,-0.2000,10.791
2026-04-26 18:47:53.633,472,0.16060069855950196,0.28168743726062645,-0.1476927562612185,-0.054621903465709214,-0.7062897837161697,0.0000,1.0000,0.1000,10.554
2026-04-26 18:47:53.644,473,0.1607457880714062,0.28163492140300145,-0.14764088678092305,-0.054543220790327064,-0.7062725609734077,0.0000,1.0000,0.1000,10.721
2026-04-26 18:47:53.655,474,0.16089050067630334,0.28158245753930794,-0.14758903298279213,-0.05446456150696226,-0.7062552020837138,0.0000,0.7500,0.0500,10.191
2026-04-26 18:47:53.667,475,0.16103502869389907,0.2815299690028918,-0.14753711671100642,-0.05438580736693342,-0.7062376691120775,0.0000,0.9500,-0.0500,9.556
2026-04-26 18:47:53.678,476,0.16117946201102104,0.2814774198899371,-0.14748510025093142,-0.054306900626565305,-0.7062199441549422,0.0000,1.0000,0.4000,11.303
2026-04-26 18:47:53.689,477,0.16132396869656665,0.28142474911898385,-0.14743293089736365,-0.054227766153861316,-0.7062020068791163,0.0000,1.0000,0.1000,9.603
2026-04-26 18:47:53.701,478,0.1614682759400834,0.2813720583446349,-0.1473806960163755,-0.054148527595280084,-0.706183895627184,0.0000,1.0000,0.2500,10.374
2026-04-26 18:47:53.713,479,0.16161232564796604,0.2813193756141774,-0.14732842986001785,-0.054069239176770825,-0.7061656324043082,0.0000,1.0000,-0.0500,13.553
2026-04-26 18:47:53.724,480,0.16175664437078505,0.2812664986574901,-0.1472759422905442,-0.0539896215072098,-0.7061471299579075,0.0000,1.0000,0.0500,8.263
2026-04-26 18:47:53.736,481,0.16190093136326322,0.28121355177561785,-0.14722336252285304,-0.05390987061894061,-0.7061284570762109,0.0000,1.0000,0.2500,12.246
2026-04-26 18:47:53.746,482,0.16204530917475618,0.28116048745381966,-0.14717064381920106,-0.05382991655062009,-0.7061095924768405,0.0000,1.0000,0.1500,8.188
2026-04-26 18:47:53.756,483,0.1621898750798962,0.28110725680817955,-0.14711771896686643,-0.05374964907918396,-0.7060904950615576,0.0000,1.0000,-0.1500,11.294
2026-04-26 18:47:53.766,484,0.16233430447822794,0.28105400360809635,-0.14706475327082222,-0.053669326693894015,-0.7060712598980733,0.0000,1.0000,0.0500,7.536
2026-04-26 18:47:53.777,485,0.1624787156011695,0.28100067229674497,-0.14701167574589002,-0.053588834970360835,-0.7060518454023473,0.0000,1.0000,0.1000,10.331
2026-04-26 18:47:53.790,486,0.16262308186972893,0.280947271195797,-0.14695848923409477,-0.053508175202840014,-0.7060322518539536,0.0000,0.9500,-0.0500,11.298
2026-04-26 18:47:53.801,487,0.16276755143987717,0.2808937557650627,-0.1469051721269199,-0.05342732621886919,-0.7060124814888795,0.0000,0.9000,0.0500,8.177
2026-04-26 18:47:53.812,488,0.1629120331776702,0.2808401600029998,-0.14685175274971166,-0.053346327447770736,-0.7059925471840354,0.0000,1.0000,0.2500,9.912
2026-04-26 18:47:53.822,489,0.1630564781392874,0.2807865054931359,-0.14679825447180384,-0.05326521461763933,-0.7059724630445221,0.0000,1.0000,0.1500,9.567
2026-04-26 18:47:53.833,490,0.16320057447097286,0.28073292612956996,-0.1467448249074596,-0.05318421579442481,-0.7059523112421715,0.0000,1.0000,0.1500,9.795
2026-04-26 18:47:53.845,491,0.16334454995890443,0.2806793277203552,-0.14669136322445522,-0.05310317619735907,-0.705932039522782,0.0000,1.0000,0.2000,12.890
2026-04-26 18:47:53.857,492,0.16348837684629167,0.2806257239304301,-0.1466378858696162,-0.053022121678514174,-0.705911658960528,0.0000,0.7000,0.0000,10.198
2026-04-26 18:47:53.869,493,0.1636322863867686,0.2805720179760196,-0.14658428745580876,-0.052940889649537075,-0.7058911139980839,0.0000,1.0000,0.1500,11.376
2026-04-26 18:47:53.879,494,0.1637760846265451,0.28051827849387173,-0.14653062026767014,-0.052859550158444804,-0.705870424018065,0.0000,1.0000,0.1000,9.986
2026-04-26 18:47:53.892,495,0.1639200257843261,0.28046441116344023,-0.1464768008403787,-0.05277798323602707,-0.7058495541110293,0.0000,1.0000,-0.0500,9.338
2026-04-26 18:47:53.905,496,0.16406407966927175,0.2804104325015368,-0.14642285169037525,-0.05269622545991702,-0.705828519909192,0.0000,1.0000,0.2000,7.889
2026-04-26 18:47:53.917,497,0.16420780708370228,0.2803565007298562,-0.1463689005635792,-0.05261445301721621,-0.7058073714011925,0.0000,1.0000,0.2000,8.986
2026-04-26 18:47:53.928,498,0.16435172158544792,0.28030241498787145,-0.14631475284436127,-0.052532376915947886,-0.7057860157349288,0.0000,1.0000,-0.1000,8.285
2026-04-26 18:47:53.939,499,0.16449579979919185,0.2802481883410037,-0.1462604264512471,-0.05245002627233602,-0.705764465609481,0.0000,1.0000,0.0500,9.726
2026-04-26 18:47:53.951,500,0.1646395411718424,0.28019401111976355,-0.1462060939112371,-0.052367650789830925,-0.7057427996801601,0.0000,1.0000,0.2000,12.514
2026-04-26 18:47:53.962,501,0.16478302987637755,0.28013985534730085,-0.1461517354355338,-0.05228522469674709,-0.705721013420756,0.0000,1.0000,0.3000,7.160
2026-04-26 18:47:53.972,502,0.16492628529255332,0.2800856939449308,-0.1460972904544537,-0.05220264021328192,-0.7056990610559778,0.0000,0.8000,-0.1500,7.619
2026-04-26 18:47:53.984,503,0.16506922972707833,0.2800315654201693,-0.146042808598679,-0.05211997716996066,-0.705676974198974,0.0000,1.0000,0.3500,7.605
2026-04-26 18:47:53.994,504,0.16521187161169523,0.27997746560949194,-0.14598828314504786,-0.05203722402779681,-0.7056547494260259,0.0000,1.0000,0.0000,9.507
2026-04-26 18:47:54.006,505,0.16535390444919615,0.27992351874144294,-0.14593383981523875,-0.05195456994406636,-0.7056324515439554,0.0000,0.7500,-0.0500,7.857
2026-04-26 18:47:54.019,506,0.1654957248602002,0.27986956566233406,-0.14587931740853893,-0.05187177192495648,-0.7056100001103184,0.0000,1.0000,0.2000,9.791
2026-04-26 18:47:54.029,507,0.1656374285044995,0.27981557378718247,-0.14582469161830156,-0.051788797482971806,-0.7055873882746626,0.0000,1.0000,-0.0500,12.697
2026-04-26 18:47:54.041,508,0.165778679110276,0.2797616763986339,-0.14577009251494746,-0.05170583995343851,-0.7055646806123336,0.0000,1.0000,0.2000,12.401
2026-04-26 18:47:54.050,509,0.16591986296065103,0.2797077044845979,-0.14571532577042542,-0.05162259502456952,-0.705541768430379,0.0000,1.0000,-0.1000,11.183
2026-04-26 18:47:54.060,510,0.16606073990198028,0.27965376661740676,-0.14566051967456925,-0.05153926483056245,-0.7055187268445846,0.0000,1.0000,0.2000,9.501
2026-04-26 18:47:54.071,511,0.16620130243450384,0.2795998636286689,-0.14560567032821484,-0.05145584100037065,-0.7054955526354183,0.0000,0.9500,0.0000,10.092
2026-04-26 18:47:54.081,512,0.16634177192301366,0.27954591803438134,-0.14555071758368984,-0.05137224182609033,-0.705472225476214,0.0000,1.0000,0.1000,8.672
2026-04-26 18:47:54.093,513,0.16648196577579263,0.2794920035538656,-0.1454957352143506,-0.05128857784253118,-0.7054487833434869,0.0000,1.0000,0.1500,8.888
2026-04-26 18:47:54.102,514,0.16662181097863688,0.2794381474825797,-0.14544074626451498,-0.05120488134064143,-0.7054252366807032,0.0000,1.0000,0.1500,11.247
2026-04-26 18:47:54.114,515,0.16676147883962983,0.27938429165863987,-0.1453857087897925,-0.05112109736487291,-0.7054015736555885,0.0000,1.0000,0.2500,6.970
2026-04-26 18:47:54.125,516,0.16690095737466265,0.27933044527037093,-0.14533063826732553,-0.051037252129854306,-0.7053778061668293,0.0000,1.0000,0.0500,10.470
2026-04-26 18:47:54.136,517,0.16704024337778492,0.2792766150952719,-0.14527554961302797,-0.050953371935352855,-0.705353946742061,0.0000,1.0000,0.2500,10.273
2026-04-26 18:47:54.147,518,0.16717948305517924,0.279222750968433,-0.14522040551978038,-0.050869407108423165,-0.7053299841420828,0.0000,1.0000,0.1500,11.720
2026-04-26 18:47:54.157,519,0.1673183150999549,0.27916900201980227,-0.1451653618064413,-0.05078559458276417,-0.7053060005914613,0.0000,1.0000,0.2500,6.070
2026-04-26 18:47:54.165,520,0.16745699775592762,0.2791152582301039,-0.1451102962759225,-0.05070174483687905,-0.705281929858868,0.0000,0.8500,0.0000,11.837
2026-04-26 18:47:54.176,521,0.16759552875831812,0.27906152667601425,-0.145055225329235,-0.05061788699954762,-0.7052577857487553,0.0000,1.0000,0.2500,8.605
2026-04-26 18:47:54.186,522,0.16773402920996514,0.2790077573840453,-0.14500009549310108,-0.050533938978077945,-0.705233540702243,0.0000,1.0000,0.2500,7.615
2026-04-26 18:47:54.198,523,0.16787231042387582,0.2789540232994998,-0.14494497456531846,-0.05044999976452698,-0.7052092269582156,0.0000,1.0000,0.3000,12.146
2026-04-26 18:47:54.210,524,0.16801001606602295,0.2789004659801816,-0.14489000155964027,-0.050366276478575125,-0.7051849136515569,0.0000,1.0000,0.1500,8.775
2026-04-26 18:47:54.219,525,0.16814759117703926,0.27884692004385503,-0.14483503124658656,-0.05028256122539019,-0.7051605391304363,0.0000,1.0000,0.0500,12.428
2026-04-26 18:47:54.230,526,0.1682849807915178,0.2787933893055476,-0.14478003626557817,-0.05019879725121497,-0.705136074999995,0.0000,1.0000,0.0500,13.488
2026-04-26 18:47:54.238,527,0.16842195199905838,0.2787399656892348,-0.14472510559659124,-0.05011511643080503,-0.7051115651383566,0.0000,1.0000,-0.1000,11.265
2026-04-26 18:47:54.251,528,0.16855877622538892,0.2786865457071673,-0.1446701433589093,-0.05003137862524131,-0.7050869662559127,0.0000,1.0000,0.1500,9.601
2026-04-26 18:47:54.263,529,0.16869543404782447,0.2786331250864087,-0.1446151243586671,-0.04994753546372113,-0.705062256129791,0.0000,1.0000,0.2000,9.284
2026-04-26 18:47:54.274,530,0.1688319961015082,0.27857967545527995,-0.14456001919000086,-0.04986354220260912,-0.7050374203619743,0.0000,1.0000,0.2000,11.653
2026-04-26 18:47:54.286,531,0.16896849606939232,0.2785261831729279,-0.14450481310702767,-0.04977937605458509,-0.7050124518366829,0.0000,1.0000,0.1000,10.698
2026-04-26 18:47:54.296,532,0.16910489289413072,0.27847266982234453,-0.1444495354796367,-0.04969508485368991,-0.7049873699298418,0.0000,1.0000,0.2500,10.471
2026-04-26 18:47:54.308,533,0.16924137395027075,0.27841906490777696,-0.14439412243452382,-0.04961057598866406,-0.704962146801592,0.0000,0.9500,0.0000,10.306
2026-04-26 18:47:54.319,534,0.16937759328735771,0.278365495161053,-0.14433868050061385,-0.049525999040603536,-0.7049368263887297,0.0000,1.0000,0.2000,8.010
2026-04-26 18:47:54.328,535,0.16951344165262355,0.27831201654622256,-0.1442832853030497,-0.04944147716859192,-0.7049114570965511,0.0000,1.0000,0.4000,6.950
2026-04-26 18:47:54.331,536,0.16964921473943095,0.27825849626509713,-0.14422777907674952,-0.049356761134020204,-0.7048859483098144,0.0000,0.9500,-0.1500,6.828
2026-04-26 18:47:54.346,537,0.1697848076157507,0.278204987582092,-0.1441722331514627,-0.04927196685825302,-0.704860345465546,0.0000,1.0000,0.1500,7.934
2026-04-26 18:47:54.354,538,0.16992017396439138,0.27815150464681626,-0.14411665363865703,-0.04918709938508399,-0.7048346483288013,0.0000,1.0000,0.3000,8.581
2026-04-26 18:47:54.362,539,0.17005536405195612,0.2780980241439104,-0.1440610111435546,-0.0491021114798644,-0.7048088398799485,0.0000,1.0000,0.1500,10.372
2026-04-26 18:47:54.378,540,0.17019048469373446,0.2780444954911277,-0.1440052412697756,-0.04901689953972707,-0.7047828817204356,0.0000,1.0000,0.3000,11.706
2026-04-26 18:47:54.394,541,0.17032537918353113,0.27799099336568484,-0.14394943797599485,-0.048931614043700944,-0.704756831166433,0.0000,1.0000,0.0000,6.213
2026-04-26 18:47:54.394,542,0.17046006696843116,0.277937492593267,-0.14389354639630342,-0.048846157748908665,-0.7047306466248512,0.0000,1.0000,-0.1000,8.693
2026-04-26 18:47:54.415,543,0.1705945517646606,0.27788401012828307,-0.14383761353130295,-0.04876061608260567,-0.704704367294465,0.0000,0.9500,0.2500,7.509
2026-04-26 18:47:54.421,544,0.17072885433636367,0.2778305356759949,-0.14378162509281164,-0.048674965520505015,-0.7046779846997082,0.0000,1.0000,0.2000,10.852
2026-04-26 18:47:54.436,545,0.17086293614060138,0.2777770764269678,-0.14372557389224241,-0.04858918799628692,-0.7046514887119791,0.0000,1.0000,0.1500,13.238
2026-04-26 18:47:54.436,546,0.17099688745357264,0.2777236096767371,-0.14366945891037577,-0.04850329273128973,-0.7046248903097295,0.0000,1.0000,0.2500,9.683
2026-04-26 18:47:54.454,547,0.17113076549486572,0.27767010831915945,-0.14361324536231362,-0.04841722361772066,-0.7045981688968904,0.0000,1.0000,0.1500,10.623
2026-04-26 18:47:54.454,548,0.17126444374888092,0.27761661620653216,-0.14355696520526465,-0.04833102255414625,-0.7045713351307428,0.0000,1.0000,0.1000,11.572
2026-04-26 18:47:54.467,549,0.17139794622743004,0.27756313243789815,-0.1435006314156112,-0.0482447158554531,-0.7045444030549751,0.0000,0.8500,-0.0500,8.236
2026-04-26 18:47:54.483,550,0.17153112741521212,0.2775097174003551,-0.1434443073959072,-0.048158400046168906,-0.7045174064861679,0.0000,1.0000,0.0500,9.151
2026-04-26 18:47:54.483,551,0.17166417191151018,0.277456293431459,-0.14338790850227728,-0.04807194458403916,-0.7044903002101295,0.0000,1.0000,0.1000,9.562
2026-04-26 18:47:54.499,552,0.17179708505927851,0.27740287198660685,-0.14333146824335638,-0.04798541067419523,-0.7044631125972809,0.0000,1.0000,0.2500,9.217
2026-04-26 18:47:54.514,553,0.17192991865893908,0.2773494215182065,-0.14327493643380265,-0.04789871363657614,-0.7044358098167189,0.0000,1.0000,0.0000,7.989
2026-04-26 18:47:54.514,554,0.17206260353355393,0.27729598842562203,-0.14321839010413115,-0.04781198425060428,-0.7044084462712094,0.0000,1.0000,0.2000,9.247
2026-04-26 18:47:54.530,555,0.17219518524202035,0.27724254293936024,-0.14316177966720914,-0.04772513814606385,-0.7043809878217199,0.0000,1.0000,0.6500,10.084
2026-04-26 18:47:54.546,556,0.17232742073382196,0.27718918835792666,-0.14310521798624054,-0.04763834932062354,-0.7043534962371052,0.0000,0.8500,0.0000,8.026
2026-04-26 18:47:54.561,557,0.17245918138377372,0.27713597038379684,-0.1430487406270572,-0.047551665976415185,-0.7043259847785394,0.0000,0.9000,-0.1000,9.235
2026-04-26 18:47:54.561,558,0.17259071569291173,0.27708278009516196,-0.1429922222499066,-0.04746489181771846,-0.7042983831055555,0.0000,1.0000,-0.1500,9.130
2026-04-26 18:47:54.577,559,0.17272203080620063,0.27702962057043334,-0.14293567528647647,-0.047378050092740244,-0.7042707026409413,0.0000,1.0000,-0.0500,9.049
2026-04-26 18:47:54.577,560,0.1728531248934141,0.2769764953713996,-0.142879107482111,-0.047291154436451106,-0.7042429498714975,0.0000,1.0000,-0.0500,7.845
2026-04-26 18:47:54.594,561,0.1729839406157159,0.2769234263505079,-0.14282253835949263,-0.04720423289429133,-0.7042151339081987,0.0000,1.0000,-0.1000,9.561
2026-04-26 18:47:54.609,562,0.1731145348053242,0.27687040451756634,-0.1427659813161725,-0.04711731668386341,-0.7041872731504899,0.0000,1.0000,0.0500,10.324
2026-04-26 18:47:54.624,563,0.1732450240974185,0.276817386981595,-0.1427093992239918,-0.04703035292283321,-0.7041593524148984,0.0000,1.0000,0.2000,8.792
2026-04-26 18:47:54.624,564,0.1733752857332677,0.27676441296175686,-0.14265281432686752,-0.04694336641901904,-0.7041313748274676,0.0000,0.7500,0.1500,11.192
2026-04-26 18:47:54.640,565,0.17350519602349304,0.2767115342339412,-0.14259628174040928,-0.04685644144631796,-0.704103370100195,0.0000,0.8000,-0.0500,6.330
2026-04-26 18:47:54.656,566,0.1736347877189991,0.27665875481793484,-0.1425398335315495,-0.046769640060364555,-0.704075368767187,0.0000,0.7500,0.0000,8.555
2026-04-26 18:47:54.656,567,0.1737639175366435,0.2766060990735746,-0.14248343865861923,-0.046682887930590666,-0.7040473280767678,0.0000,1.0000,-0.0500,9.657
2026-04-26 18:47:54.672,568,0.17389269487061823,0.27655352755646234,-0.1424270643940666,-0.04659613925778941,-0.7040192354864473,0.0000,1.0000,0.1000,8.270
2026-04-26 18:47:54.687,569,0.17402099374009483,0.27650109696620484,-0.1423707774847514,-0.04650949912056945,-0.7039911298492016,0.0000,1.0000,0.2000,8.186
2026-04-26 18:47:54.687,570,0.1741488979553512,0.2764487552770368,-0.14231449461091872,-0.04642282682797554,-0.7039629543072397,0.0000,1.0000,0.0000,10.132
2026-04-26 18:47:54.703,571,0.174276486806208,0.276396485177628,-0.14225822201787103,-0.04633614346291471,-0.7039347242038738,0.0000,1.0000,0.2500,8.770
2026-04-26 18:47:54.718,572,0.17440381324562365,0.2763442425527602,-0.14220187692273317,-0.046249305454833085,-0.7039063792495476,0.0000,1.0000,0.1500,10.198
2026-04-26 18:47:54.718,573,0.1745308155723513,0.2762920554758333,-0.14214549261613887,-0.04616236528682172,-0.7038779391273688,0.0000,1.0000,0.0500,10.105
2026-04-26 18:47:54.734,574,0.17465736865211426,0.27623997205111034,-0.14208911352223438,-0.0460753876944873,-0.7038494246320887,0.0000,1.0000,0.0500,9.057
2026-04-26 18:47:54.750,575,0.17478351778546078,0.27618798720773735,-0.1420327558945362,-0.04598840766064384,-0.7038208549690458,0.0000,1.0000,0.1500,8.966
2026-04-26 18:47:54.755,576,0.17490928277682255,0.2761360804398387,-0.14197637783546038,-0.04590135158430992,-0.7037921989037436,0.0000,1.0000,0.2000,9.148
2026-04-26 18:47:54.766,577,0.1750347379339668,0.27608424547625193,-0.14192001174848823,-0.04581428735015937,-0.7037634923792417,0.0000,0.7500,0.2000,10.363
2026-04-26 18:47:54.766,578,0.175160026858835,0.2760324253360694,-0.14186360101340947,-0.0457271301512235,-0.703734707663721,0.0000,1.0000,0.2500,11.046
2026-04-26 18:47:54.781,579,0.1752849395506911,0.27598068482453636,-0.1418071780440554,-0.0456399123563953,-0.7037058451603583,0.0000,1.0000,0.3500,9.307
2026-04-26 18:47:54.797,580,0.17540963918082844,0.27592895976992704,-0.14175068010301636,-0.045552540521413554,-0.7036768746036953,0.0000,1.0000,0.2000,8.566
2026-04-26 18:47:54.803,581,0.175533961846479,0.2758773227999494,-0.14169419120790322,-0.0454651463131709,-0.7036478440777864,0.0000,1.0000,0.3000,9.170
2026-04-26 18:47:54.824,582,0.17565786938094347,0.27582577715263523,-0.1416376941670526,-0.045377693675666686,-0.7036187351465449,0.0000,1.0000,-0.0500,11.150
2026-04-26 18:47:54.831,583,0.17578154817390243,0.2757742763589398,-0.14158118894657978,-0.045290205722800556,-0.7035895713795827,0.0000,1.0000,0.1000,12.601
2026-04-26 18:47:54.846,584,0.17590476660992024,0.2757229073797651,-0.14152475266135703,-0.045202793151805726,-0.7035603867747602,0.0000,1.0000,0.3000,9.726
2026-04-26 18:47:54.858,585,0.17602770479283186,0.2756715992193949,-0.14146831569368024,-0.04511535217385264,-0.7035311475702192,0.0000,0.6500,-0.0500,8.480
2026-04-26 18:47:54.866,586,0.17615038204960623,0.2756203418501742,-0.1414118638282402,-0.04502785932164008,-0.703501844917096,0.0000,1.0000,0.3000,10.791
2026-04-26 18:47:54.971,587,0.1762728546394917,0.2755691158118371,-0.1413553823230109,-0.044940294791496325,-0.7034724741508261,0.0000,1.0000,0.1000,9.662
2026-04-26 18:47:54.978,588,0.17639502045016425,0.2755179469597824,-0.1412988717020033,-0.044852646654737614,-0.7034430232098399,0.0000,1.0000,0.3000,9.533
2026-04-26 18:47:54.985,589,0.17651688559136908,0.2754668380863829,-0.14124234314110418,-0.04476493581867975,-0.7034135022108245,0.0000,0.9000,0.0000,9.034
2026-04-26 18:47:54.999,590,0.17663844228255757,0.27541578754112894,-0.14118578671347173,-0.04467714320734688,-0.7033839023841254,0.0000,1.0000,0.0500,9.696
2026-04-26 18:47:55.006,591,0.17675970794891063,0.27536480408511865,-0.14112923706544836,-0.04458933368604074,-0.7033542543224889,0.0000,1.0000,0.0000,8.048
2026-04-26 18:47:55.013,592,0.17688071383640286,0.27531385806938136,-0.14107263563538916,-0.04450140490982545,-0.7033245146108044,0.0000,1.0000,0.1500,9.857
2026-04-26 18:47:55.026,593,0.17700150123872718,0.27526293799254103,-0.14101597895863968,-0.044413355654640586,-0.7032946858523235,0.0000,1.0000,0.0000,8.592
2026-04-26 18:47:55.033,594,0.17712199354487357,0.27521207089371513,-0.14095928774691086,-0.04432521377959141,-0.7032647755516582,0.0000,1.0000,0.0000,10.771
2026-04-26 18:47:55.040,595,0.17724221826547765,0.27516124722847707,-0.1409025545750057,-0.044236969162410704,-0.7032347813635981,0.0000,1.0000,0.2000,8.143
2026-04-26 18:47:55.047,596,0.17736211951629494,0.2751105118581754,-0.14084586150791487,-0.04414876345898033,-0.7032047632256156,0.0000,0.8000,0.1500,10.039
2026-04-26 18:47:55.061,597,0.1774818003850602,0.27505981591602746,-0.14078914665490172,-0.04406049727844446,-0.7031746839789746,0.0000,1.0000,0.4000,12.130
2026-04-26 18:47:55.070,598,0.17760133633701,0.275009117111721,-0.14073234725205247,-0.043972066195999374,-0.7031445022990473,0.0000,1.0000,0.1500,8.089
2026-04-26 18:47:55.078,599,0.17772061888153712,0.2749584499995998,-0.1406754828218055,-0.0438834919378497,-0.7031142207208182,0.0000,1.0000,0.1500,13.973
2026-04-26 18:47:55.085,600,0.1778396392498778,0.27490783630788285,-0.1406186051692597,-0.04379486720920597,-0.7030838804706486,0.0000,1.0000,0.1500,9.026
2026-04-26 18:47:55.094,601,0.17795839781225206,0.2748572752276728,-0.14056171209755755,-0.04370618798053728,-0.7030534800372216,0.0000,1.0000,0.1500,7.794
2026-04-26 18:47:55.103,602,0.17807687640306044,0.2748067740317038,-0.14050481060794515,-0.043617464578308104,-0.7030230230622911,0.0000,1.0000,0.0000,9.294
2026-04-26 18:47:55.111,603,0.17819518005043536,0.27475630466155077,-0.14044789561863325,-0.04352870082908678,-0.7029925187660028,0.0000,1.0000,0.1000,8.977
2026-04-26 18:47:55.119,604,0.1783132888618023,0.27470586371803307,-0.14039094452951753,-0.04343985319377528,-0.7029619465164737,0.0000,1.0000,0.0500,8.010
2026-04-26 18:47:55.128,605,0.1784312514020152,0.27465543473120047,-0.14033394552750245,-0.04335090624325507,-0.7029313030001854,0.0000,1.0000,0.2000,10.333
2026-04-26 18:47:55.136,606,0.17854905171708763,0.27460502102852463,-0.1402768965841041,-0.04326185421948858,-0.7029005847855507,0.0000,1.0000,0.1000,9.194
2026-04-26 18:47:55.145,607,0.1786666747203731,0.274554628528933,-0.14021980316360033,-0.04317270505479373,-0.7028697946341071,0.0000,1.0000,0.0500,9.319
2026-04-26 18:47:55.154,608,0.17878407955584533,0.2745042694507699,-0.14016267035305405,-0.04308346277790179,-0.7028389317766178,0.0000,1.0000,0.0000,8.795
2026-04-26 18:47:55.164,609,0.1789012665810137,0.27445395779829446,-0.1401055354815252,-0.04299419500912418,-0.7028080267890925,0.0000,1.0000,0.2000,12.023
2026-04-26 18:47:55.173,610,0.17901826475136884,0.2744036975263106,-0.14004842814865748,-0.042904958935202304,-0.7027771075391159,0.0000,0.8000,0.2000,7.883
2026-04-26 18:47:55.182,611,0.17913507180905555,0.2743534653413665,-0.13999128448693393,-0.0428156384332116,-0.7027461220475603,0.0000,1.0000,0.0500,8.474
2026-04-26 18:47:55.192,612,0.17925167380708396,0.2743032745648211,-0.13993413047927303,-0.042726278774212104,-0.7027150898747024,0.0000,0.9000,0.0500,10.329
2026-04-26 18:47:55.201,613,0.17936811083908608,0.2742531120851533,-0.1398769576516348,-0.04263686953229841,-0.7026840093367305,0.0000,0.8500,-0.0500,8.260
2026-04-26 18:47:55.210,614,0.1794843672093027,0.27420296314286763,-0.13981971594603995,-0.04254731793817748,-0.7026528379863634,0.0000,1.0000,0.0500,9.053
2026-04-26 18:47:55.221,615,0.17960037958187033,0.2741528733894357,-0.13976248464388386,-0.042457759696318244,-0.7026216325067468,0.0000,0.8000,0.1000,8.612
2026-04-26 18:47:55.228,616,0.17971613401870623,0.274102841898413,-0.13970525175411833,-0.04236817125574951,-0.7025903815941289,0.0000,1.0000,-0.1000,9.282
2026-04-26 18:47:55.238,617,0.1798317620532385,0.2740528253214535,-0.1396479891450596,-0.04227851799566102,-0.7025590790117117,0.0000,1.0000,0.0000,9.414
2026-04-26 18:47:55.247,618,0.17994715257965163,0.27400285876950864,-0.13959071615369678,-0.04218882100341375,-0.7025277267584106,0.0000,1.0000,0.0000,10.736
2026-04-26 18:47:55.257,619,0.18006240516762045,0.2739529057220871,-0.13953340155348995,-0.042099036055499243,-0.7024963120820725,0.0000,1.0000,0.0500,7.811
2026-04-26 18:47:55.266,620,0.18017752225029865,0.2739029775125908,-0.139476076973876,-0.04200922071387607,-0.7024648611563623,0.0000,1.0000,0.2000,12.047
2026-04-26 18:47:55.275,621,0.18029236187735542,0.27385310847331595,-0.13941873912224606,-0.04191935119741732,-0.702433353730288,0.0000,0.9500,-0.0500,10.060
2026-04-26 18:47:55.284,622,0.18040698543692246,0.27380328812058413,-0.13936140075887837,-0.041829458239204115,-0.7024018080106158,0.0000,1.0000,0.1500,11.471
2026-04-26 18:47:55.294,623,0.1805215104583187,0.2737534590207996,-0.13930398687485987,-0.04173942050933327,-0.7023701779068091,0.0000,0.8000,-0.1500,8.781
2026-04-26 18:47:55.301,624,0.18063579748140698,0.27370368891801566,-0.13924658494512038,-0.041649379057196075,-0.7023385172203264,0.0000,1.0000,0.1500,10.095
2026-04-26 18:47:55.312,625,0.1807499181280668,0.27365393474926175,-0.13918912768357444,-0.041559220814091684,-0.7023067803921441,0.0000,1.0000,0.0000,9.242
2026-04-26 18:47:55.320,626,0.18086391819327757,0.2736041818293756,-0.13913160626334944,-0.04146893544126117,-0.7022749661306141,0.0000,0.7000,-0.2000,6.836
2026-04-26 18:47:55.331,627,0.1809778192205134,0.27355442002734637,-0.1390740078372528,-0.04137850228264378,-0.7022430668438029,0.0000,1.0000,-0.0500,9.414
2026-04-26 18:47:55.341,628,0.18109160226983698,0.27350464336723285,-0.1390163036522393,-0.04128786679334641,-0.7022110569535428,0.0000,1.0000,0.0000,9.923
2026-04-26 18:47:55.351,629,0.18120523783540818,0.27345485911328676,-0.1389584932213679,-0.041197024340989416,-0.7021789325248706,0.0000,1.0000,0.1000,11.811
2026-04-26 18:47:55.361,630,0.18131881523459834,0.27340506032904993,-0.1389006174074282,-0.04110606009340497,-0.7021467380701472,0.0000,0.8000,0.0500,9.940
2026-04-26 18:47:55.368,631,0.18143239002431177,0.27335520978229155,-0.1388426137802781,-0.041014867780837835,-0.7021144299539676,0.0000,1.0000,0.2000,11.967
2026-04-26 18:47:55.379,632,0.18154582604957875,0.27330535850846627,-0.13878452748508593,-0.040923512150694716,-0.7020820279797155,0.0000,1.0000,-0.0500,8.024
2026-04-26 18:47:55.390,633,0.18165923286732782,0.2732554753352425,-0.1387263482568802,-0.04083198823437378,-0.7020495376418887,0.0000,1.0000,0.5500,10.360
2026-04-26 18:47:55.399,634,0.1817726299553399,0.27320555838538446,-0.1386680839008299,-0.0407403125563787,-0.702016967854978,0.0000,0.7000,0.1000,9.604
2026-04-26 18:47:55.410,635,0.18188597707833107,0.2731556106011522,-0.1386097152679942,-0.04064844532361225,-0.7019842981670559,0.0000,1.0000,0.0000,8.325
2026-04-26 18:47:55.419,636,0.18199930036649464,0.2731056363511462,-0.13855127125923014,-0.04055644212976413,-0.7019515554603002,0.0000,1.0000,0.1500,9.806
2026-04-26 18:47:55.430,637,0.18211256387101765,0.27305564967402574,-0.1384927651787465,-0.04046432254055393,-0.7019187461827271,0.0000,1.0000,-0.0500,7.827
2026-04-26 18:47:55.441,638,0.18222577545900195,0.27300565588531406,-0.13843421628216152,-0.04037212238643869,-0.701885887092883,0.0000,0.8000,0.0000,7.310
2026-04-26 18:47:55.450,639,0.18233896733370092,0.27295562466012235,-0.13837556501055318,-0.04027973768934625,-0.7018529339525699,0.0000,1.0000,0.1500,11.599
2026-04-26 18:47:55.456,640,0.18245212268592656,0.272905541247477,-0.13831676066289963,-0.04018707440038731,-0.7018198435921579,0.0000,1.0000,-0.2000,8.988
2026-04-26 18:47:55.470,641,0.18256515802524365,0.27285544444625676,-0.13825785088600515,-0.040094208391733575,-0.7017866444125785,0.0000,1.0000,0.2500,7.199
2026-04-26 18:47:55.482,642,0.18267811054291355,0.2728053211389726,-0.13819882533984,-0.04000112552040255,-0.7017533327838099,0.0000,0.9500,0.0500,8.360
2026-04-26 18:47:55.494,643,0.1827910469433656,0.2727551637668912,-0.13813970818548132,-0.039907877866572794,-0.7017199367952901,0.0000,1.0000,0.0500,10.576
2026-04-26 18:47:55.498,644,0.18290394932543833,0.2727049698628129,-0.13808048075998142,-0.03981442931692627,-0.7016864391644305,0.0000,1.0000,0.3000,11.869
2026-04-26 18:47:55.514,645,0.18301678614197234,0.27265475159374086,-0.13802115432984582,-0.03972079630026557,-0.7016528452187931,0.0000,1.0000,0.0000,9.887
2026-04-26 18:47:55.523,646,0.18312956077042616,0.272604509278953,-0.13796173185293578,-0.039626984552277734,-0.7016191578989898,0.0000,1.0000,0.2500,9.655
2026-04-26 18:47:55.534,647,0.1832422614844183,0.2725542500659289,-0.13790222442860126,-0.0395330126778325,-0.7015853848708843,0.0000,1.0000,0.2500,7.849
2026-04-26 18:47:55.545,648,0.1833549145780951,0.27250397454284564,-0.13784265101388268,-0.03943891827713306,-0.7015515449355786,0.0000,0.9500,0.0500,8.224
2026-04-26 18:47:55.555,649,0.18346749031908297,0.27245368446269946,-0.13778299632310462,-0.039344669882838156,-0.7015176220669769,0.0000,1.0000,0.2500,11.532
2026-04-26 18:47:55.568,650,0.18358008180264154,0.2724033507820924,-0.13772324483404372,-0.03925025095300021,-0.7014836153985912,0.0000,1.0000,0.4500,13.101
2026-04-26 18:47:55.577,651,0.18369276406596302,0.2723529512772342,-0.13766338717343565,-0.03915565383407377,-0.7014495268010783,0.0000,1.0000,0.3000,11.083
2026-04-26 18:47:55.590,652,0.18380551074054288,0.27230250512926174,-0.13760345677937655,-0.03906093579305447,-0.7014153802520116,0.0000,1.0000,0.3000,8.832
2026-04-26 18:47:55.603,653,0.1839182697108631,0.27225202092673784,-0.13754344168041155,-0.03896606857440244,-0.7013811596137495,0.0000,1.0000,0.2000,9.700
2026-04-26 18:47:55.614,654,0.1840310196523249,0.2722014901160754,-0.13748330472192485,-0.03887098212760608,-0.7013468321346434,0.0000,1.0000,-0.1000,11.602
2026-04-26 18:47:55.627,655,0.18414379331300915,0.27215090386373575,-0.1374230440531459,-0.038775677150091094,-0.701312400504973,0.0000,1.0000,0.3500,11.595
2026-04-26 18:47:55.639,656,0.18425657507943236,0.27210027943815257,-0.13736269518942185,-0.03868021602079956,-0.7012778917282851,0.0000,1.0000,0.0500,8.636
2026-04-26 18:47:55.648,657,0.18436941655440556,0.2720496015648029,-0.13730225167761725,-0.03858459345344971,-0.7012433071092863,0.0000,1.0000,-0.1000,10.789
2026-04-26 18:47:55.662,658,0.18448231505772122,0.27199886134532697,-0.13724168788086374,-0.03848876260647141,-0.7012086255790597,0.0000,1.0000,0.0000,11.086
2026-04-26 18:47:55.670,659,0.18459525017910927,0.2719480760734759,-0.13718103618969682,-0.038392779597301994,-0.7011738709982555,0.0000,1.0000,0.0500,9.326
2026-04-26 18:47:55.683,660,0.18470832253083547,0.2718972297259586,-0.13712032083268613,-0.038296700878219576,-0.7011390757223239,0.0000,1.0000,0.2500,8.663
2026-04-26 18:47:55.695,661,0.18482153436182913,0.2718463211690598,-0.13705954017014155,-0.03820052372044241,-0.7011042387919395,0.0000,1.0000,0.0500,8.599
2026-04-26 18:47:55.704,662,0.18493485932257275,0.2717953503739682,-0.1369986764448881,-0.03810421260801101,-0.701069342576137,0.0000,1.0000,0.2500,9.152
2026-04-26 18:47:55.715,663,0.18504822659614903,0.2717443354595503,-0.13693773065033576,-0.03800776045253699,-0.7010343791190201,0.0000,1.0000,0.2000,10.740
2026-04-26 18:47:55.724,664,0.18516164392360496,0.2716932751906428,-0.1368767045428082,-0.03791117136871099,-0.7009993509029694,0.0000,1.0000,0.0000,9.980
2026-04-26 18:47:55.727,665,0.18527509568147887,0.2716421839073089,-0.1368156258378867,-0.037814493602358716,-0.7009642785803826,0.0000,1.0000,-0.1000,7.453
2026-04-26 18:47:55.742,666,0.18538856340950852,0.2715910673805342,-0.13675449751071275,-0.0377177302031946,-0.7009291623461538,0.0000,0.9500,0.1000,6.551
2026-04-26 18:47:55.755,667,0.1855020644430875,0.27153993020071754,-0.1366933432535768,-0.037620926245750454,-0.7008940237010405,0.0000,1.0000,0.5000,13.387
2026-04-26 18:47:55.758,668,0.18561558152422483,0.2714887727523905,-0.13663215248245214,-0.037524060355080345,-0.7008588519708621,0.0000,1.0000,0.2500,9.649
2026-04-26 18:47:55.774,669,0.18572907116347184,0.2714376034106245,-0.13657091843534194,-0.03742711480524739,-0.7008236363066658,0.0000,0.8500,-0.1500,8.166
2026-04-26 18:47:55.790,670,0.18584256593211204,0.27138641018686954,-0.13650963075595168,-0.037330074863746246,-0.7007883724455035,0.0000,0.9500,0.1000,11.103
2026-04-26 18:47:55.790,671,0.18595615638550683,0.2713351802106862,-0.1364483153938493,-0.03723299885095399,-0.700753092869748,0.0000,1.0000,0.3500,10.139
2026-04-26 18:47:55.806,672,0.18606980076526236,0.2712839319146029,-0.13638699356550563,-0.03713591996977931,-0.7007178096757273,0.0000,1.0000,0.4000,8.319
2026-04-26 18:47:55.806,673,0.1861834537665996,0.2712326653669398,-0.13632563515338292,-0.037038777937424404,-0.7006824928064233,0.0000,1.0000,0.1500,10.921
2026-04-26 18:47:55.821,674,0.1862970942950834,0.27118138092223215,-0.13626422694486118,-0.03694154613802285,-0.7006471289652078,0.0000,1.0000,0.3000,15.040
2026-04-26 18:47:55.837,675,0.18641082597847194,0.2711300816491264,-0.13620284611450537,-0.036844377373222846,-0.7006117938841829,0.0000,1.0000,0.2000,9.497
2026-04-26 18:47:55.853,676,0.18652457039567424,0.27107875483549926,-0.13614140639033337,-0.03674710544216079,-0.7005764077379109,0.0000,1.0000,0.0000,7.364
2026-04-26 18:47:55.856,677,0.18663833882586864,0.27102740253750923,-0.13607992068401129,-0.03664975512732299,-0.7005409824991039,0.0000,1.0000,0.1500,9.022
2026-04-26 18:47:55.869,678,0.18675214317935496,0.27097601868465804,-0.13601838065823127,-0.0365523127767677,-0.7005055129534917,0.0000,1.0000,0.1000,10.804
2026-04-26 18:47:55.869,679,0.18686596542999673,0.27092461318211764,-0.1359568006211911,-0.03645480204191801,-0.7004700085431579,0.0000,0.8500,-0.1000,7.432
2026-04-26 18:47:55.884,680,0.18697973803084975,0.2708731930556028,-0.13589515418998704,-0.03635716663190844,-0.7004344394575159,0.0000,1.0000,0.1000,8.522
2026-04-26 18:47:55.900,681,0.18709349960747257,0.2708217619541149,-0.1358334767601173,-0.03625947550121688,-0.7003988393514602,0.0000,1.0000,0.1000,9.762
2026-04-26 18:47:55.900,682,0.1872072518007955,0.270770308749598,-0.13577173966645842,-0.036161676871786966,-0.7003631852065337,0.0000,1.0000,0.1000,11.357
2026-04-26 18:47:55.915,683,0.18732100702693724,0.270718843323229,-0.13570997745323055,-0.0360638348798107,-0.7003275067077672,0.0000,0.7500,-0.0500,8.734
2026-04-26 18:47:55.915,684,0.1874347812665461,0.2706673617912378,-0.1356481903357267,-0.03596595188627412,-0.7002918060925167,0.0000,1.0000,0.5000,12.626
2026-04-26 18:47:55.931,685,0.18754848857296155,0.2706158700821364,-0.1355863367450123,-0.03586794177773945,-0.700256038906567,0.0000,1.0000,0.2500,11.620
2026-04-26 18:47:55.956,686,0.18766218947701166,0.27056436348725915,-0.135524444399213,-0.03576986233364769,-0.7002202353001669,0.0000,1.0000,0.1000,9.458
2026-04-26 18:47:55.964,687,0.18777588070608553,0.27051284603377945,-0.13546252177758872,-0.03567172848795623,-0.7001844018156137,0.0000,1.0000,0.2500,10.868
2026-04-26 18:47:55.974,688,0.18788957250852348,0.2704613244001535,-0.13540059344462643,-0.035573586019599576,-0.7001485597536407,0.0000,0.9000,0.1000,11.612
2026-04-26 18:47:55.979,689,0.18800334343077596,0.2704097845799879,-0.13533867433844168,-0.035475471797356564,-0.7001127311299024,0.0000,1.0000,0.1000,8.560
2026-04-26 18:47:55.994,690,0.1881171448931274,0.27035822113999625,-0.13527671750912898,-0.03537729462756993,-0.7000768717843636,0.0000,1.0000,0.3000,9.779
2026-04-26 18:47:55.994,691,0.18823094262223644,0.27030663787698617,-0.13521471015906902,-0.035279027006265375,-0.7000409670931302,0.0000,1.0000,0.2500,10.186
2026-04-26 18:47:56.010,692,0.18834469044840035,0.2702550349554567,-0.13515262187468222,-0.03518060801385717,-0.7000049866314199,0.0000,1.0000,-0.1500,10.682
2026-04-26 18:47:56.026,693,0.18845846029597574,0.27020340295188283,-0.13509047540478406,-0.035082087849714505,-0.6999689579297916,0.0000,1.0000,0.0500,9.070
2026-04-26 18:47:56.041,694,0.18857225460006977,0.2701517401439677,-0.13502826770970303,-0.03498346128576868,-0.699932878878654,0.0000,1.0000,0.0500,11.267
2026-04-26 18:47:56.050,695,0.18868608147312554,0.27010004375189633,-0.13496599671566376,-0.03488472555465063,-0.6998967488620363,0.0000,1.0000,0.2000,10.187
2026-04-26 18:47:56.065,696,0.18879996827624027,0.27004831055651934,-0.1349036720108071,-0.03478590143263673,-0.6998605791445334,0.0000,1.0000,0.0500,12.079
2026-04-26 18:47:56.073,697,0.18891393777971138,0.269996541589137,-0.13484131145829598,-0.0346870241209664,-0.6998243871395337,0.0000,1.0000,-0.0500,7.033
2026-04-26 18:47:56.080,698,0.1890279681698226,0.26994473657449647,-0.13477889971548346,-0.03458806306267751,-0.6997881577069043,0.0000,1.0000,0.5500,12.845
2026-04-26 18:47:56.096,699,0.18914205968826858,0.26989289593323845,-0.1347164380000386,-0.03448902047363242,-0.6997518919179084,0.0000,1.0000,0.0500,7.170
2026-04-26 18:47:56.096,700,0.189256215547781,0.2698410222949709,-0.13465393540187845,-0.034389913209843276,-0.6997155976106147,0.0000,1.0000,0.1000,8.643
2026-04-26 18:47:56.112,701,0.18937039791859347,0.2697891177675877,-0.13459137225897996,-0.03429070088443435,-0.6996792541310646,0.0000,1.0000,0.2000,10.415
2026-04-26 18:47:56.127,702,0.189484612147457,0.2697371822676879,-0.13452875185116087,-0.03419139008999205,-0.6996428648618572,0.0000,0.9500,-0.0500,6.426
2026-04-26 18:47:56.269,703,0.18959883464100796,0.26968522291170843,-0.134466077365331,-0.03409198363349934,-0.699606429491849,0.0000,1.0000,0.2000,9.731
2026-04-26 18:47:56.284,704,0.18971302880272595,0.2696332441814574,-0.134403336294872,-0.033992454252326464,-0.69956993333278,0.0000,1.0000,0.0000,11.046
2026-04-26 18:47:56.284,705,0.18982726545960102,0.26958123708460807,-0.1343405518187196,-0.033892852792146676,-0.6995334041181227,0.0000,1.0000,0.2500,10.397
2026-04-26 18:47:56.300,706,0.18994158675968872,0.2695292030637556,-0.1342777558238711,-0.033793242297420735,-0.6994968730710748,0.0000,1.0000,0.2000,6.056
2026-04-26 18:47:56.304,707,0.19005598144626082,0.2694771395050682,-0.1342149337778751,-0.0336935950020491,-0.6994603270227363,0.0000,0.8000,0.0000,10.590
2026-04-26 18:47:56.316,708,0.19017035574042002,0.26942505285598234,-0.13415204029774946,-0.03359381690835826,-0.6994237174221927,0.0000,1.0000,0.1500,10.524
2026-04-26 18:47:56.332,709,0.19028473659975098,0.2693729417831778,-0.13408908974366845,-0.033493937395485805,-0.6993870593512275,0.0000,1.0000,0.0500,9.349
2026-04-26 18:47:56.332,710,0.1903990861237512,0.26932081281395925,-0.13402607419958876,-0.0333939373599396,-0.6993503416842698,0.0000,1.0000,0.1500,11.555
2026-04-26 18:47:56.347,711,0.19051344439857495,0.2692686596476927,-0.1339630035335625,-0.03329383968050422,-0.6993135774930019,0.0000,1.0000,0.1500,7.930
2026-04-26 18:47:56.356,712,0.1906278123886297,0.26921649138151293,-0.13389990259400963,-0.033193689497930015,-0.6992767871297897,0.0000,1.0000,0.1000,7.988
2026-04-26 18:47:56.363,713,0.19074222204225386,0.26916430639531197,-0.13383678830679316,-0.033093521466587526,-0.6992399883822756,0.0000,1.0000,0.4500,9.445
2026-04-26 18:47:56.363,714,0.19085663127855212,0.26911209981997575,-0.13377361958172845,-0.03299325583336641,-0.699203142645782,0.0000,1.0000,0.2000,8.843
2026-04-26 18:47:56.379,715,0.19097102850150377,0.26905987715221646,-0.13371040329486347,-0.03289290359481764,-0.699166254098186,0.0000,0.8500,0.1500,9.403
2026-04-26 18:47:56.394,716,0.19108541120772665,0.269007637239194,-0.1336471346526329,-0.03279245573314975,-0.6991293185717752,0.0000,1.0000,-0.1500,7.414
2026-04-26 18:47:56.394,717,0.1911997341908299,0.26895537712157846,-0.1335837755762491,-0.03269183756347771,-0.6990922995161181,0.0000,1.0000,0.1000,9.865
2026-04-26 18:47:56.410,718,0.19131401944477816,0.2689031087917707,-0.13352037265918834,-0.032591136269683525,-0.6990552375764513,0.0000,0.8500,-0.0500,5.271
2026-04-26 18:47:56.410,719,0.19142832253268327,0.2688508315075442,-0.1334569609160852,-0.032490422245382615,-0.6990181681857641,0.0000,1.0000,0.1000,11.420
2026-04-26 18:47:56.426,720,0.19154256842125464,0.268798544707493,-0.13339348878021687,-0.03238959263116683,-0.6989810401045696,0.0000,1.0000,0.1500,10.048
2026-04-26 18:47:56.426,721,0.19165684195216107,0.2687462446901026,-0.13333000289525582,-0.03228874255857273,-0.6989439018731323,0.0000,1.0000,0.5000,10.743
2026-04-26 18:47:56.441,722,0.19177111411777054,0.26869393155796656,-0.13326648415032954,-0.03218783374809153,-0.6989067343744301,0.0000,0.9500,0.0500,7.671
2026-04-26 18:47:56.457,723,0.1918853099655505,0.2686416106752258,-0.13320289683611566,-0.03208679209263788,-0.6988694992615403,0.0000,1.0000,0.0000,9.091
2026-04-26 18:47:56.457,724,0.19199945472251245,0.2685892839038821,-0.13313926269129658,-0.0319856601323013,-0.6988322173859475,0.0000,0.8000,-0.2000,9.134
2026-04-26 18:47:56.473,725,0.19211360914431608,0.2685369546727147,-0.13307563131906355,-0.031884535352894226,-0.6987949366795992,0.0000,1.0000,0.0500,10.774
2026-04-26 18:47:56.473,726,0.1922277514436311,0.2684846246095031,-0.13301199249194182,-0.031783396479489655,-0.6987576461436299,0.0000,0.7000,-0.2500,5.615
2026-04-26 18:47:56.489,727,0.1923419019502799,0.268432284244506,-0.13294833446781928,-0.031682224756737806,-0.6987203388126594,0.0000,1.0000,0.0500,7.667
2026-04-26 18:47:56.489,728,0.19245606163855844,0.26837994674255583,-0.13288469296040362,-0.03158108502373125,-0.6986830438592124,0.0000,0.8500,0.0000,8.163
2026-04-26 18:47:56.504,729,0.19257017878711513,0.2683276119657979,-0.13282103307976867,-0.03147990756372728,-0.6986457265029051,0.0000,1.0000,-0.1000,6.342
2026-04-26 18:47:56.520,730,0.19268428227104192,0.2682752596598195,-0.13275732002341745,-0.03137863289320768,-0.6986083621084526,0.0000,1.0000,0.1500,8.427
2026-04-26 18:47:56.520,731,0.19279842636574726,0.26822290180838015,-0.13269362189146797,-0.031277391214884175,-0.6985710128234986,0.0000,1.0000,0.3000,11.342
2026-04-26 18:47:56.536,732,0.19291254722241855,0.2681705432691008,-0.13262990903212452,-0.031176120790794862,-0.6985336466062516,0.0000,1.0000,0.1500,9.203
2026-04-26 18:47:56.551,733,0.19302669054990335,0.268118177304136,-0.13256619391138127,-0.03107484991637433,-0.6984962793298606,0.0000,1.0000,0.4500,10.401
2026-04-26 18:47:56.557,734,0.19314079239066606,0.26806579946811093,-0.13250242199815004,-0.0309734717467392,-0.6984588587235837,0.0000,1.0000,0.2500,13.771
2026-04-26 18:47:56.567,735,0.19325498928837984,0.26801340900327936,-0.1324386822630672,-0.03087216459672192,-0.6984214741740243,0.0000,1.0000,0.0500,8.739
2026-04-26 18:47:56.567,736,0.1933692814460834,0.2679610044017168,-0.132374970783105,-0.030770921368995393,-0.6983841225486545,0.0000,1.0000,0.4500,10.324
2026-04-26 18:47:56.583,737,0.19348361235307054,0.2679085767359328,-0.13231122604112217,-0.03066962348786703,-0.6983467468300675,0.0000,1.0000,0.2000,9.044
2026-04-26 18:47:56.598,738,0.19359806235317867,0.26785612404387493,-0.13224749633139102,-0.03056836851782986,-0.6983093963290116,0.0000,1.0000,0.0000,7.228
2026-04-26 18:47:56.598,739,0.19371253741678793,0.2678036437864694,-0.13218371216103172,-0.030467018737659248,-0.6982720028570617,0.0000,1.0000,-0.0500,9.837
2026-04-26 18:47:56.614,740,0.19382702180189681,0.2677511480299001,-0.13211989517679718,-0.030365611402842385,-0.6982345820622728,0.0000,1.0000,0.2000,9.319
2026-04-26 18:47:56.614,741,0.193941539521084,0.2676986277148112,-0.13205603719424786,-0.030264134669325257,-0.6981971303237616,0.0000,1.0000,0.0000,8.234
2026-04-26 18:47:56.630,742,0.19405613287787107,0.2676460692956058,-0.1319921302601145,-0.030162579398587696,-0.6981596464944272,0.0000,1.0000,-0.1000,8.174
2026-04-26 18:47:56.630,743,0.19417076269307543,0.267593494958231,-0.13192820738395244,-0.030061000512058567,-0.6981221525237208,0.0000,1.0000,0.5000,10.723
2026-04-26 18:47:56.645,744,0.1942855021632804,0.26754089852354596,-0.1318643008527631,-0.029959465668673333,-0.6980846838205906,0.0000,1.0000,0.0500,8.448
2026-04-26 18:47:56.657,745,0.19440021237208882,0.26748829039653416,-0.1318003457697204,-0.02985783986772005,-0.6980471703176099,0.0000,1.0000,0.1500,11.269
2026-04-26 18:47:56.661,746,0.1945148947671919,0.2674356732368991,-0.13173635016046545,-0.02975613782612945,-0.6980096187419801,0.0000,0.9000,-0.0500,10.737
2026-04-26 18:47:56.677,747,0.19462955204709656,0.2673830642939815,-0.1316723617906959,-0.029654446446194433,-0.6979720682656698,0.0000,1.0000,-0.1000,8.546
2026-04-26 18:47:56.677,748,0.19474419131119164,0.2673304452608614,-0.1316083365438088,-0.029552686643803346,-0.6979344839560133,0.0000,1.0000,0.0000,10.063
2026-04-26 18:47:56.693,749,0.19485879278329507,0.26727783271232747,-0.13154430540450984,-0.029450912096673148,-0.6978968885403418,0.0000,1.0000,0.1500,7.109
2026-04-26 18:47:56.693,750,0.19497329286636583,0.26722522716409747,-0.1314802273198687,-0.029349040436848606,-0.6978592407374358,0.0000,0.9500,-0.1000,8.388
2026-04-26 18:47:56.708,751,0.1950877845866694,0.26717260150805106,-0.1314160919893769,-0.02924706461320079,-0.697821543829973,0.0000,1.0000,0.0000,6.571
2026-04-26 18:47:56.708,752,0.1952022508071575,0.26711998364653744,-0.13135196236534735,-0.029145096575071427,-0.6977838468477809,0.0000,1.0000,0.2000,6.326
2026-04-26 18:47:56.724,753,0.1953167665850455,0.2670673424345958,-0.1312878054038812,-0.029043085803095274,-0.6977461323477001,0.0000,1.0000,0.1500,9.389
2026-04-26 18:47:56.724,754,0.1954312620538364,0.26701469142592776,-0.13122361064213645,-0.028941004590750302,-0.6977083831178726,0.0000,1.0000,0.2500,6.384
2026-04-26 18:47:56.739,755,0.19554576435939647,0.2669620306311689,-0.13115939617776298,-0.028838889124091195,-0.6976706172780481,0.0000,1.0000,0.3000,11.688
2026-04-26 18:47:56.757,756,0.195660243474169,0.26690936669050774,-0.13109515967202257,-0.028736731401678695,-0.6976328291964002,0.0000,1.0000,0.0500,10.477
2026-04-26 18:47:56.757,757,0.19577471944964464,0.2668567053545253,-0.13103092980033482,-0.028634585895251103,-0.6975950446996593,0.0000,0.9000,0.1000,7.014
2026-04-26 18:47:56.771,758,0.19588923807140649,0.2668040255638385,-0.13096668090135025,-0.02853241180804774,-0.6975572486823693,0.0000,1.0000,0.2500,8.466
2026-04-26 18:47:56.787,759,0.19600388141534308,0.26675132314027156,-0.13090245652421018,-0.02843029832374208,-0.6975194868085687,0.0000,0.9500,0.3500,7.068
2026-04-26 18:47:56.802,760,0.196118632730065,0.26669860261647294,-0.13083825756246298,-0.02832824495946511,-0.6974817577309034,0.0000,1.0000,0.1000,7.811
2026-04-26 18:47:56.805,761,0.19623341629174046,0.2666458753182669,-0.13077406371021982,-0.028226205436940197,-0.6974440355056131,0.0000,0.9000,0.2500,10.016
2026-04-26 18:47:56.818,762,0.1963482237394182,0.26659313123533934,-0.13070984267419303,-0.028124120171215877,-0.6974062928692322,0.0000,1.0000,0.1500,6.947
2026-04-26 18:47:56.818,763,0.19646309224732314,0.2665403564116946,-0.13064558199643853,-0.02802197122092176,-0.6973685243661094,0.0000,1.0000,-0.0500,8.494
2026-04-26 18:47:56.834,764,0.19657806558712276,0.26648756457104816,-0.13058134743024213,-0.02791988322734384,-0.6973307889116035,0.0000,1.0000,0.3500,8.145
2026-04-26 18:47:56.850,765,0.1966931467951358,0.2664347397788221,-0.13051709848357415,-0.027817783170335158,-0.6972930540045452,0.0000,1.0000,0.2000,10.897
2026-04-26 18:47:56.857,766,0.19680833130433575,0.2663818969647679,-0.13045287190074692,-0.02771573707031882,-0.6972553489475893,0.0000,1.0000,0.2500,11.376
2026-04-26 18:47:56.866,767,0.19692349103740317,0.26632903077115666,-0.13038856798628487,-0.02761354821193221,-0.6972175767469945,0.0000,0.8500,-0.3000,4.275
2026-04-26 18:47:56.866,768,0.1970386866683636,0.2662761449225358,-0.13032423709869564,-0.02751131544669008,-0.6971797859215213,0.0000,1.0000,0.1000,9.485
2026-04-26 18:47:56.881,769,0.19715383524379027,0.2662232392036093,-0.13025982333894737,-0.02740892708099827,-0.6971419207019749,0.0000,1.0000,0.2000,10.661
2026-04-26 18:47:56.897,770,0.1972689754299085,0.2661703290675309,-0.13019539367064853,-0.027306509312366174,-0.6971040403472428,0.0000,1.0000,0.0500,7.738
2026-04-26 18:47:56.897,771,0.1973841827053434,0.26611740019603797,-0.13013096020889778,-0.027204093527038658,-0.6970661641530832,0.0000,1.0000,0.0500,8.845
2026-04-26 18:47:56.913,772,0.19749925025935863,0.2660644864735147,-0.13006647541660743,-0.027101567705610664,-0.6970282276614214,0.0000,0.8500,-0.1000,6.914
2026-04-26 18:47:56.928,773,0.1976142888761361,0.2660115673805269,-0.13000195841011,-0.026998980337472417,-0.6969902602691943,0.0000,1.0000,0.1500,8.943
2026-04-26 18:47:56.928,774,0.19772934623427016,0.26595863483851395,-0.12993741941132897,-0.026896355902804064,-0.6969522762581796,0.0000,1.0000,0.3000,9.716
2026-04-26 18:47:56.944,775,0.19784448981481229,0.26590567132704707,-0.1298728566658253,-0.02679369965003912,-0.6969142826544177,0.0000,1.0000,0.4000,9.996
2026-04-26 18:47:56.960,776,0.19795965580074643,0.26585268003783713,-0.1298082361197975,-0.026690941872859836,-0.6968762438282131,0.0000,1.0000,0.0500,8.254
2026-04-26 18:47:56.960,777,0.198074847605673,0.2657996844793496,-0.1297436227181724,-0.026588200704070707,-0.6968382129899218,0.0000,0.8000,-0.0500,5.222
2026-04-26 18:47:56.976,778,0.19819015981803834,0.26574663386647046,-0.12967894407319647,-0.026485356757947342,-0.696800143163714,0.0000,1.0000,-0.0500,7.587
2026-04-26 18:47:56.976,779,0.19830553573802956,0.26569356206402334,-0.1296142526717396,-0.026382498073085306,-0.6967620699231244,0.0000,1.0000,0.2000,10.595
2026-04-26 18:47:56.991,780,0.1984209276449235,0.2656404742057105,-0.12954953037069988,-0.026279585793738004,-0.6967239725769901,0.0000,1.0000,0.2500,6.604
2026-04-26 18:47:57.007,781,0.19853635827046695,0.26558737762042717,-0.12948481184942376,-0.02617668561149951,-0.6966858821587185,0.0000,1.0000,0.4000,10.134
2026-04-26 18:47:57.022,782,0.19865169546603295,0.26553428187994876,-0.12942003451497236,-0.026073667551992943,-0.6966477313077137,0.0000,0.8500,-0.2000,12.460
2026-04-26 18:47:57.022,783,0.19876703362080858,0.2654811825314116,-0.12935524940085735,-0.025970635906101155,-0.6966095733018766,0.0000,0.9500,-0.0500,9.532
2026-04-26 18:47:57.038,784,0.1988824356709816,0.2654280522265224,-0.12929042551771983,-0.025867542366719315,-0.6965713908436828,0.0000,1.0000,0.0500,8.448
2026-04-26 18:47:57.055,785,0.1989978615969635,0.2653749114522621,-0.12922559080001855,-0.025764432556778828,-0.6965332016415233,0.0000,1.0000,0.0500,9.348
2026-04-26 18:47:57.058,786,0.1991133854722302,0.2653217301766237,-0.1291607145272205,-0.025661260048758818,-0.69649499000803,0.0000,1.0000,0.2000,8.257
2026-04-26 18:47:57.070,787,0.19922890372917404,0.26526854531915806,-0.12909582608915365,-0.025558065160118503,-0.6964567668901591,0.0000,1.0000,0.1000,9.609
2026-04-26 18:47:57.085,788,0.19934439157967176,0.26521536941927154,-0.12903094238184223,-0.025454875410818083,-0.6964185429308822,0.0000,1.0000,0.2500,10.279
2026-04-26 18:47:57.085,789,0.19945982244372873,0.2651621974687918,-0.12896603231344092,-0.025351631118903775,-0.6963802895588407,0.0000,1.0000,0.2000,12.195
2026-04-26 18:47:57.101,790,0.19957517872546857,0.265109027678682,-0.12890107936612866,-0.025248300140937895,-0.6963419911668864,0.0000,1.0000,0.1500,9.969
2026-04-26 18:47:57.101,791,0.19969038342115772,0.2650558897733284,-0.12883611145288845,-0.025144923438414,-0.6963036608217216,0.0000,0.9500,-0.0500,11.244
2026-04-26 18:47:57.120,792,0.19980550590840415,0.2650027778018699,-0.1287711589405149,-0.025041564718106615,-0.6962653318812448,0.0000,1.0000,0.3500,10.090
2026-04-26 18:47:57.136,793,0.19992065820829397,0.2649496483052585,-0.12870618060319555,-0.0249381632557034,-0.6962269848646062,0.0000,1.0000,-0.0500,8.986
2026-04-26 18:47:57.143,794,0.20003584185312967,0.2648965008926392,-0.12864117640467995,-0.02483471917195272,-0.6961886199461896,0.0000,1.0000,0.1500,9.771
2026-04-26 18:47:57.150,795,0.2001510189421068,0.26484332534298805,-0.1285760938064283,-0.024731132498141295,-0.6961501897129461,0.0000,1.0000,0.2500,10.561
2026-04-26 18:47:57.158,796,0.20026631835815306,0.26479012046248773,-0.1285110155318358,-0.02462756927585478,-0.6961117774999336,0.0000,1.0000,0.0500,7.717
2026-04-26 18:47:57.171,797,0.20038164962595473,0.26473692156635387,-0.12844597542311678,-0.024524079529832255,-0.6960733995062913,0.0000,0.8500,0.1500,9.142
2026-04-26 18:47:57.185,798,0.2004969387812538,0.264683737069149,-0.12838094659500351,-0.0244206052802065,-0.6960350246537852,0.0000,0.8000,0.1000,9.730
2026-04-26 18:47:57.192,799,0.20061219856483453,0.2646305365159509,-0.12831585631384929,-0.024317016285125455,-0.6959965954503297,0.0000,1.0000,-0.1000,8.535
2026-04-26 18:47:57.199,800,0.2007274763073631,0.264577322273959,-0.12825074243180196,-0.024213387063295684,-0.6959581485783615,0.0000,1.0000,-0.0500,10.242
2026-04-26 18:47:57.206,801,0.2008427428636718,0.2645241092758549,-0.12818562532528507,-0.024109750899263926,-0.6959196969616436,0.0000,1.0000,0.0500,10.681
2026-04-26 18:47:57.220,802,0.20095806563553195,0.2644708702600029,-0.12812047721737815,-0.024006065868076742,-0.6958812264675484,0.0000,1.0000,-0.0500,9.957
2026-04-26 18:47:57.234,803,0.20107344730631355,0.26441761423167487,-0.12805532389751922,-0.02390237904407309,-0.6958427583961508,0.0000,1.0000,0.1500,9.799
2026-04-26 18:47:57.240,804,0.201188895700082,0.2643643354449134,-0.1279901552458682,-0.02379867305867871,-0.6958042855136636,0.0000,1.0000,0.3000,7.189
2026-04-26 18:47:57.247,805,0.20130432971238552,0.26431102745251195,-0.12792489998710935,-0.023694808583020737,-0.6957657397812517,0.0000,1.0000,0.2500,10.995
2026-04-26 18:47:57.258,806,0.20141987497527333,0.26425769252141834,-0.1278596479082026,-0.02359096405572818,-0.6957272098650857,0.0000,1.0000,0.2000,10.173
2026-04-26 18:47:57.268,807,0.2015353407568229,0.2642043486115843,-0.1277943197349979,-0.023486971946735397,-0.6956886075235342,0.0000,1.0000,0.1500,14.000
2026-04-26 18:47:57.282,808,0.20165082467131532,0.26415098880999216,-0.12772896209642037,-0.02338292896863844,-0.6956499828543379,0.0000,1.0000,0.4500,12.996
2026-04-26 18:47:57.289,809,0.2017661599275827,0.26409765598761553,-0.12766357810859416,-0.023278819916462405,-0.6956113175502563,0.0000,0.9500,-0.0500,9.353
2026-04-26 18:47:57.305,810,0.20188163686049132,0.2640442724743749,-0.12759815419570975,-0.023174656471917666,-0.6955726368824602,0.0000,1.0000,0.1000,9.340
2026-04-26 18:47:57.323,811,0.20199715384578643,0.2639908749335897,-0.12753272036512348,-0.023070480316372446,-0.6955339525384074,0.0000,1.0000,0.3500,12.706
2026-04-26 18:47:57.329,812,0.20211274034330737,0.26393745139668195,-0.1274672643287081,-0.02296627285620176,-0.6954952582258448,0.0000,1.0000,0.4500,10.631
2026-04-26 18:47:57.352,813,0.2022283365072985,0.2638840023432231,-0.12740174745651503,-0.02286195659008812,-0.695456515086449,0.0000,1.0000,0.2500,11.804
2026-04-26 18:47:57.359,814,0.20234387285570063,0.2638305790820166,-0.12733626023918665,-0.02275768684330456,-0.6954177879677007,0.0000,1.0000,0.1500,10.435
2026-04-26 18:47:57.518,815,0.202459560370552,0.26377708776427783,-0.12727069305670058,-0.022653291298612755,-0.6953790141850412,0.0000,1.0000,0.2000,9.542
2026-04-26 18:47:57.531,816,0.20257521069702983,0.2637236043833665,-0.1272051229770151,-0.02254888609368723,-0.6953402328206543,0.0000,1.0000,0.0500,7.998
2026-04-26 18:47:57.539,817,0.2026909970614815,0.26367006984662494,-0.12713950789298847,-0.022444416559034622,-0.6953014313244685,0.0000,1.0000,0.2500,11.085
2026-04-26 18:47:57.546,818,0.20280679936096085,0.26361650192529007,-0.12707381511516672,-0.02233980842861301,-0.6952625681319923,0.0000,0.9000,-0.1000,10.425
2026-04-26 18:47:57.556,819,0.2029226407913265,0.26356290300186475,-0.12700806645016993,-0.022235104122918254,-0.6952236638690161,0.0000,1.0000,0.2000,10.836
2026-04-26 18:47:57.559,820,0.2030384826720013,0.26350930016998,-0.12694230835016235,-0.02213038299799281,-0.6951847514511542,0.0000,1.0000,0.5500,12.401
2026-04-26 18:47:57.573,821,0.20315443268405567,0.26345563960448604,-0.12687646905848152,-0.02202552845163825,-0.6951457860444307,0.0000,1.0000,0.2500,12.677
2026-04-26 18:47:57.580,822,0.20327043190853855,0.2634019698633064,-0.12681063877346718,-0.02192069660014562,-0.6951068335781833,0.0000,0.9500,0.0500,8.716
2026-04-26 18:47:57.594,823,0.20338654392489594,0.2633482807825427,-0.12674483276768453,-0.021815923069189204,-0.6950679144167369,0.0000,0.7500,-0.1000,9.702
2026-04-26 18:47:57.601,824,0.20350281174464846,0.2632945155461988,-0.1266789281963046,-0.021710990575724915,-0.695028934132924,0.0000,1.0000,0.1500,8.735
2026-04-26 18:47:57.608,825,0.20361927392258566,0.2632406942346584,-0.1266130043005049,-0.021606047560552476,-0.6949899619372487,0.0000,1.0000,0.4000,10.412
2026-04-26 18:47:57.622,826,0.2037358589675268,0.26318680494140817,-0.12654698165923634,-0.021500941133487363,-0.6949509243712941,0.0000,1.0000,0.3000,10.171
2026-04-26 18:47:57.629,827,0.2038524532722586,0.26313288083330993,-0.12648087296990534,-0.021395680104588685,-0.6949118175582708,0.0000,1.0000,0.5000,12.713
2026-04-26 18:47:57.643,828,0.20396925651150527,0.26307886826529125,-0.126414668286193,-0.02129027140245185,-0.6948726583834925,0.0000,1.0000,0.0500,8.443
2026-04-26 18:47:57.650,829,0.20408608132873263,0.2630248684482419,-0.12634851259031352,-0.02118495438477689,-0.6948335412326886,0.0000,1.0000,0.3000,7.795
2026-04-26 18:47:57.659,830,0.2042029742803869,0.26297085218873434,-0.1262823590617585,-0.02107965000599655,-0.6947944338908899,0.0000,1.0000,0.2500,8.997
2026-04-26 18:47:57.663,831,0.2043199832457442,0.26291677500378935,-0.12621612098990354,-0.02097420708510643,-0.694755271897655,0.0000,1.0000,0.1000,6.684
2026-04-26 18:47:57.670,832,0.20443700343447171,0.26286266244240497,-0.1261497966364574,-0.020868609369798393,-0.6947160407487563,0.0000,1.0000,0.2500,9.838
2026-04-26 18:47:57.686,833,0.20455411368973375,0.2628085169065136,-0.12608344496008245,-0.020762973575222873,-0.6946767982103245,0.0000,1.0000,0.3000,13.531
2026-04-26 18:47:57.696,834,0.20467135226561559,0.26275431836627894,-0.1260170380421346,-0.02065725387781978,-0.6946375263869414,0.0000,1.0000,-0.0500,10.645
2026-04-26 18:47:57.698,835,0.20478869516068793,0.262700099544119,-0.12595064713309828,-0.020551576416176782,-0.6945982801760658,0.0000,1.0000,0.1000,8.113
2026-04-26 18:47:57.713,836,0.20490605633389566,0.26264586244064464,-0.12588422019901369,-0.020445836120914142,-0.694559006551493,0.0000,0.9000,-0.2000,9.265
2026-04-26 18:47:57.721,837,0.20502348045970234,0.26259157391114796,-0.12581769862887324,-0.020339932341233425,-0.6945196634825089,0.0000,1.0000,0.2500,12.146
2026-04-26 18:47:57.727,838,0.2051409446305246,0.2625372536276181,-0.12575111960161822,-0.02023392959790241,-0.6944802783198807,0.0000,1.0000,0.3000,12.335
2026-04-26 18:47:57.743,839,0.20525843238561675,0.2624828840235925,-0.12568442529166368,-0.02012772102187904,-0.6944408020289579,0.0000,1.0000,-0.2000,10.628
2026-04-26 18:47:57.752,840,0.2053758978633602,0.2624284941607575,-0.12561766261469087,-0.020021385912595682,-0.6944012670021662,0.0000,1.0000,0.2000,10.051
2026-04-26 18:47:57.763,841,0.20549334036815572,0.2623741021241762,-0.12555087932618136,-0.0199150107374134,-0.6943617119599295,0.0000,1.0000,0.0500,9.545
2026-04-26 18:47:57.774,842,0.20561087552056284,0.26231964677492775,-0.12548398946187939,-0.01980845413622659,-0.6943220815148142,0.0000,1.0000,-0.1500,7.849
2026-04-26 18:47:57.785,843,0.20572848582584938,0.26226517575722175,-0.12541710840246234,-0.019701923047246498,-0.6942824672326442,0.0000,1.0000,0.1000,8.890
2026-04-26 18:47:57.799,844,0.20584623540377842,0.26221066480696675,-0.12535021418291212,-0.019595385671459555,-0.6942428592875896,0.0000,1.0000,0.0500,6.350
2026-04-26 18:47:57.808,845,0.2059640492382963,0.26215612839676644,-0.1252832953789627,-0.019488811923024117,-0.6942032390261179,0.0000,1.0000,-0.1500,7.371
2026-04-26 18:47:57.820,846,0.2060818544366201,0.2621015761530928,-0.12521632905895147,-0.019382151124386234,-0.6941635787102605,0.0000,1.0000,0.2500,13.070
2026-04-26 18:47:57.829,847,0.20619957943119507,0.2620470269156472,-0.12514931774341873,-0.01927539889579813,-0.6941238714475327,0.0000,1.0000,0.0500,10.187
2026-04-26 18:47:57.840,848,0.20631737541828143,0.2619924329206786,-0.12508223485301329,-0.01916852595946976,-0.6940841145471826,0.0000,1.0000,0.0000,10.097
2026-04-26 18:47:57.850,849,0.20643508190754867,0.26193788218192426,-0.125015208090728,-0.019061743713569636,-0.6940443917119569,0.0000,1.0000,0.2000,10.654
2026-04-26 18:47:57.859,850,0.20655272115380055,0.26188334109934347,-0.12494816268633872,-0.018954919416735345,-0.6940046449781752,0.0000,0.9000,0.0500,8.454
2026-04-26 18:47:57.872,851,0.20667042331922397,0.26182875247903864,-0.12488103289102477,-0.018847950167353918,-0.693964837200391,0.0000,1.0000,0.1500,10.544
2026-04-26 18:47:57.882,852,0.2067881268217096,0.2617741613972148,-0.12481389784680677,-0.018740971710457462,-0.6939250249888517,0.0000,1.0000,0.1500,9.888
2026-04-26 18:47:57.893,853,0.2069058514065205,0.2617195569735501,-0.12474674169664499,-0.018633957771234482,-0.6938851979329125,0.0000,1.0000,0.2000,9.394
2026-04-26 18:47:57.904,854,0.20702354949357948,0.26166495370928483,-0.12467957138420116,-0.018526914985508673,-0.6938453557317557,0.0000,1.0000,-0.0500,8.565
2026-04-26 18:47:57.913,855,0.2071412344796943,0.26161033200551426,-0.124612343570767,-0.01841976647444943,-0.6938054648521739,0.0000,0.9500,-0.1000,11.232
2026-04-26 18:47:57.924,856,0.20725888394725514,0.2615556941892482,-0.124545049510554,-0.018312493582121395,-0.6937655153908314,0.0000,1.0000,0.1500,10.027
2026-04-26 18:47:57.935,857,0.20737645193636567,0.26150108142691836,-0.12447776833479897,-0.018205233986941675,-0.6937255659016178,0.0000,1.0000,0.1000,8.386
2026-04-26 18:47:57.947,858,0.20749407703641298,0.2614464473623554,-0.12441046881408103,-0.018097948407325235,-0.6936856083389772,0.0000,1.0000,0.1000,9.915
2026-04-26 18:47:57.959,859,0.20761170004176366,0.2613918170743397,-0.12434317834892018,-0.017990679104106237,-0.6936456575697331,0.0000,1.0000,0.2000,8.770
2026-04-26 18:47:57.969,860,0.20772919382723648,0.26133722813054544,-0.12427591236394145,-0.017883438141894373,-0.6936057102402817,0.0000,1.0000,0.1500,11.213
2026-04-26 18:47:57.980,861,0.2078466310251751,0.26128264582541316,-0.12420862672691625,-0.01777615460822084,-0.6935657395766984,0.0000,0.8500,-0.0500,8.568
2026-04-26 18:47:57.990,862,0.20796404956072503,0.26122804924735327,-0.12414129095148771,-0.017668777985387272,-0.6935257255538625,0.0000,1.0000,0.2000,9.969
2026-04-26 18:47:58.001,863,0.2080815833750772,0.2611734298008538,-0.12407397140495294,-0.017561445304976154,-0.6934857388421867,0.0000,1.0000,0.2500,8.527
2026-04-26 18:47:58.013,864,0.20819906067991495,0.2611188028383473,-0.12400659449620474,-0.017454001707800558,-0.6934456981796269,0.0000,1.0000,-0.1000,8.547
2026-04-26 18:47:58.022,865,0.20831651240149404,0.26106416871352217,-0.1239391817806137,-0.017346490127012556,-0.6934056249499094,0.0000,1.0000,0.2000,9.852
2026-04-26 18:47:58.036,866,0.208434040927108,0.2610094926219294,-0.12387170869928892,-0.017238878846321196,-0.6933655120014902,0.0000,1.0000,0.1000,11.661
2026-04-26 18:47:58.048,867,0.20855163696936765,0.26095480317476694,-0.12380424535202098,-0.01713129375898594,-0.693325415133606,0.0000,1.0000,0.2500,8.387
2026-04-26 18:47:58.057,868,0.2086692734846905,0.26090006271508875,-0.12373667328616514,-0.017023516787478436,-0.6932852347270547,0.0000,1.0000,0.1000,7.072
2026-04-26 18:47:58.068,869,0.2087868294367291,0.260845321885609,-0.12366904685306954,-0.016915631312436712,-0.6932449998167225,0.0000,1.0000,0.3500,11.330
2026-04-26 18:47:58.077,870,0.2089041944573312,0.2607906341592127,-0.12360143506340973,-0.016807748618078724,-0.6932047526816639,0.0000,0.9500,0.0000,9.760
2026-04-26 18:47:58.089,871,0.20902151925000778,0.2607359759769059,-0.12353387555736668,-0.016699955763583036,-0.6931645427463063,0.0000,1.0000,0.3000,11.769
2026-04-26 18:47:58.101,872,0.20913892769330805,0.26068130007673446,-0.12346632488399209,-0.016592189477360044,-0.6931243501953566,0.0000,1.0000,0.0500,9.290
2026-04-26 18:47:58.112,873,0.2092563725223888,0.2606266009231368,-0.12339873676719472,-0.016484359974348002,-0.6930841315251121,0.0000,1.0000,0.0500,9.822
2026-04-26 18:47:58.125,874,0.2093738760931383,0.2605718845605764,-0.12333114222484147,-0.016376526267398786,-0.6930439147357467,0.0000,1.0000,0.2000,11.561
2026-04-26 18:47:58.134,875,0.20949133949069218,0.2605171753181547,-0.12326354018673477,-0.016268674050926156,-0.6930036865969829,0.0000,1.0000,0.3000,12.332
2026-04-26 18:47:58.143,876,0.20960878086242143,0.26046253533894836,-0.12319610846150271,-0.01616112787001722,-0.6929635938503141,0.0000,0.7500,0.0000,6.013
2026-04-26 18:47:58.157,877,0.20972627624339413,0.2604078948267666,-0.12312871161159263,-0.016053651747040674,-0.6929235359606207,0.0000,1.0000,0.0500,10.372
2026-04-26 18:47:58.165,878,0.20984388688203115,0.260353191227062,-0.1230612236528025,-0.015946024990254146,-0.6928834182252467,0.0000,1.0000,0.2000,9.422
2026-04-26 18:47:58.175,879,0.2099615423111985,0.2602984902019872,-0.12299377270182531,-0.01583847100136446,-0.6928433359340173,0.0000,1.0000,0.4000,12.122
2026-04-26 18:47:58.184,880,0.21007916260710074,0.2602437622256004,-0.12292622673605948,-0.01573074049754557,-0.692803171831447,0.0000,1.0000,0.0500,9.772
2026-04-26 18:47:58.194,881,0.21019682999392472,0.2601890396312878,-0.12285872678982937,-0.015623099380168252,-0.6927630507892504,0.0000,1.0000,0.1000,5.540
2026-04-26 18:47:58.206,882,0.2103146968045083,0.26013423295741556,-0.12279113584990235,-0.01551531835300804,-0.6927228805290335,0.0000,1.0000,0.1500,12.806
2026-04-26 18:47:58.214,883,0.21043263712016447,0.26007939384696016,-0.12272350768105186,-0.015407479123556092,-0.6926826889980432,0.0000,0.9500,-0.0500,10.744
2026-04-26 18:47:58.222,884,0.21055071777321405,0.2600244922045552,-0.12265580657986927,-0.015299525332119411,-0.692642455544456,0.0000,1.0000,0.6000,14.742
2026-04-26 18:47:58.233,885,0.210668973143443,0.25996955081148676,-0.12258811621238902,-0.01519161291957326,-0.6926022524475071,0.0000,1.0000,0.6000,9.813
2026-04-26 18:47:58.246,886,0.21078743717689186,0.2599145598501641,-0.12252043302520256,-0.015083739687353593,-0.692562081066369,0.0000,1.0000,0.1000,9.579
2026-04-26 18:47:58.257,887,0.21090592877180178,0.2598595916451946,-0.1224528291456214,-0.014976013727245548,-0.6925219773697788,0.0000,1.0000,0.4000,12.633
2026-04-26 18:47:58.266,888,0.21102463046737419,0.25980454157797245,-0.12238514727975199,-0.014868172760238803,-0.6924818363768191,0.0000,1.0000,0.2000,12.365
2026-04-26 18:47:58.277,889,0.21114337730898017,0.2597494592577758,-0.12231740974556131,-0.014760236617109955,-0.6924416556044359,0.0000,1.0000,0.2000,9.594
2026-04-26 18:47:58.285,890,0.21126225949290334,0.259694329853928,-0.12224963712179991,-0.014652253870187955,-0.692401463050282,0.0000,1.0000,-0.1000,8.028
2026-04-26 18:47:58.298,891,0.21138129651734774,0.25963916022440214,-0.12218186069161972,-0.014544283656287226,-0.6923612865720331,0.0000,1.0000,0.2000,11.401
2026-04-26 18:47:58.311,892,0.2115005927845517,0.25958391143573667,-0.12211404623042298,-0.014436276992447749,-0.6923211114152799,0.0000,1.0000,0.1500,7.613
2026-04-26 18:47:58.319,893,0.2116198921992801,0.2595286544100145,-0.12204621213013472,-0.01432823520099028,-0.6922809205143118,0.0000,1.0000,-0.2500,8.589
2026-04-26 18:47:58.334,894,0.21173914701129348,0.25947339123568525,-0.12197833212304034,-0.014220104701780208,-0.6922406865605443,0.0000,1.0000,0.2000,12.141
2026-04-26 18:47:58.350,895,0.21185849826719244,0.25941811038149887,-0.1219104694868374,-0.014112017815364369,-0.6922004786006043,0.0000,1.0000,0.2500,9.691
2026-04-26 18:47:58.360,896,0.2119778158683662,0.25936286792429725,-0.12184268702404484,-0.014004072107893483,-0.6921603314018449,0.0000,1.0000,0.3000,10.495
2026-04-26 18:47:58.373,897,0.21209715294182008,0.25930759119112784,-0.1217748263548572,-0.013895987155773625,-0.6921201229241427,0.0000,1.0000,0.2500,11.893
2026-04-26 18:47:58.382,898,0.21221662685352322,0.25925225631728005,-0.12170690208080567,-0.013787804093970108,-0.6920798797045423,0.0000,1.0000,-0.2000,10.733
2026-04-26 18:47:58.396,899,0.21233619585541574,0.25919686534774167,-0.1216388918199794,-0.013679477135721761,-0.6920395783417496,0.0000,1.0000,-0.2000,10.336
2026-04-26 18:47:58.410,900,0.21245584219605246,0.2591414424604229,-0.12157084820938473,-0.013571099465647262,-0.6919992593868797,0.0000,1.0000,-0.1000,11.443
2026-04-26 18:47:58.420,901,0.21257563165227483,0.25908597240989806,-0.12150277444270337,-0.013462685093390627,-0.6919589336593451,0.0000,1.0000,0.0000,9.234
2026-04-26 18:47:58.434,902,0.2126955769542215,0.25903044007734166,-0.12143463868679555,-0.013354177911659203,-0.6919185768883916,0.0000,0.9500,-0.2000,9.429
2026-04-26 18:47:58.444,903,0.21281571435793833,0.25897485613009463,-0.12136649355561531,-0.013245677814271148,-0.6918782363572309,0.0000,1.0000,-0.0500,10.552
2026-04-26 18:47:58.457,904,0.21293583028024302,0.2589192905000849,-0.12129838314257478,-0.013137238021673638,-0.6918379211961952,0.0000,1.0000,0.3500,10.698
2026-04-26 18:47:58.471,905,0.21305612642030267,0.25886363540619395,-0.12123015449457253,-0.013028606517816127,-0.6917975323455835,0.0000,1.0000,-0.0500,11.812
2026-04-26 18:47:58.480,906,0.21317642007322046,0.258807994446162,-0.12116196206613136,-0.012920040412473249,-0.6917571724638467,0.0000,1.0000,0.5000,9.280
2026-04-26 18:47:58.495,907,0.21329685001253393,0.25875232804807574,-0.12109379284503045,-0.012811533466765173,-0.6917168483274769,0.0000,0.8500,0.1000,10.350
2026-04-26 18:47:58.504,908,0.2134174600401927,0.25869659799353684,-0.12102557411407217,-0.012702959355106925,-0.6916765063311908,0.0000,1.0000,0.2500,13.476
2026-04-26 18:47:58.516,909,0.2135380048329147,0.2586408816981619,-0.1209573487633194,-0.012594365149432876,-0.6916361506599172,0.0000,1.0000,0.3000,12.046
2026-04-26 18:47:58.531,910,0.21365876237143253,0.2585851196096473,-0.12088914330443157,-0.012485833648836365,-0.6915958376041015,0.0000,1.0000,0.2500,9.631
2026-04-26 18:47:58.540,911,0.21377958001667635,0.25852928788073226,-0.12082079238268778,-0.012377046067134356,-0.6915554137352478,0.0000,1.0000,-0.1000,9.841
2026-04-26 18:47:58.553,912,0.2139004590917132,0.25847346717774533,-0.12075251198773627,-0.012268394050092946,-0.6915150547123958,0.0000,1.0000,0.2500,10.094
2026-04-26 18:47:58.561,913,0.21402130257268076,0.2584176545083388,-0.12068422945484145,-0.012159733764054154,-0.6914746893695013,0.0000,1.0000,0.0000,11.208
2026-04-26 18:47:58.574,914,0.21414202958667533,0.2583618832549131,-0.12061597988594042,-0.012051118721336823,-0.6914343361197807,0.0000,0.9500,-0.2000,8.383
2026-04-26 18:47:58.585,915,0.21426279616078076,0.2583060905718967,-0.12054769970840776,-0.011942453199126025,-0.6913939628158368,0.0000,1.0000,0.2000,10.952
2026-04-26 18:47:58.593,916,0.21438355171037637,0.25825029909840674,-0.12047941556768925,-0.011833779168410085,-0.6913535847859625,0.0000,0.9000,0.0500,8.529
2026-04-26 18:47:58.604,917,0.21450430121183128,0.2581944848839377,-0.12041106691093312,-0.011724987498398827,-0.6913131534549288,0.0000,1.0000,0.0500,10.374
2026-04-26 18:47:58.613,918,0.21462523008766554,0.2581386104607322,-0.12034267743675318,-0.011616144319864165,-0.6912727112575622,0.0000,1.0000,0.2000,10.550
2026-04-26 18:47:58.624,919,0.21474633083184513,0.25808265387769325,-0.12027418360252369,-0.011507133522773803,-0.6912322056290845,0.0000,1.0000,0.0500,9.917
2026-04-26 18:47:58.636,920,0.21486749701360186,0.25802670219633095,-0.12020574661611699,-0.011398233991792968,-0.6911917542488778,0.0000,0.9500,0.1500,7.794
2026-04-26 18:47:58.643,921,0.21498881388601332,0.25797070146488754,-0.1201372794392898,-0.011289298625994388,-0.6911512970568084,0.0000,1.0000,0.4000,12.280
2026-04-26 18:47:58.655,922,0.21511007234334126,0.2579147355276466,-0.12006886625073221,-0.011180453860301792,-0.6911108763116219,0.0000,1.0000,0.1000,10.317
2026-04-26 18:47:58.662,923,0.21523139884053874,0.25785875331311203,-0.12000045516088334,-0.011071621451031423,-0.6910704656616696,0.0000,1.0000,-0.1000,12.649
2026-04-26 18:47:58.674,924,0.2153527626971049,0.2578027776605229,-0.11993208661853977,-0.01096287087585152,-0.6910300941382604,0.0000,1.0000,0.1000,9.487
2026-04-26 18:47:58.687,925,0.21547420920156463,0.2577467915853957,-0.11986374552195433,-0.01085418042320873,-0.6909897551339889,0.0000,1.0000,0.4500,12.037
2026-04-26 18:47:58.697,926,0.2155957147702738,0.25769076298399646,-0.11979533053663123,-0.010745363475682185,-0.6909493633682944,0.0000,1.0000,0.2000,10.750
2026-04-26 18:47:58.711,927,0.21571733870008325,0.25763465908804606,-0.11972679380964964,-0.010636340711277906,-0.690908887374433,0.0000,1.0000,0.3500,11.429
2026-04-26 18:47:58.727,928,0.21583903198184456,0.25757851939485255,-0.11965820799235244,-0.010527237683740228,-0.6908683800571005,0.0000,1.0000,0.1000,9.514
2026-04-26 18:47:58.736,929,0.2159606453674186,0.25752236865703376,-0.11958953959094568,-0.010417975028889168,-0.6908277955481705,0.0000,1.0000,0.1500,7.802
2026-04-26 18:47:58.884,930,0.2160825431767488,0.25746610389160807,-0.11952075686212202,-0.010308540751321977,-0.6907871535977735,0.0000,1.0000,0.1000,11.799
2026-04-26 18:47:58.896,931,0.21620451202571625,0.2574098216778135,-0.11945197509248147,-0.010199117134344939,-0.6907465212048084,0.0000,1.0000,0.0000,6.561
2026-04-26 18:47:58.908,932,0.21632664500798707,0.2573534859407199,-0.11938316014272823,-0.010089653936560933,-0.6907058822693335,0.0000,1.0000,-0.1000,5.828
2026-04-26 18:47:58.918,933,0.21644884523385954,0.2572971203623386,-0.11931431056986085,-0.009980136430694831,-0.6906652235092022,0.0000,1.0000,0.2000,11.352
2026-04-26 18:47:58.930,934,0.21657138052586608,0.2572406207124798,-0.11924532697319261,-0.009870417930205619,-0.6906244976406557,0.0000,1.0000,0.1500,7.071
2026-04-26 18:47:58.942,935,0.21669394574033865,0.2571840972103161,-0.11917629983956451,-0.009760624298930362,-0.6905837400427539,0.0000,1.0000,-0.0500,7.738
2026-04-26 18:47:58.953,936,0.2168166824186313,0.25712748688792314,-0.11910715561360091,-0.009650639909825265,-0.6905429086458615,0.0000,1.0000,0.1500,12.594
2026-04-26 18:47:58.965,937,0.2169393045710965,0.25707088620427215,-0.11903796085767436,-0.009540549657898877,-0.6905020217846172,0.0000,1.0000,0.0500,12.262
2026-04-26 18:47:58.976,938,0.21706197253075163,0.257014265106586,-0.11896874231796477,-0.009430422061652486,-0.6904611212333145,0.0000,1.0000,0.1500,10.482
2026-04-26 18:47:58.986,939,0.21718494163731752,0.2569575502415763,-0.11889947461045108,-0.009320243029444699,-0.690420218286276,0.0000,1.0000,0.3500,10.853
2026-04-26 18:47:58.997,940,0.21730779452362195,0.2569008800557239,-0.11883024867926047,-0.00921012522604971,-0.6903793346660624,0.0000,1.0000,0.1500,11.125
2026-04-26 18:47:59.006,941,0.2174308227105369,0.2568440859049811,-0.11876080915249917,-0.00909964222946768,-0.6903382993244526,0.0000,1.0000,0.1500,14.365
2026-04-26 18:47:59.017,942,0.21755379330259839,0.2567872983887911,-0.11869134903005071,-0.008989114739511337,-0.6902972399632324,0.0000,1.0000,0.2000,11.170
2026-04-26 18:47:59.029,943,0.2176769247787337,0.256730452976646,-0.11862184188154744,-0.008878522160470262,-0.6902561624188881,0.0000,1.0000,0.0000,8.088
2026-04-26 18:47:59.040,944,0.21780007191223782,0.2566735844381221,-0.11855228360644973,-0.00876783890625133,-0.6902150452076674,0.0000,1.0000,0.0000,8.142
2026-04-26 18:47:59.052,945,0.21792331791362876,0.2566166909269936,-0.11848272475358483,-0.008657166997399598,-0.6901739398030626,0.0000,0.8500,-0.1500,9.234
2026-04-26 18:47:59.062,946,0.21804664879876115,0.2565597435897477,-0.1184130790559297,-0.008546348326406364,-0.6901327743663358,0.0000,1.0000,-0.0500,11.722
2026-04-26 18:47:59.073,947,0.21816999896473227,0.2565027717135675,-0.11834338087583512,-0.008435436974166008,-0.6900915686177521,0.0000,1.0000,0.0000,12.571
2026-04-26 18:47:59.085,948,0.21829348054274714,0.2564457330991934,-0.11827359243456652,-0.008324378482626677,-0.6900503058796901,0.0000,1.0000,-0.0500,10.891
2026-04-26 18:47:59.096,949,0.21841725034493453,0.25638858862045477,-0.11820371393559849,-0.008213192821613572,-0.6900090059201706,0.0000,1.0000,0.4500,11.502
2026-04-26 18:47:59.108,950,0.2185412395119209,0.256331339215088,-0.11813370197184495,-0.008101792707880194,-0.6899676248646784,0.0000,1.0000,0.0000,10.330
2026-04-26 18:47:59.118,951,0.2186654389970675,0.2562740166372033,-0.11806363518839513,-0.00799031955434691,-0.6899262254826654,0.0000,1.0000,0.1000,8.364
2026-04-26 18:47:59.127,952,0.21878966490933552,0.25621672623953845,-0.11799367193043385,-0.007879037374814381,-0.6898849134443434,0.0000,1.0000,0.4500,9.628
2026-04-26 18:47:59.137,953,0.21891412941576094,0.2561593185133024,-0.11792355495113983,-0.007767506429838621,-0.6898435062586622,0.0000,1.0000,-0.0500,10.331
2026-04-26 18:47:59.146,954,0.2190384947280836,0.2561019432646737,-0.11785345854010097,-0.007656000395312112,-0.6898021033134751,0.0000,1.0000,0.0000,10.967
2026-04-26 18:47:59.157,955,0.2191632560727098,0.2560444527947691,-0.11778331898320571,-0.007544465692262197,-0.6897607147454465,0.0000,1.0000,-0.0500,8.491
2026-04-26 18:47:59.167,956,0.21928817454860383,0.2559868901261475,-0.11771309173858052,-0.0074327917254740986,-0.6897192745027377,0.0000,1.0000,0.0500,13.249
2026-04-26 18:47:59.176,957,0.21941335519335284,0.25592922086522546,-0.11764275511374093,-0.007320952306585161,-0.6896777780909508,0.0000,1.0000,0.2000,9.588
2026-04-26 18:47:59.184,958,0.2195385123901653,0.2558715241087677,-0.11757232962089821,-0.007208948911452875,-0.6896362064751896,0.0000,1.0000,0.2000,9.957
2026-04-26 18:47:59.195,959,0.21966367203852383,0.2558138387573835,-0.11750193626005159,-0.007097004089591139,-0.689594661206405,0.0000,1.0000,0.0000,11.208
2026-04-26 18:47:59.205,960,0.21978911242956548,0.2557560187946301,-0.11743137118018339,-0.006984783147008739,-0.6895530114430378,0.0000,1.0000,0.1000,8.514
2026-04-26 18:47:59.215,961,0.21991459408925293,0.25569818118956206,-0.1173607866481717,-0.0068725321327600345,-0.6895113509686576,0.0000,1.0000,0.2500,12.067
2026-04-26 18:47:59.224,962,0.22004004713180345,0.2556403196041735,-0.11729011917092169,-0.006760127229486307,-0.6894696194603728,0.0000,1.0000,0.3500,12.818
2026-04-26 18:47:59.234,963,0.2201655775045874,0.25558243069764475,-0.11721943046995553,-0.006647693550472403,-0.6894278803112979,0.0000,1.0000,0.0000,9.706
2026-04-26 18:47:59.243,964,0.22029132026578632,0.25552447228180464,-0.11714869808108355,-0.006535207261257725,-0.6893861321524934,0.0000,0.9500,0.0000,8.100
2026-04-26 18:47:59.252,965,0.2204172520368748,0.2554664833944587,-0.11707801051826724,-0.0064228258706981785,-0.6893444439801654,0.0000,1.0000,0.3000,10.255
2026-04-26 18:47:59.262,966,0.22054320850628262,0.25540850006311117,-0.11700735431265208,-0.006310504427170738,-0.6893027843128371,0.0000,0.9000,-0.1000,4.005
2026-04-26 18:47:59.270,967,0.22066943614298046,0.2553504373249535,-0.11693666720826103,-0.00619816089996613,-0.6892611333770488,0.0000,1.0000,0.3500,10.679
2026-04-26 18:47:59.282,968,0.2207960053910304,0.25529225081159823,-0.11686587785098433,-0.006085674764901552,-0.6892194420039807,0.0000,1.0000,0.0000,7.683
2026-04-26 18:47:59.291,969,0.22092278537727053,0.25523397593122193,-0.11679499341275044,-0.005973042661590954,-0.689177699662553,0.0000,1.0000,0.2000,11.453
2026-04-26 18:47:59.303,970,0.22104980145725178,0.2551756066072246,-0.11672401459190875,-0.005860269024880709,-0.6891359100904788,0.0000,1.0000,-0.0500,8.741
2026-04-26 18:47:59.315,971,0.22117692866658792,0.2551171900089563,-0.11665298386273357,-0.005747415218494369,-0.689094092178405,0.0000,1.0000,-0.2000,9.908
2026-04-26 18:47:59.324,972,0.221304207633658,0.255058725725393,-0.1165819272136947,-0.005634533424735687,-0.6890522721213456,0.0000,1.0000,0.1500,11.417
2026-04-26 18:47:59.335,973,0.22143146419064588,0.255000334209185,-0.1165110497389455,-0.005521973605440631,-0.6890105947881452,0.0000,0.8000,0.1000,8.685
2026-04-26 18:47:59.346,974,0.22155895839429685,0.25494186084576254,-0.11644011250310932,-0.005409335196997366,-0.6889688985517134,0.0000,1.0000,0.1500,11.197
2026-04-26 18:47:59.359,975,0.22168657783698628,0.25488333852965755,-0.11636912828551589,-0.005296627310658083,-0.6889271797451002,0.0000,1.0000,0.1500,9.567
2026-04-26 18:47:59.373,976,0.22181408830947041,0.2548248632575842,-0.11629819693691644,-0.005184001649429025,-0.6888854902216712,0.0000,0.7500,0.0000,8.413
2026-04-26 18:47:59.383,977,0.2219417797748808,0.2547663488967476,-0.11622728207763683,-0.0050714285202222795,-0.6888438366691068,0.0000,1.0000,0.3000,10.994
2026-04-26 18:47:59.397,978,0.22206939289220218,0.2547078763478656,-0.1161564265479533,-0.004958953153096388,-0.6888022214782665,0.0000,1.0000,0.4000,7.680
2026-04-26 18:47:59.409,979,0.22219718941727093,0.2546493165706448,-0.11608546074336103,-0.0048463008590554,-0.6887605395657209,0.0000,1.0000,0.2000,7.937
2026-04-26 18:47:59.421,980,0.22232520622670662,0.25459068406482244,-0.1160144479133065,-0.004733590886992734,-0.6887188469319624,0.0000,1.0000,0.1000,10.557
2026-04-26 18:47:59.435,981,0.22245364093386968,0.25453192103468125,-0.11594336567719907,-0.004620807373456583,-0.6886771500951595,0.0000,1.0000,0.1500,10.799
2026-04-26 18:47:59.444,982,0.22258238981047695,0.2544730303110721,-0.11587215243088081,-0.004507825694578659,-0.6886353860366163,0.0000,1.0000,0.1000,9.969
2026-04-26 18:47:59.455,983,0.22271110695490226,0.25441418359723683,-0.11580103544768805,-0.004395014545285471,-0.6885936961789222,0.0000,1.0000,0.3500,9.793
2026-04-26 18:47:59.462,984,0.222839647256915,0.2543553906908715,-0.11572994411377881,-0.00428222779892173,-0.6885520050102478,0.0000,1.0000,-0.0500,7.994
2026-04-26 18:47:59.476,985,0.2229682903189921,0.25429655479240154,-0.11565880669774099,-0.00416937039232908,-0.6885102891998164,0.0000,1.0000,0.4000,10.017
2026-04-26 18:47:59.490,986,0.22309743062618664,0.25423758407235114,-0.11558764131015621,-0.0040565244612890015,-0.6884686127737827,0.0000,1.0000,0.1000,6.800
2026-04-26 18:47:59.497,987,0.22322684510365323,0.25417852235381416,-0.11551641609520563,-0.003943604382499038,-0.6884269219656035,0.0000,1.0000,-0.1500,8.920
2026-04-26 18:47:59.511,988,0.2233563985376104,0.2541194499895829,-0.11544525518365478,-0.0038308182409780497,-0.6883853007304587,0.0000,1.0000,0.4000,12.195
2026-04-26 18:47:59.518,989,0.2234859345080941,0.25406037264723297,-0.11537406940824863,-0.003717984868313814,-0.6883436570681035,0.0000,0.7500,-0.1500,8.004
2026-04-26 18:47:59.532,990,0.22361583488831,0.2540011440619141,-0.11530272331072215,-0.0036049064802887954,-0.6883019286534844,0.0000,1.0000,-0.0500,11.264
2026-04-26 18:47:59.538,991,0.22374590790603446,0.25394179855893656,-0.11523118057629718,-0.0034914932845805957,-0.6882600620099424,0.0000,1.0000,0.0500,13.104
2026-04-26 18:47:59.552,992,0.22387612699715934,0.2538823767457308,-0.11515953178127165,-0.00337790612996063,-0.6882181274108231,0.0000,1.0000,-0.0500,11.897
2026-04-26 18:47:59.560,993,0.22400642614169777,0.25382288664567443,-0.11508775430722876,-0.0032640957677987628,-0.6881760982267722,0.0000,1.0000,0.0500,9.405
2026-04-26 18:47:59.573,994,0.22413690184467777,0.25376331837146204,-0.11501588612395117,-0.003150143081207125,-0.6881340173719651,0.0000,1.0000,0.2000,10.799
2026-04-26 18:47:59.580,995,0.22426779936899455,0.25370361195653657,-0.11494393082847368,-0.00303608524742936,-0.6880919184274442,0.0000,1.0000,-0.0500,8.904
2026-04-26 18:47:59.594,996,0.22439922155961786,0.2536437287191622,-0.11487185383208187,-0.002921872429801669,-0.688049786146081,0.0000,1.0000,0.2000,11.928
2026-04-26 18:47:59.601,997,0.22453065452945345,0.2535838639434845,-0.11479983330037975,-0.002807763317358024,-0.6880077010521141,0.0000,1.0000,0.3500,10.829
2026-04-26 18:47:59.618,998,0.22466260538408112,0.2535237749910249,-0.11472756026710092,-0.002693261296705027,-0.6879654754992128,0.0000,1.0000,0.2000,7.502
2026-04-26 18:47:59.630,999,0.2247946609718953,0.2534636578920453,-0.11465528204450667,-0.002578762977136106,-0.687923258785194,0.0000,0.9000,-0.2000,7.109
2026-04-26 18:47:59.636,1000,0.2249266979823147,0.25340352467778415,-0.11458294850815642,-0.0024641620940539857,-0.6878809947706737,0.0000,1.0000,0.1000,11.121
