timestamp,episode,carol_help_alice_regret,carol_decline_alice_regret,carol_reciprocate_alice_regret
2026-04-29 04:56:48.981,1,-1.4000,-2.7333,1.4000
2026-04-29 04:56:49.019,2,-1.6000,-4.9933,3.2815
2026-04-29 04:56:49.052,3,-1.0000,-7.2711,5.8418
2026-04-29 04:56:49.082,4,-2.5600,-12.0044,6.0968
2026-04-29 04:56:49.108,5,-2.1324,-14.0854,8.1988
2026-04-29 04:56:49.141,6,-0.9318,-16.3272,10.2089
2026-04-29 04:56:49.162,7,-0.6831,-18.8484,11.4479
2026-04-29 04:56:49.189,8,0.2951,-20.6794,12.6256
2026-04-29 04:56:49.218,9,1.3869,-23.3984,13.7996
2026-04-29 04:56:49.234,10,2.9013,-25.9295,14.9300
2026-04-29 04:56:49.266,11,4.1913,-28.7172,16.8248
2026-04-29 04:56:49.278,12,6.4188,-30.7654,19.7609
2026-04-29 04:56:49.294,13,7.9755,-33.3995,20.8596
2026-04-29 04:56:49.301,14,8.4068,-36.6245,21.7393
2026-04-29 04:56:49.321,15,9.8691,-38.2838,24.1585
2026-04-29 04:56:49.333,16,10.9262,-41.0683,25.4400
2026-04-29 04:56:49.342,17,12.0905,-43.6383,27.0415
2026-04-29 04:56:49.349,18,13.8030,-45.9072,29.2512
2026-04-29 04:56:49.356,19,15.1187,-48.2179,31.0634
2026-04-29 04:56:49.364,20,16.5744,-50.6486,33.1549
2026-04-29 04:56:49.371,21,16.7331,-54.3568,33.4576
2026-04-29 04:56:49.395,22,17.2061,-58.1525,33.3341
2026-04-29 04:56:49.411,23,19.1407,-59.8178,34.6530
2026-04-29 04:56:49.424,24,19.5598,-62.9230,35.0042
2026-04-29 04:56:49.436,25,21.9052,-64.6725,37.1845
2026-04-29 04:56:49.449,26,22.8819,-67.3419,37.8968
2026-04-29 04:56:49.468,27,23.7663,-70.3283,38.9981
2026-04-29 04:56:49.487,28,24.4290,-73.0218,40.7816
2026-04-29 04:56:49.510,29,26.3070,-74.8668,42.6739
2026-04-29 04:56:49.526,30,28.7081,-76.0032,45.5504
2026-04-29 04:56:49.545,31,30.0658,-78.1533,46.7151
2026-04-29 04:56:49.557,32,32.3343,-79.1819,49.6563
2026-04-29 04:56:49.567,33,33.1119,-81.8187,50.5672
2026-04-29 04:56:49.575,34,33.8964,-84.3440,51.6513
2026-04-29 04:56:49.586,35,34.8208,-87.0716,53.0477
2026-04-29 04:56:49.595,36,37.5564,-88.8057,56.5388
2026-04-29 04:56:49.607,37,37.2743,-91.9080,57.6467
2026-04-29 04:56:49.617,38,39.1743,-93.6670,60.2504
2026-04-29 04:56:49.627,39,39.9344,-96.1435,61.2822
2026-04-29 04:56:49.638,40,41.7324,-99.1530,63.2776
2026-04-29 04:56:49.646,41,42.4459,-101.4347,64.8007
2026-04-29 04:56:49.652,42,43.7340,-103.2188,66.8309
2026-04-29 04:56:49.656,43,44.1639,-106.0998,67.8502
2026-04-29 04:56:49.664,44,45.2394,-108.1481,69.2828
2026-04-29 04:56:49.669,45,45.1163,-111.6952,69.8525
2026-04-29 04:56:49.673,46,47.9412,-113.3612,73.1089
2026-04-29 04:56:49.676,47,48.9164,-115.8605,74.7475
2026-04-29 04:56:49.680,48,50.1234,-117.7431,76.8925
2026-04-29 04:56:49.683,49,51.4299,-119.8013,78.9398
2026-04-29 04:56:49.687,50,52.5221,-121.8892,80.7986
2026-04-29 04:56:49.690,51,53.6919,-123.2386,82.8413
2026-04-29 04:56:49.695,52,54.8858,-125.7006,84.0992
2026-04-29 04:56:49.700,53,56.1392,-128.3658,85.3075
2026-04-29 04:56:49.709,54,57.7547,-129.9296,87.2291
2026-04-29 04:56:49.717,55,58.8985,-131.5713,88.8434
2026-04-29 04:56:49.724,56,59.6588,-133.4038,90.5411
2026-04-29 04:56:49.731,57,61.1207,-135.7337,91.8357
2026-04-29 04:56:49.738,58,61.0183,-139.2725,92.2463
2026-04-29 04:56:49.748,59,63.0833,-141.8175,95.1468
2026-04-29 04:56:49.755,60,64.0115,-144.2863,96.7574
2026-04-29 04:56:49.758,61,65.1006,-146.8583,98.1551
2026-04-29 04:56:49.762,62,66.8984,-148.5168,100.7632
2026-04-29 04:56:49.765,63,68.6888,-150.1808,103.3701
2026-04-29 04:56:49.769,64,70.6045,-151.3307,105.6769
2026-04-29 04:56:49.773,65,73.2508,-152.0515,108.7650
2026-04-29 04:56:49.779,66,74.2220,-154.3257,109.7393
2026-04-29 04:56:49.785,67,75.3761,-157.3849,110.6326
2026-04-29 04:56:49.792,68,76.4476,-159.8527,112.0299
2026-04-29 04:56:49.803,69,76.8965,-163.3249,112.1309
2026-04-29 04:56:49.811,70,77.9480,-165.5778,113.9975
2026-04-29 04:56:49.817,71,80.9949,-167.5162,116.8696
2026-04-29 04:56:49.824,72,82.3741,-170.6875,117.5408
2026-04-29 04:56:49.829,73,83.6663,-173.2752,118.7227
2026-04-29 04:56:49.834,74,85.0099,-175.8493,120.8065
2026-04-29 04:56:49.838,75,86.9007,-178.5371,123.0810
2026-04-29 04:56:49.841,76,88.1432,-180.4328,125.1715
2026-04-29 04:56:49.846,77,89.0354,-182.9616,126.8196
2026-04-29 04:56:49.850,78,89.8733,-185.7566,127.6854
2026-04-29 04:56:49.857,79,90.9103,-188.0598,128.6600
2026-04-29 04:56:49.870,80,92.7905,-189.2097,131.1309
2026-04-29 04:56:49.887,81,94.1188,-191.2725,133.1035
2026-04-29 04:56:49.902,82,96.0449,-192.3343,135.4714
2026-04-29 04:56:49.912,83,97.2612,-195.9245,136.4728
2026-04-29 04:56:49.917,84,100.1163,-197.9791,138.7237
2026-04-29 04:56:49.921,85,100.8695,-200.3784,139.7540
2026-04-29 04:56:49.930,86,102.3790,-203.3702,141.2473
2026-04-29 04:56:49.938,87,103.6401,-205.7599,142.8957
2026-04-29 04:56:49.947,88,103.7504,-208.9904,143.5144
2026-04-29 04:56:49.955,89,106.0530,-210.2486,146.3458
2026-04-29 04:56:49.962,90,106.3076,-213.4787,146.7771
2026-04-29 04:56:49.969,91,108.4651,-215.0359,149.4219
2026-04-29 04:56:49.976,92,111.0172,-217.1193,152.5859
2026-04-29 04:56:49.981,93,112.6732,-219.8270,154.2726
2026-04-29 04:56:49.986,94,113.9328,-223.0366,155.1304
2026-04-29 04:56:49.990,95,114.6985,-226.6853,155.7918
2026-04-29 04:56:49.995,96,117.5411,-227.6437,159.3574
2026-04-29 04:56:49.999,97,118.9245,-229.7426,161.3398
2026-04-29 04:56:50.004,98,120.4468,-231.5388,163.5167
2026-04-29 04:56:50.008,99,122.8853,-232.7943,166.3216
2026-04-29 04:56:50.011,100,123.4570,-235.4058,167.6334
2026-04-29 04:56:50.015,101,125.4821,-236.8776,170.5345
2026-04-29 04:56:50.019,102,126.4480,-239.4843,172.2563
2026-04-29 04:56:50.024,103,127.8205,-240.9516,174.1825
2026-04-29 04:56:50.031,104,129.9414,-241.4666,176.7914
2026-04-29 04:56:50.039,105,131.8637,-243.5356,179.0210
2026-04-29 04:56:50.046,106,133.1207,-245.5205,181.1337
2026-04-29 04:56:50.052,107,134.3788,-247.2856,182.7551
2026-04-29 04:56:50.059,108,135.3334,-248.9422,184.7777
2026-04-29 04:56:50.065,109,137.0781,-250.5995,187.6075
2026-04-29 04:56:50.069,110,137.7672,-252.8662,189.1407
2026-04-29 04:56:50.076,111,138.8481,-255.0306,191.0943
2026-04-29 04:56:50.082,112,140.2806,-257.6049,192.1478
2026-04-29 04:56:50.086,113,140.7194,-260.3755,193.1967
2026-04-29 04:56:50.091,114,142.2584,-262.9489,195.0272
2026-04-29 04:56:50.099,115,143.7443,-265.0034,196.8684
2026-04-29 04:56:50.106,116,144.8860,-267.5760,198.2977
2026-04-29 04:56:50.113,117,146.9216,-268.7182,200.6355
2026-04-29 04:56:50.120,118,150.0054,-269.3540,204.2459
2026-04-29 04:56:50.128,119,152.1356,-270.8984,206.9575
2026-04-29 04:56:50.136,120,152.2230,-273.7993,207.9909
2026-04-29 04:56:50.144,121,152.8041,-275.9742,209.6045
2026-04-29 04:56:50.151,122,154.1744,-278.3351,211.1298
2026-04-29 04:56:50.159,123,154.9915,-280.7094,212.9723
2026-04-29 04:56:50.166,124,156.6056,-282.8634,214.5969
2026-04-29 04:56:50.172,125,157.1703,-285.6330,215.4477
2026-04-29 04:56:50.179,126,158.1434,-287.9853,216.5711
2026-04-29 04:56:50.185,127,159.9113,-289.3296,218.7983
2026-04-29 04:56:50.195,128,161.9293,-291.0738,221.2132
2026-04-29 04:56:50.202,129,162.1517,-293.9526,222.0453
2026-04-29 04:56:50.209,130,162.8290,-296.6306,222.6593
2026-04-29 04:56:50.215,131,165.0254,-296.8388,225.4312
2026-04-29 04:56:50.222,132,166.2299,-299.0776,227.1413
2026-04-29 04:56:50.228,133,168.7803,-299.9038,230.0342
2026-04-29 04:56:50.234,134,170.4683,-301.8392,232.4523
2026-04-29 04:56:50.241,135,171.9694,-304.2976,234.2717
2026-04-29 04:56:50.247,136,174.5116,-305.1311,237.1569
2026-04-29 04:56:50.253,137,176.3534,-306.6654,239.2388
2026-04-29 04:56:50.259,138,177.9672,-308.5050,241.1904
2026-04-29 04:56:50.266,139,180.0656,-310.5458,243.9746
2026-04-29 04:56:50.272,140,181.3775,-313.0204,245.0725
2026-04-29 04:56:50.279,141,181.7971,-317.1967,245.3666
2026-04-29 04:56:50.285,142,183.5705,-320.3556,246.4453
2026-04-29 04:56:50.291,143,184.3562,-322.4362,247.7227
2026-04-29 04:56:50.298,144,185.9749,-323.6731,249.5772
2026-04-29 04:56:50.304,145,187.9400,-324.9988,251.9322
2026-04-29 04:56:50.311,146,189.4147,-326.7392,254.0875
2026-04-29 04:56:50.318,147,190.3909,-329.4826,254.7620
2026-04-29 04:56:50.324,148,193.2195,-330.7115,257.8142
2026-04-29 04:56:50.330,149,196.2884,-331.6378,261.0006
2026-04-29 04:56:50.337,150,197.7649,-333.1701,262.6644
2026-04-29 04:56:50.344,151,199.2485,-336.1181,264.1633
2026-04-29 04:56:50.351,152,200.4309,-338.5696,266.4654
2026-04-29 04:56:50.358,153,202.1650,-340.1039,268.7264
2026-04-29 04:56:50.365,154,204.2000,-342.7599,270.8185
2026-04-29 04:56:50.372,155,205.2906,-345.8187,271.8977
2026-04-29 04:56:50.378,156,206.0422,-348.7858,272.4808
2026-04-29 04:56:50.385,157,208.3446,-350.0226,275.3318
2026-04-29 04:56:50.393,158,209.8450,-352.1696,277.0981
2026-04-29 04:56:50.407,159,211.7949,-353.6150,279.0776
2026-04-29 04:56:50.414,160,213.1935,-355.2693,281.3227
2026-04-29 04:56:50.421,161,213.6375,-357.7299,282.7012
2026-04-29 04:56:50.426,162,213.5844,-361.0044,283.4831
2026-04-29 04:56:50.430,163,215.8677,-362.1379,286.3682
2026-04-29 04:56:50.436,164,218.1491,-363.1645,288.7339
2026-04-29 04:56:50.442,165,218.9401,-366.1395,289.7265
2026-04-29 04:56:50.450,166,220.7252,-368.0908,292.0009
2026-04-29 04:56:50.458,167,221.8074,-369.8326,293.7592
2026-04-29 04:56:50.464,168,222.7903,-372.6882,294.9502
2026-04-29 04:56:50.471,169,225.9632,-373.4058,298.4264
2026-04-29 04:56:50.477,170,227.9902,-374.4295,300.2000
2026-04-29 04:56:50.481,171,229.8741,-375.9577,302.2697
2026-04-29 04:56:50.488,172,232.5603,-377.8865,304.7365
2026-04-29 04:56:50.495,173,234.7982,-378.6011,307.5868
2026-04-29 04:56:50.499,174,235.9427,-380.6444,308.8371
2026-04-29 04:56:50.503,175,238.5830,-382.2656,311.8049
2026-04-29 04:56:50.506,176,240.3744,-384.1117,314.1054
2026-04-29 04:56:50.512,177,242.0142,-385.3413,315.9556
2026-04-29 04:56:50.518,178,244.4042,-386.6621,318.7027
2026-04-29 04:56:50.522,179,245.1925,-389.1045,320.6040
2026-04-29 04:56:50.527,180,245.3829,-392.4598,321.1110
2026-04-29 04:56:50.531,181,245.7273,-395.2130,322.1740
2026-04-29 04:56:50.535,182,246.7162,-397.6581,323.7670
2026-04-29 04:56:50.538,183,247.8971,-399.9128,325.1065
2026-04-29 04:56:50.541,184,248.8823,-402.6519,325.7776
2026-04-29 04:56:50.546,185,252.2178,-403.7790,330.0333
2026-04-29 04:56:50.552,186,252.5555,-407.2415,330.3207
2026-04-29 04:56:50.557,187,254.5949,-409.4907,332.8108
2026-04-29 04:56:50.564,188,256.0784,-411.6457,335.1174
2026-04-29 04:56:50.570,189,257.2632,-413.9908,336.9107
2026-04-29 04:56:50.575,190,258.5969,-416.1456,339.4105
2026-04-29 04:56:50.581,191,259.1840,-418.3116,340.9853
2026-04-29 04:56:50.587,192,261.6525,-419.3565,343.5832
2026-04-29 04:56:50.592,193,263.3764,-421.6940,345.0498
2026-04-29 04:56:50.598,194,265.1608,-423.6503,347.3294
2026-04-29 04:56:50.604,195,266.5496,-425.7063,349.1806
2026-04-29 04:56:50.610,196,267.7768,-427.4526,350.7590
2026-04-29 04:56:50.615,197,271.0951,-427.8702,354.4235
2026-04-29 04:56:50.621,198,271.6804,-430.0335,355.9871
2026-04-29 04:56:50.627,199,272.2644,-433.1034,357.2674
2026-04-29 04:56:50.633,200,273.9890,-435.5483,359.2520
2026-04-29 04:56:50.638,201,276.5111,-436.6889,362.7241
2026-04-29 04:56:50.644,202,278.6850,-438.5403,364.8974
2026-04-29 04:56:50.649,203,280.4063,-441.1032,367.3989
2026-04-29 04:56:50.655,204,282.2845,-443.1469,369.0616
2026-04-29 04:56:50.661,205,284.2579,-445.5032,371.6678
2026-04-29 04:56:50.666,206,285.5901,-448.8749,372.9798
2026-04-29 04:56:50.673,207,286.7760,-451.2344,374.7955
2026-04-29 04:56:50.678,208,288.5078,-452.6808,377.1144
2026-04-29 04:56:50.687,209,290.1886,-453.7376,378.9281
2026-04-29 04:56:50.690,210,292.3735,-455.1933,381.5099
2026-04-29 04:56:50.695,211,295.0456,-455.6155,384.2024
2026-04-29 04:56:50.699,212,296.8706,-456.7358,386.2798
2026-04-29 04:56:50.704,213,298.3573,-458.4835,388.4576
2026-04-29 04:56:50.712,214,299.8877,-460.4410,390.1642
2026-04-29 04:56:50.714,215,300.7159,-462.2962,391.8667
2026-04-29 04:56:50.717,216,302.8953,-463.7417,394.4400
2026-04-29 04:56:50.725,217,304.9142,-465.2785,396.3397
2026-04-29 04:56:50.731,218,306.9949,-466.9338,398.6197
2026-04-29 04:56:50.737,219,309.3670,-467.7520,401.2667
2026-04-29 04:56:50.742,220,310.6001,-469.9945,402.4137
2026-04-29 04:56:50.748,221,312.1771,-470.9178,404.7768
2026-04-29 04:56:50.753,222,313.8568,-473.0728,406.7711
2026-04-29 04:56:50.759,223,314.8385,-476.3280,407.5639
2026-04-29 04:56:50.766,224,316.5711,-477.8599,409.8264
2026-04-29 04:56:50.770,225,320.7988,-478.9766,414.2907
2026-04-29 04:56:50.776,226,322.3773,-480.4134,416.7707
2026-04-29 04:56:50.780,227,325.1504,-480.6226,419.7369
2026-04-29 04:56:50.786,228,327.6743,-482.0585,422.8311
2026-04-29 04:56:50.789,229,330.4528,-482.8774,425.8821
2026-04-29 04:56:50.793,230,332.3319,-484.9221,428.0787
2026-04-29 04:56:50.798,231,333.1656,-487.3865,429.8618
2026-04-29 04:56:50.803,232,334.3956,-489.1318,431.4477
2026-04-29 04:56:50.808,233,337.6173,-490.2679,434.9434
2026-04-29 04:56:50.812,234,339.0892,-491.9174,437.1388
2026-04-29 04:56:50.817,235,341.6149,-493.8579,439.8053
2026-04-29 04:56:50.821,236,343.7352,-494.7882,442.3867
2026-04-29 04:56:50.825,237,346.2579,-495.4170,445.7384
2026-04-29 04:56:50.830,238,348.3809,-497.6872,447.1443
2026-04-29 04:56:50.834,239,350.4127,-499.5384,449.4834
2026-04-29 04:56:50.840,240,352.5888,-501.1799,451.1505
2026-04-29 04:56:50.845,241,354.4658,-502.2096,453.0988
2026-04-29 04:56:50.849,242,356.7447,-503.2378,455.4451
2026-04-29 04:56:50.854,243,358.9303,-505.0836,457.5868
2026-04-29 04:56:50.859,244,360.9681,-506.7220,459.4261
2026-04-29 04:56:50.863,245,363.2550,-508.6589,461.4824
2026-04-29 04:56:50.868,246,364.4950,-510.5147,463.5569
2026-04-29 04:56:50.872,247,366.1325,-512.2605,465.5130
2026-04-29 04:56:50.877,248,367.5213,-514.2163,467.3695
2026-04-29 04:56:50.881,249,369.1583,-515.9621,469.3241
2026-04-29 04:56:50.885,250,371.9397,-517.3982,472.9793
2026-04-29 04:56:50.890,251,373.6672,-519.3482,475.3722
2026-04-29 04:56:50.895,252,375.1491,-520.6983,477.9145
2026-04-29 04:56:50.899,253,376.2279,-522.9578,479.7773
2026-04-29 04:56:50.906,254,378.8993,-523.9879,482.5212
2026-04-29 04:56:50.911,255,381.1712,-525.0172,484.8627
2026-04-29 04:56:50.916,256,384.0978,-526.0464,488.1862
2026-04-29 04:56:50.921,257,385.5795,-528.7082,490.0456
2026-04-29 04:56:50.923,258,387.6056,-530.0606,492.8080
2026-04-29 04:56:50.925,259,388.8270,-531.9232,494.8859
2026-04-29 04:56:50.929,260,390.7566,-533.9873,496.9283
2026-04-29 04:56:50.935,261,393.6156,-533.9873,500.1525
2026-04-29 04:56:50.940,262,395.4300,-536.1280,502.4307
2026-04-29 04:56:50.947,263,399.0921,-536.6386,506.5786
2026-04-29 04:56:50.952,264,401.7065,-537.8706,509.9462
2026-04-29 04:56:50.956,265,404.9283,-539.1166,513.3963
2026-04-29 04:56:50.959,266,406.9599,-541.3768,515.3289
2026-04-29 04:56:50.962,267,408.4309,-543.0365,517.5130
2026-04-29 04:56:50.965,268,410.9543,-544.5858,520.5639
2026-04-29 04:56:50.968,269,414.1245,-545.9232,524.1163
2026-04-29 04:56:50.973,270,416.0993,-548.1754,526.1874
2026-04-29 04:56:50.979,271,418.7750,-549.6149,528.5420
2026-04-29 04:56:50.984,272,422.2046,-550.2282,532.0798
2026-04-29 04:56:50.990,273,424.5867,-551.0545,534.7176
2026-04-29 04:56:50.996,274,426.8164,-552.2934,537.6880
2026-04-29 04:56:51.002,275,430.2966,-552.9328,541.6435
2026-04-29 04:56:51.008,276,431.3785,-554.2993,543.7982
2026-04-29 04:56:51.014,277,433.2619,-556.8651,545.5555
2026-04-29 04:56:51.019,278,434.7402,-558.4178,547.2284
2026-04-29 04:56:51.024,279,437.3679,-559.6568,550.6022
2026-04-29 04:56:51.029,280,439.0985,-561.2093,552.8630
2026-04-29 04:56:51.034,281,442.0268,-561.8482,556.6095
2026-04-29 04:56:51.039,282,442.5204,-565.2686,557.5729
2026-04-29 04:56:51.043,283,444.3082,-567.3495,559.8212
2026-04-29 04:56:51.048,284,446.4300,-569.2042,562.1157
2026-04-29 04:56:51.052,285,449.1108,-570.4608,565.3647
2026-04-29 04:56:51.056,286,450.7964,-572.3614,567.7280
2026-04-29 04:56:51.061,287,452.7664,-573.7042,570.0900
2026-04-29 04:56:51.064,288,456.0825,-574.1325,573.7523
2026-04-29 04:56:51.067,289,459.0043,-574.7764,577.4974
2026-04-29 04:56:51.070,290,462.5687,-575.2070,581.7425
2026-04-29 04:56:51.074,291,464.4319,-576.7671,583.8175
2026-04-29 04:56:51.076,292,466.2404,-578.5274,586.5099
2026-04-29 04:56:51.079,293,468.9032,-579.5730,589.2735
2026-04-29 04:56:51.081,294,471.1125,-580.3024,592.1353
2026-04-29 04:56:51.085,295,474.8192,-580.7315,596.1971
2026-04-29 04:56:51.092,296,477.0786,-581.8920,599.0718
2026-04-29 04:56:51.098,297,479.8349,-582.3225,602.5162
2026-04-29 04:56:51.104,298,482.2802,-583.3527,605.5930
2026-04-29 04:56:51.109,299,483.2480,-585.7419,606.6717
2026-04-29 04:56:51.115,300,484.2256,-587.9456,608.6341
2026-04-29 04:56:51.120,301,484.8040,-591.3482,608.9983
2026-04-29 04:56:51.125,302,486.7393,-594.4518,610.7486
2026-04-29 04:56:51.130,303,491.1962,-594.4518,615.5989
2026-04-29 04:56:51.133,304,494.5623,-595.7167,618.8766
2026-04-29 04:56:51.137,305,496.9271,-596.1493,621.9214
2026-04-29 04:56:51.140,306,497.3557,-599.4609,622.4984
2026-04-29 04:56:51.147,307,499.7787,-600.7243,625.1610
2026-04-29 04:56:51.152,308,502.5997,-601.9890,628.2206
2026-04-29 04:56:51.158,309,504.4666,-603.1527,630.6939
2026-04-29 04:56:51.162,310,507.9319,-604.2016,634.2509
2026-04-29 04:56:51.166,311,510.0522,-605.7679,636.9074
2026-04-29 04:56:51.173,312,512.5706,-606.8178,639.8481
2026-04-29 04:56:51.177,313,514.7808,-608.0676,642.8229
2026-04-29 04:56:51.182,314,515.8076,-609.9830,644.1949
2026-04-29 04:56:51.185,315,518.4672,-610.6325,647.3495
2026-04-29 04:56:51.190,316,521.3810,-612.1980,650.8027
2026-04-29 04:56:51.195,317,522.6076,-614.9989,652.0577
2026-04-29 04:56:51.200,318,525.3679,-615.4325,655.4971
2026-04-29 04:56:51.204,319,527.2369,-617.7343,658.1705
2026-04-29 04:56:51.207,320,528.0851,-620.3198,659.9941
2026-04-29 04:56:51.210,321,530.8465,-622.0713,662.7611
2026-04-29 04:56:51.216,322,532.8635,-623.4588,665.5429
2026-04-29 04:56:51.222,323,534.6674,-624.7106,668.1251
2026-04-29 04:56:51.228,324,536.4357,-626.5964,669.8945
2026-04-29 04:56:51.233,325,538.2066,-628.4812,671.6614
2026-04-29 04:56:51.241,326,541.2691,-630.0497,674.9402
2026-04-29 04:56:51.245,327,544.0301,-631.0029,678.5054
2026-04-29 04:56:51.251,328,547.4339,-631.2207,682.4559
2026-04-29 04:56:51.257,329,550.6826,-631.7388,686.2214
2026-04-29 04:56:51.263,330,552.9518,-633.0111,689.0735
2026-04-29 04:56:51.271,331,555.1553,-634.6655,691.6566
2026-04-29 04:56:51.274,332,556.6150,-636.7556,693.4567
2026-04-29 04:56:51.279,333,558.4835,-638.1453,696.4270
2026-04-29 04:56:51.285,334,560.6832,-638.8813,699.3001
2026-04-29 04:56:51.291,335,562.2377,-640.8705,701.9041
2026-04-29 04:56:51.297,336,562.9887,-642.8583,703.7088
2026-04-29 04:56:51.303,337,565.1423,-645.0452,705.5165
2026-04-29 04:56:51.308,338,568.0423,-645.8810,708.3937
2026-04-29 04:56:51.314,339,569.5653,-648.9045,709.7840
2026-04-29 04:56:51.320,340,571.3717,-651.0762,712.0877
2026-04-29 04:56:51.326,341,572.1971,-653.0824,713.7683
2026-04-29 04:56:51.330,342,575.3563,-653.9179,717.2361
2026-04-29 04:56:51.336,343,578.2618,-654.7535,720.1163
2026-04-29 04:56:51.342,344,580.1340,-656.0236,722.5815
2026-04-29 04:56:51.348,345,582.1508,-657.8115,724.9736
2026-04-29 04:56:51.354,346,584.5769,-659.7004,727.7378
2026-04-29 04:56:51.360,347,586.0466,-660.5712,730.2020
2026-04-29 04:56:51.366,348,588.3166,-662.6419,732.2662
2026-04-29 04:56:51.371,349,590.0229,-663.5940,734.4566
2026-04-29 04:56:51.378,350,592.3819,-664.5454,737.6346
2026-04-29 04:56:51.383,351,594.1521,-666.4305,739.4108
2026-04-29 04:56:51.390,352,596.0112,-667.0808,741.7848
2026-04-29 04:56:51.395,353,599.1676,-667.5141,745.6445
2026-04-29 04:56:51.401,354,600.4792,-669.9972,747.2325
2026-04-29 04:56:51.406,355,603.6269,-670.2137,750.6090
2026-04-29 04:56:51.412,356,605.7404,-671.2624,753.1693
2026-04-29 04:56:51.418,357,607.2645,-673.3592,754.8425
2026-04-29 04:56:51.423,358,610.2366,-675.6408,757.4124
2026-04-29 04:56:51.430,359,612.3537,-677.2081,760.0832
2026-04-29 04:56:51.435,360,615.3611,-677.4247,763.6399
2026-04-29 04:56:51.441,361,618.4238,-678.8752,766.4108
2026-04-29 04:56:51.444,362,621.1888,-679.8261,769.9805
2026-04-29 04:56:51.448,363,622.8167,-682.5107,771.1363
2026-04-29 04:56:51.452,364,624.3405,-684.9117,772.4342
2026-04-29 04:56:51.456,365,627.7583,-685.1286,776.3865
2026-04-29 04:56:51.460,366,631.3837,-686.7978,779.8514
2026-04-29 04:56:51.465,367,632.6151,-688.4039,782.3163
2026-04-29 04:56:51.470,368,635.1375,-689.4566,785.2677
2026-04-29 04:56:51.473,369,637.6584,-690.1099,788.6191
2026-04-29 04:56:51.476,370,638.5401,-692.0330,790.1854
2026-04-29 04:56:51.481,371,639.6653,-693.7369,791.8477
2026-04-29 04:56:51.485,372,642.2710,-694.8709,794.7100
2026-04-29 04:56:51.488,373,644.1413,-696.6571,797.2735
2026-04-29 04:56:51.491,374,646.2555,-697.8269,800.3388
2026-04-29 04:56:51.495,375,649.3131,-698.8789,803.5025
2026-04-29 04:56:51.499,376,652.2270,-701.2500,806.1672
2026-04-29 04:56:51.503,377,654.0994,-703.3217,807.8173
2026-04-29 04:56:51.507,378,656.2146,-705.1931,810.1124
2026-04-29 04:56:51.512,379,659.2290,-705.4109,813.6632
2026-04-29 04:56:51.516,380,662.0422,-706.0641,816.6437
2026-04-29 04:56:51.520,381,663.6111,-707.4169,818.6062
2026-04-29 04:56:51.524,382,664.2439,-711.0544,818.4994
2026-04-29 04:56:51.528,383,666.4180,-712.8412,820.6885
2026-04-29 04:56:51.532,384,669.9934,-713.6759,824.5292
2026-04-29 04:56:51.536,385,671.9688,-715.0286,826.8868
2026-04-29 04:56:51.539,386,673.9473,-717.2980,828.9609
2026-04-29 04:56:51.542,387,676.2279,-719.3866,831.5530
2026-04-29 04:56:51.545,388,678.5559,-720.2577,833.8408
2026-04-29 04:56:51.548,389,680.4395,-721.6460,836.7961
2026-04-29 04:56:51.552,390,683.1228,-723.3172,839.6363
2026-04-29 04:56:51.557,391,685.4990,-723.7528,842.6765
2026-04-29 04:56:51.562,392,689.0752,-724.9884,846.1167
2026-04-29 04:56:51.567,393,691.5143,-727.6789,848.0569
2026-04-29 04:56:51.572,394,693.0523,-729.5707,849.2263
2026-04-29 04:56:51.576,395,695.1896,-730.6244,851.7617
2026-04-29 04:56:51.579,396,698.2240,-731.8790,855.5315
2026-04-29 04:56:51.585,397,701.1595,-732.5341,859.2699
2026-04-29 04:56:51.590,398,702.4957,-734.5072,860.7247
2026-04-29 04:56:51.595,399,704.2288,-735.8608,862.4961
2026-04-29 04:56:51.599,400,704.8176,-738.3835,863.6843
2026-04-29 04:56:51.603,401,707.1037,-739.4358,866.0381
2026-04-29 04:56:51.608,402,710.5367,-740.1708,870.0919
2026-04-29 04:56:51.613,403,712.1724,-741.5585,872.4631
2026-04-29 04:56:51.617,404,712.8572,-743.4626,874.3341
2026-04-29 04:56:51.622,405,714.8913,-744.5495,877.4750
2026-04-29 04:56:51.625,406,717.5640,-745.7193,880.7485
2026-04-29 04:56:51.632,407,718.4891,-748.3254,882.4373
2026-04-29 04:56:51.637,408,719.5594,-750.0129,884.2288
2026-04-29 04:56:51.643,409,722.1736,-751.0998,886.6337
2026-04-29 04:56:51.648,410,724.4509,-753.2878,889.1868
2026-04-29 04:56:51.655,411,726.8205,-754.6406,891.9406
2026-04-29 04:56:51.660,412,728.6369,-756.4115,894.6292
2026-04-29 04:56:51.665,413,731.0598,-757.6834,897.2872
2026-04-29 04:56:51.671,414,733.3369,-759.3548,899.7279
2026-04-29 04:56:51.676,415,734.0139,-761.2610,901.6025
2026-04-29 04:56:51.683,416,736.1353,-763.2320,903.8622
2026-04-29 04:56:51.689,417,737.4577,-764.8023,905.7237
2026-04-29 04:56:51.694,418,738.7796,-767.4060,907.8185
2026-04-29 04:56:51.699,419,740.6575,-769.8751,909.0692
2026-04-29 04:56:51.706,420,742.0435,-771.5792,911.3198
2026-04-29 04:56:51.711,421,745.0608,-771.7964,914.8705
2026-04-29 04:56:51.717,422,747.3378,-773.5821,917.8368
2026-04-29 04:56:51.722,423,750.3095,-775.7692,920.4318
2026-04-29 04:56:51.728,424,752.2805,-776.2050,923.0807
2026-04-29 04:56:51.734,425,754.3047,-777.0748,925.7434
2026-04-29 04:56:51.740,426,757.0269,-778.5622,928.5175
2026-04-29 04:56:51.745,427,760.8413,-779.1802,932.4597
2026-04-29 04:56:51.751,428,763.6571,-779.8339,935.4312
2026-04-29 04:56:51.757,429,765.2288,-782.1049,937.1023
2026-04-29 04:56:51.763,430,767.2029,-783.3401,938.9429
2026-04-29 04:56:51.766,431,770.1315,-784.3921,942.2835
2026-04-29 04:56:51.770,432,772.3143,-786.6793,944.0391
2026-04-29 04:56:51.776,433,773.7930,-788.2488,945.7095
2026-04-29 04:56:51.780,434,775.8247,-789.1172,948.3631
2026-04-29 04:56:51.785,435,779.9478,-789.5518,952.8131
2026-04-29 04:56:51.790,436,783.1226,-789.9876,956.6463
2026-04-29 04:56:51.794,437,785.4030,-791.6588,959.0794
2026-04-29 04:56:51.799,438,787.0317,-793.4472,961.0457
2026-04-29 04:56:51.804,439,789.5539,-794.8005,963.6106
2026-04-29 04:56:51.808,440,792.9766,-796.0539,967.7775
2026-04-29 04:56:51.813,441,795.3520,-797.4083,970.5295
2026-04-29 04:56:51.818,442,796.3747,-800.2171,972.6499
2026-04-29 04:56:51.822,443,798.3020,-801.8270,975.1378
2026-04-29 04:56:51.827,444,800.1214,-803.4819,977.3105
2026-04-29 04:56:51.831,445,803.9429,-804.6192,981.3693
2026-04-29 04:56:51.836,446,805.9125,-805.8747,983.7604
2026-04-29 04:56:51.841,447,807.6951,-807.7669,985.5198
2026-04-29 04:56:51.845,448,810.3708,-808.9407,988.7929
2026-04-29 04:56:51.850,449,812.7458,-810.2969,991.5510
2026-04-29 04:56:51.855,450,815.9225,-811.1341,994.9936
2026-04-29 04:56:51.860,451,817.7454,-812.3900,997.5678
2026-04-29 04:56:51.866,452,818.7340,-815.8195,998.3290
2026-04-29 04:56:51.871,453,820.1208,-819.1505,999.5211
2026-04-29 04:56:51.877,454,821.8554,-819.8063,1002.0683
2026-04-29 04:56:51.882,455,823.8872,-820.6796,1004.7294
2026-04-29 04:56:51.888,456,825.6707,-822.5704,1006.4889
2026-04-29 04:56:51.894,457,827.5507,-824.6619,1008.6787
2026-04-29 04:56:51.900,458,829.1830,-826.8532,1010.2530
2026-04-29 04:56:51.906,459,832.3664,-828.0895,1013.2957
2026-04-29 04:56:51.912,460,834.7529,-829.4446,1016.0552
2026-04-29 04:56:51.917,461,835.4379,-831.6540,1017.5633
2026-04-29 04:56:51.923,462,836.2204,-833.6441,1019.3565
2026-04-29 04:56:51.929,463,837.9561,-835.6153,1021.2225
2026-04-29 04:56:51.935,464,841.6938,-837.5873,1025.0891
2026-04-29 04:56:51.940,465,843.8324,-838.6422,1027.6415
2026-04-29 04:56:51.945,466,846.6197,-839.9974,1030.8096
2026-04-29 04:56:51.955,467,848.0105,-842.9269,1032.4078
2026-04-29 04:56:51.960,468,849.6497,-845.1197,1033.9900
2026-04-29 04:56:51.965,469,851.2424,-847.3936,1035.6737
2026-04-29 04:56:51.969,470,854.1855,-848.0490,1039.4297
2026-04-29 04:56:51.975,471,854.7776,-850.1781,1041.0282
2026-04-29 04:56:51.980,472,857.7155,-850.8336,1044.7847
2026-04-29 04:56:51.986,473,860.3990,-851.4892,1047.9539
2026-04-29 04:56:51.992,474,862.7805,-852.4445,1051.1234
2026-04-29 04:56:51.997,475,865.4098,-853.5812,1053.9936
2026-04-29 04:56:52.003,476,867.9410,-854.9368,1056.5788
2026-04-29 04:56:52.010,477,870.7244,-855.3739,1060.0350
2026-04-29 04:56:52.016,478,873.6024,-855.8923,1063.4067
2026-04-29 04:56:52.021,479,875.7377,-856.9467,1065.9642
2026-04-29 04:56:52.027,480,877.3771,-858.8371,1067.9216
2026-04-29 04:56:52.032,481,879.1083,-860.1907,1069.7074
2026-04-29 04:56:52.039,482,881.5443,-861.4615,1072.3765
2026-04-29 04:56:52.043,483,884.7278,-862.2970,1075.8311
2026-04-29 04:56:52.049,484,887.2646,-863.7504,1078.3857
2026-04-29 04:56:52.055,485,890.7495,-864.4041,1082.3545
2026-04-29 04:56:52.060,486,893.1853,-865.2766,1085.4211
2026-04-29 04:56:52.066,487,895.3144,-866.2305,1088.0015
2026-04-29 04:56:52.072,488,899.8430,-866.6674,1092.8660
2026-04-29 04:56:52.078,489,901.7217,-867.3229,1095.2287
2026-04-29 04:56:52.083,490,904.0490,-868.5958,1097.1190
2026-04-29 04:56:52.089,491,905.6296,-870.4680,1099.1922
2026-04-29 04:56:52.095,492,908.8112,-871.8223,1102.7511
2026-04-29 04:56:52.101,493,910.0436,-873.2134,1104.7245
2026-04-29 04:56:52.107,494,912.8172,-873.9495,1107.7987
2026-04-29 04:56:52.111,495,914.7015,-876.5399,1109.5574
2026-04-29 04:56:52.117,496,916.8365,-877.5937,1112.1005
2026-04-29 04:56:52.122,497,918.9703,-878.2473,1115.0436
2026-04-29 04:56:52.127,498,921.2552,-879.5185,1117.8868
2026-04-29 04:56:52.131,499,923.8801,-879.7363,1121.0299
2026-04-29 04:56:52.136,500,926.8123,-881.1890,1123.9731
2026-04-29 04:56:52.141,501,929.8914,-882.3605,1127.6484
2026-04-29 04:56:52.145,502,932.4241,-883.8146,1130.1908
2026-04-29 04:56:52.148,503,934.8555,-885.0868,1132.8472
2026-04-29 04:56:52.151,504,938.0370,-886.3231,1135.8876
2026-04-29 04:56:52.155,505,940.1237,-888.4324,1137.7575
2026-04-29 04:56:52.160,506,942.2551,-889.3871,1140.3259
2026-04-29 04:56:52.164,507,945.4337,-889.6050,1143.6778
2026-04-29 04:56:52.166,508,948.6162,-890.0412,1147.5115
2026-04-29 04:56:52.170,509,952.9967,-890.4780,1152.5452
2026-04-29 04:56:52.174,510,955.1292,-891.9338,1154.6789
2026-04-29 04:56:52.177,511,957.5103,-892.3707,1157.7126
2026-04-29 04:56:52.181,512,958.1902,-895.4986,1158.9303
2026-04-29 04:56:52.184,513,959.4221,-896.8896,1160.8990
2026-04-29 04:56:52.188,514,961.9523,-898.4622,1163.9524
2026-04-29 04:56:52.193,515,963.6822,-900.1537,1166.7234
2026-04-29 04:56:52.198,516,966.2629,-901.6462,1169.6792
2026-04-29 04:56:52.202,517,968.7846,-903.0024,1172.2489
2026-04-29 04:56:52.207,518,971.0674,-904.6768,1174.6859
2026-04-29 04:56:52.212,519,971.9617,-908.0263,1175.5230
2026-04-29 04:56:52.216,520,975.1412,-909.3823,1179.0772
2026-04-29 04:56:52.220,521,978.0735,-910.4392,1182.4155
2026-04-29 04:56:52.224,522,981.4540,-912.1167,1185.2852
2026-04-29 04:56:52.227,523,982.6357,-914.1139,1187.4711
2026-04-29 04:56:52.230,524,984.0157,-915.5099,1189.2572
2026-04-29 04:56:52.233,525,985.5468,-917.5247,1190.9409
2026-04-29 04:56:52.235,526,987.2772,-918.1816,1193.4737
2026-04-29 04:56:52.237,527,988.8528,-919.6567,1195.9403
2026-04-29 04:56:52.240,528,992.6745,-919.8755,1200.2756
2026-04-29 04:56:52.242,529,993.2561,-922.8069,1201.0591
2026-04-29 04:56:52.245,530,994.8846,-924.6005,1203.0263
2026-04-29 04:56:52.248,531,997.9065,-925.3379,1206.6789
2026-04-29 04:56:52.253,532,998.9862,-927.6505,1208.5490
2026-04-29 04:56:52.258,533,1000.7143,-929.1065,1210.2877
2026-04-29 04:56:52.264,534,1003.4901,-930.9808,1213.5594
2026-04-29 04:56:52.267,535,1004.9706,-932.3745,1216.1172
2026-04-29 04:56:52.272,536,1007.4972,-933.4308,1219.0596
2026-04-29 04:56:52.277,537,1008.2220,-935.9609,1220.0646
2026-04-29 04:56:52.283,538,1009.9489,-938.8538,1221.6393
2026-04-29 04:56:52.288,539,1011.5781,-941.0468,1223.2139
2026-04-29 04:56:52.293,540,1013.7082,-942.2210,1226.2730
2026-04-29 04:56:52.299,541,1016.4847,-943.4581,1228.9167
2026-04-29 04:56:52.304,542,1020.4621,-943.8952,1233.5605
2026-04-29 04:56:52.309,543,1021.9473,-946.8896,1234.5208
2026-04-29 04:56:52.314,544,1022.3867,-950.2211,1235.0985
2026-04-29 04:56:52.319,545,1024.0257,-951.7146,1237.4458
2026-04-29 04:56:52.323,546,1026.3115,-952.5895,1240.6932
2026-04-29 04:56:52.328,547,1029.4932,-953.8269,1243.7405
2026-04-29 04:56:52.332,548,1031.6752,-954.7015,1246.2171
2026-04-29 04:56:52.337,549,1033.6085,-956.7137,1248.3069
2026-04-29 04:56:52.341,550,1035.1884,-958.1883,1250.7806
2026-04-29 04:56:52.346,551,1036.6734,-960.3812,1252.5407
2026-04-29 04:56:52.350,552,1038.4070,-962.3553,1254.4015
2026-04-29 04:56:52.355,553,1041.4888,-963.0109,1257.9620
2026-04-29 04:56:52.360,554,1042.3742,-965.2408,1259.1509
2026-04-29 04:56:52.364,555,1044.1062,-966.8147,1261.4090
2026-04-29 04:56:52.369,556,1045.8905,-968.8252,1263.6826
2026-04-29 04:56:52.371,557,1046.8734,-971.7546,1264.8718
2026-04-29 04:56:52.374,558,1049.5592,-973.4289,1267.7140
2026-04-29 04:56:52.378,559,1052.3908,-974.3039,1271.1714
2026-04-29 04:56:52.381,560,1055.5684,-974.7417,1275.0118
2026-04-29 04:56:52.384,561,1057.1447,-977.1363,1277.2021
2026-04-29 04:56:52.390,562,1058.7815,-979.4310,1278.7460
2026-04-29 04:56:52.395,563,1061.0662,-980.7068,1281.5898
2026-04-29 04:56:52.400,564,1063.8926,-981.7635,1284.1629
2026-04-29 04:56:52.404,565,1065.7770,-983.0389,1286.6030
2026-04-29 04:56:52.407,566,1066.6665,-986.2899,1287.4743
2026-04-29 04:56:52.412,567,1069.2954,-987.4274,1290.3306
2026-04-29 04:56:52.416,568,1071.9250,-988.1651,1293.5880
2026-04-29 04:56:52.420,569,1074.4578,-988.8216,1296.9297
2026-04-29 04:56:52.423,570,1077.7878,-989.4782,1301.0715
2026-04-29 04:56:52.426,571,1079.1198,-992.3735,1302.2458
2026-04-29 04:56:52.428,572,1080.6048,-993.6487,1304.2899
2026-04-29 04:56:52.431,573,1083.8792,-993.6487,1307.9340
2026-04-29 04:56:52.434,574,1086.1537,-994.6043,1310.3242
2026-04-29 04:56:52.439,575,1088.9325,-995.0410,1313.7658
2026-04-29 04:56:52.443,576,1090.9682,-997.3334,1315.7074
2026-04-29 04:56:52.445,577,1094.0529,-998.6082,1319.3490
2026-04-29 04:56:52.449,578,1097.3273,-998.6082,1322.9905
2026-04-29 04:56:52.452,579,1100.9068,-999.4456,1326.8321
2026-04-29 04:56:52.454,580,1104.3340,-1000.1832,1330.8900
2026-04-29 04:56:52.458,581,1105.9708,-1002.5977,1332.9486
2026-04-29 04:56:52.463,582,1107.3020,-1004.1739,1334.8086
2026-04-29 04:56:52.465,583,1109.2328,-1005.2683,1337.1828
2026-04-29 04:56:52.467,584,1112.8096,-1005.7066,1341.4242
2026-04-29 04:56:52.470,585,1115.8323,-1005.9256,1344.9656
2026-04-29 04:56:52.473,586,1116.5731,-1009.0581,1345.5070
2026-04-29 04:56:52.476,587,1119.3517,-1010.8152,1348.2643
2026-04-29 04:56:52.479,588,1121.2322,-1012.9101,1350.4542
2026-04-29 04:56:52.483,589,1123.8617,-1014.0481,1353.3136
2026-04-29 04:56:52.486,590,1126.1438,-1015.1049,1355.6720
2026-04-29 04:56:52.490,591,1128.1263,-1016.4617,1358.0305
2026-04-29 04:56:52.493,592,1130.0093,-1018.5559,1360.2208
2026-04-29 04:56:52.497,593,1131.2405,-1020.7687,1361.9433
2026-04-29 04:56:52.500,594,1132.8753,-1022.5624,1363.9181
2026-04-29 04:56:52.504,595,1135.4053,-1023.5185,1366.8919
2026-04-29 04:56:52.508,596,1138.4353,-1024.6561,1370.1506
2026-04-29 04:56:52.511,597,1140.0198,-1026.4120,1371.7098
2026-04-29 04:56:52.515,598,1142.9530,-1027.3679,1375.0861
2026-04-29 04:56:52.518,599,1146.7851,-1027.5865,1379.4300
2026-04-29 04:56:52.523,600,1149.5685,-1028.0240,1382.8740
2026-04-29 04:56:52.528,601,1152.7467,-1028.7616,1386.3491
2026-04-29 04:56:52.533,602,1155.3782,-1029.3803,1389.0923
2026-04-29 04:56:52.538,603,1157.9152,-1030.8360,1391.6356
2026-04-29 04:56:52.543,604,1160.6043,-1032.6302,1394.9945
2026-04-29 04:56:52.546,605,1163.6376,-1033.2490,1398.1389
2026-04-29 04:56:52.551,606,1165.9261,-1035.0433,1401.0991
2026-04-29 04:56:52.556,607,1168.4641,-1036.5007,1403.6446
2026-04-29 04:56:52.560,608,1170.6011,-1037.6768,1406.7063
2026-04-29 04:56:52.566,609,1173.6844,-1038.3340,1410.2682
2026-04-29 04:56:52.570,610,1176.2188,-1038.9914,1413.6130
2026-04-29 04:56:52.575,611,1177.6472,-1040.2486,1415.7903
2026-04-29 04:56:52.580,612,1179.9322,-1041.5242,1418.6374
2026-04-29 04:56:52.584,613,1184.1593,-1042.1433,1422.9844
2026-04-29 04:56:52.589,614,1186.6868,-1043.1010,1425.9626
2026-04-29 04:56:52.595,615,1190.3617,-1043.1010,1430.0090
2026-04-29 04:56:52.599,616,1193.1415,-1043.5394,1433.4553
2026-04-29 04:56:52.603,617,1196.2203,-1044.5968,1436.6167
2026-04-29 04:56:52.608,618,1198.7530,-1046.0547,1439.1613
2026-04-29 04:56:52.613,619,1200.1431,-1048.1703,1441.0060
2026-04-29 04:56:52.617,620,1201.2273,-1050.4856,1442.8823
2026-04-29 04:56:52.623,621,1204.1552,-1051.3241,1445.7439
2026-04-29 04:56:52.628,622,1206.3826,-1052.0623,1448.6045
2026-04-29 04:56:52.633,623,1207.3147,-1054.1571,1450.1823
2026-04-29 04:56:52.638,624,1210.6424,-1055.5136,1453.5605
2026-04-29 04:56:52.646,625,1212.5280,-1057.3089,1456.1242
2026-04-29 04:56:52.651,626,1215.0552,-1058.7858,1459.2184
2026-04-29 04:56:52.656,627,1217.5813,-1059.7435,1462.1968
2026-04-29 04:56:52.661,628,1219.0661,-1062.8590,1463.6772
2026-04-29 04:56:52.665,629,1220.5466,-1064.0359,1465.7583
2026-04-29 04:56:52.670,630,1223.6287,-1065.4934,1468.5219
2026-04-29 04:56:52.675,631,1226.4117,-1066.8514,1471.6854
2026-04-29 04:56:52.679,632,1228.1987,-1068.3483,1473.8483
2026-04-29 04:56:52.684,633,1231.2806,-1069.0062,1477.4103
2026-04-29 04:56:52.688,634,1233.9666,-1070.6840,1480.2563
2026-04-29 04:56:52.692,635,1234.7045,-1072.9204,1481.6330
2026-04-29 04:56:52.697,636,1236.9845,-1074.4981,1484.1098
2026-04-29 04:56:52.702,637,1239.8178,-1075.7760,1487.1684
2026-04-29 04:56:52.706,638,1241.8567,-1078.0743,1489.1113
2026-04-29 04:56:52.711,639,1243.5904,-1078.7329,1491.6543
2026-04-29 04:56:52.717,640,1246.2703,-1079.7910,1494.4121
2026-04-29 04:56:52.723,641,1247.8508,-1080.7488,1496.7699
2026-04-29 04:56:52.728,642,1249.5773,-1082.2256,1499.0595
2026-04-29 04:56:52.734,643,1251.7086,-1082.8826,1502.0022
2026-04-29 04:56:52.739,644,1253.8915,-1084.8967,1504.6763
2026-04-29 04:56:52.745,645,1256.6692,-1086.1351,1507.3184
2026-04-29 04:56:52.751,646,1257.6579,-1087.4491,1509.5605
2026-04-29 04:56:52.756,647,1260.7319,-1088.5063,1512.7181
2026-04-29 04:56:52.762,648,1262.0605,-1091.4016,1513.8912
2026-04-29 04:56:52.768,649,1264.9859,-1092.3589,1517.2641
2026-04-29 04:56:52.773,650,1268.0113,-1093.4970,1520.5220
2026-04-29 04:56:52.779,651,1269.7422,-1095.0736,1522.7811
2026-04-29 04:56:52.784,652,1270.9807,-1098.2883,1523.6412
2026-04-29 04:56:52.789,653,1273.9172,-1100.6649,1526.3022
2026-04-29 04:56:52.793,654,1276.3541,-1101.9422,1528.9626
2026-04-29 04:56:52.796,655,1279.0403,-1103.0004,1531.7216
2026-04-29 04:56:52.800,656,1282.6262,-1103.4394,1535.9644
2026-04-29 04:56:52.804,657,1285.5620,-1104.4979,1539.3071
2026-04-29 04:56:52.809,658,1287.4497,-1105.3762,1542.1499
2026-04-29 04:56:52.812,659,1288.5357,-1108.2135,1544.1404
2026-04-29 04:56:52.815,660,1290.1725,-1109.7116,1546.4863
2026-04-29 04:56:52.818,661,1291.0045,-1112.4289,1547.3787
2026-04-29 04:56:52.821,662,1292.4900,-1114.2261,1549.5414
2026-04-29 04:56:52.824,663,1294.7704,-1115.2841,1551.9040
2026-04-29 04:56:52.826,664,1296.1561,-1117.7000,1553.3802
2026-04-29 04:56:52.830,665,1298.1390,-1119.4578,1555.3416
2026-04-29 04:56:52.835,666,1299.2219,-1121.1531,1557.1342
2026-04-29 04:56:52.840,667,1302.2522,-1121.3721,1560.6808
2026-04-29 04:56:52.844,668,1304.4829,-1122.5098,1563.1433
2026-04-29 04:56:52.849,669,1305.7133,-1124.2033,1564.7516
2026-04-29 04:56:52.854,670,1307.9429,-1124.9404,1567.6135
2026-04-29 04:56:52.858,671,1308.8761,-1127.0323,1569.1922
2026-04-29 04:56:52.863,672,1310.1586,-1129.9603,1570.0170
2026-04-29 04:56:52.868,673,1312.4415,-1130.6152,1572.7783
2026-04-29 04:56:52.872,674,1313.9282,-1132.4060,1574.9389
2026-04-29 04:56:52.877,675,1315.6625,-1133.9784,1577.2009
2026-04-29 04:56:52.881,676,1317.6434,-1134.9325,1579.9635
2026-04-29 04:56:52.886,677,1320.7246,-1135.9864,1583.1263
2026-04-29 04:56:52.891,678,1323.4059,-1137.0406,1585.8876
2026-04-29 04:56:52.895,679,1325.4823,-1137.5584,1588.4478
2026-04-29 04:56:52.900,680,1329.2104,-1137.9940,1592.5086
2026-04-29 04:56:52.904,681,1332.1429,-1139.0480,1595.8528
2026-04-29 04:56:52.909,682,1334.0280,-1140.3199,1598.2969
2026-04-29 04:56:52.913,683,1334.6176,-1143.3454,1599.0567
2026-04-29 04:56:52.918,684,1335.8078,-1145.8883,1600.3326
2026-04-29 04:56:52.922,685,1338.2890,-1147.3784,1602.5205
2026-04-29 04:56:52.927,686,1340.2698,-1148.7323,1604.8746
2026-04-29 04:56:52.932,687,1342.4511,-1150.1216,1607.4600
2026-04-29 04:56:52.936,688,1345.4788,-1151.2574,1610.7132
2026-04-29 04:56:52.941,689,1347.4594,-1152.7292,1613.5832
2026-04-29 04:56:52.946,690,1349.8343,-1153.4651,1616.2543
2026-04-29 04:56:52.950,691,1352.3614,-1153.9005,1619.1087
2026-04-29 04:56:52.955,692,1353.3505,-1156.1247,1621.0623
2026-04-29 04:56:52.960,693,1356.5275,-1156.5602,1624.9000
2026-04-29 04:56:52.965,694,1359.6091,-1157.8319,1628.5377
2026-04-29 04:56:52.969,695,1362.7851,-1159.1862,1632.0923
2026-04-29 04:56:52.974,696,1364.7615,-1160.9407,1634.0474
2026-04-29 04:56:52.978,697,1365.5385,-1162.9309,1635.8360
2026-04-29 04:56:52.983,698,1367.3212,-1164.4206,1637.9937
2026-04-29 04:56:52.988,699,1369.6049,-1167.4106,1639.7516
2026-04-29 04:56:52.994,700,1371.8841,-1168.0645,1642.5096
2026-04-29 04:56:52.999,701,1374.5625,-1168.7183,1645.6661
2026-04-29 04:56:53.004,702,1376.9927,-1169.5901,1648.7199
2026-04-29 04:56:53.010,703,1379.3681,-1170.0260,1651.7572
2026-04-29 04:56:53.015,704,1381.1490,-1171.9150,1653.5094
2026-04-29 04:56:53.021,705,1383.1762,-1172.7860,1656.1616
2026-04-29 04:56:53.027,706,1384.9498,-1174.5745,1657.9455
2026-04-29 04:56:53.032,707,1386.5778,-1177.2807,1659.6278
2026-04-29 04:56:53.037,708,1388.5543,-1179.0339,1661.5775
2026-04-29 04:56:53.042,709,1390.4380,-1180.7045,1663.6110
2026-04-29 04:56:53.047,710,1393.4631,-1181.4397,1667.2615
2026-04-29 04:56:53.052,711,1394.7937,-1183.5281,1669.2307
2026-04-29 04:56:53.057,712,1396.5245,-1185.3803,1670.5672
2026-04-29 04:56:53.061,713,1398.1586,-1188.0848,1672.2531
2026-04-29 04:56:53.066,714,1400.7879,-1188.8198,1675.5070
2026-04-29 04:56:53.071,715,1402.4253,-1189.9070,1678.2449
2026-04-29 04:56:53.076,716,1404.5086,-1191.7295,1681.0305
2026-04-29 04:56:53.080,717,1407.1849,-1192.7824,1683.7816
2026-04-29 04:56:53.085,718,1409.3143,-1194.7527,1686.0333
2026-04-29 04:56:53.090,719,1410.4510,-1197.7763,1687.0013
2026-04-29 04:56:53.093,720,1412.8885,-1199.6653,1689.7359
2026-04-29 04:56:53.097,721,1415.1746,-1201.8543,1692.2874
2026-04-29 04:56:53.100,722,1417.2086,-1204.0442,1694.2558
2026-04-29 04:56:53.103,723,1420.3904,-1204.4802,1698.0909
2026-04-29 04:56:53.106,724,1422.2761,-1206.6707,1700.2424
2026-04-29 04:56:53.112,725,1425.3537,-1207.6251,1703.4278
2026-04-29 04:56:53.118,726,1427.8877,-1208.6797,1706.3617
2026-04-29 04:56:53.124,727,1429.5791,-1211.0073,1708.3118
2026-04-29 04:56:53.129,728,1432.5077,-1211.4438,1711.5606
2026-04-29 04:56:53.134,729,1435.2880,-1211.8801,1714.9914
2026-04-29 04:56:53.138,730,1438.3679,-1212.9351,1718.1386
2026-04-29 04:56:53.143,731,1440.9951,-1213.1534,1721.2679
2026-04-29 04:56:53.148,732,1443.0278,-1214.8258,1723.1130
2026-04-29 04:56:53.153,733,1445.5606,-1215.4796,1726.4408
2026-04-29 04:56:53.158,734,1447.1919,-1216.8695,1728.8022
2026-04-29 04:56:53.162,735,1448.7701,-1219.2598,1730.9816
2026-04-29 04:56:53.167,736,1450.5002,-1219.9137,1733.5117
2026-04-29 04:56:53.172,737,1452.3826,-1222.5033,1735.2593
2026-04-29 04:56:53.177,738,1454.1088,-1223.8568,1737.0239
2026-04-29 04:56:53.181,739,1456.3934,-1224.7278,1740.2545
2026-04-29 04:56:53.186,740,1457.3236,-1227.3343,1741.9366
2026-04-29 04:56:53.190,741,1460.8952,-1227.5521,1745.6868
2026-04-29 04:56:53.195,742,1464.0718,-1227.9876,1749.5187
2026-04-29 04:56:53.200,743,1467.6477,-1228.9416,1753.8679
2026-04-29 04:56:53.204,744,1469.4224,-1230.3320,1756.0502
2026-04-29 04:56:53.209,745,1472.7440,-1231.6864,1759.4142
2026-04-29 04:56:53.214,746,1474.7184,-1233.0409,1761.7621
2026-04-29 04:56:53.218,747,1478.4473,-1234.4957,1765.4933
2026-04-29 04:56:53.221,748,1479.2822,-1237.0245,1767.2588
2026-04-29 04:56:53.225,749,1481.7099,-1237.8983,1770.3085
2026-04-29 04:56:53.230,750,1483.4370,-1239.9907,1772.6746
2026-04-29 04:56:53.235,751,1484.1718,-1243.4200,1772.8412
2026-04-29 04:56:53.240,752,1486.3954,-1244.6754,1775.8085
2026-04-29 04:56:53.244,753,1487.8772,-1246.8675,1777.5604
2026-04-29 04:56:53.247,754,1489.3542,-1248.0406,1779.6287
2026-04-29 04:56:53.249,755,1491.4826,-1249.2135,1782.6812
2026-04-29 04:56:53.252,756,1493.7631,-1250.4866,1785.5175
2026-04-29 04:56:53.260,757,1496.0896,-1251.5779,1788.2850
2026-04-29 04:56:53.263,758,1499.0163,-1253.0327,1791.2183
2026-04-29 04:56:53.266,759,1501.9899,-1254.7064,1793.6842
2026-04-29 04:56:53.269,760,1505.1649,-1256.0619,1797.2323
2026-04-29 04:56:53.273,761,1507.3481,-1258.3553,1798.9797
2026-04-29 04:56:53.277,762,1509.9727,-1259.0926,1802.2270
2026-04-29 04:56:53.281,763,1511.2973,-1260.9668,1803.7088
2026-04-29 04:56:53.284,764,1513.6755,-1262.3223,1806.4570
2026-04-29 04:56:53.288,765,1515.3122,-1265.1333,1808.1067
2026-04-29 04:56:53.291,766,1518.6401,-1265.9705,1811.3554
2026-04-29 04:56:53.294,767,1519.6261,-1268.5010,1812.9383
2026-04-29 04:56:53.299,768,1521.7542,-1269.4566,1815.5034
2026-04-29 04:56:53.304,769,1523.9826,-1270.5935,1817.9519
2026-04-29 04:56:53.309,770,1526.9108,-1271.5490,1821.3172
2026-04-29 04:56:53.316,771,1528.0917,-1273.8225,1822.5831
2026-04-29 04:56:53.321,772,1530.8731,-1274.7778,1826.1338
2026-04-29 04:56:53.326,773,1532.2540,-1276.1698,1827.9168
2026-04-29 04:56:53.331,774,1534.2343,-1277.5246,1830.2663
2026-04-29 04:56:53.336,775,1537.7154,-1278.5794,1833.8160
2026-04-29 04:56:53.340,776,1539.6478,-1280.1899,1836.2976
2026-04-29 04:56:53.344,777,1542.5792,-1281.2453,1839.6278
2026-04-29 04:56:53.347,778,1545.2583,-1282.4197,1842.8912
2026-04-29 04:56:53.351,779,1545.5943,-1285.5687,1843.5713
2026-04-29 04:56:53.354,780,1548.1787,-1287.4620,1846.1181
2026-04-29 04:56:53.356,781,1550.7584,-1288.7369,1848.5806
2026-04-29 04:56:53.359,782,1552.8859,-1290.0932,1850.7407
2026-04-29 04:56:53.362,783,1554.6140,-1291.9677,1852.6180
2026-04-29 04:56:53.364,784,1557.0432,-1293.5419,1854.8948
2026-04-29 04:56:53.367,785,1560.1254,-1294.7167,1858.5534
2026-04-29 04:56:53.370,786,1560.7629,-1298.4863,1858.9469
2026-04-29 04:56:53.374,787,1561.5976,-1301.3185,1860.3400
2026-04-29 04:56:53.379,788,1564.4324,-1302.5941,1863.3798
2026-04-29 04:56:53.383,789,1566.8155,-1303.9512,1866.1196
2026-04-29 04:56:53.387,790,1568.6013,-1305.0460,1868.6595
2026-04-29 04:56:53.390,791,1571.1357,-1306.5028,1871.1810
2026-04-29 04:56:53.393,792,1572.8704,-1308.0784,1873.4211
2026-04-29 04:56:53.397,793,1575.5477,-1309.0350,1876.1960
2026-04-29 04:56:53.402,794,1577.5827,-1311.2293,1878.1519
2026-04-29 04:56:53.405,795,1580.7651,-1312.1864,1882.0903
2026-04-29 04:56:53.408,796,1581.9461,-1314.1816,1884.2654
2026-04-29 04:56:53.412,797,1583.2791,-1315.3573,1886.5069
2026-04-29 04:56:53.415,798,1585.4069,-1316.7139,1888.6661
2026-04-29 04:56:53.418,799,1586.6398,-1319.0266,1890.3432
2026-04-29 04:56:53.421,800,1588.6715,-1320.4204,1893.1018
2026-04-29 04:56:53.424,801,1590.6968,-1322.1146,1895.4952
2026-04-29 04:56:53.431,802,1592.9215,-1322.8523,1898.3364
2026-04-29 04:56:53.436,803,1595.9462,-1323.5898,1901.9785
2026-04-29 04:56:53.442,804,1598.7229,-1324.0273,1905.4033
2026-04-29 04:56:53.448,805,1600.8516,-1325.0833,1907.9281
2026-04-29 04:56:53.454,806,1603.1869,-1327.1959,1910.3698
2026-04-29 04:56:53.459,807,1604.4748,-1329.5275,1911.9101
2026-04-29 04:56:53.465,808,1605.7090,-1331.0213,1913.8321
2026-04-29 04:56:53.470,809,1607.2839,-1332.3772,1915.7720
2026-04-29 04:56:53.475,810,1609.9054,-1332.5957,1918.8949
2026-04-29 04:56:53.479,811,1612.4330,-1334.1691,1921.9363
2026-04-29 04:56:53.484,812,1614.3133,-1335.5619,1924.8784
2026-04-29 04:56:53.489,813,1616.4387,-1336.7359,1927.9214
2026-04-29 04:56:53.495,814,1618.1638,-1338.1914,1929.6469
2026-04-29 04:56:53.500,815,1620.4355,-1339.3649,1932.5074
2026-04-29 04:56:53.505,816,1622.4991,-1340.4015,1935.1681
2026-04-29 04:56:53.510,817,1624.8708,-1341.6379,1937.3950
2026-04-29 04:56:53.515,818,1627.1442,-1343.2106,1939.8566
2026-04-29 04:56:53.519,819,1629.0699,-1344.8198,1942.3349
2026-04-29 04:56:53.522,820,1631.5948,-1345.8744,1945.2594
2026-04-29 04:56:53.526,821,1632.6736,-1348.5837,1946.7205
2026-04-29 04:56:53.531,822,1634.4452,-1349.4562,1948.7798
2026-04-29 04:56:53.537,823,1637.0625,-1350.1923,1952.0210
2026-04-29 04:56:53.543,824,1638.9866,-1351.6822,1953.9790
2026-04-29 04:56:53.548,825,1640.2181,-1354.0902,1955.6191
2026-04-29 04:56:53.554,826,1641.1964,-1357.0161,1956.7951
2026-04-29 04:56:53.560,827,1642.0293,-1360.3419,1957.7544
2026-04-29 04:56:53.566,828,1644.9548,-1360.9959,1961.4792
2026-04-29 04:56:53.572,829,1647.0801,-1362.9682,1963.7216
2026-04-29 04:56:53.577,830,1648.6128,-1365.1953,1965.8817
2026-04-29 04:56:53.583,831,1651.3839,-1365.6315,1969.3068
2026-04-29 04:56:53.589,832,1653.9077,-1366.6860,1972.2319
2026-04-29 04:56:53.595,833,1657.0776,-1367.6406,1976.1749
2026-04-29 04:56:53.601,834,1658.8932,-1369.4139,1978.8540
2026-04-29 04:56:53.607,835,1661.4167,-1370.4689,1981.7826
2026-04-29 04:56:53.612,836,1662.3389,-1373.0788,1983.4637
2026-04-29 04:56:53.617,837,1664.8617,-1374.5335,1985.9949
2026-04-29 04:56:53.623,838,1668.4314,-1375.3703,1989.8261
2026-04-29 04:56:53.628,839,1670.2090,-1377.3810,1992.0906
2026-04-29 04:56:53.634,840,1672.2316,-1378.7741,1994.8550
2026-04-29 04:56:53.640,841,1674.7528,-1379.4299,1998.1852
2026-04-29 04:56:53.646,842,1676.3820,-1381.7225,1999.7155
2026-04-29 04:56:53.652,843,1678.1048,-1383.2964,2001.9635
2026-04-29 04:56:53.658,844,1680.2275,-1384.7516,2004.0946
2026-04-29 04:56:53.663,845,1682.8430,-1386.4068,2007.0598
2026-04-29 04:56:53.669,846,1683.7227,-1389.8355,2007.0421
2026-04-29 04:56:53.674,847,1684.8027,-1391.6272,2008.7908
2026-04-29 04:56:53.679,848,1688.1223,-1392.0637,2012.4395
2026-04-29 04:56:53.684,849,1690.3950,-1393.6369,2014.9031
2026-04-29 04:56:53.689,850,1692.1818,-1396.1467,2016.7332
2026-04-29 04:56:53.693,851,1693.4163,-1398.5569,2018.3803
2026-04-29 04:56:53.696,852,1695.1038,-1401.2856,2019.9278
2026-04-29 04:56:53.703,853,1697.4783,-1402.2410,2023.0747
2026-04-29 04:56:53.708,854,1700.8990,-1402.4595,2027.0051
2026-04-29 04:56:53.714,855,1703.8730,-1403.7339,2029.8682
2026-04-29 04:56:53.720,856,1705.7468,-1404.9080,2032.3298
2026-04-29 04:56:53.725,857,1707.6263,-1407.1006,2034.4747
2026-04-29 04:56:53.731,858,1709.4136,-1410.0122,2035.9028
2026-04-29 04:56:53.737,859,1710.4963,-1412.2051,2037.2488
2026-04-29 04:56:53.743,860,1712.5260,-1413.9972,2039.6122
2026-04-29 04:56:53.749,861,1715.7971,-1414.5158,2043.3579
2026-04-29 04:56:53.755,862,1717.1787,-1415.6083,2045.5042
2026-04-29 04:56:53.760,863,1719.0002,-1417.3820,2048.1844
2026-04-29 04:56:53.766,864,1720.9333,-1418.6934,2051.0318
2026-04-29 04:56:53.772,865,1723.2667,-1421.2048,2053.0781
2026-04-29 04:56:53.777,866,1725.6939,-1423.3985,2055.4396
2026-04-29 04:56:53.782,867,1728.5152,-1424.5739,2058.5180
2026-04-29 04:56:53.788,868,1729.8417,-1425.7493,2060.7613
2026-04-29 04:56:53.793,869,1730.7672,-1427.4428,2062.7232
2026-04-29 04:56:53.797,870,1733.2920,-1428.4988,2065.6514
2026-04-29 04:56:53.801,871,1735.8167,-1430.0735,2068.6971
2026-04-29 04:56:53.805,872,1737.2475,-1431.6045,2070.8590
2026-04-29 04:56:53.811,873,1739.1710,-1434.0170,2072.5375
2026-04-29 04:56:53.817,874,1741.8403,-1434.6732,2075.6789
2026-04-29 04:56:53.823,875,1744.7629,-1435.7299,2079.0022
2026-04-29 04:56:53.826,876,1745.6396,-1438.3615,2079.7773
2026-04-29 04:56:53.830,877,1748.0087,-1439.3179,2082.9174
2026-04-29 04:56:53.836,878,1750.0386,-1441.3308,2085.7578
2026-04-29 04:56:53.842,879,1752.9596,-1441.9877,2089.4810
2026-04-29 04:56:53.847,880,1755.0792,-1442.6447,2092.4042
2026-04-29 04:56:53.852,881,1757.4977,-1443.5203,2095.4448
2026-04-29 04:56:53.857,882,1759.7708,-1445.5961,2097.4667
2026-04-29 04:56:53.862,883,1761.3978,-1447.2101,2100.3066
2026-04-29 04:56:53.867,884,1765.2055,-1447.4291,2104.6294
2026-04-29 04:56:53.872,885,1766.8319,-1449.7247,2106.1521
2026-04-29 04:56:53.877,886,1769.4957,-1450.7819,2108.8915
2026-04-29 04:56:53.882,887,1771.6153,-1452.7583,2111.1311
2026-04-29 04:56:53.887,888,1774.1342,-1453.4155,2114.4534
2026-04-29 04:56:53.891,889,1777.4521,-1454.0728,2118.5757
2026-04-29 04:56:53.896,890,1779.1696,-1455.6497,2120.8157
2026-04-29 04:56:53.902,891,1781.7776,-1456.7880,2123.6572
2026-04-29 04:56:53.907,892,1783.8968,-1459.1645,2125.4994
2026-04-29 04:56:53.911,893,1786.0707,-1460.6603,2128.0407
2026-04-29 04:56:53.916,894,1787.1443,-1463.0951,2130.4181
2026-04-29 04:56:53.921,895,1788.7076,-1464.9721,2132.4796
2026-04-29 04:56:53.926,896,1790.8161,-1465.4105,2134.9236
2026-04-29 04:56:53.932,897,1792.4332,-1466.8055,2137.2848
2026-04-29 04:56:53.937,898,1794.9402,-1468.8012,2140.4813
2026-04-29 04:56:53.941,899,1797.2117,-1470.4781,2142.9084
2026-04-29 04:56:53.946,900,1799.7274,-1471.1360,2146.2355
2026-04-29 04:56:53.951,901,1802.1434,-1472.8128,2148.4799
2026-04-29 04:56:53.957,902,1804.2597,-1474.9090,2151.2411
2026-04-29 04:56:53.964,903,1806.7772,-1476.8866,2153.8863
2026-04-29 04:56:53.969,904,1807.6038,-1479.3029,2155.1321
2026-04-29 04:56:53.976,905,1809.4122,-1480.0413,2157.5785
2026-04-29 04:56:53.981,906,1811.0393,-1482.4565,2159.6257
2026-04-29 04:56:53.986,907,1813.0479,-1484.0334,2161.5066
2026-04-29 04:56:53.990,908,1814.0659,-1486.7870,2162.6205
2026-04-29 04:56:53.996,909,1815.6203,-1488.5634,2164.7166
2026-04-29 04:56:54.002,910,1817.2377,-1489.9589,2167.0786
2026-04-29 04:56:54.008,911,1818.9553,-1491.9352,2168.9241
2026-04-29 04:56:54.014,912,1820.5726,-1493.3301,2171.2862
2026-04-29 04:56:54.019,913,1822.5890,-1494.7255,2174.0483
2026-04-29 04:56:54.024,914,1824.8597,-1496.4016,2176.4757
2026-04-29 04:56:54.029,915,1827.2755,-1497.6779,2179.1201
2026-04-29 04:56:54.034,916,1829.4813,-1499.2926,2181.2317
2026-04-29 04:56:54.041,917,1830.3960,-1501.5073,2183.3077
2026-04-29 04:56:54.046,918,1832.2550,-1503.0837,2185.3671
2026-04-29 04:56:54.050,919,1834.9247,-1504.7600,2188.1911
2026-04-29 04:56:54.053,920,1835.8396,-1506.4554,2190.1509
2026-04-29 04:56:54.059,921,1836.7540,-1509.4695,2191.4297
2026-04-29 04:56:54.064,922,1838.5147,-1510.7454,2193.0912
2026-04-29 04:56:54.066,923,1840.5308,-1513.4591,2195.1694
2026-04-29 04:56:54.069,924,1842.4930,-1515.3354,2197.6304
2026-04-29 04:56:54.072,925,1844.7650,-1517.1310,2200.5754
2026-04-29 04:56:54.075,926,1846.6364,-1519.3269,2202.7212
2026-04-29 04:56:54.079,927,1847.0435,-1522.5807,2203.8700
2026-04-29 04:56:54.083,928,1848.9147,-1524.3768,2206.4177
2026-04-29 04:56:54.087,929,1849.1849,-1527.2116,2207.6009
2026-04-29 04:56:54.090,930,1850.8005,-1529.0074,2209.5680
2026-04-29 04:56:54.094,931,1851.8716,-1532.1225,2210.6352
2026-04-29 04:56:54.098,932,1853.7883,-1533.6182,2212.6013
2026-04-29 04:56:54.105,933,1856.3956,-1533.8372,2215.7336
2026-04-29 04:56:54.110,934,1858.6660,-1534.7129,2218.9659
2026-04-29 04:56:54.114,935,1862.1254,-1535.3700,2222.9140
2026-04-29 04:56:54.118,936,1863.7292,-1537.0656,2224.9130
2026-04-29 04:56:54.124,937,1865.3424,-1538.4608,2227.2771
2026-04-29 04:56:54.129,938,1867.1443,-1540.2372,2229.9585
2026-04-29 04:56:54.134,939,1870.9454,-1540.4563,2234.2906
2026-04-29 04:56:54.139,940,1872.5672,-1542.0714,2237.1402
2026-04-29 04:56:54.144,941,1874.9763,-1542.9483,2240.1897
2026-04-29 04:56:54.147,942,1877.6414,-1544.6254,2243.0214
2026-04-29 04:56:54.150,943,1881.0400,-1545.7642,2246.6700
2026-04-29 04:56:54.154,944,1884.6830,-1546.8034,2250.9365
2026-04-29 04:56:54.158,945,1886.1485,-1547.6817,2253.3705
2026-04-29 04:56:54.161,946,1888.1569,-1548.9598,2255.6207
2026-04-29 04:56:54.164,947,1890.2650,-1550.5379,2258.2706
2026-04-29 04:56:54.167,948,1892.0286,-1552.1552,2260.9374
2026-04-29 04:56:54.172,949,1892.9915,-1554.1723,2262.4039
2026-04-29 04:56:54.177,950,1895.6975,-1555.2700,2265.5691
2026-04-29 04:56:54.182,951,1896.4147,-1557.5068,2266.9332
2026-04-29 04:56:54.188,952,1898.0187,-1559.3042,2268.8972
2026-04-29 04:56:54.193,953,1901.4096,-1559.5236,2272.8265
2026-04-29 04:56:54.197,954,1902.2135,-1561.4402,2274.5073
2026-04-29 04:56:54.201,955,1904.3594,-1562.8375,2277.0875
2026-04-29 04:56:54.206,956,1907.1045,-1563.2763,2280.5156
2026-04-29 04:56:54.210,957,1909.4927,-1564.3345,2282.6773
2026-04-29 04:56:54.213,958,1912.5512,-1565.2122,2286.7030
2026-04-29 04:56:54.216,959,1913.1228,-1567.8486,2287.8465
2026-04-29 04:56:54.220,960,1915.3087,-1569.1067,2290.8081
2026-04-29 04:56:54.223,961,1917.8088,-1570.1651,2293.7361
2026-04-29 04:56:54.226,962,1919.4077,-1571.5622,2296.0983
2026-04-29 04:56:54.228,963,1919.8644,-1574.7171,2296.5948
2026-04-29 04:56:54.231,964,1921.2203,-1576.3331,2298.8564
2026-04-29 04:56:54.234,965,1922.3609,-1578.7296,2300.6358
2026-04-29 04:56:54.238,966,1924.3593,-1580.5261,2302.9984
2026-04-29 04:56:54.241,967,1925.4871,-1583.6615,2303.9265
2026-04-29 04:56:54.243,968,1927.4010,-1585.7777,2305.9709
2026-04-29 04:56:54.246,969,1929.2584,-1587.9748,2308.1153
2026-04-29 04:56:54.248,970,1929.9159,-1590.2910,2309.5782
2026-04-29 04:56:54.251,971,1930.7305,-1593.1069,2310.4251
2026-04-29 04:56:54.256,972,1932.8321,-1594.6842,2313.0725
2026-04-29 04:56:54.262,973,1935.0759,-1595.8613,2315.9363
2026-04-29 04:56:54.266,974,1935.4902,-1598.3962,2317.3012
2026-04-29 04:56:54.272,975,1936.3043,-1600.4113,2318.9502
2026-04-29 04:56:54.277,976,1938.3180,-1602.3073,2321.2828
2026-04-29 04:56:54.283,977,1940.9743,-1603.9844,2324.1154
2026-04-29 04:56:54.288,978,1943.4594,-1604.9421,2327.0818
2026-04-29 04:56:54.293,979,1945.6157,-1606.9581,2329.7468
2026-04-29 04:56:54.298,980,1948.1153,-1608.8162,2331.8785
2026-04-29 04:56:54.303,981,1949.4868,-1610.9324,2333.7102
2026-04-29 04:56:54.308,982,1950.5879,-1613.8682,2334.7089
2026-04-29 04:56:54.313,983,1951.5463,-1616.8039,2335.8901
2026-04-29 04:56:54.318,984,1953.8921,-1618.0425,2338.1213
2026-04-29 04:56:54.323,985,1955.9968,-1620.4198,2339.9695
2026-04-29 04:56:54.326,986,1958.9019,-1621.0776,2343.7015
2026-04-29 04:56:54.329,987,1961.6500,-1621.9165,2346.7334
2026-04-29 04:56:54.333,988,1965.0416,-1622.1358,2350.6654
2026-04-29 04:56:54.336,989,1967.5462,-1624.1134,2353.3143
2026-04-29 04:56:54.339,990,1969.4083,-1626.3109,2355.4637
2026-04-29 04:56:54.342,991,1971.0264,-1627.8081,2357.7971
2026-04-29 04:56:54.346,992,1973.9193,-1629.1665,2360.7636
2026-04-29 04:56:54.349,993,1976.9118,-1629.9056,2364.4135
2026-04-29 04:56:54.353,994,1978.1293,-1631.5226,2366.8640
2026-04-29 04:56:54.358,995,1981.4322,-1632.1813,2370.9985
2026-04-29 04:56:54.363,996,1982.0910,-1634.4993,2372.4666
2026-04-29 04:56:54.369,997,1984.0933,-1636.2973,2374.8347
2026-04-29 04:56:54.374,998,1986.8388,-1637.6562,2377.9867
2026-04-29 04:56:54.381,999,1987.3416,-1640.6741,2378.8727
2026-04-29 04:56:54.386,1000,1988.7011,-1641.7718,2381.0266
2026-04-29 04:56:54.392,1001,1990.2036,-1643.6692,2382.1953
2026-04-29 04:56:54.397,1002,1992.2196,-1645.1663,2384.9303
2026-04-29 04:56:54.403,1003,1993.1779,-1647.3022,2386.9150
2026-04-29 04:56:54.409,1004,1995.0347,-1648.1800,2389.7503
2026-04-29 04:56:54.415,1005,1996.3332,-1649.8766,2392.1188
2026-04-29 04:56:54.424,1006,1997.1459,-1652.2925,2393.3725
2026-04-29 04:56:54.430,1007,1999.7292,-1653.5505,2396.7433
2026-04-29 04:56:54.434,1008,2001.4269,-1655.1275,2398.9987
2026-04-29 04:56:54.439,1009,2002.8828,-1657.3238,2400.7551
2026-04-29 04:56:54.445,1010,2004.7813,-1659.7392,2402.4433
2026-04-29 04:56:54.450,1011,2006.1388,-1663.4746,2403.2299
2026-04-29 04:56:54.456,1012,2007.9979,-1665.6714,2405.3857
2026-04-29 04:56:54.461,1013,2008.8005,-1667.9876,2406.6737
2026-04-29 04:56:54.467,1014,2010.8166,-1669.8844,2409.0139
2026-04-29 04:56:54.473,1015,2012.2750,-1671.2811,2411.5705
2026-04-29 04:56:54.478,1016,2013.8200,-1673.5583,2413.2438
2026-04-29 04:56:54.485,1017,2016.4658,-1675.1354,2416.1178
2026-04-29 04:56:54.489,1018,2018.0676,-1676.5321,2418.4910
2026-04-29 04:56:54.495,1019,2019.9255,-1677.8092,2420.9326
2026-04-29 04:56:54.501,1020,2021.6271,-1679.7862,2422.7900
2026-04-29 04:56:54.506,1021,2022.5861,-1681.8012,2424.2638
2026-04-29 04:56:54.512,1022,2023.4585,-1684.6541,2425.5371
2026-04-29 04:56:54.517,1023,2024.4459,-1686.9500,2427.5429
2026-04-29 04:56:54.522,1024,2026.5463,-1688.1263,2430.6028
2026-04-29 04:56:54.527,1025,2028.0619,-1691.0410,2431.4633
2026-04-29 04:56:54.531,1026,2029.9936,-1693.3369,2434.0852
2026-04-29 04:56:54.534,1027,2032.4817,-1694.8138,2437.1773
2026-04-29 04:56:54.538,1028,2034.3278,-1696.7912,2438.8534
2026-04-29 04:56:54.542,1029,2035.3870,-1698.1873,2441.0148
2026-04-29 04:56:54.544,1030,2035.6454,-1701.4211,2441.8078
2026-04-29 04:56:54.548,1031,2037.5050,-1704.0166,2443.5717
2026-04-29 04:56:54.551,1032,2040.5954,-1704.8934,2446.6655
2026-04-29 04:56:54.555,1033,2042.1418,-1706.3701,2449.1422
2026-04-29 04:56:54.557,1034,2042.7880,-1709.5041,2450.3660
2026-04-29 04:56:54.560,1035,2045.3339,-1710.3808,2453.2443
2026-04-29 04:56:54.563,1036,2047.3363,-1712.1767,2455.6205
2026-04-29 04:56:54.566,1037,2049.1518,-1714.1114,2457.7966
2026-04-29 04:56:54.569,1038,2050.8534,-1715.6884,2460.0565
2026-04-29 04:56:54.573,1039,2051.9114,-1717.6038,2462.3326
2026-04-29 04:56:54.576,1040,2054.0681,-1718.7002,2465.2938
2026-04-29 04:56:54.579,1041,2054.6241,-1721.7545,2466.6006
2026-04-29 04:56:54.582,1042,2056.2379,-1723.6508,2468.5463
2026-04-29 04:56:54.586,1043,2057.5365,-1725.2275,2470.4075
2026-04-29 04:56:54.589,1044,2058.6781,-1727.6232,2472.2007
2026-04-29 04:56:54.594,1045,2059.7336,-1729.4185,2473.9650
2026-04-29 04:56:54.599,1046,2060.6886,-1731.0321,2475.8444
2026-04-29 04:56:54.603,1047,2061.9279,-1732.6453,2477.3525
2026-04-29 04:56:54.606,1048,2064.2662,-1734.1207,2480.6304
2026-04-29 04:56:54.609,1049,2066.5194,-1735.3962,2483.4779
2026-04-29 04:56:54.612,1050,2067.3716,-1737.7476,2485.1856
2026-04-29 04:56:54.615,1051,2069.6072,-1738.4045,2487.9467
2026-04-29 04:56:54.619,1052,2071.7000,-1739.0611,2490.8923
2026-04-29 04:56:54.625,1053,2073.3093,-1742.2740,2492.1533
2026-04-29 04:56:54.630,1054,2074.2776,-1744.7870,2493.1996
2026-04-29 04:56:54.633,1055,2075.6150,-1747.0996,2494.7078
2026-04-29 04:56:54.637,1056,2076.8263,-1749.5122,2496.3688
2026-04-29 04:56:54.641,1057,2077.8801,-1751.7058,2497.7307
2026-04-29 04:56:54.644,1058,2079.7338,-1753.8989,2499.8933
2026-04-29 04:56:54.647,1059,2080.2028,-1756.7482,2500.7713
2026-04-29 04:56:54.653,1060,2082.4569,-1758.0228,2503.6184
2026-04-29 04:56:54.659,1061,2084.4964,-1759.9160,2505.0107
2026-04-29 04:56:54.665,1062,2085.6088,-1762.1464,2506.7855
2026-04-29 04:56:54.674,1063,2087.3046,-1763.3209,2509.4451
2026-04-29 04:56:54.679,1064,2089.0577,-1765.3327,2511.7205
2026-04-29 04:56:54.685,1065,2090.7952,-1767.1259,2513.5100
2026-04-29 04:56:54.690,1066,2092.1752,-1769.1372,2514.4299
2026-04-29 04:56:54.695,1067,2093.3711,-1770.9297,2516.0009
2026-04-29 04:56:54.701,1068,2095.1245,-1772.9402,2518.2714
2026-04-29 04:56:54.706,1069,2095.5369,-1776.6695,2518.4419
2026-04-29 04:56:54.711,1070,2096.9918,-1778.0614,2520.9976
2026-04-29 04:56:54.716,1071,2099.8152,-1778.0614,2524.2374
2026-04-29 04:56:54.721,1072,2101.0113,-1780.8897,2526.0412
2026-04-29 04:56:54.726,1073,2101.5808,-1783.5178,2527.1985
2026-04-29 04:56:54.731,1074,2105.0191,-1784.5728,2530.7552
2026-04-29 04:56:54.737,1075,2106.8304,-1786.5020,2532.9266
2026-04-29 04:56:54.742,1076,2107.9992,-1788.6500,2534.5964
2026-04-29 04:56:54.747,1077,2109.6937,-1790.5797,2535.9967
2026-04-29 04:56:54.752,1078,2111.0619,-1793.0908,2537.4285
2026-04-29 04:56:54.755,1079,2112.9729,-1795.6020,2539.0770
2026-04-29 04:56:54.758,1080,2114.5693,-1797.3947,2541.0417
2026-04-29 04:56:54.762,1081,2116.9654,-1798.2688,2544.0882
2026-04-29 04:56:54.766,1082,2117.7762,-1800.6799,2545.3349
2026-04-29 04:56:54.769,1083,2120.7570,-1801.2983,2548.4648
2026-04-29 04:56:54.772,1084,2122.2535,-1804.2275,2549.8623
2026-04-29 04:56:54.774,1085,2122.9351,-1806.6569,2550.8937
2026-04-29 04:56:54.777,1086,2123.9048,-1809.6860,2552.0389
2026-04-29 04:56:54.782,1087,2126.2446,-1811.1596,2555.3027
2026-04-29 04:56:54.788,1088,2126.9561,-1813.9077,2556.7840
2026-04-29 04:56:54.793,1089,2127.6105,-1816.6188,2557.8492
2026-04-29 04:56:54.799,1090,2129.3080,-1818.5926,2559.6981
2026-04-29 04:56:54.805,1091,2130.8209,-1820.7030,2561.3465
2026-04-29 04:56:54.811,1092,2132.5463,-1822.9137,2563.2788
2026-04-29 04:56:54.816,1093,2133.6010,-1824.8246,2565.5437
2026-04-29 04:56:54.822,1094,2135.5404,-1826.6983,2568.0093
2026-04-29 04:56:54.827,1095,2137.7947,-1828.4909,2570.9593
2026-04-29 04:56:54.831,1096,2139.3908,-1830.4023,2573.4437
2026-04-29 04:56:54.835,1097,2140.0018,-1833.2511,2574.1270
2026-04-29 04:56:54.839,1098,2141.0555,-1835.0437,2575.8766
2026-04-29 04:56:54.843,1099,2141.7927,-1837.9545,2577.3773
2026-04-29 04:56:54.846,1100,2143.2883,-1839.4465,2578.9452
2026-04-29 04:56:54.849,1101,2145.9413,-1841.1200,2581.7788
2026-04-29 04:56:54.852,1102,2147.8526,-1842.8310,2584.2281
2026-04-29 04:56:54.856,1103,2147.9320,-1845.8602,2585.2614
2026-04-29 04:56:54.859,1104,2148.2275,-1849.3074,2585.5789
2026-04-29 04:56:54.863,1105,2149.4233,-1852.5363,2586.9806
2026-04-29 04:56:54.867,1106,2149.5774,-1855.9839,2587.4822
2026-04-29 04:56:54.872,1107,2150.6738,-1857.5944,2589.1677
2026-04-29 04:56:54.878,1108,2152.2708,-1859.7859,2590.7358
2026-04-29 04:56:54.883,1109,2153.7254,-1861.5775,2592.8873
2026-04-29 04:56:54.888,1110,2155.1797,-1863.7689,2594.6397
2026-04-29 04:56:54.892,1111,2155.6491,-1866.2150,2595.9086
2026-04-29 04:56:54.897,1112,2156.9032,-1868.7242,2596.5759
2026-04-29 04:56:54.902,1113,2158.0006,-1871.2511,2597.9762
2026-04-29 04:56:54.906,1114,2158.9702,-1873.4783,2599.9260
2026-04-29 04:56:54.909,1115,2160.3399,-1876.3872,2600.9597
2026-04-29 04:56:54.912,1116,2162.5958,-1878.4599,2602.9933
2026-04-29 04:56:54.918,1117,2164.5808,-1880.1505,2605.3930
2026-04-29 04:56:54.923,1118,2165.7800,-1881.9415,2606.9591
2026-04-29 04:56:54.930,1119,2167.4505,-1883.4686,2609.7078
2026-04-29 04:56:54.936,1120,2169.1898,-1884.8594,2611.8890
2026-04-29 04:56:54.939,1121,2170.4864,-1887.3501,2613.4536
2026-04-29 04:56:54.942,1122,2171.5418,-1890.0588,2614.9195
2026-04-29 04:56:54.946,1123,2173.2402,-1892.0310,2616.7693
2026-04-29 04:56:54.948,1124,2174.2810,-1894.2393,2618.6695
2026-04-29 04:56:54.951,1125,2175.1375,-1898.1837,2618.7706
2026-04-29 04:56:54.955,1126,2176.4376,-1900.7922,2620.8549
2026-04-29 04:56:54.958,1127,2177.2371,-1903.2190,2622.6567
2026-04-29 04:56:54.962,1128,2177.6506,-1906.2640,2624.1430
2026-04-29 04:56:54.965,1129,2179.5925,-1908.1366,2626.6138
2026-04-29 04:56:54.968,1130,2180.3066,-1911.6821,2627.3016
2026-04-29 04:56:54.971,1131,2182.2065,-1913.6915,2629.3897
2026-04-29 04:56:54.975,1132,2184.2645,-1916.2012,2630.8594
2026-04-29 04:56:54.978,1133,2184.0369,-1920.2658,2631.0456
2026-04-29 04:56:54.981,1134,2185.2955,-1921.5751,2632.9157
2026-04-29 04:56:54.985,1135,2188.1957,-1922.2297,2636.6520
2026-04-29 04:56:54.988,1136,2189.3383,-1923.7025,2638.7218
2026-04-29 04:56:54.992,1137,2190.4374,-1925.8295,2640.5238
2026-04-29 04:56:54.995,1138,2192.7352,-1926.9202,2643.2919
2026-04-29 04:56:54.999,1139,2194.6747,-1927.3565,2645.9267
2026-04-29 04:56:55.004,1140,2195.7709,-1929.4829,2647.7272
2026-04-29 04:56:55.010,1141,2198.2092,-1930.9733,2649.9100
2026-04-29 04:56:55.015,1142,2200.1210,-1933.0818,2651.9578
2026-04-29 04:56:55.020,1143,2201.4906,-1935.5905,2653.3880
2026-04-29 04:56:55.025,1144,2202.9447,-1937.4991,2656.0531
2026-04-29 04:56:55.031,1145,2203.9983,-1939.2897,2657.8017
2026-04-29 04:56:55.034,1146,2205.0360,-1940.9799,2659.5843
2026-04-29 04:56:55.038,1147,2205.9882,-1943.5058,2661.1672
2026-04-29 04:56:55.041,1148,2207.1987,-1945.5137,2663.2171
2026-04-29 04:56:55.045,1149,2208.3931,-1948.7398,2664.6171
2026-04-29 04:56:55.048,1150,2208.6045,-1952.5022,2664.6174
2026-04-29 04:56:55.052,1151,2208.6730,-1955.4645,2665.6012
2026-04-29 04:56:55.055,1152,2209.7102,-1958.0725,2667.1016
2026-04-29 04:56:55.058,1153,2210.0900,-1961.1985,2667.7359
2026-04-29 04:56:55.061,1154,2211.2015,-1964.2240,2668.7038
2026-04-29 04:56:55.064,1155,2212.4557,-1965.9315,2670.1707
2026-04-29 04:56:55.068,1156,2213.9789,-1967.1849,2672.1538
2026-04-29 04:56:55.071,1157,2215.5327,-1969.1091,2673.7370
2026-04-29 04:56:55.074,1158,2216.4018,-1971.9513,2675.0005
2026-04-29 04:56:55.076,1159,2218.1553,-1973.9582,2677.2641
2026-04-29 04:56:55.079,1160,2219.3660,-1977.2835,2678.6284
2026-04-29 04:56:55.082,1161,2221.0624,-1978.4550,2681.2766
2026-04-29 04:56:55.085,1162,2222.6583,-1980.7623,2683.3588
2026-04-29 04:56:55.088,1163,2224.3533,-1981.4159,2685.8904
2026-04-29 04:56:55.092,1164,2226.7482,-1982.6869,2688.5385
2026-04-29 04:56:55.095,1165,2228.8425,-1984.7759,2691.3035
2026-04-29 04:56:55.099,1166,2229.6373,-1987.0830,2692.5856
2026-04-29 04:56:55.103,1167,2231.5316,-1988.5720,2694.5503
2026-04-29 04:56:55.107,1168,2232.2581,-1992.2143,2695.1977
2026-04-29 04:56:55.111,1169,2232.8118,-1995.6567,2696.0961
2026-04-29 04:56:55.114,1170,2233.3810,-1998.7994,2697.3620
2026-04-29 04:56:55.118,1171,2235.1350,-2001.6067,2698.8282
2026-04-29 04:56:55.122,1172,2235.1326,-2004.9499,2699.5450
2026-04-29 04:56:55.126,1173,2235.7877,-2007.6571,2700.6127
2026-04-29 04:56:55.128,1174,2237.0004,-2009.6639,2702.6647
2026-04-29 04:56:55.132,1175,2237.8401,-2012.1882,2703.4822
2026-04-29 04:56:55.136,1176,2239.5223,-2013.6592,2705.7662
2026-04-29 04:56:55.140,1177,2240.8765,-2015.6654,2707.6336
2026-04-29 04:56:55.144,1178,2242.0883,-2017.6714,2709.6847
2026-04-29 04:56:55.147,1179,2242.8422,-2020.5126,2710.1840
2026-04-29 04:56:55.151,1180,2243.1692,-2022.5534,2712.0336
2026-04-29 04:56:55.155,1181,2245.0635,-2024.0413,2713.9993
2026-04-29 04:56:55.158,1182,2246.0160,-2026.9643,2715.1811
2026-04-29 04:56:55.161,1183,2248.7528,-2027.9169,2718.7296
2026-04-29 04:56:55.164,1184,2249.7051,-2030.8404,2719.9122
2026-04-29 04:56:55.168,1185,2251.5422,-2032.4108,2721.9782
2026-04-29 04:56:55.171,1186,2252.7538,-2034.6987,2723.1101
2026-04-29 04:56:55.175,1187,2254.2652,-2036.8035,2724.7584
2026-04-29 04:56:55.178,1188,2255.2197,-2039.7259,2725.9402
2026-04-29 04:56:55.182,1189,2255.8585,-2041.9306,2727.4396
2026-04-29 04:56:55.185,1190,2258.2696,-2043.4180,2730.5717
2026-04-29 04:56:55.189,1191,2259.6222,-2045.0229,2732.8372
2026-04-29 04:56:55.192,1192,2260.1906,-2048.0453,2733.5862
2026-04-29 04:56:55.196,1193,2260.5013,-2051.1847,2734.2683
2026-04-29 04:56:55.200,1194,2261.5121,-2053.6242,2735.7501
2026-04-29 04:56:55.203,1195,2262.8074,-2056.6289,2737.4328
2026-04-29 04:56:55.206,1196,2264.3024,-2058.6341,2739.1157
2026-04-29 04:56:55.211,1197,2264.8712,-2061.7739,2740.3820
2026-04-29 04:56:55.215,1198,2266.7085,-2063.3440,2742.4481
2026-04-29 04:56:55.220,1199,2268.8616,-2065.3492,2745.1138
2026-04-29 04:56:55.224,1200,2269.8990,-2067.9546,2746.6134
2026-04-29 04:56:55.227,1201,2270.8514,-2070.0776,2748.5969
2026-04-29 04:56:55.231,1202,2272.4453,-2071.8654,2750.5636
2026-04-29 04:56:55.235,1203,2272.4559,-2076.1056,2750.4475
2026-04-29 04:56:55.241,1204,2272.9097,-2079.2455,2750.9485
2026-04-29 04:56:55.246,1205,2273.1481,-2082.4852,2752.2823
2026-04-29 04:56:55.252,1206,2273.3167,-2085.6250,2753.1518
2026-04-29 04:56:55.260,1207,2274.8966,-2087.8302,2755.2702
2026-04-29 04:56:55.266,1208,2276.7493,-2089.2177,2758.2240
2026-04-29 04:56:55.271,1209,2277.0594,-2092.3579,2758.9109
2026-04-29 04:56:55.277,1210,2278.7540,-2094.4455,2761.2817
2026-04-29 04:56:55.280,1211,2280.1907,-2096.5330,2763.0692
2026-04-29 04:56:55.284,1212,2281.4859,-2099.5384,2764.7572
2026-04-29 04:56:55.287,1213,2283.7396,-2101.2086,2767.1984
2026-04-29 04:56:55.291,1214,2284.9926,-2102.5138,2769.0704
2026-04-29 04:56:55.296,1215,2286.6606,-2104.0366,2771.8254
2026-04-29 04:56:55.302,1216,2287.0697,-2106.5595,2773.1967
2026-04-29 04:56:55.310,1217,2289.2040,-2107.8294,2775.2684
2026-04-29 04:56:55.316,1218,2289.2709,-2110.7866,2776.2549
2026-04-29 04:56:55.321,1219,2290.0624,-2113.2088,2778.0577
2026-04-29 04:56:55.327,1220,2291.0116,-2115.7310,2779.6448
2026-04-29 04:56:55.332,1221,2292.0613,-2119.2359,2780.3165
2026-04-29 04:56:55.338,1222,2292.2866,-2121.4929,2781.8885
2026-04-29 04:56:55.343,1223,2292.7356,-2124.2322,2782.7920
2026-04-29 04:56:55.349,1224,2293.4434,-2127.7716,2783.4792
2026-04-29 04:56:55.354,1225,2293.8941,-2131.7107,2783.1827
2026-04-29 04:56:55.360,1226,2294.7042,-2135.4324,2783.7540
2026-04-29 04:56:55.366,1227,2295.9149,-2137.4366,2785.8100
2026-04-29 04:56:55.376,1228,2296.9670,-2139.7408,2787.6830
2026-04-29 04:56:55.381,1229,2298.7192,-2141.7451,2789.9560
2026-04-29 04:56:55.388,1230,2300.9559,-2144.2323,2792.1452
2026-04-29 04:56:55.393,1231,2301.7666,-2147.1549,2793.5190
2026-04-29 04:56:55.400,1232,2301.9773,-2150.9126,2793.5244
2026-04-29 04:56:55.406,1233,2302.8310,-2153.1350,2794.7134
2026-04-29 04:56:55.411,1234,2304.8419,-2155.1401,2797.5702
2026-04-29 04:56:55.417,1235,2307.0633,-2156.6101,2800.0745
2026-04-29 04:56:55.423,1236,2307.4170,-2160.3683,2799.8941
2026-04-29 04:56:55.428,1237,2308.3128,-2162.5735,2801.9824
2026-04-29 04:56:55.434,1238,2309.4239,-2164.6785,2803.2383
2026-04-29 04:56:55.442,1239,2310.7773,-2167.2013,2805.2266
2026-04-29 04:56:55.447,1240,2311.9462,-2169.3418,2806.8975
2026-04-29 04:56:55.453,1241,2313.3406,-2171.5649,2808.2998
2026-04-29 04:56:55.459,1242,2315.6765,-2172.5177,2811.4526
2026-04-29 04:56:55.464,1243,2316.1545,-2175.9409,2812.4877
2026-04-29 04:56:55.470,1244,2317.5065,-2177.9463,2814.3588
2026-04-29 04:56:55.475,1245,2319.4013,-2180.3519,2816.0451
2026-04-29 04:56:55.482,1246,2318.7545,-2184.8281,2815.9806
2026-04-29 04:56:55.488,1247,2319.3498,-2187.5690,2816.6995
2026-04-29 04:56:55.494,1248,2321.3289,-2189.2569,2819.1019
2026-04-29 04:56:55.500,1249,2321.3976,-2193.4154,2818.8879
2026-04-29 04:56:55.506,1250,2322.8936,-2195.4211,2820.5736
2026-04-29 04:56:55.512,1251,2324.8895,-2197.2089,2822.9424
2026-04-29 04:56:55.517,1252,2327.1437,-2199.3971,2825.4950
2026-04-29 04:56:55.523,1253,2327.6400,-2201.6030,2827.1807
2026-04-29 04:56:55.528,1254,2328.6517,-2204.8442,2827.8671
2026-04-29 04:56:55.532,1255,2330.6904,-2206.4502,2830.1682
2026-04-29 04:56:55.537,1256,2332.0437,-2208.4567,2832.0357
2026-04-29 04:56:55.543,1257,2334.1392,-2209.9808,2834.2352
2026-04-29 04:56:55.550,1258,2335.2342,-2212.3872,2835.1168
2026-04-29 04:56:55.555,1259,2336.6146,-2214.9113,2836.1489
2026-04-29 04:56:55.561,1260,2336.4681,-2218.2529,2837.0460
2026-04-29 04:56:55.566,1261,2337.3368,-2220.6943,2838.7094
2026-04-29 04:56:55.572,1262,2337.4900,-2224.1358,2839.2078
2026-04-29 04:56:55.577,1263,2338.5851,-2226.7775,2841.1235
2026-04-29 04:56:55.582,1264,2339.8380,-2229.4017,2842.3040
2026-04-29 04:56:55.588,1265,2340.8066,-2232.0259,2843.8504
2026-04-29 04:56:55.593,1266,2341.9010,-2233.6323,2845.5307
2026-04-29 04:56:55.597,1267,2343.7955,-2235.5207,2847.0929
2026-04-29 04:56:55.601,1268,2343.7063,-2239.1797,2847.4895
2026-04-29 04:56:55.605,1269,2345.8278,-2241.3858,2849.8203
2026-04-29 04:56:55.609,1270,2346.3232,-2244.7456,2849.8504
2026-04-29 04:56:55.612,1271,2346.8765,-2247.7877,2851.1453
2026-04-29 04:56:55.616,1272,2348.6985,-2249.7768,2853.3580
2026-04-29 04:56:55.619,1273,2348.5515,-2253.1190,2854.2534
2026-04-29 04:56:55.623,1274,2349.3473,-2256.2255,2854.7325
2026-04-29 04:56:55.629,1275,2349.8012,-2258.9668,2855.6288
2026-04-29 04:56:55.634,1276,2350.6547,-2260.7901,2857.2073
2026-04-29 04:56:55.640,1277,2352.7501,-2262.3604,2859.8507
2026-04-29 04:56:55.647,1278,2353.9033,-2265.0834,2860.2283
2026-04-29 04:56:55.652,1279,2354.1423,-2268.2062,2861.0406
2026-04-29 04:56:55.659,1280,2354.8387,-2271.2465,2862.1531
2026-04-29 04:56:55.664,1281,2357.5348,-2272.8526,2865.4306
2026-04-29 04:56:55.670,1282,2358.9032,-2274.6767,2868.1726
2026-04-29 04:56:55.675,1283,2361.1391,-2276.7658,2870.7498
2026-04-29 04:56:55.680,1284,2362.0336,-2280.2910,2872.1456
2026-04-29 04:56:55.687,1285,2363.4711,-2282.3804,2873.9243
2026-04-29 04:56:55.692,1286,2363.5662,-2285.5055,2874.9216
2026-04-29 04:56:55.698,1287,2364.2766,-2287.8485,2876.8020
2026-04-29 04:56:55.705,1288,2364.4286,-2291.2913,2877.2998
2026-04-29 04:56:55.710,1289,2365.6968,-2294.0163,2878.4466
2026-04-29 04:56:55.716,1290,2366.5071,-2296.5412,2880.2101
2026-04-29 04:56:55.721,1291,2366.5015,-2300.2838,2880.5255
2026-04-29 04:56:55.727,1292,2367.3701,-2303.1265,2881.7907
2026-04-29 04:56:55.733,1293,2368.9231,-2305.4515,2882.9721
2026-04-29 04:56:55.740,1294,2369.9606,-2308.0586,2884.4698
2026-04-29 04:56:55.745,1295,2369.7139,-2311.6190,2885.0846
2026-04-29 04:56:55.751,1296,2370.3516,-2314.7437,2886.3000
2026-04-29 04:56:55.757,1297,2372.4896,-2316.5329,2888.4817
2026-04-29 04:56:55.761,1298,2374.8851,-2317.8045,2891.1291
2026-04-29 04:56:55.767,1299,2376.3804,-2319.9300,2893.3269
2026-04-29 04:56:55.773,1300,2377.5748,-2321.8377,2895.4074
2026-04-29 04:56:55.779,1301,2379.0849,-2323.5453,2897.4537
2026-04-29 04:56:55.785,1302,2380.1940,-2325.3706,2899.6171
2026-04-29 04:56:55.790,1303,2381.3277,-2327.7139,2900.9481
2026-04-29 04:56:55.796,1304,2381.7782,-2331.2573,2901.0438
2026-04-29 04:56:55.801,1305,2383.0455,-2334.1007,2902.7043
2026-04-29 04:56:55.806,1306,2384.3968,-2336.5086,2904.1644
2026-04-29 04:56:55.812,1307,2386.7317,-2337.9808,2907.4250
2026-04-29 04:56:55.817,1308,2388.1825,-2340.2891,2909.6868
2026-04-29 04:56:55.823,1309,2389.7749,-2342.5977,2911.7661
2026-04-29 04:56:55.827,1310,2390.8257,-2344.3881,2913.5111
2026-04-29 04:56:55.830,1311,2391.6346,-2347.3145,2914.8742
2026-04-29 04:56:55.833,1312,2392.7435,-2349.9409,2916.2373
2026-04-29 04:56:55.836,1313,2393.0687,-2352.7853,2917.2837
2026-04-29 04:56:55.839,1314,2393.5608,-2355.9118,2918.6818
2026-04-29 04:56:55.842,1315,2396.0363,-2357.2660,2921.2468
2026-04-29 04:56:55.845,1316,2396.5863,-2360.3104,2922.5456
2026-04-29 04:56:55.848,1317,2398.2201,-2361.9188,2924.4441
2026-04-29 04:56:55.852,1318,2398.8117,-2365.1814,2925.2758
2026-04-29 04:56:55.855,1319,2399.2039,-2368.4078,2925.8737
2026-04-29 04:56:55.859,1320,2400.6382,-2371.0164,2927.7722
2026-04-29 04:56:55.863,1321,2401.6048,-2372.8431,2930.1202
2026-04-29 04:56:55.868,1322,2401.8540,-2376.1880,2931.4190
2026-04-29 04:56:55.871,1323,2401.6859,-2379.4330,2932.3524
2026-04-29 04:56:55.875,1324,2403.1935,-2381.6600,2934.5204
2026-04-29 04:56:55.878,1325,2403.2421,-2385.7234,2934.3372
2026-04-29 04:56:55.881,1326,2405.2575,-2387.6325,2936.2707
2026-04-29 04:56:55.885,1327,2405.3318,-2391.5782,2937.0204
2026-04-29 04:56:55.892,1328,2404.6817,-2396.0604,2936.9546
2026-04-29 04:56:55.897,1329,2405.6150,-2398.4879,2938.5728
2026-04-29 04:56:55.903,1330,2405.4057,-2401.8701,2939.1238
2026-04-29 04:56:55.908,1331,2405.8554,-2405.4157,2939.2254
2026-04-29 04:56:55.913,1332,2405.9885,-2408.7611,2939.7596
2026-04-29 04:56:55.919,1333,2406.8384,-2410.9881,2940.9439
2026-04-29 04:56:55.923,1334,2406.7299,-2414.5508,2941.3776
2026-04-29 04:56:55.927,1335,2408.4045,-2416.0229,2943.6618
2026-04-29 04:56:55.931,1336,2410.2540,-2418.3313,2946.3301
2026-04-29 04:56:55.934,1337,2411.3451,-2420.8583,2947.7317
2026-04-29 04:56:55.937,1338,2412.2772,-2423.2854,2949.3491
2026-04-29 04:56:55.941,1339,2412.6674,-2426.1124,2950.3506
2026-04-29 04:56:55.946,1340,2414.4749,-2428.8391,2951.7186
2026-04-29 04:56:55.951,1341,2415.1666,-2431.7661,2952.3192
2026-04-29 04:56:55.957,1342,2415.7165,-2434.2926,2953.5033
2026-04-29 04:56:55.963,1343,2415.3827,-2437.3733,2954.6040
2026-04-29 04:56:55.968,1344,2414.7484,-2441.5539,2954.9059
2026-04-29 04:56:55.974,1345,2416.8389,-2443.5262,2957.1591
2026-04-29 04:56:55.978,1346,2418.7293,-2445.0165,2959.1282
2026-04-29 04:56:55.981,1347,2419.1953,-2448.7794,2959.7130
2026-04-29 04:56:55.985,1348,2419.4867,-2451.8241,2960.4309
2026-04-29 04:56:55.989,1349,2420.1195,-2454.9504,2961.6492
2026-04-29 04:56:55.996,1350,2420.6858,-2457.1767,2963.2027
2026-04-29 04:56:56.001,1351,2421.0762,-2460.1209,2964.7217
2026-04-29 04:56:56.004,1352,2421.6077,-2463.4654,2965.6574
2026-04-29 04:56:56.007,1353,2423.1802,-2465.6738,2967.7769
2026-04-29 04:56:56.010,1354,2423.9874,-2468.6005,2969.1485
2026-04-29 04:56:56.013,1355,2424.1527,-2471.3453,2970.4206
2026-04-29 04:56:56.016,1356,2426.1417,-2472.6176,2972.6772
2026-04-29 04:56:56.022,1357,2428.6307,-2474.1900,2975.7334
2026-04-29 04:56:56.025,1358,2429.8615,-2476.7168,2976.9534
2026-04-29 04:56:56.030,1359,2431.9927,-2478.3892,2978.6243
2026-04-29 04:56:56.033,1360,2432.6010,-2482.0338,2978.5102
2026-04-29 04:56:56.037,1361,2433.7338,-2483.5058,2980.5800
2026-04-29 04:56:56.040,1362,2434.0419,-2486.6490,2981.2665
2026-04-29 04:56:56.046,1363,2435.2333,-2488.9563,2982.9533
2026-04-29 04:56:56.052,1364,2436.6414,-2491.7996,2984.4400
2026-04-29 04:56:56.057,1365,2437.8918,-2493.9073,2985.5092
2026-04-29 04:56:56.063,1366,2437.8008,-2497.9683,2985.5106
2026-04-29 04:56:56.069,1367,2438.2681,-2501.7294,2986.0961
2026-04-29 04:56:56.075,1368,2440.4033,-2503.5192,2988.2815
2026-04-29 04:56:56.079,1369,2441.4964,-2505.6450,2990.0827
2026-04-29 04:56:56.084,1370,2443.1473,-2507.7528,2991.5499
2026-04-29 04:56:56.088,1371,2443.5407,-2510.9783,2992.1504
2026-04-29 04:56:56.092,1372,2444.7931,-2514.0038,2992.9337
2026-04-29 04:56:56.098,1373,2445.8461,-2516.3113,2994.8006
2026-04-29 04:56:56.103,1374,2445.9985,-2519.3544,2995.7015
2026-04-29 04:56:56.109,1375,2446.0090,-2523.7155,2996.1032
2026-04-29 04:56:56.115,1376,2446.7041,-2526.7589,2997.2217
2026-04-29 04:56:56.121,1377,2448.2839,-2528.8484,2998.8240
2026-04-29 04:56:56.127,1378,2448.8372,-2531.8917,3000.1257
2026-04-29 04:56:56.131,1379,2450.6743,-2533.4172,3001.7430
2026-04-29 04:56:56.135,1380,2450.5109,-2537.0605,3002.2765
2026-04-29 04:56:56.141,1381,2450.8215,-2539.8035,3003.3611
2026-04-29 04:56:56.145,1382,2451.5477,-2543.0466,3004.4128
2026-04-29 04:56:56.149,1383,2451.4426,-2546.6075,3004.8474
2026-04-29 04:56:56.153,1384,2452.2790,-2548.7324,3006.0651
2026-04-29 04:56:56.156,1385,2452.8161,-2551.9570,3006.4826
2026-04-29 04:56:56.161,1386,2453.8535,-2554.9635,3007.5839
2026-04-29 04:56:56.166,1387,2453.9496,-2558.6057,3008.7019
2026-04-29 04:56:56.172,1388,2454.6452,-2561.2482,3010.2203
2026-04-29 04:56:56.178,1389,2455.4140,-2564.7087,3010.8060
2026-04-29 04:56:56.183,1390,2455.0678,-2569.2872,3010.3410
2026-04-29 04:56:56.189,1391,2455.8644,-2571.7122,3012.1431
2026-04-29 04:56:56.194,1392,2456.8025,-2574.1373,3013.7618
2026-04-29 04:56:56.198,1393,2458.5557,-2575.7447,3016.4313
2026-04-29 04:56:56.202,1394,2458.5238,-2578.9237,3017.1338
2026-04-29 04:56:56.205,1395,2459.6174,-2581.0491,3018.9356
2026-04-29 04:56:56.209,1396,2459.8267,-2584.0103,3019.7367
2026-04-29 04:56:56.215,1397,2461.3358,-2586.6359,3021.5049
2026-04-29 04:56:56.221,1398,2462.6035,-2589.7617,3022.2565
2026-04-29 04:56:56.226,1399,2464.3977,-2591.9874,3024.0564
2026-04-29 04:56:56.230,1400,2465.1913,-2594.4138,3025.8564
2026-04-29 04:56:56.236,1401,2467.1683,-2595.5859,3028.1393
2026-04-29 04:56:56.242,1402,2468.2041,-2599.1121,3029.3556
2026-04-29 04:56:56.248,1403,2469.4721,-2601.9571,3031.0224
2026-04-29 04:56:56.252,1404,2470.4076,-2604.3843,3032.6390
2026-04-29 04:56:56.258,1405,2470.3915,-2608.0657,3032.9053
2026-04-29 04:56:56.264,1406,2470.8427,-2610.4107,3034.2051
2026-04-29 04:56:56.270,1407,2471.6354,-2613.2376,3035.6048
2026-04-29 04:56:56.275,1408,2473.3863,-2614.7282,3037.7541
2026-04-29 04:56:56.281,1409,2474.3365,-2617.3732,3039.8534
2026-04-29 04:56:56.286,1410,2475.7693,-2619.5825,3042.1536
2026-04-29 04:56:56.292,1411,2476.4189,-2622.2915,3043.2209
2026-04-29 04:56:56.297,1412,2477.9100,-2624.8188,3045.0212
2026-04-29 04:56:56.303,1413,2478.5426,-2627.5461,3046.6384
2026-04-29 04:56:56.308,1414,2479.8164,-2629.5370,3048.6396
2026-04-29 04:56:56.314,1415,2480.3073,-2633.0644,3049.6414
2026-04-29 04:56:56.319,1416,2481.5150,-2635.1920,3052.2116
2026-04-29 04:56:56.325,1417,2482.8049,-2637.8016,3054.2987
2026-04-29 04:56:56.330,1418,2483.7370,-2641.0296,3055.1186
2026-04-29 04:56:56.336,1419,2484.2867,-2644.4762,3056.0221
2026-04-29 04:56:56.341,1420,2484.8947,-2646.9227,3057.1100
2026-04-29 04:56:56.347,1421,2485.2264,-2649.9507,3058.7300
2026-04-29 04:56:56.352,1422,2487.2922,-2651.8794,3061.4871
2026-04-29 04:56:56.358,1423,2488.5577,-2654.6082,3062.6434
2026-04-29 04:56:56.363,1424,2490.3895,-2656.7005,3064.8317
2026-04-29 04:56:56.369,1425,2492.3965,-2658.3118,3068.0878
2026-04-29 04:56:56.374,1426,2492.8026,-2660.7974,3069.0075
2026-04-29 04:56:56.380,1427,2494.1495,-2663.7276,3070.5941
2026-04-29 04:56:56.386,1428,2495.1732,-2667.0769,3071.2481
2026-04-29 04:56:56.391,1429,2496.3626,-2669.9075,3073.0507
2026-04-29 04:56:56.397,1430,2495.8870,-2674.9946,3072.3379
2026-04-29 04:56:56.402,1431,2496.3365,-2678.1441,3072.8418
2026-04-29 04:56:56.408,1432,2497.3862,-2680.0561,3075.1138
2026-04-29 04:56:56.413,1433,2497.7939,-2682.9866,3076.0863
2026-04-29 04:56:56.419,1434,2498.8433,-2685.6983,3077.5591
2026-04-29 04:56:56.423,1435,2500.0508,-2688.0659,3078.7634
2026-04-29 04:56:56.427,1436,2500.3166,-2690.9524,3079.4662
2026-04-29 04:56:56.430,1437,2500.6410,-2694.2015,3080.1202
2026-04-29 04:56:56.433,1438,2502.5894,-2695.7320,3082.5059
2026-04-29 04:56:56.436,1439,2503.2790,-2699.1814,3083.2234
2026-04-29 04:56:56.439,1440,2503.8097,-2701.6122,3084.4415
2026-04-29 04:56:56.442,1441,2505.7988,-2702.4865,3087.0932
2026-04-29 04:56:56.445,1442,2507.5459,-2703.5793,3089.6448
2026-04-29 04:56:56.448,1443,2508.7335,-2705.8907,3091.3288
2026-04-29 04:56:56.453,1444,2509.0212,-2708.9391,3092.0464
2026-04-29 04:56:56.460,1445,2509.8853,-2711.7874,3093.3140
2026-04-29 04:56:56.464,1446,2510.5088,-2715.2545,3094.0814
2026-04-29 04:56:56.467,1447,2510.3964,-2718.4217,3094.9152
2026-04-29 04:56:56.471,1448,2510.0015,-2721.9888,3095.7163
2026-04-29 04:56:56.477,1449,2510.5650,-2724.7376,3097.3853
2026-04-29 04:56:56.483,1450,2512.2921,-2726.5304,3099.1713
2026-04-29 04:56:56.489,1451,2513.5370,-2728.3604,3101.1564
2026-04-29 04:56:56.495,1452,2515.0222,-2729.4529,3103.1241
2026-04-29 04:56:56.501,1453,2516.6666,-2732.0823,3104.7072
2026-04-29 04:56:56.507,1454,2516.9888,-2734.9305,3105.7569
2026-04-29 04:56:56.511,1455,2518.3332,-2737.8600,3107.3403
2026-04-29 04:56:56.516,1456,2518.2959,-2741.0457,3108.0403
2026-04-29 04:56:56.520,1457,2518.4400,-2744.4942,3108.5403
2026-04-29 04:56:56.523,1458,2518.8842,-2748.0424,3108.6401
2026-04-29 04:56:56.527,1459,2519.5702,-2751.0904,3109.7570
2026-04-29 04:56:56.531,1460,2520.7562,-2753.4016,3111.4399
2026-04-29 04:56:56.535,1461,2521.4601,-2756.5498,3112.5231
2026-04-29 04:56:56.539,1462,2523.2055,-2758.9612,3114.3900
2026-04-29 04:56:56.542,1463,2523.9100,-2761.5913,3115.3567
2026-04-29 04:56:56.546,1464,2525.0373,-2763.9839,3117.1400
2026-04-29 04:56:56.550,1465,2526.1426,-2767.0135,3118.1073
2026-04-29 04:56:56.554,1466,2525.8303,-2771.0614,3118.4249
2026-04-29 04:56:56.557,1467,2527.6595,-2773.1539,3120.6099
2026-04-29 04:56:56.560,1468,2529.7886,-2775.0651,3123.3111
2026-04-29 04:56:56.563,1469,2529.7351,-2778.5512,3123.6456
2026-04-29 04:56:56.567,1470,2530.1408,-2782.2374,3123.3624
2026-04-29 04:56:56.571,1471,2530.7700,-2784.4488,3124.8618
2026-04-29 04:56:56.576,1472,2531.8753,-2787.5974,3126.3453
2026-04-29 04:56:56.582,1473,2532.7221,-2790.7464,3127.2454
2026-04-29 04:56:56.588,1474,2534.4104,-2792.8396,3129.6125
2026-04-29 04:56:56.592,1475,2536.3814,-2793.8955,3131.3794
2026-04-29 04:56:56.597,1476,2536.8115,-2796.9439,3131.9127
2026-04-29 04:56:56.602,1477,2538.4590,-2799.1738,3133.8947
2026-04-29 04:56:56.605,1478,2539.4654,-2801.5038,3134.8597
2026-04-29 04:56:56.608,1479,2540.5721,-2804.5336,3135.8236
2026-04-29 04:56:56.612,1480,2539.7857,-2808.6820,3136.3901
2026-04-29 04:56:56.616,1481,2539.9927,-2812.4485,3136.3895
2026-04-29 04:56:56.620,1482,2541.6002,-2813.9409,3138.7220
2026-04-29 04:56:56.624,1483,2541.7483,-2817.5072,3139.7386
2026-04-29 04:56:56.628,1484,2543.2792,-2819.8999,3141.9223
2026-04-29 04:56:56.632,1485,2543.6691,-2823.1295,3142.5233
2026-04-29 04:56:56.635,1486,2544.0591,-2825.9587,3143.5244
2026-04-29 04:56:56.639,1487,2546.0492,-2827.7510,3145.8925
2026-04-29 04:56:56.642,1488,2548.0397,-2829.9434,3147.8609
2026-04-29 04:56:56.647,1489,2548.9725,-2833.2916,3149.1951
2026-04-29 04:56:56.650,1490,2550.3047,-2835.2029,3151.0960
2026-04-29 04:56:56.654,1491,2552.0367,-2836.9957,3152.8807
2026-04-29 04:56:56.660,1492,2554.1686,-2838.3885,3155.4648
2026-04-29 04:56:56.664,1493,2554.3758,-2841.7555,3155.8646
2026-04-29 04:56:56.668,1494,2554.7661,-2844.1852,3157.2648
2026-04-29 04:56:56.671,1495,2555.9737,-2847.3961,3158.1154
2026-04-29 04:56:56.675,1496,2556.0232,-2850.6626,3158.7324
2026-04-29 04:56:56.678,1497,2556.8136,-2852.9288,3159.5656
2026-04-29 04:56:56.681,1498,2557.7034,-2855.6584,3161.7646
2026-04-29 04:56:56.685,1499,2557.3517,-2859.8436,3161.6978
2026-04-29 04:56:56.691,1500,2558.3998,-2862.1103,3163.1137
2026-04-29 04:56:56.697,1501,2561.1299,-2863.0659,3166.6619
2026-04-29 04:56:56.703,1502,2562.7599,-2865.0776,3168.1605
2026-04-29 04:56:56.710,1503,2563.2248,-2867.9262,3169.0245
2026-04-29 04:56:56.715,1504,2563.4724,-2871.6749,3169.9229
2026-04-29 04:56:56.721,1505,2564.4796,-2875.3237,3170.2047
2026-04-29 04:56:56.727,1506,2564.8528,-2878.0538,3171.2370
2026-04-29 04:56:56.730,1507,2565.9433,-2881.5025,3172.3525
2026-04-29 04:56:56.733,1508,2567.9342,-2883.1768,3174.2002
2026-04-29 04:56:56.737,1509,2569.6252,-2884.8698,3176.9646
2026-04-29 04:56:56.741,1510,2571.3575,-2886.6629,3178.7458
2026-04-29 04:56:56.744,1511,2572.9898,-2888.2744,3180.6435
2026-04-29 04:56:56.750,1512,2573.6393,-2892.3044,3181.0242
2026-04-29 04:56:56.757,1513,2575.0732,-2894.3972,3182.8051
2026-04-29 04:56:56.763,1514,2574.8650,-2897.7829,3183.3542
2026-04-29 04:56:56.769,1515,2576.1980,-2899.6943,3185.2521
2026-04-29 04:56:56.773,1516,2578.1303,-2901.6870,3188.2331
2026-04-29 04:56:56.777,1517,2579.5040,-2903.8175,3189.6653
2026-04-29 04:56:56.781,1518,2579.9118,-2907.2668,3190.7464
2026-04-29 04:56:56.787,1519,2580.8438,-2910.0974,3191.9616
2026-04-29 04:56:56.790,1520,2581.9759,-2912.6095,3194.2600
2026-04-29 04:56:56.795,1521,2583.5668,-2915.3218,3195.9423
2026-04-29 04:56:56.799,1522,2584.4576,-2917.4154,3197.5083
2026-04-29 04:56:56.805,1523,2585.8821,-2919.5650,3199.7570
2026-04-29 04:56:56.811,1524,2586.6553,-2922.6965,3200.7896
2026-04-29 04:56:56.816,1525,2587.3458,-2925.7467,3201.9059
2026-04-29 04:56:56.820,1526,2590.0192,-2927.5408,3204.3049
2026-04-29 04:56:56.825,1527,2590.5685,-2930.5918,3205.6039
2026-04-29 04:56:56.831,1528,2591.4589,-2932.2859,3207.5692
2026-04-29 04:56:56.836,1529,2592.5904,-2935.1989,3209.4686
2026-04-29 04:56:56.841,1530,2593.5802,-2937.5500,3210.9853
2026-04-29 04:56:56.847,1531,2593.9700,-2940.7821,3211.5855
2026-04-29 04:56:56.851,1532,2594.8597,-2943.3951,3213.2693
2026-04-29 04:56:56.855,1533,2595.7325,-2945.9077,3214.9866
2026-04-29 04:56:56.860,1534,2596.3639,-2949.0396,3216.2045
2026-04-29 04:56:56.864,1535,2597.3364,-2951.1712,3217.2384
2026-04-29 04:56:56.871,1536,2597.6437,-2955.2404,3217.6389
2026-04-29 04:56:56.877,1537,2598.5925,-2958.2911,3219.3403
2026-04-29 04:56:56.883,1538,2599.4827,-2960.7421,3220.0575
2026-04-29 04:56:56.889,1539,2599.6317,-2964.1927,3220.5576
2026-04-29 04:56:56.894,1540,2599.6977,-2967.5620,3221.1414
2026-04-29 04:56:56.899,1541,2600.7475,-2970.6748,3222.2089
2026-04-29 04:56:56.903,1542,2602.1969,-2972.5877,3224.8771
2026-04-29 04:56:56.907,1543,2603.4293,-2974.6005,3225.9782
2026-04-29 04:56:56.911,1544,2603.1203,-2978.7696,3226.8124
2026-04-29 04:56:56.915,1545,2603.2863,-2982.4389,3227.7980
2026-04-29 04:56:56.919,1546,2605.4183,-2984.2333,3229.9841
2026-04-29 04:56:56.924,1547,2607.1092,-2986.7275,3231.9537
2026-04-29 04:56:56.928,1548,2607.1170,-2989.7786,3233.0403
2026-04-29 04:56:56.931,1549,2608.9663,-2991.5729,3235.5953
2026-04-29 04:56:56.934,1550,2610.7154,-2993.5865,3237.8661
2026-04-29 04:56:56.938,1551,2611.6640,-2996.1190,3239.4533
2026-04-29 04:56:56.941,1552,2612.1124,-2998.4704,3240.7566
2026-04-29 04:56:56.945,1553,2614.1026,-3001.5842,3242.4436
2026-04-29 04:56:56.948,1554,2614.5510,-3003.9361,3243.7468
2026-04-29 04:56:56.951,1555,2615.7582,-3006.8692,3245.5177
2026-04-29 04:56:56.955,1556,2616.0479,-3009.9215,3246.2368
2026-04-29 04:56:56.958,1557,2616.2790,-3012.6543,3247.4565
2026-04-29 04:56:56.961,1558,2615.9680,-3015.9058,3248.5769
2026-04-29 04:56:56.965,1559,2616.3979,-3018.5570,3249.5134
2026-04-29 04:56:56.972,1560,2617.5863,-3021.2703,3250.8021
2026-04-29 04:56:56.977,1561,2617.6750,-3024.0023,3252.2072
2026-04-29 04:56:56.983,1562,2617.5219,-3027.3528,3253.1133
2026-04-29 04:56:56.988,1563,2618.9923,-3029.1467,3254.3191
2026-04-29 04:56:56.993,1564,2621.0806,-3031.6406,3256.6936
2026-04-29 04:56:56.997,1565,2621.8114,-3034.9534,3257.7998
2026-04-29 04:56:57.002,1566,2622.6011,-3037.2660,3259.0915
2026-04-29 04:56:57.006,1567,2623.7080,-3038.9782,3260.7516
2026-04-29 04:56:57.011,1568,2624.6559,-3041.5089,3262.3427
2026-04-29 04:56:57.015,1569,2624.7444,-3044.7583,3263.8654
2026-04-29 04:56:57.020,1570,2625.9743,-3047.1702,3264.5727
2026-04-29 04:56:57.024,1571,2625.6397,-3051.4566,3264.4798
2026-04-29 04:56:57.028,1572,2626.5288,-3053.5055,3265.6020
2026-04-29 04:56:57.031,1573,2628.3763,-3054.7799,3268.0454
2026-04-29 04:56:57.035,1574,2629.1475,-3056.9911,3269.3669
2026-04-29 04:56:57.039,1575,2629.4772,-3060.2574,3269.6198
2026-04-29 04:56:57.042,1576,2630.7483,-3062.7684,3271.7411
2026-04-29 04:56:57.049,1577,2631.8546,-3065.3981,3273.1152
2026-04-29 04:56:57.055,1578,2633.5845,-3067.7092,3275.0209
2026-04-29 04:56:57.060,1579,2634.4315,-3069.5391,3276.6103
2026-04-29 04:56:57.064,1580,2635.1550,-3072.7874,3277.6679
2026-04-29 04:56:57.068,1581,2635.7429,-3075.5357,3278.3888
2026-04-29 04:56:57.072,1582,2636.9730,-3077.9467,3279.0930
2026-04-29 04:56:57.077,1583,2636.7379,-3081.2126,3280.0811
2026-04-29 04:56:57.083,1584,2637.0268,-3084.6601,3280.4015
2026-04-29 04:56:57.089,1585,2637.5745,-3087.7075,3281.7060
2026-04-29 04:56:57.095,1586,2639.8041,-3089.3998,3284.6947
2026-04-29 04:56:57.101,1587,2640.1923,-3092.2291,3285.6999
2026-04-29 04:56:57.107,1588,2641.3982,-3095.0398,3286.9579
2026-04-29 04:56:57.113,1589,2642.5874,-3097.7504,3288.2474
2026-04-29 04:56:57.118,1590,2643.1177,-3100.6980,3289.5843
2026-04-29 04:56:57.124,1591,2643.5071,-3104.4457,3290.3058
2026-04-29 04:56:57.130,1592,2644.5378,-3106.6567,3292.2123
2026-04-29 04:56:57.136,1593,2645.5269,-3108.4857,3293.6182
2026-04-29 04:56:57.141,1594,2646.8572,-3111.1962,3294.7239
2026-04-29 04:56:57.147,1595,2648.1468,-3113.5251,3295.3282
2026-04-29 04:56:57.153,1596,2649.3363,-3115.4353,3297.4163
2026-04-29 04:56:57.158,1597,2650.4253,-3117.5639,3299.2201
2026-04-29 04:56:57.163,1598,2650.4140,-3120.9107,3299.9400
2026-04-29 04:56:57.170,1599,2650.9023,-3124.0393,3301.3449
2026-04-29 04:56:57.175,1600,2651.6904,-3126.9863,3303.2659
2026-04-29 04:56:57.179,1601,2652.8608,-3129.0782,3304.4716
2026-04-29 04:56:57.183,1602,2653.2910,-3132.5248,3304.6084
2026-04-29 04:56:57.186,1603,2654.3975,-3135.1532,3305.9816
2026-04-29 04:56:57.192,1604,2655.6277,-3137.2815,3307.6020
2026-04-29 04:56:57.198,1605,2656.1988,-3139.9279,3308.3541
2026-04-29 04:56:57.204,1606,2656.2874,-3143.5745,3309.4742
2026-04-29 04:56:57.210,1607,2656.8350,-3147.0210,3310.3791
2026-04-29 04:56:57.216,1608,2658.3654,-3148.7308,3311.4837
2026-04-29 04:56:57.221,1609,2659.3128,-3150.6952,3312.5027
2026-04-29 04:56:57.227,1610,2660.5598,-3152.9229,3314.0880
2026-04-29 04:56:57.233,1611,2661.9245,-3155.0325,3315.9241
2026-04-29 04:56:57.239,1612,2662.6128,-3157.9602,3316.5256
2026-04-29 04:56:57.245,1613,2663.6190,-3160.4061,3318.0103
2026-04-29 04:56:57.251,1614,2663.9839,-3163.8701,3318.1944
2026-04-29 04:56:57.257,1615,2664.0135,-3167.0340,3318.8447
2026-04-29 04:56:57.263,1616,2665.1194,-3169.6615,3320.2118
2026-04-29 04:56:57.269,1617,2666.2079,-3172.1889,3321.6121
2026-04-29 04:56:57.275,1618,2668.2961,-3174.2801,3324.3790
2026-04-29 04:56:57.281,1619,2668.4434,-3177.7263,3324.8794
2026-04-29 04:56:57.286,1620,2668.1906,-3181.2906,3325.4965
2026-04-29 04:56:57.290,1621,2669.7026,-3183.5818,3327.7145
2026-04-29 04:56:57.295,1622,2670.5495,-3185.4096,3329.2996
2026-04-29 04:56:57.299,1623,2671.0957,-3188.0555,3331.0008
2026-04-29 04:56:57.304,1624,2673.1825,-3190.1469,3333.7699
2026-04-29 04:56:57.310,1625,2674.8281,-3192.7754,3335.3552
2026-04-29 04:56:57.316,1626,2675.0744,-3196.9224,3335.8572
2026-04-29 04:56:57.322,1627,2674.8390,-3200.5880,3336.4437
2026-04-29 04:56:57.327,1628,2675.6267,-3203.4167,3337.8468
2026-04-29 04:56:57.333,1629,2677.4564,-3205.3903,3339.5175
2026-04-29 04:56:57.340,1630,2679.2864,-3206.9635,3341.5882
2026-04-29 04:56:57.346,1631,2679.6989,-3209.9100,3342.1557
2026-04-29 04:56:57.351,1632,2680.8875,-3211.8198,3344.2419
2026-04-29 04:56:57.355,1633,2681.1348,-3215.0476,3345.0287
2026-04-29 04:56:57.360,1634,2681.5410,-3217.9749,3345.9998
2026-04-29 04:56:57.368,1635,2683.7710,-3219.5476,3348.4710
2026-04-29 04:56:57.374,1636,2684.3600,-3222.6930,3348.7903
2026-04-29 04:56:57.380,1637,2685.5663,-3224.8202,3351.3613
2026-04-29 04:56:57.386,1638,2686.4135,-3227.5662,3352.6644
2026-04-29 04:56:57.392,1639,2688.4016,-3229.8759,3355.1517
2026-04-29 04:56:57.398,1640,2689.7484,-3232.4043,3357.1388
2026-04-29 04:56:57.404,1641,2689.9772,-3235.1329,3358.3585
2026-04-29 04:56:57.410,1642,2691.0823,-3237.3613,3360.1300
2026-04-29 04:56:57.413,1643,2692.3691,-3238.9346,3361.9857
2026-04-29 04:56:57.418,1644,2693.1737,-3241.4626,3363.7577
2026-04-29 04:56:57.423,1645,2693.7605,-3244.6086,3364.0777
2026-04-29 04:56:57.430,1646,2694.1296,-3247.3360,3365.1137
2026-04-29 04:56:57.436,1647,2694.2162,-3250.0633,3366.5179
2026-04-29 04:56:57.442,1648,2695.0619,-3253.2086,3367.4227
2026-04-29 04:56:57.446,1649,2695.3667,-3256.3537,3368.1114
2026-04-29 04:56:57.450,1650,2697.0945,-3258.6627,3370.0159
2026-04-29 04:56:57.454,1651,2698.1995,-3261.2900,3371.3881
2026-04-29 04:56:57.461,1652,2698.5861,-3264.2357,3372.9084
2026-04-29 04:56:57.467,1653,2699.1315,-3267.2813,3374.2132
2026-04-29 04:56:57.473,1654,2700.2180,-3269.2905,3375.5017
2026-04-29 04:56:57.478,1655,2702.1863,-3271.3816,3377.5063
2026-04-29 04:56:57.484,1656,2704.9724,-3272.7728,3381.0787
2026-04-29 04:56:57.489,1657,2705.1992,-3275.5008,3382.2991
2026-04-29 04:56:57.492,1658,2705.3258,-3278.8468,3382.8355
2026-04-29 04:56:57.498,1659,2706.3301,-3281.1744,3383.8079
2026-04-29 04:56:57.504,1660,2707.6571,-3284.0022,3385.4281
2026-04-29 04:56:57.510,1661,2708.0432,-3286.8299,3386.4324
2026-04-29 04:56:57.515,1662,2709.6474,-3289.2392,3388.4891
2026-04-29 04:56:57.521,1663,2709.4926,-3292.5852,3389.3943
2026-04-29 04:56:57.527,1664,2710.1192,-3294.7943,3390.8995
2026-04-29 04:56:57.533,1665,2711.8643,-3297.2034,3392.7732
2026-04-29 04:56:57.538,1666,2712.9092,-3299.5126,3394.6477
2026-04-29 04:56:57.544,1667,2713.6358,-3302.2581,3395.1850
2026-04-29 04:56:57.550,1668,2714.2404,-3305.5035,3395.4738
2026-04-29 04:56:57.555,1669,2714.9861,-3308.8667,3396.0942
2026-04-29 04:56:57.560,1670,2715.5497,-3311.6121,3397.7666
2026-04-29 04:56:57.563,1671,2716.5948,-3313.9213,3399.6394
2026-04-29 04:56:57.567,1672,2716.5623,-3317.1668,3400.3919
2026-04-29 04:56:57.571,1673,2716.5665,-3321.1302,3401.1977
2026-04-29 04:56:57.575,1674,2717.1302,-3324.1574,3401.9568
2026-04-29 04:56:57.579,1675,2717.0348,-3327.4206,3402.7632
2026-04-29 04:56:57.582,1676,2717.5206,-3329.9837,3403.6003
2026-04-29 04:56:57.585,1677,2717.2469,-3333.8467,3403.8530
2026-04-29 04:56:57.589,1678,2719.9734,-3335.7195,3407.1278
2026-04-29 04:56:57.592,1679,2720.1778,-3339.4833,3407.1338
2026-04-29 04:56:57.596,1680,2720.4825,-3342.6288,3407.8243
2026-04-29 04:56:57.603,1681,2721.1689,-3344.7558,3409.2306
2026-04-29 04:56:57.610,1682,2723.1366,-3346.9649,3411.7522
2026-04-29 04:56:57.616,1683,2724.6227,-3349.8928,3413.1581
2026-04-29 04:56:57.622,1684,2725.7088,-3352.4207,3414.5639
2026-04-29 04:56:57.627,1685,2727.2133,-3354.5304,3416.2219
2026-04-29 04:56:57.633,1686,2727.4995,-3357.1765,3417.3430
2026-04-29 04:56:57.639,1687,2727.8855,-3360.0041,3418.3484
2026-04-29 04:56:57.645,1688,2728.1305,-3363.7499,3419.2540
2026-04-29 04:56:57.651,1689,2730.2572,-3364.6226,3421.7285
2026-04-29 04:56:57.657,1690,2730.5023,-3367.9679,3423.0347
2026-04-29 04:56:57.662,1691,2733.2691,-3369.1407,3426.1252
2026-04-29 04:56:57.669,1692,2733.8955,-3372.2686,3427.3469
2026-04-29 04:56:57.674,1693,2734.6805,-3375.2149,3429.2691
2026-04-29 04:56:57.680,1694,2734.2652,-3378.6799,3430.1071
2026-04-29 04:56:57.686,1695,2735.3498,-3381.6082,3431.1146
2026-04-29 04:56:57.692,1696,2736.4348,-3384.6552,3432.6370
2026-04-29 04:56:57.697,1697,2736.4161,-3388.3392,3432.9130
2026-04-29 04:56:57.703,1698,2737.3608,-3391.2680,3434.1046
2026-04-29 04:56:57.709,1699,2738.3276,-3394.0783,3436.2278
2026-04-29 04:56:57.715,1700,2739.1126,-3396.3888,3437.5204
2026-04-29 04:56:57.721,1701,2740.3979,-3398.9993,3439.6136
2026-04-29 04:56:57.727,1702,2740.8643,-3402.0283,3441.0527
2026-04-29 04:56:57.733,1703,2741.3308,-3404.9387,3441.9771
2026-04-29 04:56:57.738,1704,2743.1756,-3407.5306,3443.7420
2026-04-29 04:56:57.745,1705,2743.6436,-3411.4778,3444.8972
2026-04-29 04:56:57.750,1706,2746.0480,-3412.9704,3448.0485
2026-04-29 04:56:57.756,1707,2747.0338,-3415.7189,3449.1736
2026-04-29 04:56:57.761,1708,2747.4195,-3418.5487,3450.1841
2026-04-29 04:56:57.767,1709,2749.1650,-3420.9598,3452.0646
2026-04-29 04:56:57.773,1710,2749.3695,-3424.3267,3452.4749
2026-04-29 04:56:57.779,1711,2749.6149,-3427.9121,3452.4149
2026-04-29 04:56:57.784,1712,2751.2015,-3429.7048,3454.3941
2026-04-29 04:56:57.791,1713,2753.3290,-3432.0162,3456.7031
2026-04-29 04:56:57.797,1714,2753.7387,-3435.4840,3457.3880
2026-04-29 04:56:57.803,1715,2753.9844,-3438.6705,3457.7269
2026-04-29 04:56:57.810,1716,2755.1710,-3441.9013,3459.1353
2026-04-29 04:56:57.816,1717,2756.2581,-3444.9513,3460.6587
2026-04-29 04:56:57.822,1718,2758.3452,-3446.9264,3462.9209
2026-04-29 04:56:57.828,1719,2757.9919,-3450.7142,3463.2598
2026-04-29 04:56:57.834,1720,2758.2970,-3453.8645,3463.9531
2026-04-29 04:56:57.840,1721,2759.5258,-3456.9147,3465.2919
2026-04-29 04:56:57.846,1722,2760.8136,-3459.7654,3466.0148
2026-04-29 04:56:57.853,1723,2762.3020,-3462.1783,3467.3065
2026-04-29 04:56:57.859,1724,2761.9906,-3465.8289,3468.0293
2026-04-29 04:56:57.865,1725,2763.1968,-3468.2415,3469.6912
2026-04-29 04:56:57.871,1726,2765.2678,-3470.2355,3472.4993
2026-04-29 04:56:57.877,1727,2766.0564,-3472.9052,3472.9376
2026-04-29 04:56:57.883,1728,2766.7033,-3475.3370,3474.9295
2026-04-29 04:56:57.889,1729,2766.4321,-3479.2068,3475.1831
2026-04-29 04:56:57.895,1730,2767.7020,-3480.6820,3477.0753
2026-04-29 04:56:57.901,1731,2770.0719,-3482.7760,3479.4830
2026-04-29 04:56:57.907,1732,2770.3009,-3485.5077,3480.7062
2026-04-29 04:56:57.913,1733,2772.1707,-3487.4206,3482.8293
2026-04-29 04:56:57.919,1734,2772.5993,-3490.4711,3483.3677
2026-04-29 04:56:57.925,1735,2773.5869,-3493.2214,3484.4902
2026-04-29 04:56:57.931,1736,2774.2564,-3495.6529,3485.5279
2026-04-29 04:56:57.937,1737,2775.3847,-3498.0468,3487.3191
2026-04-29 04:56:57.943,1738,2777.2313,-3499.7218,3489.3641
2026-04-29 04:56:57.949,1739,2778.4372,-3502.5339,3490.6247
2026-04-29 04:56:57.955,1740,2780.6845,-3504.2087,3493.0700
2026-04-29 04:56:57.962,1741,2781.8327,-3507.3396,3493.0611
2026-04-29 04:56:57.968,1742,2781.9820,-3510.7889,3493.5676
2026-04-29 04:56:57.973,1743,2783.1312,-3514.0382,3494.0736
2026-04-29 04:56:57.979,1744,2784.2225,-3516.4501,3494.9635
2026-04-29 04:56:57.985,1745,2785.9560,-3518.7620,3496.8691
2026-04-29 04:56:57.990,1746,2787.1484,-3522.3927,3497.8742
2026-04-29 04:56:57.994,1747,2787.3160,-3526.8610,3498.0645
2026-04-29 04:56:57.998,1748,2787.5262,-3530.6296,3498.0704
2026-04-29 04:56:58.002,1749,2787.5787,-3533.8979,3498.6919
2026-04-29 04:56:58.006,1750,2788.8731,-3536.5105,3500.7822
2026-04-29 04:56:58.011,1751,2789.5514,-3538.9415,3501.8196
2026-04-29 04:56:58.018,1752,2791.5456,-3541.2540,3504.3102
2026-04-29 04:56:58.023,1753,2792.3978,-3544.4044,3505.2162
2026-04-29 04:56:58.029,1754,2792.3660,-3547.9925,3505.5220
2026-04-29 04:56:58.034,1755,2793.4601,-3551.0431,3507.0435
2026-04-29 04:56:58.038,1756,2794.7540,-3552.5751,3508.4486
2026-04-29 04:56:58.043,1757,2794.9055,-3555.2256,3509.7534
2026-04-29 04:56:58.046,1758,2796.7988,-3557.1197,3511.3257
2026-04-29 04:56:58.050,1759,2797.6501,-3558.9509,3512.9140
2026-04-29 04:56:58.054,1760,2797.5426,-3562.1195,3513.7500
2026-04-29 04:56:58.058,1761,2797.9933,-3565.6691,3513.8540
2026-04-29 04:56:58.062,1762,2798.8444,-3567.4997,3515.4413
2026-04-29 04:56:58.066,1763,2798.7946,-3570.9862,3515.7768
2026-04-29 04:56:58.069,1764,2799.0459,-3575.5354,3515.8802
2026-04-29 04:56:58.073,1765,2799.2981,-3579.5660,3515.8683
2026-04-29 04:56:58.080,1766,2800.1770,-3581.5589,3517.4727
2026-04-29 04:56:58.087,1767,2801.2295,-3584.2702,3518.9456
2026-04-29 04:56:58.093,1768,2801.3821,-3587.4373,3520.3665
2026-04-29 04:56:58.098,1769,2802.8764,-3590.3676,3521.7718
2026-04-29 04:56:58.102,1770,2802.9128,-3593.5352,3522.4243
2026-04-29 04:56:58.106,1771,2804.0909,-3596.2658,3524.2610
2026-04-29 04:56:58.110,1772,2806.1010,-3597.7592,3527.0030
2026-04-29 04:56:58.113,1773,2807.4205,-3600.4904,3528.6556
2026-04-29 04:56:58.116,1774,2807.4301,-3603.5403,3529.7451
2026-04-29 04:56:58.120,1775,2808.4398,-3606.3903,3530.8346
2026-04-29 04:56:58.124,1776,2808.6071,-3608.7402,3532.5085
2026-04-29 04:56:58.130,1777,2810.3991,-3610.4525,3534.1981
2026-04-29 04:56:58.136,1778,2810.8752,-3613.8835,3535.2347
2026-04-29 04:56:58.142,1779,2811.8838,-3615.9333,3537.1241
2026-04-29 04:56:58.145,1780,2811.6335,-3619.1017,3538.1451
2026-04-29 04:56:58.149,1781,2812.0073,-3621.8326,3539.1820
2026-04-29 04:56:58.153,1782,2812.5567,-3624.7631,3539.9720
2026-04-29 04:56:58.156,1783,2814.5307,-3626.9750,3542.4934
2026-04-29 04:56:58.160,1784,2815.8800,-3629.5061,3544.4834
2026-04-29 04:56:58.166,1785,2819.1534,-3629.9437,3548.1416
2026-04-29 04:56:58.172,1786,2819.0606,-3633.2128,3548.9468
2026-04-29 04:56:58.178,1787,2820.3504,-3635.4257,3551.4368
2026-04-29 04:56:58.184,1788,2821.4813,-3637.7765,3552.7739
2026-04-29 04:56:58.190,1789,2822.0708,-3640.9272,3553.0949
2026-04-29 04:56:58.196,1790,2822.0192,-3645.2153,3552.6312
2026-04-29 04:56:58.202,1791,2822.9683,-3647.7471,3554.2198
2026-04-29 04:56:58.208,1792,2824.4999,-3650.1412,3556.4085
2026-04-29 04:56:58.214,1793,2825.9486,-3652.0545,3559.0823
2026-04-29 04:56:58.220,1794,2826.0386,-3656.1056,3559.8038
2026-04-29 04:56:58.225,1795,2826.4701,-3659.2759,3560.8569
2026-04-29 04:56:58.231,1796,2827.7183,-3661.1085,3562.8473
2026-04-29 04:56:58.235,1797,2828.6663,-3664.0410,3564.0374
2026-04-29 04:56:58.239,1798,2829.9142,-3665.7546,3565.5113
2026-04-29 04:56:58.244,1799,2832.0448,-3667.5491,3567.7003
2026-04-29 04:56:58.250,1800,2832.5341,-3670.1625,3568.9896
2026-04-29 04:56:58.256,1801,2834.6823,-3672.4569,3570.7474
2026-04-29 04:56:58.262,1802,2835.9140,-3674.9891,3571.9685
2026-04-29 04:56:58.268,1803,2835.1208,-3678.6780,3572.8892
2026-04-29 04:56:58.274,1804,2835.2101,-3681.9292,3574.4111
2026-04-29 04:56:58.280,1805,2836.4995,-3685.4618,3576.2178
2026-04-29 04:56:58.286,1806,2836.7893,-3689.3136,3576.1403
2026-04-29 04:56:58.290,1807,2837.9626,-3691.9276,3577.4628
2026-04-29 04:56:58.294,1808,2838.8287,-3694.7795,3578.7389
2026-04-29 04:56:58.298,1809,2839.6360,-3697.3125,3580.5148
2026-04-29 04:56:58.302,1810,2840.6437,-3700.5647,3581.2064
2026-04-29 04:56:58.306,1811,2841.9931,-3702.9787,3582.6820
2026-04-29 04:56:58.310,1812,2842.2839,-3706.0306,3583.4043
2026-04-29 04:56:58.315,1813,2842.6750,-3709.3825,3584.5267
2026-04-29 04:56:58.320,1814,2843.4657,-3711.8153,3586.3339
2026-04-29 04:56:58.324,1815,2843.7734,-3714.9673,3587.0258
2026-04-29 04:56:58.328,1816,2844.2055,-3718.1382,3588.0795
2026-04-29 04:56:58.331,1817,2845.2542,-3720.6901,3588.5864
2026-04-29 04:56:58.338,1818,2847.9861,-3721.6472,3592.1458
2026-04-29 04:56:58.344,1819,2848.0346,-3724.9184,3592.7677
2026-04-29 04:56:58.350,1820,2848.5658,-3727.3513,3593.9897
2026-04-29 04:56:58.357,1821,2849.6553,-3729.8841,3595.3958
2026-04-29 04:56:58.363,1822,2851.9690,-3732.1792,3598.4176
2026-04-29 04:56:58.369,1823,2852.7415,-3734.7936,3599.3399
2026-04-29 04:56:58.374,1824,2852.6485,-3737.6649,3600.5465
2026-04-29 04:56:58.382,1825,2854.2792,-3740.0789,3601.6528
2026-04-29 04:56:58.389,1826,2856.5516,-3741.4739,3604.0584
2026-04-29 04:56:58.394,1827,2857.8824,-3743.3880,3605.9640
2026-04-29 04:56:58.407,1828,2859.2717,-3746.5406,3607.0851
2026-04-29 04:56:58.413,1829,2859.4200,-3750.3933,3607.1901
2026-04-29 04:56:58.420,1830,2861.0691,-3753.0269,3608.7793
2026-04-29 04:56:58.426,1831,2862.6599,-3755.3417,3610.8681
2026-04-29 04:56:58.432,1832,2862.6505,-3758.6949,3611.5890
2026-04-29 04:56:58.438,1833,2863.6241,-3760.4712,3613.4786
2026-04-29 04:56:58.444,1834,2864.0735,-3764.1426,3614.1001
2026-04-29 04:56:58.450,1835,2865.6226,-3766.9957,3615.4057
2026-04-29 04:56:58.454,1836,2866.2303,-3769.4488,3616.4946
2026-04-29 04:56:58.460,1837,2867.4796,-3772.0828,3617.6833
2026-04-29 04:56:58.464,1838,2867.8456,-3774.3548,3619.0717
2026-04-29 04:56:58.468,1839,2868.0941,-3778.1077,3619.9762
2026-04-29 04:56:58.473,1840,2867.9842,-3781.6798,3620.4126
2026-04-29 04:56:58.476,1841,2869.1748,-3784.3944,3621.7016
2026-04-29 04:56:58.480,1842,2870.1659,-3787.9473,3622.0219
2026-04-29 04:56:58.484,1843,2869.8578,-3792.0001,3622.3425
2026-04-29 04:56:58.489,1844,2869.3919,-3796.8720,3622.5954
2026-04-29 04:56:58.493,1845,2870.2425,-3799.1057,3623.7859
2026-04-29 04:56:58.497,1846,2871.1928,-3801.2392,3625.7762
2026-04-29 04:56:58.502,1847,2873.0842,-3802.8538,3628.2665
2026-04-29 04:56:58.505,1848,2874.2585,-3805.5879,3630.1036
2026-04-29 04:56:58.509,1849,2875.2494,-3807.8219,3631.1093
2026-04-29 04:56:58.513,1850,2875.0818,-3811.0749,3632.0462
2026-04-29 04:56:58.517,1851,2877.6142,-3813.7898,3634.3517
2026-04-29 04:56:58.520,1852,2878.2638,-3816.4630,3634.9725
2026-04-29 04:56:58.523,1853,2879.0966,-3819.9170,3635.5090
2026-04-29 04:56:58.527,1854,2879.1633,-3822.8902,3636.4975
2026-04-29 04:56:58.531,1855,2879.0713,-3826.5632,3636.9020
2026-04-29 04:56:58.534,1856,2879.4625,-3829.3976,3637.9070
2026-04-29 04:56:58.537,1857,2879.1952,-3833.2701,3638.1596
2026-04-29 04:56:58.541,1858,2880.6872,-3836.2045,3639.5645
2026-04-29 04:56:58.545,1859,2881.7794,-3839.1391,3640.5694
2026-04-29 04:56:58.549,1860,2883.6136,-3840.7160,3642.6423
2026-04-29 04:56:58.552,1861,2884.5226,-3843.2694,3643.3306
2026-04-29 04:56:58.556,1862,2884.2732,-3846.8417,3643.9507
2026-04-29 04:56:58.560,1863,2884.9660,-3850.2951,3644.6710
2026-04-29 04:56:58.563,1864,2885.9172,-3853.2293,3645.8594
2026-04-29 04:56:58.566,1865,2886.7522,-3855.7634,3646.6796
2026-04-29 04:56:58.569,1866,2888.1876,-3858.2589,3648.0675
2026-04-29 04:56:58.573,1867,2889.3973,-3860.2735,3650.1236
2026-04-29 04:56:58.576,1868,2891.4908,-3862.3691,3652.8959
2026-04-29 04:56:58.579,1869,2892.4265,-3865.2033,3654.1162
2026-04-29 04:56:58.583,1870,2892.9621,-3868.5569,3655.0527
2026-04-29 04:56:58.586,1871,2893.9140,-3872.0106,3656.3576
2026-04-29 04:56:58.590,1872,2895.0077,-3874.1454,3658.1625
2026-04-29 04:56:58.593,1873,2895.2595,-3877.8997,3659.0672
2026-04-29 04:56:58.597,1874,2895.4274,-3881.8537,3659.1412
2026-04-29 04:56:58.601,1875,2896.2802,-3885.0079,3660.0467
2026-04-29 04:56:58.605,1876,2896.3490,-3888.3813,3660.6363
2026-04-29 04:56:58.609,1877,2896.9279,-3890.6774,3662.2420
2026-04-29 04:56:58.612,1878,2898.4382,-3892.5120,3664.8166
2026-04-29 04:56:58.615,1879,2899.0644,-3895.4659,3665.4755
2026-04-29 04:56:58.618,1880,2899.5429,-3898.3810,3666.3971
2026-04-29 04:56:58.622,1881,2900.0794,-3901.3341,3667.7346
2026-04-29 04:56:58.625,1882,2901.6734,-3903.1299,3669.7093
2026-04-29 04:56:58.629,1883,2903.3675,-3905.2258,3672.0842
2026-04-29 04:56:58.632,1884,2906.3037,-3907.0220,3675.0752
2026-04-29 04:56:58.636,1885,2907.6402,-3909.3378,3676.5814
2026-04-29 04:56:58.639,1886,2908.4506,-3912.2729,3677.9563
2026-04-29 04:56:58.642,1887,2909.4035,-3915.0885,3678.6312
2026-04-29 04:56:58.646,1888,2910.0406,-3917.3037,3680.1375
2026-04-29 04:56:58.649,1889,2911.3773,-3919.5764,3681.1903
2026-04-29 04:56:58.653,1890,2911.8457,-3923.3494,3681.7796
2026-04-29 04:56:58.657,1891,2911.9145,-3927.1225,3681.9689
2026-04-29 04:56:58.662,1892,2912.0524,-3930.8761,3682.1059
2026-04-29 04:56:58.666,1893,2913.8480,-3932.1913,3684.1953
2026-04-29 04:56:58.670,1894,2914.0010,-3935.2447,3685.1000
2026-04-29 04:56:58.676,1895,2914.6960,-3937.3787,3686.5046
2026-04-29 04:56:58.682,1896,2914.7332,-3940.9507,3686.7569
2026-04-29 04:56:58.688,1897,2914.0858,-3945.0418,3687.0934
2026-04-29 04:56:58.694,1898,2914.9383,-3947.3948,3688.7984
2026-04-29 04:56:58.700,1899,2915.3324,-3951.1479,3689.5195
2026-04-29 04:56:58.705,1900,2918.2108,-3953.1436,3693.1249
2026-04-29 04:56:58.710,1901,2919.5053,-3956.1595,3694.8149
2026-04-29 04:56:58.716,1902,2920.2999,-3958.4753,3696.1052
2026-04-29 04:56:58.722,1903,2921.8946,-3961.1914,3697.7956
2026-04-29 04:56:58.728,1904,2922.2896,-3963.6266,3699.2018
2026-04-29 04:56:58.735,1905,2923.0420,-3966.4809,3699.7075
2026-04-29 04:56:58.740,1906,2924.6524,-3967.9772,3702.0503
2026-04-29 04:56:58.747,1907,2924.6628,-3971.4310,3702.7404
2026-04-29 04:56:58.751,1908,2925.9416,-3973.9464,3704.8624
2026-04-29 04:56:58.755,1909,2926.4103,-3977.6003,3704.9376
2026-04-29 04:56:58.759,1910,2927.7633,-3979.6157,3706.8128
2026-04-29 04:56:58.764,1911,2929.2006,-3981.7116,3708.6035
2026-04-29 04:56:58.767,1912,2929.6116,-3985.5654,3709.2944
2026-04-29 04:56:58.771,1913,2929.5232,-3989.2382,3709.7012
2026-04-29 04:56:58.775,1914,2931.2766,-3991.3728,3712.4926
2026-04-29 04:56:58.778,1915,2931.1300,-3995.1270,3712.9999
2026-04-29 04:56:58.782,1916,2933.3684,-3998.1429,3715.3076
2026-04-29 04:56:58.787,1917,2933.5795,-4000.7174,3716.5156
2026-04-29 04:56:58.790,1918,2935.8594,-4002.5142,3718.5231
2026-04-29 04:56:58.793,1919,2936.3549,-4005.1304,3719.8149
2026-04-29 04:56:58.803,1920,2936.7660,-4008.5854,3720.9072
2026-04-29 04:56:58.807,1921,2939.4037,-4010.2823,3724.3000
2026-04-29 04:56:58.812,1922,2938.5409,-4014.3576,3724.9542
2026-04-29 04:56:58.816,1923,2938.9623,-4016.9549,3726.3790
2026-04-29 04:56:58.820,1924,2939.7993,-4019.0905,3727.6036
2026-04-29 04:56:58.824,1925,2940.6781,-4021.4453,3728.3581
2026-04-29 04:56:58.828,1926,2940.1308,-4026.1192,3728.1824
2026-04-29 04:56:58.832,1927,2940.5416,-4029.0544,3729.1618
2026-04-29 04:56:58.837,1928,2941.2366,-4031.1892,3730.5715
2026-04-29 04:56:58.843,1929,2941.8736,-4033.8044,3731.6812
2026-04-29 04:56:58.848,1930,2942.8262,-4035.4193,3733.5607
2026-04-29 04:56:58.854,1931,2942.7626,-4038.4530,3734.7858
2026-04-29 04:56:58.858,1932,2943.8983,-4040.4484,3736.9815
2026-04-29 04:56:58.865,1933,2945.4916,-4042.3629,3739.4773
2026-04-29 04:56:58.870,1934,2946.2009,-4044.9964,3740.4584
2026-04-29 04:56:58.877,1935,2947.7363,-4046.7105,3741.5688
2026-04-29 04:56:58.883,1936,2949.1881,-4048.9054,3743.3335
2026-04-29 04:56:58.889,1937,2949.8816,-4051.9573,3744.4584
2026-04-29 04:56:58.895,1938,2950.3912,-4054.6282,3745.2683
2026-04-29 04:56:58.899,1939,2951.8844,-4057.1614,3747.0776
2026-04-29 04:56:58.904,1940,2953.7777,-4059.1758,3749.1717
2026-04-29 04:56:58.909,1941,2955.1451,-4061.4094,3751.5351
2026-04-29 04:56:58.914,1942,2956.0959,-4063.9431,3753.1290
2026-04-29 04:56:58.919,1943,2956.4889,-4068.0961,3753.4534
2026-04-29 04:56:58.923,1944,2956.9405,-4071.2492,3753.9628
2026-04-29 04:56:58.927,1945,2959.2180,-4072.6447,3756.3715
2026-04-29 04:56:58.931,1946,2959.8117,-4075.7979,3756.6952
2026-04-29 04:56:58.934,1947,2961.2637,-4077.5933,3758.8578
2026-04-29 04:56:58.938,1948,2962.2415,-4080.6461,3759.6117
2026-04-29 04:56:58.941,1949,2962.4937,-4083.8798,3760.4044
2026-04-29 04:56:58.945,1950,2963.5877,-4086.5326,3762.3279
2026-04-29 04:56:58.948,1951,2964.4558,-4089.7856,3763.2057
2026-04-29 04:56:58.952,1952,2966.3762,-4091.5622,3765.7142
2026-04-29 04:56:58.956,1953,2966.6123,-4094.2962,3766.9381
2026-04-29 04:56:58.960,1954,2967.5482,-4097.2496,3768.6774
2026-04-29 04:56:58.964,1955,2969.0419,-4099.2647,3770.3708
2026-04-29 04:56:58.968,1956,2969.5939,-4102.7181,3771.2795
2026-04-29 04:56:58.972,1957,2971.0878,-4105.2526,3773.0881
2026-04-29 04:56:58.976,1958,2973.0973,-4106.3488,3776.2357
2026-04-29 04:56:58.981,1959,2973.5323,-4109.4029,3776.7747
2026-04-29 04:56:58.984,1960,2973.4255,-4113.3760,3776.8135
2026-04-29 04:56:58.989,1961,2974.1773,-4116.6298,3776.9216
2026-04-29 04:56:58.993,1962,2974.0717,-4120.2025,3777.3602
2026-04-29 04:56:58.996,1963,2975.5660,-4122.7370,3779.1681
2026-04-29 04:56:59.000,1964,2975.4761,-4126.0101,3779.9760
2026-04-29 04:56:59.005,1965,2976.0281,-4128.5445,3781.1688
2026-04-29 04:56:59.011,1966,2977.5796,-4130.9984,3782.8765
2026-04-29 04:56:59.018,1967,2977.3472,-4135.0716,3783.0690
2026-04-29 04:56:59.024,1968,2978.8254,-4137.9063,3784.5074
2026-04-29 04:56:59.030,1969,2980.1935,-4140.5416,3786.4691
2026-04-29 04:56:59.036,1970,2981.3034,-4143.1770,3787.8461
2026-04-29 04:56:59.045,1971,2982.3977,-4145.7124,3789.2539
2026-04-29 04:56:59.052,1972,2984.6180,-4147.7093,3791.8772
2026-04-29 04:56:59.058,1973,2984.6121,-4151.0644,3792.6002
2026-04-29 04:56:59.064,1974,2985.3069,-4154.3999,3792.8080
2026-04-29 04:56:59.070,1975,2986.4442,-4156.7966,3794.6006
2026-04-29 04:56:59.077,1976,2988.3972,-4158.7320,3796.5931
2026-04-29 04:56:59.083,1977,2988.8500,-4162.0065,3797.6160
2026-04-29 04:56:59.089,1978,2988.5183,-4165.5005,3798.3235
2026-04-29 04:56:59.095,1979,2989.2289,-4169.0559,3799.0158
2026-04-29 04:56:59.101,1980,2989.7080,-4172.3307,3799.0847
2026-04-29 04:56:59.107,1981,2990.4612,-4175.1859,3799.5914
2026-04-29 04:56:59.113,1982,2990.9987,-4178.0215,3800.4133
2026-04-29 04:56:59.119,1983,2991.8095,-4180.5568,3802.1886
2026-04-29 04:56:59.123,1984,2993.2312,-4182.5535,3804.0108
2026-04-29 04:56:59.127,1985,2993.5841,-4185.5273,3804.6329
2026-04-29 04:56:59.131,1986,2993.9368,-4188.5010,3805.2545
2026-04-29 04:56:59.135,1987,2995.2052,-4191.2360,3806.4132
2026-04-29 04:56:59.139,1988,2995.5161,-4194.1100,3808.0190
2026-04-29 04:56:59.142,1989,2997.0100,-4196.2454,3810.2248
2026-04-29 04:56:59.146,1990,2998.8621,-4198.9619,3812.4993
2026-04-29 04:56:59.150,1991,2999.0722,-4201.9371,3813.3052
2026-04-29 04:56:59.153,1992,2999.0660,-4205.2925,3814.0268
2026-04-29 04:56:59.158,1993,2999.6015,-4207.7283,3815.2484
2026-04-29 04:56:59.162,1994,3001.9951,-4209.0059,3817.9076
2026-04-29 04:56:59.165,1995,3002.9046,-4211.1609,3818.9972
2026-04-29 04:56:59.170,1996,3003.8813,-4213.4577,3821.0027
2026-04-29 04:56:59.175,1997,3004.5161,-4217.1126,3822.3399
2026-04-29 04:56:59.181,1998,3006.5509,-4218.2097,3824.5301
2026-04-29 04:56:59.187,1999,3006.8855,-4221.6456,3825.7518
2026-04-29 04:56:59.192,2000,3008.2621,-4223.9426,3828.1583
