timestamp,episode,carol_openness,carol_conscientiousness,carol_extraversion,carol_agreeableness,carol_neuroticism
2026-04-26 20:30:11.985,1,0.2014,-0.1980,0.1982,-0.3974,-0.0028
2026-04-26 20:30:12.043,2,0.2017,-0.1960,0.1966,-0.3937,-0.0054
2026-04-26 20:30:12.081,3,0.2014,-0.1940,0.1952,-0.3895,-0.0078
2026-04-26 20:30:12.114,4,0.2015,-0.1921,0.1937,-0.3856,-0.0103
2026-04-26 20:30:12.150,5,0.2014,-0.1901,0.1922,-0.3816,-0.0127
2026-04-26 20:30:12.178,6,0.2016,-0.1881,0.1907,-0.3779,-0.0152
2026-04-26 20:30:12.209,7,0.2022,-0.1862,0.1891,-0.3746,-0.0178
2026-04-26 20:30:12.235,8,0.2029,-0.1843,0.1875,-0.3715,-0.0204
2026-04-26 20:30:12.266,9,0.2036,-0.1824,0.1859,-0.3683,-0.0230
2026-04-26 20:30:12.287,10,0.2045,-0.1804,0.1842,-0.3654,-0.0256
2026-04-26 20:30:12.307,11,0.2055,-0.1785,0.1825,-0.3626,-0.0282
2026-04-26 20:30:12.328,12,0.2064,-0.1766,0.1809,-0.3597,-0.0308
2026-04-26 20:30:12.349,13,0.2072,-0.1748,0.1793,-0.3567,-0.0333
2026-04-26 20:30:12.372,14,0.2082,-0.1729,0.1776,-0.3539,-0.0359
2026-04-26 20:30:12.397,15,0.2090,-0.1710,0.1760,-0.3511,-0.0385
2026-04-26 20:30:12.423,16,0.2098,-0.1692,0.1744,-0.3481,-0.0410
2026-04-26 20:30:12.440,17,0.2106,-0.1673,0.1728,-0.3453,-0.0435
2026-04-26 20:30:12.456,18,0.2115,-0.1655,0.1712,-0.3425,-0.0460
2026-04-26 20:30:12.474,19,0.2123,-0.1637,0.1697,-0.3396,-0.0485
2026-04-26 20:30:12.490,20,0.2131,-0.1618,0.1681,-0.3367,-0.0510
2026-04-26 20:30:12.504,21,0.2138,-0.1600,0.1666,-0.3339,-0.0534
2026-04-26 20:30:12.521,22,0.2144,-0.1582,0.1651,-0.3309,-0.0558
2026-04-26 20:30:12.538,23,0.2150,-0.1564,0.1636,-0.3279,-0.0582
2026-04-26 20:30:12.564,24,0.2157,-0.1547,0.1621,-0.3250,-0.0606
2026-04-26 20:30:12.582,25,0.2162,-0.1529,0.1606,-0.3220,-0.0629
2026-04-26 20:30:12.599,26,0.2167,-0.1511,0.1592,-0.3190,-0.0653
2026-04-26 20:30:12.616,27,0.2172,-0.1494,0.1577,-0.3160,-0.0676
2026-04-26 20:30:12.632,28,0.2178,-0.1476,0.1563,-0.3131,-0.0699
2026-04-26 20:30:12.647,29,0.2184,-0.1459,0.1548,-0.3102,-0.0722
2026-04-26 20:30:12.665,30,0.2189,-0.1442,0.1534,-0.3072,-0.0745
2026-04-26 20:30:12.682,31,0.2194,-0.1424,0.1520,-0.3042,-0.0768
2026-04-26 20:30:12.708,32,0.2198,-0.1407,0.1506,-0.3012,-0.0790
2026-04-26 20:30:12.723,33,0.2201,-0.1390,0.1492,-0.2981,-0.0813
2026-04-26 20:30:12.737,34,0.2204,-0.1373,0.1479,-0.2951,-0.0835
2026-04-26 20:30:12.752,35,0.2208,-0.1356,0.1465,-0.2921,-0.0857
2026-04-26 20:30:12.771,36,0.2211,-0.1340,0.1452,-0.2890,-0.0878
2026-04-26 20:30:12.789,37,0.2214,-0.1323,0.1439,-0.2860,-0.0900
2026-04-26 20:30:12.807,38,0.2217,-0.1306,0.1425,-0.2830,-0.0922
2026-04-26 20:30:12.822,39,0.2220,-0.1290,0.1412,-0.2799,-0.0943
2026-04-26 20:30:12.837,40,0.2223,-0.1273,0.1399,-0.2769,-0.0964
2026-04-26 20:30:12.850,41,0.2225,-0.1257,0.1386,-0.2739,-0.0985
2026-04-26 20:30:12.867,42,0.2228,-0.1241,0.1373,-0.2709,-0.1006
2026-04-26 20:30:12.883,43,0.2231,-0.1224,0.1361,-0.2680,-0.1027
2026-04-26 20:30:12.902,44,0.2233,-0.1208,0.1348,-0.2650,-0.1048
2026-04-26 20:30:12.923,45,0.2236,-0.1192,0.1335,-0.2620,-0.1069
2026-04-26 20:30:12.949,46,0.2238,-0.1176,0.1323,-0.2591,-0.1089
2026-04-26 20:30:12.968,47,0.2240,-0.1160,0.1310,-0.2561,-0.1110
2026-04-26 20:30:12.984,48,0.2242,-0.1145,0.1298,-0.2532,-0.1130
2026-04-26 20:30:13.001,49,0.2245,-0.1129,0.1285,-0.2502,-0.1150
2026-04-26 20:30:13.026,50,0.2248,-0.1113,0.1273,-0.2474,-0.1170
2026-04-26 20:30:13.046,51,0.2251,-0.1098,0.1260,-0.2447,-0.1191
2026-04-26 20:30:13.064,52,0.2255,-0.1082,0.1248,-0.2419,-0.1211
2026-04-26 20:30:13.082,53,0.2258,-0.1067,0.1236,-0.2391,-0.1231
2026-04-26 20:30:13.095,54,0.2261,-0.1051,0.1223,-0.2364,-0.1251
2026-04-26 20:30:13.111,55,0.2265,-0.1036,0.1211,-0.2337,-0.1271
2026-04-26 20:30:13.122,56,0.2268,-0.1021,0.1199,-0.2310,-0.1291
2026-04-26 20:30:13.137,57,0.2270,-0.1006,0.1187,-0.2282,-0.1310
2026-04-26 20:30:13.154,58,0.2273,-0.0991,0.1175,-0.2255,-0.1330
2026-04-26 20:30:13.176,59,0.2276,-0.0976,0.1163,-0.2227,-0.1349
2026-04-26 20:30:13.196,60,0.2278,-0.0961,0.1151,-0.2200,-0.1368
2026-04-26 20:30:13.212,61,0.2281,-0.0946,0.1139,-0.2174,-0.1387
2026-04-26 20:30:13.232,62,0.2284,-0.0932,0.1128,-0.2147,-0.1407
2026-04-26 20:30:13.253,63,0.2288,-0.0917,0.1116,-0.2121,-0.1426
2026-04-26 20:30:13.267,64,0.2291,-0.0902,0.1104,-0.2096,-0.1445
2026-04-26 20:30:13.285,65,0.2295,-0.0888,0.1092,-0.2070,-0.1464
2026-04-26 20:30:13.301,66,0.2298,-0.0873,0.1080,-0.2045,-0.1483
2026-04-26 20:30:13.318,67,0.2302,-0.0859,0.1069,-0.2019,-0.1502
2026-04-26 20:30:13.336,68,0.2305,-0.0845,0.1057,-0.1994,-0.1520
2026-04-26 20:30:13.350,69,0.2308,-0.0830,0.1046,-0.1969,-0.1539
2026-04-26 20:30:13.365,70,0.2311,-0.0816,0.1034,-0.1944,-0.1558
2026-04-26 20:30:13.380,71,0.2314,-0.0802,0.1023,-0.1919,-0.1576
2026-04-26 20:30:13.394,72,0.2317,-0.0788,0.1012,-0.1893,-0.1594
2026-04-26 20:30:13.408,73,0.2320,-0.0774,0.1001,-0.1868,-0.1612
2026-04-26 20:30:13.425,74,0.2322,-0.0760,0.0990,-0.1843,-0.1630
2026-04-26 20:30:13.441,75,0.2325,-0.0747,0.0979,-0.1818,-0.1648
2026-04-26 20:30:13.454,76,0.2327,-0.0733,0.0968,-0.1793,-0.1666
2026-04-26 20:30:13.471,77,0.2329,-0.0719,0.0957,-0.1767,-0.1683
2026-04-26 20:30:13.488,78,0.2330,-0.0706,0.0947,-0.1742,-0.1701
2026-04-26 20:30:13.500,79,0.2332,-0.0692,0.0936,-0.1716,-0.1718
2026-04-26 20:30:13.514,80,0.2333,-0.0679,0.0926,-0.1690,-0.1735
2026-04-26 20:30:13.525,81,0.2334,-0.0665,0.0915,-0.1665,-0.1752
2026-04-26 20:30:13.537,82,0.2335,-0.0652,0.0905,-0.1639,-0.1769
2026-04-26 20:30:13.557,83,0.2336,-0.0639,0.0895,-0.1613,-0.1786
2026-04-26 20:30:13.573,84,0.2337,-0.0625,0.0885,-0.1588,-0.1802
2026-04-26 20:30:13.596,85,0.2338,-0.0612,0.0875,-0.1562,-0.1819
2026-04-26 20:30:13.643,86,0.2339,-0.0599,0.0865,-0.1537,-0.1836
2026-04-26 20:30:13.659,87,0.2340,-0.0586,0.0855,-0.1512,-0.1852
2026-04-26 20:30:13.674,88,0.2340,-0.0573,0.0845,-0.1487,-0.1868
2026-04-26 20:30:13.686,89,0.2341,-0.0560,0.0835,-0.1461,-0.1885
2026-04-26 20:30:13.698,90,0.2341,-0.0548,0.0825,-0.1437,-0.1901
2026-04-26 20:30:13.712,91,0.2342,-0.0535,0.0816,-0.1412,-0.1917
2026-04-26 20:30:13.723,92,0.2343,-0.0522,0.0806,-0.1388,-0.1933
2026-04-26 20:30:13.740,93,0.2344,-0.0510,0.0796,-0.1363,-0.1949
2026-04-26 20:30:13.754,94,0.2345,-0.0497,0.0786,-0.1339,-0.1965
2026-04-26 20:30:13.771,95,0.2346,-0.0485,0.0777,-0.1315,-0.1981
2026-04-26 20:30:13.785,96,0.2347,-0.0472,0.0767,-0.1291,-0.1996
2026-04-26 20:30:13.805,97,0.2348,-0.0460,0.0758,-0.1267,-0.2012
2026-04-26 20:30:13.822,98,0.2348,-0.0447,0.0749,-0.1243,-0.2028
2026-04-26 20:30:13.839,99,0.2349,-0.0435,0.0739,-0.1220,-0.2043
2026-04-26 20:30:13.856,100,0.2350,-0.0423,0.0730,-0.1196,-0.2059
2026-04-26 20:30:13.873,101,0.2350,-0.0411,0.0721,-0.1172,-0.2074
2026-04-26 20:30:13.892,102,0.2351,-0.0399,0.0711,-0.1149,-0.2089
2026-04-26 20:30:13.913,103,0.2351,-0.0387,0.0702,-0.1125,-0.2104
2026-04-26 20:30:13.927,104,0.2352,-0.0375,0.0693,-0.1102,-0.2119
2026-04-26 20:30:13.941,105,0.2352,-0.0363,0.0684,-0.1078,-0.2134
2026-04-26 20:30:13.954,106,0.2353,-0.0351,0.0675,-0.1055,-0.2149
2026-04-26 20:30:13.967,107,0.2353,-0.0340,0.0666,-0.1032,-0.2164
2026-04-26 20:30:13.979,108,0.2353,-0.0328,0.0658,-0.1009,-0.2179
2026-04-26 20:30:13.990,109,0.2354,-0.0316,0.0649,-0.0986,-0.2193
2026-04-26 20:30:14.002,110,0.2354,-0.0305,0.0640,-0.0963,-0.2208
2026-04-26 20:30:14.011,111,0.2354,-0.0293,0.0631,-0.0941,-0.2222
2026-04-26 20:30:14.020,112,0.2355,-0.0282,0.0622,-0.0918,-0.2237
2026-04-26 20:30:14.030,113,0.2355,-0.0270,0.0614,-0.0896,-0.2251
2026-04-26 20:30:14.038,114,0.2356,-0.0259,0.0605,-0.0874,-0.2265
2026-04-26 20:30:14.047,115,0.2356,-0.0248,0.0597,-0.0851,-0.2280
2026-04-26 20:30:14.057,116,0.2356,-0.0236,0.0588,-0.0829,-0.2294
2026-04-26 20:30:14.065,117,0.2357,-0.0225,0.0580,-0.0807,-0.2308
2026-04-26 20:30:14.076,118,0.2357,-0.0214,0.0571,-0.0785,-0.2322
2026-04-26 20:30:14.087,119,0.2358,-0.0203,0.0563,-0.0764,-0.2336
2026-04-26 20:30:14.100,120,0.2358,-0.0192,0.0554,-0.0742,-0.2350
2026-04-26 20:30:14.115,121,0.2359,-0.0181,0.0546,-0.0721,-0.2363
2026-04-26 20:30:14.126,122,0.2358,-0.0170,0.0538,-0.0699,-0.2377
2026-04-26 20:30:14.137,123,0.2358,-0.0159,0.0530,-0.0676,-0.2390
2026-04-26 20:30:14.148,124,0.2357,-0.0148,0.0522,-0.0654,-0.2404
2026-04-26 20:30:14.158,125,0.2356,-0.0138,0.0514,-0.0632,-0.2417
2026-04-26 20:30:14.171,126,0.2356,-0.0127,0.0506,-0.0610,-0.2430
2026-04-26 20:30:14.186,127,0.2355,-0.0116,0.0499,-0.0588,-0.2443
2026-04-26 20:30:14.204,128,0.2354,-0.0106,0.0491,-0.0566,-0.2456
2026-04-26 20:30:14.220,129,0.2353,-0.0095,0.0483,-0.0543,-0.2469
2026-04-26 20:30:14.234,130,0.2352,-0.0085,0.0476,-0.0521,-0.2482
2026-04-26 20:30:14.253,131,0.2351,-0.0074,0.0468,-0.0499,-0.2495
2026-04-26 20:30:14.266,132,0.2349,-0.0064,0.0461,-0.0477,-0.2507
2026-04-26 20:30:14.280,133,0.2348,-0.0054,0.0453,-0.0456,-0.2520
2026-04-26 20:30:14.292,134,0.2347,-0.0043,0.0446,-0.0434,-0.2533
2026-04-26 20:30:14.304,135,0.2346,-0.0033,0.0438,-0.0413,-0.2545
2026-04-26 20:30:14.318,136,0.2345,-0.0023,0.0431,-0.0391,-0.2558
2026-04-26 20:30:14.367,137,0.2345,-0.0013,0.0424,-0.0370,-0.2570
2026-04-26 20:30:14.377,138,0.2344,-0.0003,0.0416,-0.0350,-0.2582
2026-04-26 20:30:14.386,139,0.2343,0.0007,0.0409,-0.0329,-0.2595
2026-04-26 20:30:14.395,140,0.2343,0.0017,0.0402,-0.0308,-0.2607
2026-04-26 20:30:14.405,141,0.2342,0.0027,0.0394,-0.0288,-0.2619
2026-04-26 20:30:14.413,142,0.2341,0.0037,0.0387,-0.0268,-0.2631
2026-04-26 20:30:14.424,143,0.2341,0.0047,0.0380,-0.0247,-0.2644
2026-04-26 20:30:14.435,144,0.2340,0.0057,0.0373,-0.0227,-0.2656
2026-04-26 20:30:14.445,145,0.2339,0.0066,0.0366,-0.0206,-0.2668
2026-04-26 20:30:14.455,146,0.2338,0.0076,0.0359,-0.0186,-0.2679
2026-04-26 20:30:14.467,147,0.2336,0.0086,0.0352,-0.0165,-0.2691
2026-04-26 20:30:14.476,148,0.2335,0.0095,0.0345,-0.0145,-0.2703
2026-04-26 20:30:14.486,149,0.2334,0.0105,0.0338,-0.0125,-0.2714
2026-04-26 20:30:14.495,150,0.2333,0.0114,0.0331,-0.0104,-0.2726
2026-04-26 20:30:14.506,151,0.2331,0.0124,0.0325,-0.0084,-0.2737
2026-04-26 20:30:14.515,152,0.2330,0.0133,0.0318,-0.0064,-0.2749
2026-04-26 20:30:14.524,153,0.2328,0.0142,0.0311,-0.0044,-0.2760
2026-04-26 20:30:14.534,154,0.2326,0.0152,0.0305,-0.0023,-0.2771
2026-04-26 20:30:14.543,155,0.2325,0.0161,0.0298,-0.0003,-0.2782
2026-04-26 20:30:14.553,156,0.2323,0.0170,0.0292,0.0017,-0.2793
2026-04-26 20:30:14.563,157,0.2321,0.0179,0.0285,0.0037,-0.2804
2026-04-26 20:30:14.572,158,0.2319,0.0188,0.0279,0.0057,-0.2815
2026-04-26 20:30:14.583,159,0.2317,0.0197,0.0273,0.0078,-0.2826
2026-04-26 20:30:14.592,160,0.2315,0.0206,0.0267,0.0098,-0.2837
2026-04-26 20:30:14.602,161,0.2313,0.0215,0.0260,0.0118,-0.2847
2026-04-26 20:30:14.611,162,0.2311,0.0224,0.0254,0.0138,-0.2858
2026-04-26 20:30:14.623,163,0.2309,0.0233,0.0248,0.0158,-0.2868
2026-04-26 20:30:14.635,164,0.2307,0.0242,0.0242,0.0177,-0.2879
2026-04-26 20:30:14.646,165,0.2304,0.0251,0.0236,0.0197,-0.2889
2026-04-26 20:30:14.657,166,0.2302,0.0259,0.0230,0.0216,-0.2900
2026-04-26 20:30:14.671,167,0.2300,0.0268,0.0224,0.0236,-0.2910
2026-04-26 20:30:14.683,168,0.2298,0.0277,0.0218,0.0256,-0.2920
2026-04-26 20:30:14.696,169,0.2296,0.0285,0.0212,0.0275,-0.2931
2026-04-26 20:30:14.705,170,0.2294,0.0294,0.0206,0.0294,-0.2941
2026-04-26 20:30:14.718,171,0.2291,0.0303,0.0200,0.0314,-0.2951
2026-04-26 20:30:14.727,172,0.2289,0.0311,0.0194,0.0333,-0.2961
2026-04-26 20:30:14.740,173,0.2287,0.0319,0.0189,0.0352,-0.2971
2026-04-26 20:30:14.756,174,0.2284,0.0328,0.0183,0.0371,-0.2981
2026-04-26 20:30:14.766,175,0.2282,0.0336,0.0177,0.0391,-0.2991
2026-04-26 20:30:14.778,176,0.2279,0.0345,0.0172,0.0410,-0.3000
2026-04-26 20:30:14.787,177,0.2277,0.0353,0.0166,0.0429,-0.3010
2026-04-26 20:30:14.798,178,0.2274,0.0361,0.0161,0.0448,-0.3020
2026-04-26 20:30:14.810,179,0.2271,0.0369,0.0155,0.0467,-0.3029
2026-04-26 20:30:14.820,180,0.2268,0.0377,0.0150,0.0487,-0.3039
2026-04-26 20:30:14.861,181,0.2265,0.0386,0.0145,0.0506,-0.3048
2026-04-26 20:30:14.872,182,0.2263,0.0394,0.0139,0.0524,-0.3058
2026-04-26 20:30:14.882,183,0.2260,0.0402,0.0134,0.0544,-0.3067
2026-04-26 20:30:14.890,184,0.2257,0.0410,0.0129,0.0563,-0.3076
2026-04-26 20:30:14.899,185,0.2254,0.0418,0.0123,0.0582,-0.3085
2026-04-26 20:30:14.906,186,0.2250,0.0425,0.0118,0.0601,-0.3094
2026-04-26 20:30:14.914,187,0.2247,0.0433,0.0113,0.0620,-0.3103
2026-04-26 20:30:14.923,188,0.2243,0.0441,0.0108,0.0639,-0.3112
2026-04-26 20:30:14.931,189,0.2240,0.0449,0.0103,0.0658,-0.3121
2026-04-26 20:30:14.940,190,0.2237,0.0457,0.0098,0.0676,-0.3130
2026-04-26 20:30:14.948,191,0.2234,0.0464,0.0093,0.0695,-0.3139
2026-04-26 20:30:14.957,192,0.2231,0.0472,0.0088,0.0713,-0.3148
2026-04-26 20:30:14.966,193,0.2228,0.0480,0.0083,0.0732,-0.3157
2026-04-26 20:30:14.974,194,0.2225,0.0487,0.0078,0.0750,-0.3165
2026-04-26 20:30:14.980,195,0.2222,0.0495,0.0073,0.0768,-0.3174
2026-04-26 20:30:14.988,196,0.2218,0.0502,0.0069,0.0787,-0.3183
2026-04-26 20:30:14.995,197,0.2215,0.0510,0.0064,0.0805,-0.3191
2026-04-26 20:30:15.003,198,0.2212,0.0517,0.0059,0.0823,-0.3200
2026-04-26 20:30:15.011,199,0.2209,0.0525,0.0054,0.0841,-0.3208
2026-04-26 20:30:15.020,200,0.2205,0.0532,0.0050,0.0859,-0.3217
2026-04-26 20:30:15.029,201,0.2202,0.0540,0.0045,0.0877,-0.3225
2026-04-26 20:30:15.038,202,0.2199,0.0547,0.0040,0.0895,-0.3233
2026-04-26 20:30:15.048,203,0.2195,0.0554,0.0036,0.0913,-0.3241
2026-04-26 20:30:15.057,204,0.2191,0.0561,0.0031,0.0931,-0.3249
2026-04-26 20:30:15.066,205,0.2188,0.0568,0.0027,0.0949,-0.3258
2026-04-26 20:30:15.075,206,0.2184,0.0576,0.0022,0.0967,-0.3266
2026-04-26 20:30:15.084,207,0.2180,0.0583,0.0018,0.0985,-0.3274
2026-04-26 20:30:15.093,208,0.2176,0.0590,0.0014,0.1003,-0.3281
2026-04-26 20:30:15.104,209,0.2173,0.0597,0.0009,0.1021,-0.3289
2026-04-26 20:30:15.113,210,0.2169,0.0604,0.0005,0.1039,-0.3297
2026-04-26 20:30:15.122,211,0.2165,0.0611,0.0001,0.1057,-0.3305
2026-04-26 20:30:15.131,212,0.2161,0.0618,-0.0004,0.1075,-0.3313
2026-04-26 20:30:15.138,213,0.2157,0.0625,-0.0008,0.1092,-0.3320
2026-04-26 20:30:15.146,214,0.2153,0.0632,-0.0012,0.1110,-0.3328
2026-04-26 20:30:15.153,215,0.2150,0.0638,-0.0016,0.1127,-0.3335
2026-04-26 20:30:15.161,216,0.2145,0.0645,-0.0020,0.1145,-0.3343
2026-04-26 20:30:15.169,217,0.2141,0.0652,-0.0024,0.1163,-0.3350
2026-04-26 20:30:15.177,218,0.2137,0.0659,-0.0028,0.1180,-0.3358
2026-04-26 20:30:15.187,219,0.2133,0.0666,-0.0032,0.1198,-0.3365
2026-04-26 20:30:15.194,220,0.2130,0.0672,-0.0037,0.1215,-0.3373
2026-04-26 20:30:15.203,221,0.2126,0.0679,-0.0041,0.1232,-0.3380
2026-04-26 20:30:15.213,222,0.2122,0.0685,-0.0045,0.1249,-0.3387
2026-04-26 20:30:15.221,223,0.2118,0.0692,-0.0048,0.1266,-0.3394
2026-04-26 20:30:15.265,224,0.2114,0.0699,-0.0052,0.1283,-0.3402
2026-04-26 20:30:15.275,225,0.2110,0.0705,-0.0056,0.1300,-0.3409
2026-04-26 20:30:15.284,226,0.2106,0.0712,-0.0060,0.1317,-0.3416
2026-04-26 20:30:15.293,227,0.2101,0.0718,-0.0064,0.1334,-0.3423
2026-04-26 20:30:15.302,228,0.2097,0.0724,-0.0068,0.1352,-0.3430
2026-04-26 20:30:15.309,229,0.2093,0.0731,-0.0071,0.1368,-0.3437
2026-04-26 20:30:15.318,230,0.2089,0.0737,-0.0075,0.1385,-0.3444
2026-04-26 20:30:15.325,231,0.2085,0.0743,-0.0079,0.1402,-0.3450
2026-04-26 20:30:15.334,232,0.2080,0.0750,-0.0082,0.1419,-0.3457
2026-04-26 20:30:15.342,233,0.2076,0.0756,-0.0086,0.1436,-0.3464
2026-04-26 20:30:15.351,234,0.2072,0.0762,-0.0090,0.1452,-0.3471
2026-04-26 20:30:15.359,235,0.2068,0.0768,-0.0093,0.1469,-0.3477
2026-04-26 20:30:15.367,236,0.2064,0.0775,-0.0097,0.1485,-0.3484
2026-04-26 20:30:15.375,237,0.2060,0.0781,-0.0100,0.1502,-0.3491
2026-04-26 20:30:15.384,238,0.2055,0.0787,-0.0104,0.1518,-0.3497
2026-04-26 20:30:15.392,239,0.2051,0.0793,-0.0107,0.1534,-0.3504
2026-04-26 20:30:15.401,240,0.2047,0.0799,-0.0111,0.1550,-0.3510
2026-04-26 20:30:15.409,241,0.2043,0.0805,-0.0114,0.1567,-0.3517
2026-04-26 20:30:15.418,242,0.2039,0.0811,-0.0118,0.1583,-0.3523
2026-04-26 20:30:15.426,243,0.2034,0.0817,-0.0121,0.1599,-0.3530
2026-04-26 20:30:15.435,244,0.2030,0.0823,-0.0125,0.1615,-0.3536
2026-04-26 20:30:15.442,245,0.2026,0.0829,-0.0128,0.1631,-0.3542
2026-04-26 20:30:15.451,246,0.2022,0.0834,-0.0131,0.1647,-0.3549
2026-04-26 20:30:15.460,247,0.2018,0.0840,-0.0135,0.1663,-0.3555
2026-04-26 20:30:15.468,248,0.2013,0.0846,-0.0138,0.1679,-0.3561
2026-04-26 20:30:15.477,249,0.2009,0.0852,-0.0141,0.1695,-0.3567
2026-04-26 20:30:15.485,250,0.2005,0.0858,-0.0144,0.1711,-0.3573
2026-04-26 20:30:15.494,251,0.2000,0.0863,-0.0148,0.1726,-0.3579
2026-04-26 20:30:15.503,252,0.1996,0.0869,-0.0151,0.1742,-0.3585
2026-04-26 20:30:15.513,253,0.1992,0.0875,-0.0154,0.1758,-0.3591
2026-04-26 20:30:15.523,254,0.1987,0.0880,-0.0157,0.1773,-0.3597
2026-04-26 20:30:15.532,255,0.1983,0.0886,-0.0160,0.1789,-0.3603
2026-04-26 20:30:15.542,256,0.1978,0.0891,-0.0163,0.1805,-0.3609
2026-04-26 20:30:15.552,257,0.1974,0.0897,-0.0166,0.1820,-0.3615
2026-04-26 20:30:15.561,258,0.1969,0.0902,-0.0169,0.1836,-0.3620
2026-04-26 20:30:15.570,259,0.1965,0.0908,-0.0172,0.1851,-0.3626
2026-04-26 20:30:15.577,260,0.1960,0.0913,-0.0175,0.1867,-0.3632
2026-04-26 20:30:15.585,261,0.1956,0.0919,-0.0178,0.1882,-0.3638
2026-04-26 20:30:15.594,262,0.1951,0.0924,-0.0181,0.1897,-0.3643
2026-04-26 20:30:15.601,263,0.1947,0.0930,-0.0184,0.1912,-0.3649
2026-04-26 20:30:15.610,264,0.1942,0.0935,-0.0187,0.1928,-0.3654
2026-04-26 20:30:15.616,265,0.1938,0.0940,-0.0190,0.1943,-0.3660
2026-04-26 20:30:15.625,266,0.1933,0.0946,-0.0193,0.1958,-0.3665
2026-04-26 20:30:15.633,267,0.1929,0.0951,-0.0195,0.1973,-0.3671
2026-04-26 20:30:15.641,268,0.1925,0.0956,-0.0198,0.1988,-0.3676
2026-04-26 20:30:15.650,269,0.1920,0.0961,-0.0201,0.2002,-0.3682
2026-04-26 20:30:15.657,270,0.1916,0.0967,-0.0204,0.2017,-0.3687
2026-04-26 20:30:15.666,271,0.1911,0.0972,-0.0207,0.2032,-0.3693
2026-04-26 20:30:15.675,272,0.1907,0.0977,-0.0209,0.2047,-0.3698
2026-04-26 20:30:15.682,273,0.1903,0.0982,-0.0212,0.2061,-0.3703
2026-04-26 20:30:15.692,274,0.1898,0.0987,-0.0215,0.2076,-0.3708
2026-04-26 20:30:15.699,275,0.1894,0.0992,-0.0218,0.2090,-0.3714
2026-04-26 20:30:15.708,276,0.1890,0.0997,-0.0220,0.2104,-0.3719
2026-04-26 20:30:15.717,277,0.1886,0.1002,-0.0223,0.2119,-0.3724
2026-04-26 20:30:15.724,278,0.1882,0.1007,-0.0226,0.2133,-0.3729
2026-04-26 20:30:15.733,279,0.1877,0.1012,-0.0228,0.2147,-0.3734
2026-04-26 20:30:15.740,280,0.1873,0.1017,-0.0231,0.2161,-0.3740
2026-04-26 20:30:15.750,281,0.1869,0.1022,-0.0234,0.2175,-0.3745
2026-04-26 20:30:15.761,282,0.1864,0.1027,-0.0236,0.2189,-0.3750
2026-04-26 20:30:15.767,283,0.1860,0.1032,-0.0239,0.2203,-0.3755
2026-04-26 20:30:15.779,284,0.1856,0.1037,-0.0241,0.2217,-0.3760
2026-04-26 20:30:15.826,285,0.1852,0.1041,-0.0244,0.2231,-0.3765
2026-04-26 20:30:15.833,286,0.1847,0.1046,-0.0247,0.2245,-0.3770
2026-04-26 20:30:15.840,287,0.1843,0.1051,-0.0249,0.2259,-0.3775
2026-04-26 20:30:15.847,288,0.1839,0.1056,-0.0252,0.2272,-0.3779
2026-04-26 20:30:15.854,289,0.1835,0.1060,-0.0254,0.2286,-0.3784
2026-04-26 20:30:15.861,290,0.1830,0.1065,-0.0256,0.2300,-0.3789
2026-04-26 20:30:15.869,291,0.1826,0.1070,-0.0259,0.2313,-0.3794
2026-04-26 20:30:15.877,292,0.1822,0.1074,-0.0261,0.2327,-0.3798
2026-04-26 20:30:15.885,293,0.1817,0.1079,-0.0264,0.2341,-0.3803
2026-04-26 20:30:15.892,294,0.1813,0.1084,-0.0266,0.2355,-0.3808
2026-04-26 20:30:15.900,295,0.1808,0.1088,-0.0268,0.2368,-0.3812
2026-04-26 20:30:15.907,296,0.1804,0.1093,-0.0271,0.2382,-0.3817
2026-04-26 20:30:15.914,297,0.1799,0.1097,-0.0273,0.2396,-0.3821
2026-04-26 20:30:15.921,298,0.1795,0.1102,-0.0275,0.2409,-0.3826
2026-04-26 20:30:15.929,299,0.1790,0.1106,-0.0277,0.2422,-0.3831
2026-04-26 20:30:15.936,300,0.1786,0.1111,-0.0280,0.2436,-0.3835
2026-04-26 20:30:15.944,301,0.1781,0.1115,-0.0282,0.2449,-0.3839
2026-04-26 20:30:15.951,302,0.1776,0.1120,-0.0284,0.2463,-0.3844
2026-04-26 20:30:15.958,303,0.1772,0.1124,-0.0286,0.2476,-0.3848
2026-04-26 20:30:15.966,304,0.1767,0.1128,-0.0288,0.2490,-0.3852
2026-04-26 20:30:15.974,305,0.1763,0.1133,-0.0290,0.2503,-0.3857
2026-04-26 20:30:15.981,306,0.1758,0.1137,-0.0292,0.2516,-0.3861
2026-04-26 20:30:15.989,307,0.1754,0.1141,-0.0295,0.2529,-0.3865
2026-04-26 20:30:15.996,308,0.1749,0.1146,-0.0297,0.2543,-0.3869
2026-04-26 20:30:16.004,309,0.1744,0.1150,-0.0299,0.2556,-0.3874
2026-04-26 20:30:16.013,310,0.1740,0.1154,-0.0301,0.2569,-0.3878
2026-04-26 20:30:16.020,311,0.1735,0.1159,-0.0303,0.2582,-0.3882
2026-04-26 20:30:16.027,312,0.1731,0.1163,-0.0305,0.2595,-0.3886
2026-04-26 20:30:16.035,313,0.1727,0.1167,-0.0307,0.2607,-0.3890
2026-04-26 20:30:16.043,314,0.1722,0.1171,-0.0309,0.2620,-0.3894
2026-04-26 20:30:16.051,315,0.1718,0.1175,-0.0311,0.2633,-0.3898
2026-04-26 20:30:16.059,316,0.1713,0.1179,-0.0313,0.2645,-0.3903
2026-04-26 20:30:16.067,317,0.1709,0.1183,-0.0315,0.2658,-0.3907
2026-04-26 20:30:16.075,318,0.1705,0.1188,-0.0317,0.2670,-0.3911
2026-04-26 20:30:16.083,319,0.1700,0.1192,-0.0319,0.2683,-0.3915
2026-04-26 20:30:16.092,320,0.1696,0.1196,-0.0321,0.2695,-0.3919
2026-04-26 20:30:16.100,321,0.1692,0.1200,-0.0323,0.2708,-0.3923
2026-04-26 20:30:16.110,322,0.1687,0.1204,-0.0325,0.2720,-0.3926
2026-04-26 20:30:16.119,323,0.1683,0.1208,-0.0327,0.2732,-0.3930
2026-04-26 20:30:16.129,324,0.1679,0.1212,-0.0328,0.2744,-0.3934
2026-04-26 20:30:16.139,325,0.1675,0.1216,-0.0330,0.2756,-0.3938
2026-04-26 20:30:16.148,326,0.1671,0.1219,-0.0332,0.2768,-0.3942
2026-04-26 20:30:16.158,327,0.1667,0.1223,-0.0334,0.2780,-0.3946
2026-04-26 20:30:16.166,328,0.1663,0.1227,-0.0336,0.2792,-0.3950
2026-04-26 20:30:16.175,329,0.1658,0.1231,-0.0338,0.2804,-0.3953
2026-04-26 20:30:16.184,330,0.1654,0.1235,-0.0340,0.2816,-0.3957
2026-04-26 20:30:16.191,331,0.1650,0.1239,-0.0342,0.2828,-0.3961
2026-04-26 20:30:16.201,332,0.1645,0.1243,-0.0343,0.2840,-0.3965
2026-04-26 20:30:16.208,333,0.1641,0.1246,-0.0345,0.2852,-0.3968
2026-04-26 20:30:16.218,334,0.1636,0.1250,-0.0347,0.2864,-0.3972
2026-04-26 20:30:16.227,335,0.1632,0.1254,-0.0348,0.2876,-0.3975
2026-04-26 20:30:16.234,336,0.1627,0.1258,-0.0350,0.2888,-0.3979
2026-04-26 20:30:16.244,337,0.1623,0.1261,-0.0352,0.2900,-0.3982
2026-04-26 20:30:16.251,338,0.1618,0.1265,-0.0353,0.2912,-0.3986
2026-04-26 20:30:16.261,339,0.1613,0.1269,-0.0355,0.2924,-0.3989
2026-04-26 20:30:16.270,340,0.1609,0.1272,-0.0357,0.2936,-0.3993
2026-04-26 20:30:16.277,341,0.1604,0.1276,-0.0358,0.2948,-0.3996
2026-04-26 20:30:16.287,342,0.1600,0.1280,-0.0360,0.2959,-0.4000
2026-04-26 20:30:16.294,343,0.1595,0.1283,-0.0361,0.2971,-0.4003
2026-04-26 20:30:16.303,344,0.1591,0.1287,-0.0363,0.2983,-0.4006
2026-04-26 20:30:16.312,345,0.1586,0.1290,-0.0364,0.2994,-0.4010
2026-04-26 20:30:16.378,346,0.1582,0.1294,-0.0366,0.3006,-0.4013
2026-04-26 20:30:16.386,347,0.1577,0.1297,-0.0367,0.3018,-0.4016
2026-04-26 20:30:16.392,348,0.1573,0.1301,-0.0369,0.3029,-0.4019
2026-04-26 20:30:16.399,349,0.1568,0.1304,-0.0370,0.3041,-0.4023
2026-04-26 20:30:16.406,350,0.1564,0.1308,-0.0372,0.3052,-0.4026
2026-04-26 20:30:16.413,351,0.1559,0.1311,-0.0373,0.3064,-0.4029
2026-04-26 20:30:16.421,352,0.1554,0.1315,-0.0375,0.3075,-0.4032
2026-04-26 20:30:16.428,353,0.1550,0.1318,-0.0376,0.3087,-0.4035
2026-04-26 20:30:16.434,354,0.1545,0.1322,-0.0378,0.3098,-0.4038
2026-04-26 20:30:16.442,355,0.1541,0.1325,-0.0379,0.3109,-0.4042
2026-04-26 20:30:16.449,356,0.1536,0.1328,-0.0380,0.3121,-0.4045
2026-04-26 20:30:16.456,357,0.1532,0.1332,-0.0382,0.3132,-0.4048
2026-04-26 20:30:16.463,358,0.1527,0.1335,-0.0383,0.3143,-0.4051
2026-04-26 20:30:16.470,359,0.1523,0.1338,-0.0385,0.3154,-0.4054
2026-04-26 20:30:16.478,360,0.1518,0.1342,-0.0386,0.3165,-0.4057
2026-04-26 20:30:16.486,361,0.1514,0.1345,-0.0387,0.3177,-0.4060
2026-04-26 20:30:16.493,362,0.1509,0.1348,-0.0388,0.3188,-0.4063
2026-04-26 20:30:16.500,363,0.1504,0.1352,-0.0390,0.3199,-0.4066
2026-04-26 20:30:16.507,364,0.1500,0.1355,-0.0391,0.3210,-0.4069
2026-04-26 20:30:16.515,365,0.1495,0.1358,-0.0392,0.3221,-0.4071
2026-04-26 20:30:16.522,366,0.1491,0.1361,-0.0394,0.3232,-0.4074
2026-04-26 20:30:16.530,367,0.1486,0.1364,-0.0395,0.3243,-0.4077
2026-04-26 20:30:16.538,368,0.1482,0.1368,-0.0396,0.3253,-0.4080
2026-04-26 20:30:16.546,369,0.1477,0.1371,-0.0397,0.3264,-0.4083
2026-04-26 20:30:16.554,370,0.1473,0.1374,-0.0399,0.3275,-0.4086
2026-04-26 20:30:16.560,371,0.1469,0.1377,-0.0400,0.3286,-0.4089
2026-04-26 20:30:16.568,372,0.1464,0.1380,-0.0401,0.3296,-0.4091
2026-04-26 20:30:16.576,373,0.1460,0.1383,-0.0402,0.3307,-0.4094
2026-04-26 20:30:16.583,374,0.1455,0.1386,-0.0404,0.3317,-0.4097
2026-04-26 20:30:16.590,375,0.1451,0.1389,-0.0405,0.3328,-0.4100
2026-04-26 20:30:16.597,376,0.1446,0.1393,-0.0406,0.3339,-0.4102
2026-04-26 20:30:16.605,377,0.1442,0.1396,-0.0407,0.3349,-0.4105
2026-04-26 20:30:16.613,378,0.1437,0.1399,-0.0408,0.3360,-0.4108
2026-04-26 20:30:16.620,379,0.1433,0.1402,-0.0409,0.3371,-0.4110
2026-04-26 20:30:16.629,380,0.1428,0.1405,-0.0410,0.3381,-0.4113
2026-04-26 20:30:16.636,381,0.1424,0.1408,-0.0412,0.3391,-0.4115
2026-04-26 20:30:16.645,382,0.1419,0.1411,-0.0413,0.3402,-0.4118
2026-04-26 20:30:16.654,383,0.1415,0.1413,-0.0414,0.3412,-0.4121
2026-04-26 20:30:16.661,384,0.1411,0.1416,-0.0415,0.3422,-0.4123
2026-04-26 20:30:16.670,385,0.1406,0.1419,-0.0416,0.3432,-0.4126
2026-04-26 20:30:16.677,386,0.1402,0.1422,-0.0417,0.3442,-0.4128
2026-04-26 20:30:16.687,387,0.1398,0.1425,-0.0418,0.3452,-0.4131
2026-04-26 20:30:16.695,388,0.1394,0.1428,-0.0419,0.3462,-0.4133
2026-04-26 20:30:16.703,389,0.1389,0.1431,-0.0420,0.3472,-0.4136
2026-04-26 20:30:16.712,390,0.1385,0.1434,-0.0422,0.3482,-0.4138
2026-04-26 20:30:16.718,391,0.1381,0.1437,-0.0423,0.3492,-0.4141
2026-04-26 20:30:16.727,392,0.1377,0.1439,-0.0424,0.3502,-0.4143
2026-04-26 20:30:16.737,393,0.1373,0.1442,-0.0425,0.3512,-0.4146
2026-04-26 20:30:16.744,394,0.1368,0.1445,-0.0426,0.3521,-0.4148
2026-04-26 20:30:16.754,395,0.1364,0.1448,-0.0427,0.3531,-0.4151
2026-04-26 20:30:16.761,396,0.1360,0.1450,-0.0428,0.3541,-0.4153
2026-04-26 20:30:16.769,397,0.1356,0.1453,-0.0429,0.3550,-0.4156
2026-04-26 20:30:16.779,398,0.1352,0.1456,-0.0430,0.3560,-0.4158
2026-04-26 20:30:16.786,399,0.1348,0.1459,-0.0431,0.3569,-0.4160
2026-04-26 20:30:16.795,400,0.1344,0.1461,-0.0432,0.3579,-0.4163
2026-04-26 20:30:16.802,401,0.1340,0.1464,-0.0433,0.3588,-0.4165
2026-04-26 20:30:16.811,402,0.1336,0.1467,-0.0434,0.3597,-0.4168
2026-04-26 20:30:16.821,403,0.1333,0.1469,-0.0435,0.3606,-0.4170
2026-04-26 20:30:16.827,404,0.1329,0.1472,-0.0436,0.3615,-0.4172
2026-04-26 20:30:16.837,405,0.1325,0.1475,-0.0437,0.3624,-0.4175
2026-04-26 20:30:16.844,406,0.1321,0.1477,-0.0438,0.3633,-0.4177
2026-04-26 20:30:16.900,407,0.1317,0.1480,-0.0439,0.3642,-0.4179
2026-04-26 20:30:16.907,408,0.1314,0.1483,-0.0440,0.3651,-0.4182
2026-04-26 20:30:16.915,409,0.1310,0.1485,-0.0441,0.3660,-0.4184
2026-04-26 20:30:16.923,410,0.1306,0.1488,-0.0442,0.3669,-0.4186
2026-04-26 20:30:16.929,411,0.1303,0.1490,-0.0443,0.3678,-0.4188
2026-04-26 20:30:16.936,412,0.1299,0.1493,-0.0444,0.3687,-0.4191
2026-04-26 20:30:16.943,413,0.1295,0.1495,-0.0445,0.3695,-0.4193
2026-04-26 20:30:16.951,414,0.1291,0.1498,-0.0446,0.3704,-0.4195
2026-04-26 20:30:16.958,415,0.1288,0.1500,-0.0447,0.3713,-0.4197
2026-04-26 20:30:16.965,416,0.1284,0.1503,-0.0448,0.3722,-0.4200
2026-04-26 20:30:16.972,417,0.1280,0.1505,-0.0449,0.3730,-0.4202
2026-04-26 20:30:16.980,418,0.1277,0.1508,-0.0450,0.3739,-0.4204
2026-04-26 20:30:16.988,419,0.1273,0.1510,-0.0451,0.3748,-0.4206
2026-04-26 20:30:16.996,420,0.1269,0.1513,-0.0452,0.3757,-0.4208
2026-04-26 20:30:17.003,421,0.1265,0.1515,-0.0453,0.3765,-0.4210
2026-04-26 20:30:17.011,422,0.1261,0.1518,-0.0454,0.3774,-0.4212
2026-04-26 20:30:17.019,423,0.1258,0.1520,-0.0454,0.3783,-0.4214
2026-04-26 20:30:17.026,424,0.1254,0.1522,-0.0455,0.3791,-0.4216
2026-04-26 20:30:17.035,425,0.1250,0.1525,-0.0456,0.3800,-0.4218
2026-04-26 20:30:17.042,426,0.1246,0.1527,-0.0457,0.3808,-0.4220
2026-04-26 20:30:17.050,427,0.1242,0.1530,-0.0458,0.3817,-0.4222
2026-04-26 20:30:17.057,428,0.1238,0.1532,-0.0459,0.3825,-0.4224
2026-04-26 20:30:17.065,429,0.1235,0.1534,-0.0459,0.3834,-0.4226
2026-04-26 20:30:17.073,430,0.1231,0.1537,-0.0460,0.3842,-0.4228
2026-04-26 20:30:17.081,431,0.1227,0.1539,-0.0461,0.3851,-0.4230
2026-04-26 20:30:17.089,432,0.1223,0.1541,-0.0462,0.3859,-0.4232
2026-04-26 20:30:17.097,433,0.1219,0.1543,-0.0462,0.3867,-0.4234
2026-04-26 20:30:17.104,434,0.1216,0.1546,-0.0463,0.3876,-0.4236
2026-04-26 20:30:17.112,435,0.1212,0.1548,-0.0464,0.3884,-0.4238
2026-04-26 20:30:17.120,436,0.1208,0.1550,-0.0465,0.3893,-0.4240
2026-04-26 20:30:17.129,437,0.1204,0.1553,-0.0465,0.3901,-0.4242
2026-04-26 20:30:17.139,438,0.1200,0.1555,-0.0466,0.3909,-0.4244
2026-04-26 20:30:17.147,439,0.1197,0.1557,-0.0467,0.3917,-0.4245
2026-04-26 20:30:17.156,440,0.1193,0.1559,-0.0468,0.3926,-0.4247
2026-04-26 20:30:17.166,441,0.1189,0.1561,-0.0468,0.3934,-0.4249
2026-04-26 20:30:17.174,442,0.1185,0.1564,-0.0469,0.3942,-0.4251
2026-04-26 20:30:17.185,443,0.1182,0.1566,-0.0470,0.3950,-0.4253
2026-04-26 20:30:17.195,444,0.1178,0.1568,-0.0470,0.3958,-0.4254
2026-04-26 20:30:17.206,445,0.1174,0.1570,-0.0471,0.3966,-0.4256
2026-04-26 20:30:17.216,446,0.1170,0.1572,-0.0472,0.3974,-0.4258
2026-04-26 20:30:17.224,447,0.1167,0.1574,-0.0472,0.3982,-0.4260
2026-04-26 20:30:17.233,448,0.1163,0.1577,-0.0473,0.3990,-0.4261
2026-04-26 20:30:17.240,449,0.1159,0.1579,-0.0474,0.3998,-0.4263
2026-04-26 20:30:17.248,450,0.1156,0.1581,-0.0474,0.4006,-0.4265
2026-04-26 20:30:17.258,451,0.1152,0.1583,-0.0475,0.4014,-0.4267
2026-04-26 20:30:17.265,452,0.1148,0.1585,-0.0476,0.4022,-0.4268
2026-04-26 20:30:17.274,453,0.1145,0.1587,-0.0476,0.4030,-0.4270
2026-04-26 20:30:17.282,454,0.1141,0.1589,-0.0477,0.4037,-0.4272
2026-04-26 20:30:17.291,455,0.1137,0.1591,-0.0478,0.4045,-0.4273
2026-04-26 20:30:17.300,456,0.1134,0.1593,-0.0478,0.4053,-0.4275
2026-04-26 20:30:17.307,457,0.1130,0.1595,-0.0479,0.4061,-0.4277
2026-04-26 20:30:17.316,458,0.1126,0.1597,-0.0480,0.4068,-0.4278
2026-04-26 20:30:17.323,459,0.1123,0.1599,-0.0480,0.4076,-0.4280
2026-04-26 20:30:17.333,460,0.1119,0.1601,-0.0481,0.4083,-0.4281
2026-04-26 20:30:17.342,461,0.1116,0.1603,-0.0481,0.4091,-0.4283
2026-04-26 20:30:17.350,462,0.1112,0.1605,-0.0482,0.4098,-0.4285
2026-04-26 20:30:17.359,463,0.1109,0.1607,-0.0483,0.4106,-0.4286
2026-04-26 20:30:17.366,464,0.1105,0.1609,-0.0483,0.4113,-0.4288
2026-04-26 20:30:17.376,465,0.1101,0.1611,-0.0484,0.4121,-0.4289
2026-04-26 20:30:17.385,466,0.1098,0.1613,-0.0484,0.4128,-0.4291
2026-04-26 20:30:17.392,467,0.1094,0.1615,-0.0485,0.4136,-0.4292
2026-04-26 20:30:17.458,468,0.1091,0.1617,-0.0485,0.4143,-0.4294
2026-04-26 20:30:17.467,469,0.1087,0.1619,-0.0486,0.4150,-0.4295
2026-04-26 20:30:17.475,470,0.1084,0.1621,-0.0487,0.4158,-0.4297
2026-04-26 20:30:17.484,471,0.1080,0.1623,-0.0487,0.4165,-0.4298
2026-04-26 20:30:17.492,472,0.1077,0.1625,-0.0488,0.4172,-0.4300
2026-04-26 20:30:17.501,473,0.1073,0.1626,-0.0488,0.4180,-0.4301
2026-04-26 20:30:17.509,474,0.1070,0.1628,-0.0489,0.4187,-0.4303
2026-04-26 20:30:17.518,475,0.1066,0.1630,-0.0489,0.4194,-0.4304
2026-04-26 20:30:17.527,476,0.1063,0.1632,-0.0490,0.4201,-0.4306
2026-04-26 20:30:17.538,477,0.1059,0.1634,-0.0490,0.4209,-0.4307
2026-04-26 20:30:17.548,478,0.1056,0.1636,-0.0491,0.4216,-0.4309
2026-04-26 20:30:17.556,479,0.1052,0.1637,-0.0491,0.4223,-0.4310
2026-04-26 20:30:17.564,480,0.1049,0.1639,-0.0492,0.4230,-0.4311
2026-04-26 20:30:17.573,481,0.1046,0.1641,-0.0492,0.4236,-0.4313
2026-04-26 20:30:17.581,482,0.1042,0.1643,-0.0493,0.4243,-0.4314
2026-04-26 20:30:17.590,483,0.1039,0.1645,-0.0493,0.4250,-0.4316
2026-04-26 20:30:17.599,484,0.1036,0.1646,-0.0494,0.4257,-0.4317
2026-04-26 20:30:17.607,485,0.1033,0.1648,-0.0494,0.4264,-0.4318
2026-04-26 20:30:17.616,486,0.1029,0.1650,-0.0495,0.4271,-0.4320
2026-04-26 20:30:17.625,487,0.1026,0.1652,-0.0495,0.4278,-0.4321
2026-04-26 20:30:17.635,488,0.1023,0.1653,-0.0496,0.4284,-0.4322
2026-04-26 20:30:17.645,489,0.1019,0.1655,-0.0496,0.4291,-0.4324
2026-04-26 20:30:17.653,490,0.1016,0.1657,-0.0497,0.4298,-0.4325
2026-04-26 20:30:17.663,491,0.1013,0.1659,-0.0497,0.4304,-0.4327
2026-04-26 20:30:17.671,492,0.1010,0.1660,-0.0498,0.4311,-0.4328
2026-04-26 20:30:17.681,493,0.1007,0.1662,-0.0498,0.4318,-0.4329
2026-04-26 20:30:17.691,494,0.1003,0.1664,-0.0499,0.4324,-0.4331
2026-04-26 20:30:17.700,495,0.1000,0.1665,-0.0499,0.4330,-0.4332
2026-04-26 20:30:17.709,496,0.0997,0.1667,-0.0500,0.4337,-0.4333
2026-04-26 20:30:17.717,497,0.0994,0.1669,-0.0500,0.4343,-0.4335
2026-04-26 20:30:17.727,498,0.0991,0.1670,-0.0501,0.4350,-0.4336
2026-04-26 20:30:17.736,499,0.0988,0.1672,-0.0501,0.4356,-0.4337
2026-04-26 20:30:17.745,500,0.0985,0.1674,-0.0502,0.4362,-0.4338
2026-04-26 20:30:17.755,501,0.0982,0.1675,-0.0502,0.4369,-0.4340
2026-04-26 20:30:17.763,502,0.0979,0.1677,-0.0502,0.4375,-0.4341
2026-04-26 20:30:17.772,503,0.0976,0.1679,-0.0503,0.4381,-0.4342
2026-04-26 20:30:17.782,504,0.0973,0.1680,-0.0503,0.4388,-0.4343
2026-04-26 20:30:17.791,505,0.0970,0.1682,-0.0504,0.4394,-0.4345
2026-04-26 20:30:17.801,506,0.0967,0.1683,-0.0504,0.4400,-0.4346
2026-04-26 20:30:17.809,507,0.0963,0.1685,-0.0505,0.4406,-0.4347
2026-04-26 20:30:17.819,508,0.0960,0.1687,-0.0505,0.4413,-0.4348
2026-04-26 20:30:17.829,509,0.0957,0.1688,-0.0505,0.4419,-0.4349
2026-04-26 20:30:17.837,510,0.0954,0.1690,-0.0506,0.4425,-0.4351
2026-04-26 20:30:17.847,511,0.0951,0.1691,-0.0506,0.4432,-0.4352
2026-04-26 20:30:17.855,512,0.0948,0.1693,-0.0506,0.4438,-0.4353
2026-04-26 20:30:17.866,513,0.0944,0.1694,-0.0507,0.4444,-0.4354
2026-04-26 20:30:17.877,514,0.0941,0.1696,-0.0507,0.4450,-0.4355
2026-04-26 20:30:17.886,515,0.0938,0.1697,-0.0507,0.4457,-0.4356
2026-04-26 20:30:17.896,516,0.0935,0.1699,-0.0508,0.4463,-0.4357
2026-04-26 20:30:17.905,517,0.0931,0.1700,-0.0508,0.4469,-0.4358
2026-04-26 20:30:17.916,518,0.0928,0.1702,-0.0508,0.4476,-0.4359
2026-04-26 20:30:17.927,519,0.0925,0.1703,-0.0509,0.4482,-0.4360
2026-04-26 20:30:17.936,520,0.0922,0.1705,-0.0509,0.4488,-0.4361
2026-04-26 20:30:17.948,521,0.0918,0.1706,-0.0509,0.4494,-0.4362
2026-04-26 20:30:17.958,522,0.0915,0.1708,-0.0510,0.4501,-0.4363
2026-04-26 20:30:17.969,523,0.0912,0.1709,-0.0510,0.4507,-0.4364
2026-04-26 20:30:17.982,524,0.0908,0.1711,-0.0510,0.4513,-0.4365
2026-04-26 20:30:17.994,525,0.0905,0.1712,-0.0510,0.4519,-0.4366
2026-04-26 20:30:18.007,526,0.0902,0.1714,-0.0511,0.4525,-0.4367
2026-04-26 20:30:18.016,527,0.0898,0.1715,-0.0511,0.4532,-0.4368
2026-04-26 20:30:18.027,528,0.0895,0.1716,-0.0511,0.4538,-0.4369
2026-04-26 20:30:18.039,529,0.0892,0.1718,-0.0511,0.4544,-0.4370
2026-04-26 20:30:18.047,530,0.0889,0.1719,-0.0512,0.4550,-0.4371
2026-04-26 20:30:18.057,531,0.0885,0.1721,-0.0512,0.4556,-0.4372
2026-04-26 20:30:18.067,532,0.0882,0.1722,-0.0512,0.4562,-0.4373
2026-04-26 20:30:18.079,533,0.0879,0.1723,-0.0512,0.4568,-0.4374
2026-04-26 20:30:18.092,534,0.0876,0.1725,-0.0513,0.4574,-0.4375
2026-04-26 20:30:18.102,535,0.0873,0.1726,-0.0513,0.4580,-0.4376
2026-04-26 20:30:18.113,536,0.0869,0.1728,-0.0513,0.4586,-0.4377
2026-04-26 20:30:18.122,537,0.0866,0.1729,-0.0513,0.4592,-0.4378
2026-04-26 20:30:18.135,538,0.0863,0.1730,-0.0514,0.4597,-0.4379
2026-04-26 20:30:18.148,539,0.0860,0.1732,-0.0514,0.4603,-0.4380
2026-04-26 20:30:18.158,540,0.0857,0.1733,-0.0514,0.4609,-0.4381
2026-04-26 20:30:18.171,541,0.0854,0.1734,-0.0514,0.4615,-0.4381
2026-04-26 20:30:18.181,542,0.0851,0.1736,-0.0515,0.4620,-0.4382
2026-04-26 20:30:18.193,543,0.0848,0.1737,-0.0515,0.4626,-0.4383
2026-04-26 20:30:18.206,544,0.0845,0.1738,-0.0515,0.4632,-0.4384
2026-04-26 20:30:18.214,545,0.0842,0.1740,-0.0515,0.4637,-0.4385
2026-04-26 20:30:18.227,546,0.0839,0.1741,-0.0515,0.4643,-0.4386
2026-04-26 20:30:18.239,547,0.0836,0.1742,-0.0516,0.4648,-0.4387
2026-04-26 20:30:18.247,548,0.0833,0.1743,-0.0516,0.4654,-0.4388
2026-04-26 20:30:18.259,549,0.0830,0.1745,-0.0516,0.4659,-0.4388
2026-04-26 20:30:18.267,550,0.0827,0.1746,-0.0516,0.4665,-0.4389
2026-04-26 20:30:18.279,551,0.0824,0.1747,-0.0517,0.4670,-0.4390
2026-04-26 20:30:18.292,552,0.0821,0.1749,-0.0517,0.4676,-0.4391
2026-04-26 20:30:18.301,553,0.0818,0.1750,-0.0517,0.4682,-0.4392
2026-04-26 20:30:18.313,554,0.0815,0.1751,-0.0517,0.4687,-0.4393
2026-04-26 20:30:18.321,555,0.0812,0.1752,-0.0517,0.4692,-0.4393
2026-04-26 20:30:18.334,556,0.0809,0.1754,-0.0518,0.4698,-0.4394
2026-04-26 20:30:18.346,557,0.0806,0.1755,-0.0518,0.4703,-0.4395
2026-04-26 20:30:18.354,558,0.0803,0.1756,-0.0518,0.4709,-0.4396
2026-04-26 20:30:18.365,559,0.0801,0.1757,-0.0518,0.4714,-0.4397
2026-04-26 20:30:18.371,560,0.0798,0.1758,-0.0518,0.4719,-0.4397
2026-04-26 20:30:18.382,561,0.0795,0.1760,-0.0518,0.4725,-0.4398
2026-04-26 20:30:18.393,562,0.0792,0.1761,-0.0519,0.4730,-0.4399
2026-04-26 20:30:18.400,563,0.0789,0.1762,-0.0519,0.4735,-0.4400
2026-04-26 20:30:18.411,564,0.0786,0.1763,-0.0519,0.4740,-0.4401
2026-04-26 20:30:18.418,565,0.0783,0.1764,-0.0519,0.4745,-0.4401
2026-04-26 20:30:18.429,566,0.0781,0.1766,-0.0519,0.4751,-0.4402
2026-04-26 20:30:18.440,567,0.0778,0.1767,-0.0520,0.4756,-0.4403
2026-04-26 20:30:18.447,568,0.0775,0.1768,-0.0520,0.4761,-0.4404
2026-04-26 20:30:18.457,569,0.0773,0.1769,-0.0520,0.4766,-0.4405
2026-04-26 20:30:18.465,570,0.0770,0.1770,-0.0520,0.4771,-0.4405
2026-04-26 20:30:18.475,571,0.0767,0.1771,-0.0520,0.4776,-0.4406
2026-04-26 20:30:18.487,572,0.0765,0.1773,-0.0521,0.4781,-0.4407
2026-04-26 20:30:18.494,573,0.0762,0.1774,-0.0521,0.4786,-0.4408
2026-04-26 20:30:18.505,574,0.0759,0.1775,-0.0521,0.4790,-0.4408
2026-04-26 20:30:18.512,575,0.0757,0.1776,-0.0521,0.4795,-0.4409
2026-04-26 20:30:18.592,576,0.0754,0.1777,-0.0521,0.4800,-0.4410
2026-04-26 20:30:18.600,577,0.0751,0.1778,-0.0521,0.4805,-0.4411
2026-04-26 20:30:18.607,578,0.0749,0.1779,-0.0522,0.4810,-0.4411
2026-04-26 20:30:18.614,579,0.0746,0.1780,-0.0522,0.4815,-0.4412
2026-04-26 20:30:18.621,580,0.0743,0.1782,-0.0522,0.4820,-0.4413
2026-04-26 20:30:18.628,581,0.0741,0.1783,-0.0522,0.4824,-0.4413
2026-04-26 20:30:18.636,582,0.0738,0.1784,-0.0522,0.4829,-0.4414
2026-04-26 20:30:18.644,583,0.0736,0.1785,-0.0522,0.4834,-0.4415
2026-04-26 20:30:18.651,584,0.0733,0.1786,-0.0523,0.4838,-0.4416
2026-04-26 20:30:18.658,585,0.0731,0.1787,-0.0523,0.4843,-0.4416
2026-04-26 20:30:18.666,586,0.0728,0.1788,-0.0523,0.4848,-0.4417
2026-04-26 20:30:18.674,587,0.0726,0.1789,-0.0523,0.4852,-0.4418
2026-04-26 20:30:18.681,588,0.0723,0.1790,-0.0523,0.4857,-0.4418
2026-04-26 20:30:18.689,589,0.0721,0.1791,-0.0524,0.4862,-0.4419
2026-04-26 20:30:18.697,590,0.0718,0.1792,-0.0524,0.4866,-0.4420
2026-04-26 20:30:18.704,591,0.0716,0.1793,-0.0524,0.4871,-0.4420
2026-04-26 20:30:18.712,592,0.0713,0.1794,-0.0524,0.4875,-0.4421
2026-04-26 20:30:18.719,593,0.0711,0.1795,-0.0524,0.4880,-0.4422
2026-04-26 20:30:18.727,594,0.0708,0.1796,-0.0524,0.4884,-0.4422
2026-04-26 20:30:18.734,595,0.0706,0.1797,-0.0525,0.4889,-0.4423
2026-04-26 20:30:18.742,596,0.0704,0.1798,-0.0525,0.4893,-0.4424
2026-04-26 20:30:18.750,597,0.0701,0.1799,-0.0525,0.4898,-0.4424
2026-04-26 20:30:18.758,598,0.0699,0.1800,-0.0525,0.4902,-0.4425
2026-04-26 20:30:18.767,599,0.0696,0.1801,-0.0525,0.4906,-0.4426
2026-04-26 20:30:18.775,600,0.0694,0.1802,-0.0525,0.4911,-0.4426
2026-04-26 20:30:18.783,601,0.0692,0.1803,-0.0525,0.4915,-0.4427
2026-04-26 20:30:18.791,602,0.0689,0.1804,-0.0526,0.4919,-0.4428
2026-04-26 20:30:18.799,603,0.0687,0.1805,-0.0526,0.4924,-0.4428
2026-04-26 20:30:18.807,604,0.0684,0.1806,-0.0526,0.4928,-0.4429
2026-04-26 20:30:18.815,605,0.0682,0.1807,-0.0526,0.4932,-0.4430
2026-04-26 20:30:18.823,606,0.0680,0.1808,-0.0526,0.4937,-0.4430
2026-04-26 20:30:18.831,607,0.0677,0.1809,-0.0526,0.4941,-0.4431
2026-04-26 20:30:18.839,608,0.0675,0.1810,-0.0526,0.4945,-0.4431
2026-04-26 20:30:18.847,609,0.0673,0.1811,-0.0526,0.4950,-0.4432
2026-04-26 20:30:18.854,610,0.0670,0.1812,-0.0527,0.4954,-0.4433
2026-04-26 20:30:18.864,611,0.0668,0.1813,-0.0527,0.4958,-0.4433
2026-04-26 20:30:18.872,612,0.0665,0.1814,-0.0527,0.4963,-0.4434
2026-04-26 20:30:18.879,613,0.0663,0.1815,-0.0527,0.4967,-0.4434
2026-04-26 20:30:18.888,614,0.0661,0.1816,-0.0527,0.4971,-0.4435
2026-04-26 20:30:18.897,615,0.0658,0.1817,-0.0527,0.4975,-0.4435
2026-04-26 20:30:18.904,616,0.0656,0.1818,-0.0527,0.4979,-0.4436
2026-04-26 20:30:18.914,617,0.0653,0.1818,-0.0527,0.4983,-0.4436
2026-04-26 20:30:18.922,618,0.0651,0.1819,-0.0527,0.4988,-0.4437
2026-04-26 20:30:18.932,619,0.0649,0.1820,-0.0527,0.4992,-0.4438
2026-04-26 20:30:18.941,620,0.0647,0.1821,-0.0528,0.4996,-0.4438
2026-04-26 20:30:18.948,621,0.0644,0.1822,-0.0528,0.5000,-0.4439
2026-04-26 20:30:18.958,622,0.0642,0.1823,-0.0528,0.5004,-0.4439
2026-04-26 20:30:18.966,623,0.0640,0.1824,-0.0528,0.5008,-0.4440
2026-04-26 20:30:18.975,624,0.0637,0.1825,-0.0528,0.5012,-0.4440
2026-04-26 20:30:18.985,625,0.0635,0.1826,-0.0528,0.5016,-0.4441
2026-04-26 20:30:18.992,626,0.0633,0.1826,-0.0528,0.5020,-0.4441
2026-04-26 20:30:19.002,627,0.0631,0.1827,-0.0528,0.5024,-0.4442
2026-04-26 20:30:19.009,628,0.0628,0.1828,-0.0528,0.5028,-0.4442
2026-04-26 20:30:19.020,629,0.0626,0.1829,-0.0528,0.5032,-0.4443
2026-04-26 20:30:19.031,630,0.0623,0.1830,-0.0528,0.5036,-0.4443
2026-04-26 20:30:19.039,631,0.0621,0.1831,-0.0528,0.5041,-0.4444
2026-04-26 20:30:19.049,632,0.0619,0.1832,-0.0528,0.5045,-0.4444
2026-04-26 20:30:19.057,633,0.0616,0.1832,-0.0528,0.5049,-0.4445
2026-04-26 20:30:19.066,634,0.0614,0.1833,-0.0529,0.5053,-0.4445
2026-04-26 20:30:19.076,635,0.0612,0.1834,-0.0529,0.5056,-0.4446
2026-04-26 20:30:19.083,636,0.0610,0.1835,-0.0529,0.5060,-0.4446
2026-04-26 20:30:19.093,637,0.0607,0.1836,-0.0529,0.5064,-0.4447
2026-04-26 20:30:19.100,638,0.0605,0.1837,-0.0529,0.5068,-0.4447
2026-04-26 20:30:19.111,639,0.0603,0.1837,-0.0529,0.5072,-0.4447
2026-04-26 20:30:19.122,640,0.0600,0.1838,-0.0529,0.5076,-0.4448
2026-04-26 20:30:19.129,641,0.0598,0.1839,-0.0529,0.5080,-0.4448
2026-04-26 20:30:19.139,642,0.0596,0.1840,-0.0529,0.5084,-0.4449
2026-04-26 20:30:19.146,643,0.0593,0.1841,-0.0529,0.5088,-0.4449
2026-04-26 20:30:19.156,644,0.0591,0.1841,-0.0529,0.5092,-0.4450
2026-04-26 20:30:19.166,645,0.0589,0.1842,-0.0529,0.5096,-0.4450
2026-04-26 20:30:19.174,646,0.0587,0.1843,-0.0529,0.5099,-0.4451
2026-04-26 20:30:19.184,647,0.0585,0.1844,-0.0529,0.5103,-0.4451
2026-04-26 20:30:19.191,648,0.0582,0.1845,-0.0529,0.5107,-0.4451
2026-04-26 20:30:19.202,649,0.0580,0.1845,-0.0529,0.5111,-0.4452
2026-04-26 20:30:19.214,650,0.0578,0.1846,-0.0529,0.5114,-0.4452
2026-04-26 20:30:19.221,651,0.0576,0.1847,-0.0529,0.5118,-0.4453
2026-04-26 20:30:19.232,652,0.0574,0.1848,-0.0529,0.5122,-0.4453
2026-04-26 20:30:19.240,653,0.0572,0.1848,-0.0529,0.5125,-0.4453
2026-04-26 20:30:19.251,654,0.0569,0.1849,-0.0529,0.5129,-0.4454
2026-04-26 20:30:19.262,655,0.0567,0.1850,-0.0529,0.5133,-0.4454
2026-04-26 20:30:19.269,656,0.0565,0.1851,-0.0529,0.5136,-0.4455
2026-04-26 20:30:19.279,657,0.0563,0.1851,-0.0529,0.5140,-0.4455
2026-04-26 20:30:19.287,658,0.0561,0.1852,-0.0529,0.5143,-0.4456
2026-04-26 20:30:19.297,659,0.0559,0.1853,-0.0529,0.5147,-0.4456
2026-04-26 20:30:19.308,660,0.0557,0.1854,-0.0529,0.5151,-0.4456
2026-04-26 20:30:19.316,661,0.0555,0.1854,-0.0529,0.5154,-0.4457
2026-04-26 20:30:19.327,662,0.0552,0.1855,-0.0529,0.5158,-0.4457
2026-04-26 20:30:19.335,663,0.0550,0.1856,-0.0529,0.5161,-0.4457
2026-04-26 20:30:19.346,664,0.0548,0.1857,-0.0529,0.5165,-0.4458
2026-04-26 20:30:19.357,665,0.0546,0.1857,-0.0529,0.5169,-0.4458
2026-04-26 20:30:19.365,666,0.0544,0.1858,-0.0529,0.5172,-0.4458
2026-04-26 20:30:19.375,667,0.0542,0.1859,-0.0529,0.5176,-0.4459
2026-04-26 20:30:19.386,668,0.0539,0.1859,-0.0529,0.5179,-0.4459
2026-04-26 20:30:19.394,669,0.0537,0.1860,-0.0529,0.5183,-0.4459
2026-04-26 20:30:19.405,670,0.0535,0.1861,-0.0529,0.5187,-0.4460
2026-04-26 20:30:19.414,671,0.0533,0.1862,-0.0529,0.5190,-0.4460
2026-04-26 20:30:19.426,672,0.0530,0.1862,-0.0529,0.5194,-0.4460
2026-04-26 20:30:19.436,673,0.0528,0.1863,-0.0529,0.5198,-0.4461
2026-04-26 20:30:19.444,674,0.0526,0.1864,-0.0529,0.5201,-0.4461
2026-04-26 20:30:19.457,675,0.0524,0.1864,-0.0529,0.5205,-0.4461
2026-04-26 20:30:19.466,676,0.0521,0.1865,-0.0529,0.5208,-0.4462
2026-04-26 20:30:19.479,677,0.0519,0.1866,-0.0529,0.5212,-0.4462
2026-04-26 20:30:19.492,678,0.0517,0.1866,-0.0529,0.5216,-0.4462
2026-04-26 20:30:19.500,679,0.0515,0.1867,-0.0529,0.5219,-0.4462
2026-04-26 20:30:19.513,680,0.0513,0.1868,-0.0529,0.5222,-0.4463
2026-04-26 20:30:19.627,681,0.0511,0.1868,-0.0529,0.5226,-0.4463
2026-04-26 20:30:19.636,682,0.0509,0.1869,-0.0529,0.5229,-0.4463
2026-04-26 20:30:19.644,683,0.0506,0.1870,-0.0529,0.5233,-0.4464
2026-04-26 20:30:19.651,684,0.0504,0.1870,-0.0529,0.5236,-0.4464
2026-04-26 20:30:19.660,685,0.0502,0.1871,-0.0529,0.5240,-0.4464
2026-04-26 20:30:19.668,686,0.0500,0.1872,-0.0529,0.5243,-0.4464
2026-04-26 20:30:19.676,687,0.0498,0.1872,-0.0529,0.5247,-0.4465
2026-04-26 20:30:19.683,688,0.0495,0.1873,-0.0529,0.5250,-0.4465
2026-04-26 20:30:19.690,689,0.0493,0.1873,-0.0528,0.5254,-0.4465
2026-04-26 20:30:19.698,690,0.0491,0.1874,-0.0528,0.5257,-0.4465
2026-04-26 20:30:19.705,691,0.0489,0.1875,-0.0528,0.5261,-0.4466
2026-04-26 20:30:19.713,692,0.0487,0.1875,-0.0528,0.5264,-0.4466
2026-04-26 20:30:19.721,693,0.0485,0.1876,-0.0528,0.5267,-0.4466
2026-04-26 20:30:19.728,694,0.0482,0.1877,-0.0528,0.5271,-0.4466
2026-04-26 20:30:19.736,695,0.0480,0.1877,-0.0528,0.5274,-0.4467
2026-04-26 20:30:19.743,696,0.0478,0.1878,-0.0528,0.5278,-0.4467
2026-04-26 20:30:19.751,697,0.0476,0.1878,-0.0528,0.5281,-0.4467
2026-04-26 20:30:19.759,698,0.0474,0.1879,-0.0528,0.5284,-0.4467
2026-04-26 20:30:19.767,699,0.0472,0.1880,-0.0528,0.5288,-0.4467
2026-04-26 20:30:19.775,700,0.0469,0.1880,-0.0528,0.5291,-0.4468
2026-04-26 20:30:19.782,701,0.0467,0.1881,-0.0527,0.5295,-0.4468
2026-04-26 20:30:19.791,702,0.0465,0.1881,-0.0527,0.5298,-0.4468
2026-04-26 20:30:19.800,703,0.0463,0.1882,-0.0527,0.5301,-0.4468
2026-04-26 20:30:19.807,704,0.0461,0.1883,-0.0527,0.5304,-0.4469
2026-04-26 20:30:19.815,705,0.0459,0.1883,-0.0527,0.5308,-0.4469
2026-04-26 20:30:19.822,706,0.0457,0.1884,-0.0527,0.5311,-0.4469
2026-04-26 20:30:19.832,707,0.0455,0.1884,-0.0527,0.5314,-0.4469
2026-04-26 20:30:19.842,708,0.0453,0.1885,-0.0527,0.5317,-0.4469
2026-04-26 20:30:19.852,709,0.0451,0.1886,-0.0527,0.5320,-0.4470
2026-04-26 20:30:19.864,710,0.0449,0.1886,-0.0527,0.5323,-0.4470
2026-04-26 20:30:19.874,711,0.0447,0.1887,-0.0527,0.5326,-0.4470
2026-04-26 20:30:19.886,712,0.0445,0.1887,-0.0527,0.5329,-0.4470
2026-04-26 20:30:19.898,713,0.0443,0.1888,-0.0527,0.5332,-0.4471
2026-04-26 20:30:19.906,714,0.0441,0.1888,-0.0527,0.5335,-0.4471
2026-04-26 20:30:19.917,715,0.0440,0.1889,-0.0527,0.5338,-0.4471
2026-04-26 20:30:19.926,716,0.0438,0.1889,-0.0527,0.5341,-0.4471
2026-04-26 20:30:19.935,717,0.0436,0.1890,-0.0527,0.5344,-0.4472
2026-04-26 20:30:19.946,718,0.0435,0.1891,-0.0527,0.5347,-0.4472
2026-04-26 20:30:19.954,719,0.0433,0.1891,-0.0527,0.5349,-0.4472
2026-04-26 20:30:19.966,720,0.0431,0.1892,-0.0527,0.5352,-0.4472
2026-04-26 20:30:19.977,721,0.0430,0.1892,-0.0527,0.5355,-0.4473
2026-04-26 20:30:19.986,722,0.0428,0.1893,-0.0527,0.5358,-0.4473
2026-04-26 20:30:19.998,723,0.0426,0.1893,-0.0527,0.5360,-0.4473
2026-04-26 20:30:20.007,724,0.0425,0.1894,-0.0527,0.5363,-0.4473
2026-04-26 20:30:20.018,725,0.0423,0.1894,-0.0527,0.5366,-0.4474
2026-04-26 20:30:20.028,726,0.0422,0.1895,-0.0527,0.5368,-0.4474
2026-04-26 20:30:20.038,727,0.0420,0.1895,-0.0527,0.5371,-0.4474
2026-04-26 20:30:20.049,728,0.0418,0.1896,-0.0527,0.5373,-0.4475
2026-04-26 20:30:20.057,729,0.0417,0.1896,-0.0527,0.5376,-0.4475
2026-04-26 20:30:20.066,730,0.0415,0.1897,-0.0527,0.5379,-0.4475
2026-04-26 20:30:20.076,731,0.0414,0.1897,-0.0527,0.5381,-0.4475
2026-04-26 20:30:20.084,732,0.0412,0.1898,-0.0527,0.5384,-0.4476
2026-04-26 20:30:20.093,733,0.0411,0.1899,-0.0527,0.5386,-0.4476
2026-04-26 20:30:20.103,734,0.0409,0.1899,-0.0527,0.5389,-0.4476
2026-04-26 20:30:20.115,735,0.0408,0.1900,-0.0527,0.5391,-0.4476
2026-04-26 20:30:20.126,736,0.0406,0.1900,-0.0527,0.5394,-0.4477
2026-04-26 20:30:20.135,737,0.0405,0.1901,-0.0527,0.5396,-0.4477
2026-04-26 20:30:20.145,738,0.0404,0.1901,-0.0527,0.5398,-0.4477
2026-04-26 20:30:20.153,739,0.0402,0.1902,-0.0527,0.5401,-0.4477
2026-04-26 20:30:20.164,740,0.0401,0.1902,-0.0527,0.5403,-0.4478
2026-04-26 20:30:20.174,741,0.0400,0.1903,-0.0527,0.5405,-0.4478
2026-04-26 20:30:20.182,742,0.0398,0.1903,-0.0527,0.5408,-0.4478
2026-04-26 20:30:20.192,743,0.0397,0.1903,-0.0527,0.5410,-0.4479
2026-04-26 20:30:20.201,744,0.0395,0.1904,-0.0527,0.5413,-0.4479
2026-04-26 20:30:20.212,745,0.0394,0.1904,-0.0527,0.5415,-0.4479
2026-04-26 20:30:20.222,746,0.0392,0.1905,-0.0527,0.5418,-0.4479
2026-04-26 20:30:20.230,747,0.0391,0.1905,-0.0527,0.5420,-0.4479
2026-04-26 20:30:20.241,748,0.0389,0.1906,-0.0527,0.5422,-0.4480
2026-04-26 20:30:20.250,749,0.0388,0.1906,-0.0527,0.5425,-0.4480
2026-04-26 20:30:20.260,750,0.0386,0.1907,-0.0527,0.5427,-0.4480
2026-04-26 20:30:20.272,751,0.0385,0.1907,-0.0527,0.5430,-0.4480
2026-04-26 20:30:20.280,752,0.0384,0.1908,-0.0527,0.5432,-0.4481
2026-04-26 20:30:20.292,753,0.0382,0.1908,-0.0527,0.5434,-0.4481
2026-04-26 20:30:20.302,754,0.0381,0.1909,-0.0527,0.5436,-0.4481
2026-04-26 20:30:20.314,755,0.0379,0.1909,-0.0527,0.5439,-0.4481
2026-04-26 20:30:20.327,756,0.0378,0.1910,-0.0527,0.5441,-0.4481
2026-04-26 20:30:20.336,757,0.0377,0.1910,-0.0527,0.5443,-0.4482
2026-04-26 20:30:20.348,758,0.0375,0.1910,-0.0527,0.5446,-0.4482
2026-04-26 20:30:20.355,759,0.0374,0.1911,-0.0527,0.5448,-0.4482
2026-04-26 20:30:20.366,760,0.0372,0.1911,-0.0527,0.5450,-0.4482
2026-04-26 20:30:20.377,761,0.0371,0.1912,-0.0527,0.5453,-0.4483
2026-04-26 20:30:20.385,762,0.0370,0.1912,-0.0527,0.5455,-0.4483
2026-04-26 20:30:20.396,763,0.0368,0.1913,-0.0527,0.5457,-0.4483
2026-04-26 20:30:20.404,764,0.0367,0.1913,-0.0527,0.5459,-0.4483
2026-04-26 20:30:20.417,765,0.0366,0.1914,-0.0527,0.5461,-0.4483
2026-04-26 20:30:20.429,766,0.0364,0.1914,-0.0527,0.5464,-0.4484
2026-04-26 20:30:20.437,767,0.0363,0.1914,-0.0527,0.5466,-0.4484
2026-04-26 20:30:20.450,768,0.0362,0.1915,-0.0527,0.5468,-0.4484
2026-04-26 20:30:20.458,769,0.0360,0.1915,-0.0527,0.5470,-0.4484
2026-04-26 20:30:20.469,770,0.0359,0.1916,-0.0526,0.5473,-0.4484
2026-04-26 20:30:20.481,771,0.0357,0.1916,-0.0526,0.5475,-0.4484
2026-04-26 20:30:20.490,772,0.0356,0.1917,-0.0526,0.5477,-0.4485
2026-04-26 20:30:20.501,773,0.0354,0.1917,-0.0526,0.5480,-0.4485
2026-04-26 20:30:20.509,774,0.0353,0.1917,-0.0526,0.5482,-0.4485
2026-04-26 20:30:20.520,775,0.0351,0.1918,-0.0526,0.5484,-0.4485
2026-04-26 20:30:20.533,776,0.0350,0.1918,-0.0526,0.5486,-0.4485
2026-04-26 20:30:20.541,777,0.0348,0.1919,-0.0526,0.5489,-0.4485
2026-04-26 20:30:20.552,778,0.0347,0.1919,-0.0526,0.5491,-0.4485
2026-04-26 20:30:20.561,779,0.0345,0.1919,-0.0526,0.5493,-0.4486
2026-04-26 20:30:20.573,780,0.0344,0.1920,-0.0526,0.5496,-0.4486
2026-04-26 20:30:20.585,781,0.0343,0.1920,-0.0526,0.5498,-0.4486
2026-04-26 20:30:20.593,782,0.0341,0.1921,-0.0526,0.5500,-0.4486
2026-04-26 20:30:20.605,783,0.0340,0.1921,-0.0526,0.5502,-0.4486
2026-04-26 20:30:20.613,784,0.0338,0.1921,-0.0526,0.5504,-0.4486
2026-04-26 20:30:20.738,785,0.0337,0.1922,-0.0526,0.5507,-0.4487
2026-04-26 20:30:20.745,786,0.0336,0.1922,-0.0526,0.5509,-0.4487
2026-04-26 20:30:20.752,787,0.0334,0.1923,-0.0525,0.5511,-0.4487
2026-04-26 20:30:20.761,788,0.0333,0.1923,-0.0525,0.5513,-0.4487
2026-04-26 20:30:20.768,789,0.0331,0.1923,-0.0525,0.5515,-0.4487
2026-04-26 20:30:20.776,790,0.0330,0.1924,-0.0525,0.5518,-0.4487
2026-04-26 20:30:20.783,791,0.0329,0.1924,-0.0525,0.5520,-0.4487
2026-04-26 20:30:20.791,792,0.0327,0.1925,-0.0525,0.5522,-0.4487
2026-04-26 20:30:20.798,793,0.0326,0.1925,-0.0525,0.5524,-0.4488
2026-04-26 20:30:20.806,794,0.0324,0.1925,-0.0525,0.5526,-0.4488
2026-04-26 20:30:20.812,795,0.0323,0.1926,-0.0525,0.5528,-0.4488
2026-04-26 20:30:20.820,796,0.0322,0.1926,-0.0525,0.5530,-0.4488
2026-04-26 20:30:20.828,797,0.0320,0.1926,-0.0525,0.5532,-0.4488
2026-04-26 20:30:20.836,798,0.0319,0.1927,-0.0525,0.5534,-0.4488
2026-04-26 20:30:20.844,799,0.0318,0.1927,-0.0525,0.5537,-0.4488
2026-04-26 20:30:20.851,800,0.0316,0.1927,-0.0525,0.5539,-0.4488
2026-04-26 20:30:20.859,801,0.0315,0.1928,-0.0525,0.5541,-0.4488
2026-04-26 20:30:20.867,802,0.0313,0.1928,-0.0524,0.5543,-0.4489
2026-04-26 20:30:20.875,803,0.0312,0.1929,-0.0524,0.5545,-0.4489
2026-04-26 20:30:20.884,804,0.0311,0.1929,-0.0524,0.5547,-0.4489
2026-04-26 20:30:20.892,805,0.0309,0.1929,-0.0524,0.5549,-0.4489
2026-04-26 20:30:20.902,806,0.0308,0.1930,-0.0524,0.5551,-0.4489
2026-04-26 20:30:20.912,807,0.0306,0.1930,-0.0524,0.5553,-0.4489
2026-04-26 20:30:20.923,808,0.0305,0.1930,-0.0524,0.5556,-0.4489
2026-04-26 20:30:20.934,809,0.0304,0.1931,-0.0524,0.5558,-0.4489
2026-04-26 20:30:20.943,810,0.0302,0.1931,-0.0524,0.5560,-0.4489
2026-04-26 20:30:20.952,811,0.0301,0.1931,-0.0524,0.5562,-0.4489
2026-04-26 20:30:20.961,812,0.0300,0.1932,-0.0524,0.5564,-0.4490
2026-04-26 20:30:20.969,813,0.0298,0.1932,-0.0524,0.5566,-0.4490
2026-04-26 20:30:20.978,814,0.0297,0.1932,-0.0524,0.5568,-0.4490
2026-04-26 20:30:20.987,815,0.0296,0.1933,-0.0523,0.5570,-0.4490
2026-04-26 20:30:20.997,816,0.0294,0.1933,-0.0523,0.5572,-0.4490
2026-04-26 20:30:21.007,817,0.0293,0.1933,-0.0523,0.5574,-0.4490
2026-04-26 20:30:21.016,818,0.0292,0.1934,-0.0523,0.5576,-0.4490
2026-04-26 20:30:21.026,819,0.0290,0.1934,-0.0523,0.5578,-0.4490
2026-04-26 20:30:21.033,820,0.0289,0.1934,-0.0523,0.5580,-0.4490
2026-04-26 20:30:21.043,821,0.0288,0.1935,-0.0523,0.5582,-0.4490
2026-04-26 20:30:21.051,822,0.0287,0.1935,-0.0523,0.5583,-0.4490
2026-04-26 20:30:21.062,823,0.0285,0.1935,-0.0523,0.5585,-0.4491
2026-04-26 20:30:21.072,824,0.0284,0.1936,-0.0523,0.5587,-0.4491
2026-04-26 20:30:21.081,825,0.0283,0.1936,-0.0523,0.5589,-0.4491
2026-04-26 20:30:21.092,826,0.0282,0.1936,-0.0523,0.5591,-0.4491
2026-04-26 20:30:21.100,827,0.0280,0.1937,-0.0523,0.5593,-0.4491
2026-04-26 20:30:21.110,828,0.0279,0.1937,-0.0522,0.5595,-0.4491
2026-04-26 20:30:21.120,829,0.0278,0.1937,-0.0522,0.5597,-0.4491
2026-04-26 20:30:21.127,830,0.0277,0.1938,-0.0522,0.5599,-0.4491
2026-04-26 20:30:21.137,831,0.0275,0.1938,-0.0522,0.5601,-0.4491
2026-04-26 20:30:21.144,832,0.0274,0.1938,-0.0522,0.5602,-0.4491
2026-04-26 20:30:21.153,833,0.0273,0.1939,-0.0522,0.5604,-0.4491
2026-04-26 20:30:21.163,834,0.0271,0.1939,-0.0522,0.5606,-0.4491
2026-04-26 20:30:21.170,835,0.0270,0.1939,-0.0522,0.5608,-0.4491
2026-04-26 20:30:21.179,836,0.0269,0.1939,-0.0522,0.5610,-0.4491
2026-04-26 20:30:21.186,837,0.0268,0.1940,-0.0522,0.5612,-0.4492
2026-04-26 20:30:21.196,838,0.0266,0.1940,-0.0522,0.5614,-0.4492
2026-04-26 20:30:21.206,839,0.0265,0.1940,-0.0522,0.5616,-0.4492
2026-04-26 20:30:21.213,840,0.0264,0.1941,-0.0521,0.5617,-0.4492
2026-04-26 20:30:21.223,841,0.0263,0.1941,-0.0521,0.5619,-0.4492
2026-04-26 20:30:21.230,842,0.0261,0.1941,-0.0521,0.5621,-0.4492
2026-04-26 20:30:21.240,843,0.0260,0.1942,-0.0521,0.5623,-0.4492
2026-04-26 20:30:21.250,844,0.0259,0.1942,-0.0521,0.5625,-0.4492
2026-04-26 20:30:21.257,845,0.0258,0.1942,-0.0521,0.5626,-0.4492
2026-04-26 20:30:21.269,846,0.0257,0.1942,-0.0521,0.5628,-0.4492
2026-04-26 20:30:21.281,847,0.0256,0.1943,-0.0521,0.5630,-0.4492
2026-04-26 20:30:21.296,848,0.0254,0.1943,-0.0521,0.5632,-0.4492
2026-04-26 20:30:21.311,849,0.0253,0.1943,-0.0521,0.5633,-0.4492
2026-04-26 20:30:21.319,850,0.0252,0.1944,-0.0521,0.5635,-0.4492
2026-04-26 20:30:21.329,851,0.0251,0.1944,-0.0521,0.5637,-0.4493
2026-04-26 20:30:21.340,852,0.0250,0.1944,-0.0521,0.5638,-0.4493
2026-04-26 20:30:21.348,853,0.0249,0.1944,-0.0520,0.5640,-0.4493
2026-04-26 20:30:21.358,854,0.0248,0.1945,-0.0520,0.5642,-0.4493
2026-04-26 20:30:21.365,855,0.0247,0.1945,-0.0520,0.5643,-0.4493
2026-04-26 20:30:21.375,856,0.0245,0.1945,-0.0520,0.5645,-0.4493
2026-04-26 20:30:21.384,857,0.0244,0.1945,-0.0520,0.5647,-0.4493
2026-04-26 20:30:21.392,858,0.0243,0.1946,-0.0520,0.5648,-0.4493
2026-04-26 20:30:21.402,859,0.0242,0.1946,-0.0520,0.5650,-0.4493
2026-04-26 20:30:21.410,860,0.0241,0.1946,-0.0520,0.5652,-0.4493
2026-04-26 20:30:21.420,861,0.0240,0.1947,-0.0520,0.5653,-0.4493
2026-04-26 20:30:21.431,862,0.0239,0.1947,-0.0520,0.5655,-0.4493
2026-04-26 20:30:21.439,863,0.0238,0.1947,-0.0520,0.5656,-0.4493
2026-04-26 20:30:21.449,864,0.0237,0.1947,-0.0520,0.5658,-0.4493
2026-04-26 20:30:21.458,865,0.0236,0.1948,-0.0520,0.5659,-0.4494
2026-04-26 20:30:21.470,866,0.0235,0.1948,-0.0520,0.5661,-0.4494
2026-04-26 20:30:21.482,867,0.0234,0.1948,-0.0520,0.5663,-0.4494
2026-04-26 20:30:21.490,868,0.0233,0.1948,-0.0519,0.5664,-0.4494
2026-04-26 20:30:21.501,869,0.0232,0.1949,-0.0519,0.5666,-0.4494
2026-04-26 20:30:21.510,870,0.0231,0.1949,-0.0519,0.5667,-0.4494
2026-04-26 20:30:21.521,871,0.0230,0.1949,-0.0519,0.5669,-0.4494
2026-04-26 20:30:21.532,872,0.0229,0.1949,-0.0519,0.5670,-0.4494
2026-04-26 20:30:21.539,873,0.0227,0.1950,-0.0519,0.5672,-0.4494
2026-04-26 20:30:21.552,874,0.0226,0.1950,-0.0519,0.5673,-0.4494
2026-04-26 20:30:21.559,875,0.0225,0.1950,-0.0519,0.5675,-0.4494
2026-04-26 20:30:21.572,876,0.0224,0.1950,-0.0519,0.5677,-0.4494
2026-04-26 20:30:21.584,877,0.0223,0.1951,-0.0519,0.5678,-0.4494
2026-04-26 20:30:21.593,878,0.0222,0.1951,-0.0519,0.5680,-0.4494
2026-04-26 20:30:21.606,879,0.0221,0.1951,-0.0519,0.5681,-0.4494
2026-04-26 20:30:21.617,880,0.0220,0.1951,-0.0519,0.5683,-0.4494
2026-04-26 20:30:21.630,881,0.0219,0.1952,-0.0518,0.5685,-0.4494
2026-04-26 20:30:21.641,882,0.0218,0.1952,-0.0518,0.5686,-0.4494
2026-04-26 20:30:21.649,883,0.0217,0.1952,-0.0518,0.5688,-0.4494
2026-04-26 20:30:21.660,884,0.0216,0.1952,-0.0518,0.5689,-0.4494
2026-04-26 20:30:21.667,885,0.0215,0.1953,-0.0518,0.5691,-0.4494
2026-04-26 20:30:21.679,886,0.0213,0.1953,-0.0518,0.5692,-0.4494
2026-04-26 20:30:21.690,887,0.0212,0.1953,-0.0518,0.5694,-0.4494
2026-04-26 20:30:21.698,888,0.0211,0.1953,-0.0518,0.5695,-0.4495
2026-04-26 20:30:21.821,889,0.0210,0.1954,-0.0518,0.5697,-0.4495
2026-04-26 20:30:21.830,890,0.0209,0.1954,-0.0518,0.5698,-0.4495
2026-04-26 20:30:21.840,891,0.0208,0.1954,-0.0518,0.5700,-0.4495
2026-04-26 20:30:21.848,892,0.0207,0.1954,-0.0517,0.5701,-0.4495
2026-04-26 20:30:21.857,893,0.0206,0.1954,-0.0517,0.5703,-0.4495
2026-04-26 20:30:21.866,894,0.0205,0.1955,-0.0517,0.5704,-0.4495
2026-04-26 20:30:21.874,895,0.0204,0.1955,-0.0517,0.5706,-0.4495
2026-04-26 20:30:21.883,896,0.0203,0.1955,-0.0517,0.5707,-0.4495
2026-04-26 20:30:21.892,897,0.0202,0.1955,-0.0517,0.5709,-0.4495
2026-04-26 20:30:21.900,898,0.0201,0.1956,-0.0517,0.5710,-0.4495
2026-04-26 20:30:21.909,899,0.0200,0.1956,-0.0517,0.5712,-0.4495
2026-04-26 20:30:21.917,900,0.0199,0.1956,-0.0517,0.5714,-0.4495
2026-04-26 20:30:21.927,901,0.0198,0.1956,-0.0517,0.5715,-0.4495
2026-04-26 20:30:21.935,902,0.0196,0.1957,-0.0516,0.5717,-0.4495
2026-04-26 20:30:21.944,903,0.0195,0.1957,-0.0516,0.5718,-0.4495
2026-04-26 20:30:21.953,904,0.0194,0.1957,-0.0516,0.5720,-0.4495
2026-04-26 20:30:21.963,905,0.0193,0.1957,-0.0516,0.5721,-0.4495
2026-04-26 20:30:21.971,906,0.0192,0.1957,-0.0516,0.5723,-0.4495
2026-04-26 20:30:21.982,907,0.0191,0.1958,-0.0516,0.5724,-0.4495
2026-04-26 20:30:21.990,908,0.0190,0.1958,-0.0516,0.5726,-0.4495
2026-04-26 20:30:22.000,909,0.0189,0.1958,-0.0516,0.5727,-0.4495
2026-04-26 20:30:22.011,910,0.0188,0.1958,-0.0516,0.5729,-0.4495
2026-04-26 20:30:22.020,911,0.0187,0.1958,-0.0515,0.5730,-0.4495
2026-04-26 20:30:22.030,912,0.0185,0.1959,-0.0515,0.5732,-0.4495
2026-04-26 20:30:22.039,913,0.0184,0.1959,-0.0515,0.5733,-0.4495
2026-04-26 20:30:22.048,914,0.0183,0.1959,-0.0515,0.5735,-0.4495
2026-04-26 20:30:22.058,915,0.0182,0.1959,-0.0515,0.5736,-0.4495
2026-04-26 20:30:22.068,916,0.0181,0.1959,-0.0515,0.5738,-0.4495
2026-04-26 20:30:22.077,917,0.0180,0.1960,-0.0515,0.5739,-0.4495
2026-04-26 20:30:22.086,918,0.0179,0.1960,-0.0515,0.5741,-0.4495
2026-04-26 20:30:22.096,919,0.0178,0.1960,-0.0515,0.5742,-0.4495
2026-04-26 20:30:22.105,920,0.0177,0.1960,-0.0514,0.5743,-0.4495
2026-04-26 20:30:22.114,921,0.0176,0.1960,-0.0514,0.5745,-0.4495
2026-04-26 20:30:22.125,922,0.0175,0.1961,-0.0514,0.5746,-0.4495
2026-04-26 20:30:22.133,923,0.0174,0.1961,-0.0514,0.5748,-0.4495
2026-04-26 20:30:22.143,924,0.0173,0.1961,-0.0514,0.5749,-0.4495
2026-04-26 20:30:22.153,925,0.0172,0.1961,-0.0514,0.5750,-0.4495
2026-04-26 20:30:22.162,926,0.0171,0.1961,-0.0514,0.5752,-0.4495
2026-04-26 20:30:22.172,927,0.0170,0.1962,-0.0514,0.5753,-0.4495
2026-04-26 20:30:22.182,928,0.0169,0.1962,-0.0514,0.5754,-0.4495
2026-04-26 20:30:22.194,929,0.0168,0.1962,-0.0514,0.5756,-0.4495
2026-04-26 20:30:22.206,930,0.0167,0.1962,-0.0513,0.5757,-0.4495
2026-04-26 20:30:22.215,931,0.0166,0.1962,-0.0513,0.5758,-0.4495
2026-04-26 20:30:22.226,932,0.0165,0.1963,-0.0513,0.5760,-0.4495
2026-04-26 20:30:22.235,933,0.0164,0.1963,-0.0513,0.5761,-0.4495
2026-04-26 20:30:22.245,934,0.0164,0.1963,-0.0513,0.5762,-0.4495
2026-04-26 20:30:22.256,935,0.0163,0.1963,-0.0513,0.5764,-0.4495
2026-04-26 20:30:22.264,936,0.0162,0.1963,-0.0513,0.5765,-0.4495
2026-04-26 20:30:22.274,937,0.0161,0.1964,-0.0513,0.5766,-0.4495
2026-04-26 20:30:22.283,938,0.0160,0.1964,-0.0513,0.5768,-0.4495
2026-04-26 20:30:22.294,939,0.0159,0.1964,-0.0513,0.5769,-0.4494
2026-04-26 20:30:22.304,940,0.0158,0.1964,-0.0512,0.5770,-0.4494
2026-04-26 20:30:22.313,941,0.0157,0.1964,-0.0512,0.5772,-0.4494
2026-04-26 20:30:22.324,942,0.0156,0.1964,-0.0512,0.5773,-0.4494
2026-04-26 20:30:22.333,943,0.0155,0.1965,-0.0512,0.5775,-0.4494
2026-04-26 20:30:22.344,944,0.0154,0.1965,-0.0512,0.5776,-0.4494
2026-04-26 20:30:22.355,945,0.0153,0.1965,-0.0512,0.5777,-0.4494
2026-04-26 20:30:22.364,946,0.0152,0.1965,-0.0512,0.5779,-0.4494
2026-04-26 20:30:22.375,947,0.0151,0.1965,-0.0512,0.5780,-0.4494
2026-04-26 20:30:22.386,948,0.0150,0.1965,-0.0512,0.5781,-0.4494
2026-04-26 20:30:22.394,949,0.0149,0.1966,-0.0511,0.5783,-0.4494
2026-04-26 20:30:22.405,950,0.0148,0.1966,-0.0511,0.5784,-0.4494
2026-04-26 20:30:22.414,951,0.0147,0.1966,-0.0511,0.5785,-0.4494
2026-04-26 20:30:22.425,952,0.0146,0.1966,-0.0511,0.5787,-0.4494
2026-04-26 20:30:22.436,953,0.0145,0.1966,-0.0511,0.5788,-0.4494
2026-04-26 20:30:22.445,954,0.0144,0.1966,-0.0511,0.5789,-0.4494
2026-04-26 20:30:22.456,955,0.0143,0.1967,-0.0511,0.5790,-0.4494
2026-04-26 20:30:22.464,956,0.0142,0.1967,-0.0511,0.5792,-0.4494
2026-04-26 20:30:22.475,957,0.0141,0.1967,-0.0510,0.5793,-0.4494
2026-04-26 20:30:22.486,958,0.0140,0.1967,-0.0510,0.5794,-0.4494
2026-04-26 20:30:22.494,959,0.0139,0.1967,-0.0510,0.5796,-0.4494
2026-04-26 20:30:22.505,960,0.0138,0.1967,-0.0510,0.5797,-0.4494
2026-04-26 20:30:22.513,961,0.0137,0.1968,-0.0510,0.5798,-0.4494
2026-04-26 20:30:22.524,962,0.0136,0.1968,-0.0510,0.5799,-0.4494
2026-04-26 20:30:22.534,963,0.0135,0.1968,-0.0510,0.5801,-0.4494
2026-04-26 20:30:22.544,964,0.0134,0.1968,-0.0510,0.5802,-0.4494
2026-04-26 20:30:22.555,965,0.0133,0.1968,-0.0510,0.5803,-0.4494
2026-04-26 20:30:22.564,966,0.0132,0.1968,-0.0509,0.5804,-0.4494
2026-04-26 20:30:22.576,967,0.0131,0.1969,-0.0509,0.5806,-0.4494
2026-04-26 20:30:22.587,968,0.0131,0.1969,-0.0509,0.5807,-0.4494
2026-04-26 20:30:22.595,969,0.0130,0.1969,-0.0509,0.5808,-0.4494
2026-04-26 20:30:22.606,970,0.0129,0.1969,-0.0509,0.5809,-0.4494
2026-04-26 20:30:22.615,971,0.0128,0.1969,-0.0509,0.5811,-0.4493
2026-04-26 20:30:22.628,972,0.0127,0.1969,-0.0509,0.5812,-0.4493
2026-04-26 20:30:22.639,973,0.0126,0.1970,-0.0509,0.5813,-0.4493
2026-04-26 20:30:22.649,974,0.0125,0.1970,-0.0509,0.5814,-0.4493
2026-04-26 20:30:22.661,975,0.0125,0.1970,-0.0509,0.5815,-0.4493
2026-04-26 20:30:22.670,976,0.0124,0.1970,-0.0508,0.5816,-0.4493
2026-04-26 20:30:22.683,977,0.0123,0.1970,-0.0508,0.5817,-0.4493
2026-04-26 20:30:22.697,978,0.0122,0.1970,-0.0508,0.5818,-0.4493
2026-04-26 20:30:22.706,979,0.0121,0.1970,-0.0508,0.5819,-0.4493
2026-04-26 20:30:22.719,980,0.0121,0.1971,-0.0508,0.5821,-0.4493
2026-04-26 20:30:22.728,981,0.0120,0.1971,-0.0508,0.5822,-0.4493
2026-04-26 20:30:22.741,982,0.0119,0.1971,-0.0508,0.5823,-0.4493
2026-04-26 20:30:22.754,983,0.0118,0.1971,-0.0508,0.5824,-0.4493
2026-04-26 20:30:22.763,984,0.0118,0.1971,-0.0508,0.5825,-0.4493
2026-04-26 20:30:22.776,985,0.0117,0.1971,-0.0508,0.5826,-0.4493
2026-04-26 20:30:22.786,986,0.0116,0.1971,-0.0508,0.5827,-0.4493
2026-04-26 20:30:22.800,987,0.0115,0.1972,-0.0508,0.5828,-0.4493
2026-04-26 20:30:22.813,988,0.0115,0.1972,-0.0507,0.5829,-0.4493
2026-04-26 20:30:22.822,989,0.0114,0.1972,-0.0507,0.5830,-0.4493
2026-04-26 20:30:22.837,990,0.0113,0.1972,-0.0507,0.5831,-0.4493
2026-04-26 20:30:22.848,991,0.0113,0.1972,-0.0507,0.5832,-0.4493
2026-04-26 20:30:22.861,992,0.0112,0.1972,-0.0507,0.5833,-0.4493
2026-04-26 20:30:22.875,993,0.0111,0.1972,-0.0507,0.5834,-0.4493
2026-04-26 20:30:22.884,994,0.0111,0.1973,-0.0507,0.5835,-0.4493
2026-04-26 20:30:22.898,995,0.0110,0.1973,-0.0507,0.5835,-0.4493
2026-04-26 20:30:22.907,996,0.0109,0.1973,-0.0507,0.5836,-0.4493
2026-04-26 20:30:22.921,997,0.0109,0.1973,-0.0507,0.5837,-0.4493
2026-04-26 20:30:22.936,998,0.0108,0.1973,-0.0507,0.5838,-0.4493
2026-04-26 20:30:22.945,999,0.0108,0.1973,-0.0507,0.5839,-0.4493
2026-04-26 20:30:22.961,1000,0.0107,0.1973,-0.0507,0.5840,-0.4493
2026-04-26 20:30:22.975,1001,0.0106,0.1974,-0.0507,0.5841,-0.4494
2026-04-26 20:30:22.984,1002,0.0106,0.1974,-0.0507,0.5841,-0.4494
2026-04-26 20:30:23.000,1003,0.0105,0.1974,-0.0507,0.5842,-0.4494
2026-04-26 20:30:23.011,1004,0.0105,0.1974,-0.0507,0.5843,-0.4494
2026-04-26 20:30:23.031,1005,0.0104,0.1974,-0.0507,0.5844,-0.4494
2026-04-26 20:30:23.047,1006,0.0104,0.1974,-0.0507,0.5845,-0.4494
2026-04-26 20:30:23.057,1007,0.0103,0.1974,-0.0507,0.5845,-0.4494
2026-04-26 20:30:23.073,1008,0.0103,0.1974,-0.0506,0.5846,-0.4494
2026-04-26 20:30:23.082,1009,0.0102,0.1975,-0.0506,0.5847,-0.4494
2026-04-26 20:30:23.104,1010,0.0102,0.1975,-0.0506,0.5848,-0.4494
2026-04-26 20:30:23.123,1011,0.0101,0.1975,-0.0506,0.5849,-0.4494
2026-04-26 20:30:23.146,1012,0.0101,0.1975,-0.0506,0.5849,-0.4494
2026-04-26 20:30:23.169,1013,0.0100,0.1975,-0.0506,0.5850,-0.4494
2026-04-26 20:30:23.179,1014,0.0100,0.1975,-0.0506,0.5851,-0.4494
2026-04-26 20:30:23.195,1015,0.0099,0.1975,-0.0506,0.5852,-0.4494
2026-04-26 20:30:23.212,1016,0.0099,0.1975,-0.0506,0.5852,-0.4494
2026-04-26 20:30:23.221,1017,0.0098,0.1976,-0.0506,0.5853,-0.4494
2026-04-26 20:30:23.235,1018,0.0098,0.1976,-0.0506,0.5854,-0.4494
2026-04-26 20:30:23.244,1019,0.0097,0.1976,-0.0506,0.5855,-0.4494
2026-04-26 20:30:23.258,1020,0.0097,0.1976,-0.0506,0.5855,-0.4494
2026-04-26 20:30:23.273,1021,0.0096,0.1976,-0.0506,0.5856,-0.4494
2026-04-26 20:30:23.281,1022,0.0096,0.1976,-0.0506,0.5857,-0.4494
2026-04-26 20:30:23.296,1023,0.0095,0.1976,-0.0506,0.5857,-0.4494
2026-04-26 20:30:23.304,1024,0.0095,0.1976,-0.0506,0.5858,-0.4494
2026-04-26 20:30:23.318,1025,0.0094,0.1977,-0.0506,0.5859,-0.4494
2026-04-26 20:30:23.335,1026,0.0094,0.1977,-0.0506,0.5860,-0.4494
2026-04-26 20:30:23.344,1027,0.0093,0.1977,-0.0506,0.5860,-0.4494
2026-04-26 20:30:23.359,1028,0.0093,0.1977,-0.0506,0.5861,-0.4494
2026-04-26 20:30:23.369,1029,0.0092,0.1977,-0.0506,0.5862,-0.4494
2026-04-26 20:30:23.384,1030,0.0092,0.1977,-0.0506,0.5862,-0.4494
2026-04-26 20:30:23.398,1031,0.0092,0.1977,-0.0506,0.5863,-0.4494
2026-04-26 20:30:23.406,1032,0.0091,0.1977,-0.0506,0.5864,-0.4494
2026-04-26 20:30:23.422,1033,0.0091,0.1977,-0.0506,0.5864,-0.4494
2026-04-26 20:30:23.431,1034,0.0090,0.1978,-0.0506,0.5865,-0.4494
2026-04-26 20:30:23.444,1035,0.0090,0.1978,-0.0506,0.5866,-0.4495
2026-04-26 20:30:23.459,1036,0.0089,0.1978,-0.0506,0.5866,-0.4495
2026-04-26 20:30:23.469,1037,0.0089,0.1978,-0.0506,0.5867,-0.4495
2026-04-26 20:30:23.483,1038,0.0089,0.1978,-0.0506,0.5867,-0.4495
2026-04-26 20:30:23.491,1039,0.0088,0.1978,-0.0506,0.5868,-0.4495
2026-04-26 20:30:23.506,1040,0.0088,0.1978,-0.0506,0.5868,-0.4495
2026-04-26 20:30:23.519,1041,0.0088,0.1978,-0.0506,0.5869,-0.4495
2026-04-26 20:30:23.528,1042,0.0087,0.1978,-0.0506,0.5870,-0.4495
2026-04-26 20:30:23.542,1043,0.0087,0.1979,-0.0506,0.5870,-0.4495
2026-04-26 20:30:23.551,1044,0.0086,0.1979,-0.0506,0.5871,-0.4495
2026-04-26 20:30:23.563,1045,0.0086,0.1979,-0.0506,0.5872,-0.4495
2026-04-26 20:30:23.576,1046,0.0086,0.1979,-0.0506,0.5872,-0.4495
2026-04-26 20:30:23.585,1047,0.0085,0.1979,-0.0506,0.5873,-0.4495
2026-04-26 20:30:23.598,1048,0.0085,0.1979,-0.0506,0.5873,-0.4495
2026-04-26 20:30:23.606,1049,0.0084,0.1979,-0.0506,0.5874,-0.4495
2026-04-26 20:30:23.620,1050,0.0084,0.1979,-0.0505,0.5874,-0.4495
2026-04-26 20:30:23.634,1051,0.0084,0.1979,-0.0505,0.5875,-0.4495
2026-04-26 20:30:23.643,1052,0.0083,0.1979,-0.0505,0.5876,-0.4495
2026-04-26 20:30:23.657,1053,0.0083,0.1980,-0.0505,0.5876,-0.4495
2026-04-26 20:30:23.665,1054,0.0082,0.1980,-0.0505,0.5877,-0.4495
2026-04-26 20:30:23.679,1055,0.0082,0.1980,-0.0505,0.5878,-0.4495
2026-04-26 20:30:23.693,1056,0.0082,0.1980,-0.0505,0.5878,-0.4495
2026-04-26 20:30:23.701,1057,0.0081,0.1980,-0.0505,0.5879,-0.4495
2026-04-26 20:30:23.717,1058,0.0081,0.1980,-0.0505,0.5879,-0.4495
2026-04-26 20:30:23.731,1059,0.0080,0.1980,-0.0505,0.5880,-0.4495
2026-04-26 20:30:23.740,1060,0.0080,0.1980,-0.0505,0.5881,-0.4495
2026-04-26 20:30:23.754,1061,0.0079,0.1980,-0.0505,0.5881,-0.4495
2026-04-26 20:30:23.762,1062,0.0079,0.1980,-0.0505,0.5882,-0.4495
2026-04-26 20:30:23.777,1063,0.0079,0.1981,-0.0505,0.5883,-0.4495
2026-04-26 20:30:23.791,1064,0.0078,0.1981,-0.0505,0.5883,-0.4495
2026-04-26 20:30:23.799,1065,0.0078,0.1981,-0.0505,0.5884,-0.4495
2026-04-26 20:30:23.813,1066,0.0078,0.1981,-0.0505,0.5884,-0.4496
2026-04-26 20:30:23.821,1067,0.0077,0.1981,-0.0505,0.5885,-0.4496
2026-04-26 20:30:23.838,1068,0.0077,0.1981,-0.0505,0.5885,-0.4496
2026-04-26 20:30:23.853,1069,0.0077,0.1981,-0.0505,0.5886,-0.4496
2026-04-26 20:30:23.861,1070,0.0076,0.1981,-0.0505,0.5886,-0.4496
2026-04-26 20:30:24.014,1071,0.0076,0.1981,-0.0505,0.5887,-0.4496
2026-04-26 20:30:24.022,1072,0.0075,0.1981,-0.0505,0.5888,-0.4496
2026-04-26 20:30:24.031,1073,0.0075,0.1982,-0.0505,0.5888,-0.4496
2026-04-26 20:30:24.038,1074,0.0074,0.1982,-0.0505,0.5889,-0.4496
2026-04-26 20:30:24.046,1075,0.0074,0.1982,-0.0505,0.5889,-0.4496
2026-04-26 20:30:24.055,1076,0.0074,0.1982,-0.0505,0.5890,-0.4496
2026-04-26 20:30:24.063,1077,0.0073,0.1982,-0.0505,0.5891,-0.4496
2026-04-26 20:30:24.072,1078,0.0073,0.1982,-0.0505,0.5891,-0.4496
2026-04-26 20:30:24.080,1079,0.0072,0.1982,-0.0505,0.5892,-0.4496
2026-04-26 20:30:24.088,1080,0.0072,0.1982,-0.0505,0.5892,-0.4496
2026-04-26 20:30:24.096,1081,0.0071,0.1982,-0.0505,0.5893,-0.4496
2026-04-26 20:30:24.104,1082,0.0071,0.1982,-0.0505,0.5894,-0.4496
2026-04-26 20:30:24.112,1083,0.0071,0.1982,-0.0504,0.5894,-0.4496
2026-04-26 20:30:24.121,1084,0.0070,0.1983,-0.0504,0.5895,-0.4496
2026-04-26 20:30:24.129,1085,0.0070,0.1983,-0.0504,0.5896,-0.4496
2026-04-26 20:30:24.137,1086,0.0069,0.1983,-0.0504,0.5896,-0.4496
2026-04-26 20:30:24.145,1087,0.0069,0.1983,-0.0504,0.5897,-0.4496
2026-04-26 20:30:24.154,1088,0.0068,0.1983,-0.0504,0.5897,-0.4496
2026-04-26 20:30:24.163,1089,0.0068,0.1983,-0.0504,0.5898,-0.4496
2026-04-26 20:30:24.171,1090,0.0067,0.1983,-0.0504,0.5899,-0.4496
2026-04-26 20:30:24.180,1091,0.0067,0.1983,-0.0504,0.5899,-0.4496
2026-04-26 20:30:24.188,1092,0.0066,0.1983,-0.0504,0.5900,-0.4496
2026-04-26 20:30:24.197,1093,0.0066,0.1983,-0.0504,0.5901,-0.4496
2026-04-26 20:30:24.206,1094,0.0066,0.1983,-0.0504,0.5901,-0.4496
2026-04-26 20:30:24.215,1095,0.0065,0.1983,-0.0504,0.5902,-0.4496
2026-04-26 20:30:24.224,1096,0.0065,0.1984,-0.0504,0.5903,-0.4496
2026-04-26 20:30:24.232,1097,0.0064,0.1984,-0.0504,0.5903,-0.4496
2026-04-26 20:30:24.240,1098,0.0064,0.1984,-0.0504,0.5904,-0.4496
2026-04-26 20:30:24.249,1099,0.0063,0.1984,-0.0504,0.5904,-0.4496
2026-04-26 20:30:24.258,1100,0.0063,0.1984,-0.0504,0.5905,-0.4496
2026-04-26 20:30:24.267,1101,0.0062,0.1984,-0.0504,0.5906,-0.4496
2026-04-26 20:30:24.275,1102,0.0062,0.1984,-0.0504,0.5906,-0.4496
2026-04-26 20:30:24.283,1103,0.0062,0.1984,-0.0503,0.5907,-0.4496
2026-04-26 20:30:24.293,1104,0.0061,0.1984,-0.0503,0.5907,-0.4496
2026-04-26 20:30:24.301,1105,0.0061,0.1984,-0.0503,0.5908,-0.4496
2026-04-26 20:30:24.310,1106,0.0060,0.1984,-0.0503,0.5909,-0.4495
2026-04-26 20:30:24.319,1107,0.0060,0.1984,-0.0503,0.5909,-0.4495
2026-04-26 20:30:24.326,1108,0.0059,0.1985,-0.0503,0.5910,-0.4495
2026-04-26 20:30:24.336,1109,0.0059,0.1985,-0.0503,0.5911,-0.4495
2026-04-26 20:30:24.344,1110,0.0058,0.1985,-0.0503,0.5911,-0.4495
2026-04-26 20:30:24.353,1111,0.0057,0.1985,-0.0503,0.5912,-0.4495
2026-04-26 20:30:24.363,1112,0.0057,0.1985,-0.0503,0.5913,-0.4495
2026-04-26 20:30:24.370,1113,0.0056,0.1985,-0.0503,0.5913,-0.4495
2026-04-26 20:30:24.380,1114,0.0056,0.1985,-0.0503,0.5914,-0.4495
2026-04-26 20:30:24.388,1115,0.0055,0.1985,-0.0503,0.5915,-0.4495
2026-04-26 20:30:24.398,1116,0.0055,0.1985,-0.0502,0.5916,-0.4495
2026-04-26 20:30:24.408,1117,0.0054,0.1985,-0.0502,0.5916,-0.4495
2026-04-26 20:30:24.415,1118,0.0053,0.1985,-0.0502,0.5917,-0.4495
2026-04-26 20:30:24.425,1119,0.0053,0.1985,-0.0502,0.5918,-0.4495
2026-04-26 20:30:24.434,1120,0.0052,0.1985,-0.0502,0.5919,-0.4495
2026-04-26 20:30:24.443,1121,0.0052,0.1985,-0.0502,0.5919,-0.4495
2026-04-26 20:30:24.452,1122,0.0051,0.1986,-0.0502,0.5920,-0.4495
2026-04-26 20:30:24.460,1123,0.0050,0.1986,-0.0502,0.5921,-0.4495
2026-04-26 20:30:24.469,1124,0.0050,0.1986,-0.0502,0.5922,-0.4495
2026-04-26 20:30:24.477,1125,0.0049,0.1986,-0.0502,0.5922,-0.4494
2026-04-26 20:30:24.486,1126,0.0048,0.1986,-0.0502,0.5923,-0.4494
2026-04-26 20:30:24.496,1127,0.0048,0.1986,-0.0501,0.5924,-0.4494
2026-04-26 20:30:24.504,1128,0.0047,0.1986,-0.0501,0.5925,-0.4494
2026-04-26 20:30:24.514,1129,0.0047,0.1986,-0.0501,0.5925,-0.4494
2026-04-26 20:30:24.522,1130,0.0046,0.1986,-0.0501,0.5926,-0.4494
2026-04-26 20:30:24.532,1131,0.0046,0.1986,-0.0501,0.5927,-0.4494
2026-04-26 20:30:24.542,1132,0.0045,0.1986,-0.0501,0.5928,-0.4494
2026-04-26 20:30:24.550,1133,0.0044,0.1986,-0.0501,0.5928,-0.4494
2026-04-26 20:30:24.560,1134,0.0044,0.1986,-0.0501,0.5929,-0.4494
2026-04-26 20:30:24.568,1135,0.0043,0.1986,-0.0501,0.5930,-0.4494
2026-04-26 20:30:24.577,1136,0.0042,0.1987,-0.0501,0.5931,-0.4494
2026-04-26 20:30:24.587,1137,0.0042,0.1987,-0.0500,0.5931,-0.4494
2026-04-26 20:30:24.595,1138,0.0041,0.1987,-0.0500,0.5932,-0.4494
2026-04-26 20:30:24.605,1139,0.0040,0.1987,-0.0500,0.5933,-0.4494
2026-04-26 20:30:24.613,1140,0.0040,0.1987,-0.0500,0.5934,-0.4493
2026-04-26 20:30:24.624,1141,0.0039,0.1987,-0.0500,0.5935,-0.4493
2026-04-26 20:30:24.635,1142,0.0039,0.1987,-0.0500,0.5935,-0.4493
2026-04-26 20:30:24.643,1143,0.0038,0.1987,-0.0500,0.5936,-0.4493
2026-04-26 20:30:24.654,1144,0.0037,0.1987,-0.0500,0.5937,-0.4493
2026-04-26 20:30:24.662,1145,0.0037,0.1987,-0.0499,0.5938,-0.4493
2026-04-26 20:30:24.673,1146,0.0036,0.1987,-0.0499,0.5938,-0.4493
2026-04-26 20:30:24.684,1147,0.0035,0.1987,-0.0499,0.5939,-0.4493
2026-04-26 20:30:24.694,1148,0.0035,0.1987,-0.0499,0.5940,-0.4493
2026-04-26 20:30:24.707,1149,0.0034,0.1987,-0.0499,0.5941,-0.4493
2026-04-26 20:30:24.719,1150,0.0033,0.1987,-0.0499,0.5941,-0.4493
2026-04-26 20:30:24.727,1151,0.0033,0.1988,-0.0499,0.5942,-0.4493
2026-04-26 20:30:24.739,1152,0.0032,0.1988,-0.0499,0.5943,-0.4493
2026-04-26 20:30:24.748,1153,0.0032,0.1988,-0.0499,0.5944,-0.4492
2026-04-26 20:30:24.759,1154,0.0031,0.1988,-0.0499,0.5944,-0.4492
2026-04-26 20:30:24.772,1155,0.0030,0.1988,-0.0498,0.5945,-0.4492
2026-04-26 20:30:24.782,1156,0.0030,0.1988,-0.0498,0.5946,-0.4492
2026-04-26 20:30:24.795,1157,0.0029,0.1988,-0.0498,0.5946,-0.4492
2026-04-26 20:30:24.803,1158,0.0029,0.1988,-0.0498,0.5947,-0.4492
2026-04-26 20:30:24.817,1159,0.0028,0.1988,-0.0498,0.5948,-0.4492
2026-04-26 20:30:24.830,1160,0.0028,0.1988,-0.0498,0.5949,-0.4492
2026-04-26 20:30:24.838,1161,0.0027,0.1988,-0.0498,0.5949,-0.4492
2026-04-26 20:30:24.852,1162,0.0026,0.1988,-0.0498,0.5950,-0.4492
2026-04-26 20:30:24.861,1163,0.0026,0.1988,-0.0498,0.5951,-0.4492
2026-04-26 20:30:24.875,1164,0.0025,0.1988,-0.0498,0.5951,-0.4492
2026-04-26 20:30:24.886,1165,0.0025,0.1988,-0.0497,0.5952,-0.4492
2026-04-26 20:30:24.894,1166,0.0024,0.1988,-0.0497,0.5953,-0.4492
2026-04-26 20:30:24.906,1167,0.0024,0.1988,-0.0497,0.5953,-0.4491
2026-04-26 20:30:24.914,1168,0.0023,0.1989,-0.0497,0.5954,-0.4491
2026-04-26 20:30:24.925,1169,0.0022,0.1989,-0.0497,0.5955,-0.4491
2026-04-26 20:30:24.937,1170,0.0022,0.1989,-0.0497,0.5955,-0.4491
2026-04-26 20:30:24.945,1171,0.0021,0.1989,-0.0497,0.5956,-0.4491
2026-04-26 20:30:24.956,1172,0.0021,0.1989,-0.0497,0.5957,-0.4491
2026-04-26 20:30:24.965,1173,0.0020,0.1989,-0.0497,0.5958,-0.4491
2026-04-26 20:30:24.977,1174,0.0019,0.1989,-0.0497,0.5958,-0.4491
2026-04-26 20:30:24.989,1175,0.0019,0.1989,-0.0496,0.5959,-0.4491
2026-04-26 20:30:24.997,1176,0.0018,0.1989,-0.0496,0.5960,-0.4491
2026-04-26 20:30:25.009,1177,0.0018,0.1989,-0.0496,0.5960,-0.4491
2026-04-26 20:30:25.018,1178,0.0017,0.1989,-0.0496,0.5961,-0.4491
2026-04-26 20:30:25.030,1179,0.0017,0.1989,-0.0496,0.5962,-0.4491
2026-04-26 20:30:25.043,1180,0.0016,0.1989,-0.0496,0.5962,-0.4490
2026-04-26 20:30:25.052,1181,0.0015,0.1989,-0.0496,0.5963,-0.4490
2026-04-26 20:30:25.064,1182,0.0015,0.1989,-0.0496,0.5964,-0.4490
2026-04-26 20:30:25.073,1183,0.0014,0.1989,-0.0496,0.5964,-0.4490
2026-04-26 20:30:25.085,1184,0.0014,0.1989,-0.0495,0.5965,-0.4490
2026-04-26 20:30:25.098,1185,0.0013,0.1989,-0.0495,0.5966,-0.4490
2026-04-26 20:30:25.105,1186,0.0012,0.1990,-0.0495,0.5967,-0.4490
2026-04-26 20:30:25.117,1187,0.0012,0.1990,-0.0495,0.5967,-0.4490
2026-04-26 20:30:25.125,1188,0.0011,0.1990,-0.0495,0.5968,-0.4490
2026-04-26 20:30:25.137,1189,0.0011,0.1990,-0.0495,0.5969,-0.4490
2026-04-26 20:30:25.150,1190,0.0010,0.1990,-0.0495,0.5969,-0.4490
2026-04-26 20:30:25.158,1191,0.0009,0.1990,-0.0495,0.5970,-0.4490
2026-04-26 20:30:25.170,1192,0.0009,0.1990,-0.0495,0.5971,-0.4490
2026-04-26 20:30:25.178,1193,0.0008,0.1990,-0.0494,0.5972,-0.4489
2026-04-26 20:30:25.192,1194,0.0008,0.1990,-0.0494,0.5972,-0.4489
2026-04-26 20:30:25.205,1195,0.0007,0.1990,-0.0494,0.5973,-0.4489
2026-04-26 20:30:25.214,1196,0.0006,0.1990,-0.0494,0.5974,-0.4489
2026-04-26 20:30:25.227,1197,0.0005,0.1990,-0.0494,0.5975,-0.4489
2026-04-26 20:30:25.239,1198,0.0005,0.1990,-0.0494,0.5976,-0.4489
2026-04-26 20:30:25.247,1199,0.0004,0.1990,-0.0494,0.5976,-0.4489
2026-04-26 20:30:25.260,1200,0.0003,0.1990,-0.0493,0.5977,-0.4489
2026-04-26 20:30:25.268,1201,0.0003,0.1990,-0.0493,0.5978,-0.4488
2026-04-26 20:30:25.281,1202,0.0002,0.1990,-0.0493,0.5979,-0.4488
2026-04-26 20:30:25.294,1203,0.0001,0.1990,-0.0493,0.5980,-0.4488
2026-04-26 20:30:25.304,1204,0.0000,0.1990,-0.0493,0.5981,-0.4488
2026-04-26 20:30:25.317,1205,-0.0000,0.1990,-0.0493,0.5981,-0.4488
2026-04-26 20:30:25.325,1206,-0.0001,0.1991,-0.0493,0.5982,-0.4488
2026-04-26 20:30:25.337,1207,-0.0002,0.1991,-0.0493,0.5983,-0.4488
2026-04-26 20:30:25.351,1208,-0.0002,0.1991,-0.0492,0.5984,-0.4488
2026-04-26 20:30:25.359,1209,-0.0003,0.1991,-0.0492,0.5984,-0.4488
2026-04-26 20:30:25.372,1210,-0.0004,0.1991,-0.0492,0.5985,-0.4487
2026-04-26 20:30:25.380,1211,-0.0004,0.1991,-0.0492,0.5986,-0.4487
2026-04-26 20:30:25.393,1212,-0.0005,0.1991,-0.0492,0.5987,-0.4487
2026-04-26 20:30:25.405,1213,-0.0006,0.1991,-0.0492,0.5987,-0.4487
2026-04-26 20:30:25.415,1214,-0.0006,0.1991,-0.0492,0.5988,-0.4487
2026-04-26 20:30:25.428,1215,-0.0007,0.1991,-0.0491,0.5989,-0.4487
2026-04-26 20:30:25.438,1216,-0.0008,0.1991,-0.0491,0.5990,-0.4487
2026-04-26 20:30:25.450,1217,-0.0008,0.1991,-0.0491,0.5990,-0.4487
2026-04-26 20:30:25.463,1218,-0.0009,0.1991,-0.0491,0.5991,-0.4487
2026-04-26 20:30:25.471,1219,-0.0010,0.1991,-0.0491,0.5992,-0.4486
2026-04-26 20:30:25.484,1220,-0.0010,0.1991,-0.0491,0.5993,-0.4486
2026-04-26 20:30:25.492,1221,-0.0011,0.1991,-0.0491,0.5993,-0.4486
2026-04-26 20:30:25.505,1222,-0.0012,0.1991,-0.0491,0.5994,-0.4486
2026-04-26 20:30:25.517,1223,-0.0012,0.1991,-0.0490,0.5995,-0.4486
2026-04-26 20:30:25.525,1224,-0.0013,0.1991,-0.0490,0.5996,-0.4486
2026-04-26 20:30:25.541,1225,-0.0014,0.1991,-0.0490,0.5996,-0.4486
2026-04-26 20:30:25.549,1226,-0.0014,0.1991,-0.0490,0.5997,-0.4486
2026-04-26 20:30:25.563,1227,-0.0015,0.1991,-0.0490,0.5998,-0.4486
2026-04-26 20:30:25.576,1228,-0.0015,0.1992,-0.0490,0.5998,-0.4486
2026-04-26 20:30:25.584,1229,-0.0016,0.1992,-0.0490,0.5999,-0.4486
2026-04-26 20:30:25.598,1230,-0.0016,0.1992,-0.0490,0.5999,-0.4485
2026-04-26 20:30:25.606,1231,-0.0017,0.1992,-0.0490,0.6000,-0.4485
2026-04-26 20:30:25.620,1232,-0.0017,0.1992,-0.0489,0.6001,-0.4485
2026-04-26 20:30:25.635,1233,-0.0018,0.1992,-0.0489,0.6001,-0.4485
2026-04-26 20:30:25.643,1234,-0.0018,0.1992,-0.0489,0.6002,-0.4485
2026-04-26 20:30:25.660,1235,-0.0019,0.1992,-0.0489,0.6002,-0.4485
2026-04-26 20:30:25.668,1236,-0.0019,0.1992,-0.0489,0.6003,-0.4485
2026-04-26 20:30:25.682,1237,-0.0020,0.1992,-0.0489,0.6004,-0.4485
2026-04-26 20:30:25.697,1238,-0.0020,0.1992,-0.0489,0.6004,-0.4485
2026-04-26 20:30:25.705,1239,-0.0021,0.1992,-0.0489,0.6005,-0.4485
2026-04-26 20:30:25.720,1240,-0.0022,0.1992,-0.0489,0.6006,-0.4485
2026-04-26 20:30:25.729,1241,-0.0022,0.1992,-0.0489,0.6006,-0.4485
2026-04-26 20:30:25.742,1242,-0.0023,0.1992,-0.0488,0.6007,-0.4484
2026-04-26 20:30:25.757,1243,-0.0023,0.1992,-0.0488,0.6007,-0.4484
2026-04-26 20:30:25.765,1244,-0.0024,0.1992,-0.0488,0.6008,-0.4484
2026-04-26 20:30:25.780,1245,-0.0024,0.1992,-0.0488,0.6009,-0.4484
2026-04-26 20:30:25.796,1246,-0.0025,0.1992,-0.0488,0.6009,-0.4484
2026-04-26 20:30:25.804,1247,-0.0025,0.1992,-0.0488,0.6010,-0.4484
2026-04-26 20:30:25.820,1248,-0.0026,0.1992,-0.0488,0.6011,-0.4484
2026-04-26 20:30:25.829,1249,-0.0026,0.1992,-0.0488,0.6011,-0.4484
2026-04-26 20:30:25.844,1250,-0.0027,0.1992,-0.0488,0.6012,-0.4484
2026-04-26 20:30:26.046,1251,-0.0027,0.1992,-0.0487,0.6012,-0.4484
2026-04-26 20:30:26.054,1252,-0.0028,0.1992,-0.0487,0.6013,-0.4484
2026-04-26 20:30:26.062,1253,-0.0028,0.1993,-0.0487,0.6013,-0.4484
2026-04-26 20:30:26.070,1254,-0.0029,0.1993,-0.0487,0.6014,-0.4483
2026-04-26 20:30:26.079,1255,-0.0029,0.1993,-0.0487,0.6014,-0.4483
2026-04-26 20:30:26.088,1256,-0.0030,0.1993,-0.0487,0.6015,-0.4483
2026-04-26 20:30:26.096,1257,-0.0030,0.1993,-0.0487,0.6016,-0.4483
2026-04-26 20:30:26.103,1258,-0.0031,0.1993,-0.0487,0.6016,-0.4483
2026-04-26 20:30:26.111,1259,-0.0031,0.1993,-0.0487,0.6016,-0.4483
2026-04-26 20:30:26.120,1260,-0.0031,0.1993,-0.0487,0.6017,-0.4483
2026-04-26 20:30:26.128,1261,-0.0032,0.1993,-0.0487,0.6018,-0.4483
2026-04-26 20:30:26.135,1262,-0.0032,0.1993,-0.0487,0.6018,-0.4483
2026-04-26 20:30:26.144,1263,-0.0033,0.1993,-0.0486,0.6019,-0.4483
2026-04-26 20:30:26.154,1264,-0.0033,0.1993,-0.0486,0.6019,-0.4483
2026-04-26 20:30:26.163,1265,-0.0034,0.1993,-0.0486,0.6020,-0.4483
2026-04-26 20:30:26.173,1266,-0.0034,0.1993,-0.0486,0.6020,-0.4483
2026-04-26 20:30:26.181,1267,-0.0035,0.1993,-0.0486,0.6021,-0.4483
2026-04-26 20:30:26.190,1268,-0.0035,0.1993,-0.0486,0.6021,-0.4483
2026-04-26 20:30:26.199,1269,-0.0035,0.1993,-0.0486,0.6022,-0.4483
2026-04-26 20:30:26.208,1270,-0.0036,0.1993,-0.0486,0.6022,-0.4482
2026-04-26 20:30:26.219,1271,-0.0036,0.1993,-0.0486,0.6022,-0.4482
2026-04-26 20:30:26.228,1272,-0.0037,0.1993,-0.0486,0.6023,-0.4482
2026-04-26 20:30:26.238,1273,-0.0037,0.1993,-0.0486,0.6023,-0.4482
2026-04-26 20:30:26.247,1274,-0.0037,0.1993,-0.0486,0.6024,-0.4482
2026-04-26 20:30:26.255,1275,-0.0038,0.1993,-0.0486,0.6024,-0.4482
2026-04-26 20:30:26.264,1276,-0.0038,0.1993,-0.0485,0.6025,-0.4482
2026-04-26 20:30:26.272,1277,-0.0039,0.1993,-0.0485,0.6025,-0.4482
2026-04-26 20:30:26.281,1278,-0.0039,0.1993,-0.0485,0.6026,-0.4482
2026-04-26 20:30:26.289,1279,-0.0039,0.1993,-0.0485,0.6026,-0.4482
2026-04-26 20:30:26.298,1280,-0.0040,0.1993,-0.0485,0.6027,-0.4482
2026-04-26 20:30:26.307,1281,-0.0040,0.1993,-0.0485,0.6027,-0.4482
2026-04-26 20:30:26.315,1282,-0.0041,0.1994,-0.0485,0.6028,-0.4482
2026-04-26 20:30:26.323,1283,-0.0041,0.1994,-0.0485,0.6028,-0.4482
2026-04-26 20:30:26.332,1284,-0.0042,0.1994,-0.0485,0.6029,-0.4482
2026-04-26 20:30:26.341,1285,-0.0042,0.1994,-0.0485,0.6029,-0.4482
2026-04-26 20:30:26.350,1286,-0.0042,0.1994,-0.0485,0.6030,-0.4481
2026-04-26 20:30:26.358,1287,-0.0043,0.1994,-0.0485,0.6030,-0.4481
2026-04-26 20:30:26.367,1288,-0.0043,0.1994,-0.0484,0.6031,-0.4481
2026-04-26 20:30:26.376,1289,-0.0044,0.1994,-0.0484,0.6031,-0.4481
2026-04-26 20:30:26.384,1290,-0.0044,0.1994,-0.0484,0.6032,-0.4481
2026-04-26 20:30:26.393,1291,-0.0045,0.1994,-0.0484,0.6032,-0.4481
2026-04-26 20:30:26.400,1292,-0.0045,0.1994,-0.0484,0.6033,-0.4481
2026-04-26 20:30:26.409,1293,-0.0046,0.1994,-0.0484,0.6033,-0.4481
2026-04-26 20:30:26.418,1294,-0.0046,0.1994,-0.0484,0.6034,-0.4481
2026-04-26 20:30:26.426,1295,-0.0047,0.1994,-0.0484,0.6034,-0.4481
2026-04-26 20:30:26.434,1296,-0.0047,0.1994,-0.0484,0.6035,-0.4481
2026-04-26 20:30:26.441,1297,-0.0047,0.1994,-0.0484,0.6035,-0.4481
2026-04-26 20:30:26.450,1298,-0.0048,0.1994,-0.0484,0.6036,-0.4481
2026-04-26 20:30:26.459,1299,-0.0048,0.1994,-0.0483,0.6037,-0.4480
2026-04-26 20:30:26.467,1300,-0.0049,0.1994,-0.0483,0.6037,-0.4480
2026-04-26 20:30:26.476,1301,-0.0049,0.1994,-0.0483,0.6038,-0.4480
2026-04-26 20:30:26.484,1302,-0.0050,0.1994,-0.0483,0.6038,-0.4480
2026-04-26 20:30:26.494,1303,-0.0050,0.1994,-0.0483,0.6039,-0.4480
2026-04-26 20:30:26.504,1304,-0.0051,0.1994,-0.0483,0.6039,-0.4480
2026-04-26 20:30:26.512,1305,-0.0051,0.1994,-0.0483,0.6040,-0.4480
2026-04-26 20:30:26.522,1306,-0.0052,0.1994,-0.0483,0.6040,-0.4480
2026-04-26 20:30:26.531,1307,-0.0052,0.1994,-0.0483,0.6041,-0.4480
2026-04-26 20:30:26.541,1308,-0.0053,0.1994,-0.0483,0.6041,-0.4480
2026-04-26 20:30:26.552,1309,-0.0053,0.1994,-0.0482,0.6042,-0.4480
2026-04-26 20:30:26.559,1310,-0.0054,0.1994,-0.0482,0.6042,-0.4480
2026-04-26 20:30:26.568,1311,-0.0054,0.1994,-0.0482,0.6043,-0.4479
2026-04-26 20:30:26.576,1312,-0.0055,0.1994,-0.0482,0.6044,-0.4479
2026-04-26 20:30:26.586,1313,-0.0055,0.1994,-0.0482,0.6044,-0.4479
2026-04-26 20:30:26.596,1314,-0.0056,0.1994,-0.0482,0.6045,-0.4479
2026-04-26 20:30:26.604,1315,-0.0056,0.1995,-0.0482,0.6045,-0.4479
2026-04-26 20:30:26.614,1316,-0.0056,0.1995,-0.0482,0.6046,-0.4479
2026-04-26 20:30:26.622,1317,-0.0057,0.1995,-0.0482,0.6046,-0.4479
2026-04-26 20:30:26.632,1318,-0.0057,0.1995,-0.0482,0.6047,-0.4479
2026-04-26 20:30:26.643,1319,-0.0058,0.1995,-0.0481,0.6047,-0.4479
2026-04-26 20:30:26.651,1320,-0.0058,0.1995,-0.0481,0.6048,-0.4479
2026-04-26 20:30:26.661,1321,-0.0059,0.1995,-0.0481,0.6048,-0.4479
2026-04-26 20:30:26.669,1322,-0.0059,0.1995,-0.0481,0.6049,-0.4479
2026-04-26 20:30:26.679,1323,-0.0060,0.1995,-0.0481,0.6049,-0.4478
2026-04-26 20:30:26.690,1324,-0.0060,0.1995,-0.0481,0.6050,-0.4478
2026-04-26 20:30:26.698,1325,-0.0061,0.1995,-0.0481,0.6050,-0.4478
2026-04-26 20:30:26.708,1326,-0.0061,0.1995,-0.0481,0.6051,-0.4478
2026-04-26 20:30:26.719,1327,-0.0062,0.1995,-0.0481,0.6051,-0.4478
2026-04-26 20:30:26.727,1328,-0.0062,0.1995,-0.0481,0.6052,-0.4478
2026-04-26 20:30:26.739,1329,-0.0063,0.1995,-0.0481,0.6052,-0.4478
2026-04-26 20:30:26.747,1330,-0.0063,0.1995,-0.0480,0.6053,-0.4478
2026-04-26 20:30:26.758,1331,-0.0064,0.1995,-0.0480,0.6054,-0.4478
2026-04-26 20:30:26.769,1332,-0.0064,0.1995,-0.0480,0.6054,-0.4478
2026-04-26 20:30:26.777,1333,-0.0065,0.1995,-0.0480,0.6055,-0.4478
2026-04-26 20:30:26.788,1334,-0.0065,0.1995,-0.0480,0.6055,-0.4477
2026-04-26 20:30:26.796,1335,-0.0066,0.1995,-0.0480,0.6056,-0.4477
2026-04-26 20:30:26.808,1336,-0.0066,0.1995,-0.0480,0.6056,-0.4477
2026-04-26 20:30:26.819,1337,-0.0067,0.1995,-0.0480,0.6057,-0.4477
2026-04-26 20:30:26.827,1338,-0.0067,0.1995,-0.0480,0.6057,-0.4477
2026-04-26 20:30:26.839,1339,-0.0068,0.1995,-0.0479,0.6058,-0.4477
2026-04-26 20:30:26.848,1340,-0.0068,0.1995,-0.0479,0.6058,-0.4477
2026-04-26 20:30:26.860,1341,-0.0068,0.1995,-0.0479,0.6059,-0.4477
2026-04-26 20:30:26.871,1342,-0.0069,0.1995,-0.0479,0.6059,-0.4477
2026-04-26 20:30:26.879,1343,-0.0069,0.1995,-0.0479,0.6060,-0.4477
2026-04-26 20:30:26.891,1344,-0.0070,0.1995,-0.0479,0.6060,-0.4477
2026-04-26 20:30:26.899,1345,-0.0070,0.1995,-0.0479,0.6061,-0.4477
2026-04-26 20:30:26.911,1346,-0.0071,0.1995,-0.0479,0.6061,-0.4476
2026-04-26 20:30:26.923,1347,-0.0071,0.1995,-0.0479,0.6062,-0.4476
2026-04-26 20:30:26.932,1348,-0.0071,0.1995,-0.0479,0.6062,-0.4476
2026-04-26 20:30:26.944,1349,-0.0072,0.1995,-0.0479,0.6063,-0.4476
2026-04-26 20:30:26.953,1350,-0.0072,0.1995,-0.0478,0.6063,-0.4476
2026-04-26 20:30:26.965,1351,-0.0073,0.1995,-0.0478,0.6064,-0.4476
2026-04-26 20:30:26.977,1352,-0.0073,0.1995,-0.0478,0.6064,-0.4476
2026-04-26 20:30:26.985,1353,-0.0073,0.1995,-0.0478,0.6064,-0.4476
2026-04-26 20:30:26.997,1354,-0.0074,0.1995,-0.0478,0.6065,-0.4476
2026-04-26 20:30:27.005,1355,-0.0074,0.1996,-0.0478,0.6065,-0.4476
2026-04-26 20:30:27.018,1356,-0.0075,0.1996,-0.0478,0.6066,-0.4476
2026-04-26 20:30:27.031,1357,-0.0075,0.1996,-0.0478,0.6066,-0.4476
2026-04-26 20:30:27.041,1358,-0.0075,0.1996,-0.0478,0.6066,-0.4476
2026-04-26 20:30:27.054,1359,-0.0076,0.1996,-0.0478,0.6067,-0.4476
2026-04-26 20:30:27.062,1360,-0.0076,0.1996,-0.0478,0.6067,-0.4476
2026-04-26 20:30:27.076,1361,-0.0076,0.1996,-0.0478,0.6067,-0.4476
2026-04-26 20:30:27.089,1362,-0.0077,0.1996,-0.0478,0.6068,-0.4475
2026-04-26 20:30:27.097,1363,-0.0077,0.1996,-0.0478,0.6068,-0.4475
2026-04-26 20:30:27.110,1364,-0.0077,0.1996,-0.0477,0.6069,-0.4475
2026-04-26 20:30:27.122,1365,-0.0078,0.1996,-0.0477,0.6069,-0.4475
2026-04-26 20:30:27.130,1366,-0.0078,0.1996,-0.0477,0.6069,-0.4475
2026-04-26 20:30:27.144,1367,-0.0078,0.1996,-0.0477,0.6070,-0.4475
2026-04-26 20:30:27.153,1368,-0.0079,0.1996,-0.0477,0.6070,-0.4475
2026-04-26 20:30:27.166,1369,-0.0079,0.1996,-0.0477,0.6071,-0.4475
2026-04-26 20:30:27.178,1370,-0.0079,0.1996,-0.0477,0.6071,-0.4475
2026-04-26 20:30:27.188,1371,-0.0080,0.1996,-0.0477,0.6071,-0.4475
2026-04-26 20:30:27.201,1372,-0.0080,0.1996,-0.0477,0.6072,-0.4475
2026-04-26 20:30:27.209,1373,-0.0080,0.1996,-0.0477,0.6072,-0.4475
2026-04-26 20:30:27.221,1374,-0.0080,0.1996,-0.0477,0.6072,-0.4475
2026-04-26 20:30:27.234,1375,-0.0081,0.1996,-0.0477,0.6073,-0.4475
2026-04-26 20:30:27.242,1376,-0.0081,0.1996,-0.0477,0.6073,-0.4475
2026-04-26 20:30:27.256,1377,-0.0081,0.1996,-0.0477,0.6073,-0.4475
2026-04-26 20:30:27.264,1378,-0.0081,0.1996,-0.0477,0.6073,-0.4475
2026-04-26 20:30:27.277,1379,-0.0082,0.1996,-0.0477,0.6074,-0.4475
2026-04-26 20:30:27.290,1380,-0.0082,0.1996,-0.0477,0.6074,-0.4475
2026-04-26 20:30:27.299,1381,-0.0082,0.1996,-0.0477,0.6074,-0.4475
2026-04-26 20:30:27.312,1382,-0.0082,0.1996,-0.0476,0.6075,-0.4474
2026-04-26 20:30:27.320,1383,-0.0083,0.1996,-0.0476,0.6075,-0.4474
2026-04-26 20:30:27.333,1384,-0.0083,0.1996,-0.0476,0.6075,-0.4474
2026-04-26 20:30:27.347,1385,-0.0083,0.1996,-0.0476,0.6075,-0.4474
2026-04-26 20:30:27.355,1386,-0.0083,0.1996,-0.0476,0.6076,-0.4474
2026-04-26 20:30:27.368,1387,-0.0083,0.1996,-0.0476,0.6076,-0.4474
2026-04-26 20:30:27.377,1388,-0.0084,0.1996,-0.0476,0.6076,-0.4474
2026-04-26 20:30:27.389,1389,-0.0084,0.1996,-0.0476,0.6076,-0.4474
2026-04-26 20:30:27.405,1390,-0.0084,0.1996,-0.0476,0.6077,-0.4474
2026-04-26 20:30:27.413,1391,-0.0084,0.1996,-0.0476,0.6077,-0.4474
2026-04-26 20:30:27.427,1392,-0.0084,0.1996,-0.0476,0.6077,-0.4474
2026-04-26 20:30:27.435,1393,-0.0085,0.1996,-0.0476,0.6077,-0.4474
2026-04-26 20:30:27.447,1394,-0.0085,0.1996,-0.0476,0.6077,-0.4474
2026-04-26 20:30:27.460,1395,-0.0085,0.1996,-0.0476,0.6078,-0.4474
2026-04-26 20:30:27.468,1396,-0.0085,0.1996,-0.0476,0.6078,-0.4474
2026-04-26 20:30:27.482,1397,-0.0085,0.1996,-0.0476,0.6078,-0.4474
2026-04-26 20:30:27.490,1398,-0.0085,0.1996,-0.0476,0.6078,-0.4474
2026-04-26 20:30:27.503,1399,-0.0086,0.1996,-0.0476,0.6078,-0.4474
2026-04-26 20:30:27.517,1400,-0.0086,0.1996,-0.0476,0.6079,-0.4474
2026-04-26 20:30:27.526,1401,-0.0086,0.1996,-0.0476,0.6079,-0.4474
2026-04-26 20:30:27.540,1402,-0.0086,0.1996,-0.0476,0.6079,-0.4474
2026-04-26 20:30:27.550,1403,-0.0086,0.1996,-0.0476,0.6079,-0.4474
2026-04-26 20:30:27.563,1404,-0.0086,0.1996,-0.0476,0.6079,-0.4474
2026-04-26 20:30:27.575,1405,-0.0087,0.1997,-0.0476,0.6080,-0.4474
2026-04-26 20:30:27.584,1406,-0.0087,0.1997,-0.0476,0.6080,-0.4474
2026-04-26 20:30:27.598,1407,-0.0087,0.1997,-0.0476,0.6080,-0.4474
2026-04-26 20:30:27.605,1408,-0.0087,0.1997,-0.0476,0.6080,-0.4474
2026-04-26 20:30:27.618,1409,-0.0087,0.1997,-0.0476,0.6081,-0.4474
2026-04-26 20:30:27.634,1410,-0.0088,0.1997,-0.0476,0.6081,-0.4474
2026-04-26 20:30:27.642,1411,-0.0088,0.1997,-0.0475,0.6081,-0.4474
2026-04-26 20:30:27.657,1412,-0.0088,0.1997,-0.0475,0.6081,-0.4474
2026-04-26 20:30:27.673,1413,-0.0088,0.1997,-0.0475,0.6082,-0.4474
2026-04-26 20:30:27.682,1414,-0.0088,0.1997,-0.0475,0.6082,-0.4474
2026-04-26 20:30:27.696,1415,-0.0089,0.1997,-0.0475,0.6082,-0.4474
2026-04-26 20:30:27.705,1416,-0.0089,0.1997,-0.0475,0.6082,-0.4474
2026-04-26 20:30:27.719,1417,-0.0089,0.1997,-0.0475,0.6082,-0.4474
2026-04-26 20:30:27.734,1418,-0.0089,0.1997,-0.0475,0.6082,-0.4474
2026-04-26 20:30:27.742,1419,-0.0089,0.1997,-0.0475,0.6083,-0.4474
2026-04-26 20:30:27.757,1420,-0.0089,0.1997,-0.0475,0.6083,-0.4474
2026-04-26 20:30:27.765,1421,-0.0089,0.1997,-0.0475,0.6083,-0.4474
2026-04-26 20:30:27.779,1422,-0.0090,0.1997,-0.0475,0.6083,-0.4474
2026-04-26 20:30:27.794,1423,-0.0090,0.1997,-0.0475,0.6083,-0.4474
2026-04-26 20:30:27.805,1424,-0.0090,0.1997,-0.0475,0.6083,-0.4474
2026-04-26 20:30:27.820,1425,-0.0090,0.1997,-0.0475,0.6083,-0.4474
2026-04-26 20:30:27.829,1426,-0.0090,0.1997,-0.0475,0.6084,-0.4474
2026-04-26 20:30:27.844,1427,-0.0090,0.1997,-0.0475,0.6084,-0.4474
2026-04-26 20:30:28.057,1428,-0.0090,0.1997,-0.0475,0.6084,-0.4474
2026-04-26 20:30:28.066,1429,-0.0090,0.1997,-0.0475,0.6084,-0.4474
2026-04-26 20:30:28.075,1430,-0.0090,0.1997,-0.0475,0.6084,-0.4474
2026-04-26 20:30:28.083,1431,-0.0091,0.1997,-0.0475,0.6084,-0.4474
2026-04-26 20:30:28.091,1432,-0.0091,0.1997,-0.0475,0.6085,-0.4474
2026-04-26 20:30:28.099,1433,-0.0091,0.1997,-0.0475,0.6085,-0.4474
2026-04-26 20:30:28.108,1434,-0.0091,0.1997,-0.0475,0.6085,-0.4474
2026-04-26 20:30:28.116,1435,-0.0091,0.1997,-0.0475,0.6085,-0.4473
2026-04-26 20:30:28.125,1436,-0.0091,0.1997,-0.0475,0.6085,-0.4473
2026-04-26 20:30:28.133,1437,-0.0091,0.1997,-0.0475,0.6085,-0.4473
2026-04-26 20:30:28.141,1438,-0.0091,0.1997,-0.0475,0.6085,-0.4473
2026-04-26 20:30:28.150,1439,-0.0091,0.1997,-0.0475,0.6086,-0.4473
2026-04-26 20:30:28.160,1440,-0.0092,0.1997,-0.0475,0.6086,-0.4473
2026-04-26 20:30:28.170,1441,-0.0092,0.1997,-0.0475,0.6086,-0.4473
2026-04-26 20:30:28.179,1442,-0.0092,0.1997,-0.0475,0.6086,-0.4473
2026-04-26 20:30:28.190,1443,-0.0092,0.1997,-0.0475,0.6086,-0.4473
2026-04-26 20:30:28.199,1444,-0.0092,0.1997,-0.0475,0.6086,-0.4473
2026-04-26 20:30:28.210,1445,-0.0092,0.1997,-0.0475,0.6087,-0.4473
2026-04-26 20:30:28.221,1446,-0.0092,0.1997,-0.0475,0.6087,-0.4473
2026-04-26 20:30:28.231,1447,-0.0092,0.1997,-0.0475,0.6087,-0.4473
2026-04-26 20:30:28.243,1448,-0.0093,0.1997,-0.0475,0.6087,-0.4473
2026-04-26 20:30:28.253,1449,-0.0093,0.1997,-0.0475,0.6087,-0.4473
2026-04-26 20:30:28.264,1450,-0.0093,0.1997,-0.0475,0.6087,-0.4473
2026-04-26 20:30:28.275,1451,-0.0093,0.1997,-0.0475,0.6087,-0.4473
2026-04-26 20:30:28.283,1452,-0.0093,0.1997,-0.0475,0.6088,-0.4473
2026-04-26 20:30:28.293,1453,-0.0093,0.1997,-0.0475,0.6088,-0.4473
2026-04-26 20:30:28.301,1454,-0.0093,0.1997,-0.0475,0.6088,-0.4473
2026-04-26 20:30:28.310,1455,-0.0094,0.1997,-0.0475,0.6088,-0.4473
2026-04-26 20:30:28.319,1456,-0.0094,0.1997,-0.0475,0.6088,-0.4473
2026-04-26 20:30:28.327,1457,-0.0094,0.1997,-0.0475,0.6088,-0.4473
2026-04-26 20:30:28.337,1458,-0.0094,0.1997,-0.0474,0.6089,-0.4473
2026-04-26 20:30:28.345,1459,-0.0094,0.1997,-0.0474,0.6089,-0.4473
2026-04-26 20:30:28.355,1460,-0.0094,0.1997,-0.0474,0.6089,-0.4473
2026-04-26 20:30:28.364,1461,-0.0094,0.1997,-0.0474,0.6089,-0.4473
2026-04-26 20:30:28.372,1462,-0.0095,0.1997,-0.0474,0.6089,-0.4473
2026-04-26 20:30:28.382,1463,-0.0095,0.1997,-0.0474,0.6090,-0.4473
2026-04-26 20:30:28.390,1464,-0.0095,0.1997,-0.0474,0.6090,-0.4473
2026-04-26 20:30:28.399,1465,-0.0095,0.1997,-0.0474,0.6090,-0.4473
2026-04-26 20:30:28.408,1466,-0.0096,0.1997,-0.0474,0.6090,-0.4473
2026-04-26 20:30:28.416,1467,-0.0096,0.1997,-0.0474,0.6091,-0.4473
2026-04-26 20:30:28.426,1468,-0.0096,0.1997,-0.0474,0.6091,-0.4473
2026-04-26 20:30:28.435,1469,-0.0096,0.1997,-0.0474,0.6091,-0.4473
2026-04-26 20:30:28.444,1470,-0.0096,0.1997,-0.0474,0.6091,-0.4473
2026-04-26 20:30:28.453,1471,-0.0096,0.1997,-0.0474,0.6091,-0.4473
2026-04-26 20:30:28.461,1472,-0.0097,0.1998,-0.0474,0.6092,-0.4473
2026-04-26 20:30:28.471,1473,-0.0097,0.1998,-0.0474,0.6092,-0.4473
2026-04-26 20:30:28.480,1474,-0.0097,0.1998,-0.0474,0.6092,-0.4473
2026-04-26 20:30:28.490,1475,-0.0097,0.1998,-0.0474,0.6092,-0.4473
2026-04-26 20:30:28.502,1476,-0.0097,0.1998,-0.0474,0.6093,-0.4473
2026-04-26 20:30:28.510,1477,-0.0098,0.1998,-0.0474,0.6093,-0.4473
2026-04-26 20:30:28.522,1478,-0.0098,0.1998,-0.0474,0.6093,-0.4472
2026-04-26 20:30:28.532,1479,-0.0098,0.1998,-0.0474,0.6093,-0.4472
2026-04-26 20:30:28.543,1480,-0.0098,0.1998,-0.0474,0.6093,-0.4472
2026-04-26 20:30:28.554,1481,-0.0098,0.1998,-0.0474,0.6094,-0.4472
2026-04-26 20:30:28.563,1482,-0.0099,0.1998,-0.0474,0.6094,-0.4472
2026-04-26 20:30:28.572,1483,-0.0099,0.1998,-0.0474,0.6094,-0.4472
2026-04-26 20:30:28.582,1484,-0.0099,0.1998,-0.0473,0.6094,-0.4472
2026-04-26 20:30:28.590,1485,-0.0099,0.1998,-0.0473,0.6095,-0.4472
2026-04-26 20:30:28.600,1486,-0.0099,0.1998,-0.0473,0.6095,-0.4472
2026-04-26 20:30:28.608,1487,-0.0100,0.1998,-0.0473,0.6095,-0.4472
2026-04-26 20:30:28.618,1488,-0.0100,0.1998,-0.0473,0.6095,-0.4472
2026-04-26 20:30:28.629,1489,-0.0100,0.1998,-0.0473,0.6095,-0.4472
2026-04-26 20:30:28.637,1490,-0.0100,0.1998,-0.0473,0.6096,-0.4472
2026-04-26 20:30:28.648,1491,-0.0100,0.1998,-0.0473,0.6096,-0.4472
2026-04-26 20:30:28.656,1492,-0.0101,0.1998,-0.0473,0.6096,-0.4472
2026-04-26 20:30:28.667,1493,-0.0101,0.1998,-0.0473,0.6096,-0.4472
2026-04-26 20:30:28.678,1494,-0.0101,0.1998,-0.0473,0.6096,-0.4472
2026-04-26 20:30:28.687,1495,-0.0101,0.1998,-0.0473,0.6097,-0.4472
2026-04-26 20:30:28.698,1496,-0.0101,0.1998,-0.0473,0.6097,-0.4472
2026-04-26 20:30:28.708,1497,-0.0101,0.1998,-0.0473,0.6097,-0.4472
2026-04-26 20:30:28.719,1498,-0.0102,0.1998,-0.0473,0.6097,-0.4472
2026-04-26 20:30:28.729,1499,-0.0102,0.1998,-0.0473,0.6097,-0.4472
2026-04-26 20:30:28.738,1500,-0.0102,0.1998,-0.0473,0.6098,-0.4472
2026-04-26 20:30:28.749,1501,-0.0102,0.1998,-0.0473,0.6098,-0.4472
2026-04-26 20:30:28.757,1502,-0.0102,0.1998,-0.0473,0.6098,-0.4472
2026-04-26 20:30:28.768,1503,-0.0103,0.1998,-0.0473,0.6098,-0.4472
2026-04-26 20:30:28.779,1504,-0.0103,0.1998,-0.0473,0.6098,-0.4472
2026-04-26 20:30:28.787,1505,-0.0103,0.1998,-0.0473,0.6099,-0.4472
2026-04-26 20:30:28.798,1506,-0.0103,0.1998,-0.0473,0.6099,-0.4472
2026-04-26 20:30:28.808,1507,-0.0103,0.1998,-0.0473,0.6099,-0.4472
2026-04-26 20:30:28.819,1508,-0.0104,0.1998,-0.0473,0.6099,-0.4472
2026-04-26 20:30:28.830,1509,-0.0104,0.1998,-0.0473,0.6100,-0.4471
2026-04-26 20:30:28.838,1510,-0.0104,0.1998,-0.0472,0.6100,-0.4471
2026-04-26 20:30:28.850,1511,-0.0104,0.1998,-0.0472,0.6100,-0.4471
2026-04-26 20:30:28.858,1512,-0.0104,0.1998,-0.0472,0.6100,-0.4471
2026-04-26 20:30:28.869,1513,-0.0104,0.1998,-0.0472,0.6100,-0.4471
2026-04-26 20:30:28.881,1514,-0.0105,0.1998,-0.0472,0.6101,-0.4471
2026-04-26 20:30:28.891,1515,-0.0105,0.1998,-0.0472,0.6101,-0.4471
2026-04-26 20:30:28.903,1516,-0.0105,0.1998,-0.0472,0.6101,-0.4471
2026-04-26 20:30:28.912,1517,-0.0105,0.1998,-0.0472,0.6101,-0.4471
2026-04-26 20:30:28.924,1518,-0.0105,0.1998,-0.0472,0.6101,-0.4471
2026-04-26 20:30:28.936,1519,-0.0106,0.1998,-0.0472,0.6102,-0.4471
2026-04-26 20:30:28.944,1520,-0.0106,0.1998,-0.0472,0.6102,-0.4471
2026-04-26 20:30:28.956,1521,-0.0106,0.1998,-0.0472,0.6102,-0.4471
2026-04-26 20:30:28.968,1522,-0.0106,0.1998,-0.0472,0.6102,-0.4471
2026-04-26 20:30:28.976,1523,-0.0106,0.1998,-0.0472,0.6103,-0.4471
2026-04-26 20:30:28.988,1524,-0.0107,0.1998,-0.0472,0.6103,-0.4471
2026-04-26 20:30:28.997,1525,-0.0107,0.1998,-0.0472,0.6103,-0.4471
2026-04-26 20:30:29.008,1526,-0.0107,0.1998,-0.0472,0.6103,-0.4471
2026-04-26 20:30:29.021,1527,-0.0107,0.1998,-0.0472,0.6104,-0.4471
2026-04-26 20:30:29.031,1528,-0.0108,0.1998,-0.0472,0.6104,-0.4471
2026-04-26 20:30:29.043,1529,-0.0108,0.1998,-0.0472,0.6104,-0.4471
2026-04-26 20:30:29.052,1530,-0.0108,0.1998,-0.0472,0.6104,-0.4471
2026-04-26 20:30:29.064,1531,-0.0108,0.1998,-0.0472,0.6105,-0.4471
2026-04-26 20:30:29.079,1532,-0.0108,0.1998,-0.0471,0.6105,-0.4471
2026-04-26 20:30:29.088,1533,-0.0109,0.1998,-0.0471,0.6105,-0.4471
2026-04-26 20:30:29.100,1534,-0.0109,0.1998,-0.0471,0.6105,-0.4471
2026-04-26 20:30:29.109,1535,-0.0109,0.1998,-0.0471,0.6105,-0.4470
2026-04-26 20:30:29.121,1536,-0.0109,0.1998,-0.0471,0.6106,-0.4470
2026-04-26 20:30:29.134,1537,-0.0109,0.1998,-0.0471,0.6106,-0.4470
2026-04-26 20:30:29.142,1538,-0.0110,0.1998,-0.0471,0.6106,-0.4470
2026-04-26 20:30:29.156,1539,-0.0110,0.1998,-0.0471,0.6106,-0.4470
2026-04-26 20:30:29.165,1540,-0.0110,0.1998,-0.0471,0.6106,-0.4470
2026-04-26 20:30:29.178,1541,-0.0110,0.1998,-0.0471,0.6107,-0.4470
2026-04-26 20:30:29.190,1542,-0.0110,0.1998,-0.0471,0.6107,-0.4470
2026-04-26 20:30:29.199,1543,-0.0111,0.1998,-0.0471,0.6107,-0.4470
2026-04-26 20:30:29.212,1544,-0.0111,0.1998,-0.0471,0.6107,-0.4470
2026-04-26 20:30:29.220,1545,-0.0111,0.1998,-0.0471,0.6108,-0.4470
2026-04-26 20:30:29.234,1546,-0.0111,0.1998,-0.0471,0.6108,-0.4470
2026-04-26 20:30:29.247,1547,-0.0111,0.1998,-0.0471,0.6108,-0.4470
2026-04-26 20:30:29.255,1548,-0.0112,0.1998,-0.0471,0.6108,-0.4470
2026-04-26 20:30:29.270,1549,-0.0112,0.1998,-0.0471,0.6108,-0.4470
2026-04-26 20:30:29.278,1550,-0.0112,0.1998,-0.0471,0.6109,-0.4470
2026-04-26 20:30:29.291,1551,-0.0112,0.1998,-0.0471,0.6109,-0.4470
2026-04-26 20:30:29.304,1552,-0.0113,0.1998,-0.0471,0.6109,-0.4470
2026-04-26 20:30:29.313,1553,-0.0113,0.1998,-0.0471,0.6109,-0.4470
2026-04-26 20:30:29.325,1554,-0.0113,0.1998,-0.0470,0.6110,-0.4470
2026-04-26 20:30:29.340,1555,-0.0113,0.1998,-0.0470,0.6110,-0.4470
2026-04-26 20:30:29.349,1556,-0.0114,0.1998,-0.0470,0.6110,-0.4470
2026-04-26 20:30:29.362,1557,-0.0114,0.1998,-0.0470,0.6111,-0.4469
2026-04-26 20:30:29.371,1558,-0.0114,0.1998,-0.0470,0.6111,-0.4469
2026-04-26 20:30:29.384,1559,-0.0115,0.1998,-0.0470,0.6111,-0.4469
2026-04-26 20:30:29.399,1560,-0.0115,0.1998,-0.0470,0.6112,-0.4469
2026-04-26 20:30:29.407,1561,-0.0115,0.1998,-0.0470,0.6112,-0.4469
2026-04-26 20:30:29.421,1562,-0.0115,0.1998,-0.0470,0.6112,-0.4469
2026-04-26 20:30:29.429,1563,-0.0116,0.1998,-0.0470,0.6113,-0.4469
2026-04-26 20:30:29.441,1564,-0.0116,0.1998,-0.0470,0.6113,-0.4469
2026-04-26 20:30:29.454,1565,-0.0116,0.1998,-0.0470,0.6113,-0.4469
2026-04-26 20:30:29.462,1566,-0.0116,0.1998,-0.0470,0.6113,-0.4469
2026-04-26 20:30:29.476,1567,-0.0117,0.1998,-0.0470,0.6114,-0.4469
2026-04-26 20:30:29.484,1568,-0.0117,0.1998,-0.0470,0.6114,-0.4469
2026-04-26 20:30:29.497,1569,-0.0117,0.1998,-0.0470,0.6114,-0.4469
2026-04-26 20:30:29.512,1570,-0.0118,0.1998,-0.0469,0.6114,-0.4469
2026-04-26 20:30:29.520,1571,-0.0118,0.1998,-0.0469,0.6115,-0.4469
2026-04-26 20:30:29.534,1572,-0.0118,0.1998,-0.0469,0.6115,-0.4469
2026-04-26 20:30:29.543,1573,-0.0118,0.1998,-0.0469,0.6115,-0.4469
2026-04-26 20:30:29.557,1574,-0.0119,0.1999,-0.0469,0.6116,-0.4468
2026-04-26 20:30:29.571,1575,-0.0119,0.1999,-0.0469,0.6116,-0.4468
2026-04-26 20:30:29.579,1576,-0.0119,0.1999,-0.0469,0.6116,-0.4468
2026-04-26 20:30:29.593,1577,-0.0120,0.1999,-0.0469,0.6117,-0.4468
2026-04-26 20:30:29.601,1578,-0.0120,0.1999,-0.0469,0.6117,-0.4468
2026-04-26 20:30:29.614,1579,-0.0120,0.1999,-0.0469,0.6117,-0.4468
2026-04-26 20:30:29.630,1580,-0.0121,0.1999,-0.0469,0.6118,-0.4468
2026-04-26 20:30:29.639,1581,-0.0121,0.1999,-0.0469,0.6118,-0.4468
2026-04-26 20:30:29.654,1582,-0.0121,0.1999,-0.0469,0.6118,-0.4468
2026-04-26 20:30:29.663,1583,-0.0122,0.1999,-0.0469,0.6119,-0.4468
2026-04-26 20:30:29.677,1584,-0.0122,0.1999,-0.0468,0.6119,-0.4468
2026-04-26 20:30:29.692,1585,-0.0122,0.1999,-0.0468,0.6119,-0.4468
2026-04-26 20:30:29.701,1586,-0.0123,0.1999,-0.0468,0.6120,-0.4468
2026-04-26 20:30:29.715,1587,-0.0123,0.1999,-0.0468,0.6120,-0.4467
2026-04-26 20:30:29.724,1588,-0.0123,0.1999,-0.0468,0.6121,-0.4467
2026-04-26 20:30:29.738,1589,-0.0124,0.1999,-0.0468,0.6121,-0.4467
2026-04-26 20:30:29.753,1590,-0.0124,0.1999,-0.0468,0.6121,-0.4467
2026-04-26 20:30:29.763,1591,-0.0124,0.1999,-0.0468,0.6122,-0.4467
2026-04-26 20:30:29.778,1592,-0.0125,0.1999,-0.0468,0.6122,-0.4467
2026-04-26 20:30:29.787,1593,-0.0125,0.1999,-0.0468,0.6122,-0.4467
2026-04-26 20:30:29.802,1594,-0.0125,0.1999,-0.0468,0.6123,-0.4467
2026-04-26 20:30:29.818,1595,-0.0126,0.1999,-0.0468,0.6123,-0.4467
2026-04-26 20:30:29.827,1596,-0.0126,0.1999,-0.0467,0.6123,-0.4467
2026-04-26 20:30:29.842,1597,-0.0126,0.1999,-0.0467,0.6124,-0.4467
2026-04-26 20:30:29.857,1598,-0.0127,0.1999,-0.0467,0.6124,-0.4467
2026-04-26 20:30:29.866,1599,-0.0127,0.1999,-0.0467,0.6124,-0.4467
2026-04-26 20:30:29.881,1600,-0.0127,0.1999,-0.0467,0.6125,-0.4467
2026-04-26 20:30:29.892,1601,-0.0128,0.1999,-0.0467,0.6125,-0.4466
2026-04-26 20:30:29.908,1602,-0.0128,0.1999,-0.0467,0.6126,-0.4466
2026-04-26 20:30:29.925,1603,-0.0128,0.1999,-0.0467,0.6126,-0.4466
2026-04-26 20:30:29.934,1604,-0.0129,0.1999,-0.0467,0.6126,-0.4466
2026-04-26 20:30:30.133,1605,-0.0129,0.1999,-0.0467,0.6127,-0.4466
2026-04-26 20:30:30.142,1606,-0.0130,0.1999,-0.0467,0.6127,-0.4466
2026-04-26 20:30:30.153,1607,-0.0130,0.1999,-0.0467,0.6127,-0.4466
2026-04-26 20:30:30.162,1608,-0.0130,0.1999,-0.0466,0.6128,-0.4466
2026-04-26 20:30:30.172,1609,-0.0131,0.1999,-0.0466,0.6128,-0.4466
2026-04-26 20:30:30.183,1610,-0.0131,0.1999,-0.0466,0.6129,-0.4466
2026-04-26 20:30:30.194,1611,-0.0131,0.1999,-0.0466,0.6129,-0.4466
2026-04-26 20:30:30.207,1612,-0.0132,0.1999,-0.0466,0.6129,-0.4466
2026-04-26 20:30:30.218,1613,-0.0132,0.1999,-0.0466,0.6130,-0.4465
2026-04-26 20:30:30.228,1614,-0.0133,0.1999,-0.0466,0.6130,-0.4465
2026-04-26 20:30:30.238,1615,-0.0133,0.1999,-0.0466,0.6130,-0.4465
2026-04-26 20:30:30.248,1616,-0.0133,0.1999,-0.0466,0.6131,-0.4465
2026-04-26 20:30:30.258,1617,-0.0134,0.1999,-0.0466,0.6131,-0.4465
2026-04-26 20:30:30.269,1618,-0.0134,0.1999,-0.0466,0.6132,-0.4465
2026-04-26 20:30:30.278,1619,-0.0135,0.1999,-0.0465,0.6132,-0.4465
2026-04-26 20:30:30.288,1620,-0.0135,0.1999,-0.0465,0.6133,-0.4465
2026-04-26 20:30:30.298,1621,-0.0135,0.1999,-0.0465,0.6133,-0.4465
2026-04-26 20:30:30.308,1622,-0.0136,0.1999,-0.0465,0.6133,-0.4465
2026-04-26 20:30:30.318,1623,-0.0136,0.1999,-0.0465,0.6134,-0.4464
2026-04-26 20:30:30.327,1624,-0.0137,0.1999,-0.0465,0.6134,-0.4464
2026-04-26 20:30:30.337,1625,-0.0137,0.1999,-0.0465,0.6135,-0.4464
2026-04-26 20:30:30.347,1626,-0.0137,0.1999,-0.0465,0.6135,-0.4464
2026-04-26 20:30:30.357,1627,-0.0137,0.1999,-0.0465,0.6135,-0.4464
2026-04-26 20:30:30.368,1628,-0.0138,0.1999,-0.0465,0.6136,-0.4464
2026-04-26 20:30:30.377,1629,-0.0138,0.1999,-0.0465,0.6136,-0.4464
2026-04-26 20:30:30.387,1630,-0.0138,0.1999,-0.0465,0.6136,-0.4464
2026-04-26 20:30:30.396,1631,-0.0139,0.1999,-0.0464,0.6136,-0.4464
2026-04-26 20:30:30.406,1632,-0.0139,0.1999,-0.0464,0.6137,-0.4464
2026-04-26 20:30:30.418,1633,-0.0139,0.1999,-0.0464,0.6137,-0.4464
2026-04-26 20:30:30.428,1634,-0.0140,0.1999,-0.0464,0.6137,-0.4464
2026-04-26 20:30:30.438,1635,-0.0140,0.1999,-0.0464,0.6138,-0.4464
2026-04-26 20:30:30.449,1636,-0.0140,0.1999,-0.0464,0.6138,-0.4464
2026-04-26 20:30:30.457,1637,-0.0141,0.1999,-0.0464,0.6138,-0.4464
2026-04-26 20:30:30.468,1638,-0.0141,0.1999,-0.0464,0.6139,-0.4463
2026-04-26 20:30:30.477,1639,-0.0141,0.1999,-0.0464,0.6139,-0.4463
2026-04-26 20:30:30.490,1640,-0.0141,0.1999,-0.0464,0.6139,-0.4463
2026-04-26 20:30:30.502,1641,-0.0142,0.1999,-0.0464,0.6139,-0.4463
2026-04-26 20:30:30.513,1642,-0.0142,0.1999,-0.0464,0.6140,-0.4463
2026-04-26 20:30:30.525,1643,-0.0142,0.1999,-0.0464,0.6140,-0.4463
2026-04-26 20:30:30.536,1644,-0.0142,0.1999,-0.0464,0.6140,-0.4463
2026-04-26 20:30:30.549,1645,-0.0143,0.1999,-0.0464,0.6141,-0.4463
2026-04-26 20:30:30.562,1646,-0.0143,0.1999,-0.0463,0.6141,-0.4463
2026-04-26 20:30:30.573,1647,-0.0143,0.1999,-0.0463,0.6141,-0.4463
2026-04-26 20:30:30.584,1648,-0.0144,0.1999,-0.0463,0.6141,-0.4463
2026-04-26 20:30:30.594,1649,-0.0144,0.1999,-0.0463,0.6142,-0.4463
2026-04-26 20:30:30.605,1650,-0.0144,0.1999,-0.0463,0.6142,-0.4463
2026-04-26 20:30:30.617,1651,-0.0144,0.1999,-0.0463,0.6142,-0.4463
2026-04-26 20:30:30.626,1652,-0.0145,0.1999,-0.0463,0.6142,-0.4463
2026-04-26 20:30:30.637,1653,-0.0145,0.1999,-0.0463,0.6143,-0.4463
2026-04-26 20:30:30.648,1654,-0.0145,0.1999,-0.0463,0.6143,-0.4462
2026-04-26 20:30:30.659,1655,-0.0145,0.1999,-0.0463,0.6143,-0.4462
2026-04-26 20:30:30.670,1656,-0.0146,0.1999,-0.0463,0.6144,-0.4462
2026-04-26 20:30:30.680,1657,-0.0146,0.1999,-0.0463,0.6144,-0.4462
2026-04-26 20:30:30.691,1658,-0.0146,0.1999,-0.0463,0.6144,-0.4462
2026-04-26 20:30:30.701,1659,-0.0146,0.1999,-0.0463,0.6144,-0.4462
2026-04-26 20:30:30.714,1660,-0.0147,0.1999,-0.0463,0.6145,-0.4462
2026-04-26 20:30:30.725,1661,-0.0147,0.1999,-0.0463,0.6145,-0.4462
2026-04-26 20:30:30.735,1662,-0.0147,0.1999,-0.0463,0.6145,-0.4462
2026-04-26 20:30:30.747,1663,-0.0147,0.1999,-0.0462,0.6145,-0.4462
2026-04-26 20:30:30.758,1664,-0.0148,0.1999,-0.0462,0.6146,-0.4462
2026-04-26 20:30:30.770,1665,-0.0148,0.1999,-0.0462,0.6146,-0.4462
2026-04-26 20:30:30.781,1666,-0.0148,0.1999,-0.0462,0.6146,-0.4462
2026-04-26 20:30:30.791,1667,-0.0149,0.1999,-0.0462,0.6147,-0.4462
2026-04-26 20:30:30.803,1668,-0.0149,0.1999,-0.0462,0.6147,-0.4462
2026-04-26 20:30:30.816,1669,-0.0149,0.1999,-0.0462,0.6147,-0.4462
2026-04-26 20:30:30.825,1670,-0.0149,0.1999,-0.0462,0.6148,-0.4461
2026-04-26 20:30:30.836,1671,-0.0150,0.1999,-0.0462,0.6148,-0.4461
2026-04-26 20:30:30.847,1672,-0.0150,0.1999,-0.0462,0.6148,-0.4461
2026-04-26 20:30:30.859,1673,-0.0150,0.1999,-0.0462,0.6149,-0.4461
2026-04-26 20:30:30.871,1674,-0.0151,0.1999,-0.0462,0.6149,-0.4461
2026-04-26 20:30:30.881,1675,-0.0151,0.1999,-0.0462,0.6149,-0.4461
2026-04-26 20:30:30.894,1676,-0.0151,0.1999,-0.0461,0.6150,-0.4461
2026-04-26 20:30:30.904,1677,-0.0152,0.1999,-0.0461,0.6150,-0.4461
2026-04-26 20:30:30.917,1678,-0.0152,0.1999,-0.0461,0.6150,-0.4461
2026-04-26 20:30:30.929,1679,-0.0152,0.1999,-0.0461,0.6151,-0.4461
2026-04-26 20:30:30.940,1680,-0.0153,0.1999,-0.0461,0.6151,-0.4461
2026-04-26 20:30:30.954,1681,-0.0153,0.1999,-0.0461,0.6151,-0.4461
2026-04-26 20:30:30.963,1682,-0.0153,0.1999,-0.0461,0.6151,-0.4461
2026-04-26 20:30:30.976,1683,-0.0154,0.1999,-0.0461,0.6152,-0.4461
2026-04-26 20:30:30.989,1684,-0.0154,0.1999,-0.0461,0.6152,-0.4460
2026-04-26 20:30:30.999,1685,-0.0154,0.1999,-0.0461,0.6152,-0.4460
2026-04-26 20:30:31.012,1686,-0.0155,0.1999,-0.0461,0.6153,-0.4460
2026-04-26 20:30:31.022,1687,-0.0155,0.1999,-0.0461,0.6153,-0.4460
2026-04-26 20:30:31.036,1688,-0.0155,0.1999,-0.0461,0.6153,-0.4460
2026-04-26 20:30:31.048,1689,-0.0155,0.1999,-0.0461,0.6154,-0.4460
2026-04-26 20:30:31.059,1690,-0.0156,0.1999,-0.0460,0.6154,-0.4460
2026-04-26 20:30:31.073,1691,-0.0156,0.1999,-0.0460,0.6154,-0.4460
2026-04-26 20:30:31.083,1692,-0.0156,0.1999,-0.0460,0.6155,-0.4460
2026-04-26 20:30:31.097,1693,-0.0157,0.1999,-0.0460,0.6155,-0.4460
2026-04-26 20:30:31.110,1694,-0.0157,0.1999,-0.0460,0.6155,-0.4460
2026-04-26 20:30:31.120,1695,-0.0157,0.1999,-0.0460,0.6156,-0.4460
2026-04-26 20:30:31.135,1696,-0.0158,0.1999,-0.0460,0.6156,-0.4460
2026-04-26 20:30:31.144,1697,-0.0158,0.1999,-0.0460,0.6156,-0.4459
2026-04-26 20:30:31.158,1698,-0.0158,0.1999,-0.0460,0.6157,-0.4459
2026-04-26 20:30:31.172,1699,-0.0159,0.1999,-0.0460,0.6157,-0.4459
2026-04-26 20:30:31.182,1700,-0.0159,0.1999,-0.0460,0.6157,-0.4459
2026-04-26 20:30:31.196,1701,-0.0159,0.1999,-0.0460,0.6158,-0.4459
2026-04-26 20:30:31.206,1702,-0.0160,0.1999,-0.0460,0.6158,-0.4459
2026-04-26 20:30:31.220,1703,-0.0160,0.1999,-0.0459,0.6158,-0.4459
2026-04-26 20:30:31.234,1704,-0.0160,0.1999,-0.0459,0.6159,-0.4459
2026-04-26 20:30:31.244,1705,-0.0160,0.1999,-0.0459,0.6159,-0.4459
2026-04-26 20:30:31.259,1706,-0.0161,0.1999,-0.0459,0.6159,-0.4459
2026-04-26 20:30:31.273,1707,-0.0161,0.1999,-0.0459,0.6159,-0.4459
2026-04-26 20:30:31.283,1708,-0.0161,0.1999,-0.0459,0.6160,-0.4459
2026-04-26 20:30:31.298,1709,-0.0162,0.1999,-0.0459,0.6160,-0.4459
2026-04-26 20:30:31.307,1710,-0.0162,0.1999,-0.0459,0.6160,-0.4459
2026-04-26 20:30:31.320,1711,-0.0162,0.1999,-0.0459,0.6161,-0.4459
2026-04-26 20:30:31.334,1712,-0.0163,0.1999,-0.0459,0.6161,-0.4458
2026-04-26 20:30:31.345,1713,-0.0163,0.1999,-0.0459,0.6161,-0.4458
2026-04-26 20:30:31.359,1714,-0.0163,0.1999,-0.0459,0.6162,-0.4458
2026-04-26 20:30:31.368,1715,-0.0164,0.1999,-0.0459,0.6162,-0.4458
2026-04-26 20:30:31.384,1716,-0.0164,0.1999,-0.0458,0.6162,-0.4458
2026-04-26 20:30:31.398,1717,-0.0164,0.1999,-0.0458,0.6163,-0.4458
2026-04-26 20:30:31.407,1718,-0.0165,0.1999,-0.0458,0.6163,-0.4458
2026-04-26 20:30:31.422,1719,-0.0165,0.1999,-0.0458,0.6163,-0.4458
2026-04-26 20:30:31.432,1720,-0.0165,0.1999,-0.0458,0.6164,-0.4458
2026-04-26 20:30:31.445,1721,-0.0166,0.1999,-0.0458,0.6164,-0.4458
2026-04-26 20:30:31.459,1722,-0.0166,0.1999,-0.0458,0.6164,-0.4458
2026-04-26 20:30:31.468,1723,-0.0166,0.1999,-0.0458,0.6165,-0.4458
2026-04-26 20:30:31.482,1724,-0.0166,0.1999,-0.0458,0.6165,-0.4458
2026-04-26 20:30:31.492,1725,-0.0167,0.1999,-0.0458,0.6165,-0.4457
2026-04-26 20:30:31.507,1726,-0.0167,0.1999,-0.0458,0.6166,-0.4457
2026-04-26 20:30:31.521,1727,-0.0167,0.1999,-0.0458,0.6166,-0.4457
2026-04-26 20:30:31.530,1728,-0.0168,0.1999,-0.0458,0.6166,-0.4457
2026-04-26 20:30:31.543,1729,-0.0168,0.1999,-0.0458,0.6166,-0.4457
2026-04-26 20:30:31.553,1730,-0.0168,0.1999,-0.0457,0.6167,-0.4457
2026-04-26 20:30:31.567,1731,-0.0168,0.1999,-0.0457,0.6167,-0.4457
2026-04-26 20:30:31.582,1732,-0.0168,0.1999,-0.0457,0.6167,-0.4457
2026-04-26 20:30:31.591,1733,-0.0169,0.1999,-0.0457,0.6167,-0.4457
2026-04-26 20:30:31.605,1734,-0.0169,0.1999,-0.0457,0.6168,-0.4457
2026-04-26 20:30:31.615,1735,-0.0169,0.1999,-0.0457,0.6168,-0.4457
2026-04-26 20:30:31.630,1736,-0.0170,0.1999,-0.0457,0.6168,-0.4457
2026-04-26 20:30:31.646,1737,-0.0170,0.1999,-0.0457,0.6168,-0.4457
2026-04-26 20:30:31.655,1738,-0.0170,0.1999,-0.0457,0.6169,-0.4457
2026-04-26 20:30:31.670,1739,-0.0170,0.1999,-0.0457,0.6169,-0.4457
2026-04-26 20:30:31.680,1740,-0.0171,0.1999,-0.0457,0.6169,-0.4457
2026-04-26 20:30:31.696,1741,-0.0171,0.1999,-0.0457,0.6170,-0.4456
2026-04-26 20:30:31.711,1742,-0.0171,0.1999,-0.0457,0.6170,-0.4456
2026-04-26 20:30:31.721,1743,-0.0172,0.1999,-0.0457,0.6170,-0.4456
2026-04-26 20:30:31.737,1744,-0.0172,0.1999,-0.0457,0.6171,-0.4456
2026-04-26 20:30:31.753,1745,-0.0172,0.1999,-0.0456,0.6171,-0.4456
2026-04-26 20:30:31.763,1746,-0.0173,0.1999,-0.0456,0.6171,-0.4456
2026-04-26 20:30:31.778,1747,-0.0173,0.1999,-0.0456,0.6172,-0.4456
2026-04-26 20:30:31.789,1748,-0.0173,0.1999,-0.0456,0.6172,-0.4456
2026-04-26 20:30:31.805,1749,-0.0174,0.1999,-0.0456,0.6172,-0.4456
2026-04-26 20:30:31.820,1750,-0.0174,0.1999,-0.0456,0.6173,-0.4456
2026-04-26 20:30:31.830,1751,-0.0174,0.1999,-0.0456,0.6173,-0.4456
2026-04-26 20:30:31.846,1752,-0.0174,0.1999,-0.0456,0.6173,-0.4456
2026-04-26 20:30:31.855,1753,-0.0175,0.1999,-0.0456,0.6174,-0.4456
2026-04-26 20:30:31.871,1754,-0.0175,0.1999,-0.0456,0.6174,-0.4455
2026-04-26 20:30:31.886,1755,-0.0175,0.1999,-0.0456,0.6174,-0.4455
2026-04-26 20:30:31.896,1756,-0.0176,0.1999,-0.0456,0.6175,-0.4455
2026-04-26 20:30:31.912,1757,-0.0176,0.1999,-0.0456,0.6175,-0.4455
2026-04-26 20:30:31.924,1758,-0.0176,0.1999,-0.0455,0.6175,-0.4455
2026-04-26 20:30:31.940,1759,-0.0177,0.1999,-0.0455,0.6176,-0.4455
2026-04-26 20:30:31.956,1760,-0.0177,0.1999,-0.0455,0.6176,-0.4455
2026-04-26 20:30:31.965,1761,-0.0178,0.1999,-0.0455,0.6177,-0.4455
2026-04-26 20:30:31.981,1762,-0.0178,0.1999,-0.0455,0.6177,-0.4455
2026-04-26 20:30:31.991,1763,-0.0178,0.1999,-0.0455,0.6177,-0.4455
2026-04-26 20:30:32.008,1764,-0.0179,0.1999,-0.0455,0.6178,-0.4455
2026-04-26 20:30:32.024,1765,-0.0179,0.1999,-0.0455,0.6178,-0.4454
2026-04-26 20:30:32.034,1766,-0.0180,0.1999,-0.0455,0.6178,-0.4454
2026-04-26 20:30:32.050,1767,-0.0180,0.1999,-0.0455,0.6179,-0.4454
2026-04-26 20:30:32.060,1768,-0.0180,0.1999,-0.0454,0.6179,-0.4454
2026-04-26 20:30:32.079,1769,-0.0181,0.1999,-0.0454,0.6180,-0.4454
2026-04-26 20:30:32.096,1770,-0.0181,0.1999,-0.0454,0.6180,-0.4454
2026-04-26 20:30:32.105,1771,-0.0182,0.1999,-0.0454,0.6180,-0.4454
2026-04-26 20:30:32.122,1772,-0.0182,0.1999,-0.0454,0.6181,-0.4454
2026-04-26 20:30:32.132,1773,-0.0182,0.1999,-0.0454,0.6181,-0.4454
2026-04-26 20:30:32.149,1774,-0.0183,0.1999,-0.0454,0.6182,-0.4454
2026-04-26 20:30:32.166,1775,-0.0183,0.1999,-0.0454,0.6182,-0.4454
2026-04-26 20:30:32.176,1776,-0.0184,0.1999,-0.0454,0.6183,-0.4453
2026-04-26 20:30:32.194,1777,-0.0184,0.1999,-0.0454,0.6183,-0.4453
2026-04-26 20:30:32.213,1778,-0.0184,0.1999,-0.0454,0.6183,-0.4453
2026-04-26 20:30:32.225,1779,-0.0185,0.1999,-0.0453,0.6184,-0.4453
2026-04-26 20:30:32.243,1780,-0.0185,0.1999,-0.0453,0.6184,-0.4453
2026-04-26 20:30:32.253,1781,-0.0185,0.1999,-0.0453,0.6184,-0.4453
2026-04-26 20:30:32.272,1782,-0.0186,0.1999,-0.0453,0.6185,-0.4453
2026-04-26 20:30:32.290,1783,-0.0186,0.1999,-0.0453,0.6185,-0.4453
2026-04-26 20:30:32.300,1784,-0.0187,0.1999,-0.0453,0.6185,-0.4453
2026-04-26 20:30:32.319,1785,-0.0187,0.1999,-0.0453,0.6186,-0.4453
2026-04-26 20:30:32.328,1786,-0.0187,0.1999,-0.0453,0.6186,-0.4453
2026-04-26 20:30:32.346,1787,-0.0188,0.1999,-0.0453,0.6187,-0.4452
2026-04-26 20:30:32.363,1788,-0.0188,0.1999,-0.0453,0.6187,-0.4452
2026-04-26 20:30:32.373,1789,-0.0188,0.1999,-0.0453,0.6187,-0.4452
2026-04-26 20:30:32.393,1790,-0.0189,0.1999,-0.0452,0.6188,-0.4452
2026-04-26 20:30:32.402,1791,-0.0189,0.1999,-0.0452,0.6188,-0.4452
2026-04-26 20:30:32.419,1792,-0.0190,0.1999,-0.0452,0.6189,-0.4452
2026-04-26 20:30:32.437,1793,-0.0190,0.2000,-0.0452,0.6189,-0.4452
2026-04-26 20:30:32.446,1794,-0.0190,0.2000,-0.0452,0.6189,-0.4452
2026-04-26 20:30:32.463,1795,-0.0191,0.2000,-0.0452,0.6190,-0.4452
2026-04-26 20:30:32.472,1796,-0.0191,0.2000,-0.0452,0.6190,-0.4452
2026-04-26 20:30:32.489,1797,-0.0192,0.2000,-0.0452,0.6191,-0.4451
2026-04-26 20:30:32.506,1798,-0.0192,0.2000,-0.0452,0.6191,-0.4451
2026-04-26 20:30:32.516,1799,-0.0193,0.2000,-0.0451,0.6192,-0.4451
2026-04-26 20:30:32.534,1800,-0.0193,0.2000,-0.0451,0.6192,-0.4451
2026-04-26 20:30:32.545,1801,-0.0193,0.2000,-0.0451,0.6192,-0.4451
2026-04-26 20:30:32.563,1802,-0.0194,0.2000,-0.0451,0.6193,-0.4451
2026-04-26 20:30:32.581,1803,-0.0194,0.2000,-0.0451,0.6193,-0.4451
2026-04-26 20:30:32.591,1804,-0.0195,0.2000,-0.0451,0.6194,-0.4451
2026-04-26 20:30:32.608,1805,-0.0195,0.2000,-0.0451,0.6194,-0.4451
2026-04-26 20:30:32.618,1806,-0.0195,0.2000,-0.0451,0.6195,-0.4451
2026-04-26 20:30:32.635,1807,-0.0196,0.2000,-0.0451,0.6195,-0.4450
2026-04-26 20:30:32.653,1808,-0.0196,0.2000,-0.0451,0.6195,-0.4450
2026-04-26 20:30:32.662,1809,-0.0197,0.2000,-0.0450,0.6196,-0.4450
2026-04-26 20:30:32.679,1810,-0.0197,0.2000,-0.0450,0.6196,-0.4450
2026-04-26 20:30:32.691,1811,-0.0197,0.2000,-0.0450,0.6197,-0.4450
2026-04-26 20:30:32.708,1812,-0.0198,0.2000,-0.0450,0.6197,-0.4450
2026-04-26 20:30:32.724,1813,-0.0198,0.2000,-0.0450,0.6197,-0.4450
2026-04-26 20:30:32.734,1814,-0.0199,0.2000,-0.0450,0.6198,-0.4450
2026-04-26 20:30:32.750,1815,-0.0199,0.2000,-0.0450,0.6198,-0.4450
2026-04-26 20:30:32.767,1816,-0.0199,0.2000,-0.0450,0.6199,-0.4450
2026-04-26 20:30:32.776,1817,-0.0200,0.2000,-0.0450,0.6199,-0.4449
2026-04-26 20:30:32.793,1818,-0.0200,0.2000,-0.0450,0.6199,-0.4449
2026-04-26 20:30:32.802,1819,-0.0201,0.2000,-0.0450,0.6200,-0.4449
2026-04-26 20:30:32.819,1820,-0.0201,0.2000,-0.0449,0.6200,-0.4449
2026-04-26 20:30:32.837,1821,-0.0202,0.2000,-0.0449,0.6201,-0.4449
2026-04-26 20:30:32.847,1822,-0.0202,0.2000,-0.0449,0.6201,-0.4449
2026-04-26 20:30:32.864,1823,-0.0202,0.2000,-0.0449,0.6202,-0.4449
2026-04-26 20:30:32.873,1824,-0.0203,0.2000,-0.0449,0.6202,-0.4449
2026-04-26 20:30:32.890,1825,-0.0203,0.2000,-0.0449,0.6202,-0.4449
2026-04-26 20:30:32.907,1826,-0.0204,0.2000,-0.0449,0.6203,-0.4449
2026-04-26 20:30:32.917,1827,-0.0204,0.2000,-0.0449,0.6203,-0.4448
2026-04-26 20:30:32.935,1828,-0.0205,0.2000,-0.0449,0.6204,-0.4448
2026-04-26 20:30:32.944,1829,-0.0205,0.2000,-0.0448,0.6204,-0.4448
2026-04-26 20:30:32.963,1830,-0.0205,0.2000,-0.0448,0.6205,-0.4448
2026-04-26 20:30:32.982,1831,-0.0206,0.2000,-0.0448,0.6205,-0.4448
2026-04-26 20:30:32.996,1832,-0.0206,0.2000,-0.0448,0.6205,-0.4448
2026-04-26 20:30:33.016,1833,-0.0207,0.2000,-0.0448,0.6206,-0.4448
2026-04-26 20:30:33.028,1834,-0.0207,0.2000,-0.0448,0.6206,-0.4448
2026-04-26 20:30:33.048,1835,-0.0207,0.2000,-0.0448,0.6207,-0.4448
2026-04-26 20:30:33.067,1836,-0.0208,0.2000,-0.0448,0.6207,-0.4448
2026-04-26 20:30:33.076,1837,-0.0208,0.2000,-0.0448,0.6207,-0.4447
2026-04-26 20:30:33.094,1838,-0.0209,0.2000,-0.0448,0.6208,-0.4447
2026-04-26 20:30:33.104,1839,-0.0209,0.2000,-0.0447,0.6208,-0.4447
2026-04-26 20:30:33.122,1840,-0.0209,0.2000,-0.0447,0.6209,-0.4447
2026-04-26 20:30:33.141,1841,-0.0210,0.2000,-0.0447,0.6209,-0.4447
2026-04-26 20:30:33.153,1842,-0.0210,0.2000,-0.0447,0.6209,-0.4447
2026-04-26 20:30:33.171,1843,-0.0210,0.2000,-0.0447,0.6210,-0.4447
2026-04-26 20:30:33.180,1844,-0.0211,0.2000,-0.0447,0.6210,-0.4447
2026-04-26 20:30:33.199,1845,-0.0211,0.2000,-0.0447,0.6210,-0.4447
2026-04-26 20:30:33.218,1846,-0.0212,0.2000,-0.0447,0.6211,-0.4447
2026-04-26 20:30:33.227,1847,-0.0212,0.2000,-0.0447,0.6211,-0.4447
2026-04-26 20:30:33.245,1848,-0.0212,0.2000,-0.0447,0.6212,-0.4446
2026-04-26 20:30:33.263,1849,-0.0213,0.2000,-0.0447,0.6212,-0.4446
2026-04-26 20:30:33.272,1850,-0.0213,0.2000,-0.0446,0.6212,-0.4446
2026-04-26 20:30:33.291,1851,-0.0214,0.2000,-0.0446,0.6213,-0.4446
2026-04-26 20:30:33.300,1852,-0.0214,0.2000,-0.0446,0.6213,-0.4446
2026-04-26 20:30:33.321,1853,-0.0214,0.2000,-0.0446,0.6214,-0.4446
2026-04-26 20:30:33.340,1854,-0.0215,0.2000,-0.0446,0.6214,-0.4446
2026-04-26 20:30:33.349,1855,-0.0215,0.2000,-0.0446,0.6214,-0.4446
2026-04-26 20:30:33.369,1856,-0.0215,0.2000,-0.0446,0.6215,-0.4446
2026-04-26 20:30:33.377,1857,-0.0216,0.2000,-0.0446,0.6215,-0.4446
2026-04-26 20:30:33.395,1858,-0.0216,0.2000,-0.0446,0.6215,-0.4446
2026-04-26 20:30:33.413,1859,-0.0216,0.2000,-0.0446,0.6216,-0.4445
2026-04-26 20:30:33.422,1860,-0.0217,0.2000,-0.0446,0.6216,-0.4445
2026-04-26 20:30:33.439,1861,-0.0217,0.2000,-0.0445,0.6216,-0.4445
2026-04-26 20:30:33.449,1862,-0.0217,0.2000,-0.0445,0.6217,-0.4445
2026-04-26 20:30:33.471,1863,-0.0218,0.2000,-0.0445,0.6217,-0.4445
2026-04-26 20:30:33.489,1864,-0.0218,0.2000,-0.0445,0.6217,-0.4445
2026-04-26 20:30:33.498,1865,-0.0218,0.2000,-0.0445,0.6218,-0.4445
2026-04-26 20:30:33.516,1866,-0.0219,0.2000,-0.0445,0.6218,-0.4445
2026-04-26 20:30:33.526,1867,-0.0219,0.2000,-0.0445,0.6218,-0.4445
2026-04-26 20:30:33.544,1868,-0.0219,0.2000,-0.0445,0.6219,-0.4445
2026-04-26 20:30:33.562,1869,-0.0220,0.2000,-0.0445,0.6219,-0.4445
2026-04-26 20:30:33.571,1870,-0.0220,0.2000,-0.0445,0.6219,-0.4445
2026-04-26 20:30:33.590,1871,-0.0220,0.2000,-0.0445,0.6220,-0.4445
2026-04-26 20:30:33.599,1872,-0.0221,0.2000,-0.0445,0.6220,-0.4444
2026-04-26 20:30:33.618,1873,-0.0221,0.2000,-0.0445,0.6220,-0.4444
2026-04-26 20:30:33.640,1874,-0.0221,0.2000,-0.0444,0.6220,-0.4444
2026-04-26 20:30:33.650,1875,-0.0221,0.2000,-0.0444,0.6221,-0.4444
2026-04-26 20:30:33.868,1876,-0.0222,0.2000,-0.0444,0.6221,-0.4444
2026-04-26 20:30:33.877,1877,-0.0222,0.2000,-0.0444,0.6221,-0.4444
2026-04-26 20:30:33.886,1878,-0.0222,0.2000,-0.0444,0.6222,-0.4444
2026-04-26 20:30:33.895,1879,-0.0222,0.2000,-0.0444,0.6222,-0.4444
2026-04-26 20:30:33.903,1880,-0.0223,0.2000,-0.0444,0.6222,-0.4444
2026-04-26 20:30:33.912,1881,-0.0223,0.2000,-0.0444,0.6222,-0.4444
2026-04-26 20:30:33.920,1882,-0.0223,0.2000,-0.0444,0.6223,-0.4444
2026-04-26 20:30:33.930,1883,-0.0224,0.2000,-0.0444,0.6223,-0.4444
2026-04-26 20:30:33.939,1884,-0.0224,0.2000,-0.0444,0.6223,-0.4444
2026-04-26 20:30:33.949,1885,-0.0224,0.2000,-0.0444,0.6224,-0.4444
2026-04-26 20:30:33.958,1886,-0.0224,0.2000,-0.0444,0.6224,-0.4443
2026-04-26 20:30:33.968,1887,-0.0225,0.2000,-0.0444,0.6224,-0.4443
2026-04-26 20:30:33.976,1888,-0.0225,0.2000,-0.0444,0.6224,-0.4443
2026-04-26 20:30:33.985,1889,-0.0225,0.2000,-0.0443,0.6225,-0.4443
2026-04-26 20:30:33.994,1890,-0.0225,0.2000,-0.0443,0.6225,-0.4443
2026-04-26 20:30:34.003,1891,-0.0226,0.2000,-0.0443,0.6225,-0.4443
2026-04-26 20:30:34.014,1892,-0.0226,0.2000,-0.0443,0.6225,-0.4443
2026-04-26 20:30:34.024,1893,-0.0226,0.2000,-0.0443,0.6225,-0.4443
2026-04-26 20:30:34.034,1894,-0.0226,0.2000,-0.0443,0.6226,-0.4443
2026-04-26 20:30:34.043,1895,-0.0226,0.2000,-0.0443,0.6226,-0.4443
2026-04-26 20:30:34.053,1896,-0.0227,0.2000,-0.0443,0.6226,-0.4443
2026-04-26 20:30:34.062,1897,-0.0227,0.2000,-0.0443,0.6226,-0.4443
2026-04-26 20:30:34.070,1898,-0.0227,0.2000,-0.0443,0.6226,-0.4443
2026-04-26 20:30:34.081,1899,-0.0227,0.2000,-0.0443,0.6227,-0.4443
2026-04-26 20:30:34.090,1900,-0.0227,0.2000,-0.0443,0.6227,-0.4443
2026-04-26 20:30:34.099,1901,-0.0228,0.2000,-0.0443,0.6227,-0.4443
2026-04-26 20:30:34.109,1902,-0.0228,0.2000,-0.0443,0.6227,-0.4443
2026-04-26 20:30:34.118,1903,-0.0228,0.2000,-0.0443,0.6227,-0.4443
2026-04-26 20:30:34.127,1904,-0.0228,0.2000,-0.0443,0.6228,-0.4443
2026-04-26 20:30:34.136,1905,-0.0228,0.2000,-0.0443,0.6228,-0.4443
2026-04-26 20:30:34.146,1906,-0.0228,0.2000,-0.0443,0.6228,-0.4443
2026-04-26 20:30:34.157,1907,-0.0229,0.2000,-0.0443,0.6228,-0.4442
2026-04-26 20:30:34.165,1908,-0.0229,0.2000,-0.0443,0.6228,-0.4442
2026-04-26 20:30:34.176,1909,-0.0229,0.2000,-0.0443,0.6228,-0.4442
2026-04-26 20:30:34.184,1910,-0.0229,0.2000,-0.0442,0.6229,-0.4442
2026-04-26 20:30:34.195,1911,-0.0229,0.2000,-0.0442,0.6229,-0.4442
2026-04-26 20:30:34.206,1912,-0.0230,0.2000,-0.0442,0.6229,-0.4442
2026-04-26 20:30:34.214,1913,-0.0230,0.2000,-0.0442,0.6229,-0.4442
2026-04-26 20:30:34.225,1914,-0.0230,0.2000,-0.0442,0.6230,-0.4442
2026-04-26 20:30:34.235,1915,-0.0230,0.2000,-0.0442,0.6230,-0.4442
2026-04-26 20:30:34.245,1916,-0.0230,0.2000,-0.0442,0.6230,-0.4442
2026-04-26 20:30:34.256,1917,-0.0231,0.2000,-0.0442,0.6230,-0.4442
2026-04-26 20:30:34.266,1918,-0.0231,0.2000,-0.0442,0.6230,-0.4442
2026-04-26 20:30:34.279,1919,-0.0231,0.2000,-0.0442,0.6230,-0.4442
2026-04-26 20:30:34.291,1920,-0.0231,0.2000,-0.0442,0.6231,-0.4442
2026-04-26 20:30:34.301,1921,-0.0231,0.2000,-0.0442,0.6231,-0.4442
2026-04-26 20:30:34.312,1922,-0.0232,0.2000,-0.0442,0.6231,-0.4442
2026-04-26 20:30:34.321,1923,-0.0232,0.2000,-0.0442,0.6231,-0.4442
2026-04-26 20:30:34.332,1924,-0.0232,0.2000,-0.0442,0.6231,-0.4442
2026-04-26 20:30:34.342,1925,-0.0232,0.2000,-0.0442,0.6231,-0.4442
2026-04-26 20:30:34.351,1926,-0.0232,0.2000,-0.0442,0.6232,-0.4442
2026-04-26 20:30:34.362,1927,-0.0232,0.2000,-0.0442,0.6232,-0.4442
2026-04-26 20:30:34.371,1928,-0.0232,0.2000,-0.0442,0.6232,-0.4442
2026-04-26 20:30:34.382,1929,-0.0232,0.2000,-0.0442,0.6232,-0.4442
2026-04-26 20:30:34.392,1930,-0.0233,0.2000,-0.0442,0.6232,-0.4442
2026-04-26 20:30:34.401,1931,-0.0233,0.2000,-0.0442,0.6232,-0.4442
2026-04-26 20:30:34.412,1932,-0.0233,0.2000,-0.0442,0.6232,-0.4441
2026-04-26 20:30:34.421,1933,-0.0233,0.2000,-0.0442,0.6232,-0.4441
2026-04-26 20:30:34.431,1934,-0.0233,0.2000,-0.0442,0.6233,-0.4441
2026-04-26 20:30:34.443,1935,-0.0233,0.2000,-0.0442,0.6233,-0.4441
2026-04-26 20:30:34.452,1936,-0.0233,0.2000,-0.0441,0.6233,-0.4441
2026-04-26 20:30:34.462,1937,-0.0233,0.2000,-0.0441,0.6233,-0.4441
2026-04-26 20:30:34.470,1938,-0.0234,0.2000,-0.0441,0.6233,-0.4441
2026-04-26 20:30:34.481,1939,-0.0234,0.2000,-0.0441,0.6233,-0.4441
2026-04-26 20:30:34.491,1940,-0.0234,0.2000,-0.0441,0.6233,-0.4441
2026-04-26 20:30:34.500,1941,-0.0234,0.2000,-0.0441,0.6234,-0.4441
2026-04-26 20:30:34.510,1942,-0.0234,0.2000,-0.0441,0.6234,-0.4441
2026-04-26 20:30:34.519,1943,-0.0234,0.2000,-0.0441,0.6234,-0.4441
2026-04-26 20:30:34.529,1944,-0.0235,0.2000,-0.0441,0.6234,-0.4441
2026-04-26 20:30:34.540,1945,-0.0235,0.2000,-0.0441,0.6234,-0.4441
2026-04-26 20:30:34.548,1946,-0.0235,0.2000,-0.0441,0.6234,-0.4441
2026-04-26 20:30:34.560,1947,-0.0235,0.2000,-0.0441,0.6235,-0.4441
2026-04-26 20:30:34.568,1948,-0.0235,0.2000,-0.0441,0.6235,-0.4441
2026-04-26 20:30:34.579,1949,-0.0235,0.2000,-0.0441,0.6235,-0.4441
2026-04-26 20:30:34.590,1950,-0.0236,0.2000,-0.0441,0.6235,-0.4441
2026-04-26 20:30:34.599,1951,-0.0236,0.2000,-0.0441,0.6235,-0.4441
2026-04-26 20:30:34.609,1952,-0.0236,0.2000,-0.0441,0.6235,-0.4441
2026-04-26 20:30:34.621,1953,-0.0236,0.2000,-0.0441,0.6236,-0.4441
2026-04-26 20:30:34.630,1954,-0.0236,0.2000,-0.0441,0.6236,-0.4441
2026-04-26 20:30:34.641,1955,-0.0236,0.2000,-0.0441,0.6236,-0.4441
2026-04-26 20:30:34.650,1956,-0.0236,0.2000,-0.0441,0.6236,-0.4441
2026-04-26 20:30:34.663,1957,-0.0237,0.2000,-0.0441,0.6236,-0.4441
2026-04-26 20:30:34.674,1958,-0.0237,0.2000,-0.0441,0.6236,-0.4441
2026-04-26 20:30:34.683,1959,-0.0237,0.2000,-0.0441,0.6236,-0.4441
2026-04-26 20:30:34.696,1960,-0.0237,0.2000,-0.0441,0.6237,-0.4440
2026-04-26 20:30:34.705,1961,-0.0237,0.2000,-0.0441,0.6237,-0.4440
2026-04-26 20:30:34.717,1962,-0.0237,0.2000,-0.0441,0.6237,-0.4440
2026-04-26 20:30:34.730,1963,-0.0237,0.2000,-0.0441,0.6237,-0.4440
2026-04-26 20:30:34.739,1964,-0.0237,0.2000,-0.0441,0.6237,-0.4440
2026-04-26 20:30:34.752,1965,-0.0237,0.2000,-0.0440,0.6237,-0.4440
2026-04-26 20:30:34.761,1966,-0.0237,0.2000,-0.0440,0.6237,-0.4440
2026-04-26 20:30:34.773,1967,-0.0238,0.2000,-0.0440,0.6237,-0.4440
2026-04-26 20:30:34.786,1968,-0.0238,0.2000,-0.0440,0.6237,-0.4440
2026-04-26 20:30:34.795,1969,-0.0238,0.2000,-0.0440,0.6237,-0.4440
2026-04-26 20:30:34.808,1970,-0.0238,0.2000,-0.0440,0.6238,-0.4440
2026-04-26 20:30:34.818,1971,-0.0238,0.2000,-0.0440,0.6238,-0.4440
2026-04-26 20:30:34.829,1972,-0.0238,0.2000,-0.0440,0.6238,-0.4440
2026-04-26 20:30:34.843,1973,-0.0238,0.2000,-0.0440,0.6238,-0.4440
2026-04-26 20:30:34.852,1974,-0.0238,0.2000,-0.0440,0.6238,-0.4440
2026-04-26 20:30:34.864,1975,-0.0238,0.2000,-0.0440,0.6238,-0.4440
2026-04-26 20:30:34.873,1976,-0.0239,0.2000,-0.0440,0.6238,-0.4440
2026-04-26 20:30:34.886,1977,-0.0239,0.2000,-0.0440,0.6238,-0.4440
2026-04-26 20:30:34.901,1978,-0.0239,0.2000,-0.0440,0.6238,-0.4440
2026-04-26 20:30:34.909,1979,-0.0239,0.2000,-0.0440,0.6239,-0.4440
2026-04-26 20:30:34.922,1980,-0.0239,0.2000,-0.0440,0.6239,-0.4440
2026-04-26 20:30:34.935,1981,-0.0239,0.2000,-0.0440,0.6239,-0.4440
2026-04-26 20:30:34.944,1982,-0.0239,0.2000,-0.0440,0.6239,-0.4440
2026-04-26 20:30:34.958,1983,-0.0240,0.2000,-0.0440,0.6239,-0.4440
2026-04-26 20:30:34.967,1984,-0.0240,0.2000,-0.0440,0.6239,-0.4440
2026-04-26 20:30:34.980,1985,-0.0240,0.2000,-0.0440,0.6239,-0.4440
2026-04-26 20:30:34.993,1986,-0.0240,0.2000,-0.0440,0.6240,-0.4440
2026-04-26 20:30:35.003,1987,-0.0240,0.2000,-0.0440,0.6240,-0.4440
2026-04-26 20:30:35.017,1988,-0.0240,0.2000,-0.0440,0.6240,-0.4440
2026-04-26 20:30:35.028,1989,-0.0240,0.2000,-0.0440,0.6240,-0.4440
2026-04-26 20:30:35.041,1990,-0.0241,0.2000,-0.0440,0.6240,-0.4440
2026-04-26 20:30:35.055,1991,-0.0241,0.2000,-0.0440,0.6241,-0.4440
2026-04-26 20:30:35.065,1992,-0.0241,0.2000,-0.0440,0.6241,-0.4439
2026-04-26 20:30:35.079,1993,-0.0241,0.2000,-0.0440,0.6241,-0.4439
2026-04-26 20:30:35.089,1994,-0.0242,0.2000,-0.0439,0.6241,-0.4439
2026-04-26 20:30:35.102,1995,-0.0242,0.2000,-0.0439,0.6241,-0.4439
2026-04-26 20:30:35.116,1996,-0.0242,0.2000,-0.0439,0.6242,-0.4439
2026-04-26 20:30:35.125,1997,-0.0242,0.2000,-0.0439,0.6242,-0.4439
2026-04-26 20:30:35.139,1998,-0.0243,0.2000,-0.0439,0.6242,-0.4439
2026-04-26 20:30:35.149,1999,-0.0243,0.2000,-0.0439,0.6243,-0.4439
2026-04-26 20:30:35.163,2000,-0.0243,0.2000,-0.0439,0.6243,-0.4439
