timestamp,episode,carol_help_alice_regret,carol_decline_alice_regret,carol_reciprocate_alice_regret
2026-04-29 04:56:13.252,1,0.5000,-2.4200,1.4000
2026-04-29 04:56:13.290,2,-0.0000,-5.1200,2.3600
2026-04-29 04:56:13.319,3,0.6000,-6.4834,4.5148
2026-04-29 04:56:13.347,4,1.1909,-8.5295,5.9781
2026-04-29 04:56:13.360,5,2.6024,-10.2718,8.1803
2026-04-29 04:56:13.374,6,2.6712,-12.9382,9.6297
2026-04-29 04:56:13.401,7,3.1739,-15.2519,11.9753
2026-04-29 04:56:13.436,8,2.9604,-18.3719,12.4953
2026-04-29 04:56:13.461,9,2.4412,-21.7205,13.2291
2026-04-29 04:56:13.483,10,2.5673,-23.8389,14.5729
2026-04-29 04:56:13.506,11,3.4513,-25.4468,16.6106
2026-04-29 04:56:13.527,12,5.6756,-26.2372,20.0306
2026-04-29 04:56:13.541,13,6.6212,-28.3442,21.2798
2026-04-29 04:56:13.563,14,5.4417,-32.4636,21.5038
2026-04-29 04:56:13.585,15,6.6848,-34.1336,23.2996
2026-04-29 04:56:13.598,16,7.3294,-36.5966,23.6819
2026-04-29 04:56:13.612,17,8.4475,-38.7584,24.7840
2026-04-29 04:56:13.619,18,9.1053,-41.3165,26.1229
2026-04-29 04:56:13.626,19,9.9472,-43.1507,28.0224
2026-04-29 04:56:13.632,20,10.7129,-45.4754,28.7241
2026-04-29 04:56:13.640,21,11.5308,-47.8811,29.0395
2026-04-29 04:56:13.647,22,11.9626,-50.1865,30.7949
2026-04-29 04:56:13.653,23,13.7400,-51.4926,33.1732
2026-04-29 04:56:13.658,24,15.0033,-53.9427,35.5417
2026-04-29 04:56:13.671,25,16.3954,-56.5510,36.9188
2026-04-29 04:56:13.689,26,18.3379,-58.1226,39.1657
2026-04-29 04:56:13.696,27,18.7673,-60.6357,39.9936
2026-04-29 04:56:13.704,28,19.0173,-62.8958,41.4399
2026-04-29 04:56:13.709,29,19.9743,-65.5500,42.5743
2026-04-29 04:56:13.721,30,20.2232,-68.2194,43.3421
2026-04-29 04:56:13.726,31,21.9764,-70.2726,45.1885
2026-04-29 04:56:13.731,32,23.2549,-72.5498,47.2752
2026-04-29 04:56:13.737,33,24.7193,-74.2369,48.9635
2026-04-29 04:56:13.741,34,25.3932,-76.4247,49.9758
2026-04-29 04:56:13.746,35,26.3946,-78.9008,51.0567
2026-04-29 04:56:13.751,36,26.9549,-81.0725,52.2041
2026-04-29 04:56:13.756,37,27.9241,-82.9184,54.0949
2026-04-29 04:56:13.761,38,29.1642,-84.4703,55.9932
2026-04-29 04:56:13.766,39,30.2844,-86.3291,57.6870
2026-04-29 04:56:13.770,40,31.3074,-87.5495,59.6303
2026-04-29 04:56:13.778,41,32.0317,-90.1754,60.6161
2026-04-29 04:56:13.792,42,32.7530,-93.0104,61.6083
2026-04-29 04:56:13.803,43,34.4085,-94.3225,63.7215
2026-04-29 04:56:13.811,44,35.9494,-95.7373,65.6324
2026-04-29 04:56:13.816,45,36.4098,-98.0403,66.8362
2026-04-29 04:56:13.821,46,37.3908,-99.4328,68.5536
2026-04-29 04:56:13.826,47,38.6383,-100.9089,70.4602
2026-04-29 04:56:13.830,48,39.8751,-103.0846,72.5344
2026-04-29 04:56:13.834,49,40.5133,-105.3720,74.0366
2026-04-29 04:56:13.838,50,40.6517,-108.2624,74.4808
2026-04-29 04:56:13.842,51,41.8988,-110.3571,76.4813
2026-04-29 04:56:13.850,52,42.7382,-112.9597,77.7786
2026-04-29 04:56:13.860,53,42.9953,-115.4551,78.9287
2026-04-29 04:56:13.868,54,43.9607,-117.3423,80.8249
2026-04-29 04:56:13.875,55,45.0254,-118.9304,82.4662
2026-04-29 04:56:13.882,56,45.7697,-121.7909,83.1647
2026-04-29 04:56:13.893,57,45.8418,-125.2564,83.4348
2026-04-29 04:56:13.897,58,47.1501,-127.1275,84.9999
2026-04-29 04:56:13.901,59,46.7318,-130.0771,85.9404
2026-04-29 04:56:13.905,60,47.3470,-131.9414,87.4523
2026-04-29 04:56:13.911,61,48.5228,-133.7965,89.2111
2026-04-29 04:56:13.918,62,50.2258,-135.3582,91.5273
2026-04-29 04:56:13.925,63,51.4091,-137.4230,93.7418
2026-04-29 04:56:13.933,64,52.3050,-139.8967,94.9936
2026-04-29 04:56:13.939,65,54.0079,-141.1856,97.2335
2026-04-29 04:56:13.945,66,55.5786,-142.6582,99.7983
2026-04-29 04:56:13.951,67,56.4382,-144.1319,101.3958
2026-04-29 04:56:13.958,68,58.2165,-145.5015,103.0759
2026-04-29 04:56:13.964,69,59.1014,-147.7763,104.7583
2026-04-29 04:56:13.970,70,60.1643,-150.4456,105.8849
2026-04-29 04:56:13.978,71,61.3386,-151.4117,107.9146
2026-04-29 04:56:13.987,72,62.2150,-153.8689,108.7409
2026-04-29 04:56:13.994,73,64.2552,-155.5306,110.6591
2026-04-29 04:56:14.002,74,65.4717,-157.0787,111.8312
2026-04-29 04:56:14.010,75,66.3574,-159.7031,112.7965
2026-04-29 04:56:14.017,76,68.2534,-162.2616,114.1508
2026-04-29 04:56:14.025,77,69.8772,-163.7232,116.6741
2026-04-29 04:56:14.032,78,70.8765,-165.7828,118.2977
2026-04-29 04:56:14.039,79,72.4288,-167.5518,120.4859
2026-04-29 04:56:14.046,80,74.3896,-168.7400,123.3065
2026-04-29 04:56:14.054,81,76.0956,-170.4234,125.7042
2026-04-29 04:56:14.061,82,77.3970,-172.6114,127.8391
2026-04-29 04:56:14.068,83,77.2137,-176.3021,128.6124
2026-04-29 04:56:14.074,84,78.1283,-178.8951,129.9692
2026-04-29 04:56:14.082,85,78.9717,-180.9900,131.7956
2026-04-29 04:56:14.096,86,81.2543,-181.9942,135.2083
2026-04-29 04:56:14.108,87,82.7620,-183.4977,137.3531
2026-04-29 04:56:14.114,88,83.2222,-186.0014,138.4021
2026-04-29 04:56:14.120,89,84.9200,-187.7008,140.8550
2026-04-29 04:56:14.125,90,86.3506,-190.0059,141.8807
2026-04-29 04:56:14.129,91,87.9297,-190.9082,143.7749
2026-04-29 04:56:14.132,92,89.9694,-192.5081,146.6692
2026-04-29 04:56:14.138,93,90.1590,-195.5138,147.2678
2026-04-29 04:56:14.142,94,90.8886,-198.9232,148.6000
2026-04-29 04:56:14.146,95,91.9794,-200.4315,150.9602
2026-04-29 04:56:14.151,96,92.9783,-202.3452,152.5987
2026-04-29 04:56:14.158,97,95.6182,-202.7488,155.7445
2026-04-29 04:56:14.165,98,97.0385,-204.2624,157.5681
2026-04-29 04:56:14.172,99,97.7142,-206.5733,158.7028
2026-04-29 04:56:14.180,100,99.0211,-208.4774,160.2952
2026-04-29 04:56:14.187,101,99.3849,-211.5816,160.6566
2026-04-29 04:56:14.195,102,100.1955,-214.3861,161.7469
2026-04-29 04:56:14.200,103,101.8368,-215.4883,164.1063
2026-04-29 04:56:14.206,104,102.5762,-217.7907,165.6554
2026-04-29 04:56:14.213,105,103.2080,-219.7890,166.8062
2026-04-29 04:56:14.220,106,105.1513,-220.9888,169.6641
2026-04-29 04:56:14.227,107,108.2909,-221.6906,173.5966
2026-04-29 04:56:14.234,108,109.9857,-223.3994,176.0327
2026-04-29 04:56:14.241,109,111.7929,-224.6076,178.1665
2026-04-29 04:56:14.248,110,112.0002,-227.7195,178.6889
2026-04-29 04:56:14.253,111,113.5207,-230.1249,180.5627
2026-04-29 04:56:14.259,112,114.7423,-231.8406,182.2911
2026-04-29 04:56:14.263,113,116.9632,-233.0494,184.8235
2026-04-29 04:56:14.267,114,118.6998,-234.8616,187.1874
2026-04-29 04:56:14.271,115,120.0371,-236.2740,189.5570
2026-04-29 04:56:14.275,116,121.5524,-237.3824,192.1052
2026-04-29 04:56:14.278,117,122.0935,-239.9991,193.4966
2026-04-29 04:56:14.282,118,122.2039,-242.9166,194.1572
2026-04-29 04:56:14.289,119,123.7317,-245.1277,195.9935
2026-04-29 04:56:14.298,120,125.2096,-246.5396,198.2175
2026-04-29 04:56:14.306,121,127.0148,-247.3469,200.7676
2026-04-29 04:56:14.313,122,129.6930,-249.5629,203.3867
2026-04-29 04:56:14.328,123,130.9215,-251.1811,205.4915
2026-04-29 04:56:14.336,124,131.3934,-255.0139,205.8686
2026-04-29 04:56:14.343,125,132.9176,-255.6244,208.2972
2026-04-29 04:56:14.350,126,133.9590,-257.5387,209.3332
2026-04-29 04:56:14.357,127,135.7438,-259.1526,211.6750
2026-04-29 04:56:14.364,128,138.0639,-260.6672,214.6175
2026-04-29 04:56:14.372,129,139.7651,-261.8828,216.9341
2026-04-29 04:56:14.379,130,139.2481,-264.9131,218.0686
2026-04-29 04:56:14.385,131,140.2550,-266.2262,219.9543
2026-04-29 04:56:14.391,132,140.8857,-268.6405,221.6195
2026-04-29 04:56:14.399,133,140.8755,-271.5584,222.4637
2026-04-29 04:56:14.407,134,140.9928,-274.3702,223.5153
2026-04-29 04:56:14.414,135,141.3259,-276.9729,224.6718
2026-04-29 04:56:14.420,136,142.6307,-277.9734,226.5813
2026-04-29 04:56:14.424,137,143.6302,-280.1708,228.2144
2026-04-29 04:56:14.430,138,144.4485,-282.6678,229.6743
2026-04-29 04:56:14.437,139,145.7667,-284.5671,232.2136
2026-04-29 04:56:14.443,140,145.9696,-287.2661,233.1809
2026-04-29 04:56:14.447,141,147.5016,-288.4625,235.7061
2026-04-29 04:56:14.450,142,149.4881,-289.8601,238.2112
2026-04-29 04:56:14.455,143,150.8876,-291.5567,240.1345
2026-04-29 04:56:14.460,144,152.6221,-293.0544,241.9801
2026-04-29 04:56:14.463,145,153.0804,-295.5449,243.0782
2026-04-29 04:56:14.467,146,154.0014,-296.9362,245.1020
2026-04-29 04:56:14.471,147,156.3014,-298.0273,248.5095
2026-04-29 04:56:14.475,148,157.6951,-299.8210,250.9608
2026-04-29 04:56:14.479,149,159.1997,-301.6202,253.2348
2026-04-29 04:56:14.482,150,161.2843,-304.1214,255.3424
2026-04-29 04:56:14.485,151,162.4965,-305.2232,257.3742
2026-04-29 04:56:14.488,152,163.4931,-306.5208,259.3029
2026-04-29 04:56:14.492,153,164.4631,-309.4141,260.2308
2026-04-29 04:56:14.496,154,166.3676,-310.8124,262.3155
2026-04-29 04:56:14.500,155,168.1504,-313.2077,263.9210
2026-04-29 04:56:14.504,156,169.0183,-316.5068,264.6249
2026-04-29 04:56:14.508,157,171.2865,-317.9068,267.6738
2026-04-29 04:56:14.512,158,172.8126,-319.0086,270.2824
2026-04-29 04:56:14.516,159,173.7713,-321.1086,271.9758
2026-04-29 04:56:14.519,160,176.3094,-321.5099,275.3637
2026-04-29 04:56:14.523,161,176.8800,-323.5080,277.0372
2026-04-29 04:56:14.527,162,177.6490,-325.7024,278.1523
2026-04-29 04:56:14.530,163,178.7688,-327.2969,280.4902
2026-04-29 04:56:14.533,164,180.7993,-327.8935,283.2086
2026-04-29 04:56:14.536,165,182.2423,-328.7872,285.3444
2026-04-29 04:56:14.539,166,183.3594,-331.5733,286.4820
2026-04-29 04:56:14.543,167,185.3686,-333.3593,288.5988
2026-04-29 04:56:14.546,168,186.1021,-336.7475,289.9796
2026-04-29 04:56:14.549,169,188.4776,-337.8442,292.8078
2026-04-29 04:56:14.552,170,190.0124,-338.9379,295.4363
2026-04-29 04:56:14.556,171,192.1677,-340.7300,298.2882
2026-04-29 04:56:14.562,172,194.0231,-342.6245,300.1754
2026-04-29 04:56:14.569,173,195.7560,-343.6241,302.5196
2026-04-29 04:56:14.576,174,198.4243,-344.5243,305.8581
2026-04-29 04:56:14.582,175,200.3550,-346.0252,308.4792
2026-04-29 04:56:14.589,176,202.0285,-347.6309,311.0805
2026-04-29 04:56:14.595,177,203.3385,-349.7352,312.8039
2026-04-29 04:56:14.602,178,205.6067,-350.6383,315.7478
2026-04-29 04:56:14.608,179,205.9003,-353.8435,316.2931
2026-04-29 04:56:14.614,180,206.6192,-356.7450,316.6557
2026-04-29 04:56:14.620,181,208.3889,-358.0452,318.9787
2026-04-29 04:56:14.625,182,209.6163,-359.4425,320.7002
2026-04-29 04:56:14.630,183,210.6228,-361.5377,322.4413
2026-04-29 04:56:14.636,184,211.7736,-364.8332,323.7050
2026-04-29 04:56:14.642,185,213.0102,-366.6296,325.0309
2026-04-29 04:56:14.648,186,214.7510,-369.2253,327.2746
2026-04-29 04:56:14.658,187,217.6363,-369.8264,330.8016
2026-04-29 04:56:14.662,188,218.9755,-372.3295,332.1262
2026-04-29 04:56:14.667,189,220.2706,-374.3318,333.8916
2026-04-29 04:56:14.672,190,220.9700,-376.7345,334.6919
2026-04-29 04:56:14.677,191,221.6681,-379.1342,335.5316
2026-04-29 04:56:14.682,192,223.0154,-380.4336,338.0490
2026-04-29 04:56:14.686,193,224.7584,-382.1342,340.5669
2026-04-29 04:56:14.691,194,226.2250,-383.3328,342.3862
2026-04-29 04:56:14.695,195,228.1933,-384.8325,345.0044
2026-04-29 04:56:14.700,196,229.7140,-386.6315,346.9032
2026-04-29 04:56:14.705,197,229.9857,-389.3260,347.8825
2026-04-29 04:56:14.709,198,231.1575,-391.3210,349.8251
2026-04-29 04:56:14.714,199,232.1030,-393.0155,351.5533
2026-04-29 04:56:14.718,200,233.0938,-394.4084,353.6016
2026-04-29 04:56:14.722,201,234.2171,-397.0955,354.8354
2026-04-29 04:56:14.729,202,235.9158,-399.4836,356.6516
2026-04-29 04:56:14.735,203,238.4175,-400.0790,359.7862
2026-04-29 04:56:14.741,204,241.4197,-400.8768,363.1990
2026-04-29 04:56:14.747,205,242.9456,-402.2697,365.5117
2026-04-29 04:56:14.751,206,244.6473,-403.7643,367.5620
2026-04-29 04:56:14.758,207,245.8000,-406.1543,368.2091
2026-04-29 04:56:14.761,208,247.3853,-407.6457,370.4351
2026-04-29 04:56:14.765,209,248.1167,-409.9322,371.6633
2026-04-29 04:56:14.767,210,248.1786,-413.2117,372.1513
2026-04-29 04:56:14.770,211,248.7104,-415.4895,373.2197
2026-04-29 04:56:14.775,212,250.8954,-416.9757,376.0848
2026-04-29 04:56:14.779,213,254.0297,-417.8715,379.8248
2026-04-29 04:56:14.784,214,255.1652,-419.6657,381.2868
2026-04-29 04:56:14.789,215,257.0498,-421.3586,383.6295
2026-04-29 04:56:14.793,216,257.6286,-424.1471,384.2485
2026-04-29 04:56:14.798,217,258.1152,-426.3334,385.3478
2026-04-29 04:56:14.800,218,259.9232,-427.7263,388.1826
2026-04-29 04:56:14.803,219,260.6301,-429.7142,389.3770
2026-04-29 04:56:14.806,220,263.2343,-430.9106,391.9694
2026-04-29 04:56:14.809,221,264.3212,-432.9998,393.1048
2026-04-29 04:56:14.812,222,265.5101,-434.9877,395.0405
2026-04-29 04:56:14.815,223,266.9923,-437.5703,396.7362
2026-04-29 04:56:14.818,224,268.2819,-438.7576,398.3909
2026-04-29 04:56:14.822,225,269.2947,-440.6456,400.5442
2026-04-29 04:56:14.827,226,270.2018,-443.1297,402.0577
2026-04-29 04:56:14.831,227,270.7820,-445.9102,402.6707
2026-04-29 04:56:14.835,228,274.0248,-446.6058,406.6848
2026-04-29 04:56:14.840,229,276.4101,-447.2010,409.9784
2026-04-29 04:56:14.844,230,278.1957,-448.9913,411.5121
2026-04-29 04:56:14.849,231,280.6399,-450.0883,414.3222
2026-04-29 04:56:14.856,232,282.6295,-450.6833,417.2117
2026-04-29 04:56:14.863,233,284.7458,-452.1767,419.6431
2026-04-29 04:56:14.868,234,287.3038,-452.9699,423.2315
2026-04-29 04:56:14.874,235,288.7391,-454.5639,425.2033
2026-04-29 04:56:14.879,236,290.6733,-455.9601,427.8548
2026-04-29 04:56:14.885,237,293.5083,-457.0578,431.0654
2026-04-29 04:56:14.890,238,295.7439,-458.1549,433.7189
2026-04-29 04:56:14.897,239,297.3796,-459.2534,435.7278
2026-04-29 04:56:14.902,240,299.5366,-460.0485,438.9155
2026-04-29 04:56:14.907,241,302.3188,-461.0463,442.2032
2026-04-29 04:56:14.913,242,304.9236,-461.4454,445.5909
2026-04-29 04:56:14.918,243,306.9038,-463.3438,447.8008
2026-04-29 04:56:14.924,244,309.7398,-464.4429,451.0122
2026-04-29 04:56:14.930,245,312.3485,-465.3432,454.5252
2026-04-29 04:56:14.936,246,313.0283,-468.3453,455.0191
2026-04-29 04:56:14.941,247,315.0917,-470.1474,457.1308
2026-04-29 04:56:14.947,248,318.5120,-471.4508,461.0432
2026-04-29 04:56:14.953,249,320.6783,-472.6577,463.8360
2026-04-29 04:56:14.959,250,322.4720,-474.9702,465.4915
2026-04-29 04:56:14.964,251,324.4719,-477.2786,467.3018
2026-04-29 04:56:14.971,252,326.7025,-477.6829,470.2927
2026-04-29 04:56:14.976,253,329.9038,-478.6896,473.9836
2026-04-29 04:56:14.981,254,332.5323,-479.0948,477.3745
2026-04-29 04:56:14.991,255,336.4902,-479.9011,481.3839
2026-04-29 04:56:14.997,256,338.4340,-481.3198,484.0718
2026-04-29 04:56:15.000,257,340.3330,-482.5350,486.2803
2026-04-29 04:56:15.004,258,341.8893,-483.9494,488.5290
2026-04-29 04:56:15.010,259,343.4873,-484.9596,490.6150
2026-04-29 04:56:15.015,260,346.7417,-485.1622,494.5009
2026-04-29 04:56:15.021,261,348.6381,-486.4776,497.2292
2026-04-29 04:56:15.025,262,349.8303,-487.9902,499.0371
2026-04-29 04:56:15.031,263,350.7968,-490.2066,500.8696
2026-04-29 04:56:15.036,264,354.2156,-490.6125,505.0606
2026-04-29 04:56:15.042,265,356.2789,-492.0293,507.5708
2026-04-29 04:56:15.047,266,357.9944,-492.6395,509.8792
2026-04-29 04:56:15.054,267,359.8350,-493.7518,512.1260
2026-04-29 04:56:15.059,268,359.8209,-496.7712,513.0964
2026-04-29 04:56:15.065,269,361.5849,-498.7813,514.6856
2026-04-29 04:56:15.070,270,363.3755,-499.7936,517.0152
2026-04-29 04:56:15.077,271,365.5362,-500.6041,520.1986
2026-04-29 04:56:15.082,272,368.4485,-502.1161,523.4244
2026-04-29 04:56:15.088,273,370.2316,-503.1326,525.7492
2026-04-29 04:56:15.092,274,372.2132,-504.2470,528.7490
2026-04-29 04:56:15.096,275,375.3437,-504.6540,532.3489
2026-04-29 04:56:15.100,276,377.3242,-505.6643,534.8248
2026-04-29 04:56:15.104,277,379.6022,-506.4786,537.8207
2026-04-29 04:56:15.106,278,381.7530,-508.5988,540.3165
2026-04-29 04:56:15.111,279,383.6316,-510.8249,542.7602
2026-04-29 04:56:15.117,280,384.9844,-512.5478,544.8603
2026-04-29 04:56:15.123,281,387.0874,-513.5615,547.1593
2026-04-29 04:56:15.129,282,389.1958,-515.4793,549.1791
2026-04-29 04:56:15.134,283,390.9536,-517.6024,551.2761
2026-04-29 04:56:15.140,284,391.6952,-519.9246,552.4427
2026-04-29 04:56:15.145,285,393.8579,-522.0479,554.9445
2026-04-29 04:56:15.151,286,395.4467,-524.0715,557.2710
2026-04-29 04:56:15.154,287,396.6907,-525.7912,559.5233
2026-04-29 04:56:15.158,288,399.3617,-526.8010,562.9565
2026-04-29 04:56:15.161,289,401.0489,-528.0316,565.0117
2026-04-29 04:56:15.165,290,402.4078,-529.7561,567.1201
2026-04-29 04:56:15.170,291,404.8732,-530.6710,569.8714
2026-04-29 04:56:15.175,292,406.8054,-532.0962,572.5557
2026-04-29 04:56:15.180,293,409.0421,-533.6176,574.8051
2026-04-29 04:56:15.184,294,411.5533,-534.7390,578.0281
2026-04-29 04:56:15.186,295,414.0888,-536.0683,580.7945
2026-04-29 04:56:15.189,296,416.9964,-536.6876,584.2902
2026-04-29 04:56:15.192,297,419.4549,-537.6072,587.0288
2026-04-29 04:56:15.196,298,421.4599,-538.4334,589.4398
2026-04-29 04:56:15.200,299,423.2634,-539.3520,592.1271
2026-04-29 04:56:15.202,300,425.1417,-540.9767,593.9147
2026-04-29 04:56:15.206,301,426.7954,-543.3134,595.7246
2026-04-29 04:56:15.211,302,428.6771,-544.6455,598.4342
2026-04-29 04:56:15.216,303,430.5054,-546.6848,600.4172
2026-04-29 04:56:15.220,304,432.4854,-547.7043,602.8742
2026-04-29 04:56:15.224,305,434.1415,-549.1366,604.9551
2026-04-29 04:56:15.228,306,435.9218,-550.5678,606.8558
2026-04-29 04:56:15.235,307,437.4003,-551.8997,609.1552
2026-04-29 04:56:15.242,308,439.9049,-553.3176,611.4276
2026-04-29 04:56:15.247,309,441.4869,-555.7489,613.3266
2026-04-29 04:56:15.253,310,443.4980,-556.5744,615.7245
2026-04-29 04:56:15.257,311,446.2805,-558.1015,619.0945
2026-04-29 04:56:15.261,312,448.4388,-559.7297,621.4409
2026-04-29 04:56:15.264,313,450.7235,-560.5574,624.4121
2026-04-29 04:56:15.268,314,452.2585,-562.3853,626.2325
2026-04-29 04:56:15.272,315,454.2438,-563.4059,628.6774
2026-04-29 04:56:15.275,316,455.6814,-565.0395,630.6226
2026-04-29 04:56:15.279,317,457.1175,-566.1647,632.4420
2026-04-29 04:56:15.282,318,458.1790,-568.1894,634.4876
2026-04-29 04:56:15.285,319,459.8898,-569.2073,636.3591
2026-04-29 04:56:15.288,320,462.5002,-570.1249,639.8310
2026-04-29 04:56:15.292,321,463.4558,-572.3593,641.6294
2026-04-29 04:56:15.295,322,465.6644,-573.6767,644.3052
2026-04-29 04:56:15.299,323,468.2713,-574.0883,647.6574
2026-04-29 04:56:15.302,324,470.8273,-575.7123,650.4095
2026-04-29 04:56:15.305,325,473.7887,-575.9185,653.6842
2026-04-29 04:56:15.308,326,475.7211,-577.7492,655.9338
2026-04-29 04:56:15.313,327,477.9331,-579.0677,658.6094
2026-04-29 04:56:15.317,328,478.9646,-580.3046,660.5837
2026-04-29 04:56:15.322,329,481.1705,-581.7296,663.7837
2026-04-29 04:56:15.326,330,483.3255,-583.3555,666.1362
2026-04-29 04:56:15.331,331,485.3046,-584.4817,669.1134
2026-04-29 04:56:15.335,332,487.4564,-586.1083,671.4676
2026-04-29 04:56:15.341,333,488.4327,-588.5621,672.8460
2026-04-29 04:56:15.345,334,489.5617,-591.7034,673.6238
2026-04-29 04:56:15.350,335,490.5768,-594.9446,675.0790
2026-04-29 04:56:15.354,336,493.8227,-595.5517,678.5395
2026-04-29 04:56:15.358,337,494.4585,-598.2104,679.9720
2026-04-29 04:56:15.363,338,496.5034,-599.4319,682.8816
2026-04-29 04:56:15.367,339,497.3140,-602.5914,683.6933
2026-04-29 04:56:15.372,340,498.9792,-604.4283,685.3794
2026-04-29 04:56:15.376,341,501.2745,-606.1668,688.0888
2026-04-29 04:56:15.380,342,502.2973,-607.9973,689.7004
2026-04-29 04:56:15.382,343,502.4926,-610.5554,690.7819
2026-04-29 04:56:15.385,344,504.2410,-611.8920,692.7384
2026-04-29 04:56:15.390,345,506.8601,-612.8132,696.2230
2026-04-29 04:56:15.395,346,507.9497,-614.5492,697.7316
2026-04-29 04:56:15.401,347,509.6585,-616.9930,699.4917
2026-04-29 04:56:15.406,348,512.2807,-618.3153,702.5767
2026-04-29 04:56:15.410,349,513.6469,-619.5452,704.5385
2026-04-29 04:56:15.415,350,515.6428,-620.5665,707.0004
2026-04-29 04:56:15.419,351,517.2380,-622.0943,709.1876
2026-04-29 04:56:15.423,352,519.1789,-624.3289,711.0511
2026-04-29 04:56:15.428,353,521.4061,-625.6504,713.7386
2026-04-29 04:56:15.432,354,523.9335,-626.2719,716.8253
2026-04-29 04:56:15.436,355,527.1888,-626.8794,720.2881
2026-04-29 04:56:15.441,356,529.3174,-627.9006,722.5730
2026-04-29 04:56:15.445,357,530.6899,-629.1278,724.5334
2026-04-29 04:56:15.448,358,532.4602,-630.3536,726.8938
2026-04-29 04:56:15.450,359,535.0864,-630.7666,730.2543
2026-04-29 04:56:15.453,360,537.2107,-632.4002,733.1861
2026-04-29 04:56:15.456,361,538.8798,-634.7415,734.9943
2026-04-29 04:56:15.459,362,541.7325,-635.9630,738.7045
2026-04-29 04:56:15.462,363,543.1282,-638.4161,740.4621
2026-04-29 04:56:15.466,364,547.1806,-638.6244,745.1247
2026-04-29 04:56:15.470,365,549.0601,-639.1326,747.6120
2026-04-29 04:56:15.473,366,550.7844,-640.6633,749.6233
2026-04-29 04:56:15.477,367,554.4385,-641.7791,753.6112
2026-04-29 04:56:15.480,368,555.9799,-644.0206,755.0763
2026-04-29 04:56:15.485,369,558.4412,-645.6455,757.9902
2026-04-29 04:56:15.491,370,560.8451,-647.0713,760.4587
2026-04-29 04:56:15.497,371,563.3401,-647.4881,763.0713
2026-04-29 04:56:15.502,372,565.1770,-648.8125,765.3589
2026-04-29 04:56:15.507,373,566.9542,-650.9534,767.4477
2026-04-29 04:56:15.514,374,569.4231,-651.1614,770.5148
2026-04-29 04:56:15.519,375,571.5043,-653.0010,772.6044
2026-04-29 04:56:15.525,376,574.3763,-654.1173,775.7928
2026-04-29 04:56:15.531,377,577.0890,-655.3502,778.7818
2026-04-29 04:56:15.537,378,577.9621,-657.9925,780.3429
2026-04-29 04:56:15.542,379,579.9744,-658.6172,783.2133
2026-04-29 04:56:15.548,380,582.2157,-659.0332,786.1838
2026-04-29 04:56:15.554,381,583.7235,-660.3730,788.5008
2026-04-29 04:56:15.559,382,585.8604,-661.9044,790.9177
2026-04-29 04:56:15.564,383,587.9268,-662.6201,793.7104
2026-04-29 04:56:15.568,384,590.6349,-664.2515,796.3019
2026-04-29 04:56:15.573,385,592.2452,-665.2750,798.3703
2026-04-29 04:56:15.577,386,593.7555,-667.0133,800.2856
2026-04-29 04:56:15.582,387,595.7652,-669.0521,803.0018
2026-04-29 04:56:15.586,388,597.1458,-671.5916,804.2967
2026-04-29 04:56:15.591,389,600.0211,-672.3073,807.8927
2026-04-29 04:56:15.595,390,601.6352,-674.2393,809.6897
2026-04-29 04:56:15.599,391,602.4524,-676.6780,810.8107
2026-04-29 04:56:15.604,392,604.7045,-678.4004,813.1123
2026-04-29 04:56:15.608,393,605.3624,-680.5537,814.4367
2026-04-29 04:56:15.612,394,607.6143,-681.8766,817.1386
2026-04-29 04:56:15.617,395,609.5336,-682.7061,819.7408
2026-04-29 04:56:15.621,396,612.1843,-683.5206,822.7196
2026-04-29 04:56:15.625,397,613.9712,-685.2581,825.2211
2026-04-29 04:56:15.630,398,616.4225,-686.8881,827.2426
2026-04-29 04:56:15.634,399,618.1129,-688.7261,828.9402
2026-04-29 04:56:15.640,400,619.7999,-689.9481,831.4608
2026-04-29 04:56:15.645,401,622.1880,-691.2706,833.9823
2026-04-29 04:56:15.651,402,623.8118,-692.7995,836.1809
2026-04-29 04:56:15.657,403,625.1063,-694.6348,837.4800
2026-04-29 04:56:15.661,404,627.5293,-695.2551,839.8214
2026-04-29 04:56:15.667,405,629.5555,-696.2749,842.2901
2026-04-29 04:56:15.674,406,631.7131,-697.4009,845.1052
2026-04-29 04:56:15.679,407,633.7037,-698.6414,847.7176
2026-04-29 04:56:15.684,408,635.2623,-700.4753,849.5812
2026-04-29 04:56:15.689,409,637.1843,-702.2097,851.8918
2026-04-29 04:56:15.695,410,638.5765,-703.8370,853.4547
2026-04-29 04:56:15.700,411,639.1665,-705.6768,855.2672
2026-04-29 04:56:15.705,412,641.7179,-706.8030,858.4790
2026-04-29 04:56:15.709,413,645.0678,-707.4234,862.3672
2026-04-29 04:56:15.714,414,646.9154,-707.8373,864.9303
2026-04-29 04:56:15.718,415,648.1022,-710.2767,865.5409
2026-04-29 04:56:15.723,416,650.2903,-711.5027,868.2998
2026-04-29 04:56:15.727,417,652.2118,-713.6360,870.2066
2026-04-29 04:56:15.732,418,653.9023,-715.4697,871.8873
2026-04-29 04:56:15.736,419,655.3619,-717.9098,873.0667
2026-04-29 04:56:15.740,420,657.6223,-719.2296,875.7462
2026-04-29 04:56:15.745,421,661.7143,-719.4366,880.4017
2026-04-29 04:56:15.749,422,666.4377,-719.4366,885.5572
2026-04-29 04:56:15.753,423,668.1952,-720.5679,887.9612
2026-04-29 04:56:15.758,424,670.8511,-720.9831,891.3160
2026-04-29 04:56:15.762,425,673.0063,-722.1137,894.1191
2026-04-29 04:56:15.765,426,674.7593,-724.1527,896.2486
2026-04-29 04:56:15.770,427,675.5811,-726.1908,897.7534
2026-04-29 04:56:15.775,428,677.2034,-728.7376,900.1862
2026-04-29 04:56:15.780,429,679.9215,-729.2454,903.4729
2026-04-29 04:56:15.785,430,681.2144,-732.3923,904.0845
2026-04-29 04:56:15.790,431,684.0437,-733.4157,907.3480
2026-04-29 04:56:15.794,432,684.5736,-736.0797,908.9601
2026-04-29 04:56:15.799,433,687.0663,-737.1206,912.2479
2026-04-29 04:56:15.803,434,689.7896,-738.3545,915.2345
2026-04-29 04:56:15.808,435,690.4847,-741.1237,916.6214
2026-04-29 04:56:15.812,436,692.0437,-742.5671,918.8850
2026-04-29 04:56:15.817,437,694.8639,-743.1934,922.5487
2026-04-29 04:56:15.821,438,696.6149,-744.7282,924.5605
2026-04-29 04:56:15.826,439,698.4657,-746.1631,927.3722
2026-04-29 04:56:15.830,440,700.9467,-747.3895,930.6868
2026-04-29 04:56:15.835,441,702.9647,-748.4159,933.1556
2026-04-29 04:56:15.839,442,704.8760,-749.4334,935.7716
2026-04-29 04:56:15.844,443,706.2939,-750.8762,937.2869
2026-04-29 04:56:15.848,444,707.6439,-752.4093,938.9018
2026-04-29 04:56:15.853,445,710.1257,-754.0335,941.8170
2026-04-29 04:56:15.857,446,711.9782,-754.8497,943.9868
2026-04-29 04:56:15.862,447,716.2304,-755.6666,948.5567
2026-04-29 04:56:15.867,448,716.9879,-757.6181,950.1507
2026-04-29 04:56:15.871,449,719.3710,-758.0346,952.9441
2026-04-29 04:56:15.876,450,722.1529,-758.9597,956.2590
2026-04-29 04:56:15.880,451,725.6025,-760.2851,960.1518
2026-04-29 04:56:15.885,452,727.7541,-761.3120,962.4442
2026-04-29 04:56:15.890,453,729.8054,-762.1467,964.8582
2026-04-29 04:56:15.896,454,730.7323,-765.5070,965.5458
2026-04-29 04:56:15.902,455,732.8226,-767.4601,968.1577
2026-04-29 04:56:15.908,456,734.8440,-769.1059,971.2700
2026-04-29 04:56:15.913,457,736.8665,-771.0438,973.4613
2026-04-29 04:56:15.919,458,738.7567,-772.9094,975.3969
2026-04-29 04:56:15.925,459,740.4489,-774.7569,977.0823
2026-04-29 04:56:15.931,460,742.3359,-775.8951,979.3131
2026-04-29 04:56:15.936,461,744.9272,-777.1333,982.4713
2026-04-29 04:56:15.942,462,747.4810,-778.1618,985.1536
2026-04-29 04:56:15.947,463,749.4391,-779.2100,988.2098
2026-04-29 04:56:15.953,464,751.8575,-779.8388,991.4661
2026-04-29 04:56:15.959,465,754.6384,-781.1683,994.3711
2026-04-29 04:56:15.965,466,758.0893,-781.9883,998.1268
2026-04-29 04:56:15.971,467,759.3086,-784.0393,1000.0319
2026-04-29 04:56:15.976,468,762.1919,-785.1595,1003.2148
2026-04-29 04:56:15.982,469,765.0145,-786.5901,1006.0747
2026-04-29 04:56:15.988,470,766.4043,-787.4314,1008.4346
2026-04-29 04:56:15.993,471,769.2872,-787.6414,1011.8946
2026-04-29 04:56:15.999,472,772.7408,-788.8617,1015.2545
2026-04-29 04:56:16.005,473,774.9312,-790.1035,1018.0144
2026-04-29 04:56:16.010,474,777.0837,-790.7347,1020.6967
2026-04-29 04:56:16.016,475,779.5347,-791.5763,1023.5010
2026-04-29 04:56:16.021,476,781.5523,-792.2070,1026.3550
2026-04-29 04:56:16.027,477,783.4691,-793.9590,1028.6577
2026-04-29 04:56:16.032,478,784.1245,-796.5308,1029.5600
2026-04-29 04:56:16.041,479,786.0042,-797.6712,1031.7860
2026-04-29 04:56:16.046,480,786.4212,-800.2311,1033.0125
2026-04-29 04:56:16.051,481,788.4372,-801.3710,1035.9917
2026-04-29 04:56:16.055,482,790.4823,-802.2104,1038.3944
2026-04-29 04:56:16.059,483,793.5876,-802.7202,1042.0724
2026-04-29 04:56:16.062,484,794.5303,-804.3695,1043.8004
2026-04-29 04:56:16.068,485,796.6121,-805.8187,1046.2783
2026-04-29 04:56:16.074,486,798.7946,-807.9688,1048.7563
2026-04-29 04:56:16.080,487,800.1774,-809.7194,1050.8351
2026-04-29 04:56:16.085,488,801.6890,-811.5799,1053.2636
2026-04-29 04:56:16.091,489,802.7015,-813.9404,1054.0926
2026-04-29 04:56:16.097,490,804.0438,-815.0798,1056.0958
2026-04-29 04:56:16.103,491,806.4157,-816.9189,1058.7235
2026-04-29 04:56:16.108,492,808.6584,-817.8487,1061.8029
2026-04-29 04:56:16.115,493,810.2702,-819.8989,1064.1080
2026-04-29 04:56:16.120,494,811.9521,-822.2591,1065.9134
2026-04-29 04:56:16.126,495,813.2349,-824.1091,1067.1931
2026-04-29 04:56:16.134,496,814.1182,-826.0684,1068.5970
2026-04-29 04:56:16.140,497,815.6314,-827.8174,1070.5006
2026-04-29 04:56:16.142,498,816.9058,-829.0463,1072.6055
2026-04-29 04:56:16.147,499,817.0283,-832.9215,1072.6115
2026-04-29 04:56:16.156,500,819.6780,-834.1404,1075.1709
2026-04-29 04:56:16.160,501,821.6983,-835.6775,1077.7551
2026-04-29 04:56:16.166,502,823.4503,-837.2149,1079.7628
2026-04-29 04:56:16.172,503,825.7006,-837.6334,1082.7230
2026-04-29 04:56:16.177,504,827.4884,-838.8694,1085.0831
2026-04-29 04:56:16.182,505,829.8746,-840.5245,1087.6902
2026-04-29 04:56:16.187,506,832.1925,-842.6721,1089.9952
2026-04-29 04:56:16.191,507,834.1482,-843.7202,1093.0511
2026-04-29 04:56:16.196,508,836.3336,-844.9585,1095.8070
2026-04-29 04:56:16.200,509,837.1180,-846.7257,1097.3362
2026-04-29 04:56:16.205,510,840.3937,-847.3351,1100.7896
2026-04-29 04:56:16.209,511,842.8104,-848.7638,1103.2431
2026-04-29 04:56:16.214,512,844.9972,-850.4030,1105.5965
2026-04-29 04:56:16.218,513,846.3835,-852.6616,1107.8008
2026-04-29 04:56:16.223,514,849.4324,-853.9910,1111.2822
2026-04-29 04:56:16.227,515,851.1584,-856.4521,1113.0396
2026-04-29 04:56:16.232,516,853.4098,-857.7830,1115.7220
2026-04-29 04:56:16.236,517,854.4673,-859.9556,1117.4294
2026-04-29 04:56:16.241,518,856.5495,-860.6760,1120.2127
2026-04-29 04:56:16.245,519,858.7998,-862.0065,1122.8967
2026-04-29 04:56:16.249,520,861.4495,-862.9369,1126.3826
2026-04-29 04:56:16.254,521,863.6368,-864.5785,1128.7447
2026-04-29 04:56:16.258,522,864.9620,-866.6405,1130.5068
2026-04-29 04:56:16.263,523,868.2438,-867.3612,1134.4939
2026-04-29 04:56:16.267,524,869.0691,-870.5467,1135.3044
2026-04-29 04:56:16.271,525,872.4216,-871.1793,1139.1896
2026-04-29 04:56:16.276,526,875.7053,-872.3016,1142.7745
2026-04-29 04:56:16.280,527,877.7265,-873.8464,1145.3613
2026-04-29 04:56:16.285,528,880.9105,-874.7810,1149.0721
2026-04-29 04:56:16.289,529,882.8298,-876.1396,1151.7829
2026-04-29 04:56:16.293,530,886.0501,-877.5750,1155.0454
2026-04-29 04:56:16.298,531,887.6080,-879.8342,1156.5079
2026-04-29 04:56:16.302,532,888.9635,-881.8935,1158.2416
2026-04-29 04:56:16.306,533,891.2866,-882.7410,1161.2280
2026-04-29 04:56:16.311,534,894.3392,-883.1645,1164.9894
2026-04-29 04:56:16.315,535,897.4224,-883.8009,1168.2969
2026-04-29 04:56:16.319,536,898.7418,-885.0732,1169.9244
2026-04-29 04:56:16.324,537,901.5587,-885.7091,1173.5767
2026-04-29 04:56:16.328,538,903.1754,-887.7694,1175.8803
2026-04-29 04:56:16.333,539,905.2536,-888.8937,1178.2604
2026-04-29 04:56:16.337,540,907.6711,-890.4418,1181.2413
2026-04-29 04:56:16.341,541,909.5197,-891.3780,1183.9231
2026-04-29 04:56:16.346,542,912.3361,-892.8144,1186.7818
2026-04-29 04:56:16.350,543,914.7532,-893.4512,1190.0405
2026-04-29 04:56:16.356,544,917.1722,-894.8878,1192.4993
2026-04-29 04:56:16.363,545,918.7908,-895.9244,1194.5580
2026-04-29 04:56:16.368,546,921.4028,-896.6482,1197.5639
2026-04-29 04:56:16.374,547,922.5596,-899.0199,1199.1464
2026-04-29 04:56:16.380,548,924.0798,-901.1795,1200.6539
2026-04-29 04:56:16.385,549,927.1318,-902.1151,1204.5381
2026-04-29 04:56:16.390,550,927.4891,-905.1123,1205.9719
2026-04-29 04:56:16.394,551,929.4453,-906.5733,1208.6359
2026-04-29 04:56:16.399,552,930.8321,-907.8220,1210.5999
2026-04-29 04:56:16.403,553,933.4794,-908.2459,1213.9639
2026-04-29 04:56:16.408,554,935.7270,-909.9821,1216.2522
2026-04-29 04:56:16.412,555,937.7076,-911.3179,1218.3651
2026-04-29 04:56:16.417,556,940.5894,-912.0420,1221.9537
2026-04-29 04:56:16.420,557,942.5453,-913.5021,1224.6196
2026-04-29 04:56:16.425,558,944.6306,-914.9626,1227.1081
2026-04-29 04:56:16.429,559,945.0473,-917.5350,1228.3441
2026-04-29 04:56:16.434,560,947.5259,-918.2591,1231.5361
2026-04-29 04:56:16.438,561,950.7055,-919.5953,1234.8523
2026-04-29 04:56:16.442,562,953.7545,-920.4199,1238.2209
2026-04-29 04:56:16.446,563,955.5052,-922.8818,1239.9589
2026-04-29 04:56:16.449,564,957.2585,-925.3442,1241.6972
2026-04-29 04:56:16.452,565,958.0809,-927.4059,1243.2137
2026-04-29 04:56:16.455,566,960.6371,-928.8428,1245.5086
2026-04-29 04:56:16.460,567,962.0589,-930.0791,1247.4478
2026-04-29 04:56:16.465,568,964.7836,-930.9277,1250.8406
2026-04-29 04:56:16.470,569,968.0071,-931.9651,1254.5103
2026-04-29 04:56:16.474,570,969.2298,-933.1146,1256.7032
2026-04-29 04:56:16.479,571,970.5839,-935.1757,1258.4429
2026-04-29 04:56:16.483,572,973.0384,-936.9369,1260.9818
2026-04-29 04:56:16.489,573,974.9257,-938.4866,1262.8203
2026-04-29 04:56:16.495,574,975.6856,-940.4600,1264.4107
2026-04-29 04:56:16.502,575,978.9718,-940.6723,1268.2788
2026-04-29 04:56:16.507,576,980.3626,-942.4332,1270.3708
2026-04-29 04:56:16.513,577,982.7852,-943.8699,1272.8402
2026-04-29 04:56:16.518,578,985.5086,-945.5191,1275.4317
2026-04-29 04:56:16.524,579,987.3656,-946.9683,1278.2468
2026-04-29 04:56:16.530,580,989.0212,-947.8179,1280.2601
2026-04-29 04:56:16.535,581,991.1126,-950.1920,1282.4725
2026-04-29 04:56:16.541,582,993.4369,-951.5551,1285.5845
2026-04-29 04:56:16.545,583,995.7598,-952.8058,1288.1734
2026-04-29 04:56:16.550,584,996.8826,-954.9687,1289.2838
2026-04-29 04:56:16.554,585,998.9719,-956.0934,1291.6713
2026-04-29 04:56:16.559,586,1000.2000,-957.9799,1293.5594
2026-04-29 04:56:16.562,587,1001.6547,-958.9168,1295.8464
2026-04-29 04:56:16.566,588,1003.7472,-961.1773,1297.5337
2026-04-29 04:56:16.569,589,1006.9375,-962.0020,1300.7196
2026-04-29 04:56:16.572,590,1008.2980,-964.4633,1302.0530
2026-04-29 04:56:16.575,591,1009.8250,-965.9997,1304.3866
2026-04-29 04:56:16.580,592,1011.9191,-967.2358,1307.2997
2026-04-29 04:56:16.584,593,1015.2806,-968.2724,1310.7889
2026-04-29 04:56:16.589,594,1016.2759,-969.6339,1312.8787
2026-04-29 04:56:16.594,595,1018.0703,-970.8824,1315.2454
2026-04-29 04:56:16.599,596,1018.5354,-974.6920,1315.7359
2026-04-29 04:56:16.603,597,1022.5287,-975.1168,1320.1261
2026-04-29 04:56:16.608,598,1024.7231,-975.9668,1323.2923
2026-04-29 04:56:16.612,599,1026.6488,-978.2424,1325.7288
2026-04-29 04:56:16.617,600,1028.2387,-979.6931,1327.9658
2026-04-29 04:56:16.621,601,1028.8964,-982.0564,1329.3041
2026-04-29 04:56:16.626,602,1029.2607,-984.7692,1330.1981
2026-04-29 04:56:16.630,603,1032.6164,-985.4072,1334.0905
2026-04-29 04:56:16.634,604,1033.3402,-988.0831,1334.9279
2026-04-29 04:56:16.639,605,1034.3335,-990.7591,1336.3434
2026-04-29 04:56:16.643,606,1036.1274,-992.0093,1338.7141
2026-04-29 04:56:16.648,607,1039.2174,-992.6474,1342.0295
2026-04-29 04:56:16.653,608,1039.9433,-994.9228,1343.2669
2026-04-29 04:56:16.657,609,1042.1381,-997.4856,1345.3585
2026-04-29 04:56:16.662,610,1045.1342,-999.1372,1348.5276
2026-04-29 04:56:16.666,611,1046.9299,-999.9888,1351.2968
2026-04-29 04:56:16.670,612,1049.5241,-1001.2411,1354.4660
2026-04-29 04:56:16.675,613,1051.1476,-1003.4202,1356.3739
2026-04-29 04:56:16.681,614,1055.0057,-1003.8467,1360.9416
2026-04-29 04:56:16.687,615,1057.9998,-1005.5012,1364.1092
2026-04-29 04:56:16.692,616,1061.2270,-1007.0569,1367.9007
2026-04-29 04:56:16.698,617,1062.7505,-1008.5993,1370.2405
2026-04-29 04:56:16.704,618,1064.3763,-1009.7553,1372.8362
2026-04-29 04:56:16.709,619,1066.5331,-1011.8261,1375.3781
2026-04-29 04:56:16.715,620,1068.8590,-1013.0826,1377.9739
2026-04-29 04:56:16.721,621,1070.5858,-1015.6824,1379.3359
2026-04-29 04:56:16.727,622,1071.6827,-1017.9829,1381.0045
2026-04-29 04:56:16.733,623,1073.9420,-1019.3259,1383.6971
2026-04-29 04:56:16.739,624,1075.1682,-1020.4830,1385.8907
2026-04-29 04:56:16.744,625,1077.3608,-1021.7396,1388.6615
2026-04-29 04:56:16.751,626,1079.2850,-1022.5963,1391.2550
2026-04-29 04:56:16.755,627,1081.7717,-1023.3245,1394.4477
2026-04-29 04:56:16.760,628,1083.6310,-1025.4089,1396.4407
2026-04-29 04:56:16.765,629,1085.4232,-1027.0653,1398.4095
2026-04-29 04:56:16.770,630,1087.3847,-1029.3358,1400.2782
2026-04-29 04:56:16.774,631,1088.3793,-1031.5062,1401.5701
2026-04-29 04:56:16.778,632,1090.2734,-1033.0621,1403.4086
2026-04-29 04:56:16.782,633,1093.1370,-1034.7176,1405.8212
2026-04-29 04:56:16.787,634,1095.6332,-1035.4454,1409.0097
2026-04-29 04:56:16.792,635,1095.8298,-1038.2434,1410.1472
2026-04-29 04:56:16.796,636,1097.6270,-1039.4989,1412.5162
2026-04-29 04:56:16.798,637,1100.8556,-1040.5406,1416.1852
2026-04-29 04:56:16.801,638,1103.5178,-1041.8828,1419.2779
2026-04-29 04:56:16.804,639,1104.8136,-1043.4680,1421.4944
2026-04-29 04:56:16.808,640,1108.2390,-1043.6823,1425.1863
2026-04-29 04:56:16.815,641,1110.2988,-1044.5391,1427.5995
2026-04-29 04:56:16.819,642,1112.1902,-1045.6953,1429.8344
2026-04-29 04:56:16.824,643,1116.3134,-1046.1236,1434.0432
2026-04-29 04:56:16.830,644,1118.1708,-1046.5523,1436.6028
2026-04-29 04:56:16.836,645,1119.4642,-1048.5367,1438.4096
2026-04-29 04:56:16.842,646,1121.1536,-1050.6928,1440.6428
2026-04-29 04:56:16.848,647,1123.0126,-1052.0351,1442.9298
2026-04-29 04:56:16.855,648,1126.2385,-1052.6775,1446.9934
2026-04-29 04:56:16.861,649,1128.8323,-1054.3349,1449.7570
2026-04-29 04:56:16.866,650,1132.0223,-1054.7637,1453.3430
2026-04-29 04:56:16.870,651,1133.0830,-1056.4503,1454.9279
2026-04-29 04:56:16.875,652,1134.8725,-1058.2220,1456.4829
2026-04-29 04:56:16.880,653,1136.9616,-1059.4647,1459.3893
2026-04-29 04:56:16.884,654,1138.8183,-1061.3219,1461.7977
2026-04-29 04:56:16.889,655,1139.8753,-1062.7786,1463.8070
2026-04-29 04:56:16.893,656,1142.3637,-1062.9926,1466.8705
2026-04-29 04:56:16.898,657,1143.4861,-1064.8762,1468.9051
2026-04-29 04:56:16.901,658,1147.4731,-1065.7043,1472.8920
2026-04-29 04:56:16.905,659,1150.1289,-1067.4473,1475.5783
2026-04-29 04:56:16.912,660,1150.6578,-1070.4472,1476.2661
2026-04-29 04:56:16.917,661,1152.9178,-1072.1899,1478.5553
2026-04-29 04:56:16.922,662,1154.7138,-1074.4757,1481.1696
2026-04-29 04:56:16.927,663,1157.2741,-1075.1194,1484.2603
2026-04-29 04:56:16.932,664,1159.2005,-1076.4918,1486.9733
2026-04-29 04:56:16.937,665,1159.9621,-1078.8786,1488.1636
2026-04-29 04:56:16.942,666,1161.3561,-1080.6507,1490.2539
2026-04-29 04:56:16.947,667,1163.1494,-1082.3078,1492.2220
2026-04-29 04:56:16.953,668,1164.5438,-1084.4790,1493.9142
2026-04-29 04:56:16.959,669,1166.7041,-1085.6360,1496.7293
2026-04-29 04:56:16.964,670,1168.9283,-1085.8501,1499.2206
2026-04-29 04:56:16.970,671,1170.4549,-1087.1055,1501.0110
2026-04-29 04:56:16.976,672,1172.7137,-1087.5329,1503.9766
2026-04-29 04:56:16.981,673,1174.0438,-1090.4148,1504.9423
2026-04-29 04:56:16.987,674,1176.8722,-1091.0560,1508.6079
2026-04-29 04:56:16.992,675,1180.5972,-1091.4837,1512.4201
2026-04-29 04:56:16.998,676,1182.8250,-1092.9532,1514.7294
2026-04-29 04:56:17.003,677,1183.9500,-1095.0090,1516.7867
2026-04-29 04:56:17.008,678,1184.8438,-1096.5923,1518.5969
2026-04-29 04:56:17.014,679,1186.7013,-1098.0476,1521.4087
2026-04-29 04:56:17.019,680,1189.1222,-1098.6887,1523.7435
2026-04-29 04:56:17.023,681,1192.0784,-1099.3299,1527.2282
2026-04-29 04:56:17.028,682,1194.2341,-1100.8856,1529.6353
2026-04-29 04:56:17.033,683,1197.0601,-1102.7271,1532.0943
2026-04-29 04:56:17.037,684,1198.4565,-1105.2967,1533.3776
2026-04-29 04:56:17.042,685,1200.2538,-1106.9523,1535.3376
2026-04-29 04:56:17.047,686,1202.5173,-1107.7799,1537.8976
2026-04-29 04:56:17.051,687,1204.3476,-1108.8481,1540.2049
2026-04-29 04:56:17.054,688,1206.7759,-1109.4891,1543.4619
2026-04-29 04:56:17.057,689,1209.0017,-1110.2162,1546.0675
2026-04-29 04:56:17.060,690,1211.1970,-1111.4702,1548.8241
2026-04-29 04:56:17.063,691,1213.7573,-1112.5109,1551.5042
2026-04-29 04:56:17.066,692,1216.0189,-1113.8518,1554.1844
2026-04-29 04:56:17.069,693,1217.5825,-1115.3194,1556.4406
2026-04-29 04:56:17.073,694,1220.2429,-1116.1464,1559.3967
2026-04-29 04:56:17.077,695,1222.4718,-1117.6138,1561.6999
2026-04-29 04:56:17.083,696,1224.6673,-1118.8681,1564.4530
2026-04-29 04:56:17.088,697,1226.6943,-1120.0223,1567.4310
2026-04-29 04:56:17.092,698,1228.3853,-1121.6631,1569.5357
2026-04-29 04:56:17.095,699,1231.0459,-1122.8900,1572.0920
2026-04-29 04:56:17.099,700,1233.7071,-1123.3169,1575.4484
2026-04-29 04:56:17.103,701,1235.5679,-1124.6572,1577.7300
2026-04-29 04:56:17.109,702,1237.8295,-1126.3973,1580.0122
2026-04-29 04:56:17.115,703,1241.4268,-1127.2240,1583.5946
2026-04-29 04:56:17.121,704,1243.1919,-1128.2644,1585.4758
2026-04-29 04:56:17.127,705,1243.8911,-1130.5573,1586.7312
2026-04-29 04:56:17.133,706,1246.3885,-1131.2836,1589.9120
2026-04-29 04:56:17.138,707,1249.7517,-1131.9233,1593.7920
2026-04-29 04:56:17.144,708,1251.3475,-1133.3770,1596.0204
2026-04-29 04:56:17.150,709,1253.1755,-1134.1035,1598.2243
2026-04-29 04:56:17.154,710,1254.8055,-1136.0560,1600.0043
2026-04-29 04:56:17.159,711,1256.2029,-1137.8209,1602.0858
2026-04-29 04:56:17.164,712,1259.8988,-1138.0339,1606.3431
2026-04-29 04:56:17.169,713,1261.1955,-1140.0128,1608.1482
2026-04-29 04:56:17.173,714,1262.9571,-1141.1649,1610.5537
2026-04-29 04:56:17.178,715,1265.2508,-1142.3171,1613.1819
2026-04-29 04:56:17.183,716,1266.2473,-1144.9956,1614.5870
2026-04-29 04:56:17.188,717,1269.1419,-1145.2085,1618.0436
2026-04-29 04:56:17.193,718,1271.3026,-1145.8475,1620.7235
2026-04-29 04:56:17.198,719,1272.8660,-1148.1119,1622.1786
2026-04-29 04:56:17.202,720,1274.2284,-1149.2630,1624.1829
2026-04-29 04:56:17.207,721,1275.8905,-1151.0266,1625.9109
2026-04-29 04:56:17.210,722,1278.6847,-1151.9646,1629.2130
2026-04-29 04:56:17.213,723,1281.9796,-1152.5774,1632.6655
2026-04-29 04:56:17.217,724,1282.8770,-1154.9540,1633.6665
2026-04-29 04:56:17.220,725,1284.2740,-1156.7177,1635.7438
2026-04-29 04:56:17.223,726,1286.6379,-1157.7816,1639.1969
2026-04-29 04:56:17.228,727,1288.7328,-1160.1590,1641.3989
2026-04-29 04:56:17.234,728,1290.9285,-1161.4111,1644.1515
2026-04-29 04:56:17.239,729,1294.2220,-1162.6508,1648.2543
2026-04-29 04:56:17.243,730,1295.6817,-1164.6176,1650.7836
2026-04-29 04:56:17.247,731,1297.3090,-1166.1712,1652.9657
2026-04-29 04:56:17.252,732,1300.1361,-1167.2112,1656.2245
2026-04-29 04:56:17.256,733,1303.1952,-1168.1518,1660.1080
2026-04-29 04:56:17.261,734,1305.4535,-1169.6068,1663.3166
2026-04-29 04:56:17.266,735,1308.1109,-1170.9482,1666.4026
2026-04-29 04:56:17.271,736,1312.0333,-1170.9482,1670.7654
2026-04-29 04:56:17.274,737,1314.6911,-1171.7760,1673.7283
2026-04-29 04:56:17.277,738,1317.7817,-1172.4181,1677.0380
2026-04-29 04:56:17.281,739,1318.0433,-1175.5305,1677.6700
2026-04-29 04:56:17.285,740,1319.9693,-1176.7863,1679.8545
2026-04-29 04:56:17.289,741,1321.3631,-1178.5559,1681.9385
2026-04-29 04:56:17.293,742,1323.5563,-1179.8116,1684.6986
2026-04-29 04:56:17.297,743,1326.2131,-1180.2395,1688.0588
2026-04-29 04:56:17.301,744,1327.7731,-1182.1088,1689.9189
2026-04-29 04:56:17.305,745,1329.3335,-1183.9780,1691.7790
2026-04-29 04:56:17.308,746,1332.0243,-1185.0195,1694.2857
2026-04-29 04:56:17.312,747,1333.6504,-1186.0605,1696.3430
2026-04-29 04:56:17.315,748,1335.1767,-1187.8285,1698.2485
2026-04-29 04:56:17.318,749,1336.6676,-1188.9824,1700.0771
2026-04-29 04:56:17.322,750,1338.6934,-1190.0224,1702.5321
2026-04-29 04:56:17.326,751,1341.5836,-1190.7493,1706.1123
2026-04-29 04:56:17.331,752,1345.0056,-1191.4762,1709.9173
2026-04-29 04:56:17.335,753,1347.4307,-1192.6308,1713.2974
2026-04-29 04:56:17.340,754,1349.5227,-1194.4994,1715.3772
2026-04-29 04:56:17.345,755,1352.7119,-1195.4412,1719.0814
2026-04-29 04:56:17.348,756,1353.9415,-1199.4526,1719.4855
2026-04-29 04:56:17.353,757,1355.2716,-1201.1368,1721.6399
2026-04-29 04:56:17.360,758,1356.9636,-1202.8929,1724.2689
2026-04-29 04:56:17.363,759,1361.1876,-1203.1071,1728.7495
2026-04-29 04:56:17.367,760,1362.9473,-1205.1789,1730.8779
2026-04-29 04:56:17.371,761,1365.7403,-1206.5219,1733.7824
2026-04-29 04:56:17.374,762,1368.4684,-1207.3801,1737.1620
2026-04-29 04:56:17.377,763,1369.9303,-1209.0674,1739.1412
2026-04-29 04:56:17.381,764,1371.4922,-1210.9399,1740.9945
2026-04-29 04:56:17.384,765,1374.0511,-1212.4981,1743.7979
2026-04-29 04:56:17.387,766,1377.7426,-1213.2280,1748.1757
2026-04-29 04:56:17.391,767,1379.6700,-1214.8873,1749.9542
2026-04-29 04:56:17.394,768,1382.7306,-1215.7169,1753.3068
2026-04-29 04:56:17.398,769,1384.8237,-1215.9317,1755.9594
2026-04-29 04:56:17.401,770,1387.4840,-1216.7611,1758.9120
2026-04-29 04:56:17.404,771,1389.9772,-1217.4903,1762.0898
2026-04-29 04:56:17.413,772,1390.1752,-1221.3215,1761.9921
2026-04-29 04:56:17.416,773,1393.9378,-1221.9658,1766.2687
2026-04-29 04:56:17.420,774,1398.4320,-1222.1809,1771.3204
2026-04-29 04:56:17.425,775,1401.9586,-1222.6962,1775.3974
2026-04-29 04:56:17.430,776,1403.8199,-1224.5577,1777.8009
2026-04-29 04:56:17.433,777,1406.6483,-1225.2039,1781.4556
2026-04-29 04:56:17.437,778,1409.3093,-1226.0346,1784.4103
2026-04-29 04:56:17.441,779,1410.0375,-1228.8426,1785.7637
2026-04-29 04:56:17.445,780,1412.7308,-1230.0041,1788.7921
2026-04-29 04:56:17.448,781,1415.6232,-1230.2196,1792.2466
2026-04-29 04:56:17.452,782,1416.7863,-1233.0119,1793.4261
2026-04-29 04:56:17.456,783,1418.4152,-1234.5735,1795.6068
2026-04-29 04:56:17.464,784,1420.9093,-1235.8199,1798.9121
2026-04-29 04:56:17.468,785,1425.0702,-1236.4672,1803.5945
2026-04-29 04:56:17.473,786,1426.9975,-1238.2465,1805.9002
2026-04-29 04:56:17.477,787,1428.7577,-1239.4099,1808.3048
2026-04-29 04:56:17.482,788,1431.1844,-1240.4574,1811.1610
2026-04-29 04:56:17.487,789,1432.9791,-1242.6366,1813.2418
2026-04-29 04:56:17.491,790,1434.8717,-1243.8002,1815.4710
2026-04-29 04:56:17.496,791,1436.9638,-1245.0475,1818.3768
2026-04-29 04:56:17.501,792,1438.3587,-1247.2261,1820.0588
2026-04-29 04:56:17.505,793,1439.3541,-1249.0047,1821.7422
2026-04-29 04:56:17.510,794,1441.2171,-1251.0984,1823.7255
2026-04-29 04:56:17.514,795,1441.9441,-1252.9922,1825.3561
2026-04-29 04:56:17.519,796,1444.6043,-1254.2233,1827.9146
2026-04-29 04:56:17.524,797,1446.5333,-1255.8855,1829.6960
2026-04-29 04:56:17.528,798,1448.3302,-1258.0631,1831.7779
2026-04-29 04:56:17.533,799,1450.1270,-1259.4410,1834.6610
2026-04-29 04:56:17.537,800,1451.6209,-1260.6028,1836.4918
2026-04-29 04:56:17.542,801,1454.9817,-1261.6495,1839.9721
2026-04-29 04:56:17.547,802,1456.4437,-1262.9962,1841.8524
2026-04-29 04:56:17.551,803,1459.1730,-1264.7739,1844.9578
2026-04-29 04:56:17.556,804,1461.4004,-1265.5051,1847.5631
2026-04-29 04:56:17.561,805,1464.0635,-1267.2519,1850.2441
2026-04-29 04:56:17.566,806,1465.2940,-1269.3299,1852.1498
2026-04-29 04:56:17.572,807,1467.7243,-1270.4923,1855.5331
2026-04-29 04:56:17.577,808,1470.4523,-1271.0080,1858.8177
2026-04-29 04:56:17.583,809,1472.8817,-1272.0550,1861.6785
2026-04-29 04:56:17.589,810,1474.2789,-1274.2330,1863.3635
2026-04-29 04:56:17.595,811,1475.6760,-1276.5267,1865.5739
2026-04-29 04:56:17.601,812,1477.0733,-1278.7052,1867.2614
2026-04-29 04:56:17.606,813,1479.8706,-1279.5364,1870.0491
2026-04-29 04:56:17.610,814,1481.5682,-1280.7830,1872.5600
2026-04-29 04:56:17.615,815,1483.2663,-1282.2608,1874.6484
2026-04-29 04:56:17.621,816,1484.9653,-1284.6541,1876.4590
2026-04-29 04:56:17.626,817,1487.1648,-1286.7164,1878.4224
2026-04-29 04:56:17.631,818,1488.6324,-1289.2100,1879.6090
2026-04-29 04:56:17.638,819,1490.5687,-1289.7254,1882.0949
2026-04-29 04:56:17.643,820,1492.7370,-1291.4021,1885.0288
2026-04-29 04:56:17.648,821,1494.8385,-1291.6173,1887.6923
2026-04-29 04:56:17.653,822,1496.7734,-1294.3093,1889.7268
2026-04-29 04:56:17.658,823,1498.8087,-1295.8711,1892.3150
2026-04-29 04:56:17.662,824,1502.8115,-1296.7025,1896.3035
2026-04-29 04:56:17.665,825,1504.8489,-1298.6652,1898.4910
2026-04-29 04:56:17.669,826,1506.9881,-1299.6122,1900.8257
2026-04-29 04:56:17.673,827,1509.2931,-1300.2589,1903.3340
2026-04-29 04:56:17.679,828,1511.5638,-1301.6054,1906.0186
2026-04-29 04:56:17.686,829,1515.0358,-1302.8367,1909.3798
2026-04-29 04:56:17.691,830,1517.4738,-1303.4837,1912.6410
2026-04-29 04:56:17.695,831,1519.1121,-1304.9304,1914.3021
2026-04-29 04:56:17.700,832,1520.6507,-1307.2236,1916.3346
2026-04-29 04:56:17.705,833,1523.7242,-1308.0547,1919.6963
2026-04-29 04:56:17.710,834,1525.8328,-1308.6703,1921.9580
2026-04-29 04:56:17.715,835,1528.3426,-1310.3164,1924.8679
2026-04-29 04:56:17.721,836,1531.0869,-1310.3164,1928.0314
2026-04-29 04:56:17.726,837,1533.7617,-1310.7471,1931.3949
2026-04-29 04:56:17.731,838,1536.4366,-1312.0931,1934.4829
2026-04-29 04:56:17.736,839,1538.3786,-1313.7545,1936.2702
2026-04-29 04:56:17.741,840,1541.4548,-1314.5851,1939.6333
2026-04-29 04:56:17.745,841,1543.0276,-1316.0618,1941.8965
2026-04-29 04:56:17.750,842,1545.4376,-1316.4925,1944.6825
2026-04-29 04:56:17.755,843,1547.5472,-1317.2229,1947.4684
2026-04-29 04:56:17.760,844,1550.2228,-1318.5684,1950.5551
2026-04-29 04:56:17.764,845,1552.6978,-1319.4291,1953.3649
2026-04-29 04:56:17.769,846,1554.8035,-1321.3051,1955.4490
2026-04-29 04:56:17.774,847,1555.8796,-1324.0813,1956.7821
2026-04-29 04:56:17.779,848,1557.5224,-1326.1575,1959.0928
2026-04-29 04:56:17.784,849,1559.0652,-1327.9339,1961.0044
2026-04-29 04:56:17.789,850,1561.2742,-1330.5103,1963.0922
2026-04-29 04:56:17.792,851,1564.1833,-1331.9878,1966.3795
2026-04-29 04:56:17.796,852,1565.6623,-1333.8503,1968.3910
2026-04-29 04:56:17.800,853,1569.0423,-1334.8969,1971.8788
2026-04-29 04:56:17.806,854,1571.7220,-1335.8441,1975.3670
2026-04-29 04:56:17.812,855,1574.5357,-1336.2756,1978.5544
2026-04-29 04:56:17.817,856,1577.2792,-1337.1390,1981.9416
2026-04-29 04:56:17.823,857,1579.1570,-1338.4864,1984.2286
2026-04-29 04:56:17.829,858,1581.8344,-1339.3179,1987.1918
2026-04-29 04:56:17.834,859,1584.0425,-1341.0971,1990.0790
2026-04-29 04:56:17.838,860,1585.3859,-1343.7083,1991.0369
2026-04-29 04:56:17.843,861,1587.6642,-1344.5400,1993.5981
2026-04-29 04:56:17.848,862,1589.8739,-1346.7191,1996.0840
2026-04-29 04:56:17.853,863,1592.6885,-1347.1508,1999.2690
2026-04-29 04:56:17.858,864,1594.4984,-1348.8143,2001.2299
2026-04-29 04:56:17.863,865,1595.3440,-1350.8930,2002.7391
2026-04-29 04:56:17.868,866,1599.6946,-1351.4089,2007.6255
2026-04-29 04:56:17.873,867,1601.2715,-1354.0887,2008.6891
2026-04-29 04:56:17.878,868,1603.5915,-1355.1365,2010.7985
2026-04-29 04:56:17.882,869,1605.2400,-1356.2997,2013.3837
2026-04-29 04:56:17.887,870,1608.1585,-1357.0313,2016.9696
2026-04-29 04:56:17.892,871,1611.5422,-1358.4791,2020.0557
2026-04-29 04:56:17.896,872,1614.2278,-1359.7110,2022.6173
2026-04-29 04:56:17.902,873,1616.2069,-1361.5910,2024.8788
2026-04-29 04:56:17.907,874,1617.8576,-1363.5549,2026.6642
2026-04-29 04:56:17.912,875,1619.6734,-1365.8507,2029.2749
2026-04-29 04:56:17.917,876,1621.7256,-1367.8151,2031.4627
2026-04-29 04:56:17.922,877,1623.9430,-1369.8797,2033.4278
2026-04-29 04:56:17.927,878,1625.3331,-1371.0442,2035.4399
2026-04-29 04:56:17.931,879,1626.9141,-1372.5243,2037.7046
2026-04-29 04:56:17.936,880,1628.2307,-1374.0038,2039.3919
2026-04-29 04:56:17.941,881,1630.9191,-1374.4356,2042.7553
2026-04-29 04:56:17.946,882,1632.8075,-1376.5305,2043.8115
2026-04-29 04:56:17.950,883,1634.2880,-1378.2256,2045.7932
2026-04-29 04:56:17.956,884,1636.1769,-1379.5730,2048.0749
2026-04-29 04:56:17.961,885,1638.7016,-1379.7886,2051.1329
2026-04-29 04:56:17.966,886,1640.2821,-1382.0666,2052.5910
2026-04-29 04:56:17.970,887,1641.5997,-1384.0600,2054.3977
2026-04-29 04:56:17.975,888,1644.4535,-1385.1067,2057.6554
2026-04-29 04:56:17.980,889,1646.5428,-1385.9690,2060.0599
2026-04-29 04:56:17.985,890,1648.1952,-1388.0470,2062.3642
2026-04-29 04:56:17.990,891,1651.1834,-1389.2101,2065.9698
2026-04-29 04:56:17.995,892,1652.8985,-1390.8047,2068.5748
2026-04-29 04:56:17.999,893,1653.5134,-1393.0997,2069.9809
2026-04-29 04:56:18.004,894,1655.9345,-1394.0471,2072.8867
2026-04-29 04:56:18.009,895,1658.6910,-1394.5628,2076.1686
2026-04-29 04:56:18.014,896,1660.7409,-1395.6099,2078.6271
2026-04-29 04:56:18.018,897,1662.6623,-1397.6881,2080.5819
2026-04-29 04:56:18.023,898,1663.9776,-1399.5662,2081.8633
2026-04-29 04:56:18.028,899,1665.1295,-1401.7438,2082.9689
2026-04-29 04:56:18.032,900,1666.9091,-1403.6525,2085.0735
2026-04-29 04:56:18.037,901,1668.0605,-1405.4300,2086.5764
2026-04-29 04:56:18.042,902,1670.5120,-1406.4763,2089.4298
2026-04-29 04:56:18.047,903,1671.6709,-1408.0224,2091.3580
2026-04-29 04:56:18.052,904,1673.3585,-1409.7989,2093.0870
2026-04-29 04:56:18.056,905,1675.4456,-1410.6595,2095.4895
2026-04-29 04:56:18.061,906,1676.0599,-1412.9504,2096.8917
2026-04-29 04:56:18.065,907,1678.4100,-1414.2109,2099.4698
2026-04-29 04:56:18.068,908,1680.4601,-1415.3713,2102.4477
2026-04-29 04:56:18.071,909,1681.6092,-1416.7467,2104.3500
2026-04-29 04:56:18.076,910,1684.3638,-1417.2617,2107.6281
2026-04-29 04:56:18.081,911,1687.3475,-1418.7069,2110.3062
2026-04-29 04:56:18.087,912,1689.4327,-1420.0823,2112.8324
2026-04-29 04:56:18.092,913,1691.8813,-1421.2431,2116.2086
2026-04-29 04:56:18.097,914,1693.6226,-1422.5343,2119.1605
2026-04-29 04:56:18.102,915,1696.1379,-1423.2648,2122.3379
2026-04-29 04:56:18.106,916,1699.3836,-1424.3108,2125.9906
2026-04-29 04:56:18.111,917,1701.0942,-1426.1878,2127.6673
2026-04-29 04:56:18.116,918,1704.1749,-1427.0186,2131.0188
2026-04-29 04:56:18.124,919,1708.2914,-1427.2342,2135.6704
2026-04-29 04:56:18.129,920,1709.6728,-1428.7962,2137.2717
2026-04-29 04:56:18.134,921,1711.1185,-1430.9049,2139.4221
2026-04-29 04:56:18.139,922,1714.5001,-1432.8672,2142.6216
2026-04-29 04:56:18.144,923,1715.5762,-1434.5619,2144.1960
2026-04-29 04:56:18.149,924,1718.6273,-1435.2933,2147.5950
2026-04-29 04:56:18.154,925,1720.2730,-1436.8563,2149.7688
2026-04-29 04:56:18.158,926,1722.4541,-1438.4192,2152.1684
2026-04-29 04:56:18.163,927,1724.0307,-1441.0979,2153.2176
2026-04-29 04:56:18.168,928,1727.2502,-1441.5292,2156.7907
2026-04-29 04:56:18.172,929,1728.5634,-1443.4076,2158.0639
2026-04-29 04:56:18.178,930,1730.8479,-1444.2388,2160.6106
2026-04-29 04:56:18.184,931,1731.8613,-1446.1320,2162.8092
2026-04-29 04:56:18.189,932,1734.9453,-1447.3631,2165.7577
2026-04-29 04:56:18.196,933,1735.7592,-1449.9717,2166.4808
2026-04-29 04:56:18.201,934,1736.8378,-1452.5802,2167.7786
2026-04-29 04:56:18.207,935,1738.4159,-1454.0578,2170.0252
2026-04-29 04:56:18.213,936,1740.7018,-1455.4043,2172.6974
2026-04-29 04:56:18.218,937,1741.8804,-1456.8814,2174.5448
2026-04-29 04:56:18.224,938,1744.1657,-1458.1121,2176.6923
2026-04-29 04:56:18.229,939,1747.9524,-1459.5582,2180.1640
2026-04-29 04:56:18.235,940,1750.0051,-1461.5203,2182.3357
2026-04-29 04:56:18.241,941,1751.1862,-1463.3977,2183.7828
2026-04-29 04:56:18.246,942,1753.4759,-1464.7439,2186.4557
2026-04-29 04:56:18.252,943,1757.0384,-1464.7439,2190.4037
2026-04-29 04:56:18.258,944,1758.6924,-1466.3055,2192.5770
2026-04-29 04:56:18.264,945,1762.4183,-1466.5208,2196.8258
2026-04-29 04:56:18.269,946,1764.3999,-1468.3981,2199.0746
2026-04-29 04:56:18.275,947,1766.9256,-1469.6447,2202.3739
2026-04-29 04:56:18.281,948,1768.1789,-1471.7228,2204.2754
2026-04-29 04:56:18.285,949,1772.0407,-1471.9384,2208.3519
2026-04-29 04:56:18.288,950,1774.2309,-1472.9853,2210.6273
2026-04-29 04:56:18.291,951,1777.3212,-1473.8165,2213.9771
2026-04-29 04:56:18.294,952,1780.2473,-1474.0320,2217.4270
2026-04-29 04:56:18.298,953,1781.7371,-1475.8942,2219.4275
2026-04-29 04:56:18.302,954,1782.2545,-1478.4027,2220.5543
2026-04-29 04:56:18.306,955,1783.7096,-1480.6798,2221.2554
2026-04-29 04:56:18.309,956,1785.1651,-1482.1563,2222.7542
2026-04-29 04:56:18.312,957,1787.9303,-1482.6715,2226.0272
2026-04-29 04:56:18.316,958,1790.6587,-1483.8326,2229.0503
2026-04-29 04:56:18.319,959,1792.8509,-1484.8786,2231.3216
2026-04-29 04:56:18.323,960,1794.9064,-1485.9241,2233.7671
2026-04-29 04:56:18.327,961,1795.9885,-1488.1304,2235.4632
2026-04-29 04:56:18.330,962,1798.8794,-1488.9911,2238.6586
2026-04-29 04:56:18.334,963,1800.1336,-1490.5520,2240.4275
2026-04-29 04:56:18.337,964,1800.7872,-1493.0576,2241.3740
2026-04-29 04:56:18.341,965,1802.6050,-1494.8333,2243.8429
2026-04-29 04:56:18.345,966,1803.9947,-1495.9934,2245.8386
2026-04-29 04:56:18.349,967,1805.8831,-1496.4233,2248.3822
2026-04-29 04:56:18.353,968,1808.8714,-1497.4678,2251.4513
2026-04-29 04:56:18.357,969,1810.5240,-1498.9122,2253.0937
2026-04-29 04:56:18.360,970,1811.9144,-1501.5008,2254.9392
2026-04-29 04:56:18.367,971,1813.5329,-1503.9895,2255.9334
2026-04-29 04:56:18.372,972,1814.8518,-1506.4936,2257.8526
2026-04-29 04:56:18.379,973,1816.2430,-1508.1679,2259.9716
2026-04-29 04:56:18.383,974,1819.0972,-1508.8128,2263.6140
2026-04-29 04:56:18.388,975,1822.4227,-1509.5428,2267.5828
2026-04-29 04:56:18.393,976,1823.6754,-1510.7026,2269.7522
2026-04-29 04:56:18.398,977,1825.4918,-1512.8774,2271.8220
2026-04-29 04:56:18.403,978,1826.8368,-1515.3669,2273.1669
2026-04-29 04:56:18.408,979,1829.5268,-1516.7120,2276.2378
2026-04-29 04:56:18.413,980,1830.8443,-1518.7020,2278.0351
2026-04-29 04:56:18.418,981,1832.2345,-1520.2618,2279.6318
2026-04-29 04:56:18.423,982,1834.5608,-1520.9064,2282.1275
2026-04-29 04:56:18.428,983,1835.7147,-1523.0801,2283.2219
2026-04-29 04:56:18.433,984,1838.4054,-1523.9095,2286.1644
2026-04-29 04:56:18.438,985,1841.0975,-1525.6536,2288.8333
2026-04-29 04:56:18.442,986,1841.7175,-1528.3418,2289.8285
2026-04-29 04:56:18.447,987,1843.1380,-1529.6003,2291.7735
2026-04-29 04:56:18.452,988,1844.5582,-1531.7730,2293.4442
2026-04-29 04:56:18.457,989,1846.7789,-1533.4312,2295.7900
2026-04-29 04:56:18.462,990,1847.4735,-1535.4038,2297.5137
2026-04-29 04:56:18.467,991,1849.0311,-1537.5758,2299.0127
2026-04-29 04:56:18.472,992,1851.3266,-1538.4046,2301.5606
2026-04-29 04:56:18.476,993,1853.0488,-1540.2760,2303.2335
2026-04-29 04:56:18.481,994,1854.3090,-1542.7474,2304.7316
2026-04-29 04:56:18.486,995,1855.4063,-1544.6041,2306.3310
2026-04-29 04:56:18.491,996,1857.3667,-1545.8606,2308.5058
2026-04-29 04:56:18.496,997,1859.6646,-1547.2029,2311.1801
2026-04-29 04:56:18.501,998,1860.9882,-1549.0729,2312.4544
2026-04-29 04:56:18.505,999,1862.9495,-1550.3286,2314.6281
2026-04-29 04:56:18.510,1000,1865.8106,-1550.9704,2318.2756
2026-04-29 04:56:18.515,1001,1867.8707,-1552.5265,2320.8487
2026-04-29 04:56:18.520,1002,1870.3319,-1553.9685,2323.2970
2026-04-29 04:56:18.525,1003,1872.0552,-1556.0670,2326.0206
2026-04-29 04:56:18.529,1004,1873.3892,-1557.3094,2328.1204
2026-04-29 04:56:18.533,1005,1875.6859,-1558.6516,2330.7961
2026-04-29 04:56:18.536,1006,1878.9462,-1559.6941,2334.4473
2026-04-29 04:56:18.540,1007,1880.4321,-1561.7792,2336.0229
2026-04-29 04:56:18.543,1008,1882.5547,-1562.8500,2338.8970
2026-04-29 04:56:18.546,1009,1884.4872,-1564.5212,2341.2462
2026-04-29 04:56:18.550,1010,1886.7833,-1565.7495,2343.3945
2026-04-29 04:56:18.553,1011,1889.0802,-1566.5776,2345.9427
2026-04-29 04:56:18.556,1012,1891.3033,-1568.2340,2348.2910
2026-04-29 04:56:18.559,1013,1893.3641,-1569.7903,2350.8649
2026-04-29 04:56:18.563,1014,1894.3623,-1571.8606,2352.1891
2026-04-29 04:56:18.570,1015,1896.8239,-1573.7027,2354.2387
2026-04-29 04:56:18.576,1016,1899.6868,-1575.2593,2357.6135
2026-04-29 04:56:18.581,1017,1902.0624,-1576.2876,2360.6147
2026-04-29 04:56:18.585,1018,1904.1003,-1577.2299,2363.1165
2026-04-29 04:56:18.589,1019,1906.7257,-1579.4008,2365.9931
2026-04-29 04:56:18.592,1020,1908.8640,-1580.1293,2368.7707
2026-04-29 04:56:18.596,1021,1910.9270,-1581.1717,2371.2239
2026-04-29 04:56:18.600,1022,1913.6024,-1581.3856,2374.1014
2026-04-29 04:56:18.603,1023,1915.6401,-1582.3276,2376.6034
2026-04-29 04:56:18.606,1024,1919.1402,-1583.1554,2380.3551
2026-04-29 04:56:18.609,1025,1921.0412,-1585.0117,2382.7568
2026-04-29 04:56:18.613,1026,1923.4801,-1585.8397,2385.1347
2026-04-29 04:56:18.616,1027,1927.3569,-1586.0536,2389.2110
2026-04-29 04:56:18.619,1028,1928.6579,-1587.9380,2391.0612
2026-04-29 04:56:18.622,1029,1931.3584,-1588.3661,2394.4117
2026-04-29 04:56:18.626,1030,1934.8594,-1589.5942,2397.7621
2026-04-29 04:56:18.631,1031,1938.3612,-1590.8226,2401.1126
2026-04-29 04:56:18.635,1032,1939.5259,-1593.1083,2402.7387
2026-04-29 04:56:18.638,1033,1942.1289,-1594.1512,2405.4144
2026-04-29 04:56:18.641,1034,1945.2078,-1594.8796,2408.8144
2026-04-29 04:56:18.644,1035,1946.6356,-1596.5366,2410.3639
2026-04-29 04:56:18.647,1036,1948.1391,-1597.9932,2412.7641
2026-04-29 04:56:18.650,1037,1949.3043,-1600.1638,2413.8648
2026-04-29 04:56:18.654,1038,1950.4703,-1602.4481,2415.4900
2026-04-29 04:56:18.657,1039,1951.7368,-1604.9182,2416.9917
2026-04-29 04:56:18.660,1040,1955.0046,-1606.3605,2420.2445
2026-04-29 04:56:18.663,1041,1958.5107,-1606.7891,2424.3973
2026-04-29 04:56:18.666,1042,1961.5925,-1607.0033,2427.6741
2026-04-29 04:56:18.669,1043,1964.2978,-1608.4606,2431.2765
2026-04-29 04:56:18.672,1044,1965.6259,-1610.0470,2433.4795
2026-04-29 04:56:18.678,1045,1967.2668,-1610.9897,2435.5817
2026-04-29 04:56:18.682,1046,1969.1312,-1612.0609,2437.8831
2026-04-29 04:56:18.685,1047,1970.6199,-1614.1460,2439.4579
2026-04-29 04:56:18.689,1048,1973.3836,-1615.0030,2442.8316
2026-04-29 04:56:18.692,1049,1976.2228,-1615.8315,2445.6048
2026-04-29 04:56:18.695,1050,1978.0490,-1617.4885,2447.5520
2026-04-29 04:56:18.699,1051,1979.7140,-1619.4453,2449.3252
2026-04-29 04:56:18.702,1052,1981.7792,-1620.0875,2452.1732
2026-04-29 04:56:18.706,1053,1983.7693,-1623.2725,2453.7463
2026-04-29 04:56:18.709,1054,1985.2737,-1625.6437,2455.8719
2026-04-29 04:56:18.712,1055,1987.5028,-1627.3008,2458.2230
2026-04-29 04:56:18.716,1056,1990.2701,-1628.1583,2461.5989
2026-04-29 04:56:18.721,1057,1992.5748,-1629.5013,2464.2746
2026-04-29 04:56:18.727,1058,1994.6411,-1630.5443,2466.7254
2026-04-29 04:56:18.732,1059,1997.3459,-1630.9729,2470.0761
2026-04-29 04:56:18.738,1060,1999.2509,-1633.2300,2472.0769
2026-04-29 04:56:18.741,1061,2001.5947,-1634.7874,2474.3029
2026-04-29 04:56:18.743,1062,2003.2629,-1635.8302,2476.3538
2026-04-29 04:56:18.746,1063,2003.7071,-1638.3150,2477.6290
2026-04-29 04:56:18.749,1064,2005.8362,-1640.1858,2479.7060
2026-04-29 04:56:18.752,1065,2008.6193,-1640.6999,2482.9827
2026-04-29 04:56:18.757,1066,2011.6260,-1641.7425,2486.0601
2026-04-29 04:56:18.760,1067,2013.2938,-1643.4136,2488.7614
2026-04-29 04:56:18.762,1068,2017.1995,-1643.8423,2493.3144
2026-04-29 04:56:18.765,1069,2020.0666,-1644.8857,2496.5675
2026-04-29 04:56:18.770,1070,2023.2477,-1645.4002,2500.2457
2026-04-29 04:56:18.776,1071,2025.2907,-1646.8582,2502.8736
2026-04-29 04:56:18.781,1072,2027.8336,-1647.9873,2505.6527
2026-04-29 04:56:18.786,1073,2028.6244,-1650.3740,2506.8323
2026-04-29 04:56:18.790,1074,2032.2687,-1651.2028,2510.4119
2026-04-29 04:56:18.793,1075,2035.2762,-1652.6464,2513.0902
2026-04-29 04:56:18.797,1076,2037.1685,-1654.3344,2515.4681
2026-04-29 04:56:18.801,1077,2038.7371,-1655.5929,2517.2444
2026-04-29 04:56:18.804,1078,2040.3287,-1657.4654,2519.0960
2026-04-29 04:56:18.807,1079,2043.4356,-1658.4092,2522.9725
2026-04-29 04:56:18.810,1080,2045.0038,-1660.1824,2524.8741
2026-04-29 04:56:18.813,1081,2047.7103,-1661.5265,2527.9513
2026-04-29 04:56:18.816,1082,2050.0165,-1661.9558,2530.9040
2026-04-29 04:56:18.820,1083,2051.2460,-1663.6430,2532.3055
2026-04-29 04:56:18.823,1084,2052.4133,-1665.4155,2533.8057
2026-04-29 04:56:18.826,1085,2054.2422,-1666.6731,2536.1560
2026-04-29 04:56:18.830,1086,2055.9089,-1667.7160,2538.2063
2026-04-29 04:56:18.833,1087,2057.4751,-1669.0872,2540.5066
2026-04-29 04:56:18.836,1088,2057.8645,-1671.5865,2541.8071
2026-04-29 04:56:18.840,1089,2058.4917,-1673.8713,2543.2087
2026-04-29 04:56:18.844,1090,2060.7188,-1675.6420,2546.0871
2026-04-29 04:56:18.847,1091,2062.9838,-1677.5130,2547.9893
2026-04-29 04:56:18.853,1092,2065.4505,-1679.3556,2550.0410
2026-04-29 04:56:18.858,1093,2067.8940,-1680.2983,2552.9420
2026-04-29 04:56:18.863,1094,2070.8993,-1681.3412,2556.0174
2026-04-29 04:56:18.868,1095,2072.8673,-1682.9983,2557.7926
2026-04-29 04:56:18.873,1096,2074.6734,-1684.1554,2560.1918
2026-04-29 04:56:18.878,1097,2075.7789,-1685.6121,2562.1922
2026-04-29 04:56:18.883,1098,2078.0845,-1687.3544,2564.4678
2026-04-29 04:56:18.888,1099,2080.5538,-1689.3110,2567.0438
2026-04-29 04:56:18.893,1100,2083.8999,-1690.4395,2570.6207
2026-04-29 04:56:18.898,1101,2086.9077,-1691.4824,2573.6975
2026-04-29 04:56:18.903,1102,2088.9004,-1693.3541,2575.9492
2026-04-29 04:56:18.908,1103,2091.4482,-1693.9684,2578.6008
2026-04-29 04:56:18.913,1104,2092.6413,-1695.9543,2580.5779
2026-04-29 04:56:18.916,1105,2094.0720,-1696.8112,2582.9303
2026-04-29 04:56:18.919,1106,2095.2638,-1698.2818,2584.7827
2026-04-29 04:56:18.923,1107,2097.3318,-1699.8384,2587.3600
2026-04-29 04:56:18.927,1108,2099.7771,-1700.6666,2589.7369
2026-04-29 04:56:18.931,1109,2102.7224,-1701.3947,2593.3139
2026-04-29 04:56:18.934,1110,2105.5909,-1702.4371,2596.5668
2026-04-29 04:56:18.939,1111,2106.4444,-1704.7356,2597.6439
2026-04-29 04:56:18.944,1112,2110.0126,-1706.3923,2601.0196
2026-04-29 04:56:18.949,1113,2113.4971,-1707.1210,2604.8200
2026-04-29 04:56:18.954,1114,2116.1282,-1708.7789,2607.5704
2026-04-29 04:56:18.957,1115,2118.0212,-1711.2657,2609.1457
2026-04-29 04:56:18.961,1116,2118.8917,-1713.4527,2611.1715
2026-04-29 04:56:18.965,1117,2120.0616,-1715.6249,2612.2733
2026-04-29 04:56:18.969,1118,2121.4933,-1717.3968,2614.3501
2026-04-29 04:56:18.972,1119,2122.8475,-1719.5978,2616.6275
2026-04-29 04:56:18.976,1120,2125.1554,-1720.4267,2619.1803
2026-04-29 04:56:18.981,1121,2126.5858,-1721.2841,2621.5331
2026-04-29 04:56:18.984,1122,2128.2541,-1722.8412,2623.7110
2026-04-29 04:56:18.988,1123,2130.3612,-1724.0981,2625.7128
2026-04-29 04:56:18.991,1124,2133.3683,-1725.1408,2628.7887
2026-04-29 04:56:18.994,1125,2135.5754,-1726.2977,2631.5894
2026-04-29 04:56:18.997,1126,2137.2205,-1728.1547,2633.4145
2026-04-29 04:56:19.001,1127,2139.1278,-1729.0973,2636.0902
2026-04-29 04:56:19.004,1128,2141.1725,-1730.0397,2638.5915
2026-04-29 04:56:19.008,1129,2143.7167,-1730.7678,2641.7678
2026-04-29 04:56:19.011,1130,2145.9991,-1731.4960,2644.3693
2026-04-29 04:56:19.015,1131,2147.4906,-1734.0942,2646.0700
2026-04-29 04:56:19.018,1132,2149.3201,-1735.7505,2648.0211
2026-04-29 04:56:19.021,1133,2150.4123,-1738.7487,2648.9217
2026-04-29 04:56:19.025,1134,2152.0050,-1740.7331,2651.2975
2026-04-29 04:56:19.031,1135,2154.0748,-1742.6894,2653.4739
2026-04-29 04:56:19.037,1136,2156.3830,-1743.1176,2656.4263
2026-04-29 04:56:19.042,1137,2158.2753,-1744.8020,2658.8025
2026-04-29 04:56:19.047,1138,2161.5204,-1745.2302,2662.3780
2026-04-29 04:56:19.051,1139,2164.1280,-1746.6726,2664.6533
2026-04-29 04:56:19.054,1140,2166.6748,-1748.3150,2667.5535
2026-04-29 04:56:19.058,1141,2167.7671,-1750.5144,2669.2545
2026-04-29 04:56:19.061,1142,2169.4372,-1752.9853,2671.1552
2026-04-29 04:56:19.066,1143,2171.4842,-1753.9280,2673.6562
2026-04-29 04:56:19.072,1144,2173.6926,-1755.4845,2676.0574
2026-04-29 04:56:19.078,1145,2174.7244,-1758.1697,2677.4589
2026-04-29 04:56:19.084,1146,2176.2176,-1760.3695,2679.5609
2026-04-29 04:56:19.089,1147,2179.5654,-1761.4981,2683.1387
2026-04-29 04:56:19.096,1148,2180.8969,-1763.4841,2684.9412
2026-04-29 04:56:19.101,1149,2184.1452,-1764.8275,2688.2434
2026-04-29 04:56:19.106,1150,2187.1779,-1766.4856,2691.3960
2026-04-29 04:56:19.113,1151,2191.7275,-1767.1002,2696.0486
2026-04-29 04:56:19.118,1152,2195.3161,-1767.1002,2700.0012
2026-04-29 04:56:19.124,1153,2198.1047,-1768.1299,2703.4042
2026-04-29 04:56:19.130,1154,2199.5996,-1770.6192,2704.5827
2026-04-29 04:56:19.135,1155,2201.4123,-1772.1785,2706.5848
2026-04-29 04:56:19.140,1156,2202.5244,-1774.5525,2708.3126
2026-04-29 04:56:19.145,1157,2204.4380,-1776.8114,2710.3170
2026-04-29 04:56:19.150,1158,2206.5918,-1777.9410,2712.6977
2026-04-29 04:56:19.155,1159,2210.3458,-1778.1558,2716.9547
2026-04-29 04:56:19.158,1160,2211.6205,-1779.8298,2719.2608
2026-04-29 04:56:19.162,1161,2212.0166,-1782.8482,2720.6923
2026-04-29 04:56:19.165,1162,2214.1679,-1783.5778,2723.4775
2026-04-29 04:56:19.168,1163,2216.4030,-1786.1517,2725.5628
2026-04-29 04:56:19.172,1164,2219.5170,-1786.9814,2728.9247
2026-04-29 04:56:19.175,1165,2221.7525,-1788.7557,2731.8109
2026-04-29 04:56:19.178,1166,2223.3271,-1790.5304,2733.7213
2026-04-29 04:56:19.181,1167,2225.1624,-1791.7901,2736.0837
2026-04-29 04:56:19.184,1168,2226.0367,-1793.8643,2737.5944
2026-04-29 04:56:19.188,1169,2227.3493,-1795.7530,2739.4527
2026-04-29 04:56:19.191,1170,2229.3224,-1796.6120,2742.0389
2026-04-29 04:56:19.194,1171,2230.9788,-1800.1155,2742.7241
2026-04-29 04:56:19.197,1172,2233.6149,-1801.7749,2745.4853
2026-04-29 04:56:19.201,1173,2235.9901,-1803.1496,2748.5942
2026-04-29 04:56:19.204,1174,2238.7046,-1803.9795,2751.5551
2026-04-29 04:56:19.207,1175,2243.0975,-1803.9795,2756.3160
2026-04-29 04:56:19.210,1176,2244.6725,-1806.2701,2758.3484
2026-04-29 04:56:19.214,1177,2245.9478,-1809.1459,2759.4583
2026-04-29 04:56:19.217,1178,2248.1641,-1810.1912,2761.7448
2026-04-29 04:56:19.221,1179,2250.6405,-1810.8364,2765.0065
2026-04-29 04:56:19.224,1180,2253.8951,-1811.7818,2768.7158
2026-04-29 04:56:19.228,1181,2256.5316,-1813.4425,2771.4772
2026-04-29 04:56:19.231,1182,2259.4868,-1814.0577,2774.5386
2026-04-29 04:56:19.234,1183,2262.2026,-1814.4882,2777.9000
2026-04-29 04:56:19.237,1184,2264.5577,-1815.6491,2780.5331
2026-04-29 04:56:19.241,1185,2265.2540,-1817.4556,2782.2405
2026-04-29 04:56:19.244,1186,2266.6895,-1819.1160,2783.8004
2026-04-29 04:56:19.248,1187,2268.6041,-1820.4611,2786.0844
2026-04-29 04:56:19.251,1188,2271.0792,-1821.9060,2788.5450
2026-04-29 04:56:19.254,1189,2273.5944,-1822.7660,2791.3524
2026-04-29 04:56:19.256,1190,2276.4484,-1823.1960,2794.5348
2026-04-29 04:56:19.259,1191,2277.7238,-1825.1557,2795.9170
2026-04-29 04:56:19.263,1192,2278.7602,-1826.9300,2797.5994
2026-04-29 04:56:19.269,1193,2281.5571,-1828.4044,2801.0584
2026-04-29 04:56:19.272,1194,2283.8711,-1829.2342,2803.6174
2026-04-29 04:56:19.276,1195,2285.7068,-1830.0937,2806.3764
2026-04-29 04:56:19.279,1196,2287.1416,-1832.2677,2808.0598
2026-04-29 04:56:19.282,1197,2290.2559,-1833.0974,2811.4194
2026-04-29 04:56:19.286,1198,2291.8306,-1835.3868,2813.4515
2026-04-29 04:56:19.293,1199,2294.4445,-1836.0317,2816.5349
2026-04-29 04:56:19.299,1200,2296.0398,-1838.0212,2818.9187
2026-04-29 04:56:19.304,1201,2298.1530,-1839.6810,2820.5253
2026-04-29 04:56:19.310,1202,2299.1882,-1841.4555,2822.2075
2026-04-29 04:56:19.316,1203,2301.2407,-1842.9148,2824.8387
2026-04-29 04:56:19.322,1204,2301.6144,-1845.3186,2826.1946
2026-04-29 04:56:19.328,1205,2304.4880,-1846.7631,2829.0546
2026-04-29 04:56:19.334,1206,2305.9011,-1848.4374,2831.1869
2026-04-29 04:56:19.339,1207,2307.5756,-1850.3967,2832.9713
2026-04-29 04:56:19.344,1208,2310.8497,-1851.4411,2836.6324
2026-04-29 04:56:19.350,1209,2313.2414,-1851.9560,2839.5179
2026-04-29 04:56:19.359,1210,2314.3766,-1853.8596,2840.6498
2026-04-29 04:56:19.362,1211,2316.6897,-1855.2039,2843.3331
2026-04-29 04:56:19.367,1212,2318.5247,-1857.3777,2845.4173
2026-04-29 04:56:19.372,1213,2319.6994,-1859.1516,2846.9257
2026-04-29 04:56:19.376,1214,2321.2139,-1860.8957,2848.4101
2026-04-29 04:56:19.383,1215,2323.4293,-1862.4542,2850.8187
2026-04-29 04:56:19.389,1216,2327.1049,-1863.0986,2855.2790
2026-04-29 04:56:19.395,1217,2329.9800,-1864.1430,2858.5394
2026-04-29 04:56:19.400,1218,2332.1376,-1866.6322,2860.6997
2026-04-29 04:56:19.405,1219,2334.1134,-1868.4071,2863.0076
2026-04-29 04:56:19.411,1220,2337.1282,-1869.5674,2866.6151
2026-04-29 04:56:19.417,1221,2337.7430,-1872.1580,2867.6715
2026-04-29 04:56:19.423,1222,2340.6970,-1872.8880,2871.2567
2026-04-29 04:56:19.428,1223,2343.8115,-1874.2337,2874.7422
2026-04-29 04:56:19.434,1224,2344.9472,-1876.1400,2875.8748
2026-04-29 04:56:19.439,1225,2347.7401,-1877.6856,2879.4073
2026-04-29 04:56:19.445,1226,2348.5936,-1880.6925,2881.2122
2026-04-29 04:56:19.449,1227,2351.7079,-1882.0386,2884.6999
2026-04-29 04:56:19.453,1228,2353.7826,-1883.6004,2887.2878
2026-04-29 04:56:19.457,1229,2356.4964,-1884.0312,2890.6529
2026-04-29 04:56:19.460,1230,2358.4710,-1885.6928,2892.4406
2026-04-29 04:56:19.463,1231,2361.0860,-1887.1390,2894.7282
2026-04-29 04:56:19.466,1232,2364.0408,-1887.3544,2898.1913
2026-04-29 04:56:19.469,1233,2365.4778,-1889.0158,2899.7545
2026-04-29 04:56:19.472,1234,2366.3543,-1891.6074,2901.3894
2026-04-29 04:56:19.475,1235,2367.1514,-1893.1987,2903.3785
2026-04-29 04:56:19.478,1236,2370.1662,-1894.6444,2906.0670
2026-04-29 04:56:19.481,1237,2371.6818,-1895.9899,2907.9555
2026-04-29 04:56:19.485,1238,2373.3586,-1897.9504,2909.7451
2026-04-29 04:56:19.491,1239,2375.8352,-1898.9957,2912.6113
2026-04-29 04:56:19.497,1240,2376.7121,-1901.0709,2914.1247
2026-04-29 04:56:19.503,1241,2379.1894,-1902.1161,2916.9922
2026-04-29 04:56:19.509,1242,2381.6452,-1902.5460,2919.7824
2026-04-29 04:56:19.515,1243,2384.9232,-1904.3909,2922.6490
2026-04-29 04:56:19.520,1244,2387.5413,-1905.9512,2925.4624
2026-04-29 04:56:19.526,1245,2390.1596,-1907.5118,2928.2749
2026-04-29 04:56:19.532,1246,2391.7586,-1908.9875,2930.5409
2026-04-29 04:56:19.537,1247,2392.6369,-1911.5783,2932.1779
2026-04-29 04:56:19.543,1248,2395.0146,-1912.9543,2935.2921
2026-04-29 04:56:19.549,1249,2397.3312,-1913.9000,2938.3833
2026-04-29 04:56:19.555,1250,2398.6477,-1916.1915,2939.8443
2026-04-29 04:56:19.561,1251,2401.4246,-1917.4525,2942.8353
2026-04-29 04:56:19.566,1252,2404.7812,-1918.5830,2946.4257
2026-04-29 04:56:19.571,1253,2406.8978,-1919.4448,2948.8386
2026-04-29 04:56:19.577,1254,2408.7138,-1920.6063,2951.2514
2026-04-29 04:56:19.583,1255,2410.6904,-1922.7829,2953.1631
2026-04-29 04:56:19.589,1256,2412.5077,-1925.2598,2954.8983
2026-04-29 04:56:19.595,1257,2414.2653,-1926.5057,2957.4111
2026-04-29 04:56:19.601,1258,2416.1834,-1927.8516,2959.7015
2026-04-29 04:56:19.607,1259,2417.9225,-1930.1280,2960.9913
2026-04-29 04:56:19.613,1260,2421.2822,-1930.7432,2964.4578
2026-04-29 04:56:19.619,1261,2422.1618,-1932.4193,2966.3715
2026-04-29 04:56:19.624,1262,2423.5005,-1933.4951,2968.4623
2026-04-29 04:56:19.630,1263,2424.5786,-1935.4856,2969.6985
2026-04-29 04:56:19.635,1264,2427.3757,-1936.0006,2972.9876
2026-04-29 04:56:19.641,1265,2429.5935,-1937.4455,2974.8764
2026-04-29 04:56:19.647,1266,2432.3718,-1938.3055,2978.2651
2026-04-29 04:56:19.653,1267,2436.2692,-1939.0356,2982.4760
2026-04-29 04:56:19.659,1268,2437.1475,-1942.0268,2983.7114
2026-04-29 04:56:19.665,1269,2438.9864,-1943.2874,2986.0775
2026-04-29 04:56:19.670,1270,2441.3853,-1944.7634,2989.1436
2026-04-29 04:56:19.676,1271,2444.6427,-1945.1939,2992.7324
2026-04-29 04:56:19.681,1272,2446.9597,-1946.1396,2995.8214
2026-04-29 04:56:19.687,1273,2447.8970,-1948.1309,2997.2339
2026-04-29 04:56:19.693,1274,2450.2737,-1949.9071,2999.9459
2026-04-29 04:56:19.699,1275,2452.1897,-1951.3684,3002.7583
2026-04-29 04:56:19.704,1276,2453.8666,-1952.8141,3004.4248
2026-04-29 04:56:19.710,1277,2455.0436,-1954.5899,3005.9379
2026-04-29 04:56:19.716,1278,2457.0211,-1956.2503,3007.7271
2026-04-29 04:56:19.722,1279,2458.8589,-1957.5105,3010.0924
2026-04-29 04:56:19.728,1280,2461.4970,-1959.1708,3012.8578
2026-04-29 04:56:19.733,1281,2464.0541,-1959.9009,3016.0467
2026-04-29 04:56:19.738,1282,2466.3707,-1960.3310,3019.0127
2026-04-29 04:56:19.743,1283,2468.3683,-1961.8061,3021.6787
2026-04-29 04:56:19.747,1284,2471.0062,-1963.8662,3024.0447
2026-04-29 04:56:19.750,1285,2473.0049,-1966.1417,3025.9107
2026-04-29 04:56:19.754,1286,2475.4840,-1967.7024,3028.9004
2026-04-29 04:56:19.758,1287,2477.4625,-1969.4787,3031.2136
2026-04-29 04:56:19.764,1288,2479.4406,-1970.3394,3033.8031
2026-04-29 04:56:19.770,1289,2481.6789,-1971.6002,3036.5685
2026-04-29 04:56:19.776,1290,2483.6354,-1972.7608,3038.8040
2026-04-29 04:56:19.781,1291,2486.1126,-1974.3217,3041.7924
2026-04-29 04:56:19.786,1292,2488.3294,-1975.8826,3044.2039
2026-04-29 04:56:19.792,1293,2491.0279,-1978.3749,3046.5917
2026-04-29 04:56:19.797,1294,2493.5069,-1979.8210,3049.0554
2026-04-29 04:56:19.804,1295,2496.7057,-1979.8210,3052.6191
2026-04-29 04:56:19.809,1296,2497.9046,-1981.2976,3054.4828
2026-04-29 04:56:19.815,1297,2499.1040,-1983.5739,3055.5465
2026-04-29 04:56:19.820,1298,2500.3837,-1985.1345,3057.3338
2026-04-29 04:56:19.826,1299,2502.3632,-1986.3948,3059.5216
2026-04-29 04:56:19.833,1300,2504.7224,-1987.0399,3062.0310
2026-04-29 04:56:19.838,1301,2506.1218,-1988.9450,3063.7393
2026-04-29 04:56:19.844,1302,2508.0413,-1990.6901,3065.6236
2026-04-29 04:56:19.850,1303,2510.4207,-1991.9501,3068.2074
2026-04-29 04:56:19.855,1304,2513.0409,-1993.3948,3070.4908
2026-04-29 04:56:19.861,1305,2514.5416,-1995.8846,3071.6729
2026-04-29 04:56:19.866,1306,2515.9832,-1998.0594,3073.3550
2026-04-29 04:56:19.872,1307,2518.6248,-1999.8347,3076.6376
2026-04-29 04:56:19.878,1308,2521.5868,-2000.0498,3080.0966
2026-04-29 04:56:19.883,1309,2524.0680,-2000.6950,3083.3555
2026-04-29 04:56:19.889,1310,2525.3488,-2002.7703,3085.2633
2026-04-29 04:56:19.893,1311,2528.6291,-2003.8155,3088.9235
2026-04-29 04:56:19.896,1312,2531.1695,-2005.2911,3091.8073
2026-04-29 04:56:19.900,1313,2533.1296,-2007.4827,3094.2872
2026-04-29 04:56:19.904,1314,2535.8493,-2008.9440,3097.8956
2026-04-29 04:56:19.907,1315,2537.0488,-2010.4210,3099.7563
2026-04-29 04:56:19.911,1316,2539.5274,-2011.0671,3103.0170
2026-04-29 04:56:19.915,1317,2540.3055,-2012.9590,3104.6501
2026-04-29 04:56:19.917,1318,2541.9617,-2013.9047,3106.7587
2026-04-29 04:56:19.921,1319,2544.9175,-2014.6352,3110.3436
2026-04-29 04:56:19.924,1320,2547.7128,-2015.6656,3113.7533
2026-04-29 04:56:19.928,1321,2551.2081,-2016.3963,3117.5633
2026-04-29 04:56:19.931,1322,2554.8638,-2016.8272,3121.5488
2026-04-29 04:56:19.933,1323,2556.3005,-2017.6887,3123.9104
2026-04-29 04:56:19.936,1324,2558.6155,-2019.0347,3126.5960
2026-04-29 04:56:19.940,1325,2562.9092,-2019.2502,3131.0817
2026-04-29 04:56:19.944,1326,2564.1062,-2021.1274,3132.5429
2026-04-29 04:56:19.947,1327,2567.3815,-2021.7736,3136.6042
2026-04-29 04:56:19.949,1328,2570.1777,-2023.6516,3139.6655
2026-04-29 04:56:19.953,1329,2572.1739,-2025.1298,3142.3268
2026-04-29 04:56:19.960,1330,2573.5267,-2026.8926,3144.5604
2026-04-29 04:56:19.966,1331,2575.0442,-2029.6023,3146.2236
2026-04-29 04:56:19.972,1332,2576.7197,-2031.5650,3148.0106
2026-04-29 04:56:19.977,1333,2580.1560,-2033.2280,3151.5744
2026-04-29 04:56:19.982,1334,2582.5320,-2034.4913,3154.1618
2026-04-29 04:56:19.988,1335,2584.0291,-2036.5864,3155.7483
2026-04-29 04:56:19.994,1336,2586.2452,-2037.6337,3158.0336
2026-04-29 04:56:20.000,1337,2588.8614,-2039.0810,3160.3183
2026-04-29 04:56:20.007,1338,2591.4781,-2040.2442,3163.5261
2026-04-29 04:56:20.012,1339,2594.0155,-2042.5236,3165.6093
2026-04-29 04:56:20.018,1340,2595.5143,-2044.6190,3167.1917
2026-04-29 04:56:20.023,1341,2597.8925,-2045.8828,3169.7736
2026-04-29 04:56:20.029,1342,2601.6506,-2047.0148,3173.7553
2026-04-29 04:56:20.034,1343,2602.8295,-2049.3113,3175.3859
2026-04-29 04:56:20.040,1344,2604.2683,-2051.4915,3177.0686
2026-04-29 04:56:20.045,1345,2605.6474,-2053.1875,3178.2991
2026-04-29 04:56:20.049,1346,2608.5268,-2055.1517,3181.2798
2026-04-29 04:56:20.053,1347,2610.3666,-2056.4160,3183.6366
2026-04-29 04:56:20.056,1348,2611.5670,-2059.2123,3184.8178
2026-04-29 04:56:20.062,1349,2613.7869,-2060.3765,3187.6239
2026-04-29 04:56:20.067,1350,2615.6669,-2061.8568,3189.5290
2026-04-29 04:56:20.073,1351,2616.8665,-2063.3368,3191.3845
2026-04-29 04:56:20.077,1352,2618.9459,-2065.3007,3193.5645
2026-04-29 04:56:20.080,1353,2621.2664,-2066.1325,3196.1206
2026-04-29 04:56:20.085,1354,2623.7265,-2067.0801,3199.0255
2026-04-29 04:56:20.090,1355,2624.8464,-2069.0596,3201.1557
2026-04-29 04:56:20.094,1356,2626.6658,-2069.7069,3203.4375
2026-04-29 04:56:20.097,1357,2628.7448,-2071.1541,3205.4943
2026-04-29 04:56:20.101,1358,2630.3447,-2073.1485,3207.8757
2026-04-29 04:56:20.107,1359,2633.4434,-2073.3642,3211.1569
2026-04-29 04:56:20.112,1360,2634.8824,-2076.0586,3212.9628
2026-04-29 04:56:20.118,1361,2637.1217,-2077.3217,3215.7205
2026-04-29 04:56:20.123,1362,2637.9813,-2079.6320,3216.8024
2026-04-29 04:56:20.129,1363,2640.4599,-2080.7950,3220.1842
2026-04-29 04:56:20.132,1364,2643.3181,-2081.6266,3222.9658
2026-04-29 04:56:20.136,1365,2646.0367,-2082.0582,3226.3224
2026-04-29 04:56:20.139,1366,2647.8761,-2085.0372,3227.6039
2026-04-29 04:56:20.143,1367,2651.2970,-2086.4847,3230.6847
2026-04-29 04:56:20.146,1368,2652.2577,-2089.0960,3232.1656
2026-04-29 04:56:20.149,1369,2654.8196,-2089.7119,3234.8226
2026-04-29 04:56:20.152,1370,2657.1413,-2091.1754,3238.0285
2026-04-29 04:56:20.157,1371,2658.3221,-2093.0708,3240.0595
2026-04-29 04:56:20.164,1372,2660.4630,-2095.3503,3241.7422
2026-04-29 04:56:20.170,1373,2663.5843,-2095.7822,3245.5000
2026-04-29 04:56:20.176,1374,2666.4651,-2096.8301,3248.7577
2026-04-29 04:56:20.182,1375,2669.5860,-2097.2621,3252.5155
2026-04-29 04:56:20.187,1376,2671.6664,-2098.4263,3255.4976
2026-04-29 04:56:20.192,1377,2672.7664,-2100.9223,3256.2797
2026-04-29 04:56:20.198,1378,2673.8068,-2103.2182,3258.0859
2026-04-29 04:56:20.203,1379,2674.9875,-2105.9141,3259.3173
2026-04-29 04:56:20.208,1380,2676.0289,-2109.0100,3260.3252
2026-04-29 04:56:20.214,1381,2678.1918,-2109.6258,3262.5855
2026-04-29 04:56:20.219,1382,2679.2341,-2111.4048,3264.2700
2026-04-29 04:56:20.224,1383,2680.6167,-2113.0992,3265.5018
2026-04-29 04:56:20.230,1384,2682.2180,-2114.6936,3268.2846
2026-04-29 04:56:20.235,1385,2683.0191,-2117.8877,3268.6678
2026-04-29 04:56:20.240,1386,2685.1423,-2119.1504,3270.6741
2026-04-29 04:56:20.246,1387,2686.7251,-2120.9286,3272.5797
2026-04-29 04:56:20.251,1388,2689.1292,-2121.4442,3275.4620
2026-04-29 04:56:20.257,1389,2691.0526,-2123.3065,3277.8687
2026-04-29 04:56:20.262,1390,2693.6758,-2124.4688,3281.0760
2026-04-29 04:56:20.267,1391,2697.2795,-2124.9844,3285.1596
2026-04-29 04:56:20.273,1392,2699.6832,-2126.0158,3288.1676
2026-04-29 04:56:20.278,1393,2701.5254,-2127.7941,3290.6529
2026-04-29 04:56:20.283,1394,2704.6075,-2129.2730,3293.7616
2026-04-29 04:56:20.289,1395,2706.5108,-2130.5204,3296.0939
2026-04-29 04:56:20.294,1396,2709.5527,-2132.6998,3299.3784
2026-04-29 04:56:20.299,1397,2711.4763,-2134.4476,3301.2635
2026-04-29 04:56:20.305,1398,2714.0408,-2135.6952,3304.5730
2026-04-29 04:56:20.310,1399,2715.5242,-2137.6910,3306.2060
2026-04-29 04:56:20.315,1400,2718.8886,-2138.3070,3309.6675
2026-04-29 04:56:20.321,1401,2720.4724,-2139.5707,3311.4522
2026-04-29 04:56:20.326,1402,2723.5967,-2140.4026,3314.8128
2026-04-29 04:56:20.331,1403,2726.7210,-2140.8344,3318.5735
2026-04-29 04:56:20.337,1404,2730.0854,-2141.0504,3322.4341
2026-04-29 04:56:20.342,1405,2733.1091,-2142.0983,3325.5179
2026-04-29 04:56:20.347,1406,2735.3332,-2143.1462,3327.8014
2026-04-29 04:56:20.353,1407,2737.9761,-2144.4101,3330.9603
2026-04-29 04:56:20.358,1408,2739.8192,-2146.9903,3332.6436
2026-04-29 04:56:20.363,1409,2742.3039,-2148.9545,3335.2273
2026-04-29 04:56:20.369,1410,2744.1486,-2151.5352,3336.9120
2026-04-29 04:56:20.373,1411,2746.1533,-2153.4159,3339.1728
2026-04-29 04:56:20.376,1412,2747.7400,-2155.0803,3340.5572
2026-04-29 04:56:20.379,1413,2749.1859,-2156.8608,3342.6412
2026-04-29 04:56:20.383,1414,2750.6908,-2158.9571,3344.2255
2026-04-29 04:56:20.386,1415,2754.2187,-2159.3892,3348.3852
2026-04-29 04:56:20.389,1416,2755.0824,-2161.7021,3349.4682
2026-04-29 04:56:20.394,1417,2756.8686,-2163.3987,3351.0988
2026-04-29 04:56:20.400,1418,2757.6730,-2165.5112,3353.2042
2026-04-29 04:56:20.406,1419,2759.2765,-2167.5079,3355.5861
2026-04-29 04:56:20.412,1420,2762.2431,-2168.6402,3358.7687
2026-04-29 04:56:20.418,1421,2764.8096,-2168.8563,3361.8273
2026-04-29 04:56:20.424,1422,2766.9731,-2171.7529,3363.5860
2026-04-29 04:56:20.429,1423,2768.0181,-2173.1335,3365.6688
2026-04-29 04:56:20.432,1424,2770.1036,-2174.6979,3368.2524
2026-04-29 04:56:20.436,1425,2771.9889,-2176.1785,3370.1600
2026-04-29 04:56:20.441,1426,2774.7148,-2176.6106,3373.5181
2026-04-29 04:56:20.445,1427,2777.4994,-2177.8749,3376.5000
2026-04-29 04:56:20.449,1428,2779.0844,-2180.0555,3378.0059
2026-04-29 04:56:20.453,1429,2780.7294,-2183.0685,3379.1353
2026-04-29 04:56:20.456,1430,2782.3154,-2184.3330,3380.9154
2026-04-29 04:56:20.460,1431,2784.3017,-2185.9973,3382.6942
2026-04-29 04:56:20.464,1432,2785.9069,-2187.4775,3384.9485
2026-04-29 04:56:20.467,1433,2788.0751,-2188.2095,3387.7276
2026-04-29 04:56:20.470,1434,2789.8020,-2189.5893,3389.8551
2026-04-29 04:56:20.472,1435,2792.2886,-2191.4371,3391.9088
2026-04-29 04:56:20.475,1436,2793.1759,-2193.9166,3393.0124
2026-04-29 04:56:20.479,1437,2794.4406,-2196.6278,3394.0918
2026-04-29 04:56:20.482,1438,2797.2114,-2197.6754,3396.5943
2026-04-29 04:56:20.485,1439,2797.3766,-2201.2022,3396.9967
2026-04-29 04:56:20.488,1440,2800.7490,-2201.8181,3400.4503
2026-04-29 04:56:20.491,1441,2802.4392,-2203.7814,3402.2288
2026-04-29 04:56:20.494,1442,2804.6715,-2205.3449,3404.6319
2026-04-29 04:56:20.498,1443,2807.4037,-2205.7765,3407.9859
2026-04-29 04:56:20.505,1444,2809.4941,-2207.3398,3410.5649
2026-04-29 04:56:20.511,1445,2811.3429,-2209.0030,3412.5195
2026-04-29 04:56:20.518,1446,2814.7169,-2209.6187,3415.9740
2026-04-29 04:56:20.523,1447,2816.4080,-2211.1821,3418.1533
2026-04-29 04:56:20.529,1448,2818.4821,-2212.6454,3420.7824
2026-04-29 04:56:20.534,1449,2820.8141,-2213.0770,3423.7379
2026-04-29 04:56:20.540,1450,2823.1456,-2214.0241,3426.8184
2026-04-29 04:56:20.545,1451,2825.2944,-2216.3029,3428.4982
2026-04-29 04:56:20.550,1452,2826.3855,-2218.8132,3429.8513
2026-04-29 04:56:20.560,1453,2828.4763,-2219.8605,3432.3060
2026-04-29 04:56:20.570,1454,2830.9669,-2220.9077,3435.1608
2026-04-29 04:56:20.579,1455,2832.8990,-2221.3391,3437.7156
2026-04-29 04:56:20.586,1456,2835.3137,-2222.3703,3440.7200
2026-04-29 04:56:20.591,1457,2839.1458,-2223.4174,3444.6001
2026-04-29 04:56:20.597,1458,2842.1191,-2224.1489,3448.1799
2026-04-29 04:56:20.603,1459,2845.0098,-2225.9963,3450.6356
2026-04-29 04:56:20.609,1460,2846.4600,-2228.1753,3452.3162
2026-04-29 04:56:20.615,1461,2848.5515,-2228.8227,3455.1725
2026-04-29 04:56:20.621,1462,2850.6429,-2229.8698,3457.6288
2026-04-29 04:56:20.627,1463,2851.6925,-2231.6481,3459.3095
2026-04-29 04:56:20.633,1464,2852.5009,-2234.4417,3460.0907
2026-04-29 04:56:20.638,1465,2855.6178,-2234.6572,3463.3721
2026-04-29 04:56:20.644,1466,2857.6095,-2236.4351,3465.6772
2026-04-29 04:56:20.649,1467,2860.8852,-2237.7820,3468.9821
2026-04-29 04:56:20.655,1468,2863.6189,-2238.7292,3472.4631
2026-04-29 04:56:20.661,1469,2865.6356,-2239.7606,3475.0691
2026-04-29 04:56:20.666,1470,2867.8856,-2241.0231,3477.8270
2026-04-29 04:56:20.672,1471,2871.0183,-2241.4545,3481.5850
2026-04-29 04:56:20.677,1472,2873.5928,-2243.1017,3484.4915
2026-04-29 04:56:20.683,1473,2876.0842,-2244.6648,3487.4753
2026-04-29 04:56:20.687,1474,2878.4172,-2246.5283,3490.2837
2026-04-29 04:56:20.690,1475,2881.3921,-2247.6600,3493.4689
2026-04-29 04:56:20.694,1476,2884.5261,-2248.4919,3496.8304
2026-04-29 04:56:20.698,1477,2886.0436,-2250.2556,3498.8880
2026-04-29 04:56:20.701,1478,2888.0359,-2252.0351,3501.1984
2026-04-29 04:56:20.705,1479,2890.5278,-2253.1989,3504.5843
2026-04-29 04:56:20.709,1480,2892.2775,-2255.5948,3506.3946
2026-04-29 04:56:20.712,1481,2893.4112,-2257.4587,3508.0047
2026-04-29 04:56:20.716,1482,2895.2452,-2259.4223,3509.6155
2026-04-29 04:56:20.719,1483,2897.7384,-2260.4700,3512.4789
2026-04-29 04:56:20.722,1484,2900.3732,-2262.0337,3515.2897
2026-04-29 04:56:20.729,1485,2901.8243,-2263.2973,3517.2528
2026-04-29 04:56:20.735,1486,2903.8005,-2264.4609,3519.4867
2026-04-29 04:56:20.741,1487,2905.9512,-2265.9402,3521.9718
2026-04-29 04:56:20.745,1488,2908.9269,-2266.6720,3525.5572
2026-04-29 04:56:20.748,1489,2910.8358,-2269.1676,3527.1427
2026-04-29 04:56:20.751,1490,2912.2027,-2270.8632,3529.3037
2026-04-29 04:56:20.754,1491,2914.3694,-2272.5588,3532.2647
2026-04-29 04:56:20.757,1492,2916.4445,-2273.9068,3534.3731
2026-04-29 04:56:20.760,1493,2918.2781,-2274.9546,3536.2578
2026-04-29 04:56:20.765,1494,2920.4535,-2275.6862,3539.0418
2026-04-29 04:56:20.770,1495,2922.2869,-2276.8493,3541.4501
2026-04-29 04:56:20.774,1496,2924.9199,-2277.8968,3544.1343
2026-04-29 04:56:20.778,1497,2927.1528,-2278.9440,3546.4178
2026-04-29 04:56:20.781,1498,2930.4276,-2279.3754,3549.9999
2026-04-29 04:56:20.785,1499,2931.9606,-2281.2384,3552.0066
2026-04-29 04:56:20.793,1500,2934.8521,-2282.8017,3555.3900
2026-04-29 04:56:20.797,1501,2936.9269,-2283.2332,3557.7734
2026-04-29 04:56:20.801,1502,2938.0601,-2285.0960,3559.3811
2026-04-29 04:56:20.804,1503,2938.8682,-2287.0897,3560.9651
2026-04-29 04:56:20.808,1504,2939.3591,-2289.6830,3562.1979
2026-04-29 04:56:20.812,1505,2941.6917,-2291.0296,3564.8844
2026-04-29 04:56:20.815,1506,2944.4826,-2291.8918,3568.2704
2026-04-29 04:56:20.818,1507,2947.7558,-2292.3230,3571.8557
2026-04-29 04:56:20.821,1508,2949.9054,-2294.6011,3573.5402
2026-04-29 04:56:20.824,1509,2951.6798,-2295.8479,3576.0484
2026-04-29 04:56:20.827,1510,2952.3706,-2297.9570,3577.4052
2026-04-29 04:56:20.831,1511,2955.9020,-2298.3882,3581.5662
2026-04-29 04:56:20.835,1512,2958.3747,-2299.2195,3583.9503
2026-04-29 04:56:20.838,1513,2959.4233,-2301.5129,3585.7591
2026-04-29 04:56:20.844,1514,2962.5545,-2302.4599,3589.6444
2026-04-29 04:56:20.850,1515,2964.0027,-2304.2381,3591.7304
2026-04-29 04:56:20.855,1516,2966.8751,-2305.5850,3594.6401
2026-04-29 04:56:20.861,1517,2969.0889,-2306.0163,3596.8488
2026-04-29 04:56:20.866,1518,2971.0785,-2307.7942,3599.1573
2026-04-29 04:56:20.872,1519,2973.8865,-2310.8725,3601.0176
2026-04-29 04:56:20.877,1520,2976.9200,-2311.9198,3604.1013
2026-04-29 04:56:20.883,1521,2979.6953,-2312.5671,3607.0083
2026-04-29 04:56:20.888,1522,2981.4449,-2314.5618,3609.2146
2026-04-29 04:56:20.893,1523,2983.2946,-2316.2250,3611.1722
2026-04-29 04:56:20.899,1524,2988.0115,-2316.4409,3616.0542
2026-04-29 04:56:20.904,1525,2990.5616,-2317.9207,3618.9352
2026-04-29 04:56:20.910,1526,2993.2532,-2319.4008,3621.6392
2026-04-29 04:56:20.915,1527,2995.3453,-2320.8489,3623.6937
2026-04-29 04:56:20.921,1528,2998.6214,-2321.6810,3626.8726
2026-04-29 04:56:20.926,1529,2999.6725,-2324.2611,3627.7512
2026-04-29 04:56:20.931,1530,3003.8501,-2324.4772,3632.4055
2026-04-29 04:56:20.937,1531,3005.1855,-2326.2574,3633.7333
2026-04-29 04:56:20.942,1532,3006.6212,-2328.3376,3635.4606
2026-04-29 04:56:20.947,1533,3009.3570,-2329.6858,3638.5388
2026-04-29 04:56:20.953,1534,3012.7352,-2330.8180,3642.1177
2026-04-29 04:56:20.958,1535,3014.2715,-2332.2825,3644.5220
2026-04-29 04:56:20.964,1536,3016.5651,-2333.7630,3646.8257
2026-04-29 04:56:20.968,1537,3017.2012,-2336.8759,3648.0031
2026-04-29 04:56:20.972,1538,3020.0953,-2338.4405,3651.3835
2026-04-29 04:56:20.975,1539,3022.8892,-2339.7054,3654.3639
2026-04-29 04:56:20.979,1540,3025.4254,-2340.9706,3656.7677
2026-04-29 04:56:20.982,1541,3027.8191,-2341.8358,3659.7461
2026-04-29 04:56:20.986,1542,3029.0705,-2343.9335,3660.7475
2026-04-29 04:56:20.989,1543,3031.6481,-2344.6660,3663.9243
2026-04-29 04:56:20.992,1544,3034.2837,-2345.3147,3667.0008
2026-04-29 04:56:20.996,1545,3036.6183,-2345.7472,3669.9520
2026-04-29 04:56:21.002,1546,3038.7115,-2347.1956,3672.0033
2026-04-29 04:56:21.009,1547,3040.6463,-2348.6602,3674.8046
2026-04-29 04:56:21.015,1548,3042.6977,-2351.1573,3676.2060
2026-04-29 04:56:21.020,1549,3044.4492,-2352.6381,3678.2814
2026-04-29 04:56:21.025,1550,3046.8425,-2354.4190,3680.9809
2026-04-29 04:56:21.032,1551,3048.9940,-2355.9001,3683.4553
2026-04-29 04:56:21.038,1552,3051.7291,-2357.3652,3687.0554
2026-04-29 04:56:21.044,1553,3053.5797,-2358.2306,3689.8055
2026-04-29 04:56:21.049,1554,3056.3133,-2359.5796,3692.8811
2026-04-29 04:56:21.055,1555,3058.8055,-2361.0286,3695.3318
2026-04-29 04:56:21.060,1556,3060.3982,-2362.8104,3697.2318
2026-04-29 04:56:21.066,1557,3062.5325,-2364.7087,3699.8822
2026-04-29 04:56:21.071,1558,3064.8664,-2366.0580,3702.5575
2026-04-29 04:56:21.077,1559,3066.5582,-2367.2236,3705.1334
2026-04-29 04:56:21.082,1560,3068.5504,-2368.8891,3706.9090
2026-04-29 04:56:21.088,1561,3068.8589,-2371.6198,3707.9345
2026-04-29 04:56:21.093,1562,3070.4671,-2373.5014,3709.7851
2026-04-29 04:56:21.097,1563,3073.1422,-2374.8830,3712.5353
2026-04-29 04:56:21.101,1564,3075.5335,-2376.2650,3715.6348
2026-04-29 04:56:21.105,1565,3077.7074,-2377.5144,3718.5339
2026-04-29 04:56:21.109,1566,3079.4815,-2378.6472,3720.5090
2026-04-29 04:56:21.114,1567,3081.5727,-2379.6962,3722.9594
2026-04-29 04:56:21.120,1568,3084.9474,-2380.8288,3726.5348
2026-04-29 04:56:21.126,1569,3087.1806,-2381.8779,3728.8101
2026-04-29 04:56:21.132,1570,3090.1561,-2382.4942,3731.8602
2026-04-29 04:56:21.137,1571,3092.5478,-2383.3595,3734.8350
2026-04-29 04:56:21.141,1572,3094.5556,-2384.4412,3737.8844
2026-04-29 04:56:21.145,1573,3096.4045,-2386.1064,3739.8337
2026-04-29 04:56:21.148,1574,3098.8955,-2387.5553,3742.2830
2026-04-29 04:56:21.152,1575,3101.1448,-2388.4205,3745.4324
2026-04-29 04:56:21.155,1576,3103.5349,-2389.2858,3748.4064
2026-04-29 04:56:21.158,1577,3106.7488,-2389.8021,3752.0805
2026-04-29 04:56:21.162,1578,3108.1972,-2391.0673,3754.0296
2026-04-29 04:56:21.165,1579,3110.4459,-2393.5323,3755.5787
2026-04-29 04:56:21.168,1580,3111.7370,-2395.6136,3757.4783
2026-04-29 04:56:21.171,1581,3114.1529,-2396.1298,3760.3538
2026-04-29 04:56:21.174,1582,3117.5272,-2396.3460,3764.2046
2026-04-29 04:56:21.177,1583,3119.7010,-2397.5946,3767.1056
2026-04-29 04:56:21.181,1584,3122.4333,-2398.4269,3770.0575
2026-04-29 04:56:21.184,1585,3123.0825,-2400.7239,3771.4594
2026-04-29 04:56:21.187,1586,3125.1561,-2402.1884,3774.0869
2026-04-29 04:56:21.191,1587,3125.9636,-2404.5851,3775.2653
2026-04-29 04:56:21.194,1588,3127.3955,-2406.2655,3777.3929
2026-04-29 04:56:21.197,1589,3129.5690,-2407.3976,3779.7721
2026-04-29 04:56:21.201,1590,3132.3596,-2409.0618,3782.3508
2026-04-29 04:56:21.204,1591,3134.8336,-2410.0101,3785.2539
2026-04-29 04:56:21.207,1592,3137.2247,-2412.0745,3787.0318
2026-04-29 04:56:21.211,1593,3138.9916,-2414.5711,3788.7848
2026-04-29 04:56:21.214,1594,3142.7679,-2414.7873,3793.0378
2026-04-29 04:56:21.217,1595,3145.5856,-2415.3035,3796.3160
2026-04-29 04:56:21.221,1596,3148.3195,-2416.2520,3799.7942
2026-04-29 04:56:21.224,1597,3150.4115,-2418.2169,3801.9730
2026-04-29 04:56:21.227,1598,3153.1460,-2419.0492,3804.9276
2026-04-29 04:56:21.230,1599,3155.5383,-2419.9140,3807.9068
2026-04-29 04:56:21.233,1600,3158.6719,-2421.2627,3811.3856
2026-04-29 04:56:21.236,1601,3161.2474,-2421.9953,3814.5647
2026-04-29 04:56:21.240,1602,3162.6974,-2422.8602,3816.9197
2026-04-29 04:56:21.243,1603,3163.8889,-2425.5574,3818.1481
2026-04-29 04:56:21.246,1604,3166.2974,-2427.4387,3820.8034
2026-04-29 04:56:21.249,1605,3168.7890,-2428.0874,3824.0587
2026-04-29 04:56:21.252,1606,3170.6220,-2429.6524,3826.0625
2026-04-29 04:56:21.256,1607,3172.7963,-2430.9011,3828.9669
2026-04-29 04:56:21.259,1608,3175.4461,-2432.5659,3831.7231
2026-04-29 04:56:21.262,1609,3178.8209,-2433.2985,3835.7041
2026-04-29 04:56:21.266,1610,3182.9958,-2433.9149,3839.9608
2026-04-29 04:56:21.269,1611,3185.8126,-2434.4313,3843.2420
2026-04-29 04:56:21.273,1612,3188.0624,-2435.2970,3846.3993
2026-04-29 04:56:21.276,1613,3190.0528,-2436.1627,3848.9801
2026-04-29 04:56:21.280,1614,3191.9843,-2437.5118,3851.2611
2026-04-29 04:56:21.283,1615,3193.3331,-2439.5099,3853.0663
2026-04-29 04:56:21.286,1616,3195.4236,-2441.4753,3855.2477
2026-04-29 04:56:21.289,1617,3196.9307,-2443.1734,3857.2292
2026-04-29 04:56:21.293,1618,3199.5039,-2444.8226,3860.1348
2026-04-29 04:56:21.297,1619,3203.3190,-2445.2554,3863.9402
2026-04-29 04:56:21.301,1620,3206.6515,-2446.9214,3866.7444
2026-04-29 04:56:21.306,1621,3209.1426,-2448.4877,3869.7237
2026-04-29 04:56:21.310,1622,3210.3507,-2451.0041,3871.8283
2026-04-29 04:56:21.313,1623,3211.2998,-2452.6038,3873.6336
2026-04-29 04:56:21.316,1624,3213.8726,-2453.3370,3876.8142
2026-04-29 04:56:21.320,1625,3217.8037,-2454.2872,3881.4953
2026-04-29 04:56:21.323,1626,3219.2345,-2455.8542,3883.1011
2026-04-29 04:56:21.328,1627,3220.8243,-2457.5207,3884.4820
2026-04-29 04:56:21.334,1628,3222.7563,-2459.2704,3886.3625
2026-04-29 04:56:21.340,1629,3224.6889,-2460.1035,3888.5191
2026-04-29 04:56:21.345,1630,3227.0803,-2461.3694,3891.1000
2026-04-29 04:56:21.351,1631,3228.3708,-2463.0518,3893.4051
2026-04-29 04:56:21.357,1632,3229.9780,-2464.5341,3895.6620
2026-04-29 04:56:21.362,1633,3231.6511,-2466.3998,3897.4920
2026-04-29 04:56:21.367,1634,3234.0583,-2467.4820,3900.9493
2026-04-29 04:56:21.371,1635,3235.5887,-2468.9477,3903.3555
2026-04-29 04:56:21.375,1636,3237.1775,-2470.7300,3905.2624
2026-04-29 04:56:21.378,1637,3239.2248,-2472.5454,3907.9924
2026-04-29 04:56:21.382,1638,3242.0953,-2473.3784,3910.7738
2026-04-29 04:56:21.386,1639,3243.7658,-2474.8444,3913.0033
2026-04-29 04:56:21.391,1640,3245.6363,-2476.6267,3914.5565
2026-04-29 04:56:21.395,1641,3247.4658,-2478.3091,3917.0849
2026-04-29 04:56:21.398,1642,3248.8131,-2481.1079,3918.0890
2026-04-29 04:56:21.401,1643,3250.6614,-2483.2904,3920.1685
2026-04-29 04:56:21.404,1644,3252.5091,-2484.1563,3922.9241
2026-04-29 04:56:21.412,1645,3255.0386,-2485.5388,3925.8523
2026-04-29 04:56:21.416,1646,3257.2858,-2487.2048,3928.2069
2026-04-29 04:56:21.420,1647,3259.1329,-2488.9876,3930.6860
2026-04-29 04:56:21.423,1648,3261.9212,-2490.6539,3933.2651
2026-04-29 04:56:21.427,1649,3264.9508,-2491.8205,3936.8683
2026-04-29 04:56:21.431,1650,3267.0217,-2493.1705,3938.9712
2026-04-29 04:56:21.435,1651,3269.6515,-2494.2204,3941.6496
2026-04-29 04:56:21.438,1652,3271.1813,-2495.6870,3944.0525
2026-04-29 04:56:21.441,1653,3272.9281,-2497.2869,3946.6558
2026-04-29 04:56:21.445,1654,3274.8562,-2498.2368,3949.3347
2026-04-29 04:56:21.449,1655,3276.5431,-2498.8865,3951.7893
2026-04-29 04:56:21.453,1656,3278.6294,-2500.5693,3954.8936
2026-04-29 04:56:21.455,1657,3280.7151,-2502.0191,3956.9493
2026-04-29 04:56:21.459,1658,3282.7830,-2502.4521,3959.3291
2026-04-29 04:56:21.463,1659,3285.9918,-2502.4521,3962.8840
2026-04-29 04:56:21.467,1660,3287.7375,-2505.2507,3964.2879
2026-04-29 04:56:21.470,1661,3290.4661,-2506.4837,3966.8425
2026-04-29 04:56:21.473,1662,3291.8310,-2509.3823,3967.7972
2026-04-29 04:56:21.477,1663,3294.2196,-2510.2480,3970.7760
2026-04-29 04:56:21.482,1664,3295.3844,-2513.1796,3971.5782
2026-04-29 04:56:21.487,1665,3297.4558,-2514.1289,3974.0803
2026-04-29 04:56:21.492,1666,3299.2032,-2515.6111,3976.1566
2026-04-29 04:56:21.497,1667,3300.7915,-2516.8765,3977.9330
2026-04-29 04:56:21.501,1668,3301.9981,-2518.7580,3979.3837
2026-04-29 04:56:21.506,1669,3303.1277,-2520.7393,3981.5095
2026-04-29 04:56:21.509,1670,3304.8167,-2523.6205,3983.0118
2026-04-29 04:56:21.512,1671,3307.9477,-2524.4530,3986.3652
2026-04-29 04:56:21.516,1672,3309.6373,-2526.5346,3988.6682
2026-04-29 04:56:21.519,1673,3312.6096,-2526.7509,3992.1226
2026-04-29 04:56:21.523,1674,3314.1405,-2528.6160,3994.1270
2026-04-29 04:56:21.526,1675,3317.4126,-2529.0486,3997.7064
2026-04-29 04:56:21.529,1676,3319.0022,-2531.2300,3999.2100
2026-04-29 04:56:21.533,1677,3320.7332,-2532.0950,4001.2132
2026-04-29 04:56:21.536,1678,3323.4640,-2533.4436,4004.2914
2026-04-29 04:56:21.540,1679,3325.8365,-2535.0086,4006.5186
2026-04-29 04:56:21.543,1680,3327.4436,-2537.8062,4008.0961
2026-04-29 04:56:21.546,1681,3329.3757,-2538.7550,4010.7741
2026-04-29 04:56:21.550,1682,3331.3079,-2540.5036,4012.6524
2026-04-29 04:56:21.554,1683,3332.9987,-2541.6683,4015.2312
2026-04-29 04:56:21.558,1684,3334.9307,-2543.0168,4017.5105
2026-04-29 04:56:21.561,1685,3336.3383,-2545.7298,4018.4143
2026-04-29 04:56:21.564,1686,3338.7465,-2547.2107,4021.4681
2026-04-29 04:56:21.567,1687,3340.9124,-2548.5082,4024.8218
2026-04-29 04:56:21.570,1688,3341.6192,-2551.1220,4025.7251
2026-04-29 04:56:21.574,1689,3344.7508,-2552.3545,4028.6787
2026-04-29 04:56:21.577,1690,3345.8415,-2554.3520,4029.9059
2026-04-29 04:56:21.581,1691,3346.9737,-2556.7332,4031.6331
2026-04-29 04:56:21.584,1692,3349.9472,-2556.9494,4035.0873
2026-04-29 04:56:21.588,1693,3353.7205,-2557.1656,4039.3414
2026-04-29 04:56:21.592,1694,3355.2523,-2559.5468,4041.4701
2026-04-29 04:56:21.595,1695,3356.8012,-2561.4607,4042.9988
2026-04-29 04:56:21.598,1696,3359.0329,-2563.0257,4045.4017
2026-04-29 04:56:21.602,1697,3361.6647,-2563.6746,4048.4792
2026-04-29 04:56:21.606,1698,3363.6375,-2565.2397,4050.3055
2026-04-29 04:56:21.609,1699,3365.5689,-2566.7046,4053.1077
2026-04-29 04:56:21.612,1700,3367.8175,-2568.3697,4055.4604
2026-04-29 04:56:21.615,1701,3368.6251,-2570.3671,4057.0382
2026-04-29 04:56:21.618,1702,3369.4323,-2572.7642,4058.2163
2026-04-29 04:56:21.621,1703,3371.7634,-2573.1965,4061.1700
2026-04-29 04:56:21.624,1704,3373.6115,-2575.4936,4063.7735
2026-04-29 04:56:21.627,1705,3375.6248,-2577.0422,4066.5024
2026-04-29 04:56:21.630,1706,3378.8966,-2577.4746,4070.0828
2026-04-29 04:56:21.633,1707,3380.3442,-2579.2557,4072.1628
2026-04-29 04:56:21.637,1708,3381.4744,-2581.6367,4073.8926
2026-04-29 04:56:21.640,1709,3383.8042,-2583.6177,4077.2233
2026-04-29 04:56:21.644,1710,3385.4926,-2585.2993,4079.9311
2026-04-29 04:56:21.647,1711,3388.4626,-2585.5156,4083.3913
2026-04-29 04:56:21.650,1712,3389.8916,-2587.0806,4084.9998
2026-04-29 04:56:21.654,1713,3391.3383,-2588.9780,4087.6084
2026-04-29 04:56:21.657,1714,3393.9665,-2590.5431,4090.4172
2026-04-29 04:56:21.660,1715,3395.8131,-2593.1245,4092.1023
2026-04-29 04:56:21.663,1716,3396.8605,-2596.6223,4092.7120
2026-04-29 04:56:21.666,1717,3398.4334,-2598.1874,4094.1453
2026-04-29 04:56:21.669,1718,3399.8823,-2599.4522,4096.1067
2026-04-29 04:56:21.673,1719,3402.2963,-2600.4845,4099.1162
2026-04-29 04:56:21.677,1720,3404.6858,-2601.3491,4102.1020
2026-04-29 04:56:21.682,1721,3407.2575,-2601.5653,4105.1637
2026-04-29 04:56:21.686,1722,3410.3879,-2602.3976,4108.5254
2026-04-29 04:56:21.689,1723,3411.3182,-2604.2942,4109.9820
2026-04-29 04:56:21.693,1724,3413.8661,-2606.1746,4112.4668
2026-04-29 04:56:21.697,1725,3416.0551,-2607.9880,4115.0226
2026-04-29 04:56:21.701,1726,3419.4257,-2608.2042,4118.8814
2026-04-29 04:56:21.704,1727,3421.5146,-2610.1692,4121.0647
2026-04-29 04:56:21.707,1728,3423.3627,-2612.7505,4122.7482
2026-04-29 04:56:21.711,1729,3424.6528,-2615.5807,4123.4275
2026-04-29 04:56:21.714,1730,3426.5849,-2617.8460,4125.4338
2026-04-29 04:56:21.717,1731,3429.7178,-2619.1950,4128.9166
2026-04-29 04:56:21.720,1732,3432.8511,-2620.5443,4132.3998
2026-04-29 04:56:21.724,1733,3434.7428,-2622.4265,4133.9069
2026-04-29 04:56:21.728,1734,3436.8353,-2624.3922,4136.0893
2026-04-29 04:56:21.733,1735,3441.3277,-2625.4418,4140.9479
2026-04-29 04:56:21.737,1736,3443.5617,-2626.6083,4143.7552
2026-04-29 04:56:21.740,1737,3446.3541,-2627.8750,4146.7377
2026-04-29 04:56:21.743,1738,3448.6881,-2629.2252,4149.4198
2026-04-29 04:56:21.747,1739,3450.9382,-2630.4920,4152.1780
2026-04-29 04:56:21.751,1740,3451.5051,-2633.5090,4152.8608
2026-04-29 04:56:21.756,1741,3453.7391,-2634.1590,4155.5433
2026-04-29 04:56:21.762,1742,3455.9151,-2635.8088,4158.0501
2026-04-29 04:56:21.768,1743,3458.0073,-2636.4587,4160.9091
2026-04-29 04:56:21.775,1744,3460.1738,-2638.1585,4163.8681
2026-04-29 04:56:21.781,1745,3462.2648,-2639.2084,4166.3271
2026-04-29 04:56:21.787,1746,3465.5394,-2640.5585,4169.6342
2026-04-29 04:56:21.793,1747,3466.6893,-2642.8753,4170.3647
2026-04-29 04:56:21.799,1748,3467.8974,-2645.3921,4172.4704
2026-04-29 04:56:21.804,1749,3470.0312,-2647.0588,4174.0761
2026-04-29 04:56:21.809,1750,3473.0066,-2647.7921,4177.6572
2026-04-29 04:56:21.816,1751,3475.1401,-2648.6589,4180.0620
2026-04-29 04:56:21.821,1752,3477.7731,-2649.3090,4183.1413
2026-04-29 04:56:21.825,1753,3479.8473,-2650.2590,4185.6453
2026-04-29 04:56:21.829,1754,3483.0629,-2650.7756,4189.3244
2026-04-29 04:56:21.833,1755,3486.0954,-2651.8257,4192.4037
2026-04-29 04:56:21.837,1756,3488.5864,-2652.8758,4195.2579
2026-04-29 04:56:21.840,1757,3490.7188,-2654.2593,4197.7852
2026-04-29 04:56:21.844,1758,3492.9510,-2655.8261,4200.1881
2026-04-29 04:56:21.848,1759,3495.0246,-2656.7762,4202.6908
2026-04-29 04:56:21.853,1760,3497.7565,-2657.2095,4206.0437
2026-04-29 04:56:21.858,1761,3500.5300,-2658.2595,4208.5455
2026-04-29 04:56:21.862,1762,3501.7376,-2660.6595,4210.1219
2026-04-29 04:56:21.866,1763,3503.2699,-2662.5260,4212.1239
2026-04-29 04:56:21.870,1764,3505.6606,-2664.3093,4214.8259
2026-04-29 04:56:21.873,1765,3507.9933,-2666.0593,4217.1035
2026-04-29 04:56:21.877,1766,3510.4849,-2667.1094,4219.9568
2026-04-29 04:56:21.881,1767,3512.9762,-2668.2761,4223.3349
2026-04-29 04:56:21.885,1768,3515.4667,-2669.4432,4226.7134
2026-04-29 04:56:21.889,1769,3518.2399,-2670.6103,4229.7405
2026-04-29 04:56:21.893,1770,3520.8133,-2671.2272,4232.3939
2026-04-29 04:56:21.897,1771,3521.9035,-2673.7444,4233.7460
2026-04-29 04:56:21.901,1772,3523.3527,-2675.9282,4235.4241
2026-04-29 04:56:21.905,1773,3525.3435,-2677.1951,4237.6018
2026-04-29 04:56:21.909,1774,3527.9174,-2677.9285,4240.7795
2026-04-29 04:56:21.912,1775,3529.1080,-2679.7118,4242.2822
2026-04-29 04:56:21.915,1776,3530.7153,-2681.1951,4244.5353
2026-04-29 04:56:21.919,1777,3532.8881,-2681.4117,4247.1884
2026-04-29 04:56:21.923,1778,3535.2191,-2682.3613,4250.2666
2026-04-29 04:56:21.926,1779,3537.3084,-2683.9274,4252.8450
2026-04-29 04:56:21.929,1780,3538.7390,-2685.4934,4254.4483
2026-04-29 04:56:21.932,1781,3540.5700,-2687.5757,4256.5762
2026-04-29 04:56:21.936,1782,3541.6597,-2689.5745,4257.8039
2026-04-29 04:56:21.939,1783,3543.3489,-2690.7403,4260.3820
2026-04-29 04:56:21.942,1784,3544.6381,-2692.8224,4262.2856
2026-04-29 04:56:21.946,1785,3547.4276,-2694.0882,4265.2646
2026-04-29 04:56:21.949,1786,3548.2929,-2697.3199,4266.0679
2026-04-29 04:56:21.953,1787,3551.8243,-2699.0695,4269.5466
2026-04-29 04:56:21.956,1788,3553.3317,-2701.1691,4271.1249
2026-04-29 04:56:21.960,1789,3555.3394,-2703.8520,4272.5786
2026-04-29 04:56:21.967,1790,3556.6312,-2705.4183,4274.3570
2026-04-29 04:56:21.972,1791,3559.1229,-2706.4678,4277.2111
2026-04-29 04:56:21.975,1792,3561.7562,-2707.1175,4280.2893
2026-04-29 04:56:21.981,1793,3564.2473,-2708.1671,4283.1428
2026-04-29 04:56:21.985,1794,3565.2969,-2710.8662,4284.5459
2026-04-29 04:56:21.988,1795,3567.2884,-2712.1323,4286.7244
2026-04-29 04:56:21.991,1796,3569.5212,-2712.7817,4289.4025
2026-04-29 04:56:21.994,1797,3572.3959,-2713.6146,4292.1802
2026-04-29 04:56:21.998,1798,3573.8456,-2715.3967,4294.2576
2026-04-29 04:56:22.003,1799,3575.8367,-2717.1788,4296.5597
2026-04-29 04:56:22.010,1800,3576.4866,-2719.8773,4297.5621
2026-04-29 04:56:22.016,1801,3578.1783,-2722.3594,4299.4653
2026-04-29 04:56:22.020,1802,3579.6291,-2725.0580,4301.2694
2026-04-29 04:56:22.025,1803,3581.4797,-2726.7236,4303.2250
2026-04-29 04:56:22.029,1804,3583.6307,-2728.2058,4305.7048
2026-04-29 04:56:22.033,1805,3584.9230,-2729.7713,4307.4842
2026-04-29 04:56:22.039,1806,3586.5319,-2732.0532,4308.9396
2026-04-29 04:56:22.046,1807,3587.5833,-2734.7512,4310.3442
2026-04-29 04:56:22.052,1808,3588.6350,-2737.0493,4312.1499
2026-04-29 04:56:22.058,1809,3592.3281,-2738.0984,4316.2072
2026-04-29 04:56:22.064,1810,3593.9376,-2739.9807,4318.0645
2026-04-29 04:56:22.070,1811,3595.6891,-2741.9795,4320.2701
2026-04-29 04:56:22.075,1812,3598.6659,-2742.1959,4323.7272
2026-04-29 04:56:22.080,1813,3601.1590,-2744.6784,4326.4333
2026-04-29 04:56:22.085,1814,3603.8943,-2745.6281,4329.9159
2026-04-29 04:56:22.088,1815,3607.3288,-2746.2780,4333.7981
2026-04-29 04:56:22.092,1816,3610.2213,-2747.8450,4337.1803
2026-04-29 04:56:22.096,1817,3612.9556,-2748.7954,4340.6630
2026-04-29 04:56:22.100,1818,3614.9475,-2749.6624,4343.2455
2026-04-29 04:56:22.103,1819,3617.8225,-2750.4958,4346.0274
2026-04-29 04:56:22.106,1820,3620.5396,-2751.7461,4349.1579
2026-04-29 04:56:22.111,1821,3623.0312,-2752.7964,4352.0157
2026-04-29 04:56:22.114,1822,3625.3645,-2753.2299,4354.9735
2026-04-29 04:56:22.118,1823,3627.2560,-2754.3134,4357.2789
2026-04-29 04:56:22.121,1824,3629.2471,-2755.9801,4359.0593
2026-04-29 04:56:22.125,1825,3630.7382,-2757.5801,4361.0880
2026-04-29 04:56:22.128,1826,3632.1872,-2758.9634,4363.5675
2026-04-29 04:56:22.132,1827,3635.2015,-2759.3967,4366.5714
2026-04-29 04:56:22.136,1828,3638.0910,-2760.5632,4370.3503
2026-04-29 04:56:22.140,1829,3639.2802,-2762.3467,4371.8538
2026-04-29 04:56:22.143,1830,3641.5114,-2763.7967,4373.7321
2026-04-29 04:56:22.146,1831,3643.2022,-2766.1632,4375.1103
2026-04-29 04:56:22.149,1832,3646.0933,-2767.2130,4378.3644
2026-04-29 04:56:22.154,1833,3648.3263,-2768.7796,4380.7676
2026-04-29 04:56:22.157,1834,3651.4425,-2768.9962,4384.0460
2026-04-29 04:56:22.162,1835,3652.3342,-2771.8792,4384.7489
2026-04-29 04:56:22.166,1836,3655.2263,-2772.5289,4388.4031
2026-04-29 04:56:22.170,1837,3657.4599,-2774.0954,4390.8067
2026-04-29 04:56:22.173,1838,3658.8682,-2775.6118,4392.9091
2026-04-29 04:56:22.176,1839,3661.3597,-2777.5784,4395.4865
2026-04-29 04:56:22.182,1840,3662.8096,-2779.3616,4397.5644
2026-04-29 04:56:22.185,1841,3664.8842,-2780.8282,4400.1920
2026-04-29 04:56:22.188,1842,3667.4169,-2782.6116,4402.7192
2026-04-29 04:56:22.191,1843,3668.3833,-2785.2286,4404.1972
2026-04-29 04:56:22.195,1844,3669.2741,-2787.4290,4406.2249
2026-04-29 04:56:22.198,1845,3671.1232,-2788.6957,4408.5798
2026-04-29 04:56:22.202,1846,3674.4964,-2788.9124,4412.4347
2026-04-29 04:56:22.205,1847,3676.4279,-2789.8624,4415.1145
2026-04-29 04:56:22.209,1848,3679.2180,-2791.1292,4418.0939
2026-04-29 04:56:22.213,1849,3682.5074,-2791.7795,4422.1486
2026-04-29 04:56:22.217,1850,3685.8790,-2791.9963,4426.0033
2026-04-29 04:56:22.221,1851,3687.5680,-2793.5633,4428.1826
2026-04-29 04:56:22.224,1852,3688.8569,-2795.1303,4429.9624
2026-04-29 04:56:22.227,1853,3691.4046,-2797.0140,4432.4421
2026-04-29 04:56:22.230,1854,3693.9763,-2797.7475,4435.6220
2026-04-29 04:56:22.234,1855,3695.6654,-2799.3144,4437.8021
2026-04-29 04:56:22.237,1856,3698.5544,-2800.3647,4441.0580
2026-04-29 04:56:22.241,1857,3700.7851,-2801.8149,4442.9383
2026-04-29 04:56:22.245,1858,3702.1332,-2803.4152,4445.1422
2026-04-29 04:56:22.248,1859,3705.0225,-2805.7821,4447.7222
2026-04-29 04:56:22.252,1860,3706.7958,-2806.9157,4449.7025
2026-04-29 04:56:22.256,1861,3708.3274,-2807.8657,4451.9830
2026-04-29 04:56:22.259,1862,3710.2585,-2809.3322,4454.7886
2026-04-29 04:56:22.263,1863,3711.6892,-2810.4986,4456.7946
2026-04-29 04:56:22.266,1864,3713.2786,-2812.6814,4458.3003
2026-04-29 04:56:22.269,1865,3716.2512,-2813.8146,4461.4817
2026-04-29 04:56:22.272,1866,3717.9239,-2815.2808,4463.7118
2026-04-29 04:56:22.275,1867,3721.6966,-2815.4974,4467.9696
2026-04-29 04:56:22.279,1868,3724.1867,-2816.9472,4470.4274
2026-04-29 04:56:22.282,1869,3726.2767,-2818.1137,4473.4098
2026-04-29 04:56:22.285,1870,3728.1080,-2820.1968,4475.5407
2026-04-29 04:56:22.288,1871,3729.9392,-2821.7632,4477.5474
2026-04-29 04:56:22.291,1872,3731.5293,-2823.0296,4479.3297
2026-04-29 04:56:22.295,1873,3732.8604,-2824.9288,4481.1844
2026-04-29 04:56:22.298,1874,3734.7326,-2825.7948,4483.0139
2026-04-29 04:56:22.302,1875,3736.0801,-2827.3936,4485.2184
2026-04-29 04:56:22.306,1876,3739.0510,-2828.1265,4488.7983
2026-04-29 04:56:22.309,1877,3740.9807,-2829.4760,4491.0784
2026-04-29 04:56:22.313,1878,3742.9696,-2831.1418,4492.8587
2026-04-29 04:56:22.316,1879,3744.9416,-2832.7075,4494.6874
2026-04-29 04:56:22.319,1880,3746.3719,-2834.3894,4496.8154
2026-04-29 04:56:22.322,1881,3747.1197,-2837.2204,4497.2680
2026-04-29 04:56:22.326,1882,3749.2678,-2839.1022,4499.3455
2026-04-29 04:56:22.329,1883,3753.0401,-2839.8351,4503.7229
2026-04-29 04:56:22.333,1884,3754.7296,-2841.4010,4505.9008
2026-04-29 04:56:22.337,1885,3756.9611,-2843.3668,4507.9037
2026-04-29 04:56:22.341,1886,3757.0440,-2846.8149,4508.3819
2026-04-29 04:56:22.344,1887,3760.0173,-2847.9479,4511.5606
2026-04-29 04:56:22.347,1888,3762.0248,-2849.4303,4514.2150
2026-04-29 04:56:22.351,1889,3763.8733,-2851.2128,4516.6940
2026-04-29 04:56:22.355,1890,3765.9220,-2853.3119,4518.4971
2026-04-29 04:56:22.358,1891,3768.1708,-2854.5782,4521.2506
2026-04-29 04:56:22.361,1892,3770.6437,-2856.9613,4524.0029
2026-04-29 04:56:22.365,1893,3773.5173,-2857.7946,4526.7814
2026-04-29 04:56:22.369,1894,3775.3493,-2859.4777,4529.3089
2026-04-29 04:56:22.373,1895,3776.6984,-2861.8774,4530.7119
2026-04-29 04:56:22.377,1896,3777.7301,-2863.5606,4532.4391
2026-04-29 04:56:22.380,1897,3780.8031,-2864.4271,4535.4662
2026-04-29 04:56:22.383,1898,3782.8175,-2865.9771,4538.1931
2026-04-29 04:56:22.386,1899,3785.0487,-2867.1437,4540.9960
2026-04-29 04:56:22.389,1900,3787.8215,-2868.7105,4543.6230
2026-04-29 04:56:22.393,1901,3789.4944,-2870.5771,4545.4494
2026-04-29 04:56:22.396,1902,3792.2266,-2871.4104,4548.4020
2026-04-29 04:56:22.400,1903,3795.1173,-2872.4604,4551.6546
2026-04-29 04:56:22.404,1904,3799.1323,-2872.4604,4556.0072
2026-04-29 04:56:22.407,1905,3800.7393,-2873.5439,4558.6598
2026-04-29 04:56:22.410,1906,3803.2119,-2874.8941,4561.1622
2026-04-29 04:56:22.414,1907,3805.4430,-2876.0609,4563.9641
2026-04-29 04:56:22.417,1908,3807.1736,-2877.9615,4566.2155
2026-04-29 04:56:22.420,1909,3809.3220,-2880.2452,4567.8919
2026-04-29 04:56:22.424,1910,3811.8119,-2881.8122,4570.8684
2026-04-29 04:56:22.427,1911,3813.9847,-2883.0626,4573.7701
2026-04-29 04:56:22.431,1912,3815.6742,-2883.7130,4576.2227
2026-04-29 04:56:22.435,1913,3818.0631,-2884.5800,4579.1994
2026-04-29 04:56:22.439,1914,3820.5928,-2885.8469,4581.6003
2026-04-29 04:56:22.444,1915,3823.3818,-2887.5140,4584.1757
2026-04-29 04:56:22.450,1916,3826.9124,-2887.9478,4588.3257
2026-04-29 04:56:22.457,1917,3829.2427,-2889.2983,4591.0012
2026-04-29 04:56:22.463,1918,3832.2727,-2889.9488,4594.4761
2026-04-29 04:56:22.469,1919,3833.3964,-2891.8670,4596.5259
2026-04-29 04:56:22.475,1920,3836.6077,-2891.8670,4600.0757
2026-04-29 04:56:22.479,1921,3839.4776,-2892.8176,4603.3755
2026-04-29 04:56:22.484,1922,3842.2064,-2893.2514,4606.7251
2026-04-29 04:56:22.488,1923,3844.6939,-2895.2190,4609.2999
2026-04-29 04:56:22.492,1924,3847.7227,-2896.2698,4612.3745
2026-04-29 04:56:22.496,1925,3850.3517,-2896.9207,4615.4485
2026-04-29 04:56:22.499,1926,3852.2625,-2898.6885,4617.8978
2026-04-29 04:56:22.503,1927,3853.2325,-2900.8562,4619.3226
2026-04-29 04:56:22.507,1928,3855.2202,-2902.2407,4622.0232
2026-04-29 04:56:22.514,1929,3856.0845,-2904.5591,4623.0984
2026-04-29 04:56:22.521,1930,3857.6133,-2906.3097,4624.5738
2026-04-29 04:56:22.528,1931,3858.8425,-2908.3105,4625.6237
2026-04-29 04:56:22.534,1932,3862.2128,-2908.5273,4629.4728
2026-04-29 04:56:22.540,1933,3864.8422,-2910.4945,4631.8719
2026-04-29 04:56:22.546,1934,3867.4546,-2911.4450,4634.5957
2026-04-29 04:56:22.556,1935,3870.3257,-2912.3955,4637.8941
2026-04-29 04:56:22.563,1936,3870.7315,-2914.9135,4639.1926
2026-04-29 04:56:22.569,1937,3872.6609,-2916.2641,4641.4667
2026-04-29 04:56:22.575,1938,3875.2902,-2916.9145,4644.5410
2026-04-29 04:56:22.581,1939,3878.0198,-2918.6649,4647.2148
2026-04-29 04:56:22.587,1940,3879.6083,-2920.4490,4649.1137
2026-04-29 04:56:22.593,1941,3882.4796,-2921.7995,4652.0127
2026-04-29 04:56:22.599,1942,3886.1510,-2922.7502,4656.1116
2026-04-29 04:56:22.605,1943,3888.9402,-2924.4181,4658.6850
2026-04-29 04:56:22.610,1944,3890.7117,-2925.6691,4661.1837
2026-04-29 04:56:22.616,1945,3892.5598,-2928.2539,4662.8576
2026-04-29 04:56:22.622,1946,3895.6915,-2930.0050,4665.9320
2026-04-29 04:56:22.628,1947,3898.5649,-2930.9562,4669.2318
2026-04-29 04:56:22.634,1948,3899.4304,-2933.3929,4670.8312
2026-04-29 04:56:22.640,1949,3901.8199,-2935.1787,4673.5307
2026-04-29 04:56:22.646,1950,3905.1924,-2935.9130,4677.5053
2026-04-29 04:56:22.652,1951,3907.2644,-2936.8647,4680.0049
2026-04-29 04:56:22.656,1952,3908.8778,-2938.9334,4682.4551
2026-04-29 04:56:22.661,1953,3911.1082,-2940.1021,4685.2558
2026-04-29 04:56:22.665,1954,3915.4210,-2940.3194,4689.7314
2026-04-29 04:56:22.669,1955,3917.2687,-2942.1058,4692.2068
2026-04-29 04:56:22.672,1956,3918.5575,-2944.5922,4693.7080
2026-04-29 04:56:22.675,1957,3919.3466,-2947.4132,4695.0591
2026-04-29 04:56:22.678,1958,3920.8770,-2948.3648,4697.3365
2026-04-29 04:56:22.682,1959,3922.7250,-2950.0336,4699.2895
2026-04-29 04:56:22.685,1960,3925.3725,-2951.3024,4702.4424
2026-04-29 04:56:22.688,1961,3927.1438,-2952.5540,4704.9450
2026-04-29 04:56:22.692,1962,3929.6739,-2954.3400,4707.4728
2026-04-29 04:56:22.696,1963,3930.6218,-2956.7433,4708.4754
2026-04-29 04:56:22.703,1964,3931.7110,-2958.7463,4709.7025
2026-04-29 04:56:22.709,1965,3934.2004,-2960.5979,4711.7546
2026-04-29 04:56:22.716,1966,3936.8491,-2961.8667,4714.9066
2026-04-29 04:56:22.722,1967,3938.4979,-2964.4872,4716.4329
2026-04-29 04:56:22.727,1968,3940.3465,-2966.1561,4718.3841
2026-04-29 04:56:22.731,1969,3942.1784,-2967.3250,4720.7850
2026-04-29 04:56:22.736,1970,3945.1099,-2968.7110,4724.1102
2026-04-29 04:56:22.740,1971,3947.7410,-2969.3628,4727.1854
2026-04-29 04:56:22.746,1972,3951.0307,-2970.8147,4730.4350
2026-04-29 04:56:22.751,1973,3953.5213,-2972.7841,4733.0101
2026-04-29 04:56:22.757,1974,3955.6114,-2973.9537,4735.9854
2026-04-29 04:56:22.762,1975,3957.4600,-2975.2231,4738.3360
2026-04-29 04:56:22.768,1976,3960.0910,-2976.3926,4741.5362
2026-04-29 04:56:22.774,1977,3962.3219,-2977.8447,4743.4113
2026-04-29 04:56:22.781,1978,3964.9707,-2979.5142,4746.1611
2026-04-29 04:56:22.787,1979,3968.4025,-2980.5665,4749.6355
2026-04-29 04:56:22.793,1980,3969.7514,-2982.9713,4751.0347
2026-04-29 04:56:22.799,1981,3971.3008,-2985.2938,4752.1579
2026-04-29 04:56:22.805,1982,3973.7166,-2986.3287,4755.1562
2026-04-29 04:56:22.811,1983,3974.5243,-2988.3334,4756.7294
2026-04-29 04:56:22.815,1984,3976.6148,-2990.4208,4759.4284
2026-04-29 04:56:22.821,1985,3978.7052,-2991.9907,4762.0028
2026-04-29 04:56:22.829,1986,3979.8956,-2993.3780,4763.9029
2026-04-29 04:56:22.833,1987,3982.1272,-2994.4302,4766.1770
2026-04-29 04:56:22.838,1988,3983.2588,-2995.8997,4768.1768
2026-04-29 04:56:22.843,1989,3986.6313,-2996.6344,4772.1518
2026-04-29 04:56:22.850,1990,3989.1037,-2997.0692,4774.9266
2026-04-29 04:56:22.856,1991,3990.6107,-2999.1732,4776.5009
2026-04-29 04:56:22.863,1992,3990.9176,-3002.3119,4777.1254
2026-04-29 04:56:22.869,1993,3993.9315,-3002.7466,4780.1244
2026-04-29 04:56:22.875,1994,3995.7800,-3004.4158,4782.0724
2026-04-29 04:56:22.880,1995,3997.2284,-3005.6848,4784.0205
2026-04-29 04:56:22.885,1996,3999.0767,-3006.9536,4786.3686
2026-04-29 04:56:22.890,1997,4001.8664,-3008.6226,4788.9414
2026-04-29 04:56:22.895,1998,4005.6393,-3008.8399,4793.1889
2026-04-29 04:56:22.900,1999,4007.8874,-3009.7090,4796.3363
2026-04-29 04:56:22.906,2000,4010.0590,-3009.9262,4798.9838
